tree
version=v4
num_class=1
num_tree_per_iteration=1
label_index=0
max_feature_idx=106
objective=regression
feature_names=is_G_ORS is_I_ORS is_S_ORS latest_hs last_wave_step time_since_last_wave_obs has_wave_obs_at_step0 latest_tp latest_hmax latest_wvdir latest_wspd latest_gust latest_wdir latest_airt latest_relh latest_caph sin_wvdir cos_wvdir sin_wdir cos_wdir sin_wind_wave_diff cos_wind_wave_diff hs_energy_proxy hs_steepness_proxy hs_power_proxy hs_mean_1h hs_std_1h hs_min_1h hs_max_1h hs_range_1h hs_diff_1h hs_slope_1h wspd_mean_1h wspd_max_1h wspd_std_1h gust_max_1h caph_diff_1h hs_mean_3h hs_std_3h hs_min_3h hs_max_3h hs_range_3h hs_diff_3h hs_slope_3h wspd_mean_3h wspd_max_3h wspd_std_3h gust_max_3h caph_diff_3h hs_mean_6h hs_std_6h hs_min_6h hs_max_6h hs_range_6h hs_diff_6h hs_slope_6h wspd_mean_6h wspd_max_6h wspd_std_6h gust_max_6h caph_diff_6h hs_mean_12h hs_std_12h hs_min_12h hs_max_12h hs_range_12h hs_diff_12h hs_slope_12h wspd_mean_12h wspd_max_12h wspd_std_12h gust_max_12h caph_diff_12h hs_mean_24h hs_std_24h hs_min_24h hs_max_24h hs_range_24h hs_diff_24h hs_slope_24h wspd_mean_24h wspd_max_24h wspd_std_24h gust_max_24h caph_diff_24h hs_mean_48h hs_std_48h hs_min_48h hs_max_48h hs_range_48h hs_diff_48h hs_slope_48h wspd_mean_48h wspd_max_48h wspd_std_48h gust_max_48h caph_diff_48h wind_forcing_ratio gust_forcing_ratio hs_over_mean_24h hs_over_max_48h wave_obs_count_6h wave_obs_count_24h wave_obs_count_48h wave_missing_ratio_48h high_wave_count_1_5m high_wave_count_2_0m
feature_infos=[0:1] [0:1] [0:1] [1.5:5.4000000000000004] [-1580:0] [0:1580] [0:1] [3.21:19.620000000000001] [0.48999999999999999:8.5999999999999996] [0.02:360] [0:22.960000000000001] [0:28.32] [0:359.89999999999998] [-7.8490000000000002:31.010000000000002] [32.979999999999997:98.900000000000006] [993.47400000000005:1033.402] [-0.99999506520185821:0.99999945168869453] [-0.99999993907651663:1] [-1:0.99999847691328769] [-1:1] [-0.99999986292216425:0.99999925368741438] [-0.99994876378752273:1] [2.25:29.160000000000004] [0.18282899891795079:1.8868990452516805] [8.8950399999999998:285.28560400000003] [0.7350000000000001:5.0500000000000007] [0:1.5052214676474245] [0.17999999999999999:4.7999999999999998] [1.5:5.4000000000000004] [0:3.4199999999999999] [-1.8499999999999999:3.2800000000000002] [-1.9530000000000001:3.2909999999999995] [0.48771428571428582:21.274285714285718] [1.0169999999999999:28.300000000000001] [0:7.4175774539747339] [1.325:30.09] [-2.8410000000000082:3.9279999999999973] [0.50500000000000012:4.8029999999999999] [0:1.4629498358529669] [0.17999999999999999:4.4199999999999999] [1.5:5.4000000000000004] [0:4.2599999999999998] [-2.3399999999999999:4.0100000000000007] [-1.2358181818181813:1.3385454545454554] [1.1317894736842107:20.466315789473686] [2.4510000000000001:28.300000000000001] [0:7.4623237934078421] [2.6459999999999999:30.09] [-4.75:7.9950000000000045] [0.40000000000000002:4.7333333333333334] [0:1.5473378383420062] [0.10000000000000001:4.0899999999999999] [1.5:5.4000000000000004] [0:4.4199999999999999] [-2.2400000000000002:3.7400000000000002] [-0.68999999999999995:0.81600000000000383] [1.7606756756756758:20.397837837837834] [3.552:28.300000000000001] [0:6.9039449798854342] [3.9199999999999999:30.09] [-7.4519999999999982:10.600999999999999] [0.38702702702702702:4.7333333333333334] [0:1.5124039691053994] [0.10000000000000001:4] [1.5:5.4000000000000004] [0:4.4499999999999993] [-2.4199999999999999:3.9499999999999997] [-0.22631578947368422:0.81600000000000383] [1.8577945205479451:19.512222222222224] [3.552:28.300000000000001] [0:6.6925100354202618] [4.3120000000000003:30.09] [-10.658999999999992:14.616999999999962] [0.32616438356164384:4.7333333333333334] [0:1.6478647800512436] [0.080000000000000002:4] [1.5:5.4000000000000004] [0:4.4499999999999993] [-2.6399999999999997:4.1500000000000004] [-0.1258054812834225:0.81600000000000383] [1.8658620689655174:18.643517241379314] [3.552:28.300000000000001] [0.19714630776828287:6.2952550760405082] [3.9420000000000002:30.09] [-16.588999999999942:16.705000000000041] [0.33098591549295769:3.9452307692307693] [0:1.592465061238195] [0.080000000000000002:3.1200000000000001] [1.5:5.4000000000000004] [0:4.4499999999999993] [-3.3800000000000003:4.1600000000000001] [-0.076796328671328754:0.17999999999999997] [3.3685397923875433:17.535121107266434] [5.8419999999999996:28.300000000000001] [0.19714630776828287:6.2176233713431559] [6.0940000000000003:30.09] [-17.100999999999999:16.081999999999994] [0:213.88750726306716] [2.5346632642620457:325.69879888236915] [0.52648243633966718:7.0209780541202038] [0.30583494852415521:0.99999981481484912] [0:19] [0:73] [1:145] [0.4982698961937716:0.9965397923875432] [1:145] [0:145]
tree_sizes=3387 3460 3469 3460 3475 3462 3460 3475 3438 3458 3477 3470 3481 3474 3462 3457 3478 3464 3458 3465 3469 3482 3475 3481 3500 3486 3484 3487 3484 3496 3480 3505 3456 3481 3479 3463 3487 3487 3478 3469 3467 3467 3476 3481 3476 3467 3468 3483 3475 3473 3479 3477 3490 3486 3458 3494 3481 3486 3473 3492 3476 3481 3502 3484 3465 3478 3461 3478 3491 3491 3496 3486 3479 3509 3480 3494 3504 3478 3496 3485 3486 3481 3497 3491 3495 3490 3491 3490 3491 3477 3492 3482 3497 3496 3494 3477 3477 3499 3504 3492 3490 3481 3503 3479 3517 3474 3506 3499 3488 3513 3506 3466 3480 3466 3485 3500 3495 3503 3478 3497 3485 3492 3502 3501 3487 3494 3495 3505 3511 3492 3481 3495 3494 3495 3489 3515 3511 3511 3490 3494 3501 3513 3505 3503 3497 3476 3469 3488 3497 3504 3482 3486 3517 3491 3501 3502 3492 3495 3490 3497 3488 3515 3506 3502 3508 3481 3503 3499 3515 3497 3503 3487 3470 3502 3513 3492 3506 3471 3486 3498 3482 3477 3507 3509 3510 3503 3484 3491 3488 3465 3477 3471 3479 3507 3495 3497 3501 3489 3511 3467

Tree=0
num_leaves=31
num_cat=0
split_feature=97 41 97 89 97 83 55 55 0 21 95 54 68 19 29 98 81 98 98 13 57 98 45 84 14 89 3 57 84 97
split_gain=361.926 93.0502 73.5751 51.5077 41.933 38.9558 28.4676 26.7653 21.1358 19.4677 19.2283 17.558 16.79 14.7703 14.6596 12.9533 12.7344 12.5549 12.2231 12.1953 12.1904 11.0708 10.2959 10.0579 10.0261 9.96116 9.60363 11.5307 9.47685 9.33936
threshold=90.768873776688963 1.9450000000000001 58.467509210811841 2.8250000000000006 110.27313187179264 18.995000000000001 -0.029289473684210473 -0.0020263157894737228 1.0000000180025095e-35 0.56201118005614503 15.005000000000001 -0.37499999999999994 9.4988904109589054 0.77731068755604327 2.0050000000000003 147.02771394681045 10.745000000000003 119.12784493935168 135.76037483579779 7.7150000000000007 15.670000000000002 108.01873391254148 19.335000000000004 -12.356999999999969 94.850000000000009 3.3850000000000007 2.0450000000000004 14.765000000000002 0.92250000000001375 22.704743331590432
decision_type=10 2 8 2 10 10 2 2 2 10 10 2 10 10 2 10 8 10 8 10 10 10 8 2 10 2 2 10 2 10
left_child=1 2 5 8 9 6 16 -5 18 -2 24 21 -6 -9 -3 25 -1 20 -4 -14 -10 -7 -11 -20 28 -13 -12 -28 -8 -26
right_child=4 14 3 7 12 11 10 13 17 22 26 15 19 -15 -16 -17 -18 -19 23 -21 -22 -23 -24 -25 29 -27 27 -29 -30 -31
leaf_value=-0.13254443469787588 -0.13293957176206994 -0.18768296208319477 -0.1586053730733985 -0.15382632381263339 -0.1154389468109408 -0.16168052639777247 -0.15795774022362188 -0.16077408540238836 -0.14876054203611355 -0.14332179711215529 -0.15782269527627726 -0.16540459126130697 -0.128402751787035 -0.17351749054083021 -0.22700170384708657 -0.1474736269403355 -0.15132751744820597 -0.1449457359594567 -0.10718791252395761 -0.1384780831280881 -0.15809457937867838 -0.15093717079721602 -0.15568124612453779 -0.15189550193771106 -0.15090370227426117 -0.17534624636573959 -0.16680064007686257 -0.15551949171769014 -0.14832017080695115 -0.12017791366244496
leaf_weight=34.848032116889954 159.84640818834305 38.257078737020493 286.35991609096527 519.69021809101105 54.923528879880905 266.6632022857666 263.63293862342834 342.41979384422302 703.02116966247559 549.99285471439362 453.0244175195694 538.25058302283287 234.8454338312149 107.57436001300812 10.984705775976179 31.817768454551697 479.16044160723686 668.17313754558563 4.5453954935073844 200.37618467211723 153.40709790587425 127.64985677599907 68.180932402610779 1242.7868845164776 21.59062859416008 109.08949184417725 333.32900285720825 107.9531429708004 140.90726029872894 15.151318311691282
leaf_count=23 107 80 189 748 37 176 180 547 464 363 299 356 155 71 20 21 323 441 3 133 105 85 45 2840 30 72 220 72 93 10
internal_value=-0.152688 -0.15536 -0.155069 -0.15244 -0.137942 -0.158692 -0.156054 -0.158464 -0.150529 -0.142272 -0.158362 -0.163238 -0.131069 -0.16382 -0.196454 -0.166161 -0.150054 -0.148028 -0.153016 -0.133041 -0.150432 -0.158203 -0.144685 -0.151733 -0.153238 -0.16708 -0.160891 -0.164041 -0.154601 -0.138233
internal_weight=8268.45 7000.29 6951.05 4027.98 1268.17 2923.07 1849.6 969.684 3058.29 778.02 1335.59 1073.47 490.145 449.994 49.2418 679.158 514.008 1524.6 1533.69 435.222 856.428 394.313 618.174 1247.33 441.282 647.34 894.307 441.282 404.54 36.7419
internal_count=8308 7468 7368 5408 840 1960 1250 1366 4042 515 904 710 325 618 100 449 346 1010 3032 288 569 261 408 2843 313 428 591 292 273 40
is_linear=0
shrinkage=1


Tree=1
num_leaves=31
num_cat=0
split_feature=97 53 64 54 97 97 86 57 31 97 20 7 95 58 95 84 83 81 9 13 70 86 68 95 56 54 75 79 106 106
split_gain=351.327 87.8497 69.7058 78.3066 37.8061 34.8963 30.9224 26.0397 24.7888 23.0572 20.8157 19.0362 17.8124 15.5275 14.2461 13.9986 13.9104 13.3521 10.7879 10.5475 12.423 10.5191 10.4272 10.3381 10.2859 10.6537 9.91546 9.36695 9.16814 9.04996
threshold=90.768873776688963 2.6750000000000003 2.6350000000000002 -0.20999999999999983 118.33536869332234 57.933457420629317 0.69549950640099467 17.685000000000006 0.62250000000000005 63.146103421868979 -0.8232354508881421 10.285000000000002 21.510000000000002 1.9201771209744736 22.980000000000004 4.7665000000000086 20.360000000000003 19.535000000000004 330.02000000000004 7.7150000000000007 3.7036977195867755 0.42192259853333564 11.570472602739727 24.565000000000001 15.228108108108108 0.060000000000000282 1.3550000000000002 0.037406053313587553 116.50000000000001 114.50000000000001
decision_type=10 2 2 2 10 8 2 8 2 10 8 2 8 10 10 2 10 10 2 10 10 2 10 10 8 2 2 2 2 2
left_child=1 2 5 9 13 11 7 14 18 16 21 -1 -9 24 -5 -8 -4 -18 -3 20 -6 -7 -21 29 -2 -26 -15 -13 -12 -11
right_child=4 8 3 6 19 10 15 12 -10 23 28 27 -14 26 -16 -17 17 -19 -20 22 -22 -23 -24 -25 25 -27 -28 -29 -30 -31
leaf_value=-0.0039311666949980615 0.012152032898509618 -0.039935476375723325 -0.00016537410505082276 -0.0078562120415008509 0.024834641355042934 0.0037248699676237355 -0.010966708320119312 0.010235456627316862 -0.069515857374056272 0.0055177486544739718 0.0014610540916880025 0.0032064398167258911 -0.0036133021678867814 0.02554212117207446 -0.020568890855861988 -0.019245674399864209 -0.011432706555281419 0.00037365807963566608 -0.00016148779771480454 0.026562238516855314 0.045542981135736009 0.014091872835878472 0.010771323412097494 -0.0013893298836815959 0.012088405972434029 -0.00080346798582790432 0.0097731857603121277 0.024226672890232767 0.019370342504140086 0.017265348659096687
leaf_weight=1288.998405367136 541.28084668517113 16.287667185068134 729.91475966572762 560.21999457478523 119.69541466236115 153.02831494808197 694.3091616332531 109.08949184417725 19.696713805198669 235.22421678900719 1638.6150754094124 51.514482259750366 357.57111215591431 104.92287930846214 92.423041701316833 249.99675214290619 243.93622481822968 133.3316011428833 9.8483569025993329 70.832413107156754 33.332900285720825 207.57306087017059 80.301987051963806 137.87699663639069 99.998700857162476 136.36186480522156 54.544745922088623 30.302636623382568 26.136024087667465 78.786855220794678
leaf_count=859 358 40 1093 378 79 101 858 72 34 156 2403 34 653 70 61 165 161 88 14 49 22 137 53 91 66 90 36 20 27 52
internal_value=-0.000115958 -0.0027022 -0.00243187 -0.00532656 0.0146036 0.000655891 -0.00916032 -0.00578724 -0.0441012 -0.000252141 0.00315771 -0.00304049 -0.00037593 0.0116208 -0.0096565 -0.0131585 -0.0025829 -0.00726018 -0.0249482 0.0237935 0.0293454 0.00969243 0.0181721 0.00545851 0.00987206 0.00465079 0.0201485 0.0109917 0.00174222 0.00846528
internal_weight=8305.95 7064.68 7018.85 3622.68 1241.27 3396.17 2063.61 1119.3 45.8327 1559.07 2025.35 1370.82 466.661 937.109 652.643 944.306 1107.18 377.268 26.136 304.163 153.028 360.601 151.134 451.888 777.641 236.361 159.468 81.8171 1664.75 314.011
internal_count=8320 7497 7409 3828 823 3581 2187 1164 88 1641 2668 913 725 620 439 1023 1342 249 54 203 101 238 102 299 514 156 106 54 2430 208
is_linear=0
shrinkage=0.03


Tree=2
num_leaves=31
num_cat=0
split_feature=97 53 97 89 97 81 55 87 90 79 16 22 92 2 58 91 75 13 28 97 55 93 56 84 79 80 89 94 35 54
split_gain=362.461 88.9195 67.426 46.5422 42.3943 30.8668 29.8064 28.4947 26.0366 22.197 21.3375 17.8501 17.2509 16.9844 16.0058 15.8071 15.5019 15.2891 14.4119 13.8722 13.3873 13.1791 12.1634 12.0301 11.7659 10.7049 10.7391 10.7086 9.26689 9.15568
threshold=90.768873776688963 2.6750000000000003 58.467509210811841 2.475000000000001 110.27313187179264 12.055000000000001 0.0011052631578948545 0.51500000000000012 1.4250000000000005 0.046719270640503505 -0.37679017560701761 11.323250000000002 10.762558823529414 1.0000000180025095e-35 1.4498927776778714 0.0167070736891828 0.53500000000000014 1.9595000000000002 2.4550000000000005 46.464203740823983 -0.07734210526315792 18.895000000000003 15.228108108108108 4.4679999999999618 0.035944094779711229 12.341113793103451 1.2750000000000001 4.1338236759263252 17.155000000000005 -0.27000000000000007
decision_type=10 2 8 2 10 10 2 2 2 2 2 2 10 2 10 2 2 8 2 10 2 8 8 2 2 8 2 10 8 2
left_child=1 2 5 13 14 9 21 11 19 -1 12 -3 24 17 22 -11 -15 -4 -18 28 -10 -5 -2 -8 -6 26 -19 -28 -7 -21
right_child=4 7 3 6 10 8 23 -9 20 15 -12 -13 -14 16 -16 -17 18 25 -20 29 -22 -23 -24 -25 -26 -27 27 -29 -30 -31
leaf_value=-0.0023167083191062065 0.010547452303707907 -0.036937876397939898 0.023418411429342933 0.0065464900079325499 0.042205260255442925 -0.0079624177633419325 -0.0061199828996402568 0.00024390171160203577 -0.0026795588246915432 0.045259377433890434 0.015775762458163717 -0.078591798366956234 0.018639583079991841 0.0077719290051726309 0.016942576198963766 0.0090052453354328033 -0.0016445850721594857 -5.391811979440141e-05 -0.015266585600149448 0.0022511679335351291 -0.014303645217236777 -0.0021464360005399121 0.00092912956040470441 -0.015311811626048357 0.02420055048738326 0.001187531687694783 0.0083451582228940106 -0.0038147054777350553 0.0077647321585364686 -0.0045841620797122205
leaf_weight=365.14677131175995 375.75269412994385 20.833062678575516 36.363163948059082 215.52750298380852 81.438335925340652 1040.8955680131912 590.90141415596008 10.605922818183897 107.57436001300812 12.121054649353026 280.29938876628876 16.666450142860413 101.5138326883316 126.89229086041451 230.30003833770752 101.13504973053932 405.29776483774185 225.75464284420013 84.468599587678909 271.58738073706627 521.20534992218018 577.64401063323021 172.72502875328064 163.63423776626587 54.544745922088623 814.00457629561424 769.68697023391724 71.211196064949036 34.848032116889954 503.02376794815063
leaf_count=256 248 55 24 143 56 687 864 10 71 8 185 29 67 329 152 84 734 149 157 180 344 916 114 108 36 1486 508 50 23 335
internal_value=0.00014492 -0.00252319 -0.00224539 0.000254055 0.0147287 -0.0056946 -0.00384489 -0.0431716 -0.00704093 0.00128218 0.0213815 -0.0554507 0.0279975 0.00275791 0.0103054 0.0128853 -0.00157282 0.004151 -0.00399393 -0.00524873 -0.0123149 0.000215682 0.00751848 -0.00811339 0.0349833 0.00377846 0.0057557 0.0073154 -0.00745295 -0.00218762
internal_weight=8383.6 7087.03 7038.92 4081.39 1296.57 2957.54 1547.71 48.1054 2479.13 478.403 517.796 37.4995 237.497 2533.68 778.778 113.256 616.659 1917.02 489.766 1850.35 628.78 793.172 548.478 754.536 135.983 1880.66 1066.65 840.898 1075.74 774.611
internal_count=8408 7550 7456 5468 858 1988 2031 94 1640 348 344 84 159 3437 514 92 1220 2217 891 1225 415 1059 362 972 92 2193 707 558 710 515
is_linear=0
shrinkage=0.03


Tree=3
num_leaves=31
num_cat=0
split_feature=97 64 54 63 97 32 86 57 90 21 93 97 21 83 16 92 13 13 71 95 44 55 83 81 79 14 81 97 51 32
split_gain=330.728 78.1625 80.95 41.9494 38.4414 29.3762 28.597 26.4901 23.2427 23.18 20.1396 19.6518 16.6235 16.0129 15.8551 13.6267 12.8614 12.8002 12.4379 12.2115 12.0507 12.0713 11.9014 14.3386 9.63748 9.11671 8.42132 8.27883 8.11349 8.58527
threshold=90.768873776688963 2.6250000000000004 -0.20999999999999983 0.36500000000000005 110.27313187179264 9.62214285714286 0.68491304933676334 17.685000000000006 2.5350000000000006 0.50686138996327013 20.160000000000004 58.467509210811841 0.58672569239651529 21.570000000000004 -0.26345215628730823 11.632631487889276 4.8865000000000007 25.225000000000005 11.610000000000001 22.980000000000004 12.203684210526317 -0.049421052631578873 20.360000000000003 19.860000000000003 0.063726860422065879 51.315000000000005 19.325000000000003 71.562395387439082 0.74500000000000011 14.06714285714286
decision_type=10 2 2 2 10 8 2 8 2 10 8 10 8 10 2 10 10 10 10 10 8 2 10 10 2 8 10 10 2 8
left_child=1 5 11 8 9 17 7 19 -4 -2 -9 22 20 28 15 16 -6 -1 -19 27 21 -7 -3 -24 -23 -14 -27 -5 -8 -30
right_child=4 2 3 6 14 12 13 10 -10 -11 -12 -13 25 -15 -16 -17 -18 18 -20 -21 -22 24 23 -25 -26 26 -28 -29 29 -31
leaf_value=-0.0050053231089284573 0.020807130872924448 -0.00052515065383015587 -0.022219592089454343 -0.0095993255206965385 0.038862818223627006 0.016434661044242786 -0.055747862267736183 0.0091693078252573969 -0.07034646389206814 0.0075507929715791424 -0.0041449161735623912 0.0041779153007699688 -0.003809722275006637 -0.01771285078958032 0.014907796004665406 0.014414076016636483 0.023497670344739829 0.02105645338202846 0.00013444711330340653 -0.01979087983415536 0.01477217280019124 0.0004154277958852137 -0.011613467125562783 0.0012957646013016572 0.016816079112222986 0.0020444841593841028 0.023479244854224229 -0.00062273623662914741 -0.013093348733727438 -0.006128392123680537
leaf_weight=798.47447502613068 147.72535353899002 730.67232558131218 24.242109298706055 424.99447864294052 81.817118883132935 65.150668740272522 3.4090466201305381 149.99805128574371 14.393752396106718 604.53760063648224 321.20794820785522 573.09861513972282 257.57241129875183 330.29873919487 219.69411551952362 71.211196064949036 122.34689536690712 31.817768454551697 130.30133748054504 86.36251437664032 146.21022170782089 284.84478425979614 230.30003833770752 116.66515100002289 36.363163948059082 1615.5093149840832 16.666450142860413 118.18028283119202 295.82949003577232 345.071274548769
leaf_count=533 99 1140 64 285 54 43 9 99 29 399 626 379 170 218 145 47 83 21 86 57 98 188 152 77 24 2378 11 81 196 623
internal_value=0.000172441 -0.00231502 -0.00528887 -0.00917619 0.0144265 0.000994462 -0.00859958 -0.00528593 -0.0401492 0.010154 9.33738e-05 -0.000310629 0.00275493 -0.0123421 0.0209185 0.0257138 0.0296551 -0.00344489 0.00424064 -0.00931231 0.00743639 0.0046603 -0.00269768 -0.00727281 0.00227211 0.0014356 0.00226336 -0.00764626 -0.00958883 -0.0093433
internal_weight=8394.97 7147.63 3764.72 2113.99 1247.33 3382.91 2075.35 1100.74 38.6359 752.263 471.206 1650.74 2422.32 974.609 495.069 275.375 204.164 960.594 162.119 629.537 532.569 386.359 1077.64 346.965 321.208 1889.75 1632.18 543.175 644.31 640.901
internal_count=8414 7587 4035 2287 827 3552 2194 1148 93 498 725 1748 2912 1046 329 184 137 640 107 423 353 255 1369 229 212 2559 2389 366 828 819
is_linear=0
shrinkage=0.03


Tree=4
num_leaves=31
num_cat=0
split_feature=98 89 63 70 64 55 95 24 10 80 95 10 78 83 20 55 100 98 51 59 90 10 70 18 15 21 14 86 91 45
split_gain=241.49 76.8134 47.1418 41.3666 36.5138 51.4724 28.5077 24.8918 24.5419 22.5248 19.2874 17.8754 18.5187 17.2745 16.7668 16.1718 14.792 14.7226 14.5351 14.1757 13.082 17.9955 12.9554 12.5401 10.7621 10.4842 10.4353 10.1922 9.93344 10.1813
threshold=133.9322060111497 3.1950000000000007 0.46500000000000002 2.9522869397687947 2.6350000000000002 -0.066789473684210454 24.565000000000001 99.475344000000021 9.7750000000000004 10.466413793103451 21.375000000000004 12.555000000000001 1.5850000000000004 19.845000000000002 -0.79542059233321927 -0.060552631578947247 0.71855899926809208 158.94100804604378 0.48500000000000004 16.055000000000003 1.4250000000000005 13.375000000000002 1.99799301461227 0.18763846393194539 1020.2600000000001 0.58672569239651529 51.315000000000005 0.5720449596162277 0.01315292867264997 13.425000000000002
decision_type=10 2 2 10 2 2 10 2 8 10 10 10 2 10 10 2 2 10 2 8 2 10 10 10 10 8 8 2 2 10
left_child=1 4 7 6 8 -6 14 -3 23 11 18 -5 13 -13 17 -4 -8 -2 -7 -20 21 -16 24 -1 -17 -10 -27 -21 29 -28
right_child=3 2 15 9 5 10 16 -9 25 -11 -12 12 -14 -15 20 22 -18 -19 19 27 -22 -23 -24 -25 -26 26 28 -29 -30 -31
leaf_value=-0.0055663179570847121 0.010856874283292598 -0.021212079115793946 -0.0048010298935744922 0.0025853040644110707 0.0019575454032823218 -0.036078074072049542 0.003399637793510614 -0.073361959649209621 0.0069381022226857273 0.0085935921447428051 -0.012225420266739759 0.023433554160731212 0.0068376211374683625 0.043204812754770824 0.0043125860054041044 -0.0072870488307070613 -0.012368826455475627 0.026635138658078948 -0.010076410866579174 0.00067726696899279859 0.00083938824197773813 0.012804596422378751 -0.024451245991881965 0.0011805755818857428 -0.017940653574686327 -0.0060496664995996806 0.0033378965783311208 -0.005636341886181331 -0.00061812069800878434 0.01463194177804897
leaf_weight=684.83958768844604 198.48226988315582 16.666450142860413 290.14774566888809 31.817768454551697 805.29256826639175 13.636186480522154 127.27107381820679 16.28766718506813 389.388880610466 148.48291945457458 492.41784512996674 106.05922818183899 34.848032116889954 63.635536909103394 454.53954935073853 220.0728984773159 92.423041701316833 72.726327896118164 353.02571666240692 391.28279539942741 257.57241129875183 443.93362653255463 84.847382545471191 388.63131469488144 139.39212846755981 151.51318311691284 681.43054106831551 558.7048627436161 606.05273246765137 80.301987051963806
leaf_count=455 131 44 355 21 836 36 84 28 257 98 325 73 23 42 300 404 61 48 233 592 170 293 56 261 92 100 1100 779 1021 53
internal_value=-0.000109238 -0.00298411 -0.0118847 0.00889538 -0.00176363 -0.00435168 0.00682615 -0.0469873 0.000505236 0.0177507 -0.00716019 0.0235033 0.0267572 0.0308478 0.00837469 -0.0103097 -0.00323399 0.0150879 -0.00526583 -0.00494337 0.00679976 0.00850847 -0.0139071 -0.00312372 -0.0114183 0.00254621 0.00142059 -0.00303588 0.00224809 0.00452852
internal_weight=8395.72 6363.93 767.414 2031.79 5596.52 2614.36 1646.95 32.9541 2982.16 384.843 1809.07 236.361 204.543 169.695 1427.25 734.46 219.694 271.209 1316.65 1303.01 1156.05 898.473 444.312 1073.47 359.465 1908.69 1519.3 949.988 1367.79 761.733
internal_count=8371 7027 979 1344 6048 2801 1087 72 3247 257 1965 159 138 115 942 907 145 179 1640 1604 763 593 552 716 496 2531 2274 1371 2174 1153
is_linear=0
shrinkage=0.03


Tree=5
num_leaves=31
num_cat=0
split_feature=97 28 63 97 55 58 3 86 106 19 21 98 82 24 80 47 79 12 98 45 13 14 17 79 92 70 81 98 92 97
split_gain=285 66.5842 51.147 48.0674 36.6724 32.6071 26.1441 24.3133 20.0739 16.0466 16.0018 17.7197 15.6526 15.3639 13.3173 15.8609 12.6376 11.271 10.9729 10.9706 10.9212 10.4444 9.74841 9.55642 9.20936 9.14427 9.055 9.8904 8.93568 8.54988
threshold=90.768873776688963 2.6250000000000004 0.36500000000000005 46.464203740823983 -0.048289473684210417 1.2381432134637318 3.3650000000000007 0.69549950640099467 125.50000000000001 0.77151354329250521 0.58672569239651529 108.90034977739258 0.90269016363488497 49.802688000000011 10.882937931034485 19.835000000000004 0.024784339133654212 71.65000000000002 106.52071932011306 14.725000000000003 27.735000000000003 58.935000000000009 0.55200975137435215 0.050174935209181766 8.5131211072664374 2.5628757510396576 14.445000000000002 107.66377461695232 11.464269896193773 80.498147011467537
decision_type=10 2 2 8 2 10 2 2 2 10 8 10 8 2 10 10 2 10 8 8 10 10 2 2 8 10 8 10 10 10
left_child=1 3 6 12 26 13 23 8 19 18 11 17 -1 -2 15 -7 -17 -5 -9 -6 29 -14 -16 -3 -21 -24 -4 -28 -10 -12
right_child=5 2 4 10 7 14 -8 9 28 -11 20 -13 21 -15 22 16 -18 -19 -20 24 -22 -23 25 -25 -26 -27 27 -29 -30 -31
leaf_value=0.018941070620029823 0.010358643195689526 -0.046959348600931212 0.016927555079776044 0.011457367249505884 -0.0084690996206471872 0.017680232666229395 -0.075302302439203231 -0.015394684711872327 -0.0047183380791931614 -0.019536197428522962 -0.00065945130660362262 0.0099180659870241276 -0.0090434076796500895 -0.0016658093877966694 0.003650339334668243 0.045040215426910876 0.022988619229130237 -0.0014680297670775595 -0.0068268232042731141 -0.010646221556969765 0.009731480155753593 -0.0035063393045580474 0.019777600580640993 -0.0078657184222837382 0.0018868569303322536 0.0073092008798989671 -0.0039787182153809544 0.004159977193731121 -0.017586840143342782 0.0045090875744880016
leaf_weight=23.48454338312149 475.75139498710632 9.0907909870147723 28.78750479221344 74.241459727287292 178.78555607795715 253.40579876303673 13.257403522729872 199.99740171432495 76.892940431833267 193.93687438964844 2324.9697949290276 375.75269412994385 519.69021809101105 119.69541466236115 74.241459727287292 39.393427610397339 57.57500958442688 333.32900285720825 410.97950920462608 60.605273246765137 107.57436001300812 747.71755868196487 175.7552924156189 14.772535353899 407.94924554228783 75.756591558456421 300.37488552927971 243.17865890264511 131.81646931171417 328.78360736370087
leaf_count=17 314 24 19 49 118 171 23 132 152 128 3477 248 343 79 49 26 38 220 575 40 71 498 116 39 492 50 394 162 87 217
internal_value=-1.98777e-05 -0.00236057 -0.0065986 -0.000370696 -0.00601809 0.0130607 -0.0415242 -0.00827474 -0.00475518 -0.0120179 0.00143433 0.00521881 -0.00532709 0.00794151 0.017569 0.0216287 0.0319471 0.000886411 -0.00963143 -0.00214667 0.000360757 -0.00577677 0.0132025 -0.0227585 0.000265764 0.0160221 0.000530825 -0.000337574 -0.0128458 -1.91014e-05
internal_weight=8377.54 7105.97 2270.43 4835.54 2233.3 1271.57 37.1207 1660.96 856.049 804.914 3544.65 783.323 1290.89 595.447 676.128 350.374 96.9684 407.57 610.977 647.34 2761.33 1267.41 325.753 23.8633 468.555 251.512 572.341 543.554 208.709 2653.75
internal_count=8368 7525 2385 5140 2299 843 86 1724 889 835 4282 517 858 393 450 235 64 269 707 650 3765 841 215 63 532 166 575 556 239 3694
is_linear=0
shrinkage=0.03


Tree=6
num_leaves=31
num_cat=0
split_feature=97 41 64 55 97 97 97 2 82 21 16 21 10 95 77 29 16 65 34 95 14 90 45 55 90 57 71 88 63 16
split_gain=274.849 65.6189 55.8132 64.5934 30.4683 25.7189 24.2691 26.4239 18.2271 16.1545 15.659 14.4346 13.835 14.5318 13.1918 12.4536 11.8187 11.5387 11.3878 10.9173 10.5037 9.12118 12.0899 8.94112 8.74342 10.2716 13.2425 10.2691 8.72957 10.7704
threshold=90.768873776688963 1.9450000000000001 2.6250000000000004 -0.065026315789473474 118.33536869332234 46.7133874314274 67.466858798444974 1.0000000180025095e-35 0.90269016363488497 0.56201118005614503 -0.29679158731709177 0.58672569239651529 8.6350000000000033 16.880000000000003 1.1850000000000001 2.0050000000000003 -0.83762334005808936 3.3100000000000009 1.3610420706548771 13.570000000000002 58.380000000000003 1.3750000000000004 17.485000000000003 -0.055500000000000084 2.7950000000000004 17.685000000000006 21.570000000000004 4.0750000000000011 0.7350000000000001 -0.44479150360560321
decision_type=10 2 2 2 10 8 8 2 8 10 2 8 8 8 2 2 2 2 10 10 8 2 10 2 2 10 10 2 2 2
left_child=1 2 5 12 9 8 19 21 -1 -2 -6 14 -4 -14 -7 -3 -9 -18 -15 -5 -13 22 -8 -11 25 27 -27 -21 29 -25
right_child=4 15 3 6 10 11 7 16 -10 23 -12 20 13 18 -16 -17 17 -19 -20 24 -22 -23 -24 28 -26 26 -28 -29 -30 -31
leaf_value=0.022132788908811075 0.017779030680655238 -0.029342366959142826 -0.0074708559774954398 0.0039668430767881169 0.027429560097670148 0.0014124358082696793 -0.00011847399799478568 0.0010495249526389801 -0.0044599002846416359 0.014842592307821601 0.014109280336179879 -0.0025430582445567901 0.012893130272689964 -0.00033002631473252571 0.010774933253355014 -0.066689690438007987 -0.011872615505435127 -0.041722008939702418 0.0084218236782074019 -0.010062887644454364 0.0024377720623774955 -0.0042546291550573994 0.013971719007361799 0.02403821433446127 -0.021861451158544782 0.0036406646755178114 -0.010478858601452277 -0.018312386807399737 0.00457540753565486 0.0059482027014322219
leaf_weight=23.863326340913773 200.75496762990952 37.499512821435928 152.64953199028969 48.105435639619827 165.149369597435 243.93622481822968 325.37456074357033 64.77188578248024 831.04980939626694 143.9375239610672 153.02831494808197 521.20534992218018 103.02896451950073 842.03451517224312 304.54149806499481 10.227139860391615 303.40514919161797 12.121054649353026 159.08884227275848 836.73155376315117 1417.0270451009274 383.70713624358177 65.908234655857086 51.514482259750366 59.090141415596008 103.02896451950073 142.42239212989807 162.11910593509674 454.53954935073853 69.696064233779907
leaf_count=18 134 75 106 49 112 161 499 129 553 95 101 344 68 1017 201 18 555 17 105 556 2220 527 45 34 39 68 94 107 300 46
internal_value=-2.68998e-05 -0.0022862 -0.0020507 -0.00455611 0.0130204 0.000771079 -0.00733896 -0.0041463 -0.00371761 0.010254 0.0210231 0.00231426 0.000994483 0.00216482 0.00661095 -0.0373454 -0.0106231 -0.0130193 0.00106073 -0.0100681 0.00109839 -0.00096805 0.0022549 0.00815492 -0.0105861 -0.0100507 -0.00455215 -0.0114018 0.006483 0.0136365
internal_weight=8391.56 7152.94 7105.21 3763.59 1238.62 3341.62 2506.79 1155.29 854.913 920.443 318.178 2486.71 1256.8 1104.15 548.478 47.7267 380.298 315.526 1001.12 1351.5 1938.23 774.99 391.283 719.688 1303.39 1244.3 245.451 998.851 575.75 121.211
internal_count=8393 7571 7478 3981 822 3497 2685 1772 571 609 213 2926 1296 1190 362 93 701 572 1122 913 2564 1071 544 475 864 825 162 663 380 80
is_linear=0
shrinkage=0.03


Tree=7
num_leaves=31
num_cat=0
split_feature=97 89 51 97 54 97 7 0 24 16 83 32 83 20 100 51 14 54 55 106 91 54 75 54 68 98 63 63 45 56
split_gain=270.062 68.0684 47.3752 46.3085 36.9896 32.0487 20.905 18.0408 18.0225 16.4163 15.4365 15.0269 14.1712 13.5263 12.5118 11.257 11.1093 10.691 9.84718 16.1819 9.04316 8.83057 8.68111 8.67447 8.65642 8.21906 8.14223 7.82264 7.69537 7.41185
threshold=90.768873776688963 2.8050000000000006 0.65500000000000014 60.239002614939217 -0.21000000000000005 113.48047881704021 10.385000000000003 1.0000000180025095e-35 38.260030500000006 -0.32003431175174007 21.570000000000004 8.8117857142857154 20.195000000000004 -0.87283691640148209 0.63781634496971373 1.1950000000000001 57.805000000000007 -0.20999999999999983 -0.013105263157894604 131.50000000000003 0.036890883325460554 -0.33999999999999991 0.83500000000000008 -0.12999999999999998 10.34232876712329 78.609076690510634 2.3250000000000006 0.92500000000000016 18.115000000000006 15.228108108108108
decision_type=10 2 2 8 2 10 2 2 2 2 10 8 8 10 2 2 10 2 2 2 2 2 2 2 10 8 2 2 10 8
left_child=1 3 14 6 11 13 8 15 17 24 25 -4 -13 27 -3 -5 -10 -1 -9 20 26 -15 -8 -17 -7 -6 -20 -2 -12 -23
right_child=5 2 4 7 10 9 22 18 16 -11 28 12 -14 21 -16 23 -18 -19 19 -21 -22 29 -24 -25 -26 -27 -28 -29 -30 -31
leaf_value=0.00091460088921540346 0.027238987566472035 -0.016845573814260047 -0.012727243433816959 0.0049730391216877834 -0.015038770271810654 0.036784386920629332 0.019620390229857662 0.0076937461809727789 -0.014079534539743692 0.013314830267391407 -0.0202557857305442 0.0083884884616998723 -0.0024475948220307677 0.015022764034949891 -0.054876198611925095 0.0019437817381202302 -0.0057158446150100848 -0.0042669683100703681 0.0037032328292882551 -0.017570370647502165 -0.0056062787547798533 0.008072577286672343 0.002477406291047971 -0.003421896091200304 0.022083628515957986 -0.006131316871884198 0.019561237270893189 0.012874670754463755 -0.011260737929199382 0.00045520308504993145
leaf_weight=515.14482259750366 47.726652681827545 11.742271691560743 99.998700857162476 286.73869904875755 115.15001916885376 45.453954935073853 42.423691272735596 506.05403161048889 219.69411551952362 204.54279720783234 172.72502875328064 135.98308184742928 539.765714854002 115.15001916885376 23.105760425329208 406.81289666891098 409.08559441566467 1177.6362157762051 759.45983037352562 34.848032116889954 92.423041701316833 404.54019892215729 71.211196064949036 813.24701038002968 174.24016058444977 489.76636442542076 30.302636623382568 119.69541466236115 169.69476509094238 160.60397410392761
leaf_count=340 33 31 66 640 76 33 28 334 145 135 114 92 714 76 49 798 270 784 505 23 61 267 47 1523 115 768 20 79 112 106
internal_value=-3.38816e-05 -0.00230766 -0.00743095 -0.000628949 -0.00673057 0.0126994 -0.00368613 0.00191205 -0.00430109 0.0194309 -0.0107081 -0.00187322 -0.000267015 0.00933063 -0.0420615 -0.000375716 -0.0086381 -0.00269012 0.00433439 0.00248058 0.00327263 0.00745069 0.00887745 -0.00163278 0.0251252 -0.00782691 0.00431169 0.0169695 -0.0157981 0.00590785
internal_weight=8394.97 7123.01 1757.93 5365.08 1723.08 1271.95 2435.2 2929.89 2321.56 424.237 947.336 775.747 675.749 847.716 34.848 1506.8 628.78 1692.78 1423.09 917.034 882.186 680.294 113.635 1220.06 219.694 604.916 789.762 167.422 342.42 565.144
internal_count=8384 7540 2022 5518 1942 844 1614 3904 1539 283 1070 872 806 561 80 2961 415 1124 943 609 586 449 75 2321 148 844 525 112 226 373
is_linear=0
shrinkage=0.03


Tree=8
num_leaves=31
num_cat=0
split_feature=98 41 83 98 54 98 20 63 16 54 64 14 92 89 0 100 10 70 15 30 35 70 62 76 73 95 90 95 11 70
split_gain=195.131 67.9659 57.7596 32.981 29.1287 27.3643 26.5928 21.6954 23.7889 18.1977 25.7 20.7654 16.2298 15.3507 14.0784 13.9513 16.9569 13.6464 13.1658 12.8259 11.8245 15.1096 10.4045 9.75252 9.6337 9.07448 9.4977 8.89888 9.13539 8.79071
threshold=139.48863430127622 1.885 18.920000000000005 116.48586264635493 -0.20000000000000004 107.66377461695232 -0.8232354508881421 0.7350000000000001 -0.43090488129821536 -0.3299999999999999 2.6350000000000002 71.335000000000022 11.656987889273358 3.3850000000000007 1.0000000180025095e-35 0.7293650800870809 13.915000000000001 1.1175634123543399 1022.5975000000002 1.2000000000000004 18.530000000000005 3.238871909133084 0.4016254510350496 3.6750000000000003 1.7673972602739727 21.710000000000004 0.80999999999999994 24.565000000000001 17.935000000000006 3.238871909133084
decision_type=10 2 10 10 2 10 10 2 2 2 2 8 10 2 2 2 10 8 10 2 10 10 2 2 2 10 2 10 10 10
left_child=1 2 3 9 5 -4 12 8 29 17 11 -11 18 20 -5 16 -9 -1 -2 -3 21 -6 -14 -18 -16 26 -22 28 -17 -8
right_child=6 19 4 14 13 -7 7 15 -10 10 -12 -13 22 -15 24 27 23 -19 -20 -21 25 -23 -24 -25 -26 -27 -28 -29 -30 -31
leaf_value=0.012203716092505874 0.025248004153876926 -0.026249949380434279 -0.0070159059525460084 -0.002123154219203594 -0.011069157677855348 0.0033927903204466173 0.020012929714063432 0.0044405253919819589 0.0065355653257687506 -0.0042347129789377337 -0.0063513825985147283 0.0018801908364569795 0.013503519675263668 -0.016939919261357489 0.0043402094549201261 0.0018884761515449364 0.01966108997797893 0.0011785974881370288 0.010575509076980879 -0.058191912636713881 0.017645708080154515 0.0074179539275851429 -0.0061860259868631523 0.0050540957464339075 0.01223053785981742 -0.0086125055329799392 -0.0013506233273643665 -0.0061012166781067266 0.01041254860482296 0.038606172108985225
leaf_weight=121.21054649353027 168.17963325977325 35.226815074682236 486.7361007630825 159.08884227275848 640.52198162674904 426.50961047410965 66.66580057144165 272.72372961044312 116.66515100002289 802.2623046040535 953.77548772096634 1325.7403522729874 66.66580057144165 196.96713805198669 301.13245144486427 446.96389019489288 154.5434467792511 607.18908134102821 81.817118883132935 16.666450142860413 28.78750479221344 42.423691272735596 37.87829577922821 56.059877753257751 259.08754312992096 130.30133748054504 133.71038410067558 89.392778038978577 151.51318311691284 34.848032116889954
leaf_count=80 114 72 322 105 425 283 44 180 77 531 1546 2078 44 130 201 295 102 1024 54 32 19 28 25 37 171 86 89 59 100 23
internal_value=2.73088e-05 -0.00230959 -0.00204133 -0.000139014 -0.00617204 -0.00215477 0.00896175 0.00709036 0.015776 -0.00125129 -0.00225925 -0.000425143 0.0162953 -0.00930048 0.00575273 0.00547233 0.00937846 0.00301325 0.0204461 -0.0365087 -0.00775836 -0.00992076 0.00636963 0.0157729 0.00798929 -0.00271462 0.00201469 0.00272772 0.00404647 0.0263957
internal_weight=8411.25 6667.34 6615.44 4529.49 2085.96 913.246 1743.92 1389.38 218.179 3810.18 3081.78 2128 354.541 1172.71 719.309 1171.2 483.327 728.4 249.997 51.8933 975.745 682.946 104.544 210.603 560.22 292.799 162.498 687.87 598.477 101.514
internal_count=8376 7222 7118 5736 1382 605 1154 917 144 5259 4155 2609 237 777 477 773 319 1104 168 104 647 453 69 139 372 194 108 454 395 67
is_linear=0
shrinkage=0.03


Tree=9
num_leaves=31
num_cat=0
split_feature=97 89 97 53 97 55 0 87 84 39 16 21 3 7 92 13 37 14 55 55 7 58 14 97 103 39 13 80 85 1
split_gain=222.477 56.1473 39.3661 31.3886 29.5262 24.235 19.7158 19.0956 17.7271 16.3756 16.0278 13.423 13.3611 12.8289 11.5286 12.7718 11.2285 11.158 10.9387 10.2718 10.1744 9.71976 9.6376 9.56699 9.13574 9.50978 8.97452 9.21049 12.4259 8.52397
threshold=90.768873776688963 2.8250000000000006 60.239002614939217 2.6750000000000003 110.27313187179264 -0.048289473684210417 1.0000000180025095e-35 0.51500000000000012 4.7665000000000086 2.1850000000000005 -0.32003431175174007 0.56201118005614503 3.3650000000000007 10.285000000000002 10.762558823529414 8.6250000000000018 1.8140000000000005 51.315000000000005 0.042131578947368499 -0.063578947368420999 9.3950000000000014 1.7962776965197269 56.205000000000005 46.464203740823983 142.50000000000003 1.4150000000000003 2.7035000000000005 12.57554827586207 2.572827586206897 1.0000000180025095e-35
decision_type=10 2 8 2 10 2 2 2 2 2 2 10 2 2 10 8 2 8 2 2 2 10 10 8 2 2 10 10 2 2
left_child=1 2 9 5 11 20 17 12 -7 13 14 -2 -5 19 15 16 -6 -4 26 -1 23 -11 -21 -3 -19 -26 -8 28 -28 -24
right_child=4 3 6 7 10 8 18 -9 -10 21 -12 -13 -14 -15 -16 -17 -18 24 -20 22 -22 -23 29 -25 25 -27 27 -29 -30 -31
leaf_value=0.0018550926789199789 0.01531852559803539 -0.0097578145385916956 -0.0062108423044773455 -0.027640911455307053 0.041974024700932817 -0.0069758048488115449 0.017410127478851352 0.0014246039212745835 -0.01663588420207374 -0.0098200329418066164 0.011964655428650236 0.0057835408888095383 -0.066908738285474931 0.0086864181053993988 0.015574595092735972 0.010209105208609775 0.022494519606653211 -0.015791975800532636 0.0013100086997001065 -0.007102623052644844 0.011585177033171508 0.0003377712510791573 -0.0025397443042548171 -0.00075381677806273179 0.0061325777934337798 -0.00038294491386991152 0.0063906592638890633 0.00043274115455416541 0.022786283147232217 0.011856165164188536
leaf_weight=369.69216680526733 170.07354804873466 137.4982136785984 263.63293862342834 18.939147889614105 59.090141415596008 719.687619805336 63.635536909103394 11.363488733768461 224.23951101303101 448.47902202606201 260.60267496109009 607.5678642988205 13.257403522729872 95.45330536365509 113.63488733768463 27.272372961044312 48.484218597412109 29.923853665590286 621.96161669492722 501.88741907477379 47.726652681827545 104.54409635066986 883.70064052939415 466.66060400009155 255.29971355199814 958.69966617226601 490.90271329879761 215.14872002601624 45.453954935073853 38.635861694812775
leaf_count=244 113 93 174 47 39 928 42 12 148 296 172 401 23 63 75 21 32 79 415 332 36 69 590 608 593 2144 324 142 30 27
internal_value=7.73552e-05 -0.00202283 -0.000543441 -0.00688416 0.0115458 -0.00619832 0.00179215 -0.0320097 -0.00927066 -0.00335934 0.0171625 0.00786888 -0.04381 -0.00203034 0.0226138 0.0285458 0.0331945 -0.00060457 0.00430637 -0.00260057 -0.0017496 -0.00789979 -0.00375715 -0.002803 0.000583605 0.000987246 0.00659263 0.00567664 0.00778012 -0.00193671
internal_weight=8313.15 7026.42 5387.05 1639.37 1286.73 1595.81 2944.66 43.56 943.927 2442.39 509.084 777.641 32.1966 1889.37 248.482 134.847 107.574 1507.56 1437.1 1793.92 651.885 553.023 1424.22 604.159 1243.92 1214 815.141 751.505 536.357 922.337
internal_count=8312 7459 5564 1895 853 1813 3943 82 1076 1621 339 514 70 1256 167 92 71 2990 953 1193 737 365 949 701 2816 2737 538 496 354 617
is_linear=0
shrinkage=0.03


Tree=10
num_leaves=31
num_cat=0
split_feature=97 97 89 55 64 41 56 16 97 18 55 14 45 70 13 84 98 67 65 19 91 21 39 14 51 72 35 70 62 64
split_gain=215.203 54.3734 52.4209 31.1836 34.6954 24.8012 17.4693 16.8685 16.0018 17.8469 14.0004 13.4676 13.3931 13.3532 13.3312 14.6184 11.5412 11.0946 10.6172 10.6059 10.3986 9.81577 8.87821 8.64394 8.65868 8.63897 8.13416 7.8228 7.38101 7.03408
threshold=79.687668224845581 107.22118796460278 3.1950000000000007 -0.00099999999999993085 2.5350000000000006 1.7050000000000003 16.401621621621626 -0.26345215628730823 41.404186400607337 0.60758312756420951 -0.05681578947368416 61.505000000000003 17.750000000000004 3.1035391052031684 27.295000000000005 1.9830000000000612 110.40299240354494 0.017414651493598856 1.4850000000000005 -0.71141275993199449 0.0077473592778730836 1.0000000180025095e-35 1.4350000000000003 96.450000000000017 1.1850000000000003 0.64300000000002921 18.335000000000004 3.3200197879255291 0.22120930914274492 4.0850000000000009
decision_type=10 10 2 2 2 2 8 2 8 10 2 8 10 10 8 2 10 2 2 10 2 10 2 10 2 2 10 10 2 2
left_child=2 6 3 8 14 10 12 13 -1 16 -4 26 -2 25 18 23 -10 -13 -5 -12 -14 -18 -15 24 -16 -3 -6 -19 -11 -7
right_child=1 7 5 4 11 29 -8 -9 9 28 19 17 20 22 15 -17 21 27 -20 -21 -22 -23 -24 -25 -26 -27 -28 -29 -30 -31
leaf_value=-0.0034707110132121536 0.0056251309127495971 0.0078605874780438949 -0.0040529969666054993 -0.0032734334400756344 -0.012949941933998912 -0.024510565913518134 -0.0026685392801137579 0.010931036852728334 -0.00038047464321951113 0.0030370978540873992 -0.0066754658081466037 -0.0092776760214375396 0.026578595644864467 0.039061620619177485 0.0060790888484653386 0.033547286341579614 0.011001543320648798 -0.0029165043258925585 0.010266286712373156 -0.015734319318043758 0.0098446455884042758 0.0023311577490056378 0.02128431007165375 0.028939467613182127 -0.0015467269489418619 0.021140566253103791 -0.0032351551465980518 0.014829764439856192 0.016684968283311258 -0.053556983508288886
leaf_weight=564.00782415270805 1051.1227078735828 65.150668740272522 352.64693370461464 1174.2271691560745 414.00977286696434 19.696713805198673 203.02766537666321 263.63293862342834 1107.5613685846329 54.544745922088623 200.37618467211723 315.90498679876328 48.484218597412109 50.756916344165802 228.02734059095383 13.636186480522154 166.66450142860413 465.14547216892242 54.544745922088623 277.2691251039505 107.57436001300812 398.47967159748077 50.37813338637352 10.605922818183897 324.99577778577805 136.36186480522156 95.45330536365509 23.48454338312149 103.02896451950073 12.121054649353026
leaf_count=373 696 43 412 781 274 40 134 174 1646 36 409 384 32 35 536 9 110 703 36 183 71 263 34 7 669 90 63 17 68 23
internal_value=-2.25433e-05 0.00862649 -0.00270347 -0.00162794 -0.00360422 -0.00958285 0.00547337 0.0164787 0.000947368 0.00230882 -0.00858676 -0.0073131 0.0068427 0.0213113 -0.000905783 0.00285468 0.00139958 -0.00489624 -0.00267241 -0.0119341 0.0150435 0.00488811 0.0302063 0.00211211 0.00159762 0.016847 -0.0111298 -0.00206358 0.0119607 -0.0355759
internal_weight=8352.92 1976.49 6376.43 5514.32 3120.04 862.11 1410.21 566.281 2394.29 1830.28 830.292 1314 1207.18 302.648 1806.04 577.265 1672.71 804.535 1228.77 477.645 156.059 565.144 101.135 563.629 553.023 201.513 509.463 488.63 157.574 31.8178
internal_count=8351 1309 7042 5975 3479 1067 933 376 2496 2123 1004 1441 799 202 2038 1221 2019 1104 817 592 103 373 69 1212 1205 133 337 720 104 63
is_linear=0
shrinkage=0.03


Tree=11
num_leaves=31
num_cat=0
split_feature=97 76 55 54 64 97 63 32 98 95 97 16 24 13 98 92 95 20 49 18 63 106 33 84 79 94 54 7 95 20
split_gain=209.216 54.0233 32.153 28.0829 25.3806 23.5483 22.0698 19.4931 14.6098 21.2789 14.1557 13.7538 13.7449 13.3158 15.8639 11.5875 11.5179 10.8103 10.1321 9.74719 9.05316 9.84511 8.36049 8.34608 8.29032 9.92126 8.03911 7.79821 7.76462 7.4136
threshold=90.768873776688963 3.4950000000000006 -0.062289473684210554 -0.20999999999999983 2.6250000000000004 118.33536869332234 0.46500000000000002 10.802857142857144 106.52071932011306 21.260000000000002 46.7133874314274 -0.3530666443418673 99.475344000000021 -1.7249999999999999 140.80919729335429 9.251328719723185 12.890000000000002 -0.84329764365126436 1.165526315789474 0.23929606636287984 0.70500000000000007 116.50000000000001 17.825000000000003 4.8205000000000391 0.046134302110329498 2.3426770625522169 -0.33999999999999991 7.495000000000001 17.135000000000002 -0.63863351250535483
decision_type=10 2 2 2 2 10 2 8 8 8 10 2 2 8 10 8 8 10 2 10 2 2 10 2 2 10 2 2 10 8
left_child=1 3 22 10 7 17 12 19 -8 -10 -1 -7 -4 -6 18 -11 -9 -2 -15 -5 27 29 -3 -17 -21 -26 -19 -18 -12 -22
right_child=5 2 6 4 13 11 8 16 9 15 28 -13 -14 14 -16 23 20 26 -20 24 21 -23 -24 -25 25 -27 -28 -29 -30 -31
leaf_value=-0.00016040916792174942 0.015678185514283467 -0.0023279252922616708 -0.016153820913243661 -0.0047804555723056519 -0.022937699993556177 0.025511640996837521 -0.012777022832548154 0.024772088716160798 0.0055569258662669374 -0.02800626315217503 0.01193034215585875 0.012857106813819913 -0.061741763876071838 -0.037426715704170159 0.0074961783788274755 -0.0054088448741215185 0.0078737954007569583 0.013600786726584645 -0.0056124017182250605 -0.0010395152077007012 0.0051225322984005577 0.02179856087627902 0.010526510210065249 -0.013953311973092837 0.025733872496532608 0.0019688739467123404 0.0058502863672851898 -0.017114235500860334 0.004537457080531152 -0.00079407245955630289
leaf_weight=537.49301710724831 168.93719917535782 749.232690513134 12.499837607145311 826.88319686055183 37.87829577922821 134.46795001626015 479.16044160723686 20.075496762990952 119.31663170456886 25.757241129875183 168.17963325977325 181.81581974029541 11.363488733768461 9.0907909870147687 86.36251437664032 434.08526962995529 262.87537270784378 148.48291945457458 1006.0475358963013 371.96486455202103 239.39082932472229 19.696713805198669 48.484218597412109 134.84673297405243 24.242109298706055 45.453954935073853 637.87050092220306 11.742271691560743 533.3264045715332 935.21512278914452
leaf_count=846 113 754 33 548 25 91 317 14 99 17 111 120 18 21 57 693 430 98 1165 247 158 16 32 89 16 33 421 28 352 1422
internal_value=-7.05578e-05 -0.00206445 -0.00622775 -0.000431252 -0.00168211 0.0111421 -0.00929604 -0.00012584 -0.00872471 -0.00600526 0.00350296 0.0182372 -0.0378624 -0.00544861 -0.0048472 -0.00832506 0.00220229 0.00879297 -0.00589731 -0.00285856 0.00189383 0.000764478 -0.00154665 -0.00743403 0.000739647 0.010235 0.00731377 0.00680534 0.00630983 0.000411762
internal_weight=8422.24 7150.66 2014.75 5135.92 3896.92 1271.57 1217.03 2757.54 1193.17 714.006 1239 316.284 23.8633 1139.38 1101.5 594.689 1489 955.291 1015.14 1268.54 1468.92 1194.3 797.717 568.932 441.661 69.6961 786.353 274.618 701.506 1174.61
internal_count=8384 7541 2052 5489 4180 843 1266 2912 1215 898 1309 211 51 1268 1243 799 2068 632 1186 844 2054 1596 786 782 296 49 519 458 463 1580
is_linear=0
shrinkage=0.03


Tree=12
num_leaves=31
num_cat=0
split_feature=98 28 51 92 16 98 21 14 12 14 91 10 78 42 93 100 91 83 24 58 82 65 98 57 14 89 39 58 88 76
split_gain=161.741 52.595 32.87 25.7317 24.616 24.5695 24.8223 24.1691 16.3793 17.9169 15.2314 19.8656 15.3829 14.7321 15.3888 14.6073 12.1439 11.0369 10.2614 10.1833 9.56112 18.2799 9.01244 8.57461 8.28994 8.12766 7.84457 7.72454 7.67442 7.30651
threshold=133.9322060111497 2.6250000000000004 0.68500000000000016 11.656987889273358 -0.61352744851262242 108.90034977739258 -1.0000000180025095e-35 60.015000000000008 247.65000000000001 57.095000000000006 0.014796705243268763 14.705000000000002 2.2350000000000008 -0.019999999999999903 18.815000000000001 0.87380527195273039 0.01426541095890412 24.565000000000001 90.164722999999995 0.92621426675262741 1.0797416982070203 0.98000000000000043 84.034969237199306 14.725000000000003 52.050000000000004 2.1050000000000009 1.4350000000000003 1.9051222120211844 3.5750000000000006 2.8550000000000004
decision_type=10 2 2 10 2 8 8 10 10 10 2 10 2 2 10 2 2 10 2 10 10 2 10 8 8 2 2 10 2 2
left_child=1 5 18 4 8 7 -7 22 -2 -10 11 -6 -12 -4 23 19 24 -17 -3 -5 21 -9 -1 -15 -8 -26 -11 -13 -16 -21
right_child=3 2 13 15 10 6 16 20 9 26 12 27 -14 14 28 17 -18 -19 -20 29 -22 -23 -24 -25 25 -27 -28 -29 -30 -31
leaf_value=-0.010728126335926678 0.028536545340593005 -0.019177872745045631 -0.0028478811665932752 -0.00086923722740099097 0.0079190040004252574 0.011372098873239374 -0.0046688416571390896 0.0012641055658720937 0.0015320687956906268 0.033382395662484084 0.0060011849827663385 0.015612146273795221 -0.012437534819425359 -0.011288484980416413 -0.0068794683573055841 0.00055864537997533882 -0.0016898844517362164 -0.019607435956658533 -0.050901450406289017 0.00017421717934825728 -0.00093221390983897379 0.026755308786010921 -0.0043807552891495802 -0.0037829675873892309 0.0061870937306135456 -0.00055213720621474424 0.013934384396986714 0.029727100727623957 -0.016051068307767861 0.0099413070174889945
leaf_weight=291.66287750005722 90.907909870147705 18.939147889614105 817.79240587353706 207.57306087017059 363.63163948059082 220.45168143510818 106.05922818183899 105.30166226625443 71.211196064949036 33.332900285720825 556.05338203907013 92.423041701316833 43.938823103904724 181.81581974029541 121.21054649353027 57.57500958442688 928.39702954888344 42.423691272735596 17.802799016237259 92.423041701316833 1188.242138594389 33.332900285720825 649.99155557155609 555.67459908127785 564.38660711050034 225.37585988640785 42.423691272735596 56.059877753257751 254.54214763641357 271.20859777927399
leaf_count=194 63 50 881 137 240 147 70 74 47 22 367 61 29 120 80 38 1623 28 35 61 785 22 429 846 1007 415 28 37 168 179
internal_value=-2.83525e-07 -0.00237562 -0.00643998 0.00738125 0.00976804 -0.000521373 0.00186358 -0.00267098 0.0185272 0.0123359 0.00789448 0.0116947 0.00465087 -0.00590514 -0.00815102 0.00258071 0.000714507 -0.00799666 -0.0345491 0.00443246 -6.23655e-05 0.00739314 -0.00634676 -0.00563333 0.00320633 0.00426391 0.0224915 0.0209413 -0.0130925 0.00745884
internal_weight=8302.16 6280.98 1967.78 2021.19 1349.98 4313.2 2044.67 2268.53 237.876 146.968 1112.11 512.115 599.992 1931.04 1113.24 671.203 1824.22 99.9987 36.7419 571.205 1326.88 138.635 941.654 737.49 895.822 789.762 75.7566 148.483 375.753 363.632
internal_count=8283 6946 2180 1337 894 4766 3262 1504 160 97 734 338 396 2095 1214 443 3115 66 85 377 881 96 623 966 1492 1422 50 98 248 240
is_linear=0
shrinkage=0.03


Tree=13
num_leaves=31
num_cat=0
split_feature=97 90 97 63 18 97 79 2 8 97 21 19 75 88 24 7 54 80 24 16 83 16 14 55 98 52 15 55 92 39
split_gain=198.122 46.7917 43.1197 31.5047 24.4613 21.4129 19.7975 19.7599 18.4444 17.3528 16.1884 15.1329 14.6281 14.3732 12.7865 11.8958 11.9592 12.8902 10.5809 9.68315 9.4051 9.12261 8.51634 7.32375 7.0096 6.93315 6.86048 6.80263 7.57763 6.18037
threshold=90.768873776688963 2.1650000000000005 46.464203740823983 0.46500000000000002 0.8471206311419951 121.68376010320102 0.043310810810810764 1.0000000180025095e-35 6.3450000000000006 68.794772065116391 0.50686138996327013 0.79531477894905034 0.21500000000000002 2.4050000000000007 25.603364000000003 10.285000000000002 -0.21000000000000005 10.804979310344828 22.854366000000002 -0.94909439586795796 17.080000000000002 -0.29679158731709177 71.735000000000014 0.05886842105263166 134.28339832031955 2.0750000000000006 1014.2245000000001 -0.12644736842105272 9.582145328719724 0.99500000000000011
decision_type=10 2 8 2 10 10 2 2 2 10 10 10 2 2 2 2 2 10 2 2 8 2 10 2 10 2 10 2 10 2
left_child=1 2 4 12 14 10 -6 8 9 15 24 19 -3 25 -1 16 20 29 -15 -5 -4 22 -7 -11 -2 -9 -16 -20 -29 -18
right_child=5 3 7 11 6 21 -8 13 -10 23 -12 -13 -14 18 26 -17 17 -19 27 -21 -22 -23 -24 -25 -26 -27 -28 28 -30 -31
leaf_value=-0.0036983048392430331 0.0067401882163492148 -0.017776454643376745 0.0089095546479559026 0.013995095869591577 -0.00064348206445095815 0.019841227901308114 0.021447101812083182 -0.00030283590730827679 -0.014829130693037141 0.0061787614304911016 0.0069866130555010135 -0.017868970413809551 -0.06345638779129284 -0.0012900182875569166 -0.0041707003509389665 0.014819117215216575 0.014002816159452036 -0.0051839220280040198 0.0014619869998874749 -0.0068763303330658257 0.0010727481141634108 0.012715970695954938 0.037724746219287737 0.0012347757473862341 0.019686413519517609 0.010417379503595961 -0.010883908345323408 -0.0061998720866098802 -0.014430818046783683 -1.5988987323065942e-05
leaf_weight=649.99155557155609 49.999350428581238 11.742271691560747 175.7552924156189 20.833062678575516 185.60364931821823 104.92287930846214 45.453954935073853 191.66417664289474 62.877970993518829 796.95934319496155 799.9896068572998 119.69541466236115 13.636186480522154 347.72275525331497 176.51285833120346 48.484218597412109 29.166287750005722 598.09829035401344 57.953792542219162 503.7813338637352 638.62806683778763 125.75594198703766 31.060202538967133 407.57046258449554 152.27074903249741 75.756591558456421 612.11325979232788 250.75431805849075 168.17963325977325 956.42696842551231
leaf_count=432 33 28 116 49 124 70 33 416 46 526 528 79 30 552 121 32 50 397 93 592 804 83 22 272 102 176 404 635 111 1469
internal_value=-4.91013e-05 -0.00198583 -0.00120512 -0.009535 -0.00535841 0.0108992 0.00370221 0.000237796 0.00128088 0.00155833 0.00890377 -0.00824361 -0.0423209 -0.00330972 -0.00681365 0.000107132 -0.000190315 -0.00170954 -0.00526971 -0.0060475 0.00276404 0.01854 0.023926 0.00450589 0.0164862 0.00273405 -0.00938134 -0.0081715 -0.00950416 0.000398864
internal_weight=8409.36 7145.36 6475.67 669.688 1669.68 1264 231.058 4806 3713.97 3651.09 1002.26 644.31 25.3785 1092.03 1438.62 2446.56 2398.07 1583.69 824.61 524.614 814.383 261.739 135.983 1204.53 202.27 267.421 788.626 476.888 418.934 985.593
internal_count=8425 7587 6809 778 1114 838 157 5695 3712 3666 663 720 58 1983 957 2868 2836 1916 1391 641 920 175 92 798 135 592 525 839 746 1519
is_linear=0
shrinkage=0.03


Tree=14
num_leaves=31
num_cat=0
split_feature=97 89 97 97 51 25 2 58 80 83 54 56 65 16 45 55 3 57 21 13 68 67 95 84 57 54 88 55 70 94
split_gain=195.865 41.8902 35.0007 29.6015 29.1895 19.7153 19.8744 19.4501 16.1074 15.5833 13.8745 12.3859 13.0964 11.2301 10.2286 10.1455 10.1271 10.0492 9.59661 9.5506 10.5295 9.40654 9.37137 9.1858 8.37055 7.75615 9.30233 7.66303 7.46824 7.71263
threshold=81.469689966494855 3.225000000000001 106.0998024355472 46.464203740823983 0.80500000000000016 2.3462500000000008 1.0000000180025095e-35 1.9201771209744736 10.354048275862072 13.545000000000002 -0.30999999999999989 6.8607702702702715 1.0750000000000006 -0.6039733330186684 17.620000000000001 -0.062289473684210554 3.3650000000000007 16.825000000000003 0.60355593965540077 -1.5419999999999998 11.547280821917811 0.09331792318634427 20.520000000000003 4.4679999999999618 18.165000000000003 -0.15999999999999978 3.2950000000000004 0.043394736842105201 2.9522869397687947 3.7865505744104513
decision_type=10 2 10 8 2 2 2 10 10 8 2 8 2 2 10 2 2 8 8 10 10 2 10 2 10 2 2 2 10 10
left_child=1 3 7 9 16 18 14 17 -8 11 -6 -1 -13 28 22 -11 -3 -2 -5 -15 -21 -14 -7 -12 -19 -26 -27 -16 29 -4
right_child=2 4 13 5 10 6 8 -9 -10 15 23 12 21 19 27 -17 -18 24 -20 20 -22 -23 -24 -25 25 26 -28 -29 -30 -31
leaf_value=-0.011822621061884248 0.0065324803316511391 -0.022496300966814677 0.0061136226376166244 0.0046045517856015405 -0.0032761660920505313 -0.00041451104019622347 -0.0042048957034780711 0.015745651012339774 -0.019441150312943505 -0.0014664829968100241 -0.0081601704637569265 -0.0012490867612422786 0.022370210187719015 0.02478654108283123 0.011957814415557981 -0.0079747045041408549 -0.057744495589516255 -0.0043357492939869622 0.0003938114584717787 0.017352593698069047 0.0073516882057613926 0.0033738159387132691 -0.0069410250044416267 -0.017423959241900419 0.012019329687461408 0.010960536738205327 -0.0052197036189782992 -0.00085021626689013813 0.030466775237680252 0.025102305738045293
leaf_weight=57.57500958442688 734.83893811702728 17.045233100652698 36.363163948059082 631.80997359752655 378.02539187669754 600.37098810076714 148.86170241236687 156.43736156821251 107.57436001300812 278.78425693511963 304.54149806499481 180.30068790912628 45.453954935073853 49.999350428581238 83.332250714302063 950.74522405862808 12.87862056493759 173.4825946688652 2127.2450909614563 146.96778762340546 266.6632022857666 48.484218597412109 295.45070707798004 140.90726029872894 78.786855220794678 48.484218597412109 93.938173532485962 84.847382545471191 57.196226626634598 40.908559441566467
leaf_count=38 485 42 24 417 440 823 378 104 71 184 453 125 30 33 55 629 22 116 3072 97 176 32 195 93 52 32 62 56 40 27
internal_value=0.00010425 -0.00236637 0.00862029 -0.0014292 -0.00856092 -8.47263e-05 -0.00309941 0.00583172 -0.0105965 -0.00494206 -0.00750327 0.000827249 0.00348302 0.014616 -0.00129253 -0.00649903 -0.0376664 0.00445866 0.00135805 0.0124021 0.0109051 0.0125656 -0.00256702 -0.0110906 0.00059761 0.00446658 0.000288463 0.00549611 0.0222491 0.0161665
internal_weight=8378.3 6494.23 1884.07 5640.84 853.398 4079.49 1320.44 1285.97 256.436 1561.34 823.474 331.814 274.239 598.098 1064 1229.53 29.9239 1129.53 2759.06 463.63 413.631 93.9382 895.822 445.449 394.692 221.209 142.422 168.18 134.468 77.2717
internal_count=8403 7155 1248 6105 1050 5067 1578 851 449 1038 986 225 187 397 1129 813 64 747 3489 306 273 62 1018 546 262 146 94 111 91 51
is_linear=0
shrinkage=0.03


Tree=15
num_leaves=31
num_cat=0
split_feature=98 53 64 55 68 33 95 21 9 32 90 10 98 79 95 18 82 98 10 15 61 106 16 71 98 21 64 89 16 14
split_gain=132.917 44.4005 36.3913 42.2092 24.0253 20.2881 17.066 16.7633 15.7627 14.3748 13.3441 14.2582 11.8914 11.8044 11.6741 10.2306 10.1314 10.2026 10.0486 9.66076 9.29331 9.11356 10.7611 8.00718 9.7395 12.1429 7.48746 7.40989 7.09494 6.91956
threshold=133.49507134317872 2.6750000000000003 2.6350000000000002 -0.05681578947368416 11.735547945205482 16.975000000000005 21.620000000000001 0.54534876140992905 330.02000000000004 9.2650000000000023 1.1950000000000005 13.515000000000002 81.12751902595646 0.017866993706034746 21.620000000000001 0.23929606636287984 1.4641242665634129 97.008151756712664 10.685 1008.6635000000001 1.7750000000000001 70.500000000000014 -0.69660180374248326 13.240000000000002 109.94449350758173 -0.25206935824311322 3.3950000000000005 2.6950000000000007 -0.8679388639169785 58.135000000000012
decision_type=10 2 2 2 10 10 10 10 2 8 2 10 8 2 10 10 8 8 10 10 2 2 2 8 8 8 2 2 2 10
left_child=1 2 9 16 5 18 12 14 -3 15 11 -9 19 -7 20 -1 -4 -18 -2 26 -6 22 -12 -11 -25 -26 -5 -19 -20 -14
right_child=4 8 3 6 7 13 -8 10 -10 23 21 -13 29 -15 -16 -17 17 27 28 -21 -22 -23 -24 24 25 -27 -28 -29 -30 -31
leaf_value=-0.0056806468072337279 0.00049586215514632083 -0.042810963775523625 0.0072847869352964684 0.010154160137854138 0.028551371122387956 0.040563782568364917 -0.01123218575345562 0.00093273240404778137 -0.0043941518991796932 0.0065514611967791587 0.016768449840505552 0.009543303554859878 -0.0052719652040937159 0.016313871180646665 0.0028935048048120593 0.0012819152066712927 -0.0049867081892906538 0.0046945703164112951 0.026399640074123872 -0.01349856458404681 0.01208790738011869 -0.0079194372623044157 -1.148036837005946e-05 -0.0021662325227767101 0.013748415836344955 0.0016727503839225524 -0.0078309024672062258 -0.0016219304810230156 0.010477350376333822 -0.0003378650465244976
leaf_weight=502.64498499035835 90.907909870147705 32.575334370136261 163.63423776626587 30.302636623382568 39.393427610397339 30.68141958117485 560.59877753257751 310.60202538967133 13.636186480522154 261.36024087667465 37.87829577922821 390.90401244163513 796.20177727937698 43.938823103904724 99.998700857162476 305.29906398057938 340.90466201305389 319.31403341889381 26.893590003252029 230.30003833770752 142.42239212989807 118.18028283119202 374.23756229877472 616.65865528583527 79.544421136379242 1296.1952815651894 66.66580057144165 350.75301891565323 396.96453976631165 376.88904300332069
leaf_count=334 60 68 108 20 26 21 370 205 21 174 25 258 1436 29 66 206 225 444 20 152 94 78 247 407 54 2201 44 527 262 272
internal_value=-9.03477e-06 -0.00217589 -0.00196088 -0.00417934 0.00652705 0.0116656 -0.00676613 0.00452614 -0.0314749 0.000383546 0.00301604 0.00573085 -0.00509742 0.0262846 0.0111267 -0.00304969 0.000359434 -0.000761492 0.00954646 -0.010154 0.015655 -0.000575259 0.00153079 0.00161432 0.000966672 0.00237096 -0.00221057 0.00138814 0.0114876 -0.00368674
internal_weight=8446.48 6343.48 6297.27 3235.56 2103 589.386 2060.96 1513.62 46.2115 3061.7 1231.8 701.506 1500.36 74.6202 281.815 807.944 1174.61 1010.97 514.766 327.268 181.816 530.296 412.116 2253.76 1992.4 1375.74 96.9684 670.067 423.858 1173.09
internal_count=8454 7063 6974 3598 1391 392 2294 999 89 3376 813 463 1924 50 186 540 1304 1196 342 216 120 350 272 2836 2662 2255 64 971 282 1708
is_linear=0
shrinkage=0.03


Tree=16
num_leaves=31
num_cat=0
split_feature=97 89 97 51 55 64 83 58 57 98 92 66 54 71 16 70 27 51 19 32 62 54 21 65 85 69 97 21 15 39
split_gain=168.14 43.066 34.6867 28.1917 27.3724 27.5538 15.2183 14.8977 14.5735 14.2295 13.7328 12.5254 12.525 12.238 11.7258 12.1668 10.6848 10.5536 10.4111 10.3708 8.8843 9.12587 8.87954 8.43583 8.05386 7.87751 7.83271 7.6617 7.53902 7.49008
threshold=82.240695522134487 3.225000000000001 110.27313187179264 0.80500000000000016 -0.045657894736842043 2.5350000000000006 16.960000000000004 1.4498927776778714 17.685000000000006 97.008151756712664 12.679826989619379 2.5950000000000006 -0.27999999999999986 21.510000000000002 -0.5549170249155323 3.1035391052031684 2.5250000000000004 0.41500000000000004 -0.67365745054674842 10.766428571428573 0.51816449518228291 0.044999999999999936 -0.15393439621244762 1.5750000000000006 1.1941005984611002 12.795000000000002 46.464203740823983 0.76626875997698607 1026.0170000000003 1.4150000000000003
decision_type=10 2 10 2 2 2 8 10 8 8 10 2 2 8 2 10 2 2 10 8 2 2 8 2 2 10 10 8 10 2
left_child=1 4 7 11 6 19 -1 16 10 -8 26 -3 23 -10 15 24 -2 -15 -14 25 21 -9 -11 -5 -4 -6 -7 -21 -28 -29
right_child=2 3 14 12 5 8 9 20 13 22 -12 -13 18 17 -16 -17 -18 -19 -20 27 -22 -23 -24 -25 -26 -27 28 29 -30 -31
leaf_value=0.0076007834664871387 0.0053556344974763125 -0.022348122686342734 0.023393596436714351 0.00074509873587223221 -0.00054698883848707262 -0.0089264310607117866 -0.0054114265185746238 0.014765443423266621 0.005271977442347457 0.0094081276501765052 -0.013453871306244388 -0.060715249916069004 -0.0053076707082378794 -0.030920767881553474 0.012074000302859312 0.032906447370352178 -0.0019880227970524452 -0.0034354700287827548 -0.014415697664357375 0.0065708084646105809 0.02021755699814792 0.003887285223498124 0.0010666901807599252 -0.0081509578597745418 0.0031003947667505357 -0.0055100199053041768 -0.0021384505071142283 0.004354939378872204 -0.016607060211045334 -0.0014395868863140882
leaf_weight=359.08624398708344 733.32380628585815 23.48454338312149 39.393427610397339 209.08819270133972 818.54997178912163 366.66190314292908 275.75399327278137 118.18028283119202 163.63423776626587 137.87699663639069 260.60267496109009 11.363488733768461 192.80052551627159 12.87862056493759 368.17703497409821 57.196226626634598 235.60299974679947 529.91735795140266 272.72372961044312 228.02734059095383 71.211196064949036 168.17963325977325 687.8698513507843 177.27042424678802 31.817768454551697 443.93362653255463 463.6303403377533 296.20827299356461 34.848032116889954 623.09796556830406
leaf_count=237 484 59 26 252 547 242 182 78 108 91 172 18 365 34 243 40 157 1087 180 152 47 111 1036 195 21 293 312 629 23 1021
internal_value=-3.01194e-05 -0.00226102 0.0080332 -0.00841149 -0.00130464 -0.00252425 0.00223747 0.00550132 -0.00529717 0.000489047 -0.00741668 -0.0348591 -0.0073296 -0.00191959 0.0147965 0.0226025 0.00356996 -0.0040876 -0.0106435 -0.00041602 0.0107348 0.00837668 0.00245948 -0.00333662 0.0143264 -0.00229217 -0.00559812 0.00164842 -0.00314993 0.000427459
internal_weight=8412.39 6589.31 1823.08 886.731 5702.58 4241.99 1460.59 1326.5 1832.17 1101.5 1125.74 34.848 851.883 706.43 496.584 128.407 968.927 542.796 465.524 2409.82 357.571 286.36 825.747 386.359 71.2112 1262.48 865.14 1147.33 498.478 919.306
internal_count=8442 7235 1207 1069 6166 4620 1546 877 1978 1309 749 77 992 1229 330 87 641 1121 545 2642 236 189 1127 447 47 840 577 1802 335 1650
is_linear=0
shrinkage=0.03


Tree=17
num_leaves=31
num_cat=0
split_feature=97 97 89 55 64 21 63 81 95 34 57 32 100 54 51 43 82 97 65 97 39 70 90 21 18 98 95 71 77 21
split_gain=155.864 36.4645 36.3166 28.6181 29.9026 16.1999 15.2534 14.6197 12.598 12.5278 12.2101 11.6753 10.9006 10.7636 12.4816 10.1838 9.90092 9.8042 8.97821 8.92713 8.67436 12.7924 8.16829 8.10711 7.8003 7.43396 7.31943 7.18189 10.643 9.37961
threshold=80.112875341114162 106.0998024355472 3.3850000000000007 -0.045657894736842043 2.5150000000000001 0.50686138996327013 0.6150000000000001 14.670000000000002 22.980000000000004 1.480728577096035 17.685000000000006 9.62214285714286 0.80098255566830845 0.19000000000000009 2.5150000000000001 -0.1122727272727269 1.8048905317790858 46.15258620670842 1.7150000000000005 46.464203740823983 1.4550000000000003 3.7036977195867755 1.2250000000000003 0.88813644881354492 -0.4615163767633903 160.59546291049577 13.710000000000003 13.240000000000002 1.5150000000000003 0.62032672018408885
decision_type=10 10 2 2 2 10 2 8 10 10 10 8 2 2 2 2 10 8 2 8 2 10 2 10 10 10 10 8 2 10
left_child=2 5 3 7 11 25 12 -1 10 17 19 -5 -4 -7 -15 -8 -10 -9 -18 26 21 23 -12 -3 -22 -2 -6 28 -13 -29
right_child=1 20 6 4 8 13 15 9 16 -11 22 27 -14 14 -16 -17 18 -19 -20 -21 24 -23 -24 -25 -26 -27 -28 29 -30 -31
leaf_value=0.008163954275325 0.0090770744327049735 0.024042562167197176 -0.016358554764090261 -0.0034427861765412245 0.0050078839283775401 0.0059841555135416204 -0.0028306407616633471 -0.0053459351530324708 -0.019957279188994887 0.010204175235137674 0.01039419552758975 0.0034032344862602749 -0.05553540108180164 0.001290629834545836 -0.015965334747494949 -0.011041064553032625 -0.005201441338755928 0.0012835308765182598 -0.022850028608723615 -0.0039435548785242552 0.0148661423872274 0.031198893165111798 -0.0019854718611977806 0.0086032069779102931 0.0065099422615921779 0.023276250118313777 -0.010310175456998735 0.0024471932858794419 0.022769391581287327 -0.0025020039292676295
leaf_weight=289.39017975330353 267.79955115914345 46.969086766242981 17.045233100652698 789.76246699690819 30.302636623382568 537.87180006504059 211.7396734058857 265.14807045459747 83.332250714302063 112.1197555065155 72.726327896118164 162.49788889288902 10.227139860391615 484.84218597412109 40.908559441566467 379.91930666565895 180.30068790912628 826.88319686055183 30.302636623382568 1008.6990166008472 227.26977467536926 54.544745922088623 140.90726029872894 87.877646207809448 180.30068790912628 37.87829577922821 381.81322145462036 783.70193967223167 30.302636623382568 615.14352345466614
leaf_count=191 179 31 42 528 20 355 232 175 55 74 48 108 21 320 27 451 119 1163 20 1496 150 39 93 58 119 25 252 1547 20 406
internal_value=5.67252e-05 0.00744724 -0.00220598 -0.00146925 -0.00270942 0.00474976 -0.0091139 0.00210943 -0.00548637 0.000654366 -0.00445808 -0.000460741 -0.0310499 0.00300045 -5.20533e-05 -0.00810276 -0.0112042 -0.000326121 -0.00774081 -0.00546353 0.0136347 0.0189397 0.00222888 0.013981 0.0111695 0.0108366 -0.00918385 0.00101893 0.00644703 0.000270779
internal_weight=8388.53 1966.26 6422.27 5803.33 4309.79 1369.3 618.931 1493.54 1928.38 1204.15 1634.45 2381.41 27.2724 1063.62 525.751 591.659 293.936 1092.03 210.603 1420.81 596.962 189.391 213.634 134.847 407.57 305.678 412.116 1591.65 192.801 1398.85
internal_count=8364 1303 7061 6315 4712 906 746 1603 2103 1412 1909 2609 63 702 347 683 194 1338 139 1768 397 128 141 89 269 204 272 2081 128 1953
is_linear=0
shrinkage=0.03


Tree=18
num_leaves=31
num_cat=0
split_feature=97 41 97 95 55 55 91 21 10 95 14 56 68 13 76 92 66 106 14 54 95 96 17 87 63 13 57 15 19 39
split_gain=147.348 37.7884 30.7111 25.6627 22.2824 18.4924 18.2553 16.079 13.8329 13.2803 11.8038 11.3156 9.87734 9.45527 9.01607 8.59921 9.36905 8.10514 7.85618 7.7956 8.65711 7.3614 7.09709 7.0407 6.34161 6.31935 9.4927 9.22408 8.04669 7.53204
threshold=79.687668224845581 1.7050000000000003 106.0998024355472 21.710000000000004 0.036578947368421266 -0.029289473684210473 0.039509152102031188 0.50686138996327013 2.3525000000000005 16.880000000000003 56.585000000000008 16.401621621621626 9.4182945205479474 3.5530000000000004 3.4950000000000006 13.434897923875434 0.18000000000000008 12.500000000000002 52.050000000000004 -0.43999999999999978 22.545000000000005 4.5555000000000527 -0.11996356085423947 1.385 0.7350000000000001 7.9675000000000002 16.785000000000004 1022.9465000000001 0.63074352545282952 2.3050000000000002
decision_type=10 2 10 10 2 2 2 10 8 8 8 8 10 8 2 10 2 2 10 2 10 2 2 2 2 10 8 10 10 2
left_child=1 3 7 5 19 9 10 -2 -3 -1 -7 18 -4 -11 -15 16 -12 -10 -9 20 -5 22 -18 24 -20 27 -27 28 -14 -30
right_child=2 8 12 4 -6 6 -8 11 17 13 15 -13 25 14 -16 -17 21 -19 23 -21 -22 -23 -24 -25 -26 26 -28 -29 29 -31
leaf_value=0.0065979653679164568 0.010489405934737947 -0.057255313256608938 0.025135462268918753 -0.007344836681568101 -0.012799391955541755 -0.0046453157995840488 -0.0069784045271558707 -0.00050702642764405422 -0.0070370742319302649 0.0077783379545472049 -0.0031462353862961798 -0.0038115581047691591 0.023387519323823561 0.0011306160099237941 -0.0045465867550030618 0.013421973860219474 -0.0012897860826734536 -0.031862412643361003 0.013541935667413357 -0.005975274379705583 0.0030075437940400881 -0.0076610222149730896 0.0032412790328577952 0.015199525639015185 0.0038269137933004283 0.013240260266162233 0.00067865709845575726 0.004594387316662083 0.015857712128082169 0.0002296006597179439
leaf_weight=368.17703497409821 328.78360736370087 10.605922818183897 52.650831133127213 103.02896451950073 316.66255271434784 712.49074360728264 614.00717458128929 227.26977467536926 23.863326340913773 130.30133748054504 759.8386133313179 186.3612152338028 99.998700857162476 758.32348150014877 376.88904300332069 40.908559441566467 499.6147213280201 23.48454338312149 68.180932402610779 462.11520850658417 246.96648848056793 83.332250714302063 824.61049911379814 66.66580057144165 534.84153640270233 119.69541466236115 98.862351983785629 72.726327896118164 136.36186480522156 34.848032116889954
leaf_count=249 220 7 37 68 209 471 724 150 48 86 953 123 66 1084 578 27 650 62 45 305 163 55 1319 44 353 79 66 48 90 23
internal_value=7.32234e-05 -0.00217322 0.00711562 -0.0019513 -0.00604933 -0.00105631 -0.00227625 0.00467853 -0.0262873 0.00158326 -0.00128777 0.00291495 0.0127101 0.00012433 -0.000754208 -0.000204488 -0.000461681 -0.0193504 0.00431252 -0.00341731 -3.99102e-05 0.000987517 0.00153176 0.00594811 0.00492535 0.0115471 0.00755815 0.0140819 0.016626 0.0126768
internal_weight=8382.47 6355.22 2027.25 6297.27 1128.77 5168.49 3534.8 1412.1 57.9538 1633.69 2920.8 1083.32 615.144 1265.51 1135.21 2208.3 2167.4 47.3479 896.958 812.111 349.995 1407.56 1324.23 669.688 603.022 562.493 218.558 343.935 271.209 171.21
internal_count=8402 7058 1344 6941 745 6196 4199 935 117 1997 3475 715 409 1748 1662 3004 2977 110 592 536 231 2024 1969 442 398 372 145 227 179 113
is_linear=0
shrinkage=0.03


Tree=19
num_leaves=31
num_cat=0
split_feature=97 41 83 97 54 58 97 33 54 98 14 63 82 64 31 84 18 0 82 92 78 81 76 84 59 75 81 21 41 89
split_gain=136.106 38.2595 31.1049 26.3889 20.8822 17.4557 17.4219 14.5043 14.3746 17.4282 13.7702 11.0768 11.5227 10.4469 9.78159 9.44632 8.81578 8.63627 8.17554 8.06223 7.93303 7.61172 7.11797 7.05788 6.69948 6.63488 6.57421 6.40105 6.26249 6.21193
threshold=82.240695522134487 1.9450000000000001 20.360000000000003 110.27313187179264 -0.21999999999999983 1.9051222120211844 55.393225688275692 10.115 0.13000000000000025 110.72568012539638 62.105000000000011 1.5250000000000001 0.85813145083876152 2.6350000000000002 0.73500000000000065 5.319499999999949 -0.4615163767633903 1.0000000180025095e-35 3.5582165374696859 10.795512110726646 1.7750000000000006 18.025000000000002 3.3450000000000002 2.3820000000000054 24.565000000000001 0.70500000000000007 19.860000000000003 -0.45476784894324823 0.53000000000000003 1.8450000000000004
decision_type=10 2 10 10 2 10 8 10 2 10 10 2 8 2 2 2 10 2 10 10 2 10 2 2 8 2 10 10 2 2
left_child=1 2 4 5 7 15 10 29 9 26 -6 12 -12 18 -3 24 19 -11 28 25 -17 -15 -10 -21 -2 -5 -4 -9 -8 -1
right_child=3 14 8 16 6 -7 13 27 22 17 11 -13 -14 21 -16 20 -18 -19 -20 23 -22 -23 -24 -25 -26 -27 -28 -29 -30 -31
leaf_value=0.0043492998160898043 0.0050977016860490514 -0.015876760849284809 -0.0098123979417057 0.015376576346068281 -0.0078799091562764909 0.013653437512557582 -0.00035422734801599936 0.014575320318779492 -0.003680962648957608 -0.003609719389384231 0.019922865352201499 -0.0058717942216659023 -5.365504131984809e-05 -0.0041630160364879779 -0.042973657317137648 0.00020561310387546015 0.0087750751610857266 0.0046782937856456597 0.012532206969341901 0.005361877444376887 -0.016931847044039387 0.0078157906460271931 -0.012256327251286931 0.019514795691400404 -0.0077624258694852892 0.028301402951401763 -0.0028158066360156014 0.0045868093053965837 0.0042681105624703397 -0.0022142290193608301
leaf_weight=171.58867987990379 972.33585265278816 25.378458172082901 343.93492567539215 74.241459727287292 614.76474049687386 180.67947086691856 1148.8487109839916 63.635536909103394 116.66515100002289 219.69411551952362 27.651155918836594 361.35894173383713 431.8125718832016 651.8854703605175 22.726977467536926 103.02896451950073 236.36056566238403 233.33030200004578 54.544745922088623 75.756591558456421 31.817768454551697 51.514482259750366 343.93492567539215 54.544745922088623 37.87829577922821 68.938498318195343 186.3612152338028 623.47674852609634 342.41979384422302 532.56883865594864
leaf_count=246 644 58 227 49 408 120 1527 42 77 145 19 249 294 1232 42 68 156 154 36 50 21 34 227 36 25 47 123 413 589 1031
internal_value=-3.95512e-06 -0.00202229 -0.00182561 0.00721806 -0.000720467 0.0049874 -0.00190281 0.00241099 -0.00571074 -0.00366211 -0.00448485 -0.00194208 0.00114856 -0.000254794 -0.0286784 0.00361998 0.0130184 0.000659023 0.00112439 0.0166858 -0.00383806 -0.00328573 -0.0100843 0.0112864 0.00461551 0.0215996 -0.0073536 0.00551188 0.000707138 -0.000614832
internal_weight=8403.68 6568.1 6519.99 1835.58 5076.07 1325.74 3684.8 1391.27 1443.92 983.321 1435.59 820.823 459.464 2249.21 48.1054 1145.06 509.842 453.024 1545.81 273.481 134.847 703.4 460.6 130.301 1010.21 143.18 530.296 687.112 1491.27 704.158
internal_count=8389 7173 7073 1216 6120 878 4388 1732 953 649 970 562 313 3418 100 758 338 299 2152 182 89 1266 304 86 669 96 350 455 2116 1277
is_linear=0
shrinkage=0.03


Tree=20
num_leaves=31
num_cat=0
split_feature=97 90 51 58 97 83 14 19 54 55 80 45 33 24 83 79 13 70 105 73 47 14 15 72 98 98 15 30 27 35
split_gain=122.401 34.4988 25.3718 24.315 23.9978 13.7749 12.0696 11.6043 11.5832 11.2333 10.8106 15.035 10.5315 10.5067 9.54864 12.2248 9.23925 9.03053 8.99867 8.81885 8.97765 7.62481 7.54805 7.49438 7.32532 6.79902 6.78554 6.78288 6.45088 8.99147
threshold=81.147613515213109 2.2450000000000006 0.70500000000000007 1.2988473893191326 42.334740713271074 20.360000000000003 62.315000000000005 0.66333868616842395 -0.26999999999999985 0.03534210526315789 10.882937931034485 17.275000000000002 10.235000000000001 49.802688000000011 13.380000000000001 0.046134302110329498 6.9115000000000011 2.4354999674600832 43.500000000000007 1.0543150684931508 19.495000000000001 51.565000000000005 1001.8940000000001 6.448500000000025 47.529130829982577 113.57816159818017 1018.3760000000001 0.73999999999999999 2.8750000000000004 19.330000000000002
decision_type=10 2 2 10 8 10 10 10 2 2 10 10 10 2 8 2 10 10 2 2 10 10 10 2 10 10 10 2 2 10
left_child=1 4 -3 13 6 8 24 -4 12 25 11 21 -6 -2 15 -10 -13 -11 -15 27 23 -5 -8 -21 -1 -7 -12 -16 29 -28
right_child=3 2 7 10 5 9 22 -9 14 17 26 16 -14 18 19 -17 -18 -19 -20 20 -22 -23 -24 -25 -26 -27 28 -29 -30 -31
leaf_value=-0.018774825135697604 0.0053899535898693134 -0.044691137187116044 -0.0059077341270707623 -0.0024291342495076284 -0.00016474604731364027 -0.0046131613322616741 0.0066009972629834136 -0.01743233228096536 0.0012647659256988983 -0.011475141684346764 0.0034403132419446804 0.030340620478489368 0.0062930974809933911 -0.016103915921048175 0.004506399887905849 0.017633177915612048 0.013049062441715165 0.0032507131183404491 0.00058747026430508464 -0.0020530037416753451 0.011789212575249453 0.012327217703211503 -0.003304030089090043 0.01911941225571008 -0.0069609658603717473 0.001433410474257922 0.008550404252997695 -0.020328522285859643 0.0029419297584640934 0.023082875616719588
leaf_weight=51.514482259750366 798.47447502613068 17.802799016237259 390.14644652605057 36.363163948059082 409.84316033124924 328.78360736370087 77.271723389625549 98.483569025993347 150.75561720132828 213.63358819484711 210.60332453250885 68.180932402610779 510.22064414620399 33.332900285720825 307.19297876954079 56.438660711050034 46.969086766242981 45.453954935073853 227.26977467536926 2176.486875474453 43.938823103904724 236.36056566238403 666.27922275662422 15.151318311691282 568.93200260400772 340.90466201305389 99.998700857162476 10.227139860391615 65.150668740272522 62.120405077934265
leaf_count=34 527 38 535 24 938 217 51 65 101 141 139 45 339 22 562 38 34 30 150 2929 29 159 448 10 377 225 66 24 43 41
internal_value=-3.71125e-05 -0.00199445 -0.00951223 0.00669161 -0.00135704 -0.000322583 -0.00485252 -0.00823052 0.000501323 -0.0035873 0.0105505 0.0141976 0.00341645 0.00368289 -0.000470385 0.00572344 0.0232875 -0.00889166 -0.00154747 -0.000973058 -0.00163745 0.0103597 -0.00227467 -0.00190663 -0.00794185 -0.00153516 0.00731983 0.00370623 0.0109149 0.0141189
internal_weight=8364.29 6479.46 506.433 1884.82 5973.03 4609.03 1364 488.63 3680.26 928.776 825.747 387.874 920.064 1059.08 2760.19 207.194 115.15 259.088 260.603 2553 2235.58 272.724 743.551 2191.64 620.446 669.688 437.873 317.42 227.27 162.119
internal_count=8381 7131 638 1250 6493 5583 910 600 4970 613 551 262 1277 699 3693 139 79 171 172 3554 2968 183 499 2939 411 442 289 586 150 107
is_linear=0
shrinkage=0.03


Tree=21
num_leaves=31
num_cat=0
split_feature=97 90 97 39 58 15 64 54 2 19 94 96 88 92 13 105 64 56 70 96 13 34 86 35 35 3 97 103 21 19
split_gain=124.726 34.1878 28.9366 22.8442 16.1678 15.7207 14.978 20.5028 15.1354 14.7448 12.4825 10.827 11.3455 9.79341 8.73861 8.46047 8.36713 8.36502 8.77969 8.22767 7.60557 7.32498 7.10537 7.91442 7.09316 6.99191 6.63379 6.57372 7.24883 6.52914
threshold=90.768873776688963 2.225000000000001 46.7133874314274 0.99500000000000011 1.9201771209744736 1001.8940000000001 2.3850000000000002 -0.49499999999999994 1.0000000180025095e-35 0.77151354329250521 2.9460820419382889 -0.83550000000002445 2.6050000000000004 12.154844290657442 7.7150000000000007 15.500000000000002 2.1950000000000007 15.178378378378381 1.4380487365520958 11.45750000000004 1.8060000000000003 1.0000000180025095e-35 0.60643561197000306 16.285000000000004 15.875000000000002 3.6650000000000005 86.119053137080343 120.50000000000001 0.70171751849711639 0.56813100463620236
decision_type=10 2 8 2 10 10 2 2 2 10 10 2 2 10 10 2 2 8 10 2 10 10 2 10 10 2 10 2 10 8
left_child=1 2 5 -3 17 -1 16 29 13 26 -6 12 -12 22 -7 -10 -4 18 -2 25 -20 -16 23 -9 -17 27 -5 -15 -29 -8
right_child=4 3 6 9 10 14 7 8 15 -11 11 -13 -14 19 21 24 -18 -19 20 -21 -22 -23 -24 -25 -26 -27 -28 28 -30 -31
leaf_value=0.0081821559584345973 0.0045732597806198375 -0.04406301044856907 0.0011626131963058063 -0.0061544103797692169 0.0077201129802712976 -0.0072946219486437281 0.0064876880980103578 0.00013368825773004997 0.010115630763775998 -0.017916311717752407 0.024535573460591563 0.028547064139526054 0.0037845564344763348 0.0084219448732349017 0.029000890043530465 -0.0059876686991119001 0.0057164540852891231 0.0023866799339155157 0.022338497027683979 0.0099399794586574157 0.0098417932550220535 -0.0031168700569178111 -0.0023865455840768857 0.007359236475100975 -0.014540879460309445 -0.014824966884391434 0.0095294226744961179 -0.010212892722991232 -0.0017825316967558398 0.00085700893303917167
leaf_weight=86.36251437664032 293.93557524681091 15.908884227275847 1417.0270451009274 420.82786610722542 130.30133748054504 760.59617924690247 307.95054468512535 466.66060400009155 23.105760425329208 101.5138326883316 43.938823103904724 75.377808600664139 51.514482259750366 33.332900285720825 6.4393102824687949 293.17800933122635 488.25123259425163 280.29938876628876 49.999350428581238 31.817768454551697 355.29841440916061 849.23139137029648 543.55354443192482 192.80052551627159 124.24081015586853 66.66580057144165 25.757241129875183 163.63423776626587 209.08819270133972 465.52425512671471
leaf_count=57 194 30 1710 580 86 502 204 689 49 67 29 52 34 22 11 648 587 185 33 21 236 568 616 131 82 44 17 108 138 689
internal_value=1.76164e-05 -0.00153806 -0.000925946 -0.00862442 0.00863434 -0.00428856 0.000260191 -0.00108936 -0.00259742 -0.0075958 0.0147137 0.0200481 0.0133366 -0.00131836 -0.00495491 -0.0075553 0.00232959 0.00676538 0.00852066 -0.0048266 0.0113834 -0.00287517 0.000152979 0.00224615 -0.00853345 -0.0058205 -0.00524983 -0.00434216 -0.00548367 0.0030988
internal_weight=8374.13 7093.47 6529.46 564.008 1280.67 1702.63 4826.83 2921.55 2148.08 548.099 301.132 170.831 95.4533 1707.55 1616.27 440.525 1905.28 979.533 699.233 504.539 405.298 855.671 1203.01 659.461 417.419 472.721 446.585 406.055 372.722 773.475
internal_count=8419 7570 6876 694 849 1138 5738 3441 2548 664 201 115 63 1769 1081 779 2297 648 463 333 269 579 1436 820 730 312 597 268 246 893
is_linear=0
shrinkage=0.03


Tree=22
num_leaves=31
num_cat=0
split_feature=97 83 58 31 55 97 14 3 54 98 53 83 94 97 63 75 45 79 18 86 7 84 45 2 12 70 75 75 35 63
split_gain=118.389 32.5967 27.9265 23.6509 18.5415 17.4398 14.95 13.7688 13.3793 11.6729 10.9177 10.6958 10.0089 11.7484 9.97156 9.89513 10.2681 10.7369 8.68667 7.53627 9.81887 7.84065 7.46948 7.41335 7.35997 7.14899 8.68173 6.3204 6.74697 6.19395
threshold=79.687668224845581 20.360000000000003 1.9201771209744736 0.99600000000000044 -0.065026315789473474 49.742004198709743 63.670000000000009 2.7850000000000006 0.17000000000000007 114.26692327648864 2.6750000000000003 16.960000000000004 4.4410206229829461 109.09163269536522 1.7850000000000004 1.3550000000000002 17.105000000000004 0.01683913365420214 -0.45632141714610469 0.62478918042505105 10.285000000000002 8.1144999999999659 16.430000000000003 1.0000000180025095e-35 327.92500000000007 0.81963304331386422 0.88500000000000012 0.92500000000000016 21.570000000000004 0.62500000000000011
decision_type=10 10 10 2 2 8 10 2 2 10 2 8 10 10 2 2 10 2 10 2 2 2 10 2 10 10 2 2 10 2
left_child=1 3 7 4 11 6 -6 12 9 -3 19 -1 13 -2 25 16 -4 -18 -15 20 21 29 -13 -11 27 26 -8 28 -9 -7
right_child=2 8 15 -5 5 10 14 24 -10 23 -12 22 -14 18 -16 -17 17 -19 -20 -21 -22 -23 -24 -25 -26 -27 -28 -29 -30 -31
leaf_value=0.0083433814182317916 0.0052656741693301633 -0.0067797510629501482 0.011008739481187302 -0.027461909210029164 -0.0083118483913612682 0.0055815689412241692 0.01729579833119229 0.00035564923869968489 -0.010351357785951866 0.0024010009750095557 -0.022669606725642583 0.00052326509089206088 -0.002136666263344461 0.017736180849662601 -0.007536458464402501 0.0073132823521642812 0.036915960074106316 0.017652691085967367 0.0071146912528298441 -0.0026132776736330996 0.014552769997267741 0.012334080172247549 0.018024786844404971 -0.0067759435210948257 -0.0095612390923975454 -0.0012770636345540588 -0.0010337042919206412 -0.0016371720504451978 0.01770307322985477 -0.00027808899182419787
leaf_weight=256.0572794675827 889.38238489627838 580.29549133777618 109.84705775976181 29.923853665590286 528.40222612023354 179.921904951334 44.696389019489288 43.18125718832016 442.4184947013855 289.39017975330353 19.317930847406387 639.76441571116447 120.45298057794571 136.36186480522156 205.3003631234169 130.30133748054504 37.87829577922821 83.332250714302063 140.90726029872894 739.00555065274239 46.590303808450699 49.999350428581238 22.726977467536926 109.08949184417725 68.180932402610779 510.97821006178856 48.484218597412109 178.78555607795715 37.87829577922821 1662.8571847081184
leaf_count=169 587 383 74 55 351 343 37 30 292 191 51 1011 81 90 149 86 25 55 93 1228 42 33 15 72 45 341 32 118 25 2278
internal_value=-3.35157e-05 -0.00201409 0.00638494 -0.00087127 -0.000710657 -0.00158627 -0.00438674 0.0046982 -0.00602187 -0.00406489 -0.000197435 0.00313625 0.00609654 0.00694659 -0.00182449 0.013924 0.017652 0.0236725 0.0123384 -3.5353e-05 0.000946977 0.000612074 0.00112366 -0.000111318 -0.000788588 0.000116509 0.0077585 0.00151327 0.00846192 0.000294026
internal_weight=8381.71 6405.22 1976.49 4984.03 4954.1 4035.55 1337.86 1615.13 1421.19 978.775 2697.69 918.549 1287.1 1166.65 809.459 361.359 231.058 121.211 277.269 2678.37 1939.37 1892.78 662.491 398.48 328.026 604.159 93.1806 259.845 81.0596 1842.78
internal_count=8382 7073 1309 6135 6080 4885 910 1069 938 646 3975 1195 851 770 559 240 154 80 183 3924 2696 2654 1026 263 218 410 69 173 55 2621
is_linear=0
shrinkage=0.03


Tree=23
num_leaves=31
num_cat=0
split_feature=97 89 97 2 97 14 54 35 68 105 54 68 54 3 93 14 55 13 53 97 33 70 96 96 63 103 76 80 70 75
split_gain=100.062 30.8102 20.3923 19.6115 16.1693 16.1382 15.3002 12.0132 11.094 9.50107 9.46959 10.1752 8.92656 8.63338 8.52819 12.2899 9.03162 8.3896 8.2241 8.0517 7.67533 7.62471 7.06027 7.04042 6.78221 7.15268 6.68166 6.34893 6.11787 7.13869
threshold=90.768873776688963 3.3850000000000007 58.467509210811841 1.0000000180025095e-35 118.33536869332234 60.375000000000007 -0.30999999999999989 16.380000000000006 17.002420091324208 21.500000000000004 1.0000000180025095e-35 14.357876712328769 -0.60499999999999987 2.0250000000000004 14.015000000000002 94.850000000000009 -0.10050000000000005 4.8865000000000007 2.6750000000000003 74.50227040196647 11.125000000000002 1.8207986121752928 -1.6140000000000325 -8.0254999999999637 0.87500000000000011 143.50000000000003 3.3150000000000004 9.8654068965517254 1.4557721311115908 0.44500000000000006
decision_type=10 2 8 2 10 10 2 10 10 2 2 10 2 2 10 10 2 10 2 10 10 10 2 2 2 2 2 10 10 2
left_child=1 2 5 8 10 13 -3 18 12 -8 21 28 -4 20 15 -7 -16 27 24 -14 -1 -2 -9 -11 25 -5 -27 -6 -12 -30
right_child=4 6 3 7 17 14 9 22 -10 23 11 -13 19 -15 16 -17 -18 -19 -20 -21 -22 -23 -24 -25 -26 26 -28 -29 29 -31
leaf_value=-0.0046302370924360455 0.0071947564498652796 -0.0024411172835918644 0.0075831396940254543 -0.01530366734302545 0.032820860668110324 0.0012852574970831333 -0.029583773866927746 0.0028686766351317997 -0.017536274789307756 0.00090652390777863081 -9.774675158189875e-05 -0.0042359818661141975 0.00053309790434042151 -0.0078844717757320416 0.0044546906959808995 0.020424322373999142 -0.0034440406104170947 0.010801502600063561 -0.026731666359660199 0.0042689174430612003 0.0035364654446927496 0.017480220456854812 -0.013140418424809716 -0.011781028454894871 -0.0025591987747913989 0.0072272313454585478 -0.017350943618956779 0.015418331030647841 -0.001541145647986557 0.0095660262808410362
leaf_weight=446.5851072371006 260.60267496109009 311.35959130525589 255.29971355199814 15.908884227275847 30.302636623382568 485.97853484749794 24.242109298706055 30.302636623382568 25.757241129875183 45.07517197728157 128.78620564937592 121.21054649353027 1681.7963325977325 591.28019711375237 153.40709790587425 32.196551412343979 864.38270968198776 243.17865890264511 11.363488733768461 751.12660530209541 134.84673297405243 86.36251437664032 136.36186480522156 310.60202538967133 613.62839162349701 162.11910593509674 10.605922818183897 49.999350428581238 63.635536909103394 286.73869904875755
leaf_count=297 172 339 287 42 20 326 34 20 17 35 85 80 2283 391 102 22 572 162 30 498 89 57 90 394 1260 386 28 33 42 190
internal_value=3.44574e-05 -0.00135425 -0.000704642 0.000745058 0.00778681 -0.00268184 -0.00737125 -0.0028919 0.00205873 -0.0114117 0.0058094 0.00352922 0.00224648 -0.00533195 -0.000658471 0.00247445 -0.0022535 0.0135778 -0.00138882 0.00168647 -0.0027362 0.00975489 -0.0102297 -0.0101731 -0.00102985 0.00394513 0.00571805 0.0219853 0.00549355 0.00754872
internal_weight=8365.04 7094.23 6402.95 3694.27 1270.82 2708.68 691.279 980.29 2713.98 379.919 947.336 600.371 2688.22 1172.71 1535.96 518.175 1017.79 323.481 813.626 2432.92 581.432 346.965 166.665 355.677 802.262 188.634 172.725 80.302 479.16 350.374
internal_count=8383 7542 6740 4941 841 1799 802 1856 3085 463 626 397 3068 777 1022 348 674 215 1746 2781 386 229 110 429 1716 456 414 53 317 232
is_linear=0
shrinkage=0.03


Tree=24
num_leaves=31
num_cat=0
split_feature=98 53 83 20 54 54 95 10 64 63 63 35 33 70 79 54 18 79 89 57 98 9 54 76 57 89 98 93 79 15
split_gain=95.6203 25.6965 27.0033 17.2248 14.6762 13.6052 13.0894 13.4275 13.0865 12.1502 10.9071 10.8622 9.26911 9.20604 11.2595 11.2267 9.12939 10.4864 8.60574 10.4442 8.06734 7.87671 7.61695 7.32589 7.22418 8.01588 6.99357 6.54648 6.37799 6.54328
threshold=133.9322060111497 2.6750000000000003 18.920000000000005 -0.84860254829152315 -0.48000000000000004 -0.26999999999999985 24.565000000000001 13.375000000000002 2.6350000000000002 1.2450000000000003 0.65500000000000014 10.890000000000002 11.355000000000002 3.8691499436918284 0.031958533876342086 -0.099999999999999964 0.3405436510785011 0.046719270640503505 3.3850000000000007 17.685000000000006 107.66377461695232 330.02000000000004 0.39000000000000007 3.8050000000000002 14.765000000000002 2.1150000000000007 183.30906093444665 18.815000000000001 0.085005873892860184 1025.0810000000004
decision_type=10 2 10 10 2 2 10 10 2 2 2 10 8 10 2 2 8 2 2 10 10 2 2 2 8 2 10 10 2 10
left_child=1 2 5 9 20 11 7 -5 12 21 -3 -1 16 15 -15 -9 -7 -18 19 23 -4 -2 -11 -6 -10 -26 -8 -21 29 -17
right_child=3 10 4 6 18 8 26 13 24 22 -12 -13 -14 14 -16 28 17 -19 -20 27 -22 -23 -24 -25 25 -27 -28 -29 -30 -31
leaf_value=-8.4242620635983074e-05 0.022572448598590387 -0.031581188831764258 -0.0036325287771078372 0.0017596946968929093 -0.0057423304995804017 -0.0042971468551582367 -0.0051012670659212446 0.013178790287256312 -0.007478333747065029 0.0095896150646291017 0.0045269694874670793 0.0063771324696117225 0.0014753786400438886 0.026218391464351332 0.0049961082818415423 0.0073817746684018805 -0.00051891474554533216 0.013888101603777315 -0.011953256435360519 0.0037679176550057935 0.0042407557164572717 0.009923893676857214 -0.0031372591324376393 -0.012969859554287966 0.0035610177088223993 -0.0042684613283064318 0.0080443430224809154 -0.0048419726963439269 -0.0025340302421671137 -0.0024584797417058486
leaf_weight=537.11423414945602 98.862351983785629 36.741946905851364 268.17833411693573 590.90141415596008 720.44518572092056 689.00620022416115 183.33095157146454 177.27042424678802 380.29808962345123 172.72502875328064 9.4695739448070508 415.14612174034119 1382.5577959418297 49.999350428581238 40.908559441566467 416.66125357151031 318.93525046110153 53.029614090919495 206.05792903900146 154.5434467792511 207.95184382796288 80.301987051963806 56.059877753257751 153.02831494808197 159.84640818834305 446.20632427930832 45.453954935073853 163.63423776626587 95.45330536365509 71.211196064949036
leaf_count=1091 69 82 177 390 480 457 121 117 251 114 13 274 2105 33 27 275 212 38 136 102 138 53 37 101 281 980 30 108 63 47
internal_value=-5.27817e-05 -0.00189328 -0.00172864 0.00552606 -0.00474275 -0.000439782 0.00417695 0.00523435 -0.00132056 0.0110528 -0.024182 0.00273265 -0.000143229 0.00764558 0.0166684 0.00656716 -0.00225245 0.00153504 -0.00629234 -0.00531346 -0.000193839 0.0169033 0.00647111 -0.00700856 -0.00423723 -0.00220344 -0.00248956 -0.000660026 0.00455791 0.00594546
internal_weight=8381.33 6302.19 6255.98 2079.14 1873.84 4382.14 1671.19 1442.41 3429.88 407.949 46.2115 952.26 2443.53 851.504 90.9079 760.596 1060.97 371.965 1397.71 1191.65 476.13 179.164 228.785 873.474 986.351 606.053 228.785 318.178 583.326 487.872
internal_count=8402 7026 6931 1376 1242 5689 1103 952 4324 273 95 1365 2812 562 60 502 707 250 927 791 315 122 151 581 1512 1261 151 210 385 322
is_linear=0
shrinkage=0.03


Tree=25
num_leaves=31
num_cat=0
split_feature=97 22 97 39 97 55 21 18 23 86 106 16 8 75 39 83 46 92 58 83 59 14 98 41 19 69 25 15 55 98
split_gain=103.058 26.1052 22.8661 21.0688 16.7796 14.1671 13.4404 13.1052 13.2167 10.6712 13.4857 10.3691 10.0474 8.88256 8.06446 8.11828 7.9104 7.14283 6.80791 6.62783 6.79827 6.61822 6.4561 6.38481 6.15353 6.00967 5.71582 5.5807 5.44323 5.62895
threshold=79.687668224845581 5.880650000000001 107.22118796460278 0.82500000000000007 41.404186400607337 -0.05681578947368416 0.50686138996327013 0.30187059433932051 1.6254013641411811 0.64865608548750175 131.50000000000003 -0.64585751205616182 4.535000000000001 0.95500000000000007 1.4550000000000003 19.845000000000002 0.66355234538441388 14.599605536332183 1.4553486789157506 13.240000000000002 16.475000000000005 57.375000000000007 168.18601328233731 0.53000000000000003 0.79196995494214029 19.355000000000004 2.1012500000000007 1008.8485000000002 -0.0075789473684210584 116.48586264635493
decision_type=10 2 10 2 8 2 10 10 2 2 2 2 2 2 2 10 8 10 10 8 8 10 10 2 10 10 2 10 2 10
left_child=1 4 6 -3 26 -5 22 23 13 10 16 17 25 -9 15 -4 -7 -11 21 -18 -21 -14 -2 28 -13 -8 -1 -12 29 -6
right_child=2 3 14 5 7 9 12 8 -10 11 27 24 18 -15 -16 -17 19 -19 -20 20 -22 -23 -24 -25 -26 -27 -28 -29 -30 -31
leaf_value=-0.0027685510948739639 0.0078372075487312398 -0.035401338104813683 0.012212580967127904 0.00048779452295082641 -0.00066915967486320374 -0.0099783704426844658 0.0032571267062866467 0.026313186111934894 0.0019507693106159388 0.0036173268514760981 -0.0028799869411347406 -0.0076314631310229301 -0.011564948401914951 0.0086899389402714539 0.0083823413020527628 0.026043443725119554 0.018281541610758571 -0.016135643149211544 0.0074370052615186297 -0.0078181648278610062 0.0014265132112393857 -0.00072502099810915343 0.022338074542591856 0.002146462397832582 -0.014120824844496831 0.013960466985308177 -0.0085402396441338659 -0.014296853557771046 -0.002427902596489377 0.0047345286694670105
leaf_weight=757.94469854235649 313.63228905200958 19.696713805198669 147.72535353899002 449.99415385723114 703.39995262026787 74.241459727287292 846.95869362354279 34.848032116889954 301.13245144486427 100.75626677274704 58.711358457803726 584.46210387349129 86.36251437664032 98.483569025993347 393.93427610397339 51.514482259750366 18.181581974029541 19.696713805198669 46.969086766242981 86.36251437664032 418.55516836047173 122.7256783246994 30.302636623382568 783.32315671443939 169.69476509094238 49.999350428581238 193.93687438964844 112.1197555065155 1136.3488733768463 230.30003833770752
leaf_count=507 210 37 99 480 1038 49 559 23 201 158 134 718 57 65 260 34 12 13 31 57 511 81 20 1144 112 33 128 74 1434 152
internal_value=0.000106881 -0.00179444 0.00588527 -0.004519 -0.000436905 -0.00422834 0.00391003 0.000578594 0.00543248 -0.00552019 -0.00294022 -0.00778619 0.00235749 0.013296 0.01087 0.0157886 -0.000814516 0.000387281 -0.00288391 0.000486075 -0.000154722 -0.00520238 0.00911482 -0.000160475 -0.00909165 0.00385377 -0.00394448 -0.0103731 -0.00103344 0.000663677
internal_weight=8442.31 6352.19 2090.12 2112.47 4239.72 2092.78 1496.95 3287.84 434.464 1642.78 768.172 874.61 1153.02 133.332 593.174 199.24 597.341 120.453 256.057 523.099 504.918 209.088 343.935 2853.37 754.157 896.958 951.882 170.831 2070.05 933.7
internal_count=8431 7047 1384 2355 4692 2318 991 4057 289 1838 837 1001 761 88 393 133 629 171 169 580 568 138 230 3768 830 592 635 208 2624 1190
is_linear=0
shrinkage=0.03


Tree=26
num_leaves=31
num_cat=0
split_feature=97 90 58 63 97 15 71 80 19 97 71 61 55 46 87 55 54 54 14 60 92 30 76 18 94 79 10 95 56 84
split_gain=91.6107 29.7618 22.23 19.1384 16.2027 13.8245 11.9821 11.2318 11.1862 10.4723 8.38298 8.10863 12.0196 8.98745 8.05068 7.96587 7.94037 7.68695 7.5145 7.51445 8.16052 7.24086 6.9056 7.42932 6.89701 7.13532 6.85676 6.33606 6.62425 5.79787
threshold=81.469689966494855 2.2450000000000006 1.9201771209744736 0.46500000000000002 46.464203740823983 1001.8940000000001 17.265000000000004 9.7791724137931055 0.66333868616842395 107.22118796460278 15.210000000000003 1.6279729729729733 -0.0028157894736841114 1.4182454505291544 0.22500000000000003 -0.066789473684210454 -0.13999999999999999 0.19000000000000009 47.485000000000007 2.5810000000000177 6.1843649430154626 1.0350000000000004 3.3050000000000002 -0.42127324806694988 2.9205851836970447 0.030860235273171815 8.0350000000000019 22.980000000000004 15.284675675675679 2.5780000000000318
decision_type=10 2 10 2 8 10 8 10 10 10 10 2 2 10 2 2 2 2 10 2 10 2 2 10 10 2 8 10 10 2
left_child=1 4 9 14 5 -1 16 24 26 17 -7 21 13 -13 -3 -12 -6 -2 -19 20 -18 -8 23 -20 -4 -26 -5 28 -14 -9
right_child=2 3 7 8 6 10 11 29 -10 -11 15 12 27 -15 -16 -17 19 18 22 -21 -22 -23 -24 -25 25 -27 -28 -29 -30 -31
leaf_value=0.007983107904070778 0.0051340012143896311 -0.014100539501202044 0.0080880216639311244 -0.024951026908506452 0.0049807219085418403 -0.0019976712769057409 0.0024735195477736138 0.0050359689324269187 -0.016410110285923655 0.0084220082730034774 -0.0018966947511345853 -0.0012253422851122868 -0.0044723164089094302 0.0063004508795118878 -0.050755149440991916 -0.008327225651784672 0.010951114929452622 -0.0085521546819662727 0.0074687757035454315 0.0089242799432970119 -0.00093970738864304116 -0.02454182362379146 -0.0055999393455850935 -0.0009010672691516674 0.028475891374087119 0.011894527740105335 -0.0043661574968331986 -0.00987665539346755 0.004382740602620944 0.016862551006622161
leaf_weight=86.36251437664032 596.9619414806366 9.0907909870147723 37.87829577922821 15.151318311691282 503.02376794815063 727.26327896118164 502.26620203256607 146.96778762340546 99.998700857162476 397.34332272410393 246.96648848056793 1056.0468863248825 731.80867445468903 165.149369597435 13.257403522729872 581.81062316894531 54.923528879880905 75.756591558456421 197.34592100977898 86.36251437664032 957.56331729888916 9.0907909870147687 95.45330536365509 184.84608340263367 70.832413107156754 34.848032116889954 375.37391117215157 172.72502875328064 84.847382545471191 49.999350428581238
leaf_count=57 394 24 25 10 332 492 1122 97 66 263 163 1708 1221 109 26 384 37 50 131 57 632 24 63 122 49 23 517 114 56 33
internal_value=-6.47548e-05 -0.00175937 0.00574998 -0.00869425 -0.00116323 -0.00369987 -0.000199689 0.0126895 -0.00745728 0.00422314 -0.00434829 -0.0014112 -0.00219873 -0.000207586 -0.0358448 -0.006411 0.00185894 0.00277283 0.000225801 0.000429875 -0.000294676 0.00199325 0.00161802 0.00342072 0.0190715 0.0230082 -0.00516479 -0.00465641 -0.00355231 0.0080381
internal_weight=8367.32 6479.08 1888.23 512.872 5966.21 1642.4 4323.81 340.526 490.524 1547.71 1556.04 2721.93 2210.58 1221.2 22.3482 828.777 1601.87 1150.36 553.402 1098.85 1012.49 511.357 477.645 382.192 143.559 105.68 390.525 989.381 816.656 196.967
internal_count=8401 7151 1250 643 6508 1096 5412 227 593 1023 1039 4354 3208 1817 50 547 1058 760 366 726 669 1146 316 253 97 72 527 1391 1277 130
is_linear=0
shrinkage=0.03


Tree=27
num_leaves=31
num_cat=0
split_feature=97 41 83 97 54 14 21 81 9 86 54 81 50 52 33 45 97 27 54 95 83 54 98 92 91 87 54 66 17 11
split_gain=79.0036 22.6936 22.1581 19.4687 15.4501 12.5581 11.6417 10.3428 9.79417 9.7001 9.4783 9.82889 9.13326 7.81024 8.95223 7.60197 7.51326 7.49135 7.35294 7.09699 7.06868 6.97523 6.90846 6.45383 6.30797 6.06164 5.77294 5.77013 5.71785 7.40402
threshold=80.112875341114162 1.7050000000000003 20.360000000000003 107.22118796460278 -0.1799999999999998 59.485000000000007 0.56201118005614503 14.670000000000002 314.89000000000004 0.68131469052956384 0.16000000000000006 19.860000000000003 0.098534583518515323 2.5250000000000004 10.995000000000003 12.715000000000002 52.380942449439011 1.4650000000000001 1.5050000000000006 24.565000000000001 19.405000000000005 -0.33999999999999991 168.18601328233731 13.125359861591699 0.013990965989607926 0.89500000000000013 -0.27000000000000007 0.45000000000000012 -0.84240534831004943 11.755000000000001
decision_type=10 2 10 10 2 8 10 8 2 2 2 10 2 2 10 10 10 2 2 10 10 2 10 10 2 2 2 2 2 10
left_child=1 2 4 6 7 13 22 27 18 28 11 16 25 14 -6 -9 -4 -5 -3 26 -15 -21 -2 24 -12 -8 -14 -1 -7 -30
right_child=3 8 10 17 5 9 12 15 -10 -11 23 -13 19 20 -16 -17 -18 -19 -20 21 -22 -23 -24 -25 -26 -27 -28 -29 29 -31
leaf_value=0.0050784039602516364 0.0069260774722440539 -0.0094015669138829347 -0.0092088897797876455 0.018257433541164703 -0.0068038576678228196 -0.0029908449587368992 0.0051006157586662914 -0.00097505419173421438 -9.5586859523651037e-06 -0.004494292437556756 0.0022919197066762122 0.00032208778420571239 0.0071767879654684964 -0.012289245898453762 -0.00032540728855986713 0.004613490416682583 -0.0022053777611602621 0.0084914881411537191 -0.036402395973498258 0.0018544224217574177 -0.0013125071035058609 -0.010971171619847007 0.021975134035715573 -0.01386691117618237 -0.0082227269296542022 0.02220482024193525 0.00092668517132691881 0.017626713201028241 0.00019765229876413343 0.0051879371251875297
leaf_weight=354.54084849357605 292.0416604578495 13.257403522729872 278.78425693511963 82.574684798717499 317.79890158772469 348.85910412669182 48.484218597412109 795.8229943215847 15.530101269483565 427.6459593474865 65.150668740272522 425.75204455852509 165.149369597435 174.24016058444977 484.84218597412109 302.26880031824112 272.72372961044312 491.28149625658989 28.78750479221344 72.726327896118164 75.756591558456421 80.301987051963806 30.302636623382568 134.84673297405243 242.42109298706055 30.302636623382568 683.32445585727692 36.363163948059082 1275.3622188866138 338.6319642663002
leaf_count=234 195 35 184 56 212 498 32 1393 29 808 43 281 109 115 320 201 180 325 49 48 50 53 20 89 160 20 451 24 1960 228
internal_value=-1.79906e-06 -0.0016188 -0.00144884 0.00524182 -0.000498203 -0.00160238 0.00333736 0.00205508 -0.0203686 -0.000400113 -0.00475148 -0.00310217 0.00184441 -0.00433268 -0.00289049 0.00056329 -0.00574561 0.00989675 -0.0278886 0.00107072 -0.00896296 -0.00487584 0.00834079 -0.00839465 -0.00599549 0.0116792 0.00214322 0.00624569 0.000491884 0.00124466
internal_weight=8385.88 6409.39 6351.81 1976.49 4932.13 3443.14 1402.63 1489 57.575 2390.5 1419.68 977.26 1080.29 1052.64 802.641 1098.09 551.508 573.856 42.0449 1001.5 249.997 153.028 322.344 442.418 307.572 78.7869 848.474 390.904 1962.85 1613.99
internal_count=8402 7093 6980 1309 6043 4191 928 1852 113 3494 937 645 713 697 532 1594 364 381 84 661 165 101 215 292 203 52 560 258 2686 2188
is_linear=0
shrinkage=0.03


Tree=28
num_leaves=31
num_cat=0
split_feature=97 53 91 54 14 98 19 54 58 82 66 98 9 81 44 19 54 14 70 27 105 54 54 72 54 19 20 87 14 98
split_gain=77.001 28.5634 21.4121 17.9915 16.7058 15.9737 13.1611 12.6732 12.1115 12.056 10.6546 9.31561 8.88784 8.03207 7.65239 7.16228 7.09826 6.63779 7.20779 6.61464 6.05718 6.00026 5.94687 9.30862 5.58023 5.5035 5.41474 7.19199 6.38446 6.72148
threshold=90.768873776688963 2.6750000000000003 0.03346888285309399 -1.0000000180025095e-35 56.455000000000005 106.52071932011306 0.36048520266413392 -0.27999999999999986 1.1682169236809146 1.8899972394907236 -0.16500000000000001 115.04914075913457 328.40500000000003 12.005000000000001 16.570789473684211 0.6155239227524153 0.5900000000000003 93.65000000000002 2.9981664719444239 2.3250000000000006 109.50000000000001 0.030000000000000141 0.81500000000000017 1.5274999999999752 0.44000000000000011 0.76666088543399236 -0.12775704858859274 1.0650000000000002 96.450000000000017 113.18891811807309
decision_type=10 2 2 2 8 10 10 2 10 8 2 10 2 8 8 10 2 10 10 2 2 2 2 2 2 10 10 2 10 10
left_child=1 2 4 9 5 -1 19 -6 14 15 -9 -11 -3 -5 21 -4 -8 18 22 -7 -20 -2 23 -10 -21 -15 28 -28 29 -12
right_child=8 12 3 13 7 6 16 10 17 11 26 -13 -14 25 -16 -17 -18 -19 20 24 -22 -23 -24 -25 -26 -27 27 -29 -30 -31
leaf_value=-0.0068372562918443064 0.009135110745112628 -0.03360990977171896 0.0065550384108675735 0.004083906899464705 0.0046283019123887761 0.0070129291266678231 -0.0014801488981062596 -0.0035847420122229147 0.0057473182336578868 -0.0049803644369122487 0.00082405524495657181 0.0021087259250617972 -0.0031195323655446808 -0.0061120927366167472 -0.0048382368604996204 -0.0019702280268301458 -0.010134574017055599 0.00016938003566908206 0.018170000073831096 0.0032003486412659752 0.0052597138829852041 0.0021374243769670042 0.001603907696782082 0.015449158728243819 -0.010649661958733431 -0.011560548363728877 -0.003087592026397168 0.0044732176079629359 0.017665922932193219 0.0059276836066938805
leaf_weight=548.85650584101677 181.81581974029541 32.196551412343979 227.26977467536926 57.57500958442688 704.915084451437 237.87569749355316 372.72243046760559 557.18973091244698 204.54279720783234 664.76409092545509 1243.1656674742699 222.72437918186188 11.742271691560743 665.14287388324738 86.36251437664032 145.45265579223633 110.60462367534637 65.150668740272522 142.80117508769035 72.726327896118164 42.423691272735596 280.29938876628876 96.968437194824219 157.57371044158936 40.908559441566467 222.72437918186188 476.88774386048317 148.48291945457458 23.105760425329208 285.60235017538071
leaf_count=363 120 64 150 38 829 157 246 634 135 942 2118 147 19 772 57 96 73 43 98 48 28 185 64 104 27 147 320 98 16 193
internal_value=-0.000132369 -0.00134875 -0.00119802 -0.00364655 -7.82645e-05 -0.0028619 -0.000248339 0.00104163 0.00670664 -0.00129972 0.000117012 -0.00320128 -0.0254616 -0.00677471 0.00335872 0.00322811 -0.00346063 0.00929488 0.0102176 0.00416856 0.015213 0.00489061 0.00820215 0.00996904 -0.00178566 -0.00747886 0.00106435 -0.00129241 0.00201407 0.00177751
internal_weight=8330.57 7072.64 7028.7 2205.65 4823.04 1383.69 834.838 3439.35 1257.94 1260.21 2734.43 887.488 43.9388 945.442 548.478 372.722 483.327 709.46 644.31 351.511 185.225 462.115 459.085 362.117 113.635 887.867 2177.24 625.371 1551.87 1528.77
internal_count=8331 7497 7414 2292 5122 914 551 4208 834 1335 3379 1089 83 957 362 246 319 472 429 232 126 305 303 239 75 919 2745 418 2327 2311
is_linear=0
shrinkage=0.03


Tree=29
num_leaves=31
num_cat=0
split_feature=97 89 55 64 97 51 83 57 58 92 2 14 34 42 16 44 84 22 66 97 98 18 87 11 94 14 39 14 15 13
split_gain=77.9811 26.3117 15.8592 15.7994 15.6848 13.9606 10.8394 10.0504 9.45115 9.21673 9.19155 8.45646 8.33152 8.22535 8.07942 8.04825 7.69025 7.57723 6.90369 6.57113 6.50041 5.86734 5.85516 5.64818 6.03636 7.33088 6.26824 5.626 5.30838 5.26388
threshold=79.687668224845581 3.225000000000001 -0.049421052631578873 2.6350000000000002 107.22118796460278 0.74500000000000011 16.960000000000004 17.685000000000006 1.9201771209744736 12.679826989619379 1.0000000180025095e-35 59.655000000000008 1.480728577096035 -0.41999999999999976 -0.6039733330186684 16.492368421052635 4.7015000000000109 6.8906500000000008 -0.14999999999999999 34.897557609301863 97.008151756712664 -0.53752038724879692 0.22500000000000003 11.725000000000003 1.9496731018766162 96.450000000000017 1.4150000000000003 54.185000000000009 1024.3345000000002 7.9675000000000002
decision_type=10 2 2 2 10 2 8 8 10 10 2 8 10 2 2 8 2 2 2 10 8 10 2 10 10 10 2 10 10 10
left_child=1 2 6 11 8 17 -1 9 15 28 -9 19 20 -7 29 -2 -15 -3 -16 -4 -8 27 -12 24 25 26 -13 -17 -5 -6
right_child=4 5 3 7 14 13 12 10 -10 -11 22 23 -14 16 18 21 -18 -19 -20 -21 -22 -23 -24 -25 -26 -27 -28 -29 -30 -31
leaf_value=0.0066473490367215879 0.0035398119903336236 -0.0084557131077187611 -0.010736317808021869 -0.0031985024252759058 0.019840576192370764 -0.00067726433379411942 -0.0041391976371092862 0.001097044589345077 0.0097509059862691885 -0.011041386339001799 0.015403144580300234 0.0047028749957169066 0.010088824181770565 -0.0050501178917163264 0.016242338633842984 -0.0089438001022701125 -0.011994027741393135 -0.040225191068406496 0.0058787935386828182 -0.0019308298151038536 0.0012750877398636294 -0.0099730926985255181 -0.0084224686312394138 0.0047044995495214934 -0.0024236234098373157 0.021769240349768623 -0.00058920702991343968 0.0051985801969492273 -0.0099586942493548793 0.0060173551197482281
leaf_weight=331.81387102603912 1054.1529715359211 11.363488733768465 85.226165503263474 619.68891894817352 90.907909870147705 209.466975659132 284.84478425979614 453.40320047736168 186.73999819159508 245.4513566493988 9.8483569025993329 306.43541285395622 74.241459727287292 398.85845455527306 68.180932402610779 36.363163948059082 224.23951101303101 16.666450142860413 381.81322145462036 726.12693008780479 666.6580057144165 71.211196064949036 161.74032297730446 286.35991609096527 538.62936598062515 15.908884227275847 587.87115049362183 83.332250714302063 125.75594198703766 34.090466201305389
leaf_count=219 698 30 57 415 60 247 188 699 124 162 26 629 49 594 45 24 148 29 252 480 977 47 376 189 360 12 1087 55 83 24
internal_value=-1.99604e-05 -0.00164223 -0.000881563 -0.00179989 0.00513805 -0.00652128 0.00193414 -0.00412016 0.00345731 -0.00599918 -0.00114106 -0.000327589 0.000409486 -0.00582018 0.00932328 0.00251337 -0.00754908 -0.0273457 0.00744903 -0.00285578 -0.000345749 -0.00315448 -0.00705499 0.00085455 9.36189e-05 0.00158322 0.00122413 0.000902161 -0.00433894 0.0160706
internal_weight=8387.39 6380.6 5520 4162.45 2006.79 860.595 1357.56 1615.89 1431.8 990.896 624.992 2546.56 1025.74 832.565 574.993 1245.06 623.098 28.0299 449.994 811.353 951.503 190.907 171.589 1735.2 1448.84 910.215 894.307 119.695 745.445 124.998
internal_count=8385 7056 6008 4575 1329 1048 1433 1761 948 660 1101 2814 1214 989 381 824 742 59 297 537 1165 126 402 2277 2088 1728 1716 79 498 84
is_linear=0
shrinkage=0.03


Tree=30
num_leaves=31
num_cat=0
split_feature=98 89 51 14 98 21 55 92 86 68 10 94 21 17 13 54 95 87 82 65 100 35 98 42 14 81 54 89 94 8
split_gain=53.867 28.0099 15.8149 14.4511 14.7544 13.8632 13.1457 12.019 11.8483 11.6669 11.3156 10.7167 8.55455 8.37083 7.71487 7.65243 7.55856 8.87394 7.47471 12.583 7.06762 6.9174 6.6292 6.42614 7.28521 6.16351 6.11697 5.85465 5.95259 5.59164
threshold=135.01026495205323 3.3850000000000007 0.74500000000000011 60.015000000000008 106.83967520239848 0.56201118005614503 0.0066315789473683729 11.656987889273358 0.66411468447486077 11.757095890410961 15.805000000000001 2.905368528010011 -0.22163357351246793 -0.87018342332813392 3.4360000000000004 0.38000000000000006 24.565000000000001 1.5850000000000002 1.0928399849227073 1.0350000000000004 0.70176113635919146 22.555000000000003 47.529130829982577 -0.51499999999999979 53.755000000000003 15.655000000000003 -0.064999999999999933 2.765000000000001 2.3223295212096358 4.1350000000000007
decision_type=10 2 2 8 10 10 2 10 2 10 10 10 10 2 10 2 10 2 8 2 2 10 10 2 8 10 2 2 10 2
left_child=1 3 20 4 22 7 12 11 13 10 -7 -2 -6 29 -8 -9 17 21 19 -15 -3 26 -1 -4 -25 -16 -11 28 -28 -5
right_child=5 2 23 8 6 9 14 15 -10 16 -12 -13 -14 18 25 -17 -18 -19 -20 -21 -22 -23 -24 24 -26 -27 27 -29 -30 -31
leaf_value=-0.018731830777686444 0.0047357489661503062 -0.013645554533548866 -0.00026772810059214969 -0.0012062800650678841 0.011073797122048886 0.0051638989853338866 -0.0086223621762932037 0.0062368125179212393 -0.0026313116067568473 0.0046790044508819321 0.018875980832621989 0.016592204285387116 0.0013345578953155503 0.0037950899006791443 0.0038597673728232337 -0.0095158745605338057 -0.0038332790499061697 0.015287601622660581 0.001526297090431039 0.023692103361128185 -0.044928767730248835 0.011941364550032597 -0.0048257835289148713 -0.015685167157301699 -0.0062218185036775489 -0.0043098966505444695 -0.0058501630514567679 -0.010878210078044719 0.0021134633763166925 -0.01122111549727592
leaf_weight=31.817768454551697 106.05922818183899 12.121054649353029 116.28636804223061 373.85877934098244 107.57436001300812 321.20794820785522 168.17963325977325 93.938173532485962 907.56396687030792 287.8750479221344 65.150668740272522 194.31565734744072 330.67752215266228 134.08916705846786 146.96778762340546 39.393427610397339 201.51253354549408 46.969086766242981 2273.8340956270695 36.363163948059082 14.014969438314436 57.57500958442688 1017.4110246300697 92.423041701316833 352.26815074682236 191.28539368510246 110.60462367534637 46.969086766242981 357.57111215591431 57.953792542219162
leaf_count=21 70 32 127 513 71 212 111 62 1313 190 43 132 219 93 97 26 133 31 2991 24 25 38 673 61 462 127 73 31 236 51
internal_value=-3.5313e-05 -0.00136638 -0.00760948 -0.000731956 -0.00279877 0.00435617 -7.90736e-05 0.00907851 0.000357214 0.0029866 0.00747613 0.0124058 0.00372517 0.00130025 -0.00337116 0.00158261 0.00142263 0.00258963 0.00198052 0.00803979 -0.0304206 0.00189661 -0.00524748 -0.0065467 -0.00818865 -0.000760255 0.00117642 -0.000780909 0.000232089 -0.00255038
internal_weight=8293.83 6364.69 587.114 5777.58 1993.91 1929.14 944.685 433.706 3783.66 1495.44 386.359 300.375 438.252 2876.1 506.433 133.332 1109.08 907.564 2444.29 170.452 26.136 860.595 1049.23 560.978 444.691 338.253 803.02 515.145 468.176 431.813
internal_count=8288 7011 707 6304 1319 1277 625 290 4985 987 255 202 290 3672 335 88 732 599 3108 117 57 568 694 650 523 224 530 340 309 564
is_linear=0
shrinkage=0.03


Tree=31
num_leaves=31
num_cat=0
split_feature=98 89 14 98 55 20 30 81 16 70 13 55 64 67 98 80 10 19 82 70 54 82 90 20 33 87 55 91 55 32
split_gain=55.1935 26.669 16.0321 14.1779 14.6545 12.949 10.5799 10.2178 10.0227 9.57346 7.89077 7.79713 12.8815 10.6341 7.48862 7.40928 10.4519 6.90234 6.61692 6.50361 6.38036 6.0932 5.95901 8.51071 7.61877 7.4396 7.06873 5.9135 5.27683 4.97202
threshold=135.01026495205323 3.1950000000000007 59.655000000000008 106.83967520239848 0.042131578947368499 -0.5463943384122073 0.7250000000000002 20.160000000000004 -0.57963678157732035 3.7678826683256559 3.9585000000000004 -0.034473684210526497 2.9250000000000003 0.079150071123755286 70.188063505102392 9.619862068965519 16.345000000000002 -0.056692765976365626 4.9758689539290515 1.2822493510803403 -0.57999999999999985 3.2444692726976934 1.2950000000000006 -0.088981214458890831 16.575000000000003 0.89500000000000013 0.18376315789473688 0.025105998866104127 0.15131578947368424 9.230500000000001
decision_type=10 2 8 10 2 10 2 10 2 10 10 2 2 2 8 10 10 10 10 10 2 10 2 10 10 2 2 2 2 8
left_child=1 2 3 19 17 7 14 8 -2 11 -6 13 29 27 -3 16 -7 -5 -16 -1 -21 -22 23 24 -17 26 -24 -4 -10 -13
right_child=5 6 9 4 10 15 -8 -9 28 -11 -12 12 -14 -15 18 22 -18 -19 -20 20 21 -23 25 -25 -26 -27 -28 -29 -30 -31
leaf_value=-0.0017381310145818689 0.018384333155138471 -0.018075566783322439 0.0038968160497627035 0.0072058779058907542 -0.010145313948978121 0.0047946387182750214 -0.027166120767188051 -0.00030608410283755263 0.0092259719631353453 0.016711695173412068 -0.0013330766834516183 -0.0021135688971865747 -0.0040813797944342723 0.014851481039282622 -0.0046873137123766631 0.0031888924016609719 0.022035614172814195 0.00027055352473055071 -0.018373331663094121 -0.00067467918065073869 -0.0094389179814675112 0.00059260940650366289 -0.0014199341251608178 -0.00061302747279916346 0.011754774050684955 -0.0098467645406156348 0.010444594538998646 -0.00092524692483906298 -4.5164466201338361e-05 0.0015091527903496405
leaf_weight=293.55679228901863 97.726003110408783 43.938823103904724 517.79630330204964 200.75496762990952 153.02831494808197 243.93622481822968 21.969411551952362 110.60462367534637 322.72308003902435 32.196551412343979 227.26977467536926 441.66092878580093 693.55159571766853 59.46892437338829 688.62741726636887 296.96583890914917 36.363163948059082 362.11650764942169 33.332900285720825 116.66515100002289 512.11455893516541 60.984056204557419 263.63293862342834 312.11715722084045 136.36186480522156 75.756591558456421 54.544745922088623 410.22194328904152 66.66580057144165 1495.4351173639297
leaf_count=196 69 29 695 134 101 161 43 73 213 22 150 296 871 82 915 196 24 239 22 77 338 41 174 206 90 50 36 519 44 2271
internal_value=-0.000102673 -0.00147323 -0.000743317 -0.00295746 -0.000329634 0.00422129 -0.0066398 0.00792545 0.00979451 0.000425214 -0.00487904 0.000280286 -0.000572972 0.00255335 -0.00605102 0.00266175 0.00703131 0.00274412 -0.0053192 -0.00547799 -0.00706964 -0.00837145 0.00158679 0.00316396 0.00588445 -0.0013977 0.000613985 0.00176527 0.0076387 0.000683167
internal_weight=8382.09 6364.69 5576.82 1926.49 943.17 2017.4 787.869 597.72 487.115 3650.33 380.298 3618.13 2630.65 987.487 765.899 1419.68 280.299 562.871 721.96 983.321 689.764 573.099 1139.38 745.445 433.328 393.934 318.178 928.018 389.389 1937.1
internal_count=8377 7041 6032 1276 624 1336 1009 399 326 4756 251 4734 3438 1296 966 937 185 373 937 652 456 379 752 492 286 260 210 1214 257 2567
is_linear=0
shrinkage=0.03


Tree=32
num_leaves=31
num_cat=0
split_feature=97 90 97 51 97 2 21 71 27 82 7 7 43 7 13 45 94 71 54 80 84 79 88 91 14 44 70 96 53 63
split_gain=68.2687 20.3715 18.6687 13.4703 13.2692 11.3886 10.1423 9.90027 10.5996 9.56093 8.63975 8.6372 8.70175 10.5843 7.77917 7.6558 6.8549 6.83303 6.68756 7.97635 6.29514 6.88749 6.20773 6.2271 7.62407 5.97488 5.96478 5.87528 5.86283 6.80715
threshold=82.240695522134487 2.2450000000000006 46.464203740823983 0.68500000000000016 118.33536869332234 1.0000000180025095e-35 0.52261609476129534 13.380000000000001 1.155 0.83426846470255045 5.8150000000000004 10.285000000000002 -0.13181818181818131 6.5750000000000011 6.3510000000000009 17.970000000000002 3.3059694605088024 22.000000000000004 -0.315 15.633034482758623 -10.106499999999981 0.08262773047019624 4.0850000000000009 0.0059701228153046636 51.665000000000006 8.9541315789473703 2.9981664719444239 1.1469999999999916 2.6750000000000003 0.87500000000000011
decision_type=10 2 8 2 10 2 10 10 2 8 2 2 2 2 10 8 8 10 2 10 2 2 2 2 8 8 10 2 2 2
left_child=1 2 7 -3 6 11 26 8 -1 -10 -7 12 -4 -14 -6 17 -12 -5 27 20 -20 -22 23 24 -15 -11 -2 -8 29 -18
right_child=4 3 5 15 14 10 18 -9 9 25 16 -13 13 22 -16 -17 28 -19 19 -21 21 -23 -24 -25 -26 -27 -28 -29 -30 -31
leaf_value=-0.027482082789824298 0.0066059735477637929 -0.033168220430139547 0.0043631399514234472 -0.0076620028580467493 0.017009522414750067 0.0016510085224807889 0.012239825734901472 -0.0049297763876906819 0.027230073228359866 -0.0018618022547896586 -0.010159939804669197 0.010401414582370837 0.0022834403445102487 -0.0053187801647199759 0.0073092996742637802 -0.0025924739369917252 0.0044859005338732062 -0.020655849899294618 0.015687269467622229 -0.0094179662117915772 0.0027767805371423046 -0.00538484531215033 -0.0052865395250028787 -0.0017916004744900408 0.0050637015836222619 0.0061139318175730019 0.016705430475366385 0.0028631448605886526 -0.023260919541494444 -0.0040774873292559535
leaf_weight=12.121054649353026 249.99675214290619 17.424016058444977 499.23593837022781 183.33095157146454 112.1197555065155 293.93557524681091 110.60462367534637 1260.5896835327148 12.121054649353026 323.8594289124012 149.99805128574371 84.847382545471191 1156.045587182045 81.817118883132935 221.20924735069275 242.42109298706055 102.65018156170845 45.453954935073853 30.302636623382568 56.059877753257751 759.08104741573334 106.05922818183899 308.70811060070992 1018.9261564612389 286.73869904875755 114.3924532532692 66.66580057144165 131.81646931171417 12.499837607145308 448.85780498385429
leaf_count=8 165 37 508 121 74 548 73 832 11 216 99 56 1057 54 149 439 259 30 20 37 501 70 314 1193 349 83 47 87 33 987
internal_value=4.63582e-05 -0.00136875 -0.000901589 -0.00726514 0.00515448 0.00012615 0.00395901 -0.00355238 0.000201885 0.000946954 -0.00267791 0.000948636 0.000709325 6.97863e-05 0.0105721 -0.00630731 -0.00445999 -0.0102436 0.00269303 0.00155973 0.00224699 0.00177623 -0.00143894 -0.000582866 0.00275885 0.000220023 0.00873218 0.00714126 -0.00294409 -0.00248362
internal_weight=8499.89 6655.97 6167.34 488.63 1843.92 4444.26 1510.59 1723.08 462.494 450.373 1007.94 3436.32 3351.47 2852.24 333.329 471.206 714.006 228.785 1193.92 951.503 895.443 865.14 1696.19 1387.48 368.556 438.252 316.663 242.421 564.008 551.508
internal_count=8457 7234 6607 627 1223 5457 1000 1150 318 310 1926 3531 3475 2967 223 590 1378 151 788 628 591 571 1910 1596 403 299 212 160 1279 1246
is_linear=0
shrinkage=0.03


Tree=33
num_leaves=31
num_cat=0
split_feature=97 30 58 83 54 54 65 64 32 57 16 65 82 98 35 21 98 87 87 98 9 79 56 62 39 54 82 91 96 64
split_gain=61.5974 20.2135 20.0954 18.4739 14.0528 11.7406 11.7073 10.8836 7.95691 9.44335 9.66386 7.80679 12.4745 7.70463 7.65212 7.12881 7.10756 6.43637 6.68879 6.3183 6.1525 6.14736 6.01304 8.56385 5.74675 5.67494 7.93057 5.54283 5.50492 6.82284
threshold=74.50227040196647 0.76000000000000023 1.2381432134637318 18.920000000000005 -0.38999999999999996 -0.28999999999999987 2.3150000000000008 2.5250000000000004 15.663571428571432 20.370000000000001 -0.21217767215644631 1.0150000000000003 1.0218285856439711 92.40649255032487 10.890000000000002 0.60355593965540077 27.489621497709106 0.49500000000000005 0.40500000000000008 156.74356357360969 296.06500000000005 -0.0098283043317289997 13.190064864864867 0.51816449518228291 1.5950000000000004 0.19000000000000009 1.7274427126787606 -0.024420878601794999 11.243999999999973 3.9850000000000008
decision_type=10 2 10 10 2 2 2 2 10 10 2 2 8 10 10 10 8 2 2 10 2 2 10 2 2 2 10 2 2 2
left_child=1 3 6 5 13 14 15 11 22 10 19 21 -13 -5 -1 24 -9 18 -14 -10 -3 -7 -4 -24 -2 -17 -27 -18 29 -6
right_child=2 20 8 4 28 7 -8 16 9 -11 -12 12 17 -15 -16 25 27 -19 -20 -21 -22 -23 23 -25 -26 26 -28 -29 -30 -31
leaf_value=0.00023130421337235613 0.016260857915377094 -0.030542118674304262 0.0074076290575862845 -0.0055761205333371222 -0.0050356690520643958 0.0021788945727675675 -0.012161803204926337 -0.03004117516127456 0.010208932228991533 0.0014283742953938607 0.0028139091520276108 0.027516891135668273 0.0027394289005984564 0.0019742540947372354 0.0058399460043742002 0.0032819963669178036 -0.012868060022573187 -0.0012046992035139085 0.013395249188236008 0.020857573071231841 -0.0094561345694176863 -0.0021323183733331632 -0.00090490112032336049 0.012980117272042025 0.0044224340483585535 -0.006538008680963177 0.0014612083630348629 -0.0029267902702492048 0.0056516888447054082 -0.010652514359084797
leaf_weight=502.64498499035835 49.999350428581238 26.514807045459747 457.94859597086906 171.20989692211151 940.13930124044418 398.10088863968849 53.408397048711777 9.0907909870147687 84.089816629886627 74.241459727287292 59.090141415596008 18.181581974029541 217.80020073056221 420.07030019164085 387.87374877929688 580.29549133777618 53.029614090919495 256.0572794675827 70.074847191572189 124.24081015586853 23.48454338312149 1179.9089135229588 212.49723932147026 49.241784512996674 140.90726029872894 162.11910593509674 357.57111215591431 1048.4712271690369 36.363163948059082 245.4513566493988
leaf_count=1045 33 49 303 113 625 421 36 6 57 49 39 12 398 278 256 383 86 313 101 82 32 1240 141 34 93 107 236 1661 24 162
internal_value=-1.77974e-05 -0.0016429 0.00403843 -0.0014834 -0.00400872 -0.000377687 0.00160211 -0.00121374 0.00712426 0.0108942 0.0135221 3.67386e-05 0.00307259 -0.000212017 0.0026742 0.00217157 -0.00362342 0.00225551 0.00533328 0.0165594 -0.0206381 -0.00104468 0.00533452 0.00170733 0.00752297 0.00124281 -0.00103417 -0.00340539 -0.00584588 -0.00619852
internal_weight=8410.12 6004.47 2405.65 5954.47 1813.23 4141.23 1344.3 3250.72 1061.35 341.662 267.421 2140.12 562.114 591.28 890.519 1290.89 1110.59 543.932 287.875 208.331 49.9994 1578.01 719.688 261.739 190.907 1099.99 519.69 1101.5 1221.95 1185.59
internal_count=8415 6822 1593 6741 1202 5539 888 4238 705 227 178 2485 824 391 1301 852 1753 812 499 139 81 1661 478 175 126 726 343 1747 811 787
is_linear=0
shrinkage=0.03


Tree=34
num_leaves=31
num_cat=0
split_feature=97 76 54 55 85 33 64 49 70 84 75 63 95 63 32 83 87 57 51 54 20 84 76 63 23 98 90 25 72 51
split_gain=68.8517 19.8435 18.4483 13.4729 11.0286 10.641 10.6484 10.5394 9.85354 9.45064 7.98303 8.40944 7.85058 7.47836 7.4492 9.62234 7.09392 6.83324 6.7516 6.71328 6.61631 6.54854 6.23172 6.06413 6.27363 5.88063 5.78027 5.72014 5.33336 5.32111
threshold=90.768873776688963 3.4950000000000006 0.090000000000000205 -0.0063157894736844142 2.5550344827586211 17.455000000000002 2.6250000000000004 3.1873684210526321 1.4380487365520958 -0.37450000000001177 0.44500000000000006 0.7350000000000001 22.980000000000004 0.6150000000000001 10.802857142857144 12.890000000000002 0.65500000000000014 16.045000000000005 0.41500000000000004 -1.0000000180025095e-35 -0.38469811104941415 2.2620000000000577 3.8750000000000004 1.0250000000000001 1.5990980604732108 110.40299240354494 2.555000000000001 2.8137500000000006 2.2544999999999509 1.2050000000000003
decision_type=10 2 2 2 2 10 2 2 10 2 2 2 10 2 8 8 2 10 2 2 8 2 2 2 2 10 2 2 2 2
left_child=1 3 7 4 23 6 14 16 19 -9 17 -12 18 26 -5 -16 -3 -10 -8 -2 -17 -13 28 24 -1 -25 -4 -23 -18 -22
right_child=8 2 13 5 -6 -7 12 9 10 -11 11 21 -14 -15 15 20 22 -19 -20 -21 29 27 -24 25 -26 -27 -28 -29 -30 -31
leaf_value=0.041849243437300711 0.0063758244231955285 -0.0074916641132272317 -0.011658058120337383 -0.0022539917651550928 0.010651488955969221 0.011614458377013031 -0.02424140858396381 0.011476044580559539 0.0072143787354705851 0.00023925573481899581 0.015509611530750951 0.0057584579417010945 -0.013236080345634085 -0.0068099156733815308 0.023852646607032683 0.0045608342191225627 7.5623017349950853e-05 -0.0084074791065605128 -0.0029501834780254529 -0.0011691884022634687 0.0026193480786788864 0.015496450725910353 -0.0041732394177654078 -0.00027542652033751071 0.007047367800378377 0.0035973976883483662 -0.039044509978414764 0.0023339764618134271 0.011970796316071522 -0.0021062717419905799
leaf_weight=4.9241784512996665 224.23951101303101 258.3299772143364 17.802799016237262 998.47187674045563 125.37715902924538 57.57500958442688 13.636186480522154 83.332250714302063 59.090141415596008 351.51058483123779 162.11910593509674 418.17638540267944 78.786855220794678 669.68826937675476 16.666450142860413 329.16239032149315 244.31500777602196 43.938823103904724 788.62611812353134 201.51253354549408 336.73804947733879 137.87699663639069 372.72243046760559 1073.0921194255352 87.498863250017166 525.75074541568756 11.363488733768461 37.87829577922821 39.393427610397339 590.5226311981678
leaf_count=4 148 310 38 665 121 38 36 55 39 391 110 276 52 640 11 218 237 29 930 133 685 91 336 1342 108 347 24 25 29 899
internal_value=0.00014779 -0.00101239 -0.0035012 1.81838e-06 0.00206642 -0.00116654 -0.00139995 -0.00145251 0.00653662 0.00239265 0.00838613 0.00945369 -0.00419952 -0.00745756 -0.00031411 0.00120732 -0.00328035 0.000552116 -0.00331207 0.0028047 0.00090693 0.00780067 -0.00162304 0.00142999 0.00890157 0.000998082 -0.0223281 0.0126597 0.00172729 -0.000390146
internal_weight=8360.12 7075.29 2048.46 5026.83 1816.64 3210.19 3152.61 1349.6 1284.83 434.843 859.08 756.051 881.049 698.855 2271.56 1273.09 914.761 103.029 802.262 425.752 1256.42 593.932 656.431 1691.27 92.423 1598.84 29.1663 175.755 283.708 927.261
internal_count=8367 7516 2060 5456 1922 3534 3496 1358 851 446 570 502 1018 702 2478 1813 912 68 966 281 1802 392 602 1801 112 1689 62 116 266 1584
is_linear=0
shrinkage=0.03


Tree=35
num_leaves=31
num_cat=0
split_feature=97 55 89 30 98 83 97 66 83 13 94 45 21 21 96 40 13 2 105 63 0 93 98 13 39 87 77 91 29 13
split_gain=59.925 18.3527 19.5129 11.4132 11.2621 12.541 11.2444 8.92013 8.4848 7.99251 9.05212 8.65071 7.73822 7.58946 7.17467 6.99193 6.65784 6.07272 5.70524 7.42932 6.15547 5.74123 5.48679 4.81419 4.77071 4.7692 4.71667 4.69906 4.56003 4.50723
threshold=85.254433203377801 -0.0063157894736844142 2.4850000000000008 0.90500000000000036 107.66377461695232 18.920000000000005 121.68376010320102 0.27000000000000018 12.275000000000002 27.295000000000005 3.6773173212257135 17.025000000000002 -0.32730014946278069 0.56201118005614503 13.450500000000035 1.8450000000000004 27.515000000000004 1.0000000180025095e-35 103.50000000000001 0.56500000000000006 1.0000000180025095e-35 13.985000000000001 175.67381645370281 11.275 1.4150000000000003 1.385 1.1750000000000005 -0.020155940009447329 0.75000000000000022 7.205000000000001
decision_type=10 2 2 2 10 10 10 2 8 8 10 8 10 10 2 2 8 2 2 2 2 10 10 8 2 2 2 2 2 10
left_child=1 4 7 14 5 8 13 15 -1 11 16 17 -6 22 23 27 -11 18 19 -9 21 -21 -2 26 28 -15 -4 -3 -18 -8
right_child=6 2 3 -5 12 -7 29 9 -10 10 -12 -13 -14 25 -16 -17 24 -19 -20 20 -22 -23 -24 -25 -26 -27 -28 -29 -30 -31
leaf_value=0.013149243799745592 0.0066619524614627479 0.010073928245086489 0.0020161939967902193 -0.026202896936180661 0.010040878030681644 -0.0042970455294883874 0.015112375377308904 0.0059845649692614423 0.00040876329740406522 0.026019082909270484 0.027221204813349314 0.0079057774144948006 0.0021386009009735783 0.0023021085020693745 0.013292970418551263 -0.0048032231153266195 0.0069385313411366332 -0.010460166870469386 0.0035115827729028984 0.014186626557429954 -0.004647486491607844 -0.0040593011444320492 0.018675699084400404 -0.0031203516765085449 8.3524700471719015e-06 0.010505723315847152 -0.0078147077433973668 -0.00089643901300939907 -0.01683308802597358 0.0073336265908365231
leaf_weight=48.863001555204391 260.22389200329781 40.908559441566467 46.969086766242981 24.242109298706055 128.78620564937592 618.93135303258896 118.18028283119202 80.301987051963806 1264.3775131106377 10.605922818183901 13.636186480522154 83.711033672094345 832.18615826964378 987.86595392227173 18.181581974029541 781.42924192547798 175.7552924156189 73.105110853910446 168.17963325977325 31.817768454551697 583.32575500011444 30.302636623382568 39.393427610397339 413.63098990917206 359.08624398708344 68.180932402610779 677.2639285326004 249.23918622732162 7.5756591558456412 154.92222973704338
leaf_count=33 174 33 31 37 85 410 78 53 1955 7 9 59 550 652 12 749 401 49 111 21 388 20 26 795 777 45 447 256 20 103
internal_value=-1.96124e-05 -0.00126382 -0.00261524 -0.00583088 0.000543563 -0.000776449 0.00514616 -0.00120378 0.000882811 0.00020264 0.00307435 -0.00134606 0.00319764 0.00402737 -0.00540369 -0.00332659 0.00247895 -0.00214694 -0.00146709 -0.00262081 -0.00369143 0.00528617 0.00824151 -0.00570243 0.00201867 0.00283175 -0.00717714 0.000650297 0.00595623 0.0106997
internal_weight=8391.18 6762.41 3869.27 1180.29 2893.14 1932.17 1628.77 2688.98 1313.24 1617.4 566.659 1050.74 960.972 1355.66 1156.05 1071.58 553.023 967.033 893.928 725.748 645.446 62.1204 299.617 1137.86 542.417 1056.05 724.233 290.148 183.331 273.103
internal_count=8386 7308 4275 1322 3033 2398 1078 2953 1988 1915 1214 701 635 897 1285 1038 1205 642 593 482 429 41 200 1273 1198 697 478 289 421 181
is_linear=0
shrinkage=0.03


Tree=36
num_leaves=31
num_cat=0
split_feature=97 30 55 64 97 2 81 95 94 33 97 95 62 19 55 63 98 76 13 83 88 15 16 97 50 34 96 79 86 60
split_gain=53.1428 17.4477 14.7663 21.2523 10.4671 9.71086 9.61865 8.95956 12.4822 9.26745 7.71429 7.0892 7.08365 6.37194 6.16243 7.30217 7.58566 6.12628 5.81745 8.35088 5.75968 5.62261 5.54922 5.40396 5.72009 5.28223 4.6032 4.52925 4.45939 4.45475
threshold=82.240695522134487 1.2000000000000004 -0.065026315789473474 2.9350000000000005 110.27313187179264 1.0000000180025095e-35 14.670000000000002 15.400000000000002 3.6773173212257135 15.385000000000003 60.239002614939217 24.565000000000001 1.1220428583524209 -0.93999037389816353 0.064526315789473696 0.83500000000000008 139.89250646780226 2.1550000000000007 8.1450000000000014 18.615000000000006 3.2450000000000006 1022.9805000000001 -0.76480886364893286 46.464203740823983 0.29981719543285085 1.480728577096035 11.45750000000004 -0.0076633654202147598 0.55244385943223695 0.20300000000003141
decision_type=10 2 2 2 10 2 8 10 10 8 8 10 2 10 2 2 10 2 10 8 2 10 2 10 2 10 2 2 2 2
left_child=1 2 6 7 11 10 -1 8 -4 23 13 14 22 -5 20 16 -16 -18 21 -20 29 28 -7 -9 27 -8 -12 -25 -6 -2
right_child=4 -3 3 5 18 12 25 9 -10 -11 26 -13 -14 -15 15 -17 17 -19 19 -21 -22 -23 -24 24 -26 -27 -28 -29 -30 -31
leaf_value=0.0074106085559125841 0.00097055265648869236 -0.0284181038676154 0.00096448050382621413 0.0055281858352775352 0.01717058028167058 -0.00048864380268487135 -0.0002018919644670271 -0.0047752404155459527 0.025977742395325451 0.0073115847688244645 -0.0013778696046282976 -0.0027018218519027784 -0.026136888947565256 -0.0059180899875746068 -0.0011892255095455181 -0.0014061422497386299 0.0042538249752459871 0.017992978210920645 0.010322932025836734 -0.0017715727287903296 0.0099621353468677242 0.0022769372357533688 -0.010224652723640612 0.0022838421576324287 -0.0071423580033544432 0.0060988409372360452 0.014602413319319907 -0.0018749766358342598 0.0087892375858505886 0.0067722137575155572
leaf_weight=213.63358819484711 228.78490650653839 21.211845636367798 1442.4055032730103 46.211520850658417 118.18028283119202 67.802149444818497 1069.6830728054047 565.1441730260849 18.181581974029541 93.938173532485962 609.84056204557419 163.63423776626587 20.833062678575516 828.77711164951324 79.16563817858696 311.35959130525589 60.984056204557419 56.059877753257751 105.68044522404671 99.998700857162476 209.08819270133972 53.029614090919495 236.36056566238403 354.54084849357605 130.30133748054504 134.84673297405243 16.666450142860413 703.02116966247559 110.60462367534637 248.48162031173706
leaf_count=141 151 38 2452 50 78 119 1270 373 12 62 785 108 37 550 53 207 41 37 72 66 138 35 393 234 86 89 11 464 73 164
internal_value=9.08186e-06 -0.00125372 -0.00116578 -0.00191429 0.00450811 -0.00451169 0.00154397 -0.000479955 0.00127585 -0.00186847 -0.003494 0.00315405 -0.0092135 -0.00531357 0.00395664 0.00145032 0.00598316 0.0108344 0.00827883 0.00444273 0.00581009 0.0110786 -0.00805436 -0.0023604 -0.0012115 0.000503473 -0.000952759 -0.000480759 0.0131187 0.0039911
internal_weight=8418.45 6573.4 6552.19 5134.02 1845.05 1826.49 1418.16 3307.53 1460.59 1846.95 1501.5 1357.56 324.996 874.989 1193.92 507.569 196.21 117.044 487.494 205.679 686.355 281.815 304.163 1753.01 1187.86 1204.53 626.507 1057.56 228.785 477.267
internal_count=8389 7166 7128 5628 1223 1945 1500 3683 2464 1219 1396 899 549 600 791 338 131 78 324 138 453 186 512 1157 784 1359 796 698 151 315
is_linear=0
shrinkage=0.03


Tree=37
num_leaves=31
num_cat=0
split_feature=97 89 54 14 42 97 93 55 88 31 14 81 97 13 61 13 70 46 98 20 85 103 89 41 14 48 70 80 91 91
split_gain=47.5783 14.3143 12.4384 13.2189 9.97051 9.63578 9.12146 11.0042 8.66176 7.97518 6.83494 6.81329 6.5578 7.5506 5.80374 6.2612 8.93363 6.86646 5.71461 5.59207 7.41468 5.38133 6.31684 6.85144 6.29774 5.16372 5.42778 5.07413 4.8794 4.74942
threshold=74.154744493877473 3.225000000000001 -0.20999999999999983 71.335000000000022 -0.074999999999999942 118.33536869332234 25.835000000000004 0.062157894736842127 3.2950000000000004 0.57300000000000073 45.745000000000012 14.670000000000002 42.709132954225801 -1.7249999999999999 2.0558108108108115 27.295000000000005 0.96231341900716327 0.58110075713639542 91.923593154755096 -0.63863351250535483 1.3191034482758623 142.50000000000003 1.7350000000000005 0.99500000000000011 74.045000000000016 2.1634999999999995 2.9153274038896542 8.6838034482758637 0.024557510628247532 0.017625232153065256
decision_type=10 2 2 8 2 10 10 2 2 2 10 8 10 10 2 10 10 10 8 10 2 2 2 2 8 2 10 10 2 2
left_child=1 2 11 12 -3 6 7 19 10 -6 -9 -1 -4 -14 15 21 17 -17 -13 20 -2 -5 23 29 -24 26 -12 -15 -10 -23
right_child=5 4 3 14 9 -7 -8 8 28 -11 25 18 13 27 -16 16 -18 -19 -20 -21 -22 22 24 -25 -26 -27 -28 -29 -30 -31
leaf_value=0.0051420535819018277 0.017762724076261501 -0.0021038248515089582 -0.006807178232260771 -0.0095058100637990806 -0.0075569232539494224 0.0085094287084999162 0.018359702591942365 -0.0090967789949595763 -0.0011434933043313886 -0.023460371761791294 0.00028841694265452833 -0.0031152147229496193 -0.017430196027340063 0.0029609421989597088 -0.0025729386323521549 0.0056493783352163313 0.001200589484651857 0.025603369035441574 0.0016070727114327497 0.003122171713006266 0.0056626627386627158 -0.00020404674658296669 0.026127000584664786 0.02105484949607379 0.0027403233313366736 0.013826165209995122 0.0075574467637788472 -0.0029750519278973872 -0.010034073621452075 -0.0060825204319919397
leaf_weight=339.38953018188477 54.544745922088623 414.38855582475662 461.73642554879189 49.620567470788956 328.78360736370087 302.26880031824112 33.332900285720825 48.484218597412109 122.7256783246994 31.060202538967133 415.14612174034119 318.17768454551697 30.302636623382568 146.96778762340546 611.7344768345356 31.817768454551697 112.1197555065155 30.302636623382568 838.2466855943203 940.89686715602875 277.2691251039505 482.94827118515968 10.605922818183897 12.121054649353026 452.64563456177711 34.848032116889954 118.93784874677658 1096.955445766449 101.5138326883316 166.28571847081184
leaf_count=224 36 494 307 68 436 201 22 32 81 52 274 210 20 97 898 21 74 20 1166 621 183 723 7 29 928 23 80 730 67 265
internal_value=-2.55693e-05 -0.00147101 -0.000903558 -0.00183767 -0.00527629 0.00349439 0.00278857 0.00254309 -0.000118299 -0.00892964 0.00171581 0.00140465 -0.00374411 -0.00263416 -0.000149324 0.000950152 0.00625694 0.015383 0.000307786 0.00430309 0.00765171 0.000162694 0.000589293 -0.00129246 0.00327575 0.00263725 0.00190719 -0.00227372 -0.00516828 -0.00170968
internal_weight=8416.18 5966.21 5191.98 3696.16 774.232 2449.97 2147.7 2114.37 841.656 359.844 617.416 1495.81 1735.96 1274.23 1960.2 1348.47 174.24 62.1204 1156.42 1272.71 331.814 1174.23 1124.61 661.355 463.252 568.932 534.084 1243.92 224.24 649.234
internal_count=8389 6769 5787 4187 982 1620 1419 1397 557 488 409 1600 1154 847 3033 2135 115 41 1376 840 219 2020 1952 1017 935 377 354 827 148 988
is_linear=0
shrinkage=0.03


Tree=38
num_leaves=31
num_cat=0
split_feature=98 76 42 20 84 54 14 106 94 63 94 39 98 93 100 63 80 32 60 43 67 53 15 63 98 95 87 53 15 75
split_gain=36.7617 21.8944 13.378 12.7217 14.633 11.5237 13.9001 11.8344 9.37057 9.59358 8.08152 7.82037 7.15513 9.48422 6.72041 7.15491 6.58757 9.50839 8.52289 7.25411 6.18841 6.13561 6.05343 5.9472 5.62586 7.28855 5.58207 5.57477 5.43351 5.25961
threshold=138.9713344217526 3.4950000000000006 -0.074999999999999942 -0.8232354508881421 -10.106499999999981 -0.20999999999999983 56.055000000000007 132.50000000000003 2.905368528010011 0.92500000000000016 4.2127050500164769 0.49500000000000005 106.52071932011306 18.895000000000003 0.74921297244704455 0.56500000000000006 13.595217241379315 11.709285714285716 2.9860000000000473 0.28190909090909139 0.27497155049786642 0.97499999999999998 1008.6635000000001 1.6050000000000002 78.121229462053464 20.415000000000003 0.58500000000000008 0.75000000000000011 1026.9165 0.44500000000000006
decision_type=10 2 2 10 2 2 8 2 10 2 10 2 8 8 2 2 10 10 2 2 2 2 8 2 8 8 2 2 10 2
left_child=1 5 22 8 -5 7 27 -1 21 -10 11 -8 26 -14 28 29 17 19 -19 23 -15 -2 -3 -13 -24 -26 -4 -7 -6 -16
right_child=3 2 12 4 14 6 10 -9 9 -11 -12 16 13 20 15 -17 -18 18 -20 -21 -22 -23 24 -25 25 -27 -28 -29 -30 -31
leaf_value=0.002003872819734917 0.0063444719899737791 0.0084313842409882572 -0.016022684472144333 0.021351958581307076 0.005800474324649303 -0.0022264669539172927 -0.022362488512703123 0.016329985989406482 0.020905057542526282 0.007845720606466074 -0.0099897794611497163 0.00056365304987907754 0.0044421230439149846 -0.0051236484300517587 0.0014199489810988711 -0.00060282983266404496 -0.0095757190389262406 0.0032229721770534229 0.015049330357371167 0.0083876055153779289 -0.02266551401051484 -0.0087807875566030483 -0.0076280008835728375 -0.0034745050469310872 0.0081239658171828773 -0.001826678172110597 -0.0074604159014625016 -0.0070256439270719589 -0.0026284416951327873 0.016643078040578119
leaf_weight=1068.5467239320278 99.998700857162476 54.544745922088623 86.36251437664032 36.363163948059082 481.81192231178284 649.99155557155609 13.257403522729872 54.544745922088623 82.195901840925217 131.81646931171417 66.287017613649368 1536.3436768054962 98.104786068201065 408.32802850008011 42.423691272735596 734.83893811702728 54.544745922088623 396.96453976631165 63.635536909103394 90.529126912355423 18.939147889614105 31.817768454551697 130.30133748054504 417.41881948709488 73.105110853910446 706.43021628260612 331.81387102603912 327.64725849032402 80.301987051963806 39.393427610397339
leaf_count=1180 66 45 57 24 318 429 32 54 58 87 49 2187 79 604 28 485 36 262 42 200 20 21 86 580 52 815 219 217 53 26
internal_value=-2.62775e-05 -0.00104721 -0.00376083 0.00382776 0.00256723 4.51302e-05 -0.000779192 0.00269964 0.00898583 0.0128614 0.000352816 0.000619299 -0.0063005 -0.00396976 0.00207181 0.000334149 0.000738341 0.000962932 0.00485688 8.55864e-05 -0.00590121 0.00269355 -0.00127602 -0.000299094 -0.00185798 -0.000893503 -0.00922871 -0.00383487 0.00459634 0.0087496
internal_weight=8408.6 6647.64 1907.93 1760.96 1415.13 4739.71 3616.62 1123.09 345.829 214.012 2638.98 2572.69 943.548 525.372 1378.77 816.656 2559.44 2504.89 460.6 2044.29 427.267 131.816 964.381 1953.76 909.837 779.535 418.176 977.639 562.114 81.8171
internal_count=8411 7245 1977 1166 934 5268 4034 1234 232 145 3388 3339 979 703 910 539 3307 3271 304 2967 624 87 998 2767 953 867 276 646 371 54
is_linear=0
shrinkage=0.03


Tree=39
num_leaves=31
num_cat=0
split_feature=97 97 14 86 3 21 80 32 14 102 13 8 1 59 54 16 42 66 16 45 24 94 41 41 41 95 54 59 87 95
split_gain=46.3606 16.4467 15.6562 11.3304 11.0817 10.2184 8.27997 7.58601 7.57991 7.39278 6.97886 6.65654 6.5106 6.27213 5.74401 5.59263 5.54069 5.47161 5.45091 5.33361 5.19128 4.79995 6.72008 4.53676 4.53453 4.98098 4.53207 4.5212 4.50301 5.04794
threshold=67.466858798444974 110.27313187179264 60.015000000000008 0.6776112468896397 2.0250000000000004 0.91889451886228757 16.560413793103454 7.9897142857142862 51.315000000000005 71.500000000000014 2.1555000000000004 3.4750000000000005 1.0000000180025095e-35 24.565000000000001 -0.20999999999999983 -0.94909439586795796 -0.20000000000000004 0.24500000000000002 -0.32003431175174007 11.725000000000003 23.008970500000004 1.1815468541086591 1.595 0.65000000000000036 0.56500000000000017 20.465000000000003 -0.039999999999999918 18.635000000000002 1.385 22.445000000000004
decision_type=10 10 8 2 2 10 10 10 10 2 10 2 2 8 2 2 2 2 2 10 2 8 2 2 2 10 2 10 2 10
left_child=2 5 4 14 19 6 10 -6 11 -5 -2 -7 -13 28 -4 -11 -17 23 -3 -1 -18 -19 -23 -16 -12 -26 -9 -20 -10 -30
right_child=1 18 3 9 7 8 -8 26 13 15 24 12 -14 -15 17 16 20 21 27 -21 -22 22 -24 -25 25 -27 -28 -29 29 -31
leaf_value=-0.0037043173121937374 0.011220621370290933 0.01109660232378438 0.0030605612087245271 -0.026182371539455695 -0.020711165186668705 -2.7175202067575867e-05 -0.0090874678361377702 -0.003275786604675607 0.0011828012389514695 0.0091152330736018212 0.004979702101664308 -0.014423647771612057 -0.0011010433186121305 -0.010153705389149583 -0.0014879265836811656 -0.00059549630376369567 0.0019371045236594973 0.015459899664803205 0.0083942181134642694 0.0011580658394824276 -0.0063188635915323241 0.0010995527573683195 -0.017106007322606146 -0.0095467679287230874 0.0040695243857985846 -0.0032081619393251513 -0.0076199302344897796 0.00027135163607542418 0.013799629515722752 -0.00037716286343031906
leaf_weight=452.64563456177711 121.21054649353027 245.07257369160652 596.58315852284431 12.499837607145308 31.817768454551697 168.17963325977325 42.423691272735596 371.58608159422874 906.04883503913879 33.332900285720825 714.38465839624405 80.301987051963806 56.059877753257751 40.908559441566467 757.56591558456421 387.87374877929688 79.16563817858696 20.454279720783234 139.39212846755981 368.17703497409821 510.97821006178856 1083.3192592859268 18.560364931821823 68.559715360403061 187.11878114938736 154.5434467792511 516.65995442867279 110.60462367534637 56.059877753257751 37.87829577922821
leaf_count=301 80 164 801 21 21 111 28 246 598 76 473 53 37 27 905 631 140 15 92 243 824 1660 46 79 125 102 341 73 37 25
internal_value=-2.99914e-05 0.00291103 -0.00172499 -0.000587246 -0.00405742 0.00194483 0.00393352 -0.00631818 0.00014202 -0.0032523 0.00440275 -0.00402094 -0.00894658 0.00136 0.000484883 -0.00296889 -0.00338074 -0.000303744 0.00791722 -0.00152331 -0.00521136 0.0010602 0.000792893 -0.00215673 0.00362021 0.000777622 -0.00580261 0.00480047 0.00183102 0.00808318
internal_weight=8369.97 3060.19 5309.78 3568.89 1740.89 2565.12 1219.68 920.064 1345.44 1023.85 1177.26 304.541 136.362 1040.9 2545.04 1011.35 978.018 1948.46 495.069 820.823 590.144 1122.33 1101.88 826.126 1056.05 341.662 888.246 249.997 999.987 93.9382
internal_count=8375 2025 6350 5198 1152 1696 808 608 888 1692 780 201 90 687 3506 1671 1595 2705 329 544 964 1721 1706 984 700 227 587 165 660 62
is_linear=0
shrinkage=0.03


Tree=40
num_leaves=31
num_cat=0
split_feature=97 89 97 39 55 19 54 58 55 81 94 15 44 15 39 55 14 96 14 80 45 15 93 93 54 14 94 7 95 44
split_gain=48.607 15.9414 11.6846 11.6006 8.9529 9.97054 7.85838 7.73368 7.45116 6.92225 6.88916 6.69476 6.48324 6.7641 6.30757 7.46491 6.42988 6.06354 5.80654 6.02532 8.78271 6.1586 5.71158 10.1074 5.69618 5.05644 5.02538 4.99856 4.98716 5.08182
threshold=90.768873776688963 2.8250000000000006 59.314293019221147 0.85500000000000009 -0.048289473684210417 0.77151354329250521 -0.27999999999999986 1.4931316386838225 -0.00099999999999993085 11.585000000000003 4.4767458816740247 1020.7605000000001 16.492368421052635 1026.9165 1.5150000000000003 0.27402631578947401 54.185000000000009 4.6505000000000232 93.750000000000014 9.5055862068965542 17.105000000000004 1014.9785000000001 11.590000000000002 11.180000000000001 0.060000000000000282 89.450000000000017 4.5283028815878996 10.385000000000003 16.565000000000001 15.599473684210528
decision_type=10 2 8 2 2 10 2 10 2 10 10 8 8 10 2 2 10 2 10 10 10 10 10 10 2 10 10 2 8 10
left_child=1 2 8 -3 11 17 28 10 9 -1 12 -5 13 25 -8 16 -16 -6 19 20 21 -9 23 -10 -21 -2 -18 -24 -4 -30
right_child=7 3 6 4 5 -7 14 18 22 -11 -12 -13 -14 -15 15 -17 26 -19 -20 24 -22 -23 27 -25 -26 -27 -28 -29 29 -31
leaf_value=0.011843760578075698 0.0083747107649905696 -0.023229021003220121 0.011524454533486994 0.0038407561862942559 -0.0020761700055102594 -0.010571535061478194 0.002634242981970908 0.017791248244373042 -0.0018506992599730131 -0.00042054562630633306 -0.0035870856676056533 -0.0025656544328383373 -0.0019934012152338643 -0.002789358453897529 -0.0025407295652567405 0.016937664076208787 0.0017426598785050557 -0.00869943243698546 -0.0018326116873200755 0.012132436019391107 0.023523891158336151 0.0015652332764842327 -0.0043857800775207144 0.018402020097819473 0.003476480019641195 0.00030549631504576366 -0.0099956905340547412 0.0042537726868247449 0.0024736951599889532 0.017436560429709116
leaf_weight=43.18125718832016 433.32770371437073 26.514807045459747 69.696064233779907 211.36089044809341 613.24960866570473 227.26977467536926 694.3091616332531 36.363163948059082 96.589654237031937 1015.138326883316 106.05922818183899 480.67557343840599 112.1197555065155 71.211196064949036 989.00230279564857 21.211845636367798 687.8698513507843 156.05857861042023 45.453954935073853 113.63488733768463 57.57500958442688 49.999350428581238 1139.7579199969769 28.78750479221344 171.96746283769608 83.332250714302063 34.469249159097672 63.635536909103394 553.02311837673187 21.211845636367798
leaf_count=30 286 58 46 147 890 150 1071 27 69 670 70 609 74 47 1663 38 454 103 30 75 38 33 753 19 115 55 25 42 767 14
internal_value=-5.5348e-05 -0.00101667 -0.000223859 -0.00353956 -0.00323039 -0.00505071 0.00099998 0.00532744 -0.00179823 7.98591e-05 0.00353809 -0.000609017 0.00461766 0.00587853 0.000218245 -0.00074995 -0.000969186 -0.00341974 0.00836391 0.00944291 0.0144479 0.00839724 -0.00329406 0.00279947 0.00692049 0.00707322 0.00118252 -0.00392892 0.0039462 0.00302641
internal_weight=8454.06 7173.01 5457.88 1715.13 1688.61 996.578 3070.79 1281.04 2387.09 1058.32 806.05 692.036 699.991 587.871 2426.86 1732.55 1711.34 769.308 474.994 429.54 143.938 86.3625 1328.77 125.377 285.602 516.66 722.339 1203.39 643.931 574.235
internal_count=8468 7618 5661 1957 1899 1143 4078 850 1583 700 532 756 462 388 3251 2180 2142 993 318 288 98 60 883 88 190 341 479 795 827 781
is_linear=0
shrinkage=0.03


Tree=41
num_leaves=31
num_cat=0
split_feature=97 41 97 2 90 80 72 9 85 27 54 81 70 7 55 8 33 97 54 39 21 69 102 72 57 70 18 46 50 16
split_gain=43.5643 18.2198 13.0599 12.8155 9.40191 8.94167 8.23857 7.80117 6.67341 6.29613 6.22586 7.04097 6.53262 6.16069 6.08671 5.92462 9.23589 5.82739 6.08448 5.67027 5.41656 5.1898 5.07106 4.91683 6.83116 7.16717 6.52303 5.48813 4.55829 4.55488
threshold=90.768873776688963 1.885 50.83211566868362 1.0000000180025095e-35 1.5250000000000004 12.57554827586207 2.7484999999999791 314.89000000000004 1.3389310344827587 1.5150000000000003 -0.010000000000000118 11.585000000000003 3.1492023791484911 9.5650000000000031 0.018210526315789548 6.3450000000000006 17.455000000000002 139.59442723038003 0.044999999999999936 1.5950000000000004 0.98965137174641782 12.795000000000002 71.500000000000014 0.22750000000002049 20.160000000000004 2.9981664719444239 -0.42127324806694988 0.67251555086555503 0.88434679115403914 -0.62707976250810538
decision_type=10 2 8 2 2 10 2 2 2 2 2 8 8 2 2 2 10 10 2 2 8 10 2 2 8 10 10 10 2 2
left_child=1 2 5 4 13 10 8 -3 20 17 11 -1 21 15 -10 16 -4 18 -2 -6 -5 -12 -21 24 25 -11 27 -25 -22 -24
right_child=9 7 3 6 19 -7 -8 -9 14 23 12 -13 -14 -15 -16 -17 -18 -19 -20 22 28 -23 29 26 -26 -27 -28 -29 -30 -31
leaf_value=0.01286800075325541 0.019351014891951773 -0.025917673266146486 0.0012413983953992759 0.024503489695824034 0.0082537209632593724 -0.0062464056612721967 -0.0089427759909851343 0.0005797756980604618 -0.00086120918209936297 0.0015904864695295449 -0.0017053617517211169 -0.00030908249904837627 0.0067418536890035494 0.010103001316235297 -0.0064565270931737856 -0.015616207727559585 0.010888368728432051 0.021823174976063835 0.0045352848281715796 -0.018220063665867692 0.0015595566035535816 -0.0062520008308762755 0.0045686028513481384 0.0013432039689009482 -0.0081100117135064643 0.013041611149427307 0.00053500441607274272 0.0094284834288398695 -0.021970419347888296 -0.0029871240269080043
leaf_weight=38.635861694812775 31.817768454551697 37.499512821435928 2658.6775807440281 9.0907909870147687 46.211520850658417 519.69021809101105 163.63423776626587 13.636186480522154 385.97983399033546 351.51058483123779 465.14547216892242 658.70356360077858 54.923528879880905 76.135374516248703 320.07159933447838 18.181581974029541 92.423041701316833 32.196551412343979 115.52880212664604 18.181581974029541 338.25318130850792 439.38823103904724 80.301987051963806 95.45330536365509 54.544745922088623 57.196226626634598 149.99805128574371 362.49529060721397 7.5756591558456412 678.77906036376953
leaf_count=27 21 78 2783 6 59 343 108 24 692 232 313 449 49 54 476 15 61 22 77 12 860 290 74 63 36 40 99 240 17 739
internal_value=-0.000101818 -0.00100877 -0.000879719 -1.98147e-05 0.000867156 -0.00281308 -0.00267716 -0.0188517 -0.00171081 0.00506194 -0.00173614 0.000420989 -0.00330396 0.00168414 -0.00339771 0.00145268 0.00156549 0.010261 0.00773457 -0.00195584 0.00164499 -0.00391395 -0.00256284 0.00419053 0.00186215 0.00319301 0.00596474 0.00774321 0.00104411 -0.00218782
internal_weight=8371.86 7121.12 7069.98 4893.5 3668.89 2176.49 1224.61 51.1357 1060.97 1250.74 1656.8 697.339 959.457 2845.42 706.051 2769.28 2751.1 179.543 147.347 823.474 354.92 904.534 777.263 1071.2 463.252 408.707 607.947 457.949 345.829 759.081
internal_count=8359 7529 7427 5956 3797 1471 2159 102 2051 830 1128 476 652 2913 1168 2859 2844 120 98 884 883 603 825 710 308 272 402 303 877 813
is_linear=0
shrinkage=0.03


Tree=42
num_leaves=31
num_cat=0
split_feature=97 89 14 97 98 95 31 54 55 87 88 33 83 68 41 91 81 54 7 24 33 42 20 21 64 51 29 89 70 106
split_gain=39.0569 13.892 11.2425 10.9937 10.5725 8.29613 8.09362 7.28825 7.22556 6.93323 6.82012 9.17084 6.56411 10.4007 6.132 6.18694 8.1447 5.87116 5.18418 5.11394 5.65935 5.05031 4.90342 4.82922 4.67571 4.63061 4.61248 6.39781 4.47847 4.42136
threshold=73.903903099643642 3.225000000000001 60.015000000000008 107.22118796460278 96.690988813212272 24.565000000000001 0.13200000000000042 0.19999999999999987 0.034289473684210585 1.5750000000000004 3.3150000000000004 17.685000000000006 13.380000000000001 10.457267123287673 1.885 0.012896020443059656 13.665000000000001 -0.094999999999999959 5.2350000000000012 96.029247000000012 12.785000000000002 -0.26000000000000006 -0.43499537990036857 0.67918504973244176 3.2050000000000005 1.1150000000000004 0.6399999999999999 3.6950000000000007 2.044610234568045 30.500000000000004
decision_type=10 2 8 10 10 10 2 2 2 2 2 10 8 8 2 2 8 2 2 2 10 2 10 10 2 2 2 2 10 2
left_child=1 2 4 5 -1 7 28 9 -6 -2 11 22 13 17 15 16 -14 -4 -5 20 24 -17 -9 -19 -18 -24 29 -28 -3 -8
right_child=3 6 12 18 8 -7 26 10 -10 -11 -12 -13 14 -15 -16 21 19 23 -20 -21 -22 -23 25 -25 -26 -27 27 -29 -30 -31
leaf_value=-0.005714622612143846 0.0040406245543746075 -0.0017723280944996881 0.0095944602687823132 0.015048144175826478 0.0010446162226641004 -0.0029001307614758302 0.0035630132139148345 0.0048576352706586473 -0.0039016207208540862 0.014045616876492166 -0.0046625007277728897 0.015462116152567876 -0.0029524613355612858 0.020637223775195716 -0.020060650290452918 0.0016146198656673977 0.0027819553900698384 -0.0044332753023570617 0.0057943820468594311 -0.0081738296436613279 0.0078115991777845716 -0.0023656114903550544 0.0039883829514974498 0.0032715956379758882 -0.0045151612020593668 -0.0027426594032872098 -0.008828136873034121 -0.034945450207289612 -0.0080810961158927167 -0.0099272725673749725
leaf_weight=659.83991247415543 727.26327896118164 454.53954935073853 81.817118883132935 60.984056204557419 669.30948641896248 263.63293862342834 25.378458172082901 227.26977467536926 440.90336287021637 68.180932402610779 160.60397410392761 43.938823103904724 304.54149806499481 30.302636623382568 14.014969438314436 375.37391117215157 704.53630149364471 112.1197555065155 511.35699301958084 37.87829577922821 183.33095157146454 1217.4084263443947 134.84673297405243 210.98210749030113 89.013995081186295 289.39017975330353 19.696713805198669 14.772535353899 130.30133748054504 157.95249339938164
leaf_count=437 480 648 54 41 444 174 40 153 291 45 106 29 201 20 37 541 1344 74 339 40 124 1861 89 143 154 191 34 24 86 180
internal_value=-2.33998e-05 -0.00134616 -0.000772076 0.00313212 -0.00270715 0.00204183 -0.00501632 0.00283073 -0.000919703 0.0048982 0.000909628 0.00219644 0.000246924 0.00368443 -0.000264363 -0.00016909 0.00135028 0.00241575 0.00678039 0.00264158 0.00306095 -0.00142758 0.00130178 0.000597924 0.00196342 -0.00060315 -0.00995285 -0.0200213 -0.00317791 -0.00805982
internal_weight=8421.48 5934.01 5131.37 2487.47 1770.05 1915.13 802.641 1651.49 1110.21 795.444 856.049 695.446 3361.32 435.222 2926.1 2912.08 1319.3 404.919 572.341 1014.76 976.881 1592.78 651.507 323.102 793.55 424.237 217.8 34.4692 584.841 183.331
internal_count=8424 6777 5765 1647 1172 1267 1012 1093 735 525 568 462 4593 291 4302 4265 1863 271 380 1662 1622 2402 433 217 1498 280 278 58 734 220
is_linear=0
shrinkage=0.03


Tree=43
num_leaves=31
num_cat=0
split_feature=97 97 89 55 71 55 98 95 68 82 65 87 63 99 34 102 98 21 90 75 68 13 79 19 99 15 19 63 98 75
split_gain=39.4189 15.5901 13.6755 9.93334 9.58257 9.66739 9.54505 7.7409 7.65425 7.21841 9.84104 7.05345 6.76209 6.8805 6.33658 6.29975 5.99802 5.35756 5.26358 5.0798 4.86638 5.01307 4.69517 4.55946 4.38567 4.32581 4.26836 4.24617 5.27659 5.47745
threshold=67.466858798444974 110.27313187179264 3.1950000000000007 0.045526315789473748 13.445000000000002 -0.074078947368421008 67.564966566934018 24.565000000000001 10.538561643835619 1.0928399849227073 0.98000000000000043 1.5750000000000004 0.54500000000000015 2.3375320722946493 0.48010662800748044 71.500000000000014 75.159629477274393 0.37412086462201538 2.7650000000000006 1.9550000000000003 9.4988904109589054 8.4350000000000005 0.046719270640503505 -0.38510068249206081 1.4900982664475533 1022.9465000000001 0.83489589541234943 1.3150000000000002 49.678623502104237 1.2850000000000004
decision_type=10 10 2 2 10 2 8 10 10 8 2 2 2 2 10 2 10 10 2 2 10 10 2 8 2 10 10 2 8 2
left_child=2 3 4 7 8 -6 -4 11 9 10 -1 17 13 -5 -14 -11 -7 24 -8 -16 -3 25 26 -17 -2 -22 -23 28 -25 -30
right_child=1 20 6 12 5 16 18 -9 -10 15 -12 -13 14 -15 19 23 -18 -19 -20 -21 21 22 -24 27 -26 -27 -28 -29 29 -31
leaf_value=-3.8398936300959257e-05 0.0059639058228698767 0.016053446942392906 -0.018374945530668072 0.016217363672968346 0.0014148750734474336 -0.0064320599754472086 -0.0033183044934150135 -0.0012282485872645212 0.019243433495365381 -0.012618383747125836 0.016525479332243236 0.011207424465799722 -0.0058018904859086316 0.00046479225295749035 0.00068721180286301963 -0.0051330656905349955 -0.0023063005504945977 0.0024411861836148639 -0.010650521528758406 -0.0091836309277299865 0.010497905866264864 0.0087003723480594351 -0.0047958319922635573 -0.0077127613559195476 0.017895676787342243 0.00041762331870517401 -0.0039093806619485668 -0.0008839949080070937 0.0025240338301419081 0.02548725979549557
leaf_weight=73.483893811702728 215.52750298380852 52.650831133127213 48.484218597412109 42.423691272735596 544.31111034750938 389.388880610466 520.82656696438789 265.14807045459747 19.696713805198669 35.226815074682236 57.57500958442688 124.24081015586853 206.81549495458603 60.605273246765137 762.49009403586388 133.3316011428833 1709.0687055587769 792.41394770145416 106.05922818183899 49.999350428581238 243.93622481822968 100.37748381495476 54.544745922088623 45.453954935073853 31.817768454551697 45.453954935073853 31.817768454551697 809.83796375989914 732.94502332806587 9.4695739448070508
leaf_count=56 143 37 32 28 360 257 715 175 13 66 38 82 138 40 507 88 1131 523 175 33 161 67 36 30 21 30 21 1772 1512 25
internal_value=1.78251e-05 0.00271062 -0.00156656 0.001739 -0.000976458 -0.00214777 -0.00555065 0.00339781 0.000638294 0.000445149 0.00723822 0.00445158 -0.000373271 0.00695115 -0.00111361 -5.89051e-05 -0.00307187 0.00364432 -0.0045588 7.97753e-05 0.00739886 0.00644183 0.00260976 0.000196682 0.00749877 0.00891462 0.00566536 0.000641459 0.00220945 0.00281693
internal_weight=8315.42 3080.26 5235.16 2551.48 4559.79 2642.77 675.37 1429.15 1917.02 1897.32 131.059 1164 1122.33 103.029 1019.3 1766.26 2098.46 1039.76 626.886 812.489 528.781 476.13 186.74 1731.04 247.345 289.39 132.195 1597.71 787.869 742.415
internal_count=8312 2042 6270 1690 5348 1748 922 944 3600 3587 94 769 746 68 678 3493 1388 687 890 540 352 315 124 3427 164 191 88 3339 1567 1537
is_linear=0
shrinkage=0.03


Tree=44
num_leaves=31
num_cat=0
split_feature=97 14 86 58 98 8 98 2 42 75 80 16 45 87 20 82 84 60 98 88 59 72 69 54 29 7 39 17 30 14
split_gain=36.3561 11.7707 10.4059 10.4006 9.28967 8.27581 7.31424 9.98547 6.35461 6.03457 8.51953 9.71714 6.68409 5.28721 5.24585 5.19868 4.96117 5.17873 5.4176 5.13653 6.03775 4.70561 4.5003 4.43467 4.36282 5.54274 6.28289 6.04956 5.64363 5.39419
threshold=67.466858798444974 60.015000000000008 0.68805779182273086 0.70623907765945304 47.529130829982577 3.3250000000000006 135.25109231720964 1.0000000180025095e-35 -0.21000000000000005 0.44500000000000006 10.882937931034485 -0.598674154253094 16.045000000000005 0.44500000000000006 -0.15798571900135752 1.691103345195005 2.5780000000000318 3.1444999999999941 158.10600323725143 3.9750000000000005 18.125000000000004 2.7484999999999791 17.105000000000004 -0.23000000000000007 1.2000000000000004 10.285000000000002 1.2150000000000001 -0.032282979058982857 0.60500000000000009 83.750000000000014
decision_type=10 8 2 10 10 2 10 2 2 2 10 2 10 2 10 8 2 2 10 2 10 2 10 2 2 2 2 2 2 10
left_child=1 4 23 -2 -1 -6 7 -5 15 12 11 13 -8 -11 -7 -4 19 18 -18 20 -12 -9 -15 -3 25 26 27 -25 -29 -27
right_child=3 2 8 6 5 14 9 21 -10 10 16 -13 -14 22 -16 -17 17 -19 -20 -21 -22 -23 -24 24 -26 29 -28 28 -30 -31
leaf_value=-0.017362625093741993 -0.0017704827400450373 0.002905060988341816 0.0086733953546861281 0.00245852891046672 -0.0010594202901837079 -0.004352037440720942 0.0043052346195781863 -0.0028580995154645849 -0.0049815708266167926 0.024941256255877824 0.0051257427337642672 0.0058862032899268469 -0.008034694686989724 0.0049506237171855804 -0.011480631473812054 -0.0014604189238248036 0.0043028958789910103 -0.001331906072916057 0.012671938192883045 0.010054764809546726 -0.0020297471255670812 -0.016059169084479897 0.017890635345239842 -0.0028952232536468285 -0.018670729963842208 -0.0019445743992046688 -0.00096109134817693072 0.0067448644542499967 0.027633590109868579 0.011094113851252498
leaf_weight=42.423691272735596 418.17638540267944 549.23528879880905 53.029614090919495 1037.4865213930607 852.64043799042702 749.232690513134 96.968437194824219 80.301987051963806 615.14352345466614 37.87829577922821 169.69476509094238 331.81387102603912 66.66580057144165 46.211520850658417 106.05922818183899 323.48064595460892 151.51318311691284 63.635536909103394 128.78620564937592 59.090141415596008 283.32965242862701 34.848032116889954 50.756916344165802 55.302311837673187 11.363488733768461 45.832737892866135 1728.3866364061832 95.45330536365509 13.257403522729872 75.756591558456421
leaf_count=28 276 742 35 690 565 496 64 53 1006 25 112 219 44 32 70 578 100 42 85 39 187 23 35 104 27 46 2397 180 23 50
internal_value=1.8429e-05 -0.00148054 -0.000491612 0.00262523 -0.00349541 -0.00315096 0.00332178 0.00152828 -0.00310275 0.00471261 0.00538495 0.00864591 -0.000722144 0.0154366 -0.00523601 -3.31211e-05 0.00360729 0.00639412 0.00814813 0.00173567 0.00065057 -0.00685316 0.0117239 0.000514119 -0.000134257 -2.96693e-05 -0.000428599 0.00518286 0.00929227 0.00617922
internal_weight=8373.75 5316.6 3566.24 3057.16 1750.36 1707.93 2638.98 1152.64 991.654 1486.34 1322.71 466.661 163.634 134.847 855.292 376.51 856.049 343.935 280.299 512.115 453.024 115.15 96.9684 2574.59 2025.35 2013.99 1892.4 164.013 108.711 121.589
internal_count=8373 6347 5188 2026 1159 1131 1750 766 1619 984 876 311 108 92 566 613 565 227 185 338 299 76 67 3569 2827 2800 2704 307 203 96
is_linear=0
shrinkage=0.03


Tree=45
num_leaves=31
num_cat=0
split_feature=97 53 83 20 63 97 42 54 84 14 60 13 95 16 39 81 95 94 98 66 85 65 47 46 84 98 23 13 80 88
split_gain=34.0715 12.2107 12.7365 11.5117 9.74103 7.70834 7.49513 6.98496 6.76747 6.57192 6.48811 6.3503 7.75125 6.32789 7.65759 6.31318 6.04373 10.1116 5.45604 5.79924 5.44854 4.79262 4.5851 4.98411 4.53686 4.75441 4.49359 4.81669 4.46284 4.42061
threshold=67.466858798444974 2.6750000000000003 18.920000000000005 -0.38469811104941415 0.65500000000000014 94.030950788319998 -0.069999999999999937 -0.1799999999999998 7.3020000000000218 56.585000000000008 4.0600000000000032 1.9595000000000002 20.585000000000004 -0.29679158731709177 1.385 11.585000000000003 15.005000000000001 3.6923657607019371 31.117232046538469 -0.30999999999999989 1.0327851649714712 1.0350000000000004 19.790000000000003 1.5308855838896653 7.4965000000000837 106.2516907439708 1.6456431819493025 9.0250000000000004 14.175000000000002 3.2450000000000006
decision_type=10 2 10 10 2 10 2 2 2 10 2 10 10 2 2 8 10 10 8 2 2 2 10 10 2 10 2 10 10 2
left_child=1 2 7 8 -3 10 -4 15 11 -7 26 28 22 14 -11 -1 17 18 -9 -20 -15 29 -13 -24 25 -18 -5 -28 -2 -14
right_child=3 4 6 5 -6 9 -8 16 -10 13 -12 12 21 20 -16 -17 24 -19 19 -21 -22 -23 23 -25 -26 -27 27 -29 -30 -31
leaf_value=0.014470789192435883 0.018671212237784937 -0.02633540893092139 -0.0016462036438183959 -0.0012730837751022568 0.0070164574480968524 -0.001090399747617269 -0.0058563258582228104 -0.013567575220089851 -0.0085545021300174311 0.02044090377511527 -0.014432652378825843 0.0052492406098945052 -0.0023081084328948967 -0.0042959384814240881 0.0061613471682387894 0.0012030752296272752 -0.0047631632741357219 0.025679129864164901 -0.0054326281988449389 0.00060978034351651382 0.0051813233927232505 -0.0016260745638570558 0.0048835844105474171 0.02130620950313427 0.0032387088222362611 -0.00025546009891626 0.0087320532982919676 -0.00087623524678299015 0.0067069106154421564 0.0083315641979368818
leaf_weight=33.332900285720825 46.969086766242981 30.68141958117485 779.15654417872429 856.04948461055756 10.605922818183897 203.02766537666321 743.92972910404205 27.272372961044312 34.848032116889954 45.453954935073853 30.302636623382568 730.2935426235199 51.514482259750366 75.756591558456421 131.81646931171417 1019.3049394190311 749.99025642871857 13.636186480522154 159.84640818834305 1352.6339422762394 195.45200622081757 259.08754312992096 31.817768454551697 34.848032116889954 98.483569025993347 292.79922637343407 92.423041701316833 95.45330536365509 69.696064233779907 110.60462367534637
leaf_count=22 31 72 518 565 13 134 491 18 23 30 20 488 34 50 87 1533 495 9 353 2560 129 171 21 23 65 194 61 63 46 73
internal_value=-5.87022e-05 -0.00151664 -0.00138933 0.00244309 -0.017768 0.000813215 -0.00370258 -0.000449108 0.00449665 0.00338778 -0.000748227 0.00483737 0.00419702 0.00541506 0.00982277 0.00162321 -0.00125864 -4.0834e-05 -0.000268612 -2.88113e-05 0.00253404 0.000905287 0.00593675 0.0134681 -0.00291619 -0.00349747 -0.000351001 0.00385042 0.0115237 0.00495073
internal_weight=8407.09 5311.67 5270.39 3095.41 41.2873 1725.74 1523.09 3747.3 1369.68 651.507 1074.23 1334.83 1218.17 448.479 177.27 1052.64 2694.66 1553.39 1539.75 1512.48 271.209 421.207 796.959 66.6658 1141.27 1042.79 1043.93 187.876 116.665 162.119
internal_count=8392 6343 6258 2049 85 1139 1009 5249 910 430 709 887 810 296 117 1555 3694 2940 2931 2913 179 278 532 44 754 689 689 124 77 107
is_linear=0
shrinkage=0.03


Tree=46
num_leaves=31
num_cat=0
split_feature=98 14 20 56 86 55 98 14 63 16 55 60 83 16 70 84 41 16 85 95 87 57 25 39 55 16 84 43 89 100
split_gain=24.7057 12.9187 10.156 11.7194 9.69363 9.21004 8.44318 8.41082 6.28075 12.8167 6.46988 5.46098 5.42895 6.45269 5.29088 5.6199 5.2796 5.8664 4.93388 7.41548 10.4062 5.70923 4.84107 4.79669 5.03262 4.7469 8.41012 5.88415 6.10731 5.05422
threshold=120.66121808991529 72.00500000000001 -0.39225684404785627 17.368243243243246 0.68131469052956384 0.072842105263158041 97.524019792138958 51.315000000000005 0.7350000000000001 -0.5549170249155323 -0.18684210526315781 3.6374999999999322 13.380000000000001 0.17648349576033365 3.7678826683256559 -5.8350000000000355 1.7050000000000003 -0.94909439586795796 1.1007639257294433 22.100000000000005 1.385 17.910000000000004 4.1837500000000007 1.4450000000000001 0.12621052631578975 0.50851550599715478 0.1130000000000564 0.31836363636363668 2.3550000000000009 0.74736608346528222
decision_type=10 8 10 10 2 2 10 10 2 2 2 2 10 2 10 2 2 2 2 10 2 10 2 2 2 2 2 2 2 2
left_child=1 5 3 23 14 6 12 11 9 -9 -10 -4 13 -1 15 -3 17 -6 -12 20 -20 -21 -23 -2 -25 27 29 -17 -29 -27
right_child=2 4 7 -5 16 -7 -8 8 10 -11 18 -13 -14 -15 -16 25 -18 -19 19 21 -22 22 -24 24 -26 26 -28 28 -30 -31
leaf_value=-0.0065063088233774996 0.0095653286235744608 -0.0057600214632753371 -0.0022400117308357457 -0.0078752905703087274 0.012116277524668621 -0.006189967542041464 0.0001197722925755535 0.018210163451109502 0.011693971349905904 0.00072637938182857264 -0.0043837971252581901 -0.015238133226544739 -0.0044332468267807984 0.011358285890561318 0.019769552366234882 -0.00011847668533979556 -0.01696344318823232 -0.0027617682886278199 0.0023758337052992751 -0.0063459469406671526 0.018965546175044437 0.0037167269438251522 -0.0094409694752816461 0.0051055438524788598 -0.00049513241937913972 0.005403520011548933 0.0085668046370868355 0.017488812457726294 -0.0023586434374038463 -0.00089039401581307825
leaf_weight=31.060202538967133 170.83111396431923 104.54409635066986 339.38953018188477 68.180932402610779 24.620892256498337 569.68956851959229 978.39637997746468 60.605273246765137 48.484218597412109 99.998700857162476 159.08884227275848 31.817768454551697 922.71528518199921 43.938823103904724 13.636186480522154 1263.2411642372608 22.726977467536926 763.62644290924072 530.29614090919495 157.57371044158936 36.363163948059082 148.48291945457458 30.302636623382568 825.74684798717499 174.99772650003433 176.13407537341118 199.99740171432495 35.226815074682236 23.105760425329208 329.91995623707771
leaf_count=22 115 69 224 45 65 382 648 40 32 66 105 21 609 29 9 2261 60 1404 350 104 24 98 20 545 117 234 132 87 49 418
internal_value=-8.4186e-05 -0.00126274 0.0021659 0.00421563 8.60625e-05 -0.00282929 -0.00186045 0.00061868 0.0017788 0.00732403 0.000976896 -0.00335414 -0.00380233 0.00395982 0.00114206 0.00102293 -0.00270807 -0.00229705 0.000487671 0.0013459 0.00344041 -0.0021827 0.00148661 0.00491927 0.00412617 0.00137266 0.00335857 0.000311683 0.00962716 0.00130023
internal_weight=8384.74 5502.58 2882.16 1239.76 2956.78 2545.8 1976.11 1642.4 1271.2 160.604 1110.59 371.207 997.714 74.999 2145.81 2132.17 810.974 788.247 1062.11 903.019 566.659 336.359 178.786 1171.58 1000.74 2027.63 706.051 1321.57 58.3326 506.054
internal_count=8384 6478 1906 822 4788 1690 1308 1084 839 106 733 245 660 51 3259 3250 1529 1469 701 596 374 222 118 777 662 3181 784 2397 136 652
is_linear=0
shrinkage=0.03


Tree=47
num_leaves=31
num_cat=0
split_feature=97 30 3 93 97 2 15 78 7 65 93 58 13 63 103 9 94 33 55 46 55 89 18 7 42 89 38 47 70 57
split_gain=34.6225 12.6209 9.61503 8.3645 10.2154 11.8144 11.0342 6.72946 6.62 6.12267 6.10792 6.09232 6.09512 5.62452 6.04608 5.43592 4.95055 4.90106 4.83298 4.64073 4.82936 5.00962 4.59645 4.54922 4.34744 6.30446 5.19956 4.31394 5.58485 4.79328
threshold=90.768873776688963 1.2000000000000004 1.8250000000000004 11.590000000000002 56.584147046311095 1.0000000180025095e-35 1015.5170000000002 1.7750000000000006 11.155000000000003 1.8250000000000006 11.180000000000001 0.99036664394318052 -4.4614999999999991 0.87500000000000011 143.50000000000003 245.36500000000004 4.3065920702338758 12.235000000000001 -0.1351842105263156 2.3557467294041921 -0.12899999999999986 3.1950000000000007 -0.54229483007999113 11.465000000000002 -0.37499999999999994 2.5050000000000008 0.37536648561002289 19.405000000000005 3.7036977195867755 16.045000000000005
decision_type=10 2 2 8 8 2 10 2 2 2 10 10 10 2 2 2 10 10 2 10 2 2 10 2 2 2 2 10 10 10
left_child=1 2 17 10 19 24 8 9 13 11 -4 -2 -13 14 -7 -16 -14 23 -8 20 -5 -22 -9 -1 -6 26 27 28 29 -26
right_child=7 -3 3 4 5 6 18 22 -10 -11 -12 12 16 -15 15 -17 -18 -19 -20 -21 21 -23 -24 -25 25 -27 -28 -29 -30 -31
leaf_value=0.00020765395644816028 0.0010518856963739054 -0.024502103335742098 -0.0021000311471469088 0.0012460781968357741 0.00401930637831117 -0.016712517260129969 0.0023617897048514398 0.0034697155938947463 -0.020264161515006783 0.013704249172721922 0.012895517155865984 0.02147658669691303 0.0064101478115768107 -0.0020932142990799669 -0.0037632170563485349 0.011440701778110959 -0.0026870927937432463 0.0045581334602940267 -0.0095180340650136627 0.0065691456729267562 -0.0035016476484528575 -0.0084876938303727646 -0.0072815054318151719 0.011642887593248108 0.001201170567774347 -0.0022203925261649491 0.016040723886379716 0.0072767717352715715 0.01313490568980329 -0.0041972831798764978
leaf_weight=1963.6108531951904 286.35991609096527 20.075496762990952 40.150993525981903 164.01302072405815 297.72340482473373 10.227139860391615 34.848032116889954 77.271723389625549 15.530101269483565 74.241459727287292 62.499188035726547 22.726977467536926 698.4757741689682 398.85845455527306 28.78750479221344 79.923204094171524 58.332575500011444 290.90531158447266 266.6632022857666 40.908559441566467 1367.4064776301384 209.08819270133972 66.66580057144165 31.817768454551697 811.35309559106827 662.87017613649368 21.59062859416008 95.45330536365509 31.060202538967133 181.05825382471085
leaf_count=2214 189 38 46 109 339 27 23 51 41 49 45 15 461 954 76 184 43 192 176 27 904 138 44 24 1038 721 39 63 22 121
internal_value=6.80391e-05 -0.000749011 -0.000681908 -0.00144192 -0.00162627 -0.000538824 -0.00355792 0.00460255 -0.000964659 0.0053742 0.0070301 0.004794 0.00616866 -0.000385815 0.00533995 0.00741458 0.00570896 0.000920333 -0.00814499 -0.00341849 -0.00365323 -0.00416294 -0.0015098 0.000389993 0.000660758 0.000106291 0.00145856 0.00117719 0.000608315 0.000216262
internal_weight=8410.5 7126.42 7106.35 4820.01 4717.36 2935.95 834.838 1284.07 533.326 1140.14 102.65 1065.9 779.535 517.796 118.938 108.711 756.808 2286.33 301.511 1781.42 1740.51 1576.49 143.938 1995.43 2101.11 1803.39 1140.52 1118.92 1023.47 992.411
internal_count=8413 7561 7523 5093 5002 3824 1481 852 1282 757 91 708 519 1241 287 260 504 2430 199 1178 1151 1042 95 2238 2343 2004 1283 1244 1181 1159
is_linear=0
shrinkage=0.03


Tree=48
num_leaves=31
num_cat=0
split_feature=97 55 95 27 83 98 21 23 58 13 94 77 96 100 41 45 93 75 92 39 63 90 94 50 75 84 67 87 19 7
split_gain=27.6271 14.2155 12.3724 11.5065 8.35186 8.92869 8.11077 7.17279 7.09755 6.68152 8.83074 6.58662 6.55044 6.45511 8.01173 7.40069 6.73932 6.1868 5.76382 6.16931 5.6048 5.36636 5.46024 5.01842 4.70805 4.5166 4.17562 5.93866 4.16429 4.15526
threshold=79.687668224845581 -0.00099999999999993085 20.730000000000004 0.96500000000000008 16.960000000000004 106.52071932011306 -0.32730014946278069 1.6069899665595564 0.76251524869580523 1.7065000000000003 3.3059694605088024 1.2450000000000003 11.740500000000056 0.99656911629725753 1.4900000000000002 9.8150000000000031 12.010000000000002 0.21500000000000002 13.434897923875434 1.3750000000000002 1.6950000000000001 1.6650000000000005 4.3459461676016735 0.18280625971506334 1.155 2.7160000000000655 0.050600995732574656 1.2950000000000002 0.48152422454096272 8.9350000000000005
decision_type=10 2 10 2 8 8 8 2 10 10 10 2 2 2 2 8 8 2 10 2 2 2 10 2 2 2 2 2 10 2
left_child=1 4 3 -3 11 20 -7 -2 -9 10 25 -1 23 14 18 -15 -17 -16 19 -5 -6 22 -11 -4 -12 -10 -21 -28 -23 -13
right_child=7 2 12 13 5 6 -8 8 9 21 24 29 -14 15 17 16 -18 -19 -20 26 -22 28 -24 -25 -26 -27 27 -29 -30 -31
leaf_value=0.00074292904293664602 -0.0041491505252607783 -0.026749521756642518 -0.0025756672738212897 0.0018704204791089745 0.00095453881301442282 0.0090762353818012176 0.00051226077098066435 -0.00085570543537267954 0.00069446386176148344 0.0047587344460923494 0.019916994852058119 0.0049998323278030998 0.0078847646410495735 -0.012947953989270417 0.0021803587519378777 0.0114478089615856 0.0013989137467863709 -0.025240402715656213 0.012135618376247959 -0.0035970023849049514 -0.0044776764537081326 0.0033050681649945072 -0.0030454907485357101 -0.008141626827471278 0.0069416966529815575 0.011844898282347029 -0.0015668142210247913 0.0075048637268465262 -0.0062261379976050399 0.013937042697091475
leaf_weight=384.84348511695862 115.15001916885376 15.908884227275847 213.63358819484711 359.46502694487572 247.34527143836021 108.33192592859268 1224.9840855002403 278.78425693511963 107.57436001300812 1092.4100502729416 69.696064233779907 284.08721834421158 30.302636623382568 27.272372961044312 10.984705775976179 73.105110853910446 336.73804947733879 22.726977467536926 27.272372961044312 1119.6824232339859 553.40190133452415 80.301987051963806 87.120080292224884 459.08494484424591 39.393427610397339 46.969086766242981 738.24798473715782 71.211196064949036 84.847382545471191 56.059877753257751
leaf_count=254 76 24 141 475 164 79 1965 184 71 721 46 189 20 18 29 52 511 51 18 1261 366 53 62 303 26 31 986 86 56 37
internal_value=4.62835e-05 -0.000920604 -0.00220099 -0.00130837 0.000649345 -0.000295725 0.00120808 0.0031198 0.00356335 0.00432935 0.00869635 0.00343123 -0.00575945 -0.00116313 -0.0017859 0.00218441 0.00319137 -0.0163055 -0.00157454 -0.00173792 -0.0027997 0.00347317 0.00418231 -0.00637406 0.0152315 0.00408332 -0.00241028 -0.000768744 -0.0015917 0.00647278
internal_weight=8366.94 6364.69 3505.64 2802.62 2859.05 2134.06 1333.32 2002.25 1887.1 1608.31 263.633 724.991 703.021 2786.71 2349.59 437.116 409.843 33.7117 2315.88 2288.61 800.747 1344.68 1179.53 672.719 109.089 154.543 1929.14 809.459 165.149 340.147
internal_count=8355 7029 3975 3511 3054 2574 2044 1326 1250 1066 174 480 464 3487 2906 581 563 80 2826 2808 530 892 783 444 72 102 2333 1072 109 226
is_linear=0
shrinkage=0.03


Tree=49
num_leaves=31
num_cat=0
split_feature=97 90 97 45 16 81 55 7 92 92 53 70 75 91 33 40 88 55 45 14 28 45 19 78 72 68 59 70 54 44
split_gain=25.7923 12.012 10.4352 9.4023 9.11123 9.1209 7.89102 7.4586 7.47476 6.61665 6.11144 5.99503 6.90435 5.68068 5.65471 9.31565 5.33949 5.98445 5.31541 4.57646 5.18492 4.57412 4.54766 5.11816 4.50928 6.27785 4.37385 4.339 4.33842 4.25854
threshold=94.030950788319998 1.5750000000000004 39.319754945540403 8.4200000000000017 -0.94909439586795796 12.005000000000001 -0.024342105263157911 9.5150000000000023 9.3426695501730119 12.725506920415226 2.6750000000000003 0.9798314792880517 0.44500000000000006 0.027262104393008978 17.355000000000004 3.3950000000000005 3.8750000000000004 0.0011052631578948545 16.045000000000005 93.65000000000002 1.7750000000000001 16.915000000000003 0.76666088543399236 2.4450000000000007 5.2925000000000191 13.424472602739728 23.600000000000005 3.238871909133084 -0.55000000000000004 14.707368421052635
decision_type=10 2 8 8 2 8 2 2 8 10 2 10 2 2 10 2 2 2 10 10 2 8 10 2 2 10 10 10 2 10
left_child=1 2 21 -3 -5 -6 -7 14 -9 10 13 -2 18 -8 16 -16 17 -4 -13 20 27 -1 29 -24 -19 -26 -17 -14 -18 -15
right_child=11 3 7 4 5 6 9 8 -10 -11 -12 12 19 22 15 26 28 24 -20 -21 -22 -23 23 -25 25 -27 -28 -29 -30 -31
leaf_value=-0.0032619433018853277 -0.0037800942995627491 -0.025307638922511311 0.0020529969803644607 0.013334001607297185 0.0066913235952304785 -8.2347171986383851e-05 0.0011721026457538774 0.017038419811934134 0.002753783795905464 -0.010365225671747321 -0.019644302928774955 0.0035122244460174591 0.0087195504439234236 -0.0047761779904187786 0.01512256108387643 0.004952070968775436 0.0011831173486201525 -0.00065946558946684136 -0.0093657836692755542 -0.0024132385012834824 0.0052744489572430558 0.0083779144397120846 -0.0063535608041804465 -0.01909267896602224 0.014392251746331927 -0.0034861271570824177 -0.0094117685361397342 0.021233390334374321 -0.003787825708844251 0.0015752651396001031
leaf_weight=906.04883503913879 77.271723389625549 16.666450142860413 1561.3433520197868 31.438985496759415 83.332250714302063 434.46405258774757 186.3612152338028 46.969086766242981 110.60462367534637 166.66450142860413 21.59062859416008 68.180932402610779 110.60462367534637 403.78263300657272 60.984056204557419 51.514482259750366 233.70908495783806 2035.9583981335163 49.999350428581238 57.57500958442688 707.94534811377525 31.438985496759415 153.02831494808197 34.848032116889954 42.423691272735596 30.302636623382568 30.302636623382568 32.196551412343979 487.87244963645935 124.24081015586853
leaf_count=601 51 11 1740 68 55 502 252 31 112 110 51 45 73 601 41 34 239 2357 33 38 468 23 101 23 28 20 20 22 556 82
internal_value=4.64673e-06 -0.000642783 1.79701e-05 -0.00288841 -0.00266054 -0.0029732 -0.00350131 0.000595324 0.0070117 -0.00486344 -0.0038709 0.00427826 0.00488487 -0.00349345 0.00037235 0.00624741 0.000181312 0.000645151 -0.00193616 0.00577234 0.00632631 -0.0028716 -0.00470798 -0.00871646 -0.000397267 0.00694293 -0.00036787 0.011541 -0.00217781 -0.00328172
internal_weight=8389.66 7285.89 5629.47 1656.42 1639.75 1608.31 1524.98 4691.98 157.574 1090.52 923.852 1103.77 1026.5 902.261 4534.41 142.801 4391.61 3670.03 118.18 908.322 850.747 937.488 715.9 187.876 2108.68 72.7263 81.8171 142.801 721.582 528.023
internal_count=8388 7658 5802 1856 1845 1777 1722 5178 143 1220 1110 730 679 1059 5035 95 4940 4145 78 601 563 624 807 124 2405 48 54 95 795 683
is_linear=0
shrinkage=0.03


Tree=50
num_leaves=31
num_cat=0
split_feature=97 83 42 58 84 55 81 45 58 30 84 55 61 13 82 100 96 76 80 57 82 105 53 80 13 12 15 90 46 15
split_gain=23.6455 11.3639 10.6591 9.63271 6.63193 6.48377 6.73245 7.18802 6.24908 5.33468 5.29792 5.23734 5.23723 5.30751 6.56843 5.11754 4.47773 6.77756 6.05892 4.4232 4.26923 4.21851 4.14769 4.09423 6.44649 4.28395 3.91919 4.09731 3.85435 3.82254
threshold=73.903903099643642 18.920000000000005 -0.069999999999999937 0.70623907765945304 -12.356999999999969 -0.0097894736842105631 11.585000000000003 11.605000000000002 1.9051222120211844 1.2000000000000004 2.5780000000000318 0.064526315789473696 1.9028378378378381 23.355000000000004 0.90269016363488497 0.70176113635919146 -3.1050000000000177 2.1350000000000002 12.404289655172416 16.165000000000003 2.1980882001465614 103.50000000000001 2.5350000000000006 9.7791724137931055 5.4145000000000012 283.45000000000005 1017.6880000000001 1.4950000000000003 2.3557467294041921 1026.9165
decision_type=10 10 2 10 2 2 8 10 10 2 2 2 2 8 8 2 2 2 10 10 10 2 2 10 10 10 10 2 10 10
left_child=1 5 -3 -2 -5 6 -1 -8 11 12 23 16 13 21 -15 -9 17 -6 -19 20 -13 -7 -16 24 -10 -25 -18 29 -4 -28
right_child=3 2 28 4 8 9 7 15 10 -11 -12 19 -14 14 22 -17 26 18 -20 -21 -22 -23 -24 25 -26 -27 27 -29 -30 -31
leaf_value=0.012222182285658623 -0.0024697080358124113 -0.00087162056215099777 -0.00581905323949295 0.021896998588431617 9.3053523803018407e-05 -0.0028826910064311323 -0.0004679081136083403 0.007383431457399026 0.02115412985550329 -0.018747731579263873 0.013532730528457861 -0.0010660014921209881 -0.0029110403653969498 0.023697705851612533 0.0018011904052807983 0.00076560487675150486 -0.0011657626673370215 0.016839241124421086 0.0050118402171302427 -0.002263296769780676 0.0056504123684587293 0.0017920811088030534 -0.012425018463538546 0.0049486118484425318 0.0051882314333806601 -0.0048406133848286469 0.0066123192934913052 -0.0015602836425232837 0.0050630325046583467 0.00076234519737322724
leaf_weight=48.863001555204391 328.78360736370087 915.51840898394585 879.53402799367905 16.666450142860413 81.817118883132935 655.67329993844032 1015.5171098411083 218.17898368835449 28.78750479221344 15.530101269483565 74.241459727287292 159.08884227275848 927.63946363329887 12.121054649353026 706.43021628260612 203.02766537666321 206.05792903900146 75.756591558456421 80.301987051963806 350.75301891565323 183.33095157146454 236.36056566238403 18.939147889614105 119.69541466236115 108.71070888638496 60.605273246765137 333.32900285720825 110.60462367534637 30.302636623382568 143.9375239610672
leaf_count=33 217 608 582 11 54 444 1769 144 19 35 49 105 1276 8 1481 134 136 50 53 236 121 156 50 79 74 40 220 73 20 95
internal_value=-0.000158056 -0.00119109 -0.00315698 0.00231021 0.00304675 -0.000306866 0.00127114 0.000898697 0.00289835 -0.00121808 0.00631731 0.00212132 -0.00111162 -8.7258e-05 0.00179573 0.00419354 0.00347622 0.00708672 0.0107533 0.000104517 0.00252995 -0.00164403 0.00142975 0.0046317 0.00853095 0.00165812 0.00239444 0.00364235 -0.00545662 0.00484804
internal_weight=8346.1 5883.64 1825.36 2462.47 2133.68 4058.28 1485.59 1436.72 2117.02 2572.69 392.04 1724.98 2557.16 1629.52 737.49 421.207 1031.8 237.876 156.059 693.173 342.42 892.034 725.369 317.799 137.498 180.301 793.929 587.871 909.837 477.267
internal_count=8372 6740 1210 1632 1415 5530 2080 2047 1404 3450 261 1143 3415 2139 1539 278 681 157 103 462 226 600 1531 212 93 119 524 388 602 315
is_linear=0
shrinkage=0.03


Tree=51
num_leaves=31
num_cat=0
split_feature=97 29 58 83 42 54 90 96 87 45 16 56 21 59 95 94 81 23 45 39 14 85 14 78 72 97 35 95 13 42
split_gain=27.1797 10.4837 10.1097 10.0359 7.1763 7.05857 6.64239 9.84261 7.77378 6.9207 8.97744 7.95939 6.16394 5.96453 5.87723 8.06028 5.80114 5.74663 5.5367 5.40806 6.82769 5.27323 5.09028 5.2711 5.03421 4.92053 4.69781 8.24949 4.50725 4.35973
threshold=73.903903099643642 1.2550000000000001 0.69028567696885812 18.920000000000005 -0.069999999999999937 -0.10500000000000019 1.1950000000000005 -13.28500000000008 0.89500000000000013 17.340000000000003 -0.16977951702286728 15.32310810810811 0.46831534062592745 18.635000000000002 15.005000000000001 3.726102274541522 11.585000000000003 1.6345237047048355 11.605000000000002 1.4150000000000003 96.450000000000017 2.6468620689655178 56.585000000000008 2.1650000000000005 1.0589999999999693 115.55716825662424 18.530000000000005 21.620000000000001 6.8680000000000012 0.084999999999999978
decision_type=10 2 10 10 2 2 2 2 2 10 2 10 10 10 10 10 8 2 10 2 10 2 10 2 2 10 10 10 10 2
left_child=1 3 -2 5 -5 16 9 -8 12 13 11 28 -9 25 15 19 -1 -3 -18 -7 -21 -20 23 -14 -15 -4 -6 -28 -11 -10
right_child=2 17 6 4 26 14 7 8 29 10 -12 -13 22 24 -16 -17 18 -19 21 20 -22 -23 -24 -25 -26 -27 27 -29 -30 -31
leaf_value=0.013818667846515675 -0.0025229844787280136 -0.034405374616463993 0.003512066148919015 -0.0011286015151128353 -0.0060898431186529991 0.0028366150497323608 0.015602641162490299 0.0065071080650000654 -0.00097569512731588001 0.021741983138480477 -0.002995844529618989 0.0061783466826531557 -0.0019000648216360844 -0.006423156697070628 -0.002696081725446144 0.024483372026429587 -2.2380959458326999e-05 -0.0062680016125348653 0.0026845415318783534 -0.0014612522963032752 0.021183107623168083 0.012179978091178607 0.0020950644586203155 -0.015924888680800012 0.0030337187506956861 0.0095979942149488611 0.0062225861118252873 -0.0062499347009129028 0.0087931725213606805 -0.012080637391634711
leaf_weight=33.711683243513107 310.60202538967133 12.878620564937593 814.00457629561424 940.13930124044418 676.12757965922356 412.87342399358749 39.393427610397339 168.17963325977325 63.635536909103394 68.180932402610779 49.999350428581238 136.36186480522156 118.18028283119202 92.423041701316833 1205.6661546528339 12.121054649353026 927.63946363329887 13.257403522729872 304.54149806499481 1058.6983670294285 12.121054649353026 63.635536909103394 283.32965242862701 30.302636623382568 112.1197555065155 140.14969438314438 84.847382545471191 109.08949184417725 37.499512821435928 63.635536909103394
leaf_count=23 205 19 538 625 447 739 26 111 42 45 33 90 78 61 798 8 1603 35 201 2030 8 42 187 20 74 94 56 72 27 42
internal_value=-5.44896e-05 -0.00117494 0.00254601 -0.00109011 -0.00294574 -0.000256806 0.00325605 0.000997363 0.000206244 0.00444967 0.00857696 0.0109676 0.00163476 0.00340942 -0.00113749 0.000118774 0.00153267 -0.0201328 0.00121304 -8.02732e-05 -0.00120493 0.00432573 -0.000262897 -0.00476227 -0.00123939 0.00440599 -0.00490923 -0.000793207 0.0171472 -0.00652817
internal_weight=8395.35 5867.35 2528 5841.21 1810.2 4031.01 2217.4 766.657 727.263 1450.74 292.042 242.042 599.992 1158.7 2701.48 1495.81 1329.53 26.136 1295.82 1483.69 1070.82 368.177 431.813 148.483 204.543 954.154 870.064 193.937 105.68 127.271
internal_count=8379 6706 1673 6652 1200 5452 1468 506 480 962 195 162 396 767 3583 2785 1869 54 1846 2777 2038 243 285 98 135 632 575 128 72 84
is_linear=0
shrinkage=0.03


Tree=52
num_leaves=31
num_cat=0
split_feature=97 83 58 54 10 14 83 43 54 82 57 68 77 63 80 21 38 98 40 57 70 13 47 34 12 79 55 33 91 79
split_gain=21.4595 10.3283 9.23493 8.80762 7.64498 6.95448 6.63584 6.45702 6.35752 5.9191 5.7523 9.18018 6.19357 5.29755 6.87366 5.04363 5.54761 4.96251 4.90196 4.76138 4.60376 6.13868 4.75643 4.49183 4.29181 8.66631 5.58918 5.52463 5.43052 4.21224
threshold=73.903903099643642 18.920000000000005 0.69028567696885812 -0.44999999999999979 3.8195000000000006 47.485000000000007 10.620000000000003 0.04127272727272769 -0.27999999999999986 5.690825914212259 17.775000000000002 17.002420091324208 2.9750000000000005 1.5250000000000001 11.627577035950111 -0.76062965362114654 0.53232393237337405 82.455707774372186 2.1850000000000005 18.380000000000006 2.9981664719444239 5.8545000000000007 20.115000000000006 1.5144667237456211 75.710000000000022 0.056261569788967021 0.13865789473684223 12.115 0.010886100614076544 0.10623472787856349
decision_type=10 10 10 2 8 10 8 2 2 10 10 10 2 2 10 8 2 10 2 10 10 10 10 10 8 2 2 8 2 2
left_child=1 4 -2 23 -1 7 -6 -4 -8 20 18 12 -12 14 15 -10 24 -15 -5 -14 -7 -22 -23 -3 25 26 -17 -26 -29 -20
right_child=2 3 5 10 6 9 8 -9 13 -11 11 -13 19 17 -16 16 -18 -19 29 -21 21 22 -24 -25 27 -27 -28 28 -30 -31
leaf_value=-0.012576471713786268 -0.0026723130595723223 -0.00079744963760488489 0.0026342626100961607 -0.0012502086917314688 0.014303948779650719 0.0031822653700136431 0.0020786934818431226 -0.0064315925205788689 0.018451350549887221 -0.0076699029544223122 0.002843584019783497 -0.011052312597419544 -0.015764589638366893 -0.0039226270855289725 -0.0081337994881469696 0.0038055609734809954 -0.010643763051259438 0.00024179042005302115 -0.0072661379464777727 0.00028690212767621282 0.012911410245618352 0.0071562499510314627 -0.0024820308057030686 0.0069631791403083811 -0.0019884193731447993 0.01678607090365971 -0.0087257784269550998 0.0042617086312035151 -0.00055168135600405495 0.0031162506985203467
leaf_weight=44.317606061697006 296.96583890914917 453.40320047736168 159.08884227275848 186.3612152338028 28.78750479221344 1542.782987087965 892.79143151640892 127.27107381820679 14.014969438314436 40.908559441566467 268.17833411693573 71.211196064949036 31.817768454551697 723.09666642546654 86.36251437664032 207.57306087017059 40.150993525981903 399.9948034286499 668.9307034611702 34.848032116889954 109.08949184417725 149.24048537015915 66.66580057144165 78.786855220794678 691.65768092870712 40.908559441566467 37.87829577922821 384.46470215916634 467.41816991567612 37.120729863643646
leaf_count=30 196 300 105 123 19 1019 1310 84 13 27 177 47 21 1201 57 137 103 264 443 23 72 103 44 52 464 27 25 832 1039 26
internal_value=-4.08477e-05 -0.00102819 0.00229283 -0.00289889 -0.000184576 0.00296456 -4.77979e-05 -0.00139501 -0.00015144 0.00361862 -0.00423107 -0.0012709 0.000809307 -0.000795058 0.0001422 0.000521559 0.000387185 -0.00243945 -0.00557798 -0.00737404 0.00386586 0.00711097 0.00418022 0.000351455 0.000629222 0.00400233 0.00187171 3.43698e-06 0.00162066 -0.00672028
internal_weight=8382.09 5890.07 2492.01 1830.66 4059.42 2195.05 4015.1 286.36 3986.31 1908.69 1298.47 406.055 334.844 3093.52 1970.43 1884.07 1870.05 1123.09 892.413 66.6658 1867.78 324.996 215.906 532.19 1829.9 286.36 245.451 1543.54 851.883 706.051
internal_count=8383 6733 1650 1212 5521 1454 5491 189 5472 1265 860 268 221 4162 2697 2640 2627 1465 592 44 1238 219 147 352 2524 189 162 2335 1871 469
is_linear=0
shrinkage=0.03


Tree=53
num_leaves=31
num_cat=0
split_feature=98 14 14 68 56 33 20 16 89 89 48 55 55 98 91 95 83 8 56 46 16 55 83 55 89 96 63 8 72 75
split_gain=19.6338 11.7033 10.8916 10.4593 7.49608 10.2105 8.21192 8.1793 9.98949 6.74086 6.56839 5.68537 5.5103 6.19118 4.64769 7.22451 8.80308 5.73004 6.14811 4.40068 4.3582 4.3092 4.25441 6.19823 4.93037 4.11118 4.10879 3.93017 3.90672 3.7278
threshold=119.12784493935168 71.475000000000009 47.485000000000007 6.3719794520547959 16.557027027027029 17.055000000000003 -0.29779143761067933 -0.16496153494864615 2.1650000000000005 3.9200000000000004 2.0955000000000159 -0.029289473684210473 0.043394736842105201 106.52071932011306 0.017625232153065256 13.445000000000002 12.745000000000003 4.535000000000001 12.081756756756759 1.6827608718825096 -0.94123492117109386 -0.014210526315789474 18.745000000000001 -0.17334210526315791 1.0650000000000002 3.9965000000000264 1.6950000000000001 2.6650000000000005 -0.94449999999994805 0.92500000000000016
decision_type=10 8 10 10 10 10 10 2 2 2 2 2 2 10 2 8 8 2 10 10 2 2 10 2 2 2 2 2 2 2
left_child=1 3 10 -1 5 6 19 8 -7 14 27 25 13 26 17 16 -16 18 -3 28 -17 -21 24 -24 -8 -6 -5 -2 -4 -13
right_child=2 9 4 12 11 7 22 -9 -10 -11 -12 29 -14 -15 15 20 -18 -19 -20 21 -22 -23 23 -25 -26 -27 -28 -29 -30 -31
leaf_value=-0.026306614952671236 0.0076926044782443092 0.0017433670801572697 0.0095821342556102855 -0.00068597597037776113 0.01191359034167167 0.015975922928516184 -0.0067725048257501023 0.00023598822664157648 0.0052091439908658853 -0.0092246094923341994 -0.015666349814944944 0.00065203497487009341 -0.0044747981450058427 0.001793707728201667 0.0011092446624658121 0.0092059995348250864 0.017709081028876285 -0.004255214994446384 0.010044532297218882 0.0085168914426734348 -0.0017207037216135791 -0.0040653180992630059 0.0091248632087402668 -0.0029461032494728849 0.0031106514063069927 -0.0016648033862834534 -0.0042135304854509824 -0.0024912996838573525 0.004217550654834222 -0.0070467935477466258
leaf_weight=16.666450142860413 37.87829577922821 1143.5457495748997 154.5434467792511 571.96226626634598 40.908559441566467 137.87699663639069 49.999350428581238 104.54409635066986 177.27042424678802 66.66580057144165 31.817768454551697 93.938173532485962 808.70161488652229 400.37358638644218 106.43801113963127 33.711683243513107 39.393427610397339 131.81646931171417 86.36251437664032 33.332900285720825 1289.3771883249283 92.423041701316833 42.423691272735596 392.41914427280426 496.96324062347412 39.393427610397339 618.55257007479668 342.41979384422302 583.32575500011444 142.42239212989807
leaf_count=11 25 1897 102 379 27 94 33 69 117 143 21 62 539 265 74 83 32 213 57 22 2237 61 28 259 328 26 409 226 388 94
internal_value=1.35387e-05 -0.00108121 0.0019565 -0.00262294 0.00267943 0.00328384 0.0023233 0.00750744 0.00991961 0.000204541 -0.00257247 -0.00164397 -0.00245845 -0.00143347 0.000426611 -0.000743811 0.00559336 0.00168917 0.00232626 0.00445706 -0.0014423 -0.000730275 0.000446383 -0.00176845 0.0022072 0.00525249 -0.00251878 -0.00147697 0.00534114 -0.003987
internal_weight=8307.47 5313.57 2993.9 2416.26 2581.78 2265.12 1845.43 419.692 315.147 2897.31 412.116 316.663 2399.59 1590.89 2830.65 1468.92 145.831 1361.72 1229.91 863.625 1323.09 125.756 981.805 434.843 546.963 80.302 1190.51 380.298 737.869 236.361
internal_count=8321 6339 1982 1603 1710 1501 1221 280 211 4736 272 209 1592 1053 4593 2426 106 2167 1954 573 2320 83 648 287 361 53 788 251 490 156
is_linear=0
shrinkage=0.03


Tree=54
num_leaves=31
num_cat=0
split_feature=98 21 80 53 95 97 95 87 79 99 63 82 97 83 98 9 55 16 23 100 106 13 58 22 55 77 86 55 7 93
split_gain=19.8411 11.0314 10.3706 10.6601 8.86549 7.80636 6.65098 7.4991 8.45478 6.32114 6.82617 6.12817 5.55979 7.87737 5.47276 5.0056 4.9565 5.35906 4.73178 4.73056 5.74155 4.59649 4.56945 5.19181 4.456 4.43405 4.31111 4.25949 4.49683 4.23128
threshold=115.04914075913457 0.58672569239651529 12.964903448275864 2.6750000000000003 20.585000000000004 107.22118796460278 24.565000000000001 1.385 0.026210199925953349 0.98673397968663024 0.66500000000000015 3.7835221632036444 39.654278602823929 13.380000000000001 141.9252684798463 328.40500000000003 0.10286842105263162 -0.57221744084101489 1.6283459961327746 0.78539757873325089 104.50000000000001 3.6195000000000008 3.4286753503554119 3.8612500000000005 0.043394736842105201 1.2450000000000003 1.2995664182784703 -0.096842105263157743 9.4450000000000021 18.155000000000005
decision_type=10 10 10 2 10 10 10 2 2 2 2 10 8 8 10 2 2 2 2 2 2 10 8 2 2 2 2 2 2 10
left_child=2 4 3 12 14 6 7 9 -9 -3 11 -11 22 18 24 -5 -6 -18 25 20 -8 -7 23 -1 -2 -14 27 28 -15 -16
right_child=1 5 -4 15 16 21 19 8 -10 10 -12 -13 13 26 29 -17 17 -19 -20 -21 -22 -23 -24 -25 -26 -27 -28 -29 -30 -31
leaf_value=-0.0010126791204120545 0.0084299166457757445 0.003299223347629355 -0.0044737013413357288 -0.022001119052868279 0.0032072058939423809 0.0088646944375832416 0.0027017970173204178 0.00085375748699852714 0.014340560450393305 0.013418713325882169 -0.0020010243355704756 -0.00065497079729180652 0.0045191373998528179 0.0019062379220579084 0.0093756475187239691 5.8936970990175681e-05 0.0057807255876374548 -0.0090286314923356727 0.0021081597133262801 -0.0096135800646530503 -0.0076640294937366446 0.0022417406988535491 0.0090622424562745597 -0.0056509827508041018 0.0016116208012535306 0.017531429439312317 -0.016130712218473418 -0.00072149666777744062 0.016753407798924813 0.02173269149109348
leaf_weight=525.75074541568756 171.58867987990379 377.26782596111298 748.47512459754944 30.68141958117485 289.39017975330353 137.87699663639069 116.66515100002289 98.483569025993347 72.726327896118164 51.514482259750366 984.83569025993347 60.605273246765137 53.029614090919495 370.07094976305962 140.90726029872894 13.257403522729872 31.817768454551697 71.211196064949036 189.01269593834877 98.483569025993347 81.817118883132935 298.4809707403183 29.545070707798004 370.07094976305962 173.4825946688652 42.423691272735596 15.530101269483565 2601.4813541173935 19.317930847406387 30.302636623382568
leaf_count=350 114 249 494 63 191 91 77 65 48 34 650 40 35 602 96 23 21 47 127 65 54 197 39 245 119 28 41 4075 18 20
internal_value=-2.83253e-05 0.00178258 -0.00121693 -0.00064474 0.0045943 0.000708489 -0.000106071 0.000639705 0.00658266 -5.04849e-05 -0.00120253 0.00581132 -0.000491543 8.61408e-05 0.00717772 -0.0153451 0.00119547 -0.00445515 0.00485775 -0.00423828 -0.00157114 0.00433441 -0.00254595 -0.0029288 0.00500206 0.0103024 -0.00036535 -0.000283488 0.00264282 0.0115627
internal_weight=8296.1 3287.46 5008.65 4260.17 908.7 2378.76 1942.4 1645.43 171.21 1474.22 1096.96 112.12 4216.23 3290.87 516.281 43.9388 392.419 103.029 284.466 296.966 198.482 436.358 925.367 895.822 345.071 95.4533 3006.4 2990.87 389.389 171.21
internal_count=8318 2178 6140 5646 608 1570 1282 1086 113 973 724 74 5560 4926 349 86 259 68 190 196 131 288 634 595 233 63 4736 4695 620 116
is_linear=0
shrinkage=0.03


Tree=55
num_leaves=31
num_cat=0
split_feature=97 27 83 20 34 42 55 80 40 58 66 50 77 98 68 48 64 42 91 95 98 19 98 81 82 89 17 55 87 34
split_gain=20.8492 9.09391 8.50325 7.20476 5.27692 5.73931 5.00429 4.91672 4.80687 4.77827 7.0037 4.95889 4.32766 4.86149 4.57778 5.58586 4.26944 5.55782 4.60034 4.1834 4.09849 5.22609 4.01738 4.66945 3.93058 3.92329 3.8001 3.74799 5.61713 3.67594
threshold=67.466858798444974 0.96500000000000008 18.920000000000005 -0.41636013490874318 1.6717376116953295 -0.38999999999999996 -0.00099999999999993085 16.560413793103454 2.1750000000000003 1.2323680096303216 2.0650000000000008 0.098534583518515323 1.8850000000000005 155.12008521600151 10.860373972602742 0.99349999999998329 2.5350000000000006 0.80000000000000027 -0.015039560699102493 20.485000000000003 155.12008521600151 0.90992507513462495 97.008151756712664 10.745000000000003 0.95911346238918427 1.8050000000000002 0.8591385681888436 0.082368421052631577 0.89500000000000013 0.65755318443316091
decision_type=10 2 10 10 10 2 2 10 2 10 2 2 2 10 10 2 2 2 2 10 10 10 10 8 10 2 2 2 2 10
left_child=1 -1 6 7 5 -4 22 20 -7 10 11 -5 14 -14 15 29 17 25 -18 -6 27 -22 23 -3 -13 -8 -19 -2 -29 -11
right_child=3 2 4 9 19 8 16 -9 -10 12 -12 24 13 -15 -16 -17 18 26 -20 -21 21 -23 -24 -25 -26 -27 -28 28 -30 -31
leaf_value=-0.020937986311375882 0.0043624610295918183 0.010281205520345836 2.9430145000916406e-05 0.0073802340982106161 0.011968765406712942 -0.000791585127608145 -0.0016536100490994129 -0.00653097298190223 -0.0056790113904694618 -0.004820439657928219 -0.010885224659823139 0.0088687610298716236 0.0013271536457766704 0.01127266752722394 -0.00072412639576358679 0.017256354866034187 -0.010163927068628424 0.001805417414905414 -0.0022485819035468094 -0.00022289906260284888 0.0085113883596858557 -0.0046496579857776806 0.0040120210151607244 -0.00012645839508754027 -0.00079236225715656364 0.0018736120333011912 0.017372312758846504 0.002682010171642585 -0.0068712756484247371 0.0069833921147497251
leaf_weight=20.833062678575516 633.70388838648796 40.150993525981903 310.22324243187904 78.786855220794678 31.817768454551697 231.81517016887665 959.45723208785057 40.908559441566467 828.01954573392868 37.87829577922821 54.544745922088623 39.393427610397339 80.301987051963806 98.483569025993347 309.0868935585022 30.302636623382568 72.726327896118164 30.68141958117485 723.47544938325882 124.24081015586853 261.36024087667465 30.302636623382568 319.6928163766861 1150.742625772953 999.98700857162476 403.02506709098816 26.136024087667465 218.17898368835449 74.241459727287292 63.635536909103394
leaf_count=34 419 28 207 52 21 153 1120 27 548 25 36 26 53 65 204 20 108 69 1172 82 174 20 211 1937 660 572 57 150 49 42
internal_value=-1.43543e-05 -0.00115643 -0.00107796 0.00195943 -0.00296411 -0.00355949 -0.000305442 0.00369907 -0.00461 0.000737779 -0.000388201 0.000123849 0.0028686 0.00680561 0.00127215 0.00595309 -0.00121327 -0.000226886 -0.00297158 0.00226278 0.00404272 0.00714401 0.00102602 0.000224436 -0.000426197 -0.000610251 0.00896619 0.00306604 0.000256565 0.00257898
internal_weight=8324.13 5273.04 5252.2 3051.1 1526.12 1370.06 3726.09 1258.7 1059.83 1792.4 1172.71 1118.17 619.689 178.786 440.903 131.816 2215.5 1419.3 796.202 156.059 1217.79 291.663 1510.59 1190.89 1039.38 1362.48 56.8174 926.124 292.42 101.514
internal_count=8341 6319 6285 2022 1011 908 5274 839 701 1183 774 738 409 118 291 87 3098 1818 1280 103 812 194 2176 1965 686 1692 126 618 199 67
is_linear=0
shrinkage=0.03


Tree=56
num_leaves=31
num_cat=0
split_feature=97 54 64 58 27 57 86 78 62 57 33 37 15 66 79 16 52 103 84 85 16 8 64 74 106 97 83 59 60 96
split_gain=22.9736 9.22468 10.945 7.10582 6.437 6.12414 9.43232 5.82069 6.04282 5.43133 6.17597 5.21447 5.01516 4.65148 5.87095 5.88026 6.97537 4.61545 4.52046 5.27396 4.45745 4.38589 4.38547 4.91334 4.22448 4.17739 4.12688 4.06888 6.40694 4.98416
threshold=79.687668224845581 -0.4599999999999998 2.6350000000000002 0.70623907765945304 0.96500000000000008 17.685000000000006 0.70951606857478755 1.7750000000000006 0.65774561620778171 20.160000000000004 17.255000000000006 1.6255000000000004 1027.3425000000002 0.89500000000000024 -0.0098283043317289997 0.49082770717814922 2.5050000000000003 141.50000000000003 4.9314999999999722 1.4416551724137932 -0.14245618082342107 6.5450000000000008 3.9750000000000005 0.88894533734945158 114.50000000000001 30.295045968976993 16.960000000000004 18.715000000000003 2.7899999999999641 -0.39249999999992718
decision_type=10 2 2 10 2 8 2 2 2 10 10 2 10 2 2 2 2 2 2 2 2 2 2 2 2 8 8 10 2 2
left_child=1 25 4 -2 -3 22 12 8 9 10 27 -12 21 14 24 -16 -17 -8 19 -9 -13 -7 23 -4 -6 -1 -27 28 -5 -30
right_child=3 2 5 7 13 6 17 18 -10 -11 11 20 -14 -15 15 16 -18 -19 -20 -21 -22 -23 -24 -25 -26 26 -28 -29 29 -31
leaf_value=-0.003934418943415563 -0.0022049852146165932 -0.019456671478574935 -0.00412401629940765 0.0034666554047692584 0.0010615276837424006 0.0015656246671788673 -0.016053392746097007 -0.0034011267272027069 0.015328602792457619 -0.0045267412747310547 0.020715801283183555 0.0092060823414780498 0.017181245671171335 0.0025598407922251655 -0.0028059022502652008 0.00023899361720371241 0.016696356724343584 -0.0033188276815476377 -0.011167102090872098 0.0075233260946217526 -0.0003966293486270817 -0.017607354021622383 -0.0095737852611848685 0.0060996711230385326 0.010219453395232444 0.0065620688956689018 0.0013144875185442419 0.00016398611050939631 0.02061406668646857 0.0049067699179915387
leaf_weight=114.01367029547691 227.26977467536926 15.530101269483565 1138.6215711236 813.62579333782196 627.64336106181145 478.02409273386002 26.893590003252029 106.05922818183899 41.666125357151031 68.180932402610779 27.272372961044312 178.02799016237259 18.181581974029541 493.55419400334358 1147.3335791528225 528.40222612023354 24.242109298706055 538.62936598062515 34.848032116889954 63.635536909103394 57.57500958442688 10.984705775976179 128.78620564937592 43.938823103904724 48.863001555204391 159.08884227275848 886.35212123394012 295.45070707798004 36.363163948059082 36.363163948059082
leaf_count=79 150 20 756 540 652 869 23 70 29 45 18 119 12 697 1244 486 19 900 23 42 38 17 85 32 39 105 1047 195 24 24
internal_value=-3.29931e-05 -0.000904258 -0.0014373 0.00278699 -0.000194553 -0.00294146 -0.00126033 0.00343195 0.00405793 0.00374752 0.00413802 0.00829699 0.00171016 -9.03236e-05 -0.000640716 -0.00158135 0.000960907 -0.00392442 -0.0013255 0.000695543 0.00685944 0.00113494 -0.00431667 -0.00374415 0.00172299 0.00151836 0.00211303 0.00321291 0.00422922 0.0127604
internal_weight=8415.42 6429.08 5269.63 1986.34 2885.57 2384.06 1072.71 1759.07 1554.53 1512.86 1444.68 262.875 507.19 2870.04 2376.48 1699.98 552.644 565.523 204.543 169.695 235.603 489.009 1311.35 1182.56 676.506 1159.45 1045.44 1181.8 886.352 72.7263
internal_count=8399 7082 5851 1317 3157 2694 1821 1167 1032 1003 958 175 898 3137 2440 1749 505 923 135 112 157 886 873 788 691 1231 1152 783 588 48
is_linear=0
shrinkage=0.03


Tree=57
num_leaves=31
num_cat=0
split_feature=98 14 54 53 91 7 87 21 92 73 75 42 72 44 27 58 98 84 90 33 87 54 94 12 70 49 44 24 72 21
split_gain=18.9167 9.33948 9.01126 7.05541 7.31209 7.8197 6.76863 6.56278 7.01007 5.98154 5.98045 5.72937 5.57228 7.58595 6.09467 5.2938 5.03468 5.02153 6.11043 7.03583 4.78849 4.6381 4.57302 4.29898 4.53861 4.2042 3.88209 4.01376 3.92272 3.84808
threshold=135.01026495205323 51.315000000000005 0.52000000000000002 2.6750000000000003 0.012896020443059656 9.6650000000000009 0.65500000000000014 0.50686138996327013 11.656987889273358 1.6095890410958906 0.21500000000000002 -0.37499999999999994 1.9975000000000593 11.564473684210528 1.7650000000000003 1.6799239442013401 96.690988813212272 -10.106499999999981 1.2950000000000006 17.055000000000003 0.89500000000000013 0.38000000000000006 2.9205851836970447 112.10000000000001 0.84122442715445833 1.7331578947368425 17.526052631578949 49.802688000000011 1.2759999999999538 -0.54500492015115343
decision_type=10 8 2 2 2 2 2 10 10 2 2 2 2 10 2 10 10 2 2 10 2 2 10 10 8 2 10 2 2 10
left_child=1 2 16 4 12 11 10 8 22 25 -5 -6 14 -14 23 -13 -1 -9 19 -19 26 -10 -2 24 -3 -7 27 -20 -28 -18
right_child=7 3 -4 6 5 9 -8 17 21 -11 -12 15 13 -15 -16 -17 29 18 20 -21 -22 -23 -24 -25 -26 -27 28 -29 -30 -31
leaf_value=-0.0052124611222243633 0.0035181019721688116 0.018602682090765158 -0.0087425582169129573 0.0020955756893760316 0.0014730887610831147 -8.5114328362715096e-05 0.007537339720324953 0.012939318534573677 0.0036861410742951529 0.0012862637532467551 -0.024657923839484456 -0.0015569336238807766 0.00085177471875231322 0.0093546719880785167 -0.0015448522499252493 -0.0061012142291868264 0.0092385843906352683 0.0015909275932288662 0.00025452434471020114 0.0081186723551087987 -0.0085711491312581017 -0.0085209124466719514 0.011132019160822879 9.6357690049947724e-05 0.003476181222189545 0.017675245780497759 -0.0025017376426226842 -0.0076169873634690487 0.011342806835950413 -0.00087882332979996635
leaf_weight=271.20859777927399 112.1197555065155 18.560364931821823 221.20924735069275 10.227139860391615 506.05403161048889 16.666450142860413 12.87862056493759 34.848032116889954 96.968437194824219 135.60429888963699 28.408721834421158 2212.8500394225121 221.20924735069275 164.77058663964272 748.85390755534172 257.57241129875183 36.363163948059082 880.29159390926361 253.02701580524445 178.78555607795715 71.211196064949036 39.393427610397339 193.55809143185616 502.26620203256607 467.7969528734684 42.802474230527878 30.302636623382568 75.756591558456421 46.969086766242981 486.35731780529022
leaf_count=179 74 13 146 27 628 20 13 23 64 100 54 2848 146 114 1020 170 24 581 167 118 47 26 130 333 836 35 20 50 31 321
internal_value=5.22602e-05 -0.000749818 -0.00338779 -0.000248948 -0.000141456 -0.00105367 -0.0112978 0.00258677 0.00581602 0.00476513 -0.0175761 -0.00143502 0.001221 0.00448157 0.000496667 -0.00203073 -0.00189581 0.00167825 0.00142282 0.00269289 -0.00139554 0.000159659 0.00833931 0.00204306 0.00405344 0.0126978 -0.000137133 -0.00155919 0.00591357 -0.000175004
internal_weight=8374.89 6361.66 1015.14 5346.52 5295.01 3171.55 51.5145 2013.23 442.04 195.073 38.6359 2976.48 2123.46 385.98 1737.48 2470.42 793.929 1571.19 1536.34 1059.08 477.267 136.362 305.678 988.624 486.357 59.4689 406.055 328.784 77.2717 522.72
internal_count=8358 7027 670 6357 6263 3801 94 1331 294 155 81 3646 2462 260 2202 3018 524 1037 1014 699 315 90 204 1182 849 55 268 217 51 345
is_linear=0
shrinkage=0.03


Tree=58
num_leaves=31
num_cat=0
split_feature=97 90 63 76 14 98 16 2 87 50 98 68 77 20 106 98 8 21 54 77 90 20 7 37 14 103 38 55 75 81
split_gain=19.5452 8.6421 8.47861 6.30378 6.23837 8.41888 5.87798 5.86434 5.6317 6.41831 6.33325 6.85359 5.51366 6.00149 6.02195 5.05386 5.24376 4.74239 4.50223 4.70635 4.35003 5.27161 4.34619 4.7764 4.52359 4.45021 4.3341 4.50004 4.2733 4.26706
threshold=73.903903099643642 2.1650000000000005 0.46500000000000002 3.6750000000000003 73.585000000000022 76.939042729969529 -0.94909439586795796 1.0000000180025095e-35 1.385 0.12425096925647998 127.95748848056557 10.997513698630138 1.5650000000000004 -0.84860254829152315 16.500000000000004 106.83967520239848 6.4450000000000012 0.81406483626396631 -0.17000000000000001 3.4650000000000003 1.0650000000000006 0.004625106010274104 10.285000000000002 1.3035000000000003 83.350000000000009 144.50000000000003 0.18284480365113534 0.031368421052631767 0.21500000000000002 11.610000000000001
decision_type=10 2 2 2 8 10 2 2 2 2 10 10 2 10 2 10 2 10 2 2 2 10 2 2 10 2 2 2 2 10
left_child=1 4 28 8 5 -1 -4 15 10 -10 -2 -12 13 14 -13 29 26 -8 -5 -20 21 -14 23 25 -24 -6 27 -17 -3 -7
right_child=3 2 6 18 22 7 17 -9 9 -11 11 12 20 -15 -16 16 -18 -19 19 -21 -22 -23 24 -25 -26 -27 -28 -29 -30 -31
leaf_value=-0.0050960480972478267 -0.00064377815019923197 -0.0066842005454510953 0.013501710156142451 0.0017750996587619179 -0.0077286447778363654 0.0076796610953288533 -0.0027418703065349567 -0.0050638580790274001 0.020836133921891424 0.0052052714687924866 0.0072111608217686933 0.018446334355952516 0.0089352195931037253 -0.00093188937954542101 0.0013982222304046174 0.0021777213933733513 -0.010958287975211266 -0.0094971036968027195 -0.0079005557844476094 0.0036204159963583323 0.0019209624710703056 -0.0024100941922841771 -0.0014848257365980509 -0.00012627119860496056 0.0084150925488251562 0.01302467600554111 0.0046742417988826892 -0.0032360140432803907 -0.032771710685545942 -0.0020165372840191291
leaf_weight=512.87212485074997 476.50896090269089 9.4695739448070544 17.045233100652695 177.27042424678802 11.742271691560743 42.423691272735596 378.40417483448982 264.01172158122063 30.302636623382568 107.57436001300812 321.20794820785522 30.302636623382568 228.78490650653839 518.17508625984192 48.484218597412109 391.28279539942741 30.302636623382568 124.24081015586853 128.78620564937592 42.423691272735596 312.11715722084045 43.938823103904724 64.393102824687958 2314.3638721108437 117.04393395781517 44.696389019489288 300.37488552927971 213.63358819484711 14.014969438314436 1099.6069264709949
leaf_count=340 316 25 45 117 25 28 528 175 20 71 215 20 151 342 32 259 20 82 85 28 206 29 74 3890 78 88 202 141 28 728
internal_value=-8.2866e-05 -0.0010136 -0.00462082 0.0021629 -0.000651206 -0.00161478 -0.00382405 -0.000852299 0.00277825 0.00864063 0.00236992 0.00332538 0.00226924 0.000241024 0.00795519 -0.00031712 0.00131761 -0.00441159 -0.00157604 -0.0050458 0.00433949 0.00710736 0.000426484 8.40081e-05 0.00490155 0.00870687 0.00172851 0.000265795 -0.0222526 -0.00165635
internal_weight=8415.8 5949.92 543.175 2465.88 5406.75 2854.51 519.69 2341.64 2117.4 137.877 1979.52 1503.01 1181.8 596.962 78.7869 2077.62 935.594 502.645 348.48 171.21 584.841 272.724 2552.24 2370.8 181.437 56.4387 905.291 604.916 23.4845 1142.03
internal_count=8388 6756 708 1632 6048 1893 655 1553 1402 91 1311 995 780 394 52 1378 622 610 230 113 386 180 4155 4003 152 113 602 400 53 756
is_linear=0
shrinkage=0.03


Tree=59
num_leaves=31
num_cat=0
split_feature=97 55 76 23 7 14 21 14 13 7 106 94 89 55 2 62 56 95 66 94 48 95 54 65 15 70 86 54 69 95
split_gain=19.2509 7.30246 7.53182 6.32048 6.21444 6.00048 5.85958 4.9528 6.42103 5.25809 4.61618 4.5342 7.54625 5.60172 4.43796 5.31159 4.97658 4.82063 4.41107 4.12715 4.01871 3.98436 3.98413 5.01545 3.93078 4.13614 3.8968 3.65521 3.64484 3.63703
threshold=74.154744493877473 -0.00099999999999993085 3.3350000000000004 1.6099214833399265 9.6650000000000009 59.655000000000008 0.52261609476129534 51.445000000000007 11.495000000000003 5.0250000000000012 15.500000000000002 2.905368528010011 2.1950000000000007 0.05999999999999997 1.0000000180025095e-35 1.1220428583524209 12.169662162162163 21.375000000000004 -0.059999999999999935 2.2238388719948134 0.34749999999996822 17.465000000000003 -0.55000000000000004 1.4250000000000005 1023.3040000000002 1.3809173377405053 0.34597178585053107 -0.74999999999999978 16.045000000000005 24.565000000000001
decision_type=10 2 2 2 2 8 10 10 10 2 2 10 2 2 2 2 8 10 2 10 2 10 2 2 10 10 2 2 10 10
left_child=1 4 5 29 18 -3 11 19 9 -9 -6 13 -13 -5 16 -16 -4 -18 22 26 -21 -15 -1 -24 27 -26 -8 -11 -22 -2
right_child=3 2 14 6 10 -7 7 8 -10 24 -12 12 -14 21 15 -17 17 -19 -20 20 28 -23 23 -25 25 -27 -28 -29 -30 -31
leaf_value=0.00085199952645944699 0.00010846901613835117 -0.0032446306359100105 -0.0074082439009498209 0.0056194168611559498 0.021860060415790569 -2.3452190534148461e-05 0.00091071511871605574 0.013465819534336598 -0.00040049051679639239 0.013412287432399925 0.0046568687601687463 0.012509701780998323 0.0030619601248881947 0.0032152720329019302 -0.0069111937726584211 -0.02491486225002057 0.0015105217422056942 -0.0044635885228606152 0.0016258919209112834 0.0070252880870364217 0.0055345330096732521 -0.011379474805046827 -0.0011746696401289207 -0.0067155976020794612 -0.002602714572807615 0.005227548737989242 -0.0092821661970502369 0.0042766552460623318 -0.0049068891063713373 -0.007744791123800999
leaf_weight=644.30981120467186 177.27042424678802 756.42956671118736 184.84608340263367 137.87699663639069 16.666450142860413 1668.5389290750027 56.059877753257751 51.514482259750366 401.50993525981903 42.423691272735596 89.013995081186295 156.05857861042023 148.48291945457458 30.302636623382568 156.05857861042023 16.28766718506813 231.43638721108437 256.0572794675827 904.91248616576195 74.241459727287292 43.938823103904724 37.87829577922821 811.73187854886055 179.54312199354172 154.5434467792511 99.998700857162476 84.847382545471191 556.05338203907013 95.45330536365509 75.756591558456421
leaf_count=696 117 500 122 91 14 2404 37 34 265 28 70 106 101 20 283 31 320 169 1045 49 29 25 925 177 102 66 56 367 63 50
internal_value=-7.17228e-06 -0.000929829 -0.00187804 0.0022444 0.000241798 -0.00102825 0.00276733 0.00190313 0.00275676 0.00415822 0.00736992 0.00557791 0.00790334 0.00214107 -0.00431768 -0.00861264 -0.00321672 -0.00162739 -5.47194e-05 -0.00124145 0.00138728 -0.00489292 -0.000984544 -0.00217826 0.00359612 0.00047346 -0.00522693 0.00492424 -0.00161557 -0.00224281
internal_weight=8340.04 5915.83 3269.65 2424.21 2646.18 2424.97 2171.18 1660.58 1306.04 904.534 105.68 510.599 304.541 206.058 844.686 172.346 672.34 487.494 2540.5 354.541 213.634 68.1809 1635.58 991.275 853.019 254.542 140.907 598.477 139.392 253.027
internal_count=8362 6756 3829 1606 2927 2904 1439 1096 862 597 84 343 207 136 925 314 611 489 2843 234 141 45 1798 1102 563 168 93 395 92 167
is_linear=0
shrinkage=0.03


Tree=60
num_leaves=31
num_cat=0
split_feature=97 3 33 71 34 103 97 30 86 13 54 96 83 99 95 35 94 83 3 14 97 55 72 72 14 70 16 57 59 12
split_gain=15.5601 7.89912 6.83496 7.3251 6.38406 5.45259 5.07955 5.44512 4.85593 6.83547 4.93708 6.081 4.78055 4.61277 6.60368 4.61231 4.41408 4.5297 4.27963 3.94317 3.959 4.18987 3.95639 4.46905 4.39445 4.31645 4.00448 3.91748 3.79745 3.77468
threshold=73.903903099643642 3.7850000000000006 17.145000000000003 17.135000000000002 0.39485981554707711 138.50000000000003 39.654278602823929 0.8600000000000001 0.68131469052956384 -4.4614999999999991 0.090000000000000205 2.3050000000000641 11.155000000000003 0.80129594810312132 22.100000000000005 15.295000000000002 4.3840667900419605 24.415000000000003 2.0650000000000004 94.65000000000002 121.68376010320102 0.046578947368421011 -1.9879999999999993 1.0114999999999557 53.515000000000008 2.6194988026790882 -0.62707976250810538 15.070000000000002 20.465000000000003 296.62000000000006
decision_type=10 2 10 10 10 2 8 2 2 10 2 2 8 2 10 8 10 10 2 10 10 2 2 2 10 10 2 10 10 10
left_child=1 2 3 6 -2 -5 15 12 9 -6 11 -10 -8 -7 -15 18 17 19 -1 20 21 -11 25 -24 -25 -23 -26 -14 -4 -19
right_child=4 -3 28 5 8 13 7 -9 10 16 -12 -13 27 14 -16 -17 -18 29 -20 -21 -22 22 23 24 26 -27 -28 -29 -30 -31
leaf_value=-0.0010967601646084053 -0.0021878122384768068 -0.0066040661049284492 0.01577444227919551 0.0083321185716006482 0.019142652906000757 0.00073862003908540565 0.015281199210526113 -0.015586359321437935 0.0068269307717024824 0.0054575264385144512 -0.0034794519580093803 -0.001539543060819669 0.0002977017059617025 -0.0023372987158523611 -0.0072975606533027789 0.009437318744581329 -0.003285252190731901 0.0029357034074827472 -0.0056802551069974104 -0.0034796184557193484 0.0082055896969982396 0.0033057559121516542 -0.0023667614086602569 -0.0018649678959036899 0.015465046271940624 0.016782293595371367 0.0039138777847164416 0.0079097613036262157 0.0032778511655478315 -0.012038229726034468
leaf_weight=579.53792542219162 295.45070707798004 210.60332453250885 30.302636623382568 40.908559441566467 24.242109298706055 281.81452059745789 19.696713805198669 18.939147889614105 148.48291945457458 543.9323273897171 215.14872002601624 165.149369597435 2970.037172049284 1051.1227078735828 313.63228905200958 29.923853665590286 92.044258743524551 30.302636623382568 268.17833411693573 63.635536909103394 187.87634706497192 72.726327896118164 225.75464284420013 104.54409635066986 31.817768454551697 30.302636623382568 178.78555607795715 62.120405077934265 78.786855220794678 30.302636623382568
leaf_count=387 195 217 20 27 16 186 13 47 98 359 142 109 4700 699 207 34 66 20 177 42 124 48 149 69 21 20 118 41 52 20
internal_value=-7.09616e-05 -0.000897693 -0.000688506 -0.000832469 0.00194653 -0.00248686 -0.000125415 0.000449832 0.00251598 0.00333241 2.04781e-05 0.0024214 0.000549349 -0.00275566 -0.00347721 -0.00213816 0.00309167 0.00348298 -0.00254677 0.00382126 0.00415897 0.00351894 0.0018814 0.000855107 0.00316308 0.00726944 0.00565902 0.000453651 0.00674913 -0.00455126
internal_weight=8396.1 5955.6 5745 5635.91 2440.5 1687.48 3948.43 3070.79 2145.05 1616.27 528.781 313.632 3051.85 1646.57 1364.75 877.64 1592.02 1499.98 847.716 1439.38 1375.74 1187.86 643.931 540.902 315.147 103.029 210.603 3032.16 109.089 60.6053
internal_count=8423 6807 6590 6518 1616 1119 5399 4801 1421 1072 349 207 4754 1092 906 598 1056 990 564 950 908 784 425 357 208 68 139 4741 72 40
is_linear=0
shrinkage=0.03


Tree=61
num_leaves=31
num_cat=0
split_feature=97 54 14 67 98 92 83 23 83 63 16 21 84 78 23 65 65 98 9 91 42 12 65 14 14 27 82 33 53 90
split_gain=17.0624 8.73174 8.75968 7.62824 6.04805 5.84214 5.79784 7.66849 5.78005 5.84942 5.34846 5.24922 5.1166 4.97865 6.56382 8.60842 5.02788 4.53465 4.4798 7.12723 5.55896 4.43684 4.274 4.23825 4.0445 5.18604 3.97549 4.08685 3.74974 3.68076
threshold=82.240695522134487 0.49999999999999994 63.415000000000006 0.059281650071123675 108.01873391254148 12.128332179930798 13.240000000000002 1.6278375728411161 16.350000000000005 1.8450000000000004 0.44978669831728713 -0.3372595246653563 0.69900000000001239 1.5450000000000006 1.6081008172913991 1.8250000000000006 0.4300000000000001 51.730790659032593 261.91000000000003 0.011147496457250836 1.4450000000000003 327.16000000000003 0.64500000000000024 75.15000000000002 91.950000000000017 1.5250000000000001 4.7745223575759459 13.945000000000002 1.8150000000000006 1.4250000000000005
decision_type=10 2 8 2 10 10 8 2 10 2 2 10 2 2 2 2 2 10 2 2 2 10 2 8 10 2 10 10 2 2
left_child=1 3 5 4 8 28 7 -5 10 -10 -1 -6 -12 14 -2 16 -16 -11 20 -20 -4 -15 -18 -21 25 -24 27 -8 -3 -13
right_child=13 2 18 6 11 -7 26 -9 9 17 12 29 -14 21 15 -17 22 -19 19 23 -22 -23 24 -25 -26 -27 -28 -29 -30 -31
leaf_value=-0.0014745021705750432 -0.004951209001835208 -0.0034715759901773622 -0.0024422956762913521 0.017545933823987024 0.0063008295549953604 -0.01173965179158663 0.00065741685491155872 3.1836855510534469e-05 -0.00072383396794349706 -0.013930566915951072 0.00047762715585432364 0.0012193800890183647 0.0071607073632513375 0.001032656086116254 0.013694863681626293 0.01442253926684056 -0.0026641358207903916 -0.0041414574606133455 0.0051087187617310055 -0.0081701582433942183 -0.017886952713473479 -0.0074559579498926212 0.0089517990596766194 9.0077191285147469e-05 -0.0021174645304353605 0.0030573587209078027 -0.0082231053360031676 0.0061369618197899762 -0.014408594904309232 -0.0030394716460163309
leaf_weight=1140.1367029547691 84.847382545471191 409.08559441566467 462.87277442216873 49.999350428581238 149.99805128574371 118.18028283119202 453.78198343515396 40.908559441566467 586.3560186624527 45.453954935073853 422.72178089618683 860.97366306185722 136.36186480522156 218.55776664614677 39.393427610397339 63.635536909103394 116.66515100002289 675.74879670143127 209.466975659132 77.650506347417831 21.969411551952362 74.241459727287292 156.81614452600479 199.61861875653267 110.60462367534637 937.10903757810593 35.226815074682236 167.80085030198097 30.302636623382568 231.81517016887665
leaf_count=2089 56 273 586 33 99 78 679 27 387 30 579 569 90 145 26 42 77 446 352 52 43 49 105 428 73 620 24 113 20 153
internal_value=-0.000123959 -0.000837448 -0.00282115 -0.000230444 -0.000722102 -0.00581845 0.00256384 0.00966459 -0.00144972 -0.00294917 -0.000295891 0.00103829 0.00210765 0.00246032 0.00315494 0.00363786 0.00313345 -0.00475842 -0.00110106 0.00093207 -0.00314213 -0.0011197 0.00281855 -0.00222324 0.00334958 0.00390234 0.00158103 0.00213666 -0.00422585 0.000315943
internal_weight=8328.3 6526.43 1529.15 4997.28 4249.57 557.569 747.718 90.9079 3006.78 1307.56 1699.22 1242.79 559.084 1801.87 1509.07 1424.22 1360.59 721.203 971.578 486.736 484.842 292.799 1321.19 277.269 1204.53 1093.93 656.81 621.583 439.388 1092.79
internal_count=8343 7150 1832 5318 4442 371 876 60 3621 863 2758 821 669 1193 999 943 901 476 1461 832 629 194 875 480 798 725 816 792 293 722
is_linear=0
shrinkage=0.03


Tree=62
num_leaves=31
num_cat=0
split_feature=97 55 64 67 21 98 81 14 13 14 65 57 2 16 94 89 98 95 60 32 42 70 81 75 21 70 71 85 63 81
split_gain=15.5296 7.95352 8.93046 6.24049 5.92451 5.88276 6.50063 5.70174 6.78423 5.34018 6.11651 5.14361 4.96829 5.78598 4.91351 5.5865 4.90552 4.63105 4.51316 4.38338 5.09347 4.36912 4.28768 4.23768 4.13785 4.12901 3.97496 4.01605 4.48494 3.53271
threshold=79.687668224845581 0.0020789473684210981 2.5350000000000006 0.070711237553342812 0.56201118005614503 115.78428401667898 17.805000000000003 52.050000000000004 11.495000000000003 80.850000000000009 0.84500000000000008 8.1500000000000021 1.0000000180025095e-35 -0.76480886364893286 2.905368528010011 2.1950000000000007 139.89250646780226 21.710000000000004 2.3485000000000018 9.8735714285714309 0.63000000000000034 1.0327104253720296 19.860000000000003 0.69500000000000006 0.82375034452460771 3.1035391052031684 13.380000000000001 1.7084482758620692 0.70500000000000007 11.585000000000003
decision_type=10 2 2 2 10 10 10 10 10 10 2 8 2 2 10 2 10 10 2 8 2 8 10 2 10 8 8 2 2 8
left_child=1 3 19 5 14 6 21 16 9 -9 -11 -4 25 23 -2 -16 -6 29 -17 -3 26 -1 -8 -14 -7 -13 -21 28 -28 -5
right_child=4 2 11 17 7 24 22 8 -10 10 -12 12 13 -15 15 18 -18 -19 -20 20 -22 -23 -24 -25 -26 -27 27 -29 -30 -31
leaf_value=0.0041308630886104985 0.0015360488263679594 -0.0023483769870486335 -0.019934768034937433 0.019175154723765329 -0.0074922175616392332 0.0054241413886750604 -0.0052236807965108118 0.0026858978916755472 -0.001112963421336153 0.020150327974363284 0.0057986366788968088 -0.0031790352746949926 0.0092116519211279928 -0.0083605117413867707 0.012079138254941819 -1.6600574386203921e-05 0.00024189315511110999 -0.0043452677867601396 0.012004739167142273 0.0057554025529545916 0.0061942382542736138 -0.0003776525457367574 0.00041794249013479162 -0.0054456181419120318 0.00043520291702354216 0.0011126786363284528 0.003034431407572358 0.0027790235779864081 -0.0028540065553649438 0.0057434608303183763
leaf_weight=226.5122087597847 187.87634706497192 607.94664725661278 16.666450142860413 19.696713805198669 99.998700857162476 266.6632022857666 390.90401244163513 695.44551050662994 348.48032116889954 33.332900285720825 134.84673297405243 967.41167420148849 32.575334370136261 272.34494665265083 138.25577959418297 95.832088321447372 281.81452059745789 37.87829577922821 39.772210568189621 100.37748381495476 138.25577959418297 1325.3615693151951 175.7552924156189 39.014644652605057 340.90466201305389 254.92093059420586 146.21022170782089 247.34527143836021 571.20470035076141 167.42206734418869
leaf_count=151 124 405 11 13 66 176 258 459 230 22 89 643 65 461 95 64 186 25 27 67 242 1963 116 73 225 538 257 293 806 235
internal_value=1.39341e-05 -0.000720211 -0.00171057 0.000418869 0.00228008 2.25392e-05 -0.000723773 0.00141325 0.00242029 0.00384599 0.00864312 -0.00335665 -0.00318025 -0.00636553 0.00527241 0.00783566 -0.00178371 0.00522086 0.00350921 -0.000272044 0.000776906 0.000280412 -0.00347387 0.00122383 0.00262486 -0.00228399 7.37314e-05 -0.000517412 -0.00165393 0.00715732
internal_weight=8401.03 6345.37 3394.27 2951.1 2055.66 2726.1 2118.53 1593.92 1212.11 863.625 168.18 1582.93 1566.27 343.935 461.736 273.86 381.813 224.997 135.604 1811.34 1203.39 1551.87 566.659 71.59 607.568 1222.33 1065.14 964.76 717.415 187.119
internal_count=8385 7023 3861 3162 1362 2889 2488 1052 800 570 111 1791 1780 599 310 186 252 273 91 2070 1665 2114 374 138 401 1181 1423 1356 1063 248
is_linear=0
shrinkage=0.03


Tree=63
num_leaves=31
num_cat=0
split_feature=97 41 76 54 106 13 42 14 32 63 20 87 7 103 16 89 103 54 27 70 100 52 13 52 66 51 9 92 19 61
split_gain=14.022 8.76438 7.59033 6.67363 7.13748 6.63647 6.12315 5.61847 5.4499 5.42668 6.54118 6.23865 6.06057 5.65404 5.41462 5.23185 5.22278 4.60671 4.51026 4.48688 4.42835 4.39951 4.34095 4.31772 4.21964 4.14966 5.35048 3.95823 3.80585 4.04977
threshold=107.22118796460278 2.0550000000000002 3.4950000000000006 -0.27999999999999986 132.50000000000003 -1.4194999999999998 -0.21000000000000005 47.830000000000005 10.802857142857144 0.7350000000000001 -0.12775704858859274 1.1850000000000003 7.9850000000000012 141.50000000000003 -0.6039733330186684 1.9250000000000005 143.50000000000003 1.5050000000000006 2.0650000000000004 1.1613649761890557 0.77168261144884454 2.4350000000000005 -1.4194999999999998 3.5550000000000002 0.87500000000000022 1.2050000000000003 285.70500000000004 9.2849723183391024 -0.83819464228293128 3.6217567567567577
decision_type=10 2 2 2 2 8 2 8 8 2 8 2 2 2 2 2 2 2 2 10 2 2 10 2 2 2 2 8 8 2
left_child=1 2 3 4 -1 -5 23 18 19 12 13 25 16 -11 -2 -13 -10 -3 -7 21 -21 -9 -16 27 -18 26 -12 -4 29 -8
right_child=14 17 6 5 -6 7 28 8 9 10 11 15 -14 -15 22 -17 24 -19 -20 20 -22 -23 -24 -25 -26 -27 -28 -29 -30 -31
leaf_value=0.0019633490920489601 0.010017320258210694 0.0016789469774534228 0.014995512042749216 -0.009321757944202461 0.01396387477286264 -0.00086703069322933513 0.0059707298987967993 0.00027880482938129287 -0.0062165848377353297 0.011661321504139009 -0.0025181113691002421 0.0079867753964533127 -0.015416063823841362 0.0017431523198745476 0.012325191785572067 -0.0039981040656254033 -0.0017894945496345987 -0.019888892394162437 -0.0068754745800223499 -9.0065135836039871e-05 -0.0044934186310885875 0.012006541785573815 0.002065108678266034 0.0022201857712723983 0.0071898892697322319 -0.0029937893474546737 0.0084633403960536237 -0.0023799381397093433 -0.003640450917694786 -0.0069300653192290512
leaf_weight=1046.9560953378677 128.40742269158363 12.499837607145308 12.121054649353026 69.696064233779907 46.590303808450699 312.11715722084045 76.514157474040985 576.12887880206108 34.848032116889954 54.544745922088623 90.907909870147705 110.60462367534637 13.636186480522154 1002.2597063183784 40.908559441566467 46.590303808450699 54.923528879880905 31.060202538967133 175.7552924156189 371.20729863643646 460.60007667541504 30.302636623382568 399.9948034286499 449.99415385723114 330.67752215266228 740.14189952611923 71.211196064949036 445.06997540593147 1112.8643299937248 30.68141958117485
leaf_count=1087 87 33 8 46 45 206 55 387 59 36 159 193 36 666 27 111 94 55 116 245 304 20 264 426 510 1339 146 440 1147 30
internal_value=5.05525e-05 -0.000280765 -0.000205505 0.000370474 0.00247463 -0.000135666 -0.00173253 7.35687e-06 0.000379069 0.00121183 0.000585087 -0.0010807 0.00426736 0.00225506 0.00459597 0.00443463 0.00490574 -0.0136999 -0.00303156 -0.00109762 -0.00252835 0.000864825 0.00301708 0.000134033 0.0059109 -0.00204161 0.00230552 -0.00191928 -0.00312043 0.00227828
internal_weight=8379.82 7810.5 7766.94 5639.7 1093.55 4546.15 2127.25 4476.46 3988.58 2550.35 2116.26 1059.46 434.085 1056.8 569.311 157.195 420.449 43.56 487.872 1438.24 831.807 606.432 440.903 907.185 385.601 902.261 162.119 457.191 1220.06 107.196
internal_count=8377 7999 7911 5805 1132 4673 2106 4627 4305 3349 2650 1948 699 702 378 304 663 88 322 956 549 407 291 874 604 1644 305 448 1232 85
is_linear=0
shrinkage=0.03


Tree=64
num_leaves=31
num_cat=0
split_feature=27 32 54 88 71 59 32 27 95 81 15 67 33 21 87 7 23 60 87 90 16 95 50 106 7 92 87 63 15 95
split_gain=8.22528 8.32941 9.01523 10.1708 7.79903 7.6432 7.02404 6.82882 6.50097 6.26982 6.51592 6.12735 5.07394 5.98236 4.92317 5.13947 4.5953 4.5138 4.09004 3.95381 3.84235 3.73536 3.73378 4.60592 3.94717 3.50241 3.79851 4.12532 3.42371 3.79041
threshold=1.8450000000000004 9.62214285714286 0.090000000000000205 3.3350000000000004 21.805000000000003 19.840000000000003 15.625000000000002 0.96500000000000008 16.880000000000003 16.900000000000002 1025.7335 1.0000000180025095e-35 13.345000000000001 0.88813644881354492 1.385 6.455000000000001 1.6186850302109514 2.9319999999999031 1.2750000000000001 0.094999999999999876 -0.97872343101613135 13.445000000000002 0.3175606033999176 130.50000000000003 10.285000000000002 14.342082912821994 0.33500000000000008 0.99500000000000011 1019.6525 20.315000000000001
decision_type=2 8 2 2 10 10 10 2 8 10 10 2 10 10 2 2 2 2 2 2 2 8 2 2 2 10 2 2 10 10
left_child=4 28 6 5 7 9 8 -1 -3 10 18 -10 22 -14 -13 -16 25 -18 20 -15 -4 -22 24 -24 -9 26 -5 -28 29 -2
right_child=1 2 3 16 -6 -7 -8 12 11 -11 -12 14 13 19 15 -17 17 -19 -20 -21 21 -23 23 -25 -26 -27 27 -29 -30 -31
leaf_value=-0.014332973489790561 -0.0038229033236113182 0.0057064143184119365 0.018225099475458448 -0.0093506934012626847 0.018688059620229888 0.0048474126035161196 0.0056624663286166457 6.6837865585967591e-05 -0.0017341740256235452 -0.0055724199339568922 -0.0063987633202085359 0.00077134714231641617 0.0076657342642635559 -0.0051154311163718177 0.022337227412662711 0.0049484661762284254 -0.0085186633450053065 0.0043513345093276886 0.006969444396240137 0.0028258561644650512 0.0085150284672503556 -0.00050935866624734019 0.0023858418613623904 0.013562199999991508 0.0073258256155410836 -0.0077632322051979542 0.0074527951706047915 -0.0018319989991381813 -0.0071847043237043447 0.0055867725853242867
leaf_weight=25.757241129875183 214.39115411043167 189.39147889614105 10.605922818183897 54.544745922088623 22.726977467536926 248.48162031173706 269.69346594810486 2460.5740938186646 924.23041701316833 215.14872002601624 121.21054649353027 500.37228724360466 215.9062859416008 68.180932402610779 17.802799016237259 108.71070888638496 243.55744186043739 27.272372961044312 93.180607616901398 327.26847553253174 43.938823103904724 682.18810698390007 250.37553510069847 38.257078737020493 69.317281275987625 103.02896451950073 46.969086766242981 518.5538692176342 224.23951101303101 46.969086766242981
leaf_count=38 143 140 19 93 15 164 178 2623 1033 148 80 589 144 45 14 125 265 18 87 216 29 919 349 35 51 68 49 505 148 31
internal_value=5.57062e-05 -0.000735686 -0.000325846 -0.00156374 0.00117157 7.02378e-05 0.00115744 0.00105636 0.000459376 -0.000947569 9.85943e-05 -0.000181288 0.00117193 0.00364946 0.00210816 0.00739539 -0.00388954 -0.00722266 0.00104755 0.00145667 0.000298556 3.6718e-05 0.000634542 0.00386722 0.000265729 -0.00264115 -0.00179008 -0.00106086 -0.00446517 -0.00213189
internal_weight=8382.85 4904.48 4418.88 2408.68 3478.36 1414.75 2010.2 3455.64 1740.51 1166.27 951.124 1551.12 3429.88 611.356 626.886 126.514 993.926 270.83 829.913 395.449 736.733 726.127 2818.52 288.633 2529.89 723.097 620.068 565.523 485.6 261.36
internal_count=8361 4845 4523 2444 3516 1446 2079 3501 1901 1282 1134 1761 3463 405 728 139 998 283 1054 261 967 948 3058 384 2674 715 647 554 322 174
is_linear=0
shrinkage=0.03


Tree=65
num_leaves=31
num_cat=0
split_feature=97 41 97 54 83 83 35 54 71 81 98 21 90 81 16 62 12 98 64 97 103 12 84 42 9 67 55 92 87 21
split_gain=11.8914 7.48388 5.99014 7.17921 6.69089 5.58049 6.55283 5.23268 5.49465 4.15233 4.2368 4.0058 3.95082 6.13525 3.88899 3.88745 5.21003 3.8658 3.77659 3.70316 3.8562 4.38385 5.22382 5.21626 5.45688 3.77886 3.6844 3.60447 4.67574 3.62485
threshold=67.466858798444974 1.885 118.33536869332234 0.16000000000000006 21.570000000000004 20.360000000000003 19.615000000000006 -0.050000000000000148 14.185 11.585000000000003 97.008151756712664 0.91782391310925859 1.3750000000000004 19.940000000000001 -0.598674154253094 0.70574341618216885 313.24000000000007 72.211288757325107 3.8750000000000004 16.270874430149401 136.00000000000003 63.315000000000005 1.211500000000058 0.72500000000000009 261.91000000000003 0.09083926031294455 0.034289473684210585 15.413238754325262 1.5750000000000004 -0.21345666221828827
decision_type=10 2 10 2 10 10 10 2 10 8 10 10 2 10 2 2 10 10 2 8 2 8 2 2 2 2 2 10 2 10
left_child=1 5 3 27 11 6 7 9 19 -1 -11 -5 13 -7 -4 -6 -17 -10 -3 -9 -21 22 -22 -23 -25 -26 -15 28 29 -2
right_child=2 18 14 4 15 12 -8 8 17 10 -12 -13 -14 26 -16 16 -18 -19 -20 20 21 23 -24 24 25 -27 -28 -29 -30 -31
leaf_value=0.010100685614075448 0.0066552128570890714 -0.0069566925480366018 0.011349125540578533 0.0023600294104731746 -0.0078347576622476867 -0.0037337394307313965 0.019354391795589673 -0.0077220755684326847 -0.0069518944341650547 -0.00029588616424012799 0.0031548328760913871 -0.0011625405757672003 -0.0049362539450667296 0.0045313887273163008 0.0034772095623654331 0.0067462188359837033 -0.0085635396034733496 -0.0020967721143671054 -0.025225875579973543 -0.012290222992520599 0.00082609194774792641 -0.00095698670791043421 0.010796431421677646 -0.0031840287457276899 0.016296158706962487 0.0038073951184202323 -0.0043417394769697725 -0.0032602356849721664 0.0084982920956535157 0.0016866140017797182
leaf_weight=43.18125718832016 153.02831494808197 31.060202538967133 74.999025642871857 528.40222612023354 157.57371044158936 346.96518933773041 15.151318311691282 55.302311837673187 177.27042424678802 1141.6518347859383 445.06997540593147 645.44616007804871 443.93362653255463 184.84608340263367 228.78490650653839 46.969086766242981 34.848032116889954 881.80672574043274 15.151318311691282 21.969411551952362 130.30133748054504 1120.4399891495705 74.241459727287292 44.696389019489288 41.287342399358749 46.211520850658417 54.544745922088623 89.392778038978577 124.24081015586853 968.54802307486534
leaf_count=30 101 70 51 354 104 229 10 44 117 1835 296 426 293 122 151 31 23 585 25 22 86 2175 49 88 97 113 36 59 82 640
internal_value=-6.93064e-05 -0.000926343 0.00142312 0.000981271 -0.00050906 -0.000820917 -0.000339559 -0.00041021 -0.00124733 0.000921823 0.000672029 0.000423127 -0.00280121 -0.00118475 0.00542065 -0.00508002 0.000225396 -0.00290943 -0.0129466 -0.000100143 0.000184826 0.000372908 0.00444496 -0.000292017 0.00534403 0.00970036 0.00250966 0.0025587 0.00297623 0.00236453
internal_weight=8367.32 5315.08 3052.23 2748.45 1413.24 5268.87 4238.58 4223.43 2593.53 1629.9 1586.72 1173.85 1030.29 586.356 303.784 239.391 81.8171 1059.08 46.2115 1534.45 1479.15 1457.18 204.543 1252.64 132.195 87.4989 239.391 1335.21 1245.82 1121.58
internal_count=8344 6322 2022 1820 938 6227 5547 5537 3376 2161 2131 780 680 387 202 158 54 702 95 2674 2630 2608 135 2473 298 210 158 882 823 741
is_linear=0
shrinkage=0.03


Tree=66
num_leaves=31
num_cat=0
split_feature=97 90 16 55 94 85 74 21 64 94 89 55 100 73 87 70 87 16 16 94 103 61 55 83 97 91 60 61 14 32
split_gain=11.7266 7.15105 5.26834 6.27568 5.91224 5.11807 5.06537 4.90648 5.51039 5.47592 5.58909 5.39772 4.51931 4.46473 4.22295 4.41824 4.37999 7.47646 4.72058 4.19554 3.70136 3.68329 3.64538 4.22212 4.1198 3.63747 4.73924 3.61495 3.57239 3.55287
threshold=67.466858798444974 2.6850000000000009 0.53139854714343082 0.15571052631578966 1.9922364210732673 1.3126551724137934 0.38503752967533494 0.50686138996327013 3.9850000000000008 2.905368528010011 2.1950000000000007 0.08800000000000005 0.76146759882737503 0.91972602739726039 1.385 1.4380487365520958 0.74500000000000011 -0.83762334005808936 0.95242239681918373 2.179677808107193 142.50000000000003 2.8478378378378384 -0.074078947368421008 16.960000000000004 48.338366219233755 0.017197626358053844 2.0699999999999936 0.66185214626391109 72.00500000000001 14.525
decision_type=10 2 2 2 8 2 2 10 2 10 2 2 2 2 2 10 2 2 2 8 2 2 2 8 8 2 2 2 10 10
left_child=1 2 13 4 5 6 -4 8 9 11 -11 -2 28 20 16 -16 17 -14 25 -6 -1 27 23 -15 -24 26 -19 -21 29 -9
right_child=7 -3 3 -5 19 -7 -8 12 -10 10 -12 -13 14 22 15 -17 -18 18 -20 21 -22 -23 24 -25 -26 -27 -28 -29 -30 -31
leaf_value=-0.0059949953651796794 0.0038834778494453706 -0.0069860569745086526 0.0057174854958506292 -0.006898380237699302 -0.0084183208180043396 0.0028423197551802389 0.020400034127424808 -0.00011032951712162754 -0.004250342617455086 0.010702427575013633 0.0034941506431568339 -0.004667266699658985 0.01232529750481064 0.0059150216325319941 0.01476132859184175 -7.8993592437278984e-05 -0.0032932835157218911 -0.00047312024625233411 0.0068986247426756188 0.094351461508545301 0.0064412983641384362 -0.0061453224258984007 -0.0033952212238829039 -0.00040158594528648406 -0.0010328269287396435 -0.0027031777224012783 0.0080685716284586272 0.001644293847521971 0.0051842891121805677 0.0048682105461885098
leaf_weight=26.514807045459747 236.36056566238403 164.39180368185043 53.787180006504059 79.16563817858696 45.453954935073853 201.89131650328636 34.848032116889954 496.96324062347412 74.241459727287292 175.7552924156189 215.52750298380852 92.423041701316833 45.453954935073853 109.08949184417725 33.332900285720825 39.393427610397339 404.54019892215729 256.0572794675827 77.271723389625549 0.37878295779228111 114.77123621106148 59.090141415596008 993.92648124694824 749.99025642871857 2003.7618467211723 430.29744005203247 75.756591558456421 603.78003472089767 286.35991609096527 174.24016058444977
leaf_count=46 156 245 37 95 30 140 23 328 49 119 146 61 30 72 22 26 267 169 51 1 252 63 659 957 2953 284 50 754 189 115
internal_value=3.83821e-05 -0.000827974 -0.000628555 0.0012323 0.00187647 0.00548063 0.0114901 0.00149647 0.00353148 0.00433381 0.00673194 0.00147981 0.00079963 -0.00113048 -0.000310627 0.00672282 -0.000707343 0.000474927 -0.000166789 0.000398978 0.00410741 0.00100325 -0.00132237 0.000400523 -0.00181611 -0.000883163 0.00147704 0.00170242 0.00237893 0.00118207
internal_weight=8354.82 5240.84 5076.45 1078.4 999.229 290.527 88.6352 3113.97 794.308 720.066 391.283 328.784 2319.67 3998.05 1362.1 72.7263 1289.38 884.837 839.383 708.703 141.286 663.249 3856.77 859.08 2997.69 762.111 331.814 604.159 957.563 671.203
internal_count=8389 6327 6082 1143 1048 200 60 2062 531 482 265 217 1531 4939 899 48 851 584 554 848 298 818 4641 1029 3612 503 219 755 632 443
is_linear=0
shrinkage=0.03


Tree=67
num_leaves=31
num_cat=0
split_feature=98 53 14 91 95 55 98 21 70 7 79 55 94 79 15 33 89 96 95 28 98 21 53 67 76 63 73 19 63 27
split_gain=13.1223 7.95415 6.49727 6.25059 5.91344 5.27051 6.19061 6.45801 4.98543 4.83803 5.71719 4.80041 6.36592 7.86242 5.22432 4.9642 4.57601 4.41556 4.38144 4.32928 4.06083 4.95933 4.03099 3.93786 4.99823 3.89345 6.03845 4.49447 3.68533 3.36097
threshold=133.9322060111497 2.6750000000000003 57.375000000000007 0.03346888285309399 24.565000000000001 0.067105263157894834 97.524019792138958 -0.31705634480017136 3.7678826683256559 10.485000000000001 0.046134302110329498 0.039947368421052613 2.5528070610476497 0.094796371714179956 1009.7435000000002 17.055000000000003 3.6950000000000007 10.217000000000043 18.505000000000003 3.1750000000000003 71.288170689370006 -0.69012477479254575 0.72500000000000031 0.006298008534850596 3.8950000000000005 0.83500000000000008 0.98787671232876717 0.85177265405301006 1.0750000000000004 1.8050000000000004
decision_type=10 2 8 2 10 2 10 10 10 2 2 2 10 2 10 10 2 2 10 2 8 8 2 2 2 2 2 8 2 2
left_child=1 2 5 8 11 6 -1 -8 9 17 -11 15 -13 14 -14 -2 19 20 -9 -3 29 -22 -19 24 -6 26 -16 -28 -27 -4
right_child=4 16 3 -5 23 -7 7 18 -10 10 -12 12 13 -15 25 -17 -18 22 -20 -21 21 -23 -24 -25 -26 28 27 -29 -30 -31
leaf_value=-0.0036511593371173351 0.0032974944908995361 -0.022423043054727556 -7.0757984909201871e-05 -0.0016497295290427694 0.0087395858421679996 -0.0046350036859022286 0.0058462195024254118 0.0026907340987491865 0.012859981538548636 0.0019484014191964848 0.016483091274723881 -0.0033306217511693305 -0.0023497248044173935 -0.009409458196566016 0.0028789768200118424 0.009088330048467104 -0.03029429288851446 0.00086720039024637432 -0.0024103950781169687 0.00091317248319007158 0.017790770686500004 0.00057537231109185648 0.012331230119674701 -0.0060701561206087159 -0.002242182375879434 -0.0026613537706851424 0.015050297530208971 0.00098047632957575415 0.0046590119823277758 -0.0059250949438398688
leaf_weight=512.87212485074997 689.38498318195343 11.363488733768465 193.17930847406387 1298.8467622697353 53.029614090919495 503.02376794815063 165.149369597435 224.23951101303101 30.68141958117485 70.832413107156754 37.120729863643646 207.57306087017059 113.63488733768463 45.453954935073853 128.78620564937592 165.149369597435 10.984705775976179 57.57500958442688 467.41816991567612 19.317930847406387 15.151318311691282 2504.5129169225693 53.029614090919495 116.66515100002289 125.75594198703766 90.907909870147705 98.862351983785629 25.757241129875183 193.93687438964844 162.49788889288902
leaf_count=340 455 30 129 1695 35 332 109 148 21 64 29 137 75 30 85 109 20 38 310 39 10 3582 35 77 83 60 69 17 128 108
internal_value=6.13385e-05 -0.000614123 -0.000527666 9.93883e-05 0.00214462 -0.0020088 -0.00104431 0.000516109 0.000826473 0.00070714 0.00694629 0.0028041 0.00128133 0.00265415 0.00349531 0.00441665 -0.0136787 0.000481571 -0.000756579 -0.00772987 0.000255308 0.000678892 0.00636365 -0.00178265 0.00101512 0.0047293 0.00743446 0.0121422 0.00232273 -0.00274542
internal_weight=8392.69 6337.8 6296.13 4423.43 2054.9 1872.7 1369.68 856.807 3124.58 3093.9 107.953 1759.45 904.912 697.339 651.885 854.534 41.6661 2985.95 691.658 30.6814 2875.34 2519.66 110.605 295.451 178.786 538.251 253.406 124.62 284.845 355.677
internal_count=8399 7039 6950 5711 1360 1239 907 567 4016 3995 93 1165 601 464 434 564 89 3902 458 69 3829 3592 73 195 118 359 171 86 188 237
is_linear=0
shrinkage=0.03


Tree=68
num_leaves=31
num_cat=0
split_feature=98 21 88 68 55 87 30 63 16 55 70 83 71 16 31 16 95 98 55 82 88 66 7 100 47 27 16 80 95 15
split_gain=10.4608 9.02314 6.80622 5.87616 6.20075 5.22202 4.86259 4.74273 9.95544 5.0017 4.68729 3.98535 6.81285 3.9626 3.96196 3.94469 4.31039 3.86105 3.79814 3.74884 3.5924 4.11303 3.58315 3.65161 3.43929 3.41999 4.09653 3.28589 3.43037 3.6541
threshold=115.78428401667898 0.92457928123506949 4.0750000000000011 16.69705479452055 0.1219473684210528 0.92500000000000016 0.76000000000000023 0.7350000000000001 -0.5549170249155323 0.093868421052631615 1.1175634123543399 13.380000000000001 12.745000000000003 -0.58637234780482739 -0.0030000000000000551 -0.3530666443418673 18.125000000000004 75.159629477274393 -0.029289473684210473 1.5077666279944208 3.9350000000000005 -0.46000000000000002 8.5250000000000004 0.73437474182138096 19.495000000000001 1.155 -0.99759302102225911 12.87444827586207 18.505000000000003 1019.7925000000001
decision_type=10 10 2 10 2 2 2 2 2 2 10 8 10 2 2 2 10 10 2 10 2 2 2 2 10 2 2 10 10 10
left_child=2 3 6 4 15 13 10 8 -3 -9 11 12 18 24 -4 16 -2 27 -1 20 21 -13 23 -19 -6 -23 -27 28 -12 -30
right_child=1 7 14 -5 5 -7 -8 9 -10 -11 17 19 -14 -15 -16 -17 -18 22 -20 -21 -22 25 -24 -25 -26 26 -28 -29 29 -31
leaf_value=0.010660309836317265 0.014407671653042667 0.013414835467564374 -0.0014715958250204099 -0.0040630244130702795 -0.00061173414025382294 -0.007655357053078609 -0.010529589024397617 0.00020819938943881957 -0.00014046973191855249 -0.0038085451973607393 -0.004368756674236635 -0.0036557904637516819 0.013752736429338157 -0.00043247823779557975 -0.0060383446673708922 0.0030916983312120829 0.0055359101005017603 0.0008780363015776666 6.2653726243198132e-05 -0.003317963769441057 0.0060057084124521057 0.020584014841855632 0.0056878449149287335 -0.0021702720791404975 0.012557412342708286 0.030551045972465288 0.00075632095883767787 -0.0086217282064467819 0.0027244092805601308 -0.0051241684241198271
leaf_weight=36.363163948059082 56.438660711050034 68.180932402610779 368.55581793189049 101.5138326883316 28.78750479221344 66.66580057144165 42.044908314943314 1071.1982046365738 171.20989692211151 377.26782596111298 327.26847553253174 199.23983579874039 53.029614090919495 213.63358819484711 318.93525046110153 745.44486093521118 389.01009765267372 654.91573402285576 186.73999819159508 234.8454338312149 108.71070888638496 7.9544421136379233 81.817118883132935 768.92940431833267 46.969086766242981 4.1666125357151023 1287.4832735359669 86.36251437664032 172.72502875328064 77.271723389625549
leaf_count=24 38 45 481 67 25 44 66 707 113 249 216 466 35 141 401 492 259 433 130 155 191 21 54 512 31 11 2727 57 114 51
internal_value=4.84605e-05 0.00135033 -0.000817226 0.00292901 0.00338784 -8.578e-05 -0.000376942 -0.000191505 0.00372022 -0.000838003 -0.000277388 0.000726314 0.00408733 0.001658 -0.00359016 0.00442639 0.00665997 -0.00125761 0.00178995 0.000222577 0.00073981 0.000357876 -0.000417347 -0.000768164 0.00755314 0.000973203 0.000852433 -0.00316402 -0.00234751 0.000298485
internal_weight=8353.68 3336.32 5017.36 1648.46 1546.95 356.056 4329.87 1687.86 239.391 1448.47 4287.82 2118.53 276.133 289.39 687.491 1190.89 445.449 2169.29 223.103 1842.4 1607.55 1498.84 1505.66 1423.85 75.7566 1299.6 1291.65 663.628 577.265 249.997
internal_count=8356 2211 6145 1097 1030 241 5263 1114 158 956 5197 3760 189 197 882 789 297 1437 154 3571 3416 3225 999 945 56 2759 2738 438 381 165
is_linear=0
shrinkage=0.03


Tree=69
num_leaves=31
num_cat=0
split_feature=97 55 88 67 93 7 35 97 69 83 33 19 100 105 31 95 80 63 105 15 54 61 97 15 70 68 57 0 79 71
split_gain=10.5612 6.82676 7.28467 6.15286 6.95499 6.11019 5.87174 5.57024 5.13699 4.30484 5.0822 5.0337 4.79269 4.22819 3.9361 3.81741 3.86778 3.8478 4.32793 6.01083 3.71836 3.88582 3.53036 3.53481 3.51931 3.50448 3.31779 3.28907 4.76548 3.8601
threshold=94.030950788319998 0.063263157894737007 3.3350000000000004 0.059281650071123675 20.255000000000006 8.1550000000000029 19.825000000000006 41.665876419312845 15.085000000000003 18.920000000000005 17.455000000000002 0.93244991839251556 0.70176113635919146 33.500000000000007 -0.52800000000000002 13.280000000000003 9.0656896551724149 0.56500000000000006 95.500000000000014 1024.7900000000002 -0.48000000000000004 1.8739189189189192 20.235916996838366 1001.0295000000002 1.3809173377405053 16.866643835616447 11.970000000000002 1.0000000180025095e-35 -0.00066780821917810751 18.705000000000002
decision_type=10 2 2 2 10 2 10 8 10 8 10 10 2 2 2 10 10 2 2 10 2 2 8 8 10 10 10 2 2 10
left_child=1 3 6 7 5 -5 15 8 -1 11 20 12 26 -7 -4 16 22 -17 -19 -20 -11 -22 -3 -24 -2 -12 -9 28 -26 -29
right_child=24 2 14 4 -6 13 -8 9 -10 10 25 -13 -14 -15 -16 17 -18 18 19 -21 21 -23 23 -25 27 -27 -28 29 -30 -31
leaf_value=-0.00055976214462524288 3.9606419198590797e-05 -0.014756847182322955 0.0071313832308385729 0.0022597531153892756 -0.0064786224950732713 0.021309799351983291 0.013262552817151666 0.0015507112523263677 -0.0052220668301423212 0.0010442418731474285 0.0085980002563694671 -0.0026403956753584088 0.00062866361828400018 0.007076742413698235 -0.0045571327587310721 0.004848221712150479 0.0134010381379886 -0.0034677966124359761 0.0056444588227916332 -0.0050368066729485819 0.0015314714677987658 -0.0026159416037026535 0.019688205530719607 0.00080364269931857248 0.00025352223243736596 -0.0020030626537920647 0.0064000490631874012 0.0050533812992180141 0.0088778175786109418 -0.00022656432152298205
leaf_weight=597.34072443842888 296.96583890914917 12.87862056493759 26.893590003252029 500.75107020139694 65.150668740272522 22.348194509744644 27.272372961044312 204.54279720783234 330.29873919487 622.3403996527195 89.392778038978577 199.99740171432495 577.64401063323021 117.80149987339973 723.09666642546654 71.211196064949036 22.726977467536926 724.23301529884338 122.7256783246994 77.271723389625549 254.16336467862129 1016.2746757566929 9.0907909870147687 476.50896090269089 80.301987051963806 40.908559441566467 334.84413468837738 248.48162031173706 204.54279720783234 249.99675214290619
leaf_count=410 196 10 41 569 43 23 18 135 218 818 59 132 382 131 727 47 18 484 81 51 569 1378 6 1063 53 27 221 167 135 165
internal_value=5.2911e-05 -0.000358482 -0.00171238 0.000265933 0.00286009 0.00380942 -0.000534086 -0.000163242 -0.00221984 0.000407932 -0.00046105 0.00174277 0.00252755 0.00934634 -0.004138 -0.000782177 0.00129784 -0.00187126 -0.00238899 0.00151761 -0.000855566 -0.00178621 0.000746023 0.00115718 0.00282058 0.00526976 0.00456111 0.00387488 0.0064465 0.00240538
internal_weight=8348 7267.71 2293.91 4973.8 706.051 640.901 1543.92 4267.75 927.639 3340.11 2023.08 1317.03 1117.03 140.15 749.99 1516.65 521.205 995.442 924.23 199.997 1892.78 1270.44 498.478 485.6 1080.29 130.301 539.387 783.323 284.845 498.478
internal_count=8377 7661 2546 5115 766 723 1778 4349 628 3721 2851 870 738 154 768 1760 1097 663 616 132 2765 1947 1079 1069 716 86 356 520 188 332
is_linear=0
shrinkage=0.03


Tree=70
num_leaves=31
num_cat=0
split_feature=98 14 54 54 91 70 30 98 83 84 16 68 96 20 60 20 15 54 1 76 77 86 54 106 54 48 39 9 96 91
split_gain=9.74767 7.71835 6.20846 5.7272 8.04842 5.55267 4.89887 4.78727 5.15916 4.47957 4.06783 4.42747 3.93453 3.74203 3.84421 3.68888 3.87631 3.75653 3.60798 5.30697 4.02754 4.61983 3.58176 3.4815 3.37414 3.32305 3.25323 3.19917 3.02763 2.98732
threshold=153.17091180662541 47.485000000000007 0.52000000000000002 -0.1799999999999998 0.033048063297118582 3.0534112627745258 1.0350000000000004 115.04914075913457 13.445000000000002 -10.106499999999981 -0.85227513186527171 16.556986301369864 10.217000000000043 -0.092457480114811919 2.9319999999999031 -0.81375993805450619 1022.9465000000001 -0.47999999999999982 1.0000000180025095e-35 3.5250000000000004 1.1750000000000005 0.27321496127630379 0.4200000000000001 130.50000000000003 0.73500000000000032 1.6020000000000325 3.4950000000000006 106.99500000000002 3.7345000000000259 -0.029831069910250342
decision_type=10 8 2 2 2 10 2 10 8 2 2 10 2 10 2 10 10 2 2 2 2 2 2 2 2 2 2 2 2 2
left_child=1 2 -1 7 5 6 13 8 -3 -2 -6 -12 -10 23 29 16 -11 28 20 25 21 -19 -16 26 -25 -20 -5 -7 -17 -15
right_child=9 3 -4 4 10 27 -8 -9 12 15 11 -13 -14 14 22 17 -18 18 19 -21 -22 -23 -24 24 -26 -27 -28 -29 -30 -31
leaf_value=-0.0018848772185969022 0.015004665063446243 0.0076931253602636552 -0.0087125650523359327 0.00064498502285371235 0.0065920711839692614 0.012265973461851754 -0.013768329568554583 0.0034156682159276535 -0.00043106448092371745 0.0084327373138432301 -0.0026397970811737489 -0.0095582238851400023 0.0080149687086904075 0.0054941979862754625 -0.0016590043189800858 0.011030438701228152 -0.0013280006869378521 -0.0063859482969048668 0.0040260280340398387 -0.0054843328198293318 -0.0023144595098954506 0.0066266488092182477 0.012262847407239217 -0.0023082571759685928 -0.016213345749410808 0.014078183017269996 0.012346069829599546 0.0029119488320415903 0.0016640792786180322 -0.0029999021272106739
leaf_weight=553.02311837673187 25.757241129875183 80.301987051963806 153.02831494808197 2243.1526760458946 39.393427610397339 43.938823103904724 23.863326340913773 628.77970993518829 1363.9974310100079 149.61926832795143 988.24473688006401 90.907909870147705 51.514482259750366 39.393427610397339 34.848032116889954 62.120405077934265 48.484218597412109 31.817768454551697 159.08884227275848 45.453954935073853 375.75269412994385 107.57436001300812 31.817768454551697 133.3316011428833 17.802799016237259 36.363163948059082 21.59062859416008 131.05890339612961 62.120405077934265 689.38498318195343
leaf_count=365 17 53 101 2853 59 29 42 415 1783 101 1070 60 34 26 23 41 32 21 105 30 248 71 21 172 17 24 15 91 41 461
internal_value=1.20474e-05 -0.00038231 -0.0033647 -6.58186e-05 -0.000668687 5.56261e-05 -0.00022592 0.00121924 0.000295952 0.00264051 -0.00287695 -0.00322261 -0.000123689 -0.000125287 -0.00190999 0.0023452 0.00604388 0.00151283 0.000718398 0.00374893 -0.00069882 0.00365638 0.00498552 0.000462338 -0.0039462 0.0058962 0.000756536 0.00526058 0.00634726 -0.00254076
internal_weight=8463.53 7359.37 706.051 6653.32 4528.73 3410.18 3235.19 2124.59 1495.81 1104.15 1118.55 1079.15 1415.51 3211.32 795.444 1078.4 198.103 880.292 756.051 240.906 515.145 139.392 66.6658 2415.88 151.134 195.452 2264.74 174.998 124.241 728.778
internal_count=8421 7690 466 7224 4939 3750 3630 2285 1870 731 1189 1130 1817 3588 531 714 133 581 499 159 340 92 44 3057 189 129 2868 120 82 487
is_linear=0
shrinkage=0.03


Tree=71
num_leaves=31
num_cat=0
split_feature=98 20 80 14 27 57 97 13 55 92 91 0 92 84 82 54 96 54 14 56 1 88 86 45 44 99 84 66 56 78
split_gain=10.609 8.61804 6.26272 5.66317 5.3168 4.5727 4.48443 4.6532 4.80798 4.06681 3.97337 3.94081 5.54857 4.35632 3.89973 7.21745 5.72561 4.15068 3.81422 3.69187 4.63188 3.60063 3.76732 3.40829 3.34877 3.6221 3.28631 3.22366 3.15922 5.14003
threshold=115.78428401667898 -0.38010198523966648 12.57554827586207 51.315000000000005 0.96500000000000008 20.160000000000004 96.864190268854841 -1.4194999999999998 -0.13802631578947364 16.052595155709344 0.013990965989607926 1.0000000180025095e-35 10.430240484429069 0.24300000000010871 1.0928399849227073 2.4500000000000006 -4.4069999999999814 -0.094999999999999959 49.650000000000006 13.228648648648649 1.0000000180025095e-35 2.4950000000000006 0.38756083441985417 19.835000000000004 15.17526315789474 0.8096160728588554 2.5780000000000318 1.1950000000000005 12.290270270270272 1.3450000000000004
decision_type=10 10 10 10 2 10 10 10 2 10 2 2 10 2 8 2 2 2 8 10 2 2 2 10 8 2 2 2 10 2
left_child=2 5 4 19 -1 9 7 8 -5 23 -7 12 27 -14 16 18 -6 -18 -16 26 -21 -9 -23 -2 25 -4 -3 -8 -20 -30
right_child=1 3 24 6 14 10 11 21 -10 -11 -12 -13 13 -15 15 -17 17 -19 28 20 -22 22 -24 -25 -26 -27 -28 -29 29 -31
leaf_value=-0.014776014922720942 0.0036044170237017597 -0.0032341267836682825 -0.00046505188657844956 0.0050338915889170197 0.018720518421964177 0.0068152017360465248 0.018416706189827988 -0.0019813490227097051 -0.0064337351858039247 -0.0067659724963152583 -0.0054263165506587508 0.00086214918761568697 -0.0063431424208307734 0.0062100892772597891 -0.0035885162156930992 -0.018093279356728113 0.008020898302086658 -0.00026368885767349417 -0.00033740850738950219 -0.0088528817065627718 -0.00012948709695189553 0.012312212767174313 0.0016549244263350128 0.01354399885141362 0.0020091098745949445 -0.0048040611743448676 0.0046081831180558048 0.0067140657598816472 0.0080286339045258764 -0.0011809096957139228
leaf_weight=22.726977467536926 1284.4530098736286 116.66515100002289 239.39082932472229 40.908559441566467 19.696713805198669 31.817768454551697 40.908559441566467 266.6632022857666 168.17963325977325 33.332900285720825 95.45330536365509 245.4513566493988 36.363163948059082 78.786855220794678 307.57176172733307 20.833062678575516 74.620242685079575 201.1337505877018 3246.9275141954422 145.45265579223633 87.877646207809448 31.817768454551697 483.32705414295197 31.817768454551697 107.57436001300812 625.74944627285004 81.817118883132935 43.938823103904724 108.33192592859268 109.84705775976181
leaf_count=36 856 77 158 27 13 21 27 176 111 22 63 162 24 52 203 43 50 138 4924 96 58 21 319 21 71 413 54 29 73 77
internal_value=4.52428e-05 0.00135738 -0.000818012 3.46634e-06 -0.0003059 0.00307 0.000909121 -0.000214785 -0.00419007 0.00358262 -0.00236594 0.00340924 0.00653521 0.00224591 -0.000225473 -0.000484029 0.00309431 0.00197816 -0.000386789 -0.00300903 -0.00556745 0.000848372 0.00231317 0.00384468 -0.00298272 -0.00360342 -1.41889e-06 0.0123564 -0.000102595 0.00339188
internal_weight=8429.44 3345.03 5084.4 1868.16 4111.69 1476.87 1436.34 990.896 209.088 1349.6 127.271 445.449 199.997 115.15 4088.96 3793.51 295.451 275.754 3772.68 431.813 233.33 781.808 515.145 1316.27 972.715 865.14 198.482 84.8474 3465.11 218.179
internal_count=8415 2216 6199 1233 5557 983 948 654 138 899 84 294 132 76 5521 5320 201 188 5277 285 154 516 340 877 642 571 131 56 5074 150
is_linear=0
shrinkage=0.03


Tree=72
num_leaves=31
num_cat=0
split_feature=98 27 14 54 95 33 16 8 54 95 96 86 21 54 84 60 96 64 45 97 12 96 91 86 95 69 3 57 9 14
split_gain=8.6559 5.49086 5.57392 5.85412 4.7246 6.63179 7.3499 7.12231 5.65498 4.75684 4.70594 5.13068 4.16708 4.07234 4.17023 4.35344 4.0031 3.81269 3.49539 3.40143 4.93081 7.65873 4.9682 4.56568 4.19553 3.58756 3.41085 4.00366 3.40765 3.3525
threshold=134.28339832031955 0.96500000000000008 51.315000000000005 0.68500000000000005 24.565000000000001 17.055000000000003 -0.25130924261461557 3.2450000000000006 -0.64499999999999991 22.100000000000005 9.7879999999999558 0.60254785469627936 -0.76062965362114654 -0.68999999999999972 5.0699999999998804 1.2245000000000348 3.7889999999999309 3.9850000000000008 17.105000000000004 41.404186400607337 75.710000000000022 4.5555000000000527 0.0095336561171468891 0.49400089266711411 14.550000000000002 12.705000000000002 2.8250000000000006 17.805000000000003 336.81500000000005 71.335000000000022
decision_type=10 2 8 2 10 10 2 2 2 10 2 2 8 2 2 2 2 2 10 8 8 2 2 2 10 8 2 10 2 10
left_child=1 -1 3 17 5 8 7 -7 -2 -10 11 12 -4 -13 -15 -16 -9 18 -3 -14 21 23 25 24 -21 -22 -27 -28 -24 -6
right_child=4 2 10 -5 29 6 -8 16 9 -11 -12 13 19 14 15 -17 -18 -19 -20 20 22 -23 28 -25 -26 26 27 -29 -30 -31
leaf_value=-0.015469340033877017 0.008687363521238483 -0.0013547523586839899 0.014858030106499316 -0.0083647687397834201 -0.0041470738190331627 0.022250342557645512 -0.00042390675046936112 0.0045572306867198422 0.0013255743287684098 -0.005146262341808594 0.0043240509927637552 0.0018273642404408562 -0.0016232311806736171 -0.0013480175131528203 -0.0096731030046943167 -0.0018729515600497805 0.012986807335763909 -0.0068519869239353354 0.0073554979173604393 0.0072771986000880924 -0.0013817877801670245 -0.01034929856453032 -0.0020783859234112857 0.011886459545955293 -0.00022760818636206829 0.0036980717760452461 -0.0045787962130133539 0.0074324681471739616 0.001810062051832385 0.0030736389040029355
leaf_weight=21.969411551952362 86.36251437664032 736.35406994819641 18.181581974029541 132.19525226950645 189.39147889614105 28.78750479221344 131.81646931171417 211.7396734058857 1156.8031530976295 112.1197555065155 212.11845636367798 298.4809707403183 575.7500958442688 1467.0263955295086 119.69541466236115 139.39212846755981 66.66580057144165 109.08949184417725 43.938823103904724 134.84673297405243 237.87569749355316 30.302636623382568 785.2170715034008 75.756591558456421 133.3316011428833 662.11261022090912 99.619917899370193 33.332900285720825 273.48129552602768 83.332250714302063
leaf_count=34 57 486 12 88 125 19 87 142 765 74 140 362 386 2013 79 92 44 72 29 89 157 20 1188 50 88 1085 140 22 413 55
internal_value=5.22569e-05 -0.000497385 -0.000445324 -0.00247426 0.00173815 0.00229732 0.00550188 0.00804463 0.00125929 0.000753734 -5.39891e-05 -0.000236638 0.000538556 -0.0014082 -0.0019677 -0.00547653 0.00657574 -0.00159871 -0.000864272 0.00045296 0.000937724 0.00410922 0.000370277 0.0053831 0.003546 0.0018505 0.00281756 -0.00156743 -0.00107393 -0.00194074
internal_weight=8407.09 6340.07 6318.1 1021.58 2067.02 1794.29 439.009 307.193 1355.29 1268.92 5296.52 5084.4 3059.81 2024.59 1726.11 259.088 278.405 889.382 780.293 3041.63 2465.88 374.238 2091.64 343.935 268.178 1032.94 795.065 132.953 1058.7 272.724
internal_count=8413 7045 7011 675 1368 1188 292 205 896 839 6336 6196 3650 2546 2184 171 186 587 515 3638 3252 247 3005 227 177 1404 1247 162 1601 180
is_linear=0
shrinkage=0.03


Tree=73
num_leaves=31
num_cat=0
split_feature=97 14 54 92 84 86 97 21 102 16 15 20 91 106 87 36 91 43 54 95 33 85 55 75 1 100 7 42 64 81
split_gain=9.22982 6.15943 5.70565 8.51766 5.38226 5.23403 5.16747 4.32047 3.95466 4.00015 3.84223 3.72583 4.84499 3.74688 4.4625 5.72506 3.8852 3.55968 3.53916 3.82532 3.4665 3.37169 4.39388 3.20988 4.76481 3.04969 3.01026 3.38558 2.9531 3.45006
threshold=67.466858798444974 60.015000000000008 1.0000000180025095e-35 12.19415743944637 -12.356999999999969 0.6776112468896397 21.069283739820822 -0.49848767142220984 71.500000000000014 -0.94123492117109386 1000.8040000000001 -0.66000165790853627 0.017625232153065256 32.500000000000007 0.74500000000000011 -0.041999999999973163 0.0050702645252716236 0.2126363636363641 0.22000000000000011 21.510000000000002 11.325000000000001 1.2128371507676821 0.14910526315789466 0.72500000000000009 1.0000000180025095e-35 0.77168261144884454 5.8050000000000006 -0.25499999999999995 2.6650000000000005 20.080000000000002
decision_type=10 8 2 10 2 2 10 10 2 2 8 10 2 2 2 2 2 2 2 10 10 2 2 2 2 2 2 2 2 10
left_child=1 6 7 4 -4 -3 -1 -2 -7 -10 -11 21 13 14 -13 -16 17 -15 19 20 25 22 -6 24 -14 -8 -12 -28 -21 -30
right_child=2 5 3 -5 11 8 18 -9 9 10 26 12 23 16 15 -17 -18 -19 -20 28 -22 -23 -24 -25 -26 -27 27 -29 29 -31
leaf_value=-0.0095856011081583599 0.010633992579729716 0.00055675500881980516 0.018006063506708036 -0.0043947862157580541 0.011085737837406764 -0.017193738170097561 -0.00034841725695227468 0.0024048202277164271 0.0079651332317455803 0.014668823142599591 0.0038249227630026521 0.0018421313707571612 -0.0080814060860213942 0.0047264039234094796 0.0023285904706763618 -0.009374029875687806 0.012698845372132766 -0.0066296404580416073 -0.0039776626573971305 0.0029720729955974292 0.0025762660670523244 0.0012189901544356575 0.0012113973858603249 7.4560005011045004e-06 0.0024937709403409351 -0.0068585430485653028 -0.00041174609986334307 -0.0042052192598444407 -0.0064014980739551253 0.0012532168714548975
leaf_weight=84.847382545471191 60.605273246765137 2510.1946612894535 16.666450142860413 309.0868935585022 89.392778038978577 15.151318311691282 348.48032116889954 1092.4100502729416 36.741946905851364 12.121054649353026 66.66580057144165 359.08624398708344 149.99805128574371 137.87699663639069 66.66580057144165 86.36251437664032 43.938823103904724 30.302636623382568 542.79597851634026 53.029614090919495 318.17768454551697 289.76896271109581 74.241459727287292 196.96713805198669 51.514482259750366 79.544421136379242 339.01074722409248 564.00782415270805 237.87569749355316 68.180932402610779
leaf_count=56 40 3495 11 204 59 25 230 721 82 8 122 237 99 91 44 57 29 20 359 35 210 198 49 130 34 54 526 922 157 45
internal_value=-0.000140088 -0.000899822 0.00117223 0.000162738 0.00104715 -0.000183092 -0.00236555 0.00283737 -0.00197971 -0.00175339 -0.00211709 0.000867817 -5.91118e-05 0.00140272 1.39746e-05 -0.00427586 0.00475555 0.00268027 -0.00199385 -0.00101962 0.000204683 0.00316307 0.00660571 -0.00271598 -0.00537798 -0.00155826 -0.00232691 -0.00278108 -0.00356379 -0.00469624
internal_weight=8331.71 5276.83 3054.88 1901.87 1592.78 3543.89 1732.93 1153.02 1033.7 1018.55 981.805 1576.12 1122.71 724.233 512.115 153.028 212.118 168.18 1648.08 1105.29 746.202 453.403 163.634 398.48 201.513 428.025 969.684 903.019 359.086 306.057
internal_count=8349 6326 2023 1262 1058 5180 1146 761 1685 1660 1578 1047 741 478 338 101 140 111 1090 731 494 306 108 263 133 284 1570 1448 237 202
is_linear=0
shrinkage=0.03


Tree=74
num_leaves=31
num_cat=0
split_feature=97 54 64 71 58 39 80 35 90 19 94 79 14 93 92 91 65 41 15 13 84 96 7 106 90 90 71 17 93 12
split_gain=7.72853 6.6657 10.3267 7.53221 5.27569 5.44176 4.81959 6.49207 6.95303 4.56213 6.39505 4.05252 7.0084 5.16287 4.78853 4.0906 4.01234 4.25576 3.92159 3.75123 3.72263 3.61947 3.47589 3.41459 3.32859 3.22645 3.22069 3.20606 3.13807 4.20214
threshold=41.665876419312845 -0.48000000000000004 2.6250000000000004 21.805000000000003 3.8563401965407063 0.95500000000000007 16.001244827586209 18.530000000000005 1.2850000000000006 0.77151354329250521 3.6269020145826318 -0.0076633654202147598 70.785000000000011 15.435 12.450692041522492 0.014485889354484027 1.5050000000000006 0.99500000000000011 1022.2795000000001 2.0675000000000003 5.1230000000000482 12.084000000000005 10.285000000000002 50.500000000000007 -1.0749999999999995 2.555000000000001 15.210000000000003 -0.91782391310925837 11.610000000000001 75.710000000000022
decision_type=8 2 2 10 8 2 10 10 2 10 10 2 10 8 10 2 2 2 10 8 2 2 2 2 2 2 10 2 8 8
left_child=4 -2 3 11 5 -1 7 19 18 10 -10 12 13 23 16 -14 17 22 -9 -4 -12 -15 28 -3 -21 27 -7 -26 29 -13
right_child=1 2 6 -5 -6 26 -8 8 9 -11 20 14 15 21 -16 -17 -18 -19 -20 24 -22 -23 -24 -25 25 -27 -28 -29 -30 -31
leaf_value=-0.016921736933382517 0.0024914257517675213 0.0032834820036392971 -0.0065911253043597455 0.020269312456490426 0.0081658397506207507 -0.00070973003393649532 -0.0061800795264688908 0.0035717352114221601 -0.0048850089162047966 -0.0045834734134447223 0.0063076240132602813 0.010963355478522781 0.012042904678465163 1.2103560862360862e-05 -0.0088757341708254733 0.0014440864492473459 0.0038909633429283072 0.013214326532290991 0.013200620752832775 -0.0087650406208689031 -0.0048591045862483072 0.012630686556305728 0.0068757276900023121 0.015594895177320593 -0.0071335849981874 -0.0060400559318265655 -0.0037135929503571336 -0.00064279989131703233 -0.00049218840328656643 -0.0026512843338403007
leaf_weight=23.105760425329208 1082.18291041255 48.484218597412109 154.5434467792511 18.181581974029541 43.18125718832016 633.70388838648796 184.84608340263367 145.83143875002861 93.938173532485962 168.17963325977325 172.72502875328064 49.999350428581238 101.13504973053932 575.7500958442688 49.999350428581238 48.484218597412109 279.16303989291191 21.969411551952362 51.514482259750366 57.57500958442688 31.817768454551697 21.211845636367798 63.256753951311111 34.848032116889954 72.347544938325882 124.24081015586853 651.50668740272522 1284.0742269158363 2058.6853756010532 34.469249159097672
leaf_count=16 1135 32 102 12 51 422 122 97 62 111 114 33 69 650 33 32 341 34 34 86 21 14 47 23 83 226 430 1776 2153 25
internal_value=-7.3699e-05 0.000325758 -6.83134e-05 0.00101163 -0.00215137 -0.00249189 -0.00151537 -0.00114951 0.0013645 -0.000631845 0.00159471 0.000908264 0.00272982 0.00143693 0.000317176 0.00860835 0.000500479 7.57317e-05 0.00608523 -0.00213565 0.00457058 0.00046048 -5.50904e-05 0.00843189 -0.00168802 -0.00141283 -0.00223247 -0.000988999 -0.000259659 0.00540761
internal_weight=8380.95 7029.45 5947.27 3405.64 1351.5 1308.32 2541.63 2356.79 664.007 466.661 298.481 3387.46 829.913 680.294 2557.54 149.619 2507.54 2228.38 197.346 1692.78 204.543 596.962 2206.41 83.3323 1538.24 1480.66 1285.21 1356.42 2143.15 84.4686
internal_count=8386 7467 6332 3498 919 868 2834 2712 439 308 197 3486 820 719 2666 101 2633 2292 131 2273 135 664 2258 55 2171 2085 852 1859 2211 58
is_linear=0
shrinkage=0.03


Tree=75
num_leaves=31
num_cat=0
split_feature=89 97 13 7 100 94 20 94 54 30 59 2 75 97 90 94 33 23 54 35 24 14 74 72 7 97 89 53 73 77
split_gain=7.23572 5.71647 6.43744 4.79305 4.84173 4.53491 4.43769 4.28319 4.759 4.19924 4.11552 3.92985 4.24255 4.27502 3.72828 3.4827 3.58608 3.45147 3.49095 3.81548 3.43021 3.42372 4.34033 4.12843 4.39369 4.06069 3.51613 4.39896 3.58117 3.45205
threshold=2.8050000000000006 67.785868290734172 -4.4614999999999991 10.385000000000003 0.6322445021340598 4.4767458816740247 -0.39225684404785627 2.905368528010011 0.55000000000000027 0.14499999999999993 17.450000000000006 1.0000000180025095e-35 2.2200000000000002 11.232379302309038 -1.2049999999999998 4.4410206229829461 17.255000000000006 1.6164288692253261 -0.55000000000000004 15.295000000000002 169.49023700000001 52.215000000000011 0.68834076852337467 0.66199999999997783 7.9850000000000012 165.60776869435077 2.1150000000000007 1.1550000000000005 0.93541095890410986 1.3550000000000006
decision_type=2 8 8 2 2 10 8 10 2 2 10 2 2 8 2 10 8 2 2 10 2 8 2 2 2 10 2 2 2 2
left_child=1 3 -3 4 14 6 7 8 -4 17 -10 12 13 -6 -1 16 -15 20 19 -19 -2 -8 23 25 -25 26 27 29 -29 -23
right_child=9 2 5 -5 11 -7 21 -9 10 -11 -12 -13 -14 15 -16 -17 -18 18 -20 -21 -22 22 -24 24 -26 -27 -28 28 -30 -31
leaf_value=-0.0035344808473453258 0.0011247278298586875 0.015067634181099897 0.0027305740273645017 0.0050751254888970867 -0.011884596629276089 -0.0044561069963576158 -0.0020695091181105944 0.0051805273863696124 0.0016671625198152928 -0.004082940142939845 -0.0095332484234467961 -0.007480568194895283 -0.0056376689109729015 -0.00046352853433123014 0.0021973741276072453 -0.0061128700084989622 0.0099486989300500619 -0.0021180254765918983 -0.0038777740465511627 0.0053706893192255085 -0.0095890803043381517 0.0016738549121877151 0.0080000688905917643 0.0026929912215892453 0.01435420528595438 0.017446649866733249 -0.0024128833640826679 0.00055812777630046733 0.013590581635429836 -0.0020065895831800399
leaf_weight=121.21054649353027 664.38530796766281 30.302636623382568 424.23691272735596 133.3316011428833 30.68141958117485 123.86202719807625 349.99545300006866 460.97885963320732 57.57500958442688 475.37261202931404 60.605273246765137 93.938173532485962 177.27042424678802 1692.7810383737087 648.85520669817924 97.347220152616501 30.302636623382568 181.43703678250313 454.91833230853081 92.423041701316833 28.029938876628876 645.82494303584099 79.923204094171524 337.87439835071564 31.817768454551697 12.121054649353026 394.31305906176567 34.090466201305389 42.802474230527878 355.6771973669529
leaf_count=80 734 20 280 88 21 90 231 305 38 532 40 62 117 1124 429 65 20 230 532 61 23 1126 178 223 21 8 780 87 86 729
internal_value=-1.26982e-05 0.000465113 0.00130133 -0.000486151 -0.000742511 0.00117906 0.00139135 0.00305437 0.00124744 -0.00164214 -0.00407664 -0.00148186 -0.00120405 -0.000779471 0.00129516 -0.000592306 -0.000280416 -0.000825723 -0.00226678 0.000409286 0.000691018 0.000660898 0.0011549 0.000859903 0.00369662 0.000153618 1.12887e-05 0.000897683 0.00781265 0.000366768
internal_weight=8364.29 6467.72 3442 3025.72 2892.39 3411.7 3287.84 1003.4 542.417 1896.57 118.18 2122.32 2028.38 1851.11 770.066 1820.43 1723.08 1421.19 728.778 273.86 692.415 2284.44 1934.44 1854.52 369.692 1484.83 1472.71 1078.4 76.8929 1001.5
internal_count=8360 6248 4242 2006 1918 4222 4132 663 358 2112 78 1409 1347 1230 509 1209 1144 1580 823 291 757 3469 3238 3060 244 2816 2808 2028 173 1855
is_linear=0
shrinkage=0.03


Tree=76
num_leaves=31
num_cat=0
split_feature=98 20 42 64 79 94 55 14 7 14 14 39 92 95 64 55 96 15 81 87 84 12 92 17 19 89 91 88 18 84
split_gain=8.53215 5.21546 4.91703 7.61952 4.62607 4.55613 5.07567 4.17886 4.06142 4.17233 3.89094 3.88295 3.87742 3.57486 4.01228 3.48498 3.2639 3.59194 2.92301 3.14983 3.79991 3.43693 2.91468 2.90507 5.13459 4.76133 3.14189 3.22945 3.38185 2.97771
threshold=135.25109231720964 -0.57278984051112791 -0.38999999999999996 2.6250000000000004 -0.0076633654202147598 2.8924879024024333 0.09968421052631582 72.670000000000016 10.485000000000001 83.350000000000009 48.745000000000012 1.4550000000000003 9.9708287197231851 24.565000000000001 4.2200000000000015 0.13039473684210515 12.36700000000002 1022.8185000000002 18.165000000000003 0.47500000000000003 -1.4844999999999684 269.50000000000006 8.7889429065743965 -0.89297892981028981 -0.40593911492783125 1.7750000000000006 -0.009356695795937656 2.9650000000000003 0.76570767035967591 10.193999999999962
decision_type=10 10 2 2 2 10 2 10 2 10 8 2 10 10 2 2 2 10 10 2 2 10 10 2 8 2 2 2 10 2
left_child=2 5 -1 4 7 6 -2 -4 18 -10 15 -7 -9 14 -3 -5 17 23 19 20 -6 -22 -11 -12 -25 -26 -27 28 -28 -29
right_child=1 13 3 10 8 11 -8 12 9 22 16 -13 -14 -15 -16 -17 -18 -19 -20 -21 21 -23 -24 24 25 26 27 29 -30 -31
leaf_value=0.001542545927790587 0.0033800884146107006 0.0010792403800239084 0.0010291657263251984 -0.0035721595137287719 -0.0042512298282951343 0.012309260166791153 -0.0074529422387206758 0.0015170640263576663 -0.0016968096257124262 0.01696414870788767 -0.0056119812472308671 0.0046583277463483445 0.010528980952713084 -0.0029646362341692765 0.010468533013915664 -0.011526330623393094 0.0090332723722818548 -0.0037292795812246702 -0.011140368123628869 -0.0015393456370791751 0.0031645676476441446 -0.0020819637842688704 0.0038061110462226651 0.0033183279900143928 0.0044362550830550108 -0.0081051150763004759 0.00058970171905310795 -0.002557081938348645 0.013317772804986784 0.0077831209973513865
leaf_weight=914.00327715277672 175.7552924156189 1187.8633556365967 585.59845274686813 245.4513566493988 107.57436001300812 79.16563817858696 49.999350428581238 80.301987051963806 44.696389019489288 30.302636623382568 114.77123621106148 242.79987594485283 92.423041701316833 195.45200622081757 42.423691272735596 62.120405077934265 25.757241129875183 586.3560186624527 24.242109298706055 1299.2255452275276 454.91833230853081 149.24048537015915 30.302636623382568 245.4513566493988 114.77123621106148 70.453630149364471 164.39180368185043 932.56364208459854 21.211845636367798 25.757241129875183
leaf_count=1003 116 784 661 162 71 56 33 53 37 20 114 161 61 129 28 41 17 387 16 1333 793 100 20 183 174 165 263 1388 14 17
internal_value=3.49216e-05 0.00176016 -0.000495247 -0.000833407 0.000225172 0.00424841 0.000980827 0.00223865 -0.000488151 0.00525682 -0.00200956 0.00653956 0.00633923 0.000804256 0.00140301 -0.00517867 -0.00158603 -0.00170623 -0.000785397 -0.000660567 0.000943588 0.00186856 0.0103851 -0.00100405 -0.000668186 -0.00140437 -0.00195637 -0.00157767 0.00204434 -0.00227916
internal_weight=8395.35 1973.46 6421.89 5507.88 2898.83 547.72 225.755 758.323 2140.5 105.302 2609.06 321.966 172.725 1425.74 1230.29 307.572 2301.49 2275.73 2035.2 2010.96 711.733 604.159 60.6053 1689.37 1574.6 1329.15 1214.38 1143.92 185.604 958.321
internal_count=8400 1307 7093 6090 3165 366 149 775 2390 77 2925 217 114 941 812 203 2722 2705 2313 2297 964 893 40 2318 2204 2021 1847 1682 277 1405
is_linear=0
shrinkage=0.03


Tree=77
num_leaves=31
num_cat=0
split_feature=97 42 76 96 13 14 19 99 14 33 100 20 44 80 57 105 15 92 14 69 9 13 58 60 91 16 92 67 95 94
split_gain=8.81743 5.83477 8.97622 5.37569 5.08073 4.78067 4.41544 5.75784 3.88313 3.75149 4.04088 5.20719 4.21519 3.91392 3.8172 3.80572 4.80011 3.77536 3.44995 3.35671 6.54178 3.31541 3.25204 4.26966 3.23583 3.22719 3.85884 3.46871 3.30163 3.39666
threshold=90.768873776688963 -0.38999999999999996 3.4950000000000006 12.836500000000003 -1.7249999999999999 93.65000000000002 -0.86471311126170447 2.6405667135781132 48.125000000000007 18.145000000000003 0.61606429355346326 -0.12775704858859274 6.802631578947369 7.6971103448275864 13.775 132.50000000000003 1018.6620000000001 12.396730103806229 50.985000000000007 11.945000000000002 67.865000000000009 15.740000000000002 1.6953744205259269 1.9069999999999825 -0.032461206896551721 -0.58637234780482739 10.450095895556366 -0.022885383555591266 21.710000000000004 4.5945451783381079
decision_type=10 2 2 2 8 10 8 2 10 10 2 10 8 8 10 2 10 10 8 8 2 10 10 2 2 2 10 2 10 10
left_child=1 -1 4 6 -3 8 -4 18 -2 10 14 12 -12 21 17 19 -17 -6 -8 20 -13 -14 23 -20 -15 26 -10 -27 29 -29
right_child=5 2 3 -5 9 -7 7 -9 25 -11 11 15 13 24 -16 16 -18 -19 22 -21 -22 -23 -24 -25 -26 27 -28 28 -30 -31
leaf_value=0.0017298690902265038 -0.001305602169206015 -0.009295756442889741 0.0023218413345306513 0.010099317469008582 0.0018203801384567937 -0.0036728142743952122 -0.0073717049331121897 -0.020449584973241949 0.010451300609284739 0.010839522914481396 -0.0078381416982902172 0.014820439292648679 0.0016089633235402009 -0.012093701708970275 0.0068574855389059147 0.012552302572868393 -0.0032086886457258295 -0.0050271119210212019 -0.0029149871922933899 -0.0038629711470906996 -0.0017175092085768302 0.012529754912920053 -0.0069172710529838751 0.002552622893404789 0.00022973759639845372 0.0076883757418043028 0.0025925205392502552 0.0035288480545394717 -0.0026309644158887223 -0.0054542989206955482
leaf_weight=1025.3654667437077 169.69476509094238 53.029614090919495 128.40742269158363 28.78750479221344 634.08267134428024 109.08949184417725 162.11910593509674 17.802799016237259 119.69541466236115 28.78750479221344 57.57500958442688 25.757241129875183 60.984056204557419 19.317930847406387 118.18028283119202 33.332900285720825 36.363163948059082 81.817118883132935 859.83731418848038 690.90011501312256 131.05890339612961 42.423691272735596 143.9375239610672 151.13440015912056 2615.4963235557079 107.57436001300812 106.05922818183899 512.11455893516541 119.69541466236115 40.908559441566467
leaf_count=1057 112 35 102 19 753 72 107 29 82 19 38 17 41 33 78 22 24 54 1076 456 91 28 95 102 3275 71 70 338 79 27
internal_value=4.68108e-05 -0.000364548 -0.000715389 -0.00273893 -6.31723e-05 0.00233487 -0.00299151 -0.00350264 0.00289229 4.3819e-05 -2.45253e-05 -0.000448375 0.000195168 0.00036408 0.0018624 -0.00240956 0.00432918 0.00103781 -0.00327356 -0.0029636 0.000998869 0.00608929 -0.00269829 -0.00209761 0.000139385 0.00360036 0.00675926 0.00268643 0.00188657 0.00286434
internal_weight=8431.33 7146.5 6121.13 1492.03 4629.11 1284.83 1463.24 1334.83 1175.74 4576.08 4547.29 3713.21 2795.8 2738.22 834.08 917.412 69.6961 715.9 1317.03 847.716 156.816 103.408 1154.91 1010.97 2634.81 1006.05 225.755 780.293 672.719 553.023
internal_count=8402 7551 6494 1530 4964 851 1511 1409 779 4929 4910 4025 3415 3377 885 610 46 807 1380 564 108 69 1273 1178 3308 667 152 515 444 365
is_linear=0
shrinkage=0.03


Tree=78
num_leaves=31
num_cat=0
split_feature=98 21 42 71 14 83 21 97 16 84 98 57 53 63 41 54 54 62 16 103 48 105 95 84 60 75 15 105 105 16
split_gain=7.15463 8.42374 5.70405 5.73719 5.35369 5.46439 4.96495 4.9452 4.71319 5.09113 4.55858 4.47997 4.32812 4.40109 3.89936 3.726 3.70377 4.81769 4.11501 3.35949 3.29118 3.19553 7.90028 4.27204 3.30561 3.17911 3.04282 3.03196 3.18485 2.93985
threshold=108.90034977739258 -0.49848767142220984 0.8550000000000002 13.380000000000001 47.485000000000007 17.515000000000004 0.92457928123506949 165.60776869435077 0.23386961714603963 0.89699999999999147 72.211288757325107 20.160000000000004 2.6750000000000003 0.7350000000000001 1.1050000000000004 -0.44999999999999979 0.84500000000000008 0.53284450769193559 -0.32466037068451348 143.50000000000003 2.1229999999999909 120.50000000000001 20.565000000000001 5.9594999999999922 0.61649999999997374 0.21500000000000002 1006.6100000000001 51.500000000000007 89.500000000000014 -0.37679017560701761
decision_type=8 8 2 10 8 10 8 10 2 2 10 10 2 2 2 2 2 2 2 2 2 2 8 2 2 2 10 2 2 2
left_child=2 -2 3 8 5 -3 11 12 -1 -10 26 16 13 19 21 -12 17 18 27 -8 -7 -15 24 -24 -23 -14 -5 -6 -29 -13
right_child=1 4 -4 10 6 20 7 -9 9 -11 15 29 25 14 -16 -17 -18 -19 -20 -21 -22 22 23 -25 -26 -27 -28 28 -30 -31
leaf_value=-0.0017640133482684083 0.0079007884412714766 0.0054123880178103328 -0.010371632492144445 0.0016609587499221217 0.010084057540926731 -0.0029498774474411354 -0.0043821562786470133 0.015698353190415935 0.001173820124812162 0.0080776959741388089 0.0014704721922943549 0.00081578863654950475 0.0040477705360690364 -0.0012205693345521162 0.0054126143536677926 -0.0017615742768165397 -0.0007376327870233213 0.011139110279057955 0.0014537725471501929 0.0040719829041915073 -0.012567040727658197 0.0027436163248715983 0.00087759799803390349 -0.0062481866513834057 0.013253140067795465 -0.017934730618927024 -0.0054207533519997552 -0.0011422632685263001 0.0056280656962876697 -0.0083263325903072567
leaf_weight=279.54182285070419 141.28604325652122 68.180932402610779 59.090141415596008 63.635536909103394 90.907909870147705 395.44940793514252 48.105435639619827 18.181581974029541 334.84413468837738 134.84673297405243 412.11585807800293 72.726327896118164 8.3332250714302081 1828.3853372633457 102.27139860391617 1452.2538601756096 236.73934862017632 67.802149444818497 677.64271149039268 350.75301891565323 34.848032116889954 48.484218597412109 495.06932583451271 89.392778038978577 60.605273246765137 20.454279720783234 384.84348511695862 84.089816629886627 243.93622481822968 56.059877753257751
leaf_count=186 106 45 39 42 60 261 79 12 227 89 272 48 22 2829 129 963 163 50 454 623 23 32 926 59 40 51 254 57 161 37
internal_value=-2.37451e-06 0.000674946 -0.00113944 -0.000961278 0.000474706 -0.00247843 0.000794726 9.89599e-05 0.00132026 0.0031559 -0.00170037 0.00219091 6.02574e-06 0.000116273 -0.000329987 -0.00104714 0.00268309 0.00337858 0.00289874 0.00305235 -0.00372873 -0.000562865 0.00117102 -0.000212282 0.00858224 -0.0115714 -0.00441592 0.00523604 0.00389248 -0.00316372
internal_weight=8360.88 5239.7 3121.17 3062.08 5098.42 498.478 4599.94 3070.04 749.233 469.691 2312.85 1529.9 3051.85 3023.07 2624.21 1864.37 1401.12 1164.38 1096.58 398.858 430.297 2521.94 693.552 584.462 109.089 28.7875 448.479 418.934 328.026 128.786
internal_count=8339 6267 2072 2033 6161 329 5832 4802 502 316 1531 1030 4790 4717 4015 1235 945 782 732 702 284 3886 1057 985 72 73 296 278 218 85
is_linear=0
shrinkage=0.03


Tree=79
num_leaves=31
num_cat=0
split_feature=98 21 95 18 94 94 27 3 72 96 68 67 72 10 55 59 94 1 94 102 82 19 52 88 15 14 42 46 77 39
split_gain=7.2047 8.77073 6.85842 5.95859 5.48472 5.61176 5.391 4.90841 4.56366 4.51593 4.35358 4.87997 4.3576 4.15852 4.0078 4.47851 4.33439 4.03074 5.41433 4.01928 3.83569 3.82848 5.03736 3.64309 3.55761 3.46507 3.34498 3.32574 3.278 3.07669
threshold=106.52071932011306 0.50686138996327013 20.585000000000004 0.42063964031007667 2.0450973189541735 3.5300062545918078 2.8250000000000006 2.1750000000000003 -0.40299999999996311 13.450500000000035 10.930547945205481 -0.02546941678520635 6.3335000000000727 11.475000000000003 -0.20328947368421035 24.565000000000001 2.2141240813793819 1.0000000180025095e-35 2.39318703011006 72.500000000000014 1.0797416982070203 -0.82658943438516286 3.9750000000000005 4.1150000000000011 1010.4150000000001 56.780000000000008 0.084999999999999978 1.4078984015891955 1.4550000000000005 1.8550000000000002
decision_type=8 8 10 10 10 10 2 2 2 2 8 2 2 10 2 10 8 2 8 2 10 10 2 2 10 10 2 10 2 2
left_child=3 2 -2 7 6 -6 8 28 20 10 11 13 14 -3 -12 16 19 18 29 -16 -5 22 -4 -19 -13 -23 -21 -27 -1 -18
right_child=1 9 21 4 5 -7 -8 -9 -10 -11 12 24 -14 -15 15 -17 17 23 -20 26 -22 25 -24 -25 -26 27 -28 -29 -30 -31
leaf_value=-0.002077114340807735 0.004940499398328268 0.0038332784753181922 0.0092792749734354214 0.010041153518627858 -0.0038019256796794814 0.0066788384402139411 -0.0036677282596211513 -0.0036220333210065089 0.007986307276988484 0.01383892641398999 0.0073613167214117668 -0.0051048839845069206 -0.0067342698388867918 0.017283111336198257 0.0070467048175503026 -0.0077395265590505342 7.6242244128705864e-05 0.0023147289824610117 -0.00096943810583095076 -0.0012475723706337387 -0.0011640007311610255 -0.0046407643300235045 -0.0036963339822265362 -0.0025814638941779855 0.0023194265302976 0.0068553098107842804 -0.0066536832096568332 -0.0014959498588221561 0.00096110627614776469 0.012592204123851345
leaf_weight=742.79338023066521 670.44583529233932 54.544745922088623 78.786855220794678 34.848032116889954 255.67849650979042 56.059877753257751 81.817118883132935 930.66972729563713 193.93687438964844 21.211845636367798 61.362839162349701 68.180932402610779 95.45330536365509 33.332900285720825 33.332900285720825 72.726327896118164 30.302636623382568 960.9723639190197 1829.5216861367226 219.69411551952362 130.30133748054504 159.08884227275848 40.908559441566467 159.46762523055077 392.41914427280426 65.150668740272522 193.93687438964844 125.75594198703766 560.9775604903698 42.423691272735596
leaf_count=491 474 36 52 23 174 37 54 618 128 14 75 45 63 22 22 48 20 1805 2619 145 86 105 27 286 259 43 128 83 371 28
internal_value=2.39239e-06 0.000655455 0.00299299 -0.00118018 0.00112848 -0.00191717 0.0032819 -0.00195782 0.00486536 3.11432e-05 -3.78095e-05 0.00245646 -0.000407633 0.00893494 -0.000240058 -0.000371733 -0.000217299 0.00019044 -0.000650331 -0.00297472 0.00120039 0.000213082 0.00484457 0.00161787 0.00122043 -0.00137085 -0.00378231 0.00135408 -0.00076985 0.00737722
internal_weight=8396.1 5409.02 1140.14 2987.08 752.642 311.738 440.903 2234.44 359.086 4268.88 4247.67 548.478 3699.19 87.8776 3603.74 3542.38 3469.65 3022.69 1902.25 446.964 165.149 469.691 119.695 1120.44 460.6 349.995 413.631 190.907 1303.77 72.7263
internal_count=8381 6399 784 1982 502 211 291 1480 237 5615 5601 362 5239 58 5176 5101 5053 4758 2667 295 109 310 79 2091 304 231 273 126 862 48
is_linear=0
shrinkage=0.03


Tree=80
num_leaves=31
num_cat=0
split_feature=97 54 92 10 57 90 99 21 79 63 105 72 19 83 13 70 89 93 80 53 67 70 98 75 80 0 34 85 63 105
split_gain=6.82635 7.23923 7.67541 4.72618 4.18084 7.78276 4.52989 4.01719 3.81698 3.68497 6.54664 6.0268 5.08355 4.81777 4.12608 3.8733 3.59387 4.08402 7.47193 3.98245 3.57207 3.41346 4.51333 3.37541 4.01021 4.43489 3.70135 3.23082 3.11726 4.00551
threshold=107.22118796460278 -0.43999999999999978 12.294048442906577 3.8195000000000006 17.685000000000006 1.0350000000000004 0.96765063586118905 -0.56525497933495716 0.048205294335431317 1.5250000000000001 97.500000000000014 3.3129999999999318 -0.71141275993199449 10.620000000000003 1.5985000000000003 3.7678826683256559 1.3050000000000004 12.010000000000002 9.287875862068967 2.6750000000000003 -0.067062588904694201 1.3140564841443159 81.12751902595646 0.44500000000000006 9.619862068965519 1.0000000180025095e-35 0.79266278174891402 1.8235862068965518 0.7350000000000001 46.500000000000007
decision_type=10 2 10 8 10 2 2 8 2 2 2 2 8 8 8 10 2 8 8 2 2 8 10 2 10 2 10 2 2 2
left_child=1 7 3 -3 6 8 -4 -1 -6 10 13 12 -12 -5 -14 21 -15 18 -18 28 -9 22 -11 26 25 -25 -2 -24 29 -19
right_child=23 2 4 9 5 -7 -8 20 -10 15 11 -13 14 16 -16 -17 17 19 -20 -21 -22 -23 27 24 -26 -27 -28 -29 -30 -31
leaf_value=0.011231246457203341 0.0043349580254192421 -0.0092419441595166327 -0.0025198982707818358 0.014638741569823773 0.0020398361503467795 -0.0035436131255217728 -0.0075625956116300045 -0.00079826624750950113 0.014179669995240698 -0.0032420887539998367 0.014625420552367782 0.01647557271932542 0.015405022578163214 -0.0025436490652340905 0.001384979983608509 0.0080207845331349073 0.0016225423698986649 0.0032957074794519032 0.018168717837629283 -0.01073305962026707 0.002422860774704467 -0.0021654775960103455 -0.00026676730806255062 0.017540462124499594 0.0023207504972504772 0.0051937354356078368 -0.0089700571937560598 0.0044804057118021422 -0.00062231439817181313 -0.0038985674891930783
leaf_weight=38.257078737020493 34.848032116889954 52.27204817533493 416.66125357151031 19.696713805198669 60.605273246765137 206.05792903900146 260.60267496109009 458.32737892866135 37.87829577922821 221.20924735069275 30.302636623382568 30.302636623382568 19.696713805198669 499.23593837022781 462.49399146437645 40.908559441566467 117.42271691560745 424.23691272735596 31.060202538967133 31.060202538967133 956.42696842551231 1408.3150370717049 286.35991609096527 34.848032116889954 377.26782596111298 105.30166226625443 40.908559441566467 234.8454338312149 1429.1480997502804 83.332250714302063
leaf_count=29 23 36 275 13 40 136 172 472 25 146 20 20 13 484 510 27 82 610 28 76 956 1819 189 23 249 71 27 155 1586 109
internal_value=-3.871e-05 -0.000273004 -0.00070678 -0.000264809 -0.00314751 -0.00022809 -0.00446027 0.00163873 0.006709 -0.000177419 0.000475222 0.00347537 0.00270669 -0.000142747 0.00195768 -0.00112378 -0.000254063 0.000286062 0.00508373 -7.59568e-05 0.00137934 -0.00129772 0.000348365 0.00306456 0.00393049 0.00826373 -0.00284975 0.00187222 9.4957e-05 0.00211456
internal_weight=8449.89 7856.72 6403.7 5421.9 981.805 304.541 677.264 1453.01 98.4836 5369.63 3177.99 542.796 512.493 2635.19 482.191 2191.64 2615.5 2116.26 148.483 1967.78 1414.75 2150.73 742.415 593.174 517.418 140.15 75.7566 521.205 1936.72 507.569
internal_count=8421 8028 6571 5923 648 201 447 1457 65 5887 3551 563 543 2988 523 2336 2975 2491 110 2381 1428 2309 490 393 343 94 50 344 2305 719
is_linear=0
shrinkage=0.03


Tree=81
num_leaves=31
num_cat=0
split_feature=97 80 42 84 93 55 15 80 21 76 86 95 87 21 89 9 14 71 14 30 95 45 55 66 95 99 24 82 42 47
split_gain=7.51174 4.75434 4.53223 3.68418 3.66861 4.41916 3.97444 3.91943 3.79984 3.5676 4.95712 3.91922 4.71549 3.48854 3.45118 3.39899 4.22161 3.31862 3.22994 3.87205 3.59616 3.58018 3.2958 3.28392 5.04351 3.59221 3.06679 3.31748 2.96862 2.84664
threshold=67.466858798444974 13.000110344827588 -0.38999999999999996 -12.356999999999969 25.835000000000004 0.046578947368421011 1025.9210000000003 10.651475862068969 0.97670974184320236 2.5350000000000006 0.34438249765463119 24.565000000000001 1.5750000000000004 -0.1330348436917049 2.4150000000000009 298.35500000000008 57.375000000000007 19.790000000000003 56.315000000000005 1.2000000000000004 22.200000000000003 11.225000000000003 0.12414302932904785 -0.13999999999999999 17.170000000000005 1.0595526663577053 12.627127000000003 1.4501459185727057 -0.16 18.815000000000001
decision_type=10 10 2 2 10 2 10 10 10 2 2 10 2 10 2 2 10 10 8 2 10 10 2 2 10 2 2 10 2 8
left_child=1 18 -3 -2 5 7 14 8 -5 -9 -11 12 13 -12 15 16 -7 -15 20 23 21 -1 -23 24 26 -25 -20 28 -28 -18
right_child=3 2 -4 4 -6 6 -8 9 -10 10 11 -13 -14 17 -16 -17 29 -19 19 -21 -22 22 -24 25 -26 -27 27 -29 -30 -31
leaf_value=-0.0039638928474647513 0.014643589255232084 0.0012906547496468153 -0.0037554499783089856 0.0071813166732510704 0.010998136473302587 -0.0099237514588754166 -0.0050226592844356387 -0.0016287485624948603 0.00028960864934462821 0.013263769653684743 0.0064606821246112906 -0.0012299884333684759 0.008929457995295275 -0.0016015258198946198 -0.0020465976896526213 0.0029534964365441549 0.0015249421170513157 0.003371364551128376 0.010772798284127654 -0.016236299855039674 -0.0070145499724939822 0.00097828574089840292 -0.0051900348271796664 0.0035390052557265276 0.0016307123596818046 0.00035892334585729699 0.000376195735139673 -0.007350834186269993 -0.0039202941625806793 -0.0059732430580264366
leaf_weight=281.05695468187332 18.181581974029541 206.05792903900146 719.687619805336 224.23951101303101 33.332900285720825 40.908559441566467 140.90726029872894 289.39017975330353 106.05922818183899 34.848032116889954 122.7256783246994 283.32965242862701 101.5138326883316 250.37553510069847 392.79792723059654 500.75107020139694 276.89034214615822 233.33030200004578 15.151318311691282 12.87862056493759 104.54409635066986 547.34137400984764 90.907909870147705 386.35861694812775 396.96453976631165 1852.6274465620518 270.45103186368942 122.7256783246994 311.35959130525589 54.544745922088623
leaf_count=187 12 136 475 148 22 27 93 191 70 23 81 187 67 166 260 335 185 154 28 28 69 362 60 516 262 2878 612 81 648 36
internal_value=6.08393e-06 -0.000678408 -0.00263226 0.00117878 0.00109945 0.000991364 -0.000243244 0.00204668 0.00496838 0.0013131 0.00214276 0.00175181 0.00294516 0.00194342 0.000288756 0.00133941 -0.000831312 0.0007973 -0.00026661 0.000181895 -0.00174222 -0.00114264 9.97119e-05 0.000244907 -0.00108401 0.000907677 -0.00258139 -0.00286857 -0.0019231 0.000290955
internal_weight=8422.24 5318.11 925.746 3104.13 3085.94 3052.61 1406.8 1645.81 330.299 1315.51 1026.12 991.275 707.945 606.432 1265.89 873.095 372.344 483.706 4392.37 3368.52 1023.85 919.306 638.249 3355.64 1116.65 2238.99 719.688 704.536 581.811 331.435
internal_count=8399 6342 611 2057 2045 2023 936 1087 218 869 678 655 468 401 843 583 248 320 5731 5053 678 609 422 5025 1631 3394 1369 1341 1260 221
is_linear=0
shrinkage=0.03


Tree=82
num_leaves=31
num_cat=0
split_feature=98 21 64 7 96 86 13 94 13 43 55 25 14 13 94 81 46 98 19 105 20 96 70 8 16 65 17 55 18 93
split_gain=6.06985 6.83984 6.27056 6.12326 4.50381 4.41485 5.9865 5.64686 5.13427 4.36883 3.76843 3.76245 3.56699 6.55736 5.85431 4.72835 4.11658 3.78172 4.19542 3.71396 3.40197 3.34357 3.29527 3.25153 3.1791 3.07115 3.01184 2.92761 2.8674 2.84
threshold=106.52071932011306 -0.49848767142220984 3.9750000000000005 9.4850000000000012 13.450500000000035 0.68805779182273086 -4.4614999999999991 4.4767458816740247 -3.0234999999999994 0.2473636363636369 -0.0020263157894737228 3.7625000000000006 56.455000000000005 5.3430000000000009 2.5616781008709517 15.385000000000003 1.6177879996116749 155.91022570952057 -0.49014310268199374 24.500000000000004 -0.46267720726775868 10.09100000000001 1.3758098672861705 5.3250000000000011 -0.20560640905345218 0.95000000000000007 0.83652531109941397 0.043394736842105201 -0.10799935570602261 18.815000000000001
decision_type=8 8 2 2 2 2 8 10 8 2 2 2 10 10 8 10 8 10 10 2 10 2 10 2 2 2 2 2 10 8
left_child=2 24 3 9 5 6 -3 8 -8 21 29 12 14 22 15 28 19 -16 -19 20 -15 -1 -14 25 -2 -5 -4 -17 -10 -7
right_child=1 4 26 23 -6 10 7 -9 11 -11 -12 -13 13 16 17 27 -18 18 -20 -21 -22 -23 -24 -25 -26 -27 -28 -29 -30 -31
leaf_value=-0.0013065720928245579 0.010751315045303383 0.013303209927336346 -0.01352642446443297 0.00025153096058968725 0.014726090494350258 0.0029171401423860165 -0.009316892590565241 -0.0048896338250056506 0.001383188655337907 -0.010331071592996578 -0.0025110713117323801 -0.009992858486493653 0.00046568908621495144 0.0060665445886878677 0.00093603649956965291 -0.0027043267971822659 -0.0019943492493022801 0.015063614083768209 0.0032524305145657313 0.0035156978875048117 -0.0026065508929196714 0.0033890328406350045 0.0086246107416743864 -0.0055100358496554969 0.0022238108521039726 0.0068794240408115003 -0.0043006094293751036 -0.0093489385096599889 -0.0077470933886459974 -0.00079690672331050546
leaf_weight=2212.4712564647198 83.711033672094345 34.848032116889954 37.87829577922821 99.998700857162476 19.696713805198669 274.61764439940453 42.423691272735596 149.99805128574371 277.2691251039505 46.211520850658417 749.99025642871857 26.893590003252029 57.57500958442688 51.514482259750366 1246.1959311366081 163.63423776626587 244.69379073381424 34.848032116889954 121.21054649353027 683.7032388150692 193.93687438964844 145.45265579223633 196.96713805198669 33.332900285720825 74.241459727287292 169.69476509094238 199.99740171432495 93.938173532485962 34.848032116889954 569.68956851959229
leaf_count=1467 56 23 25 66 13 185 28 108 183 32 933 38 38 34 2648 108 163 23 80 452 128 96 130 22 61 112 132 62 23 880
internal_value=-3.21724e-06 0.000591892 -0.00109975 -0.000689406 0.000407473 0.000353741 0.000928413 0.000809275 0.00105565 -0.00119595 -0.000963541 0.00118404 0.00127244 0.0024141 0.000445476 -0.00211905 0.00146756 0.00148736 0.00588988 0.00237926 -0.000786272 -0.00101692 0.00677914 0.00332938 0.00674318 0.00442189 -0.00576969 -0.00512766 0.000363788 0.000411117
internal_weight=8371.48 5426.44 2945.04 2707.16 5268.49 5248.8 3654.5 3619.65 3469.65 2404.14 1594.3 3427.23 3400.33 1428.39 1971.94 569.69 1173.85 1402.25 156.059 929.155 245.451 2357.92 254.542 303.026 157.952 269.693 237.876 257.572 312.117 844.307
internal_count=8349 6397 1952 1795 6280 6267 4269 4246 4138 1595 1998 4110 4072 945 3127 376 777 2751 103 614 162 1563 168 200 117 178 157 170 206 1065
is_linear=0
shrinkage=0.03


Tree=83
num_leaves=31
num_cat=0
split_feature=97 54 88 97 97 21 80 76 33 13 80 92 99 14 72 70 41 63 62 19 55 34 39 69 82 54 84 105 84 41
split_gain=6.41188 7.10454 5.67797 4.50789 4.45035 3.94665 4.20901 4.08208 3.62565 3.503 3.46585 4.44134 3.74007 3.22258 3.14653 4.15031 3.20021 3.09895 3.22527 6.48366 3.02782 2.86467 2.74111 2.73939 2.72654 2.68553 2.62509 3.12432 2.48009 2.46815
threshold=107.22118796460278 0.32500000000000001 3.3350000000000004 18.156418286121305 37.778783202945306 -0.49848767142220984 10.651475862068969 2.1950000000000007 17.385000000000002 -1.7249999999999999 11.384903448275862 10.593788927335643 1.7309542399115279 84.65000000000002 8.0270000000000454 3.4031689449283848 0.83500000000000019 0.46500000000000002 0.78935699097402878 0.77151354329250521 -0.10194736842105263 0.80329233099587538 0.95500000000000007 18.955000000000002 1.1066448030893257 1.9050000000000005 -1.2164999999999961 31.500000000000004 2.9434999999999722 1.5050000000000006
decision_type=10 2 2 8 8 8 8 2 10 10 10 10 2 10 2 10 2 2 2 10 2 8 2 10 8 2 2 2 2 2
left_child=1 4 3 -3 -1 20 7 26 10 -2 11 12 22 -9 15 16 -8 25 23 -20 -6 -11 -5 28 -14 -4 -7 -28 -19 -26
right_child=9 2 17 8 5 6 14 13 -10 21 -12 -13 24 -15 -16 -17 -18 18 19 -21 -22 -23 -24 -25 29 -27 27 -29 -30 -31
leaf_value=-0.0016828801697140793 0.010742841110930318 -0.009495592147300164 -0.00092392812045652439 0.0087244238918806321 0.013154267663660617 -0.0029889733931079622 -0.00014125094732926003 0.0038519087994315698 0.0063021579221627386 0.0046439193145715648 -0.0036626710379976429 0.0069420194699361254 0.018389406457843274 0.012182046805706101 -0.0086150148076071936 0.0092612009904603897 0.0032584036331177366 -0.0045989532561075694 0.0065318081316995437 -0.0078887732952423045 0.0032456103350248949 0.0002739561729906349 -0.0021226066628551414 -0.0075892354483800229 0.0014580707540994458 -0.020930346929485602 0.0071640444317285813 0.00029621108420959606 -0.0004557332955513463 -0.0094395004636811265
leaf_weight=764.76279178261757 48.484218597412109 49.241784512996674 9.4695739448070544 21.59062859416008 34.848032116889954 126.51350790262222 3071.1722217798233 303.02636623382568 71.9687619805336 254.54214763641357 274.23886144161224 78.786855220794678 8.3332250714302045 48.484218597412109 36.363163948059082 45.453954935073853 271.20859777927399 335.98048356175423 77.650506347417831 43.938823103904724 136.36186480522156 287.49626496434212 726.50571304559708 148.48291945457458 589.38628232479095 16.666450142860413 81.817118883132935 219.69411551952362 212.11845636367798 19.317930847406387
leaf_count=522 32 34 25 24 23 85 3635 200 49 168 181 55 7 32 24 30 311 413 94 29 90 192 856 98 773 32 54 145 140 48
internal_value=2.79259e-06 -0.000224736 -0.00147585 -0.000540941 0.000428527 0.000797612 0.000615769 0.00260532 -0.000294621 0.00301715 -0.000570942 1.626e-05 -0.000383451 0.00500089 0.000162838 0.000257055 0.000134605 -0.00351259 -0.00318775 0.00132063 0.00526242 0.0023261 -0.00180955 -0.00397469 0.00134556 -0.0136816 0.000637981 0.00215984 -0.0029955 0.00111222
internal_weight=8413.91 7823.38 2683.68 1839.37 5139.71 4374.94 4203.73 779.535 1790.13 590.523 1718.16 1443.92 1365.13 351.511 3424.2 3387.83 3342.38 844.307 818.171 121.589 171.21 542.038 748.096 696.582 617.037 26.136 428.025 301.511 548.099 608.704
internal_count=8401 8009 2858 2027 5151 4629 4516 516 1993 392 1944 1763 1708 232 4000 3976 3946 831 774 123 113 360 880 651 828 57 284 199 553 821
is_linear=0
shrinkage=0.03


Tree=84
num_leaves=31
num_cat=0
split_feature=14 54 86 13 55 47 33 15 55 61 12 48 96 89 73 93 80 67 72 68 88 103 72 51 89 93 66 94 30 99
split_gain=5.15437 4.88328 4.43803 5.71157 5.4591 4.42414 5.10636 5.42942 5.98687 3.99673 3.66583 4.11846 3.53102 4.33835 3.76904 3.18746 5.09174 3.54687 3.22228 3.16254 2.95606 2.92099 2.72444 2.51939 2.50997 3.03658 2.92032 4.4176 4.01857 3.68823
threshold=51.315000000000005 0.52000000000000002 0.68131469052956384 -4.4614999999999991 -0.10418421052631575 23.655000000000005 14.685 1012.1485000000001 0.14071052631578945 1.340810810810811 222.25000000000003 1.1335000000000266 -0.70799999999996988 2.515000000000001 2.2078767123287677 19.390000000000004 11.831665517241381 -0.014502133712660075 6.1889999999999654 14.198712328767124 4.0050000000000008 138.50000000000003 6.3335000000000727 0.82500000000000007 1.1650000000000003 13.985000000000001 -0.30999999999999989 1.3127991114122646 0.79500000000000015 1.019497338841149
decision_type=8 2 2 8 2 10 10 10 2 2 10 2 2 2 2 10 10 2 2 10 2 2 2 2 2 10 2 8 2 2
left_child=1 20 3 -2 -4 6 15 19 22 23 -10 -12 13 -6 -14 16 18 -18 24 -8 -1 -22 -9 -3 25 -5 -26 -28 29 -29
right_child=2 9 4 5 12 -7 7 8 10 -11 11 -13 14 -15 -16 -17 17 -19 -20 -21 21 -23 -24 -25 26 -27 27 28 -30 -31
leaf_value=3.3657709187989746e-05 0.012741220212343037 -0.0045086278442499853 0.0021205617534397494 -0.00035820833185839726 -0.0064541449964482713 -0.0094056165561040971 0.00031354830207746973 0.006646847444194008 0.008006925590286729 -0.0066004644994001899 -0.0053942435933646933 0.0034141360300534431 -0.00044318652077110276 0.0024125050768908133 -0.0037597420030963521 0.0035196581771462804 0.00025459703907618225 -0.0046170633939465596 0.012284038575527586 -0.009980655643415692 0.0039502494136213744 -0.0056002576293496271 -0.0026435374033650346 0.0059132568119900494 -0.0015202862179413696 -0.0069485799663192398 0.013503916822467312 0.0039596954840857507 -0.011365052125037382 0.00070898611865969599
leaf_weight=1001.5021404027939 36.363163948059082 39.772210568189621 461.3576425909996 312.49594017863274 59.090141415596008 37.87829577922821 236.36056566238403 454.53954935073853 44.696389019489288 253.02701580524445 108.71070888638496 85.226165503263474 540.90206372737885 311.35959130525589 717.41492205858231 269.69346594810486 236.36056566238403 312.11715722084045 21.211845636367798 30.302636623382568 34.848032116889954 166.66450142860413 30.302636623382568 43.938823103904724 380.29808962345123 78.786855220794678 26.514807045459747 386.73739990592003 22.726977467536926 1673.0843245685101
leaf_count=661 24 27 501 291 39 25 156 303 34 167 74 57 801 222 808 178 156 206 14 20 23 110 20 29 569 52 19 484 42 2314
internal_value=4.16533e-05 -0.00152725 0.000393056 0.000896866 -0.000760193 0.000806155 0.000888276 0.0028029 0.00415161 -0.00472056 0.000261667 -0.00152337 -0.00157618 0.000998193 -0.00233408 0.000378671 0.000133158 -0.00251767 0.000634189 -0.000856248 -0.000633407 -0.00394867 0.0060662 0.000961683 0.000548405 -0.00168521 0.000899489 0.00133581 0.00118089 0.00131932
internal_weight=8414.28 1539.75 6874.53 4784.41 2090.12 4748.04 4710.17 990.139 723.475 336.738 238.633 193.937 1628.77 370.45 1258.32 3720.03 3450.33 548.478 2901.86 266.663 1203.01 201.513 484.842 83.711 2880.64 391.283 2489.36 2109.06 2082.55 2059.82
internal_count=8426 1017 7409 5038 2371 5014 4989 664 488 223 165 131 1870 261 1609 4325 4147 362 3785 176 794 133 323 56 3771 343 3428 2859 2840 2798
is_linear=0
shrinkage=0.03


Tree=85
num_leaves=31
num_cat=0
split_feature=98 55 14 63 93 51 20 89 75 75 12 68 76 77 74 75 18 23 83 71 55 80 70 80 9 71 83 60 69 75
split_gain=7.06366 6.1877 6.1509 5.16874 5.53386 4.49634 4.52284 4.42933 3.91106 4.34485 3.48471 4.78709 3.44651 3.37822 3.94644 3.22803 3.16012 3.12159 3.04386 6.17519 3.20125 3.09812 3.03121 2.95018 3.00122 2.94506 3.81698 4.08159 3.38197 3.68917
threshold=107.66377461695232 0.041131578947368595 60.015000000000008 0.56500000000000006 25.835000000000004 1.4450000000000001 -0.14306079092198781 3.9200000000000004 0.46500000000000002 1.7750000000000001 249.45000000000002 16.774178082191785 4.4500000000000011 3.1350000000000007 0.87369621030260258 0.44500000000000006 0.11750269152372315 1.6241637822385588 13.380000000000001 12.745000000000003 -0.034473684210526497 9.0656896551724149 1.2747508715671771 11.011724137931036 332.78000000000003 20.005000000000003 18.920000000000005 -3.0409999999999964 20.210000000000004 0.91500000000000015
decision_type=10 2 8 2 10 2 10 2 2 2 10 10 2 2 2 2 10 2 8 8 2 10 10 10 2 10 10 2 10 2
left_child=2 5 13 15 8 16 10 18 -5 25 11 -7 -9 14 22 -3 23 -14 19 20 -4 -21 -1 -2 -25 26 27 -10 -27 -30
right_child=1 3 7 4 -6 6 -8 12 9 -11 -12 -13 17 -15 -16 -17 -18 -19 -20 21 -22 -23 -24 24 -26 28 -28 -29 29 -31
leaf_value=-9.1565020099069024e-05 0.012352928925969241 0.00047486268212799308 0.0071160573220591114 -0.005360992126618799 0.011599874124840539 0.0052240529510295579 -0.00083540235082501754 -0.019478419644242264 0.010726167362315893 -0.0053743719857898466 0.0013485906917732561 -0.0067879068155496172 -0.0069622510847406954 -0.010688026277183229 0.0079005144897681262 0.0088664899140308284 -0.00012132807098901511 0.013503028449122953 -0.00024135800715427769 0.00537600304652254 -0.00073890166293650076 0.016887710905230745 -0.003477926298769171 -0.0013535302400917754 0.0096545453845778249 0.0038527503482365848 -0.0043121402644626123 -0.00028672123726978811 0.0056831647380865399 -0.0071915946163329412
leaf_weight=332.95021989941597 80.301987051963806 80.301987051963806 56.059877753257751 168.17963325977325 31.817768454551697 485.22096893191338 481.81192231178284 16.666450142860413 31.817768454551697 148.48291945457458 831.8073753118515 31.817768454551697 42.802474230527878 43.938823103904724 33.711683243513107 84.847382545471191 54.544745922088623 7.9544421136379233 2718.1465051174164 62.120405077934265 279.54182285070419 31.817768454551697 833.32250714302063 42.423691272735596 46.969086766242981 287.8750479221344 220.83046439290047 629.91605880856514 30.302636623382568 59.090141415596008
leaf_count=222 53 53 37 111 21 321 318 41 21 98 549 21 86 29 23 56 36 21 4509 41 189 21 550 28 31 190 148 421 20 39
internal_value=8.50176e-05 0.00103026 -0.000726529 -0.00026801 -0.000786997 0.00215071 0.00165957 -3.34716e-05 -0.001037 -0.000520628 0.00255078 0.00448486 -0.00764169 -0.00251784 -0.00221868 0.00478616 0.00616033 -0.00375501 0.000129496 0.00247628 0.000573213 0.00927513 -0.00251118 0.00817944 0.00443037 5.14304e-05 -0.000896909 0.000242805 0.00226993 -0.00282727
internal_weight=8287.39 3828.36 4459.03 1773.46 1608.31 2054.9 1830.66 3215.11 1576.49 1408.32 1348.85 517.039 67.4234 1243.92 1199.98 165.149 224.24 50.7569 3147.69 429.54 335.602 93.9382 1166.27 169.695 89.3928 1259.83 882.564 661.734 377.268 89.3928
internal_count=8304 2535 5769 1178 1069 1357 1209 4945 1048 937 891 342 148 824 795 109 148 107 4797 288 226 62 772 112 59 839 590 442 249 59
is_linear=0
shrinkage=0.03


Tree=86
num_leaves=31
num_cat=0
split_feature=98 72 2 76 32 60 94 96 68 98 18 76 52 94 96 99 85 14 55 35 12 96 37 41 87 41 89 91 96 51
split_gain=5.50316 4.74993 4.36163 7.43338 6.35718 6.18169 5.63888 5.5628 4.64821 5.29296 4.59678 4.35992 4.01265 3.9124 3.99585 3.78545 4.30814 3.76886 3.71187 3.8709 3.48213 3.9902 3.44683 3.4459 3.44099 4.90676 3.48463 3.3505 3.32054 3.265
threshold=71.764503128119415 8.6290000000000209 1.0000000180025095e-35 2.4150000000000005 11.412857142857144 5.0430000000000073 4.4767458816740247 -3.9000000000000337 16.866643835616447 119.12784493935168 -0.61517987733075019 2.0350000000000006 2.0850000000000004 2.7869042356399025 0.094499999999982279 1.9147514637352678 1.2973605015673981 70.065000000000012 -0.069842105263157858 15.875000000000002 189.05000000000004 -1.9474999999999338 1.6255000000000004 1.1350000000000005 0.89500000000000013 0.59999999999999998 1.7850000000000004 0.017197626358053844 10.547000000000027 1.9950000000000003
decision_type=8 2 2 2 8 2 10 2 10 10 10 2 2 10 2 2 2 8 2 10 10 2 2 2 2 2 2 2 2 2
left_child=15 2 6 4 -4 7 8 -5 9 17 12 13 27 -11 -15 16 -1 -2 -9 -20 -8 -22 -13 -14 25 -19 -26 -6 -18 -24
right_child=1 -3 3 5 10 -7 20 18 -10 11 -12 22 23 14 -16 -17 28 24 19 -21 21 -23 29 -25 26 -27 -28 -29 -30 -31
leaf_value=0.0023994610532394366 -0.00058880250072036191 -0.009084932629255452 -0.0063520241616106784 0.0062015178188874597 0.0020431044124817792 -0.020507196211724657 -0.0071790381593933791 3.3914157994206715e-05 -0.0055090382852873475 -0.0037067595936478293 0.010304562157040028 0.0087790333835484381 0.0085367600610129941 -0.00019221174072517788 0.0089408294736719914 -0.01150832130197948 -0.0034001542780641705 -0.0010186877294312854 -0.0022631125287100231 -0.0069149420986678294 0.0032770430574046976 -0.0029531183312300258 0.0017007297110032313 -0.010101825622049036 0.005560563965330517 0.0040703495935329355 0.0013362412928679085 -0.0064930950812039827 0.0061111549484889113 0.0047152109003383205
leaf_weight=173.4825946688652 1702.2506123185158 48.484218597412109 66.66580057144165 68.180932402610779 142.42239212989807 16.666450142860413 103.02896451950073 321.58673116564751 96.968437194824219 178.78555607795715 75.756591558456421 90.907909870147705 95.45330536365509 159.46762523055077 59.090141415596008 37.87829577922821 634.84023725986481 711.73317769169807 473.47869724035263 243.93622481822968 133.3316011428833 302.26880031824112 925.74554884433746 9.8483569025993329 282.19330355525017 224.23951101303101 465.90303808450699 58.332575500011444 34.848032116889954 496.96324062347412
leaf_count=116 1125 32 44 45 334 11 68 474 64 118 50 60 204 106 39 25 419 1039 983 161 88 213 611 17 382 418 669 154 23 328
internal_value=1.31593e-05 0.000274864 0.000335329 -0.00106951 0.00219581 -0.00237255 0.000707638 -0.00209957 0.000999895 0.00111904 0.00368829 0.0023814 0.0020506 -0.000415388 0.00227703 -0.00223057 -0.00181378 0.000406672 -0.0026443 -0.00384483 -0.00221925 -0.00104615 0.00311559 0.00679358 0.00141289 0.000200539 0.00292972 -0.000437225 -0.00290522 0.00275371
internal_weight=8434.74 7553.69 7505.21 1572.33 448.479 1123.85 5932.88 1107.18 5394.25 5297.28 381.813 1910.96 306.057 397.343 218.558 881.049 843.171 3386.32 1039 717.415 538.629 435.6 1513.62 105.302 1684.07 935.973 748.096 200.755 669.688 1422.71
internal_count=8420 7837 7805 2477 803 1674 5328 1663 4959 4895 759 1262 709 263 145 583 558 3633 1618 1144 369 301 999 221 2508 1457 1051 488 442 939
is_linear=0
shrinkage=0.03


Tree=87
num_leaves=31
num_cat=0
split_feature=54 76 47 66 98 95 35 16 87 17 48 65 21 95 16 71 40 86 65 105 14 105 58 99 72 55 21 83 63 76
split_gain=5.17248 7.41845 6.16246 5.59674 5.14831 4.5141 4.84752 4.47875 4.27481 4.2456 4.02944 3.997 3.88739 4.4225 3.85565 3.74946 3.52994 3.44987 3.20566 3.09761 2.93735 4.708 3.07073 2.92775 2.90373 2.72488 2.66632 2.87849 2.83117 2.50687
threshold=0.32500000000000001 2.8850000000000002 19.835000000000004 0.34500000000000003 87.122330144822286 21.710000000000004 16.945000000000004 -0.5077639176183536 0.50500000000000012 -0.36804341157672904 0.70249999999998647 1.6350000000000005 -0.47101187404548883 15.340000000000002 -0.82658973653750667 15.295000000000002 4.0550000000000006 0.50381764140289187 1.1050000000000006 58.500000000000007 68.990000000000023 21.500000000000004 0.7141327120162233 1.0095438093439737 -1.6445000000000503 -0.020815789473684169 0.90389599011762678 13.445000000000002 0.95500000000000007 3.8950000000000005
decision_type=2 2 10 2 10 10 10 2 2 2 2 2 10 10 2 10 2 2 2 2 8 2 8 2 2 2 10 10 2 2
left_child=3 2 8 4 15 6 26 17 9 -2 -9 18 25 -14 -11 -1 -7 -4 -10 -13 21 -3 -22 29 -16 -6 28 -28 -5 -15
right_child=1 20 7 5 12 16 -8 10 11 14 -12 19 13 23 24 -17 -18 -19 -20 -21 22 -23 -24 -25 -26 -27 27 -29 -30 -31
leaf_value=-0.00053204432359755464 -0.0031176002794206532 -0.015381507430891523 0.0038700379546345171 0.0069524179326812003 0.008245976676631234 -0.0045321018843758679 0.0069795697758925548 -0.0055265349595507848 -0.00094952985382445434 0.010263505159303542 0.0077887896458188411 0.015688893408896967 0.0062163192580528904 0.0016657212839165979 0.010016579022095162 -0.0038691217245417913 0.0039268910102007544 0.017334052520118697 -0.0047741712541906432 -0.0027702979323498806 -0.0076574177145241843 -0.003778044715055804 -0.00057111349244909533 -0.0015913422475092355 0.0010887721191617955 0.00051475243466738829 0.0082497036677181886 -0.0014933240287084868 0.001963515933475607 -0.00086876857997370655
leaf_weight=1207.5600694417953 163.63423776626587 33.332900285720825 30.302636623382568 135.60429888963699 103.02896451950073 139.39212846755981 221.20924735069275 40.908559441566467 624.61309739947319 50.37813338637352 40.908559441566467 20.454279720783234 115.15001916885376 1096.955445766449 34.848032116889954 404.54019892215729 65.150668740272522 39.393427610397339 288.25383087992668 13.636186480522154 62.120405077934265 563.25025823712349 482.5694882273674 606.05273246765137 554.538250207901 68.180932402610779 30.68141958117485 246.96648848056793 417.79760244488716 516.65995442867279
leaf_count=2060 222 22 20 226 68 92 146 27 584 67 27 24 76 724 23 267 43 26 284 21 41 377 716 400 645 45 21 163 593 341
internal_value=-7.16921e-05 -0.00105999 8.74226e-05 0.000487858 -4.69349e-05 0.0022402 0.00303289 0.00589167 -0.000415001 0.00119459 0.00113113 -0.00178058 0.000803825 0.000483865 0.00229753 -0.00136945 -0.00183776 0.0114801 -0.00215723 0.00830522 -0.0029721 -0.00442637 -0.00137929 0.000186481 0.00161664 0.00516717 0.00198236 -0.000416673 0.00318598 0.000854209
internal_weight=8418.07 3043.14 1901.87 5374.93 4118.13 1256.8 1052.26 151.513 1750.36 803.399 81.8171 946.957 2506.03 2334.82 639.764 1612.1 204.543 69.6961 912.867 34.0905 1141.27 596.583 544.69 2219.67 589.386 171.21 831.05 277.648 553.402 1613.62
internal_count=8391 3126 1970 5265 3981 1284 1149 100 1870 957 54 913 1654 1541 735 2327 135 46 868 45 1156 399 757 1465 668 113 1003 184 819 1065
is_linear=0
shrinkage=0.03


Tree=88
num_leaves=31
num_cat=0
split_feature=54 61 30 35 2 67 89 92 12 96 17 20 19 82 99 65 92 105 87 16 61 62 34 70 13 42 76 74 22 62
split_gain=5.26852 6.75468 4.6174 4.3144 3.411 4.69791 5.43097 3.87503 3.60935 3.581 3.42487 3.99994 3.33649 5.81015 3.23554 3.11179 3.03741 3.35736 7.02283 4.45646 3.9727 3.10033 2.82705 2.6345 3.27818 2.96586 2.59023 3.61502 3.43575 3.02291
threshold=-0.48000000000000004 1.8954054054054057 1.2000000000000004 21.790000000000003 1.0000000180025095e-35 0.031041963015647184 2.1150000000000007 13.970370242214534 325.98000000000008 -13.28500000000008 -0.94397386475492795 -0.9505428070668912 0.92916483094970836 0.95911346238918427 1.387937422213805 3.3100000000000009 12.450692041522492 100.50000000000001 0.97500000000000009 -0.98483798533721378 1.5281081081081083 0.17466892007473145 1.5910411366741781 0.79509520236550324 -3.0234999999999994 -0.029999999999999579 2.5850000000000004 0.22669033581752771 4.1412500000000003 0.37621574697955712
decision_type=2 2 2 10 2 2 2 10 10 2 2 8 10 8 2 2 10 2 2 2 2 2 10 8 8 2 2 2 2 2
left_child=23 2 3 12 5 26 8 10 -7 -6 -8 -12 13 -2 -13 -11 17 -15 21 -20 -21 -19 -16 -1 -25 -26 -3 -28 -29 -30
right_child=1 4 -4 -5 9 6 7 -9 -10 15 11 14 -14 16 22 -17 -18 18 19 20 -22 -23 -24 24 25 -27 27 28 29 -31
leaf_value=0.0082427628323441041 0.01043994332520082 -0.0043063388257508928 -0.013965155828818488 0.013354270892777072 0.0083582127355663685 0.0025641384705318046 -0.013136707618356341 -0.0078816456595745214 0.010924146307636565 -0.0033590938027497296 -0.0030337006892342797 0.0049078117340320788 -0.0018531596373193423 0.00051872192705619807 -0.00084774668616168967 -0.015502425365091395 -0.0042048495407263492 0.0020776937731632854 0.040455439786175239 0.0081175530386792694 0.00021536831171163831 0.014999028354641245 0.010135475701438419 0.0089211603306750473 0.0017544889119172776 -0.0027322244108710305 0.0063876216364509991 0.0010495203496407805 -0.001560918711747901 -0.0054760244414606678
leaf_weight=54.544745922088623 57.57500958442688 291.28409454226494 19.317930847406387 24.242109298706055 22.726977467536926 271.96616369485855 17.424016058444977 60.605273246765137 56.059877753257751 531.05370682477951 221.96681326627731 188.63391298055649 419.69151723384857 2352.6209508478642 293.17800933122635 19.696713805198669 104.54409635066986 23.48454338312149 2.6514807045459738 67.802149444818497 368.17703497409821 57.953792542219162 22.726977467536926 51.514482259750366 1062.107413649559 151.51318311691284 54.165962964296341 364.0104224383831 959.07844913005829 217.80020073056221
leaf_count=36 41 214 39 16 15 238 13 40 37 850 151 171 280 2623 306 25 69 20 7 65 360 63 15 34 1070 163 56 328 894 176
internal_value=4.68235e-05 -0.000277115 0.000661235 0.000742457 -0.00119083 -0.000787921 0.000739394 -0.000587118 0.00399287 -0.00331181 7.14139e-06 0.000322374 0.000653953 0.00100067 0.00179885 -0.00379338 0.000818127 0.00100093 0.00318226 0.00168011 0.00144429 0.0112729 -5.75868e-05 0.00178729 0.00150897 0.00119435 -0.00170492 -0.00122986 -0.00149763 -0.00228547
internal_weight=8410.12 7090.44 3498.06 3478.74 3592.38 3018.9 1132.56 804.535 328.026 573.477 743.93 726.506 3454.5 3034.81 504.539 550.75 2977.23 2872.69 520.069 438.631 435.979 81.4383 315.905 1319.68 1265.14 1213.62 1886.34 1595.06 1540.89 1176.88
internal_count=8415 7112 3583 3544 3529 2639 971 696 275 890 656 643 3528 3248 492 875 3207 3138 515 432 425 83 321 1303 1267 1233 1668 1454 1398 1070
is_linear=0
shrinkage=0.03


Tree=89
num_leaves=31
num_cat=0
split_feature=98 14 54 80 92 87 15 11 19 68 14 44 46 70 99 82 58 65 98 53 56 18 87 55 55 8 100 73 71 72
split_gain=5.32417 4.58459 4.62197 4.2415 4.02946 5.97866 4.45386 3.99189 3.93374 5.97613 4.79697 3.91461 3.78086 3.65304 3.64777 3.60947 4.68251 5.17614 4.81233 3.61563 3.38916 3.36548 3.2816 3.17179 2.99031 2.90874 2.86973 2.68317 2.51876 2.86674
threshold=115.78428401667898 47.485000000000007 -0.99999999999999978 12.924781475541302 14.261352664840446 1.385 1006.0410000000001 2.3030000000000004 0.63074352545282952 10.892123287671234 58.380000000000003 15.17526315789474 1.7234748443687582 1.2052457413872213 0.80129594810312132 1.0928399849227073 0.72773043878961252 1.0350000000000004 81.810493773136983 2.6750000000000003 13.141648648648653 -0.53752038724879692 0.83500000000000008 0.17064086687306532 0.11309642426677377 6.3950000000000005 0.72738938018841781 3.0102739726027403 19.200000000000006 3.3485000000000018
decision_type=10 10 2 10 10 2 10 8 10 10 10 10 10 10 2 8 8 2 10 2 10 10 2 2 2 2 2 2 10 2
left_child=3 20 -3 7 5 6 26 -1 22 10 -10 14 -11 27 -5 16 18 -18 -9 -17 21 -2 -8 -12 -24 -13 -4 -6 -22 -30
right_child=1 2 4 11 13 -7 8 15 9 12 23 25 -14 -15 -16 19 17 -19 -20 -21 28 -23 24 -25 -26 -27 -28 -29 29 -31
leaf_value=-0.014261215462507141 -0.00136974307850823 0.0076128205721499196 0.0054227239141683946 0.00041825885216154545 -0.012690845250733544 0.007448667915868277 0.0039625649214372581 -0.006693192580343045 -0.00081393244895326038 -0.00035820362177116838 0.010437212923332528 0.0063249622854498807 -0.0083157812761705235 0.00010300560136308028 -0.0046351900447862398 -0.00034013325643244684 0.0028212300767315231 0.013785373362620786 0.0048740814562019223 -0.01004643656220405 -0.0085665633139768178 0.0073440591824361322 0.0018892435994795284 -0.00013667877688295897 -0.0047610907540921914 -0.004622099025155175 -0.0043087912645708533 -0.0013319805445786584 0.0008506814907426227 -0.0074854776108831209
leaf_weight=18.181581974029541 148.48291945457458 103.02896451950073 31.817768454551697 169.69476509094238 45.453954935073853 142.42239212989807 732.18745741248131 72.726327896118164 92.423041701316833 806.05013418197632 109.08949184417725 69.696064233779907 57.57500958442688 140.90726029872894 530.29614090919495 3904.4947289228439 143.9375239610672 53.029614090919495 58.332575500011444 34.848032116889954 81.817118883132935 54.544745922088623 286.35991609096527 33.332900285720825 77.271723389625549 31.817768454551697 190.90661072731018 31.817768454551697 104.54409635066986 57.57500958442688
leaf_count=12 98 68 21 112 30 94 490 48 61 532 72 46 38 93 350 5361 98 35 40 80 54 36 189 22 51 21 126 21 69 38
internal_value=1.70953e-06 0.000934741 0.00137337 -0.000608616 0.00114193 0.00147554 0.00112358 -0.000233991 0.00153386 0.000265184 0.00450853 -0.0026117 -0.000888709 -0.00277165 -0.00341011 -0.000174226 0.00284935 0.00577311 -0.00154475 -0.000425997 -0.00189218 0.000971278 0.00280561 0.00796247 0.000476048 0.00289379 -0.00291857 -0.00801367 -0.00427544 -0.00210982
internal_weight=8414.66 3327.61 2880.64 5087.06 2777.62 2559.44 2417.01 4285.55 2194.29 1098.47 234.845 801.505 863.625 218.179 699.991 4267.37 328.026 196.967 131.059 3939.34 446.964 203.028 1095.82 142.422 363.632 101.514 222.724 77.2717 243.936 162.119
internal_count=8406 2203 1908 6203 1840 1696 1602 5674 1455 725 155 529 570 144 462 5662 221 133 88 5441 295 134 730 94 240 67 147 51 161 107
is_linear=0
shrinkage=0.03


Tree=90
num_leaves=31
num_cat=0
split_feature=98 42 64 79 13 96 57 69 37 20 23 44 93 71 58 67 92 89 57 90 92 92 75 93 80 85 55 85 58 31
split_gain=5.43902 4.62893 4.97679 4.95568 3.51551 5.10057 4.31118 3.83374 6.5407 3.71723 3.46516 3.3772 3.53165 3.33098 3.18529 2.99993 2.76219 2.85939 3.31706 6.26664 3.80554 3.18116 2.94365 3.66095 2.85289 3.16901 4.08345 3.75739 2.69893 2.65468
threshold=153.17091180662541 -0.37499999999999994 2.6350000000000002 -0.0098283043317289997 7.1715000000000009 -7.4735000000000005 16.690000000000001 17.055000000000003 1.8305000000000005 -0.81375993805450619 1.6314883091429724 12.520263157894737 14.205000000000002 21.510000000000002 1.2431705325371727 0.10773470839260312 16.052595155709344 3.3850000000000007 17.595000000000002 0.83500000000000019 12.809728373702423 8.5131211072664374 0.59500000000000008 18.815000000000001 12.752100000000002 0.59831034482758627 0.22921052631578961 0.93965517241379326 2.0682046391128814 0.16200000000000025
decision_type=10 2 2 2 10 2 10 10 2 10 2 10 10 10 10 2 10 2 10 2 10 8 2 10 8 2 2 2 10 2
left_child=1 -1 3 10 5 -2 -6 28 -9 -8 -3 12 -5 -10 -15 -16 17 18 20 -20 -4 -19 -21 -24 -23 -26 27 -27 -7 -12
right_child=4 2 16 11 6 7 9 8 13 -11 29 -13 -14 14 15 -17 -18 21 19 22 -22 24 23 -25 25 26 -28 -29 -30 -31
leaf_value=0.0015911208455350308 0.013913460069657921 -0.00040944438977769712 -0.00082398140201660078 4.0525125170384781e-05 0.0032231830735650864 0.0011672738718757506 0.0039039197593850506 0.016286248276007359 0.007676854360722944 -0.0049680786558599895 0.0024094992636538525 0.0025181279920894225 -0.0024854618359272823 -0.0027879646130340454 0.0099426717113452624 0.0002041251858828364 -0.0074967054501575174 -0.017735516554605257 0.0075721400470948746 -0.0093001654824910827 -0.0043816279464264475 0.0027806596807626793 0.0039059496893031759 -0.0027021109917342218 0.04602365945081794 0.024854137334690895 -0.01818293039858462 -0.00379616899524296 -0.0078413266814382453 0.0071773643932581052
leaf_weight=1068.9255068898201 39.393427610397339 287.11748200654984 1562.858483850956 1438.2388907372952 195.83078917860985 212.11845636367798 56.059877753257751 39.393427610397339 106.05922818183899 175.7552924156189 398.10088863968849 308.32932764291763 762.11131107807159 98.483569025993347 51.514482259750366 63.635536909103394 66.66580057144165 13.636186480522154 112.1197555065155 31.817768454551697 327.26847553253174 65.150668740272522 137.87699663639069 166.66450142860413 1.1363488733768452 4.1666125357151023 17.802799016237259 366.2831201851368 34.848032116889954 142.80117508769035
leaf_count=1127 26 338 1969 1961 130 140 37 26 70 116 349 205 503 65 34 42 44 9 74 21 216 43 91 110 3 11 38 436 23 134
internal_value=6.15841e-05 -0.000232359 -0.000546226 0.000241886 0.00205548 0.00345316 -5.40502e-05 0.00277324 0.00475202 -0.00282256 0.0022543 -0.000422334 -0.000834373 0.00333074 0.0011731 0.00456084 -0.0014614 -0.00131805 -0.000889617 0.00142988 -0.00143997 -0.00345812 -0.000617542 0.000289598 -0.00302979 -0.00400197 -0.00414839 -0.00347393 -0.000103878 0.00366824
internal_weight=8352.16 7279.07 6210.15 3336.7 1073.09 645.446 427.646 606.053 359.086 231.815 828.02 2508.68 2200.35 319.693 213.634 115.15 2873.45 2806.78 2338.61 448.479 1890.13 468.176 336.359 304.541 454.54 389.389 388.253 370.45 246.966 540.902
internal_count=8391 7682 6555 3490 709 426 283 400 237 153 821 2669 2464 211 141 76 3065 3021 2481 296 2185 540 222 201 531 488 485 447 163 483
is_linear=0
shrinkage=0.03


Tree=91
num_leaves=31
num_cat=0
split_feature=98 20 30 68 54 14 75 32 80 96 14 48 55 29 11 95 56 75 85 18 74 79 12 42 63 88 41 30 49 44
split_gain=4.93443 5.24968 5.1214 4.54546 3.97521 3.57547 3.37366 3.26274 3.24073 3.34004 3.24069 3.22357 3.11331 3.09445 2.88075 3.25191 2.59833 2.88477 3.18168 2.56033 3.0281 2.63072 2.55674 2.49465 2.48386 2.62318 2.44933 3.37177 3.13916 2.43673
threshold=115.78428401667898 -0.39225684404785627 0.76000000000000023 16.69705479452055 0.024999999999999915 97.15000000000002 1.3050000000000004 16.407142857142862 12.964903448275864 11.45750000000004 52.215000000000011 2.2454999999999932 -0.17334210526315791 1.1100000000000003 16.165000000000003 24.565000000000001 14.885405405405409 0.44500000000000006 1.2179655172413795 -0.5209351415145117 0.64590507039763023 0.0011787300999629806 256.45000000000005 -0.084999999999999951 0.67500000000000016 2.8950000000000005 1.595 0.35500000000000004 0.82105263157894748 14.956052631578949
decision_type=10 10 2 10 2 10 2 10 10 2 10 2 2 2 10 10 10 2 2 10 2 2 10 2 2 2 2 2 2 10
left_child=2 3 5 4 22 8 7 16 13 23 11 24 -12 26 -14 19 17 -6 -19 21 -21 -16 -2 -10 -3 -26 28 -28 -1 -25
right_child=1 10 -4 -5 6 -7 -8 -9 9 -11 12 -13 14 -15 15 -17 -18 18 -20 20 -22 -23 -24 29 25 -27 27 -29 -30 -31
leaf_value=0.030345795616186406 0.0066032316114206374 0.0040711051509781156 -0.0099595506465019155 -0.0037788721622821608 -0.0024647464154946615 0.00753036306253422 -0.0016562547941639044 0.0090141160104319305 -0.0010193836153715625 0.0067804083204576317 0.007194635772821866 -0.011689328823155778 -0.00084424194991261875 0.016930055289021181 -0.00052806138224952665 -0.0022797894975461561 -0.0038419356795372063 0.0073551547910078834 0.0013443325060428515 0.0032242877514130673 -0.0045969952048837527 0.0078689236304733765 0.0026270150197888502 -0.0056976727541498415 -0.004761119136026031 0.0001232705174147746 -0.018228712710197957 0.0021007719919018952 -0.00019968103992151054 0.00038198744687798332
leaf_weight=3.0302636623382559 292.79922637343407 60.605273246765137 51.514482259750366 103.02896451950073 78.786855220794678 49.999350428581238 234.8454338312149 64.014319866895676 381.81322145462036 34.848032116889954 62.120405077934265 30.302636623382568 778.77776122093201 9.4695739448070508 43.938823103904724 122.7256783246994 63.635536909103394 139.39212846755981 183.70973452925682 168.17963325977325 60.605273246765137 142.42239212989807 289.39017975330353 295.45070707798004 209.08819270133972 187.87634706497192 15.90888422727585 13.636186480522154 4136.3098990917206 74.241459727287292
leaf_count=8 194 40 79 68 52 33 155 43 252 23 41 20 514 22 29 81 42 92 128 111 40 94 191 195 138 124 39 24 5442 49
internal_value=4.02539e-05 0.000939902 -0.000548637 0.00229438 0.00275905 -0.000451962 0.00133652 0.00266378 -0.000532352 -0.00229916 -0.000111959 -0.00221333 0.000631602 -0.000199844 0.000321954 0.00201047 0.00179055 0.0026824 0.00393751 0.00327876 0.00115242 0.00588915 0.00462676 -0.00272019 -0.00158578 -0.00244942 -0.000238754 -0.00884587 -0.00017732 -0.00447676
internal_weight=8382.47 3316.24 5066.22 1449.6 1346.57 5014.71 764.384 529.539 4964.71 786.353 1866.64 487.872 1378.77 4178.35 1316.65 537.872 465.524 401.889 323.102 415.146 228.785 186.361 582.189 751.505 457.57 396.965 4168.89 29.5451 4139.34 369.692
internal_count=8363 2197 6166 965 897 6087 512 357 6054 519 1232 322 910 5535 869 355 314 272 220 274 151 123 385 496 302 262 5513 63 5450 244
is_linear=0
shrinkage=0.03


Tree=92
num_leaves=31
num_cat=0
split_feature=54 80 90 97 98 98 82 63 19 56 76 89 89 86 72 65 82 103 23 40 91 67 48 7 15 97 78 85 17 16
split_gain=4.39727 5.38717 5.14603 4.30215 4.11127 3.88828 3.72729 3.51881 3.42945 3.17396 3.40188 5.26952 3.50966 3.75282 4.90097 3.60385 3.17108 3.14147 4.76773 3.13338 2.77736 2.64316 2.60637 2.54732 2.53604 2.50463 2.7074 2.50122 3.04626 2.47753
threshold=-0.050000000000000148 10.882937931034485 -1.2049999999999998 152.34570462742738 37.950465513911134 115.04914075913457 1.0928399849227073 1.5250000000000001 -0.54390674248284865 16.139864864864869 2.1850000000000005 1.4650000000000005 2.475000000000001 0.48851147000116663 -1.7655000000000312 1.6450000000000002 3.6116861638138533 122.50000000000001 1.6113172689021074 2.2550000000000003 -0.0049655172413793211 0.070711237553342812 0.70249999999998647 10.285000000000002 1017.2500000000001 97.402251665026299 0.79000000000000026 2.0419444444444448 0.25974602826953536 0.40737429413018122
decision_type=2 10 2 10 8 10 8 2 10 10 2 2 2 2 2 2 10 2 2 2 2 2 2 2 8 10 2 2 2 2
left_child=2 3 -1 4 -2 6 29 9 -7 10 23 -12 13 15 -15 19 25 18 -3 -13 -8 -22 -19 -6 -14 -10 -27 28 -9 -4
right_child=1 17 5 -5 7 8 20 27 16 -11 11 12 24 14 -16 -17 -18 22 -20 -21 21 -23 -24 -25 -26 26 -28 -29 -30 -31
leaf_value=-0.0041759737034197083 -0.0063829369212110585 -0.0061895377160841583 0.00025183893979072706 0.012780703110473199 -0.00017282119059038926 0.0060387230360088636 0.0032153528226858833 0.001859180306477899 0.0016651245595399543 -0.0064318527660159313 0.01301752132688368 0.0024299365570083216 0.0040753709776928469 0.016145613378419861 0.0041883677784381257 0.0055226745132058224 -0.0030141496208373332 -0.0029078186295679121 0.0074255966208228155 -0.0041878954553219942 -0.00065522666465427841 0.0045087834806843072 -0.00068174167429609675 0.0071021227295661763 -0.0023166696740793509 0.0032674085415313509 0.012057031646407701 0.00054760790290580923 -0.0053962649785239819 0.010072267077256381
leaf_weight=169.69476509094238 83.332250714302063 33.332900285720825 38.635861694812775 24.620892256498337 1404.527207493782 209.466975659132 222.72437918186188 67.802149444818497 693.93037867546082 53.029614090919495 39.772210568189621 128.02863973379135 73.483893811702728 34.848032116889954 268.93590003252029 113.25610437989235 109.08949184417725 1119.6824232339859 75.756591558456421 129.54377156496048 1538.6163745522499 94.695739448070526 820.06510362029076 44.696389019489288 232.95151904225349 103.02896451950073 45.453954935073853 215.14872002601624 224.61829397082329 57.57500958442688
leaf_count=190 55 22 27 17 1509 139 255 95 458 35 42 149 53 23 344 140 72 739 50 159 1842 151 545 37 423 68 30 400 350 38
internal_value=5.22233e-05 -0.000491547 0.000911452 0.000289561 0.000190799 0.00118876 0.000371161 0.000371554 0.0025636 0.000830049 0.000985955 0.0023125 0.00187851 0.00308786 0.00556002 0.00106265 0.00179857 -0.00168812 0.00326542 -0.000898444 7.27128e-05 -0.000355829 -0.0019667 5.15498e-05 -0.000783844 0.0024218 0.00595811 -0.00190758 -0.00371398 0.00612863
internal_weight=8470.34 5187.43 3282.91 3138.6 3113.97 3113.22 1952.25 3030.64 1160.97 2523.07 2470.04 1020.82 981.048 674.612 303.784 370.829 951.503 2048.84 109.089 257.572 1856.04 1633.31 1939.75 1449.22 306.435 842.413 148.483 507.569 292.42 96.2109
internal_count=8457 5187 3270 3831 3814 3080 2313 3759 767 2914 2879 1333 1291 815 367 448 628 1356 72 308 2248 1993 1284 1546 476 556 98 845 445 65
is_linear=0
shrinkage=0.03


Tree=93
num_leaves=31
num_cat=0
split_feature=54 64 106 57 16 2 67 30 19 60 89 54 77 77 70 81 96 7 85 45 33 64 76 106 76 82 56 12 94 14
split_gain=4.40471 5.33456 7.69359 4.89892 4.47978 4.57429 4.24621 3.989 3.98871 3.50536 3.16508 3.07131 2.999 3.33282 2.98626 3.3717 3.1397 3.08388 2.91893 2.87332 2.69968 3.10512 3.07784 4.80662 2.65454 4.02647 4.11071 3.38986 2.99774 2.61651
threshold=-0.48000000000000004 2.3450000000000002 113.50000000000001 7.4110000000000005 -0.94909439586795796 1.0000000180025095e-35 0.055316500711237553 -0.27999999999999953 0.97495527424839257 5.0430000000000073 1.5050000000000006 0.14499999999999982 0.79500000000000015 0.96500000000000019 2.9522869397687947 21.010000000000002 1.0000000180025095e-35 8.6450000000000014 1.2774827586206898 18.250000000000004 16.225000000000005 3.8950000000000005 3.4950000000000006 131.50000000000003 2.0250000000000004 0.83426846470255045 9.4792837837837869 84.15000000000002 2.2891141588762669 93.65000000000002
decision_type=2 2 2 8 2 2 2 2 10 2 2 2 2 2 8 10 2 2 2 10 10 2 2 2 2 8 8 8 10 10
left_child=20 2 8 -3 18 6 11 -8 19 -7 -9 12 -6 -14 15 17 -16 -12 -5 24 22 -22 23 -1 27 -26 29 28 -2 -27
right_child=1 3 -4 4 5 9 7 10 -10 -11 14 -13 13 -15 16 -17 -18 -19 -20 -21 21 -23 -24 -25 25 26 -28 -29 -30 -31
leaf_value=0.00192561321267794 0.0070609211105411122 -0.017276797890714898 0.017858561213879687 0.016351510266279522 0.011524388900000133 -0.0029927377761448915 0.0048659218815957674 0.010438947399239821 -0.0033945144755083826 -0.01835211453896075 -0.0015538970612573877 -0.002986197361428169 -0.0096047843679595551 -0.00048528141968848259 0.00099392395686578481 -0.010069357247564257 0.0097081370474562927 0.0040087285648060349 0.0024056706494796345 0.010214076577868077 0.011630103279069319 0.0026047651823955164 -0.00050628012011428843 0.013923638161363052 0.025169578428627264 -0.002684129761361571 0.002142998055168406 -0.0010520869358863899 -0.00037176727236505575 0.0064068159200064666
leaf_weight=541.28084668517113 95.45330536365509 16.666450142860413 23.105760425329208 20.454279720783234 18.181581974029541 692.79402980208397 184.84608340263367 25.757241129875183 221.58803030848503 13.636186480522154 581.43184021115303 742.03581431508064 37.120729863643646 1270.8168233931065 184.84608340263367 36.363163948059082 46.590303808450699 106.05922818183899 39.772210568189621 28.78750479221344 46.969086766242981 127.27107381820679 581.43184021115303 31.817768454551697 6.4393102824687949 272.72372961044312 1282.1803121268749 1027.6381644904613 99.998700857162476 31.817768454551697
leaf_count=571 63 11 19 33 12 1046 161 23 147 9 389 633 29 1183 332 24 33 70 90 19 31 84 599 33 5 180 1297 1201 66 21
internal_value=-2.85263e-05 -0.000324937 0.000612269 -0.00104574 -0.000978118 -0.00110223 -0.00062451 0.000823297 0.000482325 -0.00328922 6.15976e-05 -0.00144069 -0.000575898 -0.000744103 -0.000218204 -0.00116664 0.00274818 -0.000695751 0.00714199 0.000784276 0.00155686 0.00503768 0.00103154 0.00259173 0.000687885 0.0014949 0.00139882 -0.000363303 0.00325815 -0.00173433
internal_weight=8435.88 7107.1 3089.73 4017.37 4000.71 3940.48 3234.05 1165.89 3066.63 706.43 981.048 2068.15 1326.12 1307.94 955.291 723.854 231.436 687.491 60.2265 2845.04 1328.77 174.24 1154.53 573.099 2816.25 1593.16 1586.72 1223.09 195.452 304.541
internal_count=8414 7096 3018 4078 4067 3944 2889 1032 2999 1055 871 1857 1224 1212 848 483 365 459 123 2852 1318 115 1203 604 2833 1503 1498 1330 129 201
is_linear=0
shrinkage=0.03


Tree=94
num_leaves=31
num_cat=0
split_feature=53 97 54 66 79 65 95 21 63 86 51 39 24 54 63 42 75 75 94 66 71 16 13 82 18 16 69 106 87 20
split_gain=4.33997 3.79593 3.70493 5.85555 3.95743 4.02551 5.03655 4.91584 3.92715 3.59529 3.53927 3.40972 3.22434 3.66393 3.22221 3.20681 3.12836 3.69368 5.15417 3.12387 3.11465 3.04948 2.99173 2.97665 2.93191 2.89335 2.60423 2.54313 3.14263 3.44785
threshold=2.6750000000000003 107.22118796460278 0.34000000000000025 0.024999999999999915 -0.0033936504998148937 1.0950000000000006 21.260000000000002 0.94377192908038166 0.83500000000000008 0.59596511142327302 1.9650000000000001 0.39500000000000007 14.173683500000001 -0.49499999999999994 0.84500000000000008 -0.90999999999999992 0.49500000000000005 1.3250000000000004 2.164219801277421 -0.18999999999999981 10.340000000000002 -0.74565044637343025 9.0850000000000026 1.8702912706496237 -0.45243470931178237 -0.598674154253094 16.915000000000003 131.50000000000003 1.3550000000000002 -0.401548203699786
decision_type=2 10 2 2 2 2 8 10 2 2 2 2 2 2 2 2 2 2 10 2 8 2 8 10 10 2 10 2 2 10
left_child=1 2 3 12 21 9 7 -7 11 10 20 -4 22 -14 -8 -13 -3 18 -18 -20 -6 -5 -1 -19 -12 -21 -22 28 29 -10
right_child=-2 16 8 4 5 6 14 -9 27 -11 24 15 13 -15 -16 -17 17 23 19 25 26 -23 -24 -25 -26 -27 -28 -29 -30 -31
leaf_value=0.0072997059442485883 -0.0089427226366580632 -0.0025652560329218013 -0.018767826827498394 0.017379001939729619 0.024539430333032332 0.0073027472061445078 0.0074162953590954676 0.00048641410207721729 -0.00089962079233927607 -0.0037467646354960352 0.0019923892059352595 0.05134028442671261 0.00077680897469109599 -0.0015243068448805111 -0.00076612054738829118 0.00090292522149105505 -0.0065035231086475699 0.0030641213608363473 0.015312306221527541 0.0098031238282693563 0.0001589690667916146 0.0042067840173665222 -0.00079258776469501063 -0.0056415942044892708 0.01150421932356043 0.0032577215353048199 -0.0069621643680093078 -0.0070419388868068747 0.0019324154476288427 -0.0037707559408315669
leaf_weight=87.877646207809448 49.241784512996674 101.5138326883316 7.9544421136379233 17.045233100652695 4.5453954935073844 270.45103186368942 49.241784512996674 146.96778762340546 921.57893630862236 208.70940974354744 86.741297334432602 1.1363488733768452 910.59423053264618 1970.0501634776592 359.843809902668 703.77873557806015 33.332900285720825 77.271723389625549 28.78750479221344 82.574684798717499 611.35569387674332 219.69411551952362 77.271723389625549 65.150668740272522 43.938823103904724 230.30003833770752 49.999350428581238 81.438335925340652 198.8610528409481 636.35536909103394
leaf_count=58 94 67 21 18 3 186 112 97 1089 206 112 3 898 1952 488 892 22 51 19 56 615 202 105 43 29 152 33 83 171 426
internal_value=-6.27631e-05 -9.98108e-06 -0.000192456 0.000273358 0.00150513 0.0010334 0.00258442 0.0049028 -0.0011263 -0.000241777 0.000676553 0.000763832 -0.000563192 -0.000796906 0.0002188 0.000984232 0.00224996 0.00319468 0.00475677 0.00585533 -0.000209304 0.00515518 0.0035134 -0.00091828 0.00519057 0.0049852 -0.000379398 -0.00185929 -0.00161904 -0.00207237
internal_weight=8333.6 8284.36 7665.43 5114.33 2068.53 1831.79 826.504 417.419 2551.1 1005.29 796.581 712.87 3045.79 2880.64 409.086 704.915 618.931 517.418 374.995 341.662 665.9 236.739 165.149 142.422 130.68 312.875 661.355 1838.23 1756.8 1557.93
internal_count=8303 8209 7799 5114 2101 1881 883 283 2685 998 792 916 3013 2850 600 895 410 343 249 227 651 220 163 94 141 208 648 1769 1686 1515
is_linear=0
shrinkage=0.03


Tree=95
num_leaves=31
num_cat=0
split_feature=89 15 65 14 96 43 47 32 90 94 84 42 83 13 86 17 58 65 82 87 105 51 68 57 19 51 24 12 58 82
split_gain=4.51678 4.58975 4.15738 3.70234 4.80533 3.9611 4.68234 4.52317 3.77949 3.74492 3.63194 4.0238 3.47015 3.01075 2.88354 2.94239 2.6421 2.72217 2.5867 2.5837 3.49033 3.39641 3.09431 2.85922 3.02187 2.67298 3.29914 2.52142 2.4913 2.47852
threshold=2.8250000000000006 1019.6525 3.4700000000000002 51.315000000000005 11.243999999999973 0.31836363636363668 23.765000000000004 12.238571428571431 0.37500000000000006 4.4767458816740247 6.3499999999999668 -0.41999999999999976 15.870000000000003 -3.0234999999999994 0.72519899830771672 -0.93596721710253894 1.9425629891174545 1.1050000000000006 3.3132433852379441 1.1650000000000003 87.500000000000014 1.4950000000000003 9.3226643835616461 16.690000000000001 -0.03263185848515384 1.8550000000000002 65.397766500000003 91.500000000000014 0.74350248518684414 2.6344992915361392
decision_type=2 8 2 8 2 2 10 10 2 10 2 2 10 8 2 2 10 2 10 2 2 2 10 10 10 2 2 10 8 10
left_child=3 16 10 19 5 6 7 13 -7 14 -3 -12 -6 -5 15 -9 17 -2 -11 20 22 -22 -1 -24 -25 -23 -27 -19 -29 -21
right_child=1 2 -4 4 12 8 -8 9 -10 18 11 -13 -14 -15 -16 -17 -18 27 -20 29 21 25 23 24 -26 26 -28 28 -30 -31
leaf_value=-0.0088774798292221759 -0.0016609095217479679 -0.0010614981424545294 -0.01494685013099489 -0.012698917663460608 0.00070625365262505166 -0.0038532039205819188 -0.011842194079585169 -0.0018378205168506129 0.0078836652156051654 -0.011863207791241103 -6.9507502581719579e-05 -0.0073322484310339702 0.012133809364580615 8.2502958307673535e-05 -0.0029652385083035267 0.0031145192717817465 -0.005805851547146996 -0.0017118642622190585 -0.00080001016932665966 -0.0036818006849736401 0.0086827121375617471 -0.0023900931254180178 0.00047368132943244388 0.0030785565342564707 -0.0080116103973660695 0.0063436936357668889 -0.0031464017873338935 -0.0013283829754205537 0.0057203061775519736 0.0033268338850745592
leaf_weight=47.347869724035263 158.7100593149662 924.23041701316833 22.726977467536926 16.666450142860413 40.908559441566467 31.060202538967133 27.272372961044312 118.18028283119202 120.45298057794571 25.757241129875183 104.54409635066986 199.99740171432495 57.57500958442688 3464.3489319682121 86.36251437664032 1250.3625436723232 46.969086766242981 78.786855220794678 72.726327896118164 383.32835328578949 62.120405077934265 122.7256783246994 359.08624398708344 30.302636623382568 81.817118883132935 110.60462367534637 46.969086766242981 56.059877753257751 231.43638721108437 51.514482259750366
leaf_count=32 107 1387 45 11 27 34 18 78 162 17 69 132 38 4217 57 826 31 52 54 253 41 81 237 20 54 73 31 37 176 34
internal_value=0.000106415 -0.00121539 -0.00223289 0.000471192 0.000821942 0.00069792 0.000554848 0.000622005 0.00547761 0.00196812 -0.00199774 -0.00483907 0.00738698 2.13079e-05 0.00235135 0.00268686 0.00101099 0.00162086 -0.00369346 -0.000966563 -1.4553e-05 0.00233604 -0.00156673 -0.000832133 -0.00501427 0.000929479 0.00351492 0.00304285 0.00434586 -0.00285151
internal_weight=8430.95 1823.46 1251.5 6607.49 5311.67 5213.19 5061.68 5034.4 151.513 1553.39 1228.77 304.541 98.4836 3481.02 1454.91 1368.54 571.962 524.993 98.4836 1295.82 860.974 342.42 518.554 471.206 112.12 280.299 157.574 366.283 287.496 434.843
internal_count=8431 2036 1633 6395 5539 5474 5278 5260 196 1032 1588 201 65 4228 961 904 403 372 71 856 569 226 343 311 74 185 104 265 213 287
is_linear=0
shrinkage=0.03


Tree=96
num_leaves=31
num_cat=0
split_feature=14 98 89 39 95 66 98 15 68 89 84 14 94 48 16 76 33 90 96 86 90 96 63 48 90 96 15 12 76 25
split_gain=4.0889 4.57479 4.20365 4.87367 3.91431 4.26832 3.83416 3.7142 3.81756 3.86338 3.63595 3.74107 3.34075 3.32479 3.10462 3.08216 2.8511 6.02352 3.84133 2.74485 2.63574 3.3773 2.61144 2.60495 2.59595 2.59043 2.99909 2.55369 2.61422 2.5176
threshold=47.485000000000007 115.04914075913457 3.9200000000000004 0.49500000000000005 15.075000000000001 -0.30999999999999989 72.745750061312023 1010.4150000000001 16.774178082191785 3.6650000000000005 -6.16949999999997 94.850000000000009 3.4722740697403074 2.1229999999999909 -0.99759302102225911 4.4500000000000011 16.975000000000005 1.1550000000000005 -3.2250000000000791 0.35501966882862118 0.80999999999999994 0.56199999999995509 0.66500000000000015 0.20650000000000548 1.2350000000000005 10.343999999999939 1004.9385000000001 33.095000000000006 2.3050000000000002 1.6758333333333337
decision_type=8 10 2 2 10 2 10 10 10 2 2 10 10 2 2 2 10 2 2 2 2 2 2 2 2 2 10 10 2 2
left_child=13 2 3 -2 5 -5 25 20 16 24 -7 12 14 22 -12 -4 18 -18 19 -9 21 -3 -1 -19 -10 26 -6 28 -20 -29
right_child=1 7 15 4 6 10 -8 8 9 -11 11 -13 -14 -15 -16 -17 17 23 27 -21 -22 -23 -24 -25 -26 -27 -28 29 -30 -31
leaf_value=0.0054341961112968646 -0.013816179361281973 0.0026398378761676973 -0.016923461712275888 -0.0020780190462033302 0.0014767043370641966 -0.0079464225927788502 -0.00028573580340350292 0.0085371547077920905 -0.00084411799296565406 0.0020545482213355751 0.021439006080039753 0.011011422011228893 0.010623171218535619 -0.011219635757278482 0.0011531652610967753 -0.0037264723706682741 0.0084714303030255025 -0.0016262685255399138 -0.0095469325742607008 0.0026106356068919577 -0.0039048642639021918 -0.007598383652334938 -0.0019670830328468464 0.0037954929564511888 -0.0095586423643940523 0.0049901213740917863 -0.0046386105973725087 0.0038356021431158851 0.0019900851622908994 0.00041686321184533138
leaf_weight=45.453954935073853 23.48454338312149 172.72502875328064 20.454279720783234 376.51026004552841 86.36251437664032 36.363163948059082 1854.9001443088055 96.968437194824219 56.059877753257751 112.1197555065155 6.818093240261077 37.499512821435928 34.848032116889954 33.332900285720825 1643.9180368185043 71.9687619805336 176.89164128899574 133.3316011428833 42.423691272735596 256.0572794675827 199.99740171432495 34.848032116889954 765.14157474040985 198.48226988315582 68.180932402610779 33.332900285720825 439.38823103904724 236.73934862017632 30.302636623382568 1070.4406387209892
leaf_count=30 47 114 45 895 57 24 1228 64 37 74 18 30 23 22 3104 118 119 88 28 169 132 23 505 131 45 22 290 157 20 711
internal_value=4.65602e-05 0.000267892 -0.000312796 -0.000184788 -0.000114429 0.000821013 -0.000942134 0.00120684 0.00164335 -0.00198291 0.00144139 0.0016395 0.001431 -0.0019339 0.00123695 -0.00664712 0.0020257 0.00400041 0.00144602 0.00423852 -0.00144708 0.000921012 -0.00155206 0.00161689 -0.00562648 -0.0031199 -0.00363408 0.000731611 -0.00473984 0.00103602
internal_weight=8395.35 7551.42 4665.85 4573.43 4549.94 2135.96 2413.98 2885.57 2478 236.361 1759.45 1723.08 1685.58 843.928 1650.74 92.423 2241.64 508.706 1732.93 353.026 407.57 207.573 810.596 331.814 124.241 559.084 525.751 1379.91 72.7263 1307.18
internal_count=8370 7813 5901 5738 5691 4094 1597 1912 1643 156 3199 3175 3145 557 3122 163 1487 338 1149 233 269 137 535 219 82 369 347 916 48 868
is_linear=0
shrinkage=0.03


Tree=97
num_leaves=31
num_cat=0
split_feature=98 21 15 97 97 82 30 63 41 7 16 80 27 100 30 99 16 23 40 24 14 92 103 66 78 21 44 92 92 87
split_gain=4.26387 5.0336 4.8881 5.23208 4.47852 4.1596 3.05858 3.11105 4.08959 3.607 3.1247 2.8662 2.83326 2.76033 2.6192 2.59439 2.70019 2.93367 3.53818 2.44613 2.44593 2.442 2.46813 2.43824 2.87842 2.39162 2.36659 2.36651 2.26654 2.24652
threshold=106.52071932011306 0.91889451886228757 1020.4830000000001 21.069283739820822 165.60776869435077 5.3305431859119299 0.95500000000000018 0.7350000000000001 1.0850000000000006 7.705000000000001 -0.75533897797865446 16.895034482758621 1.5050000000000001 0.6882357483716377 0.39499999999999996 1.2446881413062771 0.59573434819697324 1.6403340337151582 3.3050000000000002 169.49023700000001 51.445000000000007 7.4685934256055377 143.50000000000003 0.71500000000000008 2.2850000000000006 -0.49848767142220984 12.320526315789474 10.027598615916956 14.599605536332183 0.17500000000000002
decision_type=8 8 8 10 10 10 2 2 2 2 2 10 2 2 2 2 2 2 2 2 8 8 2 2 2 10 10 10 10 2
left_child=2 5 14 -4 6 11 7 9 15 10 -3 19 -10 -5 29 16 17 18 28 25 -17 -12 -23 -24 -25 26 -2 -15 -9 -1
right_child=1 4 3 13 -6 -7 -8 8 12 -11 21 -13 -14 27 -16 20 -18 -19 -20 -21 -22 22 23 24 -26 -27 -28 -29 -30 -31
leaf_value=0.010445799707086287 0.0095059027742947187 0.0095405458972607823 -0.0097475877470546372 -0.00029365330415478431 0.013561267535716386 -0.0068297322458961791 -0.010801793533361605 -0.0015159773659524172 0.063043847026640051 -0.0053591712083898594 -0.0023530632889408806 -0.0057777535730690315 0.004818665909203307 -0.0012698631061447219 -0.0057416512596976318 -0.0053169540788840291 0.0031505977147186239 0.001993595426504402 0.0024553370738938196 -0.0057247706024897019 -0.0013215528973488423 -0.0062188523552196206 -0.0055384067427018211 0.0062704796136225068 -0.0055357972190446776 0.0019409156330623754 0.0018550208690225249 -0.0050272694092865907 -0.0071806531909209183 0.00025226514942679065
leaf_weight=19.696713805198669 78.029289305210114 57.196226626634598 80.301987051963806 551.50798654556274 21.211845636367798 49.999350428581238 24.620892256498337 940.13930124044418 0.75756591558456321 51.893265217542648 87.877646207809448 42.423691272735596 105.30166226625443 289.39017975330353 65.529451698064804 162.11910593509674 208.70940974354744 336.35926651954651 201.51253354549408 35.226815074682236 923.09406813979149 21.969411551952362 20.833062678575516 203.40644833445549 20.454279720783234 1713.6141010522842 68.180932402610779 315.14742088317871 68.180932402610779 1606.7973069548607
leaf_count=13 59 106 53 364 14 33 50 1588 2 107 58 28 134 191 44 107 359 345 307 30 1381 49 34 378 45 1146 45 208 45 1071
internal_value=1.4137e-05 0.000510742 -0.000908929 -0.0023428 -0.000181127 0.0017137 -0.000266003 -0.000189928 -0.000549402 0.00209437 0.00303378 0.00193418 0.00523456 -0.00182845 0.000138792 -0.000765394 -5.23725e-05 -0.000484719 -0.00117374 0.00210682 -0.00191842 0.00198408 0.00341336 0.00427818 0.00519173 0.00225516 0.00593813 -0.00322861 -0.00189901 0.000375708
internal_weight=8371.48 5443.11 2928.37 1236.35 3455.64 1987.47 3434.43 3409.8 2946.17 463.63 411.737 1937.47 106.059 1156.05 1692.02 2840.11 1754.9 1546.19 1209.83 1895.05 1085.21 354.541 266.663 244.694 223.861 1859.82 146.21 604.538 1008.32 1626.49
internal_count=8394 6450 1944 816 5109 1341 5095 5045 4268 777 670 1308 136 763 1128 4132 2644 2285 1940 1280 1488 564 506 457 423 1250 104 399 1633 1084
is_linear=0
shrinkage=0.03


Tree=98
num_leaves=31
num_cat=0
split_feature=98 54 15 63 75 21 88 16 106 53 79 94 96 90 75 70 84 84 70 2 103 75 9 17 43 96 100 77 88 24
split_gain=4.85804 5.43134 4.1171 3.54903 3.51733 3.10665 3.06652 3.01371 5.01719 3.0063 3.53878 2.68235 2.63614 2.66388 2.61353 2.86294 2.65858 2.5774 2.75509 2.71177 3.40099 4.68085 3.92849 3.10411 3.0777 2.89109 5.09995 2.72256 2.89408 2.65133
threshold=107.66377461695232 -0.050000000000000148 1023.0355000000001 0.56500000000000006 0.44500000000000006 -0.54500492015115343 4.0850000000000009 -0.98483798533721378 18.500000000000004 0.89000000000000001 -0.020134209552017789 4.5026716372615079 -13.28500000000008 2.7650000000000006 0.6150000000000001 2.9981664719444239 -1.0349999999999679 -1.2760000000000102 3.3200197879255291 1.0000000180025095e-35 141.50000000000003 0.70500000000000007 280.32000000000005 -0.78282536007735881 0.14072727272727323 3.7345000000000259 0.80567725598122719 1.3550000000000006 3.9750000000000005 15.604408500000002
decision_type=10 2 10 2 2 10 2 2 2 2 2 10 2 2 2 10 2 2 8 2 2 2 2 2 2 2 2 2 2 2
left_child=2 5 6 4 -3 -2 7 8 -1 11 -11 -5 -12 14 -14 -16 -17 18 -9 25 -21 22 23 -22 -24 -19 -27 -23 -29 -25
right_child=1 3 -4 9 -6 -7 -8 17 -10 10 12 -13 13 -15 15 16 -18 19 -20 20 21 27 24 29 -26 26 -28 28 -30 -31
leaf_value=-0.0050978572842860417 0.0097082427867923489 0.0001120238789783288 -0.002509457200184423 0.00078500511749161298 0.0083205553554030944 0.001974917437872366 -0.0034152861577077124 -0.0024678650253743507 0.022868524986683833 -0.0084625864752962097 0.0076452868982240995 -0.0037426761012659755 -0.0045119048154405395 -0.0080892370989989089 -0.0012388956688386512 -0.00029545911104624992 0.0089059892102329244 0.001499602357055907 0.0062388373341979234 -0.013809423137742773 0.0013727673189504583 -0.00025124297448918286 0.0010671419746961536 0.0069915645055562033 0.0087460135939553315 0.00071483855411035729 -0.0057576642529964788 -0.0071651441703325701 0.0050967669321364739 -0.012028016603723326
leaf_weight=10.227139860391619 48.484218597412109 103.02896451950073 927.26068067550659 1375.7397027015686 86.36251437664032 1308.6951191723347 257.95119425654411 532.94762161374092 13.257403522729872 66.66580057144165 28.78750479221344 128.78620564937592 159.08884227275848 53.029614090919495 443.55484357476234 59.090141415596008 54.165962964296341 1510.586435675621 34.848032116889954 19.317930847406387 64.77188578248024 130.30133748054504 115.52880212664604 7.9544421136379233 79.16563817858696 406.4341137111187 149.99805128574371 167.80085030198097 19.317930847406387 38.635861694812775
leaf_count=24 32 68 612 908 57 866 558 357 35 44 19 85 105 35 295 39 41 2164 23 51 171 344 302 21 209 269 99 434 51 102
internal_value=-5.50432e-05 0.000717136 -0.000728972 -9.66779e-05 0.00385511 0.00225118 -0.000265091 -1.89311e-05 0.0106896 -0.000412619 -0.00182259 0.000397439 -0.00126768 -0.00160137 -0.00112078 -0.000151893 0.00410523 -9.56594e-05 -0.0019335 0.000289429 -0.00141239 -0.00102828 0.00161894 -0.00287514 0.00418948 0.000818655 -0.00102996 -0.00358073 -0.00589924 -0.00878077
internal_weight=8401.78 3915.48 4486.31 2558.3 189.391 1357.18 3559.04 3301.09 23.4845 2368.91 864.383 1504.53 797.717 768.929 715.9 556.811 113.256 3277.61 567.796 2709.81 642.795 623.477 306.057 111.362 194.694 2067.02 556.432 317.42 187.119 46.5903
internal_count=8420 2594 5826 1696 125 898 5214 4656 59 1571 578 993 534 515 480 375 80 4597 380 4217 1685 1634 805 294 511 2532 368 829 485 123
is_linear=0
shrinkage=0.03


Tree=99
num_leaves=31
num_cat=0
split_feature=61 42 76 88 16 19 48 68 93 47 86 58 14 96 96 14 52 21 74 40 98 55 106 70 78 85 46 42 96 80
split_gain=4.33288 7.17128 3.55637 3.98116 3.39542 3.15805 3.60232 3.06382 3.13559 3.61575 3.44072 3.40323 3.19292 3.03351 2.94812 3.62914 3.70903 2.9323 2.92914 3.37744 2.89704 3.1554 3.69076 3.3595 2.71593 2.58667 3.0433 2.57968 2.42476 2.35954
threshold=1.8954054054054057 -0.14999999999999999 2.1950000000000007 3.2950000000000004 -0.98483798533721378 0.92916483094970836 2.1634999999999995 7.1348904109589055 14.580000000000002 19.835000000000004 0.30475052600546043 1.0485699105668735 57.530000000000008 10.217000000000043 -2.3935000000000168 95.750000000000014 1.6050000000000002 -0.48511470585764821 0.50163315837978251 2.9250000000000003 76.939042729969529 0.034289473684210585 131.50000000000003 1.1205312955331035 1.6050000000000006 1.1997931034482761 1.222361340046066 0.070000000000000187 0.048999999999978179 10.548079310344827
decision_type=2 2 2 2 2 10 2 8 8 10 2 8 8 2 2 10 2 8 2 2 10 2 2 10 2 2 10 2 2 10
left_child=2 17 5 4 -4 6 14 27 11 10 -10 -9 13 -12 -1 16 -16 -2 -14 -20 29 -22 23 -23 -11 -25 -27 -6 -7 -3
right_child=1 20 3 -5 7 28 -8 8 9 24 12 -13 18 -15 15 -17 -18 -19 19 -21 21 22 -24 25 -26 26 -28 -29 -30 -31
leaf_value=-0.0016098424089629191 0.0056685361612256709 -0.0019891194520321046 0.019476172553735023 -0.0015108491335719734 0.0015600461770040384 0.00013985500837994207 0.0097388047687921604 0.003162220144103767 0.0093726553580335444 0.0109930093306341 -0.0026458841209887722 0.011121571116725364 0.00088541510905583063 0.0057387813989322606 0.0059458404311884989 0.015624656496651769 0.00029572051679660016 0.0004837968965711205 0.0079421703556088238 -0.003252620685976836 0.00022962507587465339 -0.0060566883039521935 -0.009889097092115157 -0.0067801809776491962 0.0014829340183540368 0.0014503132163233359 -0.0026287365041953725 -0.010291772972549846 -0.0058696386180994821 -0.0053605399052589877
leaf_weight=554.538250207901 103.40774747729301 615.9010893702507 10.605922818183897 259.08754312992096 36.363163948059082 107.57436001300812 36.363163948059082 129.1649886071682 46.211520850658417 66.66580057144165 266.6632022857666 77.271723389625549 343.55614271759987 45.453954935073853 115.90758508443832 15.151318311691282 1068.5467239320278 1939.7475268542767 128.02863973379135 29.923853665590286 999.98700857162476 136.36186480522156 53.029614090919495 62.120405077934265 45.453954935073853 367.04068610072136 298.4809707403183 30.302636623382568 137.87699663639069 268.17833411693573
leaf_count=366 75 1275 19 279 24 71 24 86 59 44 176 51 511 30 150 10 1297 1974 239 67 660 90 35 41 30 246 197 20 94 177
internal_value=-2.18004e-05 -0.000605305 0.000774278 0.00187501 0.00257363 -4.46647e-05 0.000392798 0.00242965 0.00278361 0.00207042 0.00140968 0.0061415 0.000957411 -0.00142482 0.000199057 0.00103525 0.000848626 0.000746206 0.00244001 0.00582133 -0.00159111 -0.000935924 -0.00220691 -0.0017354 0.00713757 -0.000925581 -0.000379107 -0.00382714 -0.00323585 -0.00301181
internal_weight=8394.97 4844.26 3550.71 1514.75 1255.67 2035.96 1790.51 1245.06 1178.39 971.957 859.837 206.437 813.626 312.117 1754.14 1199.61 1184.45 2043.16 501.509 157.952 2801.1 1917.02 917.034 864.004 112.12 727.642 665.522 66.6658 245.451 884.079
internal_count=8417 4770 3647 1635 1356 2012 1847 1337 1293 1156 1082 137 1023 206 1823 1457 1447 2049 817 306 2721 1269 609 574 74 484 443 44 165 1452
is_linear=0
shrinkage=0.03


Tree=100
num_leaves=31
num_cat=0
split_feature=54 61 2 66 30 93 87 18 27 82 15 97 19 82 17 40 15 76 90 100 54 44 79 16 89 20 73 93 54 63
split_gain=5.1265 4.74003 3.46995 3.17592 4.565 4.18351 3.40321 3.15408 3.14734 2.99761 2.99463 2.93747 2.95293 6.01405 3.94073 2.93721 2.7582 2.89014 2.66779 2.6555 3.58656 2.88237 3.13398 4.70757 3.74276 3.12648 3.50506 2.73164 4.12894 3.71863
threshold=-0.4599999999999998 1.8071621621621625 1.0000000180025095e-35 0.31000000000000022 -0.25999999999999984 20.160000000000004 1.135 -0.65110538793130568 0.96500000000000008 1.8702912706496237 1019.9140000000001 165.60776869435077 0.93244991839251556 0.97252970632471591 -0.15583104335483303 2.0050000000000003 1019.1885000000001 2.3650000000000007 0.86499999999999999 0.97250188967352436 0.67000000000000037 10.638157894736844 -0.0064397445390596206 -0.97872343101613135 2.015000000000001 -0.81375993805450619 1.1803424657534249 21.690000000000005 1.9550000000000003 0.56500000000000006
decision_type=2 2 2 2 2 10 2 8 2 10 10 10 10 8 2 2 8 2 2 2 2 10 2 2 2 10 2 8 2 2
left_child=-1 8 3 15 -5 6 -6 9 -2 -4 -7 12 13 -10 18 -3 -9 -18 -15 20 21 22 23 -16 -25 -23 -27 29 -29 -22
right_child=1 2 7 4 5 10 -8 16 11 -11 -12 -13 -14 14 19 -17 17 -19 -20 -21 27 25 -24 24 -26 26 -28 28 -30 -31
leaf_value=0.0015837863217670223 -0.012067920517922635 0.0012777472469368333 -0.003815019866908651 0.0055040288384678336 -0.00053238343868690385 -0.0090239482744126631 0.0034470849316128576 -0.010991131574898432 0.010357331423356696 0.0048672679493166936 -0.00084029653618039287 0.010670924941486661 -0.0021601760563362271 0.00031785935868868713 0.050144235803940042 -0.0018727734932844609 0.010987708794311215 -0.0038595151343994881 -0.0032276594099983663 0.0034067470944997335 0.0046580559022324523 0.0086131052748414458 -0.0014030707207243059 0.0059431640598806932 -0.0017995651727636573 -0.005676234157484486 0.0034237789245930954 0.0050054699122050062 -0.015988502829735088 -0.0050587998740712287
leaf_weight=1436.3449759483337 17.802799016237259 314.01107200980186 66.66580057144165 146.21022170782089 660.59747838973999 74.241459727287292 273.48129552602768 48.484218597412109 58.332575500011444 77.271723389625549 87.877646207809448 25.757241129875183 334.4653517305851 459.46372780203819 1.8939147889614094 1753.7650945782661 12.121054649353026 445.06997540593147 326.88969257473946 442.79727765917778 42.423691272735596 86.741297334432602 372.34364750981331 132.19525226950645 97.726003110408783 43.938823103904724 286.35991609096527 76.892940431833267 9.4695739448070508 215.52750298380852
leaf_count=1416 29 265 44 131 577 49 263 32 40 51 58 17 223 499 5 1540 29 815 383 506 28 58 509 142 117 29 189 188 25 146
internal_value=-4.86105e-05 -0.000384005 -0.00106745 -0.000674043 0.000524766 -0.000139366 0.000632733 -0.00307213 0.000508868 0.000845998 -0.00458795 0.000583175 0.0004962 0.000831092 0.000616925 -0.00139434 -0.00418741 -0.00346589 -0.00115602 0.0013879 0.000733247 0.00162601 0.000301805 0.00304019 0.00265219 0.00354435 0.00221323 -0.00191458 0.0027035 -0.00346073
internal_weight=8427.16 6990.82 3959.8 3310.18 1242.41 1096.2 934.079 649.613 3031.02 143.938 162.119 3013.22 2987.46 2653 2594.66 2067.78 505.675 457.191 786.353 1808.31 1365.51 1021.2 604.159 231.815 229.921 417.04 330.299 344.314 86.3625 257.951
internal_count=8403 6987 3854 2883 1078 947 840 971 3133 95 107 3104 3087 2864 2824 1805 876 844 882 1942 1436 1049 773 264 259 276 218 387 213 174
is_linear=0
shrinkage=0.03


Tree=101
num_leaves=31
num_cat=0
split_feature=98 54 88 82 9 82 83 33 80 44 63 106 40 38 19 44 93 94 103 81 93 10 105 93 40 47 65 81 70 77
split_gain=4.28293 4.10976 3.56716 3.29027 3.38776 3.21914 3.28032 3.49038 5.31817 3.22143 3.48617 3.03357 3.29792 2.73164 2.72317 3.44484 2.63783 2.59486 2.56596 2.55599 3.3719 2.5334 2.48679 4.25413 4.47567 3.64629 3.04135 3.47782 3.02849 3.31349
threshold=141.9252684798463 0.60000000000000031 2.9050000000000007 2.190835110770188 283.2000000000001 4.9174284128399526 11.155000000000003 11.545000000000002 12.404289655172416 15.17526315789474 3.1250000000000004 116.50000000000001 2.4350000000000005 0.4942255236087098 0.9177199610035115 12.948421052631581 18.450000000000003 2.0109125401355175 142.50000000000003 21.665000000000003 22.535000000000004 12.895000000000001 103.50000000000001 18.235000000000003 1.9650000000000001 24.565000000000001 1.5750000000000006 16.735000000000003 1.3435791110824207 1.8850000000000005
decision_type=10 2 2 8 2 10 8 10 10 10 2 2 2 2 10 10 10 10 2 10 10 10 2 10 2 10 2 10 10 2
left_child=1 5 3 -3 -5 6 -1 13 11 10 19 14 -13 21 17 -16 -11 -9 -6 20 -10 -8 23 26 -25 28 27 -2 -24 -30
right_child=22 2 -4 4 18 -7 7 8 9 16 -12 12 -14 -15 15 -17 -18 -19 -20 -21 -22 -23 25 24 -26 -27 -28 -29 29 -31
leaf_value=0.01014183832267487 0.0016260661308758315 -0.002898910378597947 -0.0034439128423623018 -0.001880731196463551 -0.0095001187813812255 -0.0085651439601772475 -0.00067132255779918674 0.0063578898281835567 -0.00090124354332337916 0.009189221795648057 -0.0088146096169047696 0.014683295609473027 0.0037769093564918059 0.012187760936763924 -0.0033433372057405661 0.0071175619510074417 0.0011680508968916457 0.0018172912359893647 0.0044715965797635154 0.0038552658100471046 -0.0097241919240046212 -0.011075494417546707 -0.0030791627437101003 0.015856405130426382 0.0038073099562108887 -0.010501915421857556 0.0055256558068294834 -0.0031342650563590964 8.7554585896916333e-05 0.0071736499843498419
leaf_weight=28.78750479221344 411.35829216241837 269.31468299031258 660.59747838973999 166.28571847081184 12.499837607145308 39.393427610397339 3012.0820803642273 139.39212846755981 828.77711164951324 43.938823103904724 51.514482259750366 34.848032116889954 87.877646207809448 14.772535353899 151.51318311691284 34.848032116889954 230.30003833770752 604.53760063648224 220.83046439290047 95.45330536365509 40.908559441566467 21.211845636367798 160.60397410392761 30.302636623382568 328.78360736370087 30.302636623382568 106.05922818183899 207.95184382796288 216.66385185718536 81.817118883132935
leaf_count=19 273 180 739 274 27 26 4112 92 547 29 34 23 58 36 100 23 152 402 364 63 27 14 106 20 217 20 70 138 143 54
internal_value=-5.76016e-05 -0.000384455 -0.0018802 -0.000335974 0.00139128 -2.02455e-05 4.18515e-05 -1.20719e-05 0.000858342 -0.000432297 -0.00121065 0.00244053 0.00687378 -0.000681404 0.00185569 -0.00138723 0.00245321 0.00266808 0.00372311 -0.000804791 -0.00131626 -0.000744079 0.00135247 0.00215356 0.00482411 -0.0004227 0.00083153 2.7643e-05 0.000242595 0.00202994
internal_weight=8363.53 6789.68 1329.53 668.931 399.616 5460.16 5420.76 5391.98 2343.91 1290.89 1016.65 1053.02 122.726 3048.07 930.291 186.361 274.239 743.93 233.33 965.139 869.686 3033.29 1573.84 1084.46 359.086 489.388 725.369 619.31 459.085 298.481
internal_count=8382 7341 1584 845 665 5757 5731 5712 1550 852 671 698 81 4162 617 123 181 494 391 637 574 4126 1041 718 237 323 481 411 303 197
is_linear=0
shrinkage=0.03


Tree=102
num_leaves=31
num_cat=0
split_feature=72 92 32 8 95 72 54 63 82 89 80 16 24 32 81 91 90 56 92 86 58 72 78 92 92 91 56 56 72 30
split_gain=3.81413 3.38995 3.14355 3.80066 3.13405 4.20258 3.39824 3.86875 4.0672 4.32986 3.48067 3.38566 4.51395 2.88405 3.4893 2.80372 3.40892 3.19236 3.01488 2.67711 2.6448 3.11682 2.4089 2.39276 2.72987 2.89133 2.36296 3.3599 2.35331 2.24591
threshold=8.6290000000000209 16.052595155709344 9.2650000000000023 3.1350000000000002 13.280000000000003 -0.10699999999997088 0.32500000000000001 0.84500000000000008 2.8642792692494967 1.1950000000000005 10.74833103448276 -0.54097447136799381 47.001382500000012 15.663571428571432 21.915000000000003 0.0010583963155408641 -1.2049999999999998 10.170891891891895 14.599605536332183 0.25580626546216989 0.85777561449999695 6.7175000000000304 1.9150000000000003 11.825742214532875 11.137356401384086 0.019383378426598333 14.934324324324328 16.676351351351354 2.8729999999999909 0.26499999999999996
decision_type=2 10 8 2 8 2 2 2 8 2 8 2 2 10 10 2 2 8 10 2 8 2 2 10 10 2 10 10 2 2
left_child=1 2 3 -1 5 -4 10 8 28 -10 -6 -11 -13 15 -15 16 -12 -18 19 -17 22 23 -9 24 -22 -26 -25 -28 -8 -5
right_child=-2 -3 4 29 6 -7 7 20 9 11 13 12 -14 14 -16 18 17 -19 -20 -21 21 -23 -24 26 25 -27 27 -29 -30 -31
leaf_value=-0.00018594022774034134 -0.0081429060040911997 -0.0052457267436485256 -0.0030386121370806658 -0.0030219736169538451 0.0027264485693724284 0.0074843776037447456 -0.0048845237305672274 -0.0029766977892124111 0.013868863193431696 0.0047932341989857701 -0.002485719232865911 0.0016590140841746133 -0.0057362556546521537 0.0044519742050560963 -0.0034903946866944977 -0.0092024171060159973 -0.0044073336757362537 0.0035329911834038833 -0.0065635492206234857 -5.882305016407434e-05 -0.0011880447663640021 0.0070978196289740655 -0.011028743091058725 -0.0060183006210251053 0.0057013160360988796 -0.0019296281385765795 0.0035740861121045086 -0.0063129682170725504 0.0041858991827079311 -0.010599824014507972
leaf_weight=849.61017432808876 51.514482259750366 107.57436001300812 48.105435639619827 330.67752215266228 693.93037867546082 117.80149987339973 134.84673297405243 221.20924735069275 26.893590003252029 205.3003631234169 134.46795001626015 366.2831201851368 93.180607616901398 278.78425693511963 60.605273246765137 29.166287750005722 49.999350428581238 514.3872566819191 68.180932402610779 2418.150402545929 960.9723639190197 42.423691272735596 39.393427610397339 160.60397410392761 115.90758508443832 72.726327896118164 74.241459727287292 53.029614090919495 31.817768454551697 39.393427610397339
leaf_count=566 34 71 34 219 458 98 89 146 38 272 187 493 165 184 40 35 33 596 45 2946 1223 28 26 106 78 48 49 35 21 26
internal_value=-4.91835e-06 4.53504e-05 0.000114493 -0.00129119 0.000358985 0.00443319 0.000260258 -0.000594219 0.00105406 0.00206778 0.000783048 0.00159036 0.000159231 0.000403565 0.00303369 0.000125861 0.00180683 0.00282955 -0.000341146 -0.000167793 -0.00140706 -0.000916318 -0.00419387 -0.00115284 -0.000540348 0.00275927 -0.00359876 -0.00054552 -0.0031529 -0.00382862
internal_weight=8391.18 8339.66 8232.09 1219.68 7012.41 165.907 6846.5 2598.83 858.322 691.658 4247.67 664.764 459.464 3553.74 339.39 3214.35 698.855 564.387 2515.5 2447.32 1740.51 1479.91 260.603 1437.48 1149.61 188.634 287.875 127.271 166.665 370.071
internal_count=8389 8355 8284 811 7473 132 7341 2817 1078 968 4524 930 658 4066 224 3842 816 629 3026 2981 1739 1567 172 1539 1349 126 190 84 110 245
is_linear=0
shrinkage=0.03


Tree=103
num_leaves=31
num_cat=0
split_feature=53 55 73 74 96 54 21 54 33 88 97 16 30 76 21 37 104 14 14 17 101 13 99 58 27 12 81 15 98 95
split_gain=5.49703 4.69429 4.01712 3.8277 3.37438 3.10163 2.70283 2.5879 3.79244 3.09631 2.86181 2.57082 2.41358 2.40748 2.7329 2.29485 3.26102 2.87456 2.69685 4.3176 2.59129 2.53501 2.37656 2.20755 2.13524 2.1051 2.08319 2.0547 2.64324 3.56945
threshold=2.6750000000000003 -0.10050000000000005 2.5430821917808224 0.22669033581752771 12.836500000000003 0.65000000000000036 -0.76062965362114654 -0.049999999999999926 15.685 3.2450000000000006 165.60776869435077 -0.99214638768961005 -0.22999999999999984 3.8750000000000004 -0.56525497933495716 1.6005 0.52422145328719738 93.550000000000011 82.450000000000017 -0.51016725091371151 18.500000000000004 27.515000000000004 1.3073945605880919 0.88399558712405624 0.96500000000000008 23.270000000000003 11.910000000000002 1014.2245000000001 102.93722412506533 24.565000000000001
decision_type=2 2 2 2 2 2 8 2 10 2 10 2 2 2 8 2 2 10 10 2 2 10 2 8 2 8 8 10 10 10
left_child=1 12 6 -4 5 27 -3 8 26 -10 11 -9 -1 14 -14 17 20 18 24 -20 -17 -18 -19 -22 -13 -26 -8 -5 -29 -30
right_child=-2 2 3 4 -6 -7 7 10 9 -11 -12 15 13 -15 -16 16 21 22 19 -21 23 -23 -24 -25 25 -27 -28 28 29 -31
leaf_value=0.0044605160195605497 -0.010533151969127335 0.0094498971201226883 0.0090894925210350686 -0.00018776861768351517 0.0083971623721650623 -0.0068713173244535882 0.0055030658217207484 0.0083830207802204921 0.00059696249113646562 0.011515265705909624 0.011024294416171965 -0.01154970690602763 0.013184177518937754 -0.0011468928593343967 0.0018080965945410812 0.0080109434539219863 -5.270732575117878e-05 0.0031418099587592397 -0.00049911469905022964 0.011256978161788327 -0.0027249698648239775 0.009567063539443461 -0.0068734052332198557 -0.00072190613018514361 -0.0049678292955147923 0.0014233103936775271 0.00039186970321986633 -0.0050861696448149148 0.00085083318006334157 -0.004812353796864734
leaf_weight=240.14839524030685 45.07517197728157 27.272372961044312 28.408721834421158 442.4184947013855 27.272372961044312 119.31663170456886 75.756591558456421 29.545070707798004 40.908559441566467 54.544745922088623 19.696713805198669 12.499837607145308 19.696713805198669 293.17800933122635 541.65962964296341 28.408721834421158 51.893265217542648 30.302636623382568 53.029614090919495 59.847707331180573 606.05273246765137 46.969086766242981 71.9687619805336 2706.7830163836479 49.999350428581238 641.2795475423336 1362.861082136631 275.75399327278137 262.11780679225922 162.11910593509674
leaf_count=229 92 24 33 658 18 102 50 39 27 36 13 24 13 273 584 48 38 20 35 41 400 31 49 2856 33 808 1393 182 173 107
internal_value=-8.46969e-05 -2.85071e-05 -0.000303682 -0.00180308 -0.00204315 -0.00226881 2.72132e-05 -1.60322e-05 0.00104524 0.00683599 -0.000385353 -0.000436562 0.00180326 0.0010565 0.00220726 -0.00049634 -0.000852101 0.000835488 0.00142927 0.00573398 -0.00101098 0.00451761 -0.00390593 -0.00108835 0.000738843 0.000961047 0.000661022 -0.00178812 -0.00279959 -0.00131331
internal_weight=8426.78 8381.71 7287.03 1317.41 1289 1261.73 5969.62 5942.35 1534.07 95.4533 4408.28 4388.58 1094.68 854.534 561.356 4359.03 3440.11 918.927 816.656 112.877 3341.24 98.8624 102.271 3312.84 703.779 691.279 1438.62 1142.41 699.991 424.237
internal_count=8429 8337 7238 1273 1240 1222 5965 5941 1506 63 4435 4422 1099 870 597 4383 3373 1010 941 76 3304 69 69 3256 865 841 1443 1120 462 280
is_linear=0
shrinkage=0.03


Tree=104
num_leaves=31
num_cat=0
split_feature=55 33 80 20 15 67 60 14 92 39 13 94 72 63 94 66 90 69 19 13 98 79 16 55 92 81 23 16 9 28
split_gain=3.39448 3.70207 6.32166 4.49553 3.23066 3.19357 2.97093 5.81991 3.59386 2.9822 2.73881 2.93162 2.72037 2.60341 2.56849 2.51199 5.1147 3.74186 3.56978 3.86288 2.71651 2.42746 2.65421 2.58341 2.57514 2.50069 2.41312 2.40183 2.39963 2.88865
threshold=0.039947368421052613 11.475000000000003 10.882937931034485 -0.028270565047931431 1024.8695 -0.0098186344238976337 2.7899999999999641 56.780000000000008 12.809728373702423 0.39500000000000007 5.0235000000000012 4.4410206229829461 7.0475000000000145 0.95500000000000007 2.8338190478658403 -0.69999999999999996 0.49000000000000016 18.185000000000006 0.43271500406700164 1.3655000000000002 164.36194404020813 0.0006122732321362231 -0.315897440083241 -0.087657894736842115 11.426564013840833 11.715000000000002 1.6341287869537304 -0.099319749743639094 325.90500000000003 2.5650000000000004
decision_type=2 10 10 10 10 2 2 10 10 2 8 10 2 2 10 2 2 10 10 10 10 2 2 2 10 10 2 2 2 2
left_child=1 13 5 12 6 -3 8 -8 9 -2 -11 -12 15 -1 -10 20 17 28 -18 -20 -4 26 -23 24 -24 -25 -15 -9 29 -17
right_child=4 2 3 -5 -6 -7 7 27 14 10 11 -13 -14 21 -16 16 18 -19 19 -21 -22 22 23 25 -26 -27 -28 -29 -30 -31
leaf_value=0.0039156957750047707 -0.013472207062625748 0.0097988384699094454 -0.0016893475154794537 -0.0023460576954689419 -0.0029171543434770276 0.0033517723316741441 -0.0030350036669766624 0.0072341049008973722 -0.0098292675335773325 0.0022244352750006788 -0.00040034145252797139 -0.0050826582554563595 -0.0059440716578354558 -0.0005705130970337617 -0.0017699653005085526 -0.0056480397524467148 0.0027102810758532193 0.010116227848797392 0.0035995728447361496 -0.0025615248745470736 0.0071462373233632526 -0.0039115387942737553 0.00419419741527909 0.00088337879482373405 -0.0078098831559498703 -0.002918849562027038 0.0025189053663494717 -0.00092428361174847775 0.0055090021075010175 0.0041229362386737446
leaf_weight=122.7256783246994 15.530101269483565 86.36251437664032 309.0868935585022 369.69216680526733 496.96324062347412 346.96518933773041 110.60462367534637 157.57371044158936 62.120405077934265 339.38953018188477 2103.0029816627502 127.64985677599907 45.453954935073853 662.4913931787014 83.332250714302063 48.484218597412109 490.90271329879761 96.968437194824219 124.24081015586853 348.48032116889954 34.848032116889954 307.57176172733307 139.39212846755981 251.8906669318676 18.181581974029541 407.57046258449554 346.58640637993813 40.908559441566467 171.20989692211151 62.120405077934265
leaf_count=207 32 57 204 244 328 229 73 104 41 224 2615 94 30 891 55 32 327 64 82 230 23 623 197 542 12 269 351 27 113 41
internal_value=3.02247e-05 0.000550615 0.0013374 0.000657088 -0.000674681 0.00463668 -0.000308107 0.00247959 -0.000623608 -0.000365488 -0.000286287 -0.000668289 0.00129818 -0.000333248 -0.00521196 0.00149339 0.00207946 0.00503304 0.000918467 -0.000942262 -0.000794112 -0.00057764 -0.00153614 -0.000641931 0.00280911 -0.00146653 0.000490605 0.0055526 0.00328398 -0.000160231
internal_weight=8328.3 4791.23 2534.82 2101.49 3537.08 433.328 3040.11 309.087 2731.03 2585.57 2570.04 2230.65 1731.8 2256.41 145.453 1686.34 1342.41 378.783 963.624 472.721 343.935 2133.68 1124.61 817.035 157.574 659.461 1009.08 198.482 281.815 110.605
internal_count=8361 4768 1676 1390 3593 286 3265 204 3061 2965 2933 2709 1146 3092 96 1116 889 250 639 312 227 2885 1643 1020 209 811 1242 131 186 73
is_linear=0
shrinkage=0.03


Tree=105
num_leaves=31
num_cat=0
split_feature=97 92 15 92 57 39 55 16 21 66 100 38 35 83 13 89 84 68 70 94 14 13 58 75 71 42 12 70 16 18
split_gain=3.43026 2.99299 2.84902 2.8217 2.75052 2.78562 2.70738 2.97166 2.80321 2.67055 3.11996 3.23689 2.97316 5.21676 3.7132 4.43717 5.28458 4.16013 3.32101 4.82203 2.83307 3.20911 2.59211 2.54467 2.53148 2.50604 2.49797 2.45511 2.33022 2.28842
threshold=46.464203740823983 16.052595155709344 1001.8940000000001 5.5032871972318347 17.640000000000004 0.92500000000000016 -0.1207894736842104 0.34046154101284459 -0.49848767142220984 -0.6399999999999999 0.63781634496971373 0.6845755893889659 18.515000000000004 18.745000000000001 6.7600000000000007 2.1750000000000007 6.4329999999999936 18.490821917808223 2.0337623122152748 3.8722978281251415 73.300000000000026 9.8350000000000026 0.70623907765945304 0.36500000000000005 15.210000000000003 0.66000000000000048 280.05000000000007 2.5125929255315627 0.49082770717814922 -0.96836540075336919
decision_type=8 10 10 8 8 2 2 2 8 2 2 2 10 10 10 2 2 10 10 10 10 10 8 2 10 2 10 10 2 10
left_child=2 3 -1 -2 5 -4 7 8 -5 -8 20 12 13 22 15 27 17 18 -17 -20 21 23 28 -11 -7 -15 -21 -14 -12 -16
right_child=1 -3 4 6 -6 24 9 -9 -10 10 11 -13 14 25 29 16 -18 -19 19 26 -22 -23 -24 -25 -26 -27 -28 -29 -30 -31
leaf_value=0.0036914320941909893 0.008269483905386274 -0.0048174136481616298 -0.012071645110876708 0.01031901270870924 0.0032687810993239754 -0.00028136258707313187 -0.0018806234143808737 0.0075022679179051737 0.00091879782407307091 0.012938327697807849 -0.003765249447038003 -0.0096279723006194411 0.0043577776332922548 -0.0020434363686677717 0.0069817951407201879 0.0049193112202129746 -0.007049027074661424 -0.0080013361743401443 -0.0053774685776003407 0.011181783587410343 0.0061309107494546813 -0.0035563200210736723 0.0006584716933204734 0.0017805726834872744 -0.0027249590786458553 -0.0091016176303443854 0.00064196972099230247 0.012644751018920325 0.0018915726682724816 -0.0024478806353930237
leaf_weight=104.54409635066986 41.287342399358749 98.483569025993347 23.105760425329208 30.302636623382568 105.68044522404671 719.687619805336 504.53889977931976 85.226165503263474 493.93297696113586 18.939147889614105 234.8454338312149 30.68141958117485 81.817118883132935 683.7032388150692 25.757241129875183 333.32900285720825 57.57500958442688 31.817768454551697 83.332250714302063 33.332900285720825 129.1649886071682 104.54409635066986 2500.7250873446465 641.2795475423336 812.11066150665283 48.484218597412109 51.514482259750366 53.029614090919495 90.907909870147705 229.92125537991524
leaf_count=69 28 65 16 20 93 481 627 90 548 44 155 63 54 455 17 220 38 21 55 22 86 69 3527 757 536 32 34 35 60 154
internal_value=6.47938e-05 0.000374 -0.00111211 0.000451231 -0.00141453 -0.00173283 0.000402164 0.0023068 0.00146216 0.0002077 0.000400508 8.35015e-05 0.00014913 -0.000254035 0.00161101 0.00270628 0.0015857 0.00251786 0.00318524 -0.000251663 0.00202141 0.00132733 0.000330575 0.00210065 -0.00157688 -0.00251082 0.00478261 0.0076167 -0.0021866 -0.00149793
internal_weight=8483.6 6718.47 1765.13 6619.99 1660.58 1554.9 6578.7 609.462 524.236 5969.24 5464.7 4570.77 4540.09 3558.67 981.427 725.748 590.901 533.326 501.509 168.18 893.928 764.763 2826.48 660.219 1531.8 732.187 84.8474 134.847 325.753 255.678
internal_count=8471 7276 1195 7211 1126 1033 7183 658 568 6525 5898 4942 4879 4229 650 479 390 352 331 111 956 870 3742 801 1017 487 56 89 215 171
is_linear=0
shrinkage=0.03


Tree=106
num_leaves=31
num_cat=0
split_feature=55 80 97 21 98 93 8 95 1 13 99 82 96 90 15 61 56 19 84 92 93 93 20 50 105 57 82 84 58 45
split_gain=3.59611 4.98531 3.88874 3.27213 3.25271 2.44065 2.5229 2.4265 3.80261 2.68586 4.38517 3.60383 2.34187 2.31138 2.97088 2.60679 2.24908 2.11507 2.06123 2.46313 2.22473 2.96049 2.68683 3.92352 2.46312 4.28226 4.22975 2.36693 3.26869 2.43847
threshold=-0.062289473684210554 16.215000000000003 67.466858798444974 -0.49848767142220984 252.43633676216101 25.835000000000004 6.6450000000000005 15.005000000000001 1.0000000180025095e-35 23.665000000000003 1.1354471807381463 0.83426846470255045 10.217000000000043 -1.2049999999999998 1023.3715000000001 1.8117567567567574 6.1770675675675681 0.64565762447639818 -11.259500000000001 5.5032871972318347 19.125000000000004 18.815000000000001 -0.81375993805450619 0.24407840550877283 122.50000000000001 16.785000000000004 2.0443419543935311 -2.7930000000000059 2.2535723892236295 19.955000000000002
decision_type=2 10 8 8 10 10 2 10 2 10 2 8 2 2 8 2 10 8 2 8 10 10 8 2 2 10 10 2 10 10
left_child=3 2 7 -1 5 6 18 8 9 10 -2 -11 -9 14 -5 -15 -12 -17 -4 -20 21 22 23 -21 25 -24 -26 29 -29 -22
right_child=1 -3 4 13 -6 -7 -8 12 -10 11 16 -13 -14 15 -16 17 -18 -19 19 20 27 -23 24 -25 26 -27 -28 28 -30 -31
leaf_value=0.0066046155359343849 0.0032488155347113025 -0.0058938959902633987 0.0076959514512923138 -0.0086952255360101365 0.013151378317142606 0.0091270054279619407 -0.0077200732753090594 -0.0016917060539749511 0.010612316364708914 0.014815762470051157 -0.013385427758834518 0.0014467656630223246 0.002383851350097096 0.0057498365891298078 0.0014802147776494738 0.0021208145358883918 -0.0029203715898219866 -0.00017213757665175529 0.010938960275627841 0.004826533362837138 0.0022535782212926157 -0.0052782138583422709 -0.00014579523201186566 -0.0013107179410136434 0.00062491394082733547 -0.0046388865209928054 0.0091560066279880014 0.0024922798981959339 0.012399950994152944 -0.0082202797778452661
leaf_weight=95.832088321447372 118.18028283119202 140.90726029872894 34.848032116889954 49.999350428581238 18.181581974029541 28.78750479221344 34.469249159097672 2150.7296343445778 32.575334370136261 19.696713805198669 20.075496762990952 230.6788212954998 134.84673297405243 105.30166226625443 53.408397048711777 659.83991247415543 232.95151904225349 802.2623046040535 19.696713805198669 243.93622481822968 46.969086766242981 92.423041701316833 1794.6736540198326 152.27074903249741 331.05630511045456 213.63358819484711 62.120405077934265 296.96583890914917 33.332900285720825 34.848032116889954
leaf_count=67 78 93 23 33 12 19 40 1424 23 13 14 171 89 107 78 437 159 1062 13 161 31 61 2950 105 646 141 41 196 22 23
internal_value=1.30243e-05 -0.000312338 -0.000189025 0.0012136 0.000495947 0.000428668 0.00035483 -0.000990146 0.000620923 9.7303e-05 -0.00152227 0.00249849 -0.00145125 0.000904391 -0.00343978 0.00119099 -0.00375068 0.000862661 0.000437748 0.000361607 0.000298516 4.47507e-06 0.000178991 0.00246786 -0.000198636 -0.000623748 0.00197279 0.00236059 0.00349214 -0.00220751
internal_weight=8285.5 6518.85 6377.95 1766.64 3438.21 3420.03 3391.24 2939.73 654.158 621.583 371.207 250.376 2285.58 1670.81 103.408 1567.4 253.027 1462.1 3356.77 3321.93 3302.23 2890.11 2797.69 396.207 2401.48 2008.31 393.177 412.116 330.299 81.8171
internal_count=8332 6548 6455 1784 4484 4472 4453 1971 458 435 251 184 1513 1717 111 1606 173 1499 4413 4390 4377 4105 4044 266 3778 3091 687 272 218 54
is_linear=0
shrinkage=0.03


Tree=107
num_leaves=31
num_cat=0
split_feature=72 30 25 21 56 84 10 14 56 95 15 13 77 100 105 19 76 82 45 21 28 93 83 88 44 92 17 53 41 19
split_gain=3.3848 3.05524 3.4676 2.94839 4.10554 3.4365 2.78483 2.75247 2.72265 3.78439 4.91367 4.21495 3.48172 3.2458 3.15231 4.11313 2.6861 3.02234 2.76561 4.22559 2.63721 2.62833 2.97439 2.46104 2.45876 2.3843 2.24668 2.20929 3.34546 2.19483
threshold=8.6290000000000209 -0.36999999999999994 1.8237500000000004 0.99644152329566282 6.5177567567567571 -10.106499999999981 16.635000000000002 48.125000000000007 12.190945945945948 21.260000000000002 1013.4005000000001 14.535000000000002 1.1550000000000005 0.77168261144884454 123.50000000000001 -0.4162807922604011 1.9950000000000003 1.0797416982070203 11.345000000000001 -0.20654573375215193 2.3750000000000004 12.010000000000002 12.745000000000003 2.3950000000000005 12.721210526315792 10.933814878892736 0.97908098485095107 2.6750000000000003 1.0850000000000006 0.92040249719647549
decision_type=2 2 2 10 8 2 10 8 10 10 10 10 2 2 2 10 2 8 10 10 2 8 10 2 10 10 2 2 2 10
left_child=1 -1 6 4 -4 -6 16 -7 21 10 13 14 -11 -10 15 -12 29 23 -19 -20 -5 22 -9 -18 -17 -21 -26 28 -23 -3
right_child=-2 2 3 20 5 7 -8 8 9 12 11 -13 -14 -15 -16 24 17 18 19 25 -22 27 -24 -25 26 -27 -28 -29 -30 -31
leaf_value=0.0025992836794702695 -0.0073547265942369979 0.00022492985760620305 -0.010271308297662828 2.2729805859342515e-05 0.0075539127833129565 -0.0021694604667074776 0.013111483341688462 0.00080139643606071326 0.0035160053122689516 0.0056827250604118895 0.0058918015372623088 0.012221924445779752 -0.0010220487673993819 -0.0038588142992781972 0.0065913097861834595 -0.0043068885259441034 0.010961844201033948 4.0169059530765992e-06 0.0088185028912187036 0.003354044415418366 -0.0048101931122506107 -0.0010299977854765028 0.011512518421599746 0.0023724081347030273 0.0027473808158290083 -0.00048983893981915266 -0.00381890546618636 -0.01192440986669078 0.0063977658647405636 -0.0035607694689766419
leaf_weight=432.19135484099388 54.544745922088623 920.06380447745323 36.363163948059082 171.20989692211151 51.514482259750366 581.81062316894531 16.666450142860413 87.498863250017166 79.16563817858696 75.756591558456421 151.51318311691284 45.832737892866135 872.71593475341797 167.04328438639641 154.5434467792511 89.392778038978577 53.408397048711777 784.08072263002396 86.36251437664032 340.90466201305389 249.99675214290619 2058.306592643261 31.817768454551697 68.559715360403061 227.26977467536926 253.02701580524445 59.090141415596008 16.28766718506813 56.059877753257751 162.11910593509674
leaf_count=460 36 1028 24 113 34 384 11 78 53 50 100 40 576 111 102 59 36 1026 57 225 165 2977 21 46 150 167 39 43 136 110
internal_value=9.4351e-05 0.000142833 9.26417e-06 -0.000438304 -0.000228881 -0.000152892 0.000886534 -0.000236401 3.31566e-05 0.000862253 0.00217588 0.00341545 -0.000486524 -0.00148753 0.00282346 0.00171909 0.000810182 0.00159632 0.00121841 0.00261807 -0.00284573 -0.000675204 0.0036577 0.00613362 3.65459e-05 0.00171647 0.00139243 -0.000917847 -0.00083306 -0.000342196
internal_weight=8435.12 8380.57 7948.38 5263.19 4841.98 4805.62 2685.19 4754.1 4172.29 1922.32 973.851 727.642 948.473 246.209 681.809 527.266 2668.53 1586.34 1464.37 680.294 421.207 2249.97 119.317 121.968 375.753 593.932 286.36 2130.65 2114.37 1082.18
internal_count=8457 8421 7961 5255 4977 4953 2706 4919 4535 1280 654 490 626 164 450 348 2695 1557 1475 449 278 3255 99 82 248 392 189 3156 3113 1138
is_linear=0
shrinkage=0.03


Tree=108
num_leaves=31
num_cat=0
split_feature=27 33 90 92 76 82 83 32 95 80 85 13 21 63 55 39 32 96 14 30 51 106 90 13 84 94 91 23 85 93
split_gain=3.58721 3.63784 3.71817 3.01732 2.98465 3.77174 5.6881 2.98237 3.38743 4.44477 3.42539 3.85434 3.56498 4.29391 3.51049 3.54335 3.50409 3.35997 3.35397 3.05378 3.00582 2.92397 2.91917 3.8757 3.6481 2.90216 2.85697 2.77451 2.67892 2.52664
threshold=3.9950000000000006 17.355000000000004 2.5350000000000006 12.396730103806229 3.0850000000000004 2.5078987881177452 19.075000000000003 9.2650000000000023 13.280000000000003 9.1995176484674346 1.7084482758620692 -3.0234999999999994 0.52261609476129534 0.70500000000000007 0.092157894736842161 1.6050000000000002 11.219285714285716 11.45750000000004 96.450000000000017 0.40999999999999986 1.3450000000000004 34.500000000000007 1.2250000000000003 8.6850000000000005 6.3499999999999668 1.4717515906076106 0.052764942176026265 1.6307654199477961 2.5242413793103453 18.815000000000001
decision_type=2 10 2 10 2 10 10 8 8 10 2 8 8 2 2 2 10 2 10 2 2 2 2 10 2 8 2 2 2 10
left_child=1 2 3 7 -5 6 -6 18 9 -9 11 -10 14 21 15 -13 20 -15 19 28 -12 -14 23 -3 26 -22 -24 29 -1 -4
right_child=-2 22 27 4 5 -7 -8 8 10 -11 16 12 13 17 -16 -17 -18 -19 -20 -21 25 -23 24 -25 -26 -27 -28 -29 -30 -31
leaf_value=-0.0015536228381711249 -0.0059399380385597453 0.0071525375281039005 -0.0011996834988719175 -0.004698357754163063 0.0039697300757155825 0.0030458172717052544 -0.0028743970635116555 0.0021741479303288721 0.014249199971146924 0.014059892919490351 0.0052655211623093721 0.0091030304800803572 0.0024708667512053843 -0.0014248213377375592 -0.0012500924084987038 0.0020605901682190391 0.0030067615436195007 0.010174365661128729 0.0061134571854995576 -0.010903290786073192 -0.0060814383754317948 -0.012482010885991095 0.00015617982568606593 -0.0021521243036993283 -0.0079029863401630634 0.00032719484858695602 0.0063102263916045764 -0.018020343501406633 0.0064309150965480063 -0.0086489057634882762
leaf_weight=945.82104560732841 89.013995081186295 175.7552924156189 164.77058663964272 199.99740171432495 133.3316011428833 195.45200622081757 606.05273246765137 123.48324424028397 16.666450142860413 36.741946905851364 103.40774747729301 79.16563817858696 406.05533075332642 2037.0947470068932 226.13342580199242 342.41979384422302 786.73220333456993 22.726977467536926 54.544745922088623 30.302636623382568 68.180932402610779 12.121054649353026 268.17833411693573 52.27204817533493 39.393427610397339 945.82104560732841 90.907909870147705 11.742271691560743 39.393427610397339 54.544745922088623
leaf_count=631 70 116 252 132 88 129 400 92 11 25 147 53 673 2513 156 229 520 15 36 20 45 32 177 36 26 1609 60 31 26 36
internal_value=5.0319e-05 0.000114801 -6.53556e-05 5.14773e-05 -0.00137209 -0.000660474 -0.00164021 0.000308855 0.000605307 0.00489972 0.000468961 -0.000139455 -0.000216176 -0.000734161 0.0017655 0.00338303 0.00147302 -0.00129684 -0.00113363 -0.00152288 0.000393164 0.00203745 0.00231252 0.00501958 0.000763421 -0.000103718 0.00171417 -0.00381301 -0.00123436 -0.00305234
internal_weight=8358.22 8269.21 7642.7 7411.65 1134.83 934.836 739.384 6276.81 5206.75 160.225 5046.53 3142.38 3125.72 2478 647.719 421.585 1904.14 2059.82 1070.06 1015.52 1117.41 418.176 626.507 228.027 398.48 1014 359.086 231.058 985.214 219.315
internal_count=8386 8316 7901 7582 749 617 488 6833 6120 117 6003 3682 3671 3233 438 282 2321 2528 713 677 1801 705 415 152 263 1654 237 319 657 288
is_linear=0
shrinkage=0.03


Tree=109
num_leaves=31
num_cat=0
split_feature=14 54 86 32 15 14 54 93 60 91 79 83 14 59 44 39 103 78 76 87 86 57 70 96 89 62 94 74 37 86
split_gain=3.74823 3.95611 3.62261 3.13561 4.09445 4.45087 4.00493 3.94097 3.23814 3.11921 2.99084 4.05322 4.54215 4.25027 2.78075 2.64555 3.27996 2.66493 3.94765 2.44326 2.32835 2.24059 2.22639 2.36974 2.73756 2.22933 2.17617 2.23414 2.14758 2.07664
threshold=47.485000000000007 -0.87999999999999989 0.68131469052956384 12.762857142857145 1013.8615000000001 82.450000000000017 0.8550000000000002 20.740000000000006 -0.68200000000001626 0.00070530231459613364 0.0006122732321362231 13.380000000000001 97.15000000000002 13.225000000000003 6.802631578947369 1.5650000000000002 144.50000000000003 -0.24000000000000007 2.3850000000000002 0.33500000000000008 0.51221604237792817 16.405000000000005 1.9503562716852507 -0.76350000000002172 3.9200000000000004 0.72157360098881218 3.6923657607019371 0.71141671077196256 1.4175000000000002 0.56522864835337383
decision_type=8 2 2 10 10 10 2 10 2 2 2 10 10 10 8 2 2 2 2 2 2 10 10 2 2 2 10 2 2 2
left_child=-1 -2 3 10 9 6 7 8 20 21 15 12 13 14 -12 16 -3 -18 -19 -10 -6 -5 23 -4 -25 -24 27 28 -16 -13
right_child=1 2 22 4 5 -7 -8 -9 19 -11 11 29 -14 -15 26 -17 17 18 -20 -21 -22 -23 25 24 -26 -27 -28 -29 -30 -31
leaf_value=-0.0019416533129640058 0.0031259529130054807 -0.0047084380776553211 0.0015963048197146802 0.0065257461352917533 -0.0034087397484505516 0.00931191958031009 -0.00080463482623070401 -0.0035270763211087477 -0.0015235837214546573 -0.002504992630357293 -0.0074809189544554578 -0.001175778998342985 0.020334704208926691 0.014403800288438986 0.0044399766832130937 0.00011973969171668977 0.0011798794810352917 0.003610290787551599 0.012498952109223523 0.0058962664940113828 0.0061058443599469481 -0.00083592474394768052 -0.0044885365410720366 -0.00082684376927387362 -0.0066595191212279097 0.0018924147722102424 0.013281463810598979 0.0078643922415796257 -0.00028672512979578744 -0.0043808405517160023
leaf_weight=816.65605700016022 393.55549314618111 44.696389019489288 356.05598032474518 73.483893811702728 75.756591558456421 83.332250714302063 297.72340482473373 66.66580057144165 43.938823103904724 303.02636623382568 39.393427610397339 1178.7725646495819 10.605922818183897 19.696713805198669 96.589654237031937 754.15686896443367 185.60364931821823 165.52815255522728 61.741622120141983 439.00944808125496 33.332900285720825 75.377808600664139 263.63293862342834 1354.1490741074085 76.514157474040985 60.605273246765137 12.121054649353026 35.605598032474518 829.15589460730553 215.14872002601624
leaf_count=539 379 55 253 50 50 55 201 44 29 200 26 778 7 13 180 776 193 170 70 292 22 52 174 1715 118 40 8 91 1682 142
internal_value=-9.79321e-06 0.000196573 3.75872e-05 0.000467281 0.00162612 0.0026623 0.00208293 0.00338806 0.00416673 -0.000758046 -6.4572e-06 -0.000612088 0.000802166 0.000601539 0.000333133 0.00121162 0.00301123 0.00384694 0.00602504 0.00522121 -0.000501506 0.00279808 -0.00100877 -0.000593738 -0.00113878 -0.00329584 0.000649343 0.000490073 0.000206445 -0.00167047
internal_weight=8461.63 7644.98 7251.42 5140.46 1491.65 1039.76 956.427 658.704 592.038 451.888 3648.82 2437.09 1043.17 1032.56 1012.87 1211.73 457.57 412.873 227.27 482.948 109.089 148.862 2110.96 1786.72 1430.66 324.238 973.472 961.351 925.746 1393.92
internal_count=8404 7865 7486 5186 995 693 638 437 393 302 4191 2927 2007 2000 1987 1264 488 433 240 321 72 102 2300 2086 1833 214 1961 1953 1862 920
is_linear=0
shrinkage=0.03


Tree=110
num_leaves=31
num_cat=0
split_feature=55 61 21 83 97 61 32 47 23 69 38 2 30 63 103 17 70 60 87 86 70 20 73 14 70 59 47 68 89 54
split_gain=3.43874 3.24956 3.16576 3.11071 2.7714 2.73331 2.60764 2.51164 3.10536 2.46674 2.28751 2.22555 2.69564 2.84791 2.71116 2.34972 2.69918 3.1921 2.36306 3.89944 3.33908 3.32867 3.32626 3.11848 2.75927 2.77917 2.30188 2.23395 2.17867 2.34234
threshold=-0.059184210526315735 1.8301351351351351 -0.49848767142220984 16.960000000000004 16.270874430149401 1.7214864864864869 14.793571428571431 19.835000000000004 1.6283459961327746 16.915000000000003 0.15763177892827493 1.0000000180025095e-35 -0.28999999999999987 3.0450000000000004 138.50000000000003 -0.87018342332813392 1.307458137080922 2.8404999999999636 0.54500000000000015 0.46470609300230575 1.8207986121752928 0.13130483035570142 2.5574657534246579 57.215000000000011 1.5261366358530273 20.005000000000003 15.200000000000001 16.428424657534247 1.3650000000000004 0.4300000000000001
decision_type=2 2 8 8 8 2 10 10 2 10 2 2 2 2 2 2 10 2 2 2 10 10 2 10 10 10 8 10 2 2
left_child=2 4 -1 -4 10 -5 -7 9 -9 -6 -2 12 26 14 -14 -16 17 27 20 21 -18 -20 23 -21 25 -24 -3 -17 -11 -30
right_child=1 11 3 5 7 6 -8 8 -10 28 -12 -13 13 -15 15 16 18 -19 19 22 -22 -23 24 -25 -26 -27 -28 -29 29 -31
leaf_value=0.0064449292778266387 -0.0007311319179521276 -0.001984150173169517 0.0035654871393843218 0.010527219727525721 0.00057449910811020841 -0.00038003436958316232 0.0033609308533153678 0.00020447669879260534 0.0084756706829093587 -0.011055037467537309 -0.010841265131463577 -0.0026507785615019581 0.0034618535536935198 -0.005445398484682556 -0.0045530228986373428 0.00056750617050424154 -0.0017505756134300247 0.0099854176808140231 -0.0051525419850818304 -0.00104700130170681 -0.0085298698347221549 0.0054085880997918386 -0.0024526581061079245 0.003777562017081168 -0.0048417315863497892 0.0071416283969795635 0.0035788510215116922 -0.0089751592308703627 0.0045187903402771094 -0.0044658853610070361
leaf_weight=96.968437194824219 47.726652681827545 93.938173532485962 318.17768454551697 23.105760425329208 2647.6928749680519 1239.377837896347 193.93687438964844 84.847382545471191 78.786855220794678 27.272372961044312 34.848032116889954 560.59877753257751 133.71038410067558 118.93784874677658 150.75561720132828 774.23236572742462 215.14872002601624 31.817768454551697 236.36056566238403 209.08819270133972 93.938173532485962 30.302636623382568 71.211196064949036 284.84478425979614 165.149369597435 43.938823103904724 232.95151904225349 22.726977467536926 37.87829577922821 84.089816629886627
leaf_count=67 33 62 210 43 2853 1433 128 56 52 18 23 850 98 110 122 952 142 21 156 138 62 20 47 191 109 29 243 15 25 60
internal_value=3.32883e-05 -0.000292402 0.00116665 0.000878227 0.000423134 0.000291153 0.000126143 0.000574332 0.0041869 0.000362979 -0.00499779 -0.000919981 -0.000586441 -0.000911368 -0.00069244 -0.00093089 -0.000680262 0.000667389 -0.00150761 -0.000823647 -0.00381095 -0.00395241 0.000253971 0.00173526 -0.00235631 0.00120832 0.00198021 0.000295377 -0.00338962 -0.00167561
internal_weight=8384.36 6512.79 1871.57 1774.6 3043.14 1456.42 1433.31 2960.57 163.634 2796.93 82.5747 3469.65 2909.05 2582.16 2463.23 2329.52 2178.76 828.777 1349.98 1040.9 309.087 266.663 774.232 493.933 280.299 115.15 326.89 796.959 149.24 121.968
internal_count=8368 6487 1881 1814 3120 1604 1561 3064 108 2956 56 3367 2517 2212 2102 2004 1882 988 894 690 204 176 514 329 185 76 305 967 103 85
is_linear=0
shrinkage=0.03


Tree=111
num_leaves=31
num_cat=0
split_feature=27 15 90 84 85 21 14 60 65 75 84 75 42 33 79 84 27 41 85 73 79 19 80 99 86 21 46 1 72 48
split_gain=2.96024 2.75616 3.56127 3.78871 3.25005 3.06559 2.81261 2.67575 3.29336 3.09182 2.89322 2.87078 2.79538 2.54472 2.2667 2.2154 2.1714 3.45929 2.71793 2.58094 2.17068 2.15653 2.09785 2.02472 1.99889 2.85897 2.34088 2.107 1.97634 1.83077
threshold=1.7550000000000001 1024.8695 -1.2049999999999998 -12.356999999999969 2.5242413793103453 -0.48511470585764821 44.355000000000011 1.9375000000000002 0.74500000000000022 2.1650000000000005 -3.4969999999999568 0.44500000000000006 -0.315 18.145000000000003 0.023818493150684864 -8.0359999999999996 0.96500000000000008 1.1550000000000005 1.1441724137931037 0.8385616438356166 -0.021097741577193654 0.76182095817023709 11.810482758620692 0.85142809469892566 0.39262334197896137 0.52261609476129534 0.75698907247390157 1.0000000180025095e-35 3.1954999999999818 2.1980000000000364
decision_type=2 10 2 2 2 8 8 2 2 2 2 2 2 10 2 2 2 2 2 2 2 10 8 2 2 10 10 2 2 2
left_child=13 2 -2 -4 -3 20 28 12 -9 10 -10 -12 21 15 23 -1 -17 29 19 -19 -5 22 -8 -6 -13 -26 -27 -28 -7 -18
right_child=1 4 3 5 14 6 7 8 9 -11 11 24 -14 -15 -16 16 17 18 -20 -21 -22 -23 -24 -25 25 26 27 -29 -30 -31
leaf_value=-0.004899190064016996 -0.0062138202431226133 -0.0031737582955775755 0.016767797907992127 -0.0050745892949604909 0.0011937028074038118 -0.0016249755502361787 0.0065970883797988201 -0.0039993347829990495 -0.004823288892003709 -0.0027692135168964054 -0.002774834687476962 0.0096417096837260914 -0.00082396599131396165 0.011963739835071383 0.0049376947766743978 -0.0092962354975634244 0.00069560870804229375 0.0066317695782310672 -0.0035702049867811152 0.026115706703629085 0.0051784215211684859 -0.0020475826869290866 0.0014357124805806996 -0.0042246780678101134 0.006792434959872173 0.0064359036723708879 -0.00071449722136491861 0.006613746106557271 -0.0081399136681320934 0.0077688128167653992
leaf_weight=62.120405077934265 84.089816629886627 615.14352345466614 12.121054649353026 21.211845636367798 163.63423776626587 128.78620564937592 87.877646207809448 87.877646207809448 40.908559441566467 99.998700857162476 60.605273246765137 53.029614090919495 2644.2838283479214 18.181581974029541 78.786855220794678 18.939147889614105 2751.4794054031372 13.257403522729875 9.0907909870147687 11.363488733768461 149.99805128574371 122.7256783246994 366.2831201851368 99.998700857162476 160.98275706171989 78.786855220794678 210.60332453250885 42.423691272735596 62.120405077934265 33.332900285720825
leaf_count=41 114 406 8 14 108 85 58 58 27 66 40 35 3150 12 52 32 2800 26 15 21 114 81 589 66 113 52 139 28 41 22
internal_value=3.61621e-06 -0.000407859 -9.779e-05 1.82876e-05 -0.00186977 -2.76605e-05 -0.000186314 -1.88347e-05 0.00149431 0.0021403 0.0028987 0.00341961 -0.000411179 0.000775339 0.000472793 0.000705183 0.000827879 0.000895909 0.0104483 0.0156244 0.00390814 0.00148092 0.00243441 -0.000861545 0.00410741 0.00351186 0.00192026 0.00051419 -0.00374492 0.000780272
internal_weight=8390.04 5472.28 4514.71 4430.62 957.563 4418.5 4247.29 4056.39 835.216 747.339 647.34 606.432 3221.17 2917.77 342.42 2899.58 2837.46 2818.52 33.7117 24.6209 171.21 576.886 454.161 263.633 545.826 492.797 331.814 253.027 190.907 2784.81
internal_count=8413 5444 4812 4698 632 4690 4562 4436 558 500 434 407 3878 2969 226 2957 2916 2884 62 47 128 728 647 174 367 332 219 167 126 2822
is_linear=0
shrinkage=0.03


Tree=112
num_leaves=31
num_cat=0
split_feature=54 66 63 9 41 71 104 105 100 66 54 40 12 84 61 73 88 52 81 96 97 9 52 39 75 86 12 75 88 79
split_gain=3.42216 4.3269 3.60712 3.63866 4.97472 3.99615 4.11208 3.37539 3.29885 5.57989 3.11202 3.23878 3.09053 3.05237 3.27303 3.39458 2.78126 2.75517 2.90533 2.63915 2.61407 2.5375 2.46524 2.38461 2.37868 3.06907 2.37666 2.37419 2.27842 2.25563
threshold=0.32500000000000001 0.57500000000000007 0.83500000000000008 251.78500000000003 1.4900000000000002 19.845000000000002 0.5103806228373704 41.500000000000007 0.78539757873325089 -0.16500000000000001 -0.48000000000000004 2.6250000000000004 334.82000000000005 4.8805000000000982 3.3479729729729728 3.6634246575342466 2.5850000000000004 1.5950000000000004 20.105000000000004 -2.4555000000000287 35.249453014530722 333.49500000000006 1.9650000000000001 1.0550000000000004 0.33500000000000008 0.40537208532476865 320.47500000000008 0.76500000000000012 4.1900000000000004 -0.037699000370233292
decision_type=2 2 2 2 2 8 2 2 2 2 2 2 10 2 2 2 2 2 10 2 8 2 2 2 2 2 8 2 2 2
left_child=1 8 3 4 27 7 12 16 9 10 20 19 23 14 -10 -16 21 -11 28 22 -1 -5 -12 24 -7 -26 -25 -2 29 -19
right_child=2 -3 -4 5 -6 6 -8 -9 13 17 11 -13 -14 -15 15 -17 -18 18 -20 -21 -22 -23 -24 26 25 -27 -28 -29 -30 -31
leaf_value=-0.0031598318282051122 -0.0014019568571166014 0.0023546828466620455 -0.0015967577807563457 0.0065033797450601595 -0.013362737438440445 0.0036751834803473915 -0.0090498309116352933 -0.0069620322352095245 -0.0014776902912245423 0.012691971937856181 0.011209512201322132 -0.0035979884955782289 -0.0054441354745317881 -0.0058521765184439802 0.0079741519582218409 -0.0044876698665876182 -0.0071112100832415323 0.0071821667667266572 0.0074067430637788922 -0.00093613816717233326 0.0016047282827417702 -0.00014139541781684115 0.0012864998514494133 0.0091226293403329738 0.025611709685880356 0.0044730986690870471 0.002528567819829187 0.0080109017924551284 -0.0043475454378884837 0.0014811715463502991
leaf_weight=119.31663170456886 312.11715722084045 836.73155376315117 2063.6095540523529 83.332250714302063 30.302636623382568 15.908884227275847 18.560364931821823 56.059877753257751 828.39832869172096 21.969411551952362 30.302636623382568 390.14644652605057 21.211845636367798 125.75594198703766 68.180932402610779 27.651155918836594 31.817768454551697 67.044583529233932 81.817118883132935 904.53370320796967 788.62611812353134 136.36186480522156 87.877646207809448 81.438335925340652 17.802799016237262 9.4695739448070508 124.24081015586853 26.136024087667465 56.059877753257751 913.62449419498444
leaf_count=84 353 898 1974 55 65 42 34 43 792 25 20 382 14 83 87 37 21 60 54 963 807 90 58 56 32 16 295 27 67 879
internal_value=-8.30083e-05 0.000373291 -0.000888823 0.000625441 -0.00171786 0.002074 0.00460939 -0.000305272 5.79343e-06 0.000452603 -0.00039179 -0.00127244 0.00554811 -0.00146713 -0.000870476 0.00437845 0.00117846 0.00217083 0.00196419 -0.000385285 0.000978597 0.00237904 0.00383086 0.00648504 0.0128942 0.0182719 0.00513948 -0.000674648 0.00153467 0.00187093
internal_weight=8376.41 5348.04 3028.37 964.76 368.556 596.204 288.633 307.572 4511.31 3461.32 2320.8 1412.86 270.072 1049.99 924.23 95.8321 251.512 1140.52 1118.55 1022.71 907.943 219.694 118.18 248.86 43.1813 27.2724 205.679 338.253 1036.73 980.669
internal_count=8413 5296 3117 1143 445 698 489 209 4398 3399 2314 1423 455 999 916 124 166 1085 1060 1041 891 145 78 441 90 48 351 380 1006 939
is_linear=0
shrinkage=0.03


Tree=113
num_leaves=31
num_cat=0
split_feature=98 21 60 14 27 96 87 100 80 56 86 72 96 69 97 75 35 39 19 46 13 17 96 75 69 13 90 100 13 87
split_gain=3.04541 3.99853 3.09916 2.9204 2.77404 2.70626 2.54418 2.77249 2.91932 3.07116 2.72071 2.60168 2.55608 2.39573 2.12658 2.09202 3.12554 2.07064 2.81678 2.07367 2.05419 1.99767 2.14125 2.45994 1.96949 2.18038 2.217 1.92548 2.16981 1.91435
threshold=106.52071932011306 0.82801137811218217 5.3865000000000132 57.965000000000011 1.5350000000000004 12.836500000000003 0.20500000000000004 0.61606429355346326 13.480293103448277 12.370405405405409 0.56522864835337383 1.5024999999999979 3.7345000000000259 15.085000000000003 165.60776869435077 0.6150000000000001 15.200000000000001 3.9450000000000007 -0.8489703945716448 1.3867204292392532 7.205000000000001 0.93897423502071387 1.5335000000000039 1.5950000000000004 16.785000000000004 6.1295000000000011 0.88500000000000023 0.96996467720652346 14.385000000000003 1.385
decision_type=8 8 2 10 2 2 2 2 10 10 2 2 2 10 10 2 8 2 10 10 10 2 2 2 10 10 2 2 10 2
left_child=3 4 5 27 15 14 -5 11 9 12 -11 -8 -9 -13 29 -2 -17 18 20 21 -6 22 -20 -24 -21 26 -26 28 -1 -3
right_child=1 2 -4 6 17 -7 7 8 -10 10 -12 13 -14 -15 -16 16 -18 -19 19 24 -22 -23 23 -25 25 -27 -28 -29 -30 -31
leaf_value=-0.0020273431372205687 8.3052559667117436e-05 -0.00031036185784999432 -0.011071045288743444 0.010296263490253855 0.0092038146297446898 0.0080193722444101799 7.0549496714206241e-06 -0.00027290060734931442 -0.0051194551470558113 0.0061822689003209474 -0.0017614944900521351 0.0025134712042498919 -0.0039417913644561164 0.01008674294391227 0.010198216292454189 0.0031046852821881737 0.01346345766774981 -0.0062538778140439275 0.0022347145900804646 -0.0032375660802769911 0.002385897271337231 0.00053467849842421674 0.012430774814488841 0.0026816687180926052 0.0081950999281276346 -0.0025270537052625676 0.00077950648248507773 -0.006903277587645233 0.0043748126118054792 0.0018736536580443869
leaf_weight=878.01889616250992 42.802474230527878 3509.4241039454937 22.726977467536926 21.211845636367798 68.180932402610779 37.87829577922821 307.57176172733307 879.53402799367905 130.30133748054504 109.08949184417725 60.226490288972855 151.51318311691284 212.11845636367798 49.999350428581238 18.181581974029541 56.059877753257751 49.241784512996674 31.438985496759415 267.04198524355888 162.11910593509674 95.45330536365509 407.57046258449554 46.211520850658417 46.969086766242981 51.514482259750366 103.40774747729301 122.7256783246994 68.180932402610779 50.37813338637352 402.64628413319588
leaf_count=581 29 4786 15 14 45 25 203 585 86 72 42 100 140 33 12 37 34 26 177 107 81 269 35 31 34 69 81 45 34 625
internal_value=6.49256e-05 0.000477975 -2.43565e-05 -0.00071946 0.00177073 3.89121e-05 -3.59939e-05 -0.000151323 -0.000844475 -0.000402722 0.00335663 0.00174298 -0.000985801 0.00439255 -3.80006e-05 0.00567552 0.00794872 0.00135843 0.00153296 0.00103243 0.0052267 0.0019733 0.003601 0.00751659 -0.000610224 0.000923885 0.00297194 -0.00203729 -0.00167994 -8.5574e-05
internal_weight=8459.74 5541.59 3990.86 2918.14 1550.74 3968.13 1921.57 1900.35 1391.27 1260.97 169.316 509.084 1091.65 201.513 3930.25 148.104 105.302 1402.63 1371.19 1207.56 163.634 767.793 360.223 93.1806 439.767 277.648 174.24 996.578 928.397 3912.07
internal_count=8453 6518 5463 1935 1055 5448 1275 1261 925 839 114 336 725 133 5423 100 71 955 929 803 126 512 243 66 291 184 115 660 615 5411
is_linear=0
shrinkage=0.03


Tree=114
num_leaves=31
num_cat=0
split_feature=98 2 60 85 94 96 3 57 106 38 57 51 63 88 85 69 89 75 72 75 96 75 15 92 20 92 7 98 54 79
split_gain=3.09114 2.88449 4.39682 4.35883 3.26549 2.90159 3.42235 2.96163 2.90811 2.82374 3.17624 2.73657 2.77531 2.87826 3.20081 2.63564 2.60885 2.50532 2.46445 2.69461 2.3848 2.28476 2.28048 2.38929 2.26368 3.47117 2.23417 2.76602 2.53468 2.47486
threshold=169.437137331466 1.0000000180025095e-35 4.7930000000000073 1.3334137931034484 1.3704955136982953 11.243999999999973 2.9650000000000003 17.775000000000002 123.50000000000001 0.32545352906428304 13.805000000000001 0.65500000000000014 0.72500000000000009 2.0650000000000004 0.96355172413793111 18.815000000000001 3.3150000000000008 0.33500000000000008 3.015499999999975 2.4450000000000007 -13.28500000000008 0.44500000000000006 1019.9140000000001 8.4091405316137173 0.089763472711505782 10.209064013840832 9.4450000000000021 72.745750061312023 -0.49499999999999994 0.0036891311075671709
decision_type=10 2 2 2 8 2 2 8 2 2 8 2 2 2 2 8 2 2 2 2 2 2 10 10 10 10 2 8 2 2
left_child=1 5 3 11 -5 6 9 22 -7 26 -11 -3 16 -14 17 18 -13 -15 19 -9 -6 -2 23 -8 -23 -26 27 -1 -29 -30
right_child=21 2 -4 4 20 8 7 15 -10 10 -12 12 13 14 -16 -17 -18 -19 -20 -21 -22 24 -24 -25 25 -27 -28 28 29 -31
leaf_value=-0.0018224672683942128 -0.0031056781448339493 -0.0047010078930984113 -0.016725311037826169 0.018896638497508826 0.0099142158159601229 0.00083492004381505115 0.0038184580801853027 -0.0026619511860376402 0.0099220289594724696 -0.0034835317931924052 0.0059652169106682914 0.0077513248444188009 -0.0042023304429490869 0.020465767523270211 0.00058043194302788556 -0.0015076426193857322 -0.0066067998510559653 0.0046419952875486449 0.0078036942159280731 0.0074571681630982651 -0.0027237816209073032 0.0035698064064881158 -0.0067414348008915997 -0.0034090260592701039 0.0035579456141859927 -0.0090268914604421345 0.003292381071476128 0.0020088317901873621 0.00102138316302826 -0.00061623685661631416
leaf_weight=623.85553148388863 68.180932402610779 62.120405077934265 16.666450142860413 6.4393102824687949 13.636186480522154 78.786855220794678 51.514482259750366 81.817118883132935 53.029614090919495 40.908559441566467 147.34657058119774 98.483569025993347 82.953467756509781 13.636186480522154 166.66450142860413 461.3576425909996 12.87862056493759 26.514807045459747 59.090141415596008 33.332900285720825 924.9879829287529 444.31240949034691 137.87699663639069 204.92158016562462 45.453954935073853 34.848032116889954 198.10348692536354 670.82461825013161 1328.7706159353256 2215.1227371692657
leaf_count=414 45 143 11 5 9 52 34 54 35 27 173 215 201 36 338 531 31 58 39 22 1347 294 91 139 30 23 136 610 1237 2035
internal_value=-2.79516e-05 -0.000186444 -0.00140688 -0.0012256 -0.00239412 8.5859e-05 -6.96896e-06 -0.00158755 0.00449065 0.000304586 0.00391197 0.00115825 0.00206563 0.000518676 0.00241227 -0.000320431 0.00609086 0.0100161 0.0028231 0.000267268 -0.00254018 0.0020606 -0.00363002 -0.00195712 0.00273203 -0.0019034 0.000169753 4.19052e-05 0.000317866 -2.21687e-06
internal_weight=8404.44 7811.64 1424.98 1408.32 945.063 6386.66 6254.84 1029.91 131.816 5224.93 188.255 463.252 401.131 289.769 206.815 635.598 111.362 40.151 174.24 115.15 938.624 592.795 394.313 256.436 524.614 80.302 5036.68 4838.57 4214.72 3543.89
internal_count=8415 8023 2394 2383 1361 5629 5542 910 87 4632 200 1022 879 633 432 646 246 94 115 76 1356 392 264 173 347 53 4432 4296 3882 3272
is_linear=0
shrinkage=0.03


Tree=115
num_leaves=31
num_cat=0
split_feature=54 39 84 66 7 94 61 54 71 57 84 73 92 73 85 45 83 92 103 82 100 94 14 100 21 90 42 79 42 15
split_gain=2.77746 4.5227 3.66627 3.23548 3.43228 3.11325 2.99399 2.43233 2.76941 2.35266 2.67451 3.01402 2.8168 4.09811 2.5763 2.44239 2.67128 2.33034 2.61793 2.18882 2.15154 2.10214 2.02236 2.3239 2.19053 1.93856 1.90698 1.88403 1.96468 1.8943
threshold=1.0000000180025095e-35 1.5350000000000004 -10.106499999999981 -0.29999999999999988 7.6650000000000009 4.4139280396454614 1.9179729729729733 -0.85999999999999988 17.165000000000003 9.7450000000000028 2.2620000000000577 1.1346575342465754 10.666322562795065 1.4185616438356166 1.8332758620689658 17.055000000000003 17.515000000000004 14.093901384083045 137.50000000000003 1.6717798478302919 0.91511136079008781 2.511653426696407 94.950000000000017 0.99656911629725753 0.7499379100294985 -1.1349999999999996 0.58500000000000019 -0.068048870788596783 1.2150000000000003 1020.6625000000001
decision_type=2 2 2 2 2 10 2 2 8 8 2 2 10 2 2 10 10 10 2 10 2 10 10 2 8 2 2 2 2 10
left_child=3 9 -3 7 5 25 -6 -1 21 26 12 -12 13 22 -14 16 -15 18 -4 -13 -8 -9 23 27 -25 -5 -2 -11 29 -29
right_child=1 2 17 4 6 -7 20 8 -10 10 11 19 14 15 -16 -17 -18 -19 -20 -21 -22 -23 -24 24 -26 -27 -28 28 -30 -31
leaf_value=0.0019240575499786959 -0.00075960149837640226 0.0066869073831294376 0.0034471989508712388 -0.0047877543941320603 0.011857449862077872 -0.0043569359912008793 0.0033239920783343702 -0.0018124030289365554 -0.0020799927532792984 0.033049812873435842 -0.00032346212311226745 0.0023156882624649215 -0.0087152271648295431 0.0050314603729499285 -0.00021157283912688867 0.01466317285892022 -0.0075414917912215483 -0.0046723700832382959 -0.001244237075851397 0.01242295283292103 -0.005400753406097838 0.0020471727469791512 -0.0049242032617975509 0.0092411136962319285 0.0018434059947831623 0.0012597378094159676 -0.0099033810751653316 0.00081518726082013772 -0.0097495290944871922 -0.0037332312577816286
leaf_weight=328.0260414481163 63.635536909103394 53.029614090919495 110.98340663313866 49.620567470788956 35.605598032474518 104.54409635066986 470.06965062022209 196.96713805198669 803.39865347743034 1.5151318311691273 54.544745922088623 30.302636623382568 49.999350428581238 173.86137762665749 89.392778038978577 21.211845636367798 16.666450142860413 171.20989692211151 3020.7940883934498 53.029614090919495 26.893590003252029 357.57111215591431 60.984056204557419 43.938823103904724 199.99740171432495 1236.3475742340088 30.302636623382568 411.73707512021065 19.696713805198669 103.02896451950073
leaf_count=305 42 35 77 59 40 69 476 130 1023 4 36 20 33 234 59 14 11 113 3025 35 29 236 41 29 288 1224 20 574 43 68
internal_value=-6.32482e-05 -0.000537579 -0.00113866 0.000564961 0.00140601 0.000621649 0.00345393 -0.000394372 -0.000954416 0.00087917 0.00120327 0.00515904 0.000745725 0.00127641 -0.0032618 0.00500671 0.00393164 -0.0012643 -0.00107798 0.00874758 0.00285185 0.000676285 0.00033711 0.000748509 0.00317591 0.00102639 -0.00370921 -0.000356259 -0.000450961 -9.51658e-05
internal_weight=8388.91 4779.86 3356.02 3609.04 1923.08 1390.51 532.569 1685.96 1357.94 1423.85 1329.91 137.877 1192.03 1052.64 139.392 211.74 190.528 3302.99 3131.78 83.3323 496.963 554.538 840.898 779.914 243.936 1285.97 93.9382 535.978 534.463 514.766
internal_count=8392 4801 3250 3591 1897 1352 545 1694 1389 1551 1489 91 1398 1306 92 259 245 3215 3102 55 505 366 1047 1006 317 1283 62 689 685 642
is_linear=0
shrinkage=0.03


Tree=116
num_leaves=31
num_cat=0
split_feature=14 95 42 44 54 91 79 16 70 94 91 21 63 3 78 54 60 69 79 80 78 32 89 28 89 82 47 57 24 64
split_gain=3.21925 3.58274 3.33179 2.921 2.95186 2.83589 3.51158 3.19822 3.16489 2.77893 2.76697 2.691 2.46334 2.36789 2.33062 2.29166 2.19023 2.60333 2.17855 3.57998 3.24813 3.88648 3.93968 3.15399 2.57329 2.15904 2.32671 3.26946 2.13426 2.11733
threshold=57.375000000000007 22.100000000000005 1.0350000000000004 9.5765789473684233 0.19999999999999987 0.012896020443059656 0.075128656053313578 -0.91333186482673046 3.8691499436918284 1.7586644308472001 0.022131908360888082 -0.48511470585764821 0.57500000000000007 3.3450000000000002 1.5650000000000004 -0.99999999999999978 0.034499999999923155 16.215000000000003 0.0063518141429099806 13.250331034482761 -0.315 11.476428571428574 2.015000000000001 2.0050000000000003 1.5650000000000006 4.9758689539290515 24.565000000000001 18.155000000000005 90.164722999999995 2.6850000000000005
decision_type=8 10 2 10 2 2 2 2 10 8 2 10 2 2 2 2 2 10 2 10 2 8 2 2 2 10 10 10 2 2
left_child=1 2 3 -1 11 6 8 10 13 -9 -7 -5 14 18 -6 -11 -13 -18 20 -20 -2 23 -23 24 -22 26 27 -17 -12 -19
right_child=5 -3 -4 4 12 7 -8 9 -10 15 28 16 -14 -15 -16 25 17 29 19 -21 21 22 -24 -25 -26 -27 -28 -29 -30 -31
leaf_value=-0.0028406459695341411 0.0003647636725775531 -0.0030547432741815919 -0.0091514395585367784 0.006615402565674079 0.0093754194680707014 -0.0046964337857729422 0.0073818569335516579 0.0033182258942600941 0.0060652479744820907 0.0032738138111807406 0.015998553862299012 -0.0011438376100977061 -0.001543627199945084 -0.0052302533830785912 -0.000556296089833069 -0.00091865187926270153 0.0037297043797106608 -0.0051799036927947482 -0.0003869653718499752 0.010626586778214823 0.00014053403726151548 0.0092640639910392016 0.00057368209991573752 -0.0048179983941228303 0.0070801299225360902 -0.0059437207260954576 -0.01087213457559566 0.0021783694212014551 0.0036022230866083996 0.0012280540309627893
leaf_weight=315.90498679876328 610.97691091895103 542.41719555854797 37.87829577922821 81.817118883132935 37.87829577922821 15.530101269483565 79.16563817858696 177.27042424678802 104.16531339287758 134.84673297405243 24.999675214290619 303.02636623382568 769.68697023391724 58.711358457803726 48.484218597412109 2410.9535263478756 336.35926651954651 60.605273246765137 1020.441288292408 27.272372961044312 116.66515100002289 152.64953199028969 67.802149444818497 60.605273246765137 81.817118883132935 69.696064233779907 19.696713805198669 351.51058483123779 24.999675214290619 198.10348692536354
leaf_count=210 683 358 25 54 25 32 89 138 74 143 48 200 508 62 32 3197 222 40 1245 18 77 229 95 40 54 46 13 232 45 133
internal_value=-2.75138e-05 -0.000871985 -0.000331298 -0.000176041 0.000282444 0.000383774 0.00116946 -0.000195306 0.000955731 -0.000331172 0.00636473 0.00140677 -0.00100456 0.00071347 0.00379972 -0.000547776 0.000932263 0.00198947 0.000876672 -0.000100279 0.00181528 0.00366336 0.00659125 0.00117209 0.00300113 -0.000728475 -0.000597828 -0.00052457 0.00980039 -0.000273078
internal_weight=8341.94 2732.16 2189.74 2151.87 1835.96 5609.78 2380.27 3229.5 2301.11 3163.97 65.5295 979.912 856.049 2196.94 86.3625 2986.7 898.094 595.068 2138.23 1047.71 1090.52 479.539 220.452 259.088 198.482 2851.86 2782.16 2762.46 49.9994 258.709
internal_count=8367 1807 1449 1424 1214 6560 2666 3894 2577 3769 125 649 565 2503 57 3631 595 395 2441 1263 1178 495 324 171 131 3488 3442 3429 93 173
is_linear=0
shrinkage=0.03


Tree=117
num_leaves=31
num_cat=0
split_feature=27 54 84 66 81 33 81 72 33 21 75 16 106 86 45 7 88 65 103 43 105 56 87 68 89 44 14 92 84 93
split_gain=3.57323 3.06724 3.52384 3.28678 3.30273 2.66522 2.56092 2.89303 2.55418 2.42893 2.74933 2.53341 2.41742 3.00385 2.36093 2.20988 3.06416 2.1943 3.3347 3.07308 2.26414 2.97385 2.37981 2.24176 2.38593 2.25226 2.83101 2.2403 2.91766 2.3912
threshold=1.7450000000000003 0.090000000000000205 -12.356999999999969 0.64500000000000002 20.105000000000004 9.0550000000000015 17.805000000000003 1.797499999999957 12.675000000000002 0.84502851712896965 0.45500000000000007 -0.82658973653750667 130.50000000000003 0.68131469052956384 17.145000000000003 7.6050000000000013 3.6750000000000003 1.5200000000000005 138.50000000000003 -0.043818181818181375 63.500000000000007 12.318648648648653 0.82500000000000007 13.559041095890413 2.3550000000000009 8.3885526315789498 56.455000000000005 11.770105247981547 3.7354999999999454 18.730000000000004
decision_type=2 2 2 2 10 8 10 2 10 10 2 2 2 2 10 2 2 2 2 2 2 10 2 10 2 8 10 10 2 10
left_child=8 3 -3 4 5 -2 7 -7 -1 10 -10 -11 13 17 -8 16 -5 18 -4 -19 22 -22 -20 25 -25 -21 -27 28 29 -23
right_child=1 2 12 15 -6 6 14 -9 9 11 -12 -13 -14 -15 -16 -17 -18 19 20 23 21 27 -24 24 -26 26 -28 -29 -30 -31
leaf_value=0.00037239429469493519 -0.0053632015803068448 0.016150092375226861 0.0043423450618492931 0.002290320953275686 0.0023316130395587618 -0.00023323991497390938 -0.0028002999533609341 0.0036835666071738655 -0.0025667320017785183 -0.0069106003849950803 0.0066476149248139863 0.0018707779834046976 -0.005242075728799608 -0.002502513435139026 0.0019603904149000212 0.0059851026191741971 -0.010318032300074107 0.0085654750167869463 -0.0023392404495130507 -0.0089405626481792195 -0.0020905198423000096 0.0034922638874696614 -0.010187154085091018 -0.0084768501533794473 0.00013589545103296678 0.00013921182541839561 0.0057832726270577294 -0.0010690772074306016 0.010638520273992227 -0.0057949161792132508
leaf_weight=2180.6534880101681 101.5138326883316 10.605922818183897 99.241134941577911 170.07354804873466 412.11585807800293 930.66972729563713 504.53889977931976 207.57306087017059 34.848032116889954 31.817768454551697 178.02799016237259 418.17638540267944 125.75594198703766 828.01954573392868 115.15001916885376 139.01334550976753 19.317930847406387 47.726652681827545 478.78165864944458 16.666450142860413 422.34299793839455 141.28604325652122 37.499512821435928 43.938823103904724 84.847382545471191 203.40644833445549 131.81646931171417 163.63423776626587 42.423691272735596 30.302636623382568
leaf_count=2454 67 7 67 179 272 1338 333 137 23 21 119 276 149 881 76 157 24 51 430 11 455 94 36 29 59 357 90 108 28 20
internal_value=4.46123e-06 -0.000441383 -0.00111073 0.000307344 -9.82258e-05 -0.00063676 -0.000363826 0.00048104 0.000868118 0.00249891 0.00513922 0.00124987 -0.00117391 -0.000989346 -0.00191567 0.00311265 0.00100427 -0.000344806 -0.000960629 0.00130489 -0.00136045 -0.000360907 -0.00290926 0.000583985 -0.00280257 0.00182341 0.00235857 0.00157341 0.00359387 0.00185214
internal_weight=8351.79 5508.26 2908.3 2599.97 2271.56 1859.45 1757.93 1138.24 2843.52 662.87 212.876 449.994 2897.69 2771.93 619.689 328.405 189.391 1943.91 1415.51 528.402 1316.27 799.99 516.281 480.676 128.786 351.889 335.223 377.647 214.012 171.589
internal_count=8348 5455 2872 2583 2223 1951 1884 1475 2893 439 142 297 2865 2716 409 360 203 1835 1238 597 1171 705 466 546 88 458 447 250 142 114
is_linear=0
shrinkage=0.03


Tree=118
num_leaves=31
num_cat=0
split_feature=54 82 91 16 39 32 90 106 51 95 64 64 69 85 78 16 106 21 90 82 57 32 82 19 48 13 48 75 32 16
split_gain=2.98987 3.21615 2.91529 3.10644 2.50321 2.43909 2.66528 2.42039 3.05013 3.1494 2.54438 2.29122 3.72112 3.38108 4.7438 3.04145 2.52514 2.72495 2.64219 2.42208 2.25382 3.21968 2.15233 2.3018 2.21069 3.20526 2.14992 2.13944 2.1203 2.11004
threshold=-0.050000000000000148 1.0797416982070203 0.038097443783834416 -0.88417342385248776 0.39500000000000007 15.663571428571432 0.75500000000000023 130.50000000000003 2.2950000000000004 20.665000000000003 2.9550000000000005 2.2650000000000001 18.235000000000003 1.238793103448276 2.2350000000000008 -0.92980860373494434 45.500000000000007 -0.16513367425889061 0.2100000000000001 1.2881741547653804 16.690000000000001 15.013571428571431 2.108508187785302 0.99051425975113383 -0.47750000000002041 4.9595000000000011 2.0074999999999936 1.135 15.725000000000001 -0.99214638768961005
decision_type=2 8 2 2 2 10 2 2 2 10 2 2 10 2 2 2 2 10 2 8 10 10 10 10 2 10 2 2 10 2
left_child=1 -1 4 -4 -2 -3 -7 8 11 10 -10 12 16 14 15 -13 20 18 27 -15 21 26 29 24 -24 28 -6 -18 -26 -21
right_child=2 5 3 -5 7 6 -8 -9 9 -11 -12 13 -14 19 -16 -17 17 -19 -20 22 -22 -23 23 -25 25 -27 -28 -29 -30 -31
leaf_value=0.0049423114181566651 -0.011854891577121449 0.00030064985144662642 0.0074590902297651182 -0.0023808976228690245 -0.00019456405949474639 0.010012430429005672 0.0017714680964747882 -0.003507656910327824 0.015803560193418251 0.00053217719545827164 0.0044743964058597983 0.015949263471239494 0.010621561046609877 0.0022593074006524777 -0.0049937354079303718 0.0024594740743926324 0.0084664946302356256 0.0012288847911791285 0.016223406497791647 0.021184949379209679 -0.0044436901500920448 0.011333149147074704 0.0019070161942631265 0.0069909347797420373 -0.0019399735947047254 -0.0046286122654599568 0.0070335665885425287 -0.0045311155930759656 0.0055269459085542094 -0.0039263448933591653
leaf_weight=155.30101269483566 16.28766718506813 2882.5383087992668 29.923853665590286 823.4741502404213 1663.614750623703 46.969086766242981 142.42239212989807 176.89164128899574 20.833062678575516 246.96648848056793 124.24081015586853 15.908884227275847 31.817768454551697 115.15001916885376 81.438335925340652 276.13277623057365 32.954117327928543 242.42109298706055 23.105760425329208 3.0302636623382559 103.40774747729301 22.726977467536926 128.78620564937592 30.302636623382568 87.877646207809448 255.67849650979042 37.87829577922821 17.424016058444977 56.059877753257751 488.63001555204391
leaf_count=104 37 2987 46 803 1734 31 94 200 28 163 160 21 21 76 131 330 48 160 49 8 69 15 85 20 58 174 25 40 37 618
internal_value=1.42368e-05 0.000730271 -0.000434206 -0.00203586 -0.000116301 0.000517332 0.00381523 -7.16633e-05 7.63497e-05 0.00259302 0.0061013 -0.000189279 0.000437432 -0.00107513 0.0014089 0.00319433 0.000286263 0.00276291 0.00782362 -0.00187111 -0.000141825 0.000116173 -0.00232393 -0.00104999 -0.00151112 -0.0026127 -3.36529e-05 0.00397108 0.000968195 -0.00377158
internal_weight=8380.19 3227.23 5152.96 853.398 4299.57 3071.93 189.391 4283.28 4106.39 392.04 145.074 3714.35 2175.35 1539 373.48 292.042 2143.53 315.905 73.4839 1165.52 1827.63 1724.22 1050.37 558.705 528.402 399.616 1701.49 50.3781 143.938 491.66
internal_count=8372 3216 5156 849 4307 3112 125 4270 4070 351 188 3719 2161 1558 482 351 2140 297 137 1076 1843 1774 1000 374 354 269 1759 88 95 626
is_linear=0
shrinkage=0.03


Tree=119
num_leaves=31
num_cat=0
split_feature=20 40 63 55 19 7 67 49 98 82 7 49 75 87 16 87 15 100 55 83 87 76 76 82 33 15 63 85 106 92
split_gain=2.51323 3.16175 3.104 3.34887 3.15834 3.0687 2.70472 3.73282 2.64322 2.92994 2.71777 2.37395 2.47098 2.29809 2.29646 2.75429 2.69809 2.20258 2.6763 2.363 2.77134 2.33165 3.17697 2.20503 2.44417 2.06252 2.01855 1.98322 2.97786 2.92016
threshold=-0.12775704858859274 1.5250000000000001 1.0950000000000004 0.072842105263158041 -0.99155801187845027 9.6650000000000009 -0.02546941678520635 1.8450000000000002 93.517412667537172 3.9609433772552078 7.6550000000000011 2.9626315789473687 1.0450000000000002 0.24500000000000002 -0.95975627715712675 1.8050000000000004 1000.8040000000001 0.78539757873325089 0.13639473684210526 24.565000000000001 0.37500000000000006 3.8450000000000002 3.2050000000000005 2.5229193765109419 17.455000000000002 1019.9140000000001 0.83500000000000008 2.1195517241379318 52.500000000000007 11.464269896193773
decision_type=10 2 2 2 8 2 2 2 10 10 2 2 2 2 2 2 8 2 2 10 2 2 2 10 10 10 2 2 2 10
left_child=2 -2 3 5 -5 -1 7 25 14 17 -11 12 26 -8 15 -4 -16 18 21 20 -19 22 -10 24 -23 -3 -6 28 -18 -29
right_child=1 6 8 4 11 -7 13 -9 9 10 -12 -13 -14 -15 16 -17 27 19 -20 -21 -22 23 -24 -25 -26 -27 -28 29 -30 -31
leaf_value=0.0029838674428526507 0.0095189094705814461 0.0068433447283718493 0.012009442384848619 0.013463689453646737 0.00079717291781211425 0.012496887221237964 0.0034740139371996987 -0.0012841881949371468 0.0014216888729270769 -0.0056889938400190351 0.0036308229975674186 0.010795006294135562 0.0096632676551762359 -0.0019959931917614654 0.011081524521355907 -0.0038998806230742277 -0.000827689091004052 -0.0047012499826537052 -0.0068169317919584138 -0.0056179029158127027 0.00067739154453446641 -0.0025664930908590872 0.005061455635975356 0.0036685432082522954 0.0045025916059554909 0.0009663810225727812 -0.0023034199595475587 0.0017924045977360447 -0.0038724155435482677 -0.0017817568353490996
leaf_weight=412.87342399358749 25.757241129875183 104.54409635066986 26.514807045459747 16.666450142860413 588.24993345141411 32.954117327928543 72.726327896118164 321.20794820785522 684.83958768844604 116.66515100002289 37.120729863643646 18.939147889614105 23.48454338312149 1395.8151994645596 16.666450142860413 15.530101269483565 979.15394589304924 95.45330536365509 33.332900285720825 68.180932402610779 890.89751672744751 259.08754312992096 315.14742088317871 104.54409635066986 53.029614090919495 110.60462367534637 278.40547397732735 442.03971174359322 410.22194328904152 384.84348511695862
leaf_count=532 17 69 70 11 842 36 48 218 452 77 29 26 29 934 11 41 1475 63 22 45 588 171 208 69 35 73 303 909 663 254
internal_value=-7.12051e-06 -0.000925011 0.000288512 0.00155093 0.000522206 0.00368704 -0.00105919 0.000764092 -6.24713e-05 0.00057993 -0.00343938 0.000284945 6.1327e-05 -0.0017251 -0.000813117 0.00613303 -0.000943909 0.00082673 0.00158544 -0.000216492 0.000156878 0.00178314 0.00256877 -0.000102364 -0.00136544 0.00382209 -0.000198865 -0.00103434 -0.00172666 0.000128938
internal_weight=8335.5 2030.66 6304.84 1371.57 925.746 445.828 2004.9 536.357 4933.27 2658.3 153.786 909.079 890.14 1468.54 2274.97 42.0449 2232.93 2504.51 1449.98 1054.53 986.351 1416.65 999.987 416.661 312.117 215.149 866.655 2216.26 1389.38 826.883
internal_count=8320 1359 6961 1779 1211 568 1342 360 5182 1759 106 1200 1174 982 3423 111 3312 1653 957 696 651 935 660 275 206 142 1145 3301 2138 1163
is_linear=0
shrinkage=0.03


Tree=120
num_leaves=31
num_cat=0
split_feature=55 66 82 15 58 87 41 92 60 16 94 94 96 104 60 79 66 96 32 13 28 62 21 17 42 106 100 32 59 104
split_gain=3.02083 3.3384 3.80422 2.60584 2.5153 2.46495 2.48124 2.231 2.78238 2.47327 3.56213 3.12506 2.48386 2.37907 2.18207 2.18028 3.55176 2.70584 2.70135 2.69016 2.38469 2.34955 2.14313 2.51783 2.0254 3.02761 2.4029 1.97091 1.94381 1.91597
threshold=0.039947368421052613 0.57500000000000007 4.9758689539290515 1024.8695 0.85777561449999695 0.22500000000000003 2.0550000000000002 13.183614186851214 1.2435000000000971 -0.6039733330186684 2.4779138669876906 3.0643462404966448 -13.977499999999962 0.52076124567474058 -1.1479999999999675 0.0053874352511221356 -0.13999999999999999 -3.1050000000000177 10.982142857142859 9.0850000000000026 1.9350000000000003 0.10890281189893862 0.96190844929817498 -0.33602697599732417 1.2450000000000003 12.500000000000002 0.99999970148996653 14.101428571428574 13.425000000000002 0.5103806228373704
decision_type=2 2 10 10 10 2 2 10 2 2 8 8 2 2 2 2 2 2 8 10 2 2 10 2 2 2 2 10 10 2
left_child=1 15 4 5 -3 14 7 9 -9 10 -7 -12 -13 24 -2 16 17 19 20 -1 -18 -20 23 -14 26 -26 -11 28 -6 -16
right_child=3 2 -4 -5 27 6 -8 8 -10 13 11 12 22 -15 29 -17 18 -19 21 -21 -22 -23 -24 -25 25 -27 -28 -29 -30 -31
leaf_value=0.0097118248437698448 -0.01137793790908734 0.00055855471731225978 -0.0064403639668015756 -0.0026584435514467831 0.0095111146720263696 -0.0046958434433488549 -0.01019986502878374 -0.0079696973140318886 0.00084644093848141016 -0.00086011065609118602 0.0089297615463802636 0.011602969558549479 -0.008997145812907897 0.0039089257640004468 0.0045414641261894827 -0.00048846145936279545 0.0027431307622804916 -0.00018907971027568867 0.013256314899416602 0.0012310729041356977 -0.0037139485506419746 0.004111576553680594 -0.0030034080943424106 0.0030186320411312128 0.013822913079798809 -0.0031947540744692231 -0.0082041031427164957 0.0071064308922590804 0.0019473868334197622 -0.0068479184180456378
leaf_weight=49.999350428581238 9.0907909870147687 246.96648848056793 40.908559441566467 472.72113132476807 34.848032116889954 69.696064233779907 23.48454338312149 75.756591558456421 56.059877753257751 2021.5646457374096 60.605273246765137 21.211845636367798 16.666450142860413 97.726003110408783 173.86137762665749 1954.5200622081757 160.60397410392761 1474.6020546853542 28.029938876628876 103.02896451950073 75.756591558456421 258.3299772143364 89.392778038978577 269.31468299031258 20.454279720783234 17.424016058444977 40.908559441566467 151.89196607470512 249.61796918511391 14.393752396106718
leaf_count=33 6 460 27 312 23 46 47 50 37 2061 40 14 41 69 285 1962 106 1460 23 68 50 277 59 405 30 16 45 101 167 20
internal_value=7.96631e-05 0.000568066 0.00244595 -0.000584654 0.00297794 -0.00026612 -0.000488357 -0.000408523 -0.00422031 -0.000224133 0.0016219 0.002585 0.00161541 -0.000666633 0.00297743 0.000236747 0.000895911 0.000204963 0.00304736 0.00400201 0.000673554 0.0050067 0.00105103 0.00231837 -0.000879527 0.00599479 -0.00100578 0.00434725 0.00287397 0.00367065
internal_weight=8379.44 4829.1 724.233 3550.33 683.324 3077.61 2880.27 2856.78 131.816 2724.96 526.887 457.191 396.586 2198.08 197.346 4104.87 2150.35 1627.63 522.72 153.028 236.361 286.36 375.374 285.981 2100.35 37.8783 2062.47 436.358 284.466 188.255
internal_count=8340 4757 778 3583 751 3271 2960 2913 87 2826 605 559 519 2221 311 3979 2017 1561 456 101 156 300 505 446 2152 46 2106 291 190 305
is_linear=0
shrinkage=0.03


Tree=121
num_leaves=31
num_cat=0
split_feature=53 27 102 40 94 72 98 21 34 72 95 94 0 100 14 100 17 40 7 52 15 30 87 20 94 48 82 53 48 82
split_gain=2.67924 2.66148 2.79059 2.79792 2.90406 2.56322 2.26468 3.31199 2.80191 2.55335 3.09458 2.95837 2.98817 2.52912 2.39982 2.37929 2.20337 3.26997 3.02744 2.59685 2.47887 2.54801 2.49292 2.3443 2.32074 2.00296 1.9682 2.2543 1.96568 2.6955
threshold=2.6750000000000003 3.9950000000000006 26.000000000000004 4.285000000000001 4.0768342433933737 8.6290000000000209 107.66377461695232 -0.23098380779199548 0.57930168858052722 3.3129999999999318 15.075000000000001 3.4722740697403074 1.0000000180025095e-35 0.76337550180518987 43.550000000000004 0.65208671706264498 -0.15583104335483303 2.9150000000000005 8.1750000000000025 1.6450000000000002 1026.4880000000003 -0.7599999999999999 1.5650000000000002 0.22035687898051406 1.3874457239144611 1.701000000000022 3.1489208714498877 1.2950000000000006 1.3199999999999934 5.4931508252970094
decision_type=2 2 2 2 8 2 8 8 10 2 10 10 2 2 8 2 2 2 2 2 10 2 2 10 8 2 10 2 2 10
left_child=1 2 -1 5 -5 6 9 8 -8 10 11 12 -4 -12 25 -14 17 18 26 23 21 -21 -22 -18 -23 -9 27 -16 29 -26
right_child=-2 -3 3 4 -6 -7 7 14 -10 -11 13 -13 15 -15 16 -17 19 -19 -20 20 22 24 -24 -25 28 -27 -28 -29 -30 -31
leaf_value=0.0077096594082616474 -0.0069848400348396745 -0.0052935668067378514 0.0087164961354817654 0.010377597567538609 0.00069418270443364033 -0.0065522997087907502 0.012222577555582165 -0.0018581564936768959 0.0022744220850916064 0.001513394409197726 -0.00088659452679229922 0.0088530548989643621 0.0058928735629335096 -0.0032206336163462055 -0.0017584564639637919 -0.000849053347210757 0.0030601134925762907 -0.008988419310661756 0.0069417913874350642 0.023116138256325979 -0.0027235673088759431 0.0080578597152890889 0.005392655234166076 0.014598330420008203 0.00030500268728291972 -0.010470770452380346 0.0019450856285383933 -0.014653508429228444 0.0021516576447602109 -0.0086954537389149923
leaf_weight=42.423691272735596 49.999350428581238 85.226165503263474 35.226815074682236 46.969086766242981 68.559715360403061 54.544745922088623 27.272372961044312 122.7256783246994 387.87374877929688 410.6007262468338 1263.6199471950531 37.87829577922821 51.514482259750366 624.23431444168091 510.97821006178856 551.12920358777046 123.48324424028397 45.832737892866135 43.560040146112442 4.5453954935073844 337.87439835071564 37.499512821435928 37.87829577922821 18.181581974029541 2551.10322073102 30.302636623382568 139.39212846755981 12.499837607145308 565.90173894166946 30.302636623382568
leaf_count=28 93 69 24 37 82 36 27 81 256 274 834 25 34 412 794 369 158 52 79 9 223 27 25 12 3744 20 92 33 378 20
internal_value=-6.11051e-05 -1.9392e-05 3.5332e-05 -4.51064e-06 0.00463105 -7.09882e-05 -2.68058e-05 0.000361401 0.00292795 -0.000682981 -0.00103476 0.000707398 0.000223689 -0.00165836 0.000130378 -0.000272748 0.000257152 -0.00122317 -0.000719371 0.000557574 0.000399288 0.000670814 -0.0019054 0.00454095 0.00063878 -0.00356362 -0.00122282 -0.00206637 0.000550383 0.000199348
internal_weight=8349.13 8299.13 8213.91 8171.48 115.529 8055.96 8001.41 5027.21 415.146 2974.2 2563.6 675.749 637.871 1887.85 4612.06 602.644 4459.03 752.263 706.43 3706.77 3565.11 3189.35 375.753 141.665 3184.81 153.028 662.87 523.478 3147.31 2581.41
internal_count=8347 8254 8185 8157 119 8038 8002 6030 283 1972 1698 452 427 1246 5747 403 5646 1050 998 4596 4426 4178 248 170 4169 101 919 827 4142 3764
is_linear=0
shrinkage=0.03


Tree=122
num_leaves=31
num_cat=0
split_feature=27 71 56 16 2 30 76 81 9 90 72 46 21 68 77 104 33 93 88 105 15 79 51 16 53 65 60 21 96 105
split_gain=2.88388 3.8588 3.58078 3.0317 4.03823 3.37947 3.33726 3.91142 3.41918 3.32816 3.32106 3.25955 3.64574 3.21315 2.91187 2.52398 2.49728 2.75141 2.65713 3.42803 2.64627 2.45959 2.36664 2.33538 2.8631 2.26524 2.73798 2.21892 3.07301 2.7729
threshold=1.8250000000000004 21.805000000000003 12.242135135135136 -0.94909439586795796 1.0000000180025095e-35 -0.29499999999999998 2.4150000000000005 19.995000000000001 337.78500000000003 1.9150000000000003 3.84899999999999 0.88446259495302371 0.99455830694672631 16.866643835616447 3.3050000000000006 0.52422145328719738 17.385000000000002 18.815000000000001 4.0850000000000009 130.50000000000003 1018.7495000000001 0.034112365790447949 1.5250000000000001 -0.33207881764976616 2.6750000000000003 1.6050000000000004 4.7930000000000073 0.77510990046727124 -0.202000000000055 59.500000000000007
decision_type=2 10 8 2 2 2 2 10 2 2 2 8 10 10 2 2 10 10 2 2 10 2 2 2 2 2 2 10 2 2
left_child=1 -1 15 9 5 -5 8 23 21 22 -9 -7 13 16 -15 -2 17 18 19 27 -18 -6 -4 25 -25 -8 -27 28 -13 -29
right_child=2 -3 3 4 6 11 7 10 -10 -11 -12 12 -14 14 -16 -17 20 -19 -20 -21 -22 -23 -24 24 -26 26 -28 29 -30 -31
leaf_value=0.00056983387979870996 -0.0019520874556688658 0.012972915989862034 0.010327486595736927 0.0035157468143171946 0.0085456734678195905 0.0024734138406958765 -0.0066845755355976668 0.0047513648008450822 0.019063537678453171 0.013087217399155606 -0.0039653251691666421 0.0048378022437155681 -0.0057053772775330618 -0.0091833840542943929 0.0016048512972918966 0.0042231611983006402 -0.00075062828409032747 -0.0023358708853495743 -0.0039945858472861364 0.0047203354024072299 0.0051531720497911835 -0.0030243897209753421 -0.0062368708184307601 0.0014681355347561556 -0.013499700548191272 -0.00099335212751634609 -0.013283927107364077 -0.0068369844760479363 -0.00025879944879065697 0.00074618125160249931
leaf_weight=3385.1832937896252 1450.3599453866482 22.726977467536926 12.121054649353026 294.69314116239548 26.514807045459747 429.16109117865562 252.26944988965988 103.02896451950073 11.363488733768461 33.332900285720825 63.635536909103394 143.9375239610672 110.60462367534637 63.635536909103394 34.848032116889954 62.120405077934265 114.3924532532692 422.72178089618683 104.16531339287758 184.0885174870491 169.69476509094238 43.938823103904724 21.59062859416008 107.57436001300812 12.87862056493759 158.7100593149662 18.181581974029541 81.817118883132935 409.08559441566467 92.423041701316833
leaf_count=3414 958 15 26 295 46 284 384 68 30 61 42 95 73 42 23 41 77 279 224 282 112 107 57 233 34 281 12 54 669 61
internal_value=-2.13311e-05 0.000652549 -0.000477634 4.68714e-05 -7.57958e-05 0.000486635 -0.001947 -0.00260265 0.00379294 0.00636527 0.00142317 0.000108482 -0.000417007 -9.57666e-05 -0.00536601 -0.00169846 0.000205589 -0.000302112 0.000544466 0.00106327 0.00277591 0.00132994 -0.000281147 -0.00382344 -0.000132199 -0.00485946 -0.00225662 0.000137573 0.00106771 -0.00281461
internal_weight=8440.8 3407.91 5032.89 3520.41 3453.36 2655.27 798.096 716.279 81.8171 67.0446 166.665 2360.58 1931.41 1820.81 98.4836 1512.48 1722.33 1438.24 1015.52 911.352 284.087 70.4536 33.7117 549.614 120.453 429.161 176.892 727.263 553.023 174.24
internal_count=8379 3429 4950 3951 3807 2570 1237 1054 183 144 110 2275 1991 1918 65 999 1853 1664 1385 1161 189 153 83 944 267 677 293 879 764 115
is_linear=0
shrinkage=0.03


Tree=123
num_leaves=31
num_cat=0
split_feature=72 55 92 15 13 20 89 100 98 45 81 90 57 65 52 20 16 80 70 45 46 57 44 48 15 16 45 19 71 103
split_gain=2.85765 2.27945 2.53625 2.81302 3.7199 3.3558 2.8386 4.10048 2.75457 2.60408 2.58419 2.55487 5.8265 2.59154 2.38335 2.35843 2.3146 2.30033 2.27696 2.65221 2.51281 2.43638 3.50884 3.24274 2.88782 2.69451 2.29901 2.27177 2.1948 3.61309
threshold=8.6290000000000209 -0.10418421052631575 12.809728373702423 1026.2110000000002 5.3430000000000009 0.11580398083580511 3.9200000000000004 0.82260501566295974 153.17091180662541 19.925000000000004 13.105000000000002 1.0450000000000006 17.685000000000006 1.0350000000000004 1.8050000000000004 -0.93304766097701386 -0.44908509742811831 14.264286206896552 3.7678826683256559 19.080000000000002 1.3007348170626674 16.025000000000002 12.550263157894738 -0.86650000000003036 1012.1485000000001 -0.39450330238086712 17.105000000000004 0.95834749818019227 13.380000000000001 136.00000000000003
decision_type=2 2 10 10 8 10 2 2 10 10 10 2 10 2 2 10 2 10 10 10 10 10 10 2 10 2 10 10 10 2
left_child=1 16 3 4 5 8 9 -8 -3 18 -5 12 13 -4 -7 -10 -1 -14 19 21 -20 22 28 24 -23 -24 -25 -18 29 -6
right_child=-2 2 11 10 6 14 7 -9 15 -11 -12 -13 17 -15 -16 -17 27 -19 20 -21 -22 23 25 26 -26 -27 -28 -29 -30 -31
leaf_value=-0.00095807666745737895 -0.007087403867062564 0.0016277145518194401 0.0021797674680399315 0.0026890410630656097 -0.010745433166815505 0.0049777860948335964 -0.0024712440343876607 -0.025469033844388526 -0.00028626645874533981 -0.007467336398699371 -0.0030345776771965923 -0.0037380779824280471 0.012612490934194564 -0.0035514297547954172 -0.0045621822779486872 0.0073562091192490653 0.0028003403226889443 0.0030055707622099496 0.0083249625298181962 0.0094901326165591493 3.1418547681230286e-05 -0.0020755073791535838 0.00737991859140248 -0.0044212449614690012 0.0066581734491428721 0.0014662273344069839 -1.1355818680414082e-05 -0.002500863615715524 -0.00096664120867704067 0.000648534158440391
leaf_weight=287.8750479221344 51.514482259750366 612.11325979232788 93.938173532485962 84.847382545471191 25.378458172082901 30.302636623382568 26.514807045459747 9.4695739448070508 46.969086766242981 42.423691272735596 434.84283554553986 340.90466201305389 30.302636623382568 290.90531158447266 106.05922818183899 160.60397410392761 656.80964881181717 86.36251437664032 61.362839162349701 25.757241129875183 70.832413107156754 69.696064233779907 87.877646207809448 337.87439835071564 66.66580057144165 328.78360736370087 155.30101269483566 81.817118883132935 1736.3410785198212 1923.0810767114162
leaf_count=313 34 404 62 56 34 20 67 25 31 28 287 225 20 192 70 106 654 57 42 17 49 46 58 226 44 217 107 54 1146 3679
internal_value=-4.33974e-05 2.58497e-07 -0.000186222 1.61742e-05 0.000201846 0.0019155 -0.000127975 -0.00852329 0.00264044 -6.67139e-05 -0.00210011 -0.00173423 -0.000372089 -0.00215248 -0.00244219 0.00562689 0.00132379 0.00550087 -2.49523e-06 -0.000110426 0.00388114 -0.000162694 0.000104027 -0.0019004 0.00219429 0.00271348 -0.00303257 0.00221313 -0.000191038 0.000500129
internal_weight=8363.53 8312.01 7285.51 6443.1 5923.41 956.048 4967.36 35.9844 819.686 4931.38 519.69 842.413 501.509 384.843 136.362 207.573 1026.5 116.665 4888.95 4756.76 132.195 4731 4101.46 629.537 136.362 416.661 493.175 738.627 3684.8 1948.46
internal_count=8370 8336 7315 6759 6416 631 5785 92 541 5693 343 556 331 254 90 137 1021 77 5665 5574 91 5557 5134 423 90 275 333 708 4859 3713
is_linear=0
shrinkage=0.03


Tree=124
num_leaves=31
num_cat=0
split_feature=72 30 14 98 12 71 35 12 67 15 103 59 74 72 37 13 7 86 59 39 68 14 56 9 59 17 74 52 86 73
split_gain=2.33211 2.33295 2.26097 2.91473 2.44753 2.59216 3.06771 3.11781 2.74635 2.3973 3.08698 2.33509 2.41438 3.71134 2.24984 2.24895 3.24222 3.24116 3.21504 2.85804 2.5361 2.13931 2.0749 2.00749 2.37321 1.97082 2.08809 1.92217 1.86181 1.80509
threshold=8.6290000000000209 -0.36999999999999994 59.655000000000008 72.745750061312023 28.105000000000004 17.355000000000004 18.125000000000004 206.45000000000002 0.25495732574679958 1012.8325000000001 142.50000000000003 17.135000000000002 0.30538059191797734 1.6600000000000252 1.3785000000000003 11.795000000000002 9.5650000000000031 0.67241222903093512 23.655000000000005 2.8050000000000002 14.090904109589042 85.250000000000014 6.8607702702702715 337.78500000000003 15.295000000000002 0.88364309270035246 0.35213059699135973 3.5550000000000002 0.31675051939145699 3.3617808219178085
decision_type=2 2 10 8 8 8 8 10 2 8 2 10 2 2 2 8 2 2 10 2 10 10 10 2 10 2 2 2 2 2
left_child=1 27 3 -3 -5 11 7 -7 9 -8 -11 12 13 -6 25 17 20 18 22 21 -17 -18 -4 -14 -25 26 -12 -1 -9 -16
right_child=-2 2 15 4 5 6 8 28 -10 10 14 -13 23 -15 29 16 19 -19 -20 -21 -22 -23 -24 24 -26 -27 -28 -29 -30 -31
leaf_value=0.0007411935091154936 -0.0065191580559514949 -0.0039594564842815464 -0.0044545460926766305 -0.0052364771130380275 -0.0020414264208378301 0.0072984602439127933 0.0076888184469785506 0.0052856579417974578 -0.0079409444840779757 -0.0065096493028230871 -0.00104780276654458 0.0082745750611181168 0.0046372921155779503 0.0040709887427800009 -0.00015201362920504307 -0.00063824997887628777 0.00042607646946916743 -0.00046965208402412862 -0.0063789390039092697 -0.0024384458483531391 -0.006190653581885701 0.0064104724960500348 0.002539609067962416 0.0026368812320558669 -0.0036910544192506611 0.015460200684434796 0.012842541185232309 0.0049361664668578342 -0.0024525057459373191 0.0039715770613163986
leaf_weight=276.13277623057365 48.484218597412109 209.08819270133972 39.393427610397339 89.392778038978577 382.57078737020493 31.817768454551697 37.87829577922821 28.78750479221344 37.87829577922821 62.120405077934265 34.090466201305389 39.393427610397339 201.89131650328636 116.66515100002289 1623.8425400555134 1228.0143491625786 86.36251437664032 696.96064233779907 39.393427610397339 79.923204094171524 78.786855220794678 142.42239212989807 1233.3173105716705 165.149369597435 78.786855220794678 14.772535353899 13.636186480522154 152.64953199028969 1001.8809233605862 101.5138326883316
leaf_count=288 32 138 26 59 254 21 25 19 55 119 84 26 134 77 3375 833 57 460 26 64 55 94 814 109 52 39 36 154 662 181
internal_value=4.13002e-05 7.95101e-05 -3.75252e-05 -0.000505183 -0.00032738 -0.000216916 -0.000656764 -0.00195084 5.72152e-05 0.000217692 6.47205e-05 0.0011182 0.000819896 -0.000613032 0.000293152 0.000513558 -0.000319787 0.00118366 0.00206186 0.00244536 -0.000973004 0.00415146 0.00232312 0.00242448 0.000593076 0.00588471 0.00292087 0.00223463 -0.00223637 9.06038e-05
internal_weight=8373 8324.51 7895.73 4271.16 4062.07 3972.68 2988.22 1062.49 1925.73 1887.85 1849.98 984.457 945.063 499.236 1787.86 3624.57 1615.51 2009.06 1312.1 308.708 1306.8 228.785 1272.71 445.828 243.936 62.4992 47.7267 428.782 1030.67 1725.36
internal_count=8368 8336 7894 5465 5327 5268 4616 702 3914 3859 3834 652 626 331 3715 2429 1103 1326 866 215 888 151 840 295 161 159 120 442 681 3556
is_linear=0
shrinkage=0.03


Tree=125
num_leaves=31
num_cat=0
split_feature=100 42 62 92 96 70 12 82 96 60 57 57 84 54 66 12 96 39 63 53 86 79 14 18 16 62 95 14 56 81
split_gain=2.26973 3.15808 2.36403 2.24769 2.37033 2.89734 1.98912 2.61593 3.13468 2.56039 2.77352 2.98226 2.7339 2.33794 2.75063 2.7787 2.75852 2.54879 3.16714 4.03403 2.47362 2.41221 2.2473 2.23401 2.20292 2.64071 2.15664 2.3092 2.11107 2.04462
threshold=0.99999970148996653 1.9650000000000001 0.70574341618216885 16.052595155709344 12.36700000000002 1.0327104253720296 19.870000000000005 1.0711677148363876 3.0185000000000746 1.9670000000000416 16.025000000000002 17.115000000000006 6.5129999999999777 -0.48000000000000004 -0.15999999999999978 84.15000000000002 3.7345000000000259 1.4150000000000003 0.56500000000000006 1.0050000000000006 0.90769045970703 -0.036564698259903779 93.950000000000017 -0.59720524723195501 -0.61352744851262242 0.52793653423767017 26.525000000000002 49.070000000000007 12.570810810810814 10.900000000000002
decision_type=2 2 2 10 2 10 8 8 2 2 10 10 2 2 2 10 2 2 2 2 2 2 10 10 2 2 10 10 10 10
left_child=1 3 -2 4 6 -6 -1 8 22 13 28 -12 26 20 -15 16 17 18 -16 29 -9 23 -8 -17 25 -23 27 -13 -11 -20
right_child=2 -3 -4 -5 5 -7 7 9 -10 10 11 12 -14 14 15 21 -18 -19 19 -21 -22 24 -24 -25 -26 -27 -28 -29 -30 -31
leaf_value=-0.0019373959933780653 -0.0074171528114110137 -0.01220653033210195 0.0016269528881651945 -0.0042809859438048868 -0.0015614505963434599 0.0089420344042406338 0.0039003929155859382 0.0020817111418914122 -0.00050749987064047119 0.0017032393659193294 -0.0034279352654516143 -0.0017390558732184134 -0.0029930969160200109 -0.0015866884124825244 -0.0010720695212321008 -0.0002474546859546513 -0.0067241779717060199 0.00058536180411469438 0.0022413093680478955 0.014827746517698172 -0.0013604132251064959 0.00017932111818160933 0.012828215423246244 0.0086590704721897904 -0.001229862263496611 0.0070391917449948195 -0.0031941351337790493 0.0051033150891517656 0.0057716823650723935 0.010357010629281647
leaf_weight=425.75204455852509 73.86267676949501 18.939147889614105 40.150993525981903 106.05922818183899 39.393427610397339 59.090141415596008 156.05857861042023 703.02116966247559 146.96778762340546 422.72178089618683 172.72502875328064 56.059877753257751 103.02896451950073 1397.709114253521 86.741297334432602 54.544745922088623 39.393427610397339 961.35114687681198 140.90726029872894 36.363163948059082 256.43606242537498 312.87472313642502 30.302636623382568 47.347869724035263 1945.8080541789532 60.226490288972855 48.484218597412109 213.25480523705482 157.57371044158936 34.848032116889954
leaf_count=281 66 38 46 70 26 39 109 752 97 279 114 37 68 1509 226 36 26 1914 327 78 314 208 20 32 1294 42 32 146 104 23
internal_value=-2.83659e-05 2.98432e-05 -0.00423219 5.80532e-05 0.000114804 0.00474064 5.7933e-05 0.000169936 0.00276853 5.04853e-05 0.00133318 -0.000108694 0.00125366 -0.000197259 -0.000452019 -2.57377e-05 0.00109324 0.00133761 0.00375738 0.00573228 0.00116173 -0.000626459 0.00535207 0.00389127 -0.000824968 0.00128665 0.00263044 0.00367902 0.00280799 0.00385046
internal_weight=8348 8233.98 114.014 8215.04 8108.99 98.4836 8010.5 7584.75 333.329 7251.42 1173.85 593.553 420.828 6077.57 5118.12 3720.41 1299.6 1260.21 298.86 212.118 959.457 2420.8 186.361 101.893 2318.91 373.101 317.799 269.315 580.295 175.755
internal_count=8353 8241 112 8203 8133 65 8068 7787 226 7561 780 397 283 6781 5715 4206 2594 2568 654 428 1066 1612 129 68 1544 250 215 183 383 350
is_linear=0
shrinkage=0.03


Tree=126
num_leaves=31
num_cat=0
split_feature=98 31 16 94 94 21 68 19 92 96 63 94 42 55 79 92 17 39 39 94 7 16 2 63 90 55 31 96 102 85
split_gain=2.23914 2.51186 2.43206 2.79815 2.95841 2.27906 2.75757 2.74244 2.19499 2.14753 2.10364 2.65751 2.0531 1.98847 2.79107 1.89369 2.00953 2.83733 2.56125 2.77422 2.54328 3.49574 2.26329 3.0402 7.57287 2.54419 2.20184 2.26753 2.12465 2.81768
threshold=106.83967520239848 0.36299999999999999 0.4743954958321015 2.0109125401355175 2.179677808107193 -0.21345666221828827 15.861986301369866 -0.86471311126170447 12.450692041522492 13.450500000000035 1.6950000000000001 3.5805137032379393 -0.33999999999999991 0.072842105263158041 0.042226952980377631 16.052595155709344 -0.15583104335483303 2.4250000000000003 1.4450000000000001 2.7060965076537085 7.1050000000000013 -0.41683613370208922 1.0000000180025095e-35 0.67500000000000016 2.1450000000000009 -0.029289473684210473 0.29550000000000043 -1.0000000180025095e-35 72.500000000000014 1.453252634099617
decision_type=8 2 2 10 10 8 10 10 10 2 2 10 2 2 2 10 2 2 2 8 2 2 2 2 2 2 2 2 2 2
left_child=1 2 -1 13 -5 6 7 -2 -9 15 11 12 -6 14 -4 16 17 -7 19 -18 26 -22 -20 24 -24 -25 -21 -28 29 -27
right_child=5 -3 3 4 10 9 -8 8 -10 -11 -12 -13 -14 -15 -16 -17 18 -19 22 20 21 -23 23 25 -26 28 27 -29 -30 -31
leaf_value=-0.0010575238390292448 0.0072029564188864498 -0.004204329284490084 0.0026470661896820565 -0.0082157950495876219 0.0070611465851223281 -0.00084516154146877204 -0.0057347378844286164 0.0027705449827198077 -0.003026186612081783 0.01088771801215517 -0.0028084438346722305 0.0073222599831434107 -0.00095883992229569865 -0.00073361897500957146 0.01031027089594953 -0.0041526582533842641 -0.00065090787716365697 -0.010379507379883498 0.00065080717085400238 0.0028330679464777186 0.010766407224319145 -0.0079642295829377291 0.012227150771943845 0.00057780015362469473 -0.01204359099554295 0.0056639968803568206 0.0027950548491656757 0.01116726208000903 -0.0033172372870406675 -0.0057581079441449854
leaf_weight=1954.8988451659679 101.89261564612389 171.96746283769608 221.20924735069275 42.423691272735596 33.332900285720825 762.11131107807159 36.363163948059082 306.8141958117485 72.726327896118164 16.666450142860413 151.51318311691284 57.57500958442688 207.95184382796288 104.54409635066986 53.029614090919495 92.423041701316833 210.60332453250885 29.166287750005722 2265.5008705556393 273.1025125682354 12.121054649353026 34.469249159097672 42.423691272735596 355.6771973669529 15.908884227275847 56.817443668842316 49.620567470788956 70.453630149364471 531.05370682477951 29.545070707798004
leaf_count=1294 86 115 146 28 22 1064 24 204 48 11 100 38 141 69 35 61 139 32 2498 406 26 85 82 546 27 66 35 144 778 42
internal_value=-2.74881e-05 -0.000684106 -0.00046993 0.000848005 -0.000642264 0.000339458 0.00223129 0.00283297 0.00165979 0.000137384 7.11386e-05 0.001531 0.000149102 0.00278685 0.0041289 0.000100297 0.000183248 -0.0011966 0.000459852 0.00218042 0.00353634 -0.00309122 0.000120444 -0.00104449 0.00560786 -0.00144326 0.00432168 0.00770745 -0.00260755 0.00175643
internal_weight=8363.91 2998.45 2826.48 871.58 492.797 5365.46 517.796 481.433 379.541 4847.66 450.373 298.86 241.285 378.783 274.239 4831 4738.57 791.278 3947.3 650.37 439.767 46.5903 3296.93 1031.43 58.3326 973.093 393.177 120.074 617.416 86.3625
internal_count=8392 1988 1873 579 329 6404 362 338 252 6042 301 201 163 250 181 6031 5970 1096 4874 835 696 111 4039 1541 109 1432 585 179 886 108
is_linear=0
shrinkage=0.03


Tree=127
num_leaves=31
num_cat=0
split_feature=100 27 66 55 7 93 12 66 104 88 106 17 18 77 91 92 19 86 51 72 19 91 98 87 59 9 63 104 53 88
split_gain=2.70851 2.70144 2.92025 3.03661 2.6608 4.26306 2.42244 2.30298 2.52929 2.67681 2.40018 2.25735 2.98354 2.44597 2.23677 2.22234 2.20576 2.18204 2.95964 2.33032 2.14955 2.13062 2.06282 2.09853 1.93098 3.08867 2.69445 2.22284 1.97935 1.95861
threshold=0.63781634496971373 0.96500000000000008 0.27000000000000018 0.063263157894737007 7.6050000000000013 18.925000000000001 8.9050000000000029 -0.37499999999999994 0.50346020761245691 3.6750000000000003 118.50000000000001 -0.11996356085423947 0.36577025269938357 2.9950000000000006 0.039059636277751546 12.038242214532874 0.90560581049771072 0.62478918042505105 1.135 5.9800000000000191 0.63074352545282952 -0.015039560699102493 72.211288757325107 1.7950000000000002 20.005000000000003 334.27500000000003 0.54500000000000015 0.5103806228373704 0.89000000000000001 3.0750000000000006
decision_type=2 2 2 2 2 10 8 2 2 2 2 2 10 2 2 10 8 2 2 2 10 2 10 2 8 2 2 2 2 2
left_child=7 -2 6 4 11 14 -3 22 9 10 15 -4 13 20 16 -9 -6 19 -19 24 -13 -8 23 -1 26 -26 -5 28 29 -28
right_child=1 2 3 17 5 -7 21 8 -10 -11 -12 12 -14 -15 -16 -17 -18 18 -20 -21 -22 -23 -24 -25 25 -27 27 -29 -30 -31
leaf_value=-0.0023941629409433328 -0.011405093143623358 -0.0066281282560363601 -0.0020558616900517405 0.0030127880607466245 0.010822839520693026 -0.0013295856451247591 -0.0059427537231300431 0.0029499820560140071 0.0078300842014741735 -0.00099374762190398828 0.0098850987417327812 0.0025317718686306196 0.0069700451438945241 -0.0085524368428667938 0.0027070409520099825 -0.0020688540693185316 0.0034764651541361676 -0.0097421869996497587 -0.0014701467153778887 0.0070327323310534623 -0.00083306410702548245 -0.00074459998883023046 0.00088153515154366945 0.0060264339542064572 -8.9143525361789781e-05 0.0049683425741312327 -0.0011747040251233643 0.0035435052691392055 -0.0036176533111825331 0.0063831658761849619
leaf_weight=356.43476328253746 19.696713805198669 68.180932402610779 240.90596115589142 139.39212846755981 88.635212123394012 128.78620564937592 73.105110853910446 513.25090780854225 62.877970993518829 255.29971355199814 38.635861694812775 375.37391117215157 74.620242685079575 24.999675214290619 162.49788889288902 93.938173532485962 62.877970993518829 42.423691272735596 472.34234836697578 42.423691272735596 313.63228905200958 2425.3472787439823 849.98895728588104 28.78750479221344 374.99512821435928 153.02831494808197 415.90368765592575 72.726327896118164 352.26815074682236 33.332900285720825
leaf_count=608 28 45 270 92 63 85 73 551 64 260 33 484 50 27 198 62 118 67 503 28 207 2344 561 55 681 248 276 48 240 22
internal_value=1.01047e-05 -0.000312671 -0.000277074 0.000277681 0.00132216 0.00326681 -0.00104895 0.000913831 0.00201275 0.00160683 0.00263486 0.000485769 0.00126217 0.000665649 0.00515194 0.00217352 0.00777409 -0.000455015 -0.00215187 9.64035e-05 0.00100011 -0.000896699 5.61995e-05 -0.0017649 -9.44734e-05 0.00137658 -0.000860787 -0.00147841 -0.00193409 -0.000613918
internal_weight=8356.71 6157.5 6137.8 3571.17 1472.33 442.797 2566.63 2199.21 964.003 901.125 645.825 1029.53 788.626 714.006 314.011 607.189 151.513 2098.84 514.766 1584.07 689.006 2498.45 1235.21 385.222 1541.65 528.023 1013.62 874.231 801.505 449.237
internal_count=8391 6197 6169 3707 1502 464 2462 2194 970 906 646 1038 768 718 379 613 181 2205 570 1635 691 2417 1224 663 1607 929 678 586 538 298
is_linear=0
shrinkage=0.03


Tree=128
num_leaves=31
num_cat=0
split_feature=54 33 106 83 27 16 81 86 13 16 94 83 48 72 72 32 83 48 93 60 57 69 71 95 81 87 79 17 94 86
split_gain=2.96825 2.92139 2.71896 2.19072 2.07236 2.02417 2.19809 2.0043 2.87875 2.52916 1.94085 1.96564 1.92968 1.91533 2.17217 1.91442 2.26863 2.18143 1.98227 2.06179 2.28318 1.93881 1.84669 1.78847 1.77689 1.75918 2.56428 2.63885 2.32089 2.18219
threshold=0.090000000000000205 15.875000000000002 130.50000000000003 24.990000000000006 0.96500000000000008 -0.52532314051678164 20.495000000000001 0.68131469052956384 -4.4614999999999991 -0.98483798533721378 4.4767458816740247 24.745000000000001 2.5500000000000118 0.54649999999998056 1.8975000000000366 10.829285714285717 12.890000000000002 -2.5520000000000205 20.615000000000006 2.7899999999999641 16.025000000000002 12.765000000000002 20.585000000000004 18.275000000000002 11.585000000000003 0.79500000000000015 0.020534524250277669 -0.36804341157672904 3.1882184547359231 0.50596983174181442
decision_type=2 10 2 10 2 2 10 2 8 2 10 10 2 2 2 8 8 2 10 2 10 10 10 8 8 2 2 2 10 2
left_child=1 5 4 13 -2 6 23 8 -6 -10 11 15 -9 -3 -15 21 -17 -18 19 25 -21 -11 -16 -1 -7 26 27 28 -19 -29
right_child=2 3 -4 -5 7 24 -8 12 9 10 -12 -13 -14 14 22 16 17 18 -20 20 -22 -23 -24 -25 -26 -27 -28 29 -30 -31
leaf_value=0.0051069379681608898 -0.0097777916698487243 0.0014919485702078494 -0.0046525395414605776 -0.0010291314686615082 0.010625450998741369 0.0055490179294943728 0.0047896917605007366 -0.0013950249627315758 0.01032726235002886 -0.00011544866138411995 -0.0041195940998209864 -0.0085258503148680706 -0.010885444603124829 0.0095130835546630068 0.0077908005044776373 0.0093777287058470112 -0.0085271988079400167 -0.0050563692545752131 0.0074672590107601466 0.0064913420770194592 0.00036747147656604793 -0.0031596525786065769 0.0002631003948442756 -0.0026195034012055423 0.00045401516554381026 -0.0011057813229491569 -5.1921843065746331e-05 0.0032193670802072283 0.0070151277733788734 0.01031726275981475
leaf_weight=28.78750479221344 21.211845636367798 172.72502875328064 141.66482621431351 107.57436001300812 22.726977467536926 62.877970993518829 45.453954935073853 916.27597489953041 20.833062678575516 544.31111034750938 107.57436001300812 24.242109298706055 19.696713805198669 83.332250714302063 48.484218597412109 25.757241129875183 24.242109298706055 52.650831133127213 36.363163948059082 99.998700857162476 121.21054649353027 287.8750479221344 74.241459727287292 425.3732616007328 3042.3847169876099 704.15751853585243 822.71658432483673 172.34624579548836 19.696713805198669 50.37813338637352
leaf_count=19 32 114 152 71 15 43 30 994 34 366 80 16 13 55 32 17 16 85 24 66 80 190 49 577 3061 737 1101 200 13 70
internal_value=-9.83443e-06 0.000566494 -0.000566476 0.00274901 -0.000425095 0.000272037 -0.00150024 -0.000376387 -1.28814e-05 -9.05146e-05 -0.000160672 -1.80446e-05 -0.00159474 0.003822 0.00577513 5.15934e-05 0.000528396 0.00042005 0.000524353 0.000400787 0.0031358 -0.00116852 0.00323701 -0.00212975 0.000557183 6.87188e-05 0.000808602 0.00320791 -0.00176989 0.00482484
internal_weight=8327.16 4091.23 4235.93 486.357 4094.26 3604.88 499.615 4073.05 3137.08 3114.35 3093.52 2985.95 935.973 378.783 206.058 2961.7 2129.52 2103.76 2079.52 2043.16 221.209 832.186 122.726 454.161 3105.26 1821.95 1117.79 295.072 72.3475 222.724
internal_count=8352 4051 4301 321 4149 3730 626 4117 3110 3095 3061 2981 1007 250 136 2965 2409 2392 2376 2352 146 556 81 596 3104 2206 1469 368 98 270
is_linear=0
shrinkage=0.03


Tree=129
num_leaves=31
num_cat=0
split_feature=55 15 42 33 80 87 90 20 90 100 66 77 12 92 51 13 26 63 60 87 30 84 66 74 63 57 13 68 100 39
split_gain=2.44353 2.64555 2.48149 2.42212 3.72901 3.11668 2.21293 2.01897 2.26432 3.63823 2.96781 2.55389 2.28592 2.31936 2.17369 2.15747 2.12706 2.00044 2.91313 2.77639 2.39464 2.24955 2.11006 2.31926 2.12698 1.9743 1.9714 2.16157 1.96783 1.91739
threshold=0.08800000000000005 1024.8695 1.9650000000000001 11.545000000000002 10.859237931034485 0.33500000000000008 1.1650000000000003 -0.041003738743944758 0.49000000000000016 0.54555819365626201 -0.69999999999999996 0.96500000000000019 33.095000000000006 12.10167993079585 3.1350000000000002 1.5105000000000002 0.11120551545074839 0.83500000000000008 2.7899999999999641 0.34500000000000003 0.28999999999999998 2.4365000000000241 0.89500000000000024 0.23707148824331578 0.75500000000000012 17.940000000000001 9.3050000000000015 13.805773972602742 0.71676912079589095 1.7550000000000001
decision_type=2 10 2 10 10 2 2 10 2 2 2 2 10 10 2 10 2 2 2 2 2 2 2 2 2 10 10 10 2 2
left_child=3 2 17 29 5 -5 -7 8 10 15 -6 -12 -11 -14 28 -10 -16 22 19 -19 21 -21 24 -24 -2 -9 -13 -28 -15 -1
right_child=1 -3 -4 4 7 6 -8 25 9 12 11 26 13 14 16 -17 -18 18 -20 20 -22 -23 23 -25 -26 -27 27 -29 -30 -31
leaf_value=0.00039879265962857027 -0.0035360744145170289 -0.0037281603614618282 -0.010023621652509722 -0.0031521035422377624 -0.0021518587476185443 0.0027064893423026843 0.0072118215816692546 -0.0021914441019562163 0.010209045067207535 -0.0053412896103995069 -0.0044969910169120123 0.005257917203062526 0.0011889968413581564 -0.00041223969558357583 0.0071702218475222972 0.0016198913486091151 -0.00056071134378132175 0.0033264264270565632 0.0027027465994676051 -0.00226634464614701 -0.0051234848828208696 0.0015300218995404026 0.013533489200569024 0.0014907752912291792 0.0055187629313972917 0.0030074962625837127 0.0036906290887910491 -0.0038934445982755591 -0.0046626316532188197 -0.001148229914957156
leaf_weight=1786.3404289484024 139.7709114253521 242.42109298706055 23.863326340913773 68.180932402610779 107.57436001300812 489.38758146762848 122.7256783246994 396.96453976631165 48.484218597412109 74.241459727287292 34.848032116889954 318.17768454551697 726.12693008780479 190.90661072731018 43.938823103904724 57.57500958442688 118.18028283119202 93.180607616901398 162.11910593509674 585.21966978907585 189.01269593834877 184.84608340263367 14.772535353899 559.84121161699295 28.029938876628876 78.786855220794678 98.483569025993347 51.514482259750366 201.51253354549408 1209.0752012729645
leaf_count=2097 153 160 42 45 71 323 81 262 32 49 23 210 483 126 29 38 78 168 107 630 166 122 15 707 26 52 65 34 133 1911
internal_value=8.37352e-05 -0.000770004 -0.000407943 0.00038872 0.000958893 0.00293209 0.00360979 0.000431924 0.000836673 0.000195465 0.00237088 0.00333809 -0.000223391 7.32984e-05 -0.00138763 0.00554636 0.00153459 -0.000290679 -0.00104067 -0.00161741 -0.00209774 -0.00135507 0.000936096 0.00180038 -0.00202353 -0.00133047 0.00392128 0.001086 -0.00259487 -0.00022565
internal_weight=8446.1 2223.08 1980.66 6223.03 3227.61 680.294 612.113 2547.32 2071.56 1460.97 610.598 503.024 1354.91 1280.67 554.538 106.059 162.119 1956.79 1214.38 1052.26 959.078 770.066 742.415 574.614 167.801 475.751 468.176 149.998 392.419 2995.42
internal_count=8438 2296 2136 6142 2134 449 404 1685 1371 968 403 332 898 849 366 70 107 2094 1193 1086 918 752 901 722 179 314 309 99 259 4008
is_linear=0
shrinkage=0.03


Tree=130
num_leaves=31
num_cat=0
split_feature=92 54 96 92 99 65 96 35 94 94 60 30 74 96 13 69 50 39 23 14 9 75 19 39 51 16 32 50 21 105
split_gain=2.30394 2.35481 2.20312 2.26647 2.91335 2.60742 1.9548 1.92573 1.92007 1.91593 2.50064 1.85265 1.76037 1.62185 1.78763 1.66386 1.59741 1.57807 2.43695 2.35342 2.46278 2.30356 2.55602 2.1446 2.33367 2.1028 2.21049 2.62251 2.60318 3.19306
threshold=16.052595155709344 -0.49499999999999994 10.09100000000001 12.809728373702423 1.002113784566008 0.97500000000000031 5.2155000000000777 10.890000000000002 2.1497323774667394 3.036539697092826 0.87650000000007833 1.2000000000000004 0.97977641745249666 3.0774999999999868 7.6115000000000004 13.675000000000002 0.15016365340263266 1.2150000000000001 1.6099214833399265 80.450000000000017 329.39000000000004 0.35500000000000004 -0.99155801187845027 1.0750000000000004 0.59500000000000008 -0.99214638768961005 11.040714285714289 0.10704428715621031 0.91311900928893774 132.50000000000003
decision_type=10 2 2 10 2 2 2 8 10 10 2 2 2 2 8 8 2 2 2 8 2 2 8 2 2 2 10 2 10 2
left_child=1 7 3 11 5 6 16 -1 -4 10 -6 17 13 14 -9 -16 -5 18 -3 -20 21 -21 -23 24 -22 -19 -27 -28 -29 -30
right_child=-2 2 8 4 9 -7 -8 12 -10 -11 -12 -13 -14 -15 15 -17 -18 25 19 20 23 22 -24 -25 -26 26 27 28 29 -31
leaf_value=-0.001828088506102889 -0.0043620259575522487 -0.0068795096449110801 -0.0020690365652567006 0.011203401175594685 -0.011100038811029301 -0.0018929837540403742 -0.0029621802009595394 0.0049990988182144558 0.0037436238656521677 -0.001826441027282604 -0.0027341280882356845 -0.0093030792200429323 -0.0032132922370939178 0.00056283084278666181 0.0068291272676334284 0.00085988603172265784 0.0025525631865032346 0.008201054080562778 -6.5561270288197522e-05 -0.0033492204711355936 0.0046002951207377279 -0.0063461738248085592 0.0062237964701750154 0.0032895485605890741 0.023099339494901078 -0.00083611953549037109 0.0034975877335120622 0.0010367878022762567 -0.0014218108858779224 0.0038635140070922957
leaf_weight=162.11910593509674 109.08949184417725 28.78750479221344 66.66580057144165 31.817768454551697 66.66580057144165 286.35991609096527 30.302636623382568 237.87569749355316 219.69411551952362 122.7256783246994 62.120405077934265 19.696713805198669 62.499188035726547 429.16109117865562 48.484218597412109 315.52620384097099 48.484218597412109 26.514807045459747 220.83046439290047 43.18125718832016 9.8483569025993365 16.666450142860413 115.15001916885376 21.211845636367798 16.28766718506813 2929.5073955655098 219.69411551952362 1245.0595822632313 1086.3495229482651 113.63488733768463
leaf_count=107 72 28 44 21 44 189 20 157 145 81 41 37 81 284 32 593 32 43 148 105 26 11 181 41 28 4038 145 833 717 75
internal_value=-3.06021e-05 2.63071e-05 -0.000186953 -0.000296118 -0.00198249 -0.000381924 0.00353027 0.0012232 0.00239041 -0.00450869 -0.00706472 -0.000117208 0.00167556 0.00197191 0.00297662 0.00165496 0.00598025 -8.75121e-05 0.00157867 0.00212809 0.00430679 0.00266448 0.00463449 0.0103768 0.0161287 -0.000227418 -0.000267366 0.000357899 7.57896e-05 -0.000921307
internal_weight=8412.01 8302.92 7047.26 6760.9 648.476 396.965 110.605 1255.67 286.36 251.512 128.786 6112.42 1093.55 1031.05 601.886 364.01 80.302 6092.72 471.964 443.176 222.346 174.998 131.816 47.3479 26.136 5620.76 5594.25 2664.74 2445.04 1199.98
internal_count=8399 8327 7073 6884 428 262 73 1254 189 166 85 6456 1147 1066 782 625 53 6419 568 540 392 297 192 95 54 5851 5808 1770 1625 792
is_linear=0
shrinkage=0.03


Tree=131
num_leaves=31
num_cat=0
split_feature=55 106 86 35 94 24 84 66 30 81 81 23 56 16 66 28 2 65 106 92 21 51 93 94 94 66 52 63 87 21
split_gain=2.32494 2.5765 2.48296 2.62101 2.99787 2.54565 2.83059 2.34939 2.34284 2.32494 3.36921 3.06749 2.50442 2.17489 2.31532 2.21863 2.26861 2.29697 2.1669 5.50411 2.13769 2.05243 1.98291 1.94008 1.91208 1.82296 1.81473 3.85289 1.74372 3.05907
threshold=0.0020789473684210981 130.50000000000003 0.68131469052956384 18.715000000000003 4.3840667900419605 21.939689500000004 1.5029999999999861 0.66500000000000004 -0.49999999999999983 19.860000000000003 17.385000000000002 1.6069899665595564 12.081756756756759 -0.63270531892586301 2.5350000000000006 2.5150000000000001 1.0000000180025095e-35 2.6450000000000005 41.500000000000007 10.103764705882353 0.98965137174641782 2.3350000000000004 17.370000000000001 4.0768342433933737 2.4029679328341409 0.26499999999999996 3.9450000000000007 1.9350000000000003 0.66500000000000015 0.10548308704524413
decision_type=2 2 2 10 10 2 2 2 2 10 10 2 10 2 2 2 2 2 2 10 10 2 10 10 10 2 2 2 2 8
left_child=7 2 3 4 21 -5 23 9 25 10 12 -11 28 14 26 -15 -17 -18 19 -12 -9 -2 -14 -7 -24 -4 27 -10 29 -1
right_child=1 -3 8 5 -6 6 -8 20 13 11 18 -13 22 15 -16 16 17 -19 -20 -21 -22 -23 24 -25 -26 -27 -28 -29 -30 -31
leaf_value=0.0038053655987227296 -0.00012264919564493112 -0.0039503943268144907 -0.004370516111936674 0.010743305377712255 -0.0052891208930678519 -0.0026209938630212051 0.0040860354062724896 0.0039338299060137005 -0.0012450191123448814 -0.0029080704628810638 -0.0034900868011523761 0.0034189547149032899 0.0019031379917068538 -4.424980647431962e-05 0.0093367219863914504 -0.0023487287489393971 -0.0046569371752201221 -0.013721187459774993 -0.0022856683088664344 0.009677366668773538 -0.0024359561612099507 0.0038581430071318993 0.0020650611883072578 0.004479602436894008 0.012088713817946401 0.0087398465773886446 -0.0050479805261727075 0.011280012104575703 0.0010243171219024147 -0.0018813655120300799
leaf_weight=101.5138326883316 2821.5542525947094 171.96746283769608 13.257403522729872 30.302636623382568 98.104786068201065 145.45265579223633 215.52750298380852 307.57176172733307 91.286692827939987 83.332250714302063 66.66580057144165 399.9948034286499 213.63358819484711 250.75431805849075 26.514807045459747 449.99415385723114 115.15001916885376 32.196551412343979 653.02181923389435 49.999350428581238 56.059877753257751 121.58932945132256 30.302636623382568 45.453954935073853 39.393427610397339 34.090466201305389 49.241784512996674 29.166287750005722 1076.1223830878735 527.64466020464897
leaf_count=76 2913 187 14 20 73 96 143 362 127 55 44 264 141 254 25 393 172 49 431 33 37 129 20 30 26 45 49 35 1263 838
internal_value=9.10738e-05 -0.000345513 -0.000209852 0.00018193 -0.000130157 0.00235517 0.00172977 0.00066527 -0.00145806 0.000408774 7.2459e-05 0.00232809 0.000724758 -0.00175399 0.00109236 -0.0024125 -0.00340666 -0.00663756 -0.00161286 0.00215311 0.00295182 4.18082e-05 0.00333663 -0.000930376 0.0077306 0.00506895 -0.000195817 0.00178777 0.0002908 -0.000963819
internal_weight=8346.86 4741.61 4569.64 3477.99 3041.25 436.737 406.434 3605.26 1091.65 3241.62 2758.3 483.327 1988.61 1044.3 196.21 848.095 597.341 147.347 769.687 116.665 363.632 2943.14 283.33 190.907 69.6961 47.3479 169.695 120.453 1705.28 629.158
internal_count=8344 4754 4567 3404 3115 289 269 3590 1163 3191 2872 319 2364 1104 236 868 614 221 508 77 399 3042 187 126 46 59 211 162 2177 914
is_linear=0
shrinkage=0.03


Tree=132
num_leaves=31
num_cat=0
split_feature=30 53 61 76 98 55 94 92 54 67 58 75 71 90 91 40 21 7 19 19 94 81 32 75 74 23 70 58 85 82
split_gain=2.49225 2.38016 2.29237 2.95933 2.4354 2.64475 2.37575 2.21942 2.48443 2.49693 2.24539 2.2069 2.17069 2.16336 2.40308 1.98476 1.88509 1.85991 1.88122 1.96066 2.94095 2.24118 2.50981 1.91093 1.88317 1.81337 1.80649 1.83225 2.26582 1.76661
threshold=-0.3299999999999999 2.6750000000000003 1.8890540540540544 2.1950000000000007 72.745750061312023 0.043394736842105201 1.3704955136982953 12.128332179930798 1.5350000000000004 0.040444523470839273 1.6388779533051161 0.38500000000000006 17.135000000000002 -1.2049999999999998 -0.020911903637222468 1.5450000000000002 -0.59081685285187258 11.365 0.92916483094970836 -0.023559755862717514 3.4333734102933762 16.470000000000002 11.323285714285715 0.75500000000000012 0.27080380941000753 1.6156171372667603 1.1115897343801271 1.4087553399073374 1.5730344827586207 1.78218236861302
decision_type=2 2 2 2 10 2 8 10 2 2 8 2 10 2 2 2 10 2 10 8 10 10 10 2 2 2 10 10 2 8
left_child=25 2 3 15 -4 12 -5 8 -8 -10 -11 -3 -6 -14 -15 29 -16 18 19 20 -17 22 -21 -22 -23 -1 -7 28 -28 -2
right_child=1 11 4 6 5 26 7 -9 9 10 -12 -13 13 14 16 17 -18 -19 -20 21 23 24 -24 -25 -26 -27 27 -29 -30 -31
leaf_value=0.0041847950521716323 -0.0021871183128288735 -0.01365245088786244 -0.0016837529624799531 0.011438636836379492 0.0019611230464053574 -0.0045492496409748869 0.0022430386592006439 -0.002315384792224897 -0.019915706794110109 -0.0060297448985603703 0.0024511565436893556 0.001178845820537808 -0.0056112204993207498 0.0060318087395103892 0.0054189827970026472 -0.0030963578890883803 -0.00034011076277109669 0.0066573892347996004 -0.003275083933684567 0.00021946203362207625 -0.00069604976846675021 0.0030693257933445224 0.0039812250271001595 0.0052459202711837641 -0.0056229526880384349 0.0006582366244113916 -0.0024816206286736413 -0.0025925130025628838 0.0018771594704131477 0.0064752291720126323
leaf_weight=206.05792903900146 30.302636623382568 22.348194509744644 1207.9388523995876 21.59062859416008 624.23431444168091 142.42239212989807 1117.7885084450245 130.30133748054504 6.818093240261077 49.620567470788956 64.77188578248024 15.151318311691282 62.120405077934265 59.090141415596008 53.029614090919495 403.78263300657272 1445.0569839775562 32.575334370136261 206.43671199679375 726.88449600338936 154.16466382145882 30.302636623382568 204.54279720783234 71.211196064949036 86.36251437664032 361.35894173383713 166.66450142860413 330.29873919487 301.51123440265656 70.453630149364471
leaf_count=217 20 50 2172 15 412 94 1214 86 9 35 111 19 41 39 35 271 956 23 137 1079 104 20 135 47 57 378 110 218 202 84
internal_value=1.89649e-05 -0.00012003 -8.37816e-05 0.000500085 -0.000536787 -0.000101712 0.00156467 0.00140899 0.00180067 -0.00227885 -0.00122765 -0.00766001 0.000458178 -0.000121203 9.78101e-05 -0.000234031 -0.000136249 -0.00044982 -0.000572728 -0.000240121 -0.00156398 0.00055458 0.00104555 0.00118141 -0.00336522 0.00193891 -0.00143675 -0.000881578 0.00032549 0.00387001
internal_weight=8405.19 7837.78 7800.28 3407.91 4392.37 3184.43 1390.89 1369.3 1239 121.211 114.392 37.4995 2243.53 1619.3 1557.18 2017.02 1498.09 1916.26 1883.69 1677.25 629.158 1048.09 931.427 225.376 116.665 567.417 940.897 798.474 468.176 100.756
internal_count=8390 7795 7726 3447 4279 2107 1470 1455 1369 155 146 69 1483 1071 1030 1977 991 1873 1850 1713 422 1291 1214 151 77 595 624 530 312 104
is_linear=0
shrinkage=0.03


Tree=133
num_leaves=31
num_cat=0
split_feature=54 83 92 41 87 75 72 50 32 80 20 85 88 88 94 25 81 76 33 59 77 81 37 65 43 33 26 53 16 80
split_gain=2.19806 2.42251 2.29024 2.20725 2.4646 2.82432 2.06291 2.09917 2.20159 2.73976 2.26252 2.24966 2.82246 2.7276 3.27422 2.60831 2.15345 2.61035 2.42543 2.19975 2.12827 2.10545 2.31995 2.08502 1.98903 3.24931 3.54137 2.8018 2.79792 2.62092
threshold=0.34000000000000025 10.620000000000003 11.845989619377164 1.4900000000000002 0.65500000000000014 0.21500000000000002 7.6269999999999536 0.51084802705769639 9.3480000000000008 10.804979310344828 -0.028270565047931431 2.4367931034482759 3.1950000000000007 4.0850000000000009 3.3753092792289716 3.1387500000000004 17.805000000000003 2.5850000000000004 16.225000000000005 17.135000000000002 2.225000000000001 20.105000000000004 1.8585 1.2850000000000004 0.14590909090909124 17.685000000000006 0.078819373965207801 0.75000000000000044 -0.92980860373494434 11.530682758620692
decision_type=2 8 10 2 2 2 2 2 10 10 10 2 2 2 8 2 10 2 10 10 2 10 2 2 2 8 2 2 2 10
left_child=1 -1 3 24 5 -5 7 8 11 -10 16 12 20 14 -13 -14 17 19 21 -11 -3 22 -18 -16 -2 27 -27 -26 -28 -30
right_child=2 6 -4 4 -6 -7 -8 -9 9 10 -12 13 15 -15 23 -17 18 -19 -20 -21 -22 -23 -24 -25 25 26 28 -29 29 -31
leaf_value=0.017304996669118045 -0.00091083479459741056 -0.00034190368835498565 -0.0027217526186787051 0.0060388207618579824 0.0056255112821033716 -0.01099418876713157 -0.0055597332369504799 0.0067007835414430936 0.0023423881176818841 -0.0023618802361936339 -0.0014402738727831775 -7.1850279524143047e-05 -0.0034000457482070592 -0.00093987024996264269 0.0099924927545329799 0.0040017907797081512 0.0032960311837394122 0.00280689648176209 0.0017130004405109408 0.0034160653596865542 0.0065535485470668876 0.0015758508171414558 -0.0026455654808711961 -0.0021409385256688182 0.0038651339760410611 -0.0032848208162778066 0.013477901998564442 -0.0012544554452341206 0.0021841511975889969 0.0098391784476855818
leaf_weight=7.5756591558456412 1414.3755643963814 962.48749575018883 416.66125357151031 10.605922818183897 14.772535353899 50.37813338637352 53.029614090919495 46.969086766242981 781.80802488327026 196.96713805198669 525.75074541568756 83.332250714302063 488.25123259425163 182.57338565587997 80.301987051963806 46.969086766242981 66.66580057144165 686.35471951961517 436.35796737670898 84.847382545471191 42.044908314943314 201.51253354549408 524.23561358451843 15.151318311691282 115.15001916885376 65.908234655857086 27.651155918836594 584.84088683128357 237.1181315779686 48.484218597412109
leaf_count=5 1478 1359 275 28 15 91 35 61 516 130 347 55 824 353 167 103 44 456 288 56 84 133 346 37 76 141 49 392 467 32
internal_value=-3.01731e-06 0.000352036 -0.00065858 -0.000323995 -0.00536873 -0.00803193 0.000328709 0.000385978 0.000331109 0.000777029 0.000327544 -0.000490899 -0.000990841 0.00163936 0.00427323 -0.00275049 0.000750601 0.00180873 -8.31171e-05 -0.000622284 -5.32931e-05 -0.00107218 -0.00197523 0.00806655 -0.00017073 0.000799278 0.00303599 -0.000412272 0.00436588 0.00348368
internal_weight=8499.13 5513.19 2985.95 2569.28 75.7566 60.9841 5505.61 5452.58 5405.61 3504.5 2722.69 1901.11 1539.75 361.359 178.786 535.22 2196.94 968.169 1228.77 281.815 1004.53 792.414 590.901 95.4533 2493.53 1079.15 379.162 699.991 313.254 285.602
internal_count=8443 5399 3044 2769 134 119 5394 5359 5298 2316 1800 2982 2370 612 259 927 1453 642 811 186 1443 523 390 204 2635 1157 689 468 548 499
is_linear=0
shrinkage=0.03


Tree=134
num_leaves=31
num_cat=0
split_feature=14 32 50 16 10 90 9 38 89 76 90 21 47 15 94 31 63 77 87 66 75 105 7 72 81 81 69 90 63 26
split_gain=2.61746 2.03677 2.44331 2.74734 2.0599 1.98971 2.27604 1.97788 1.86614 3.95706 3.3942 2.18987 1.82403 1.88154 1.73162 2.3181 2.32888 2.27467 2.18071 2.07933 2.31394 2.37384 2.2383 2.15779 2.09007 2.29314 3.57774 1.98203 2.01544 1.9664
threshold=51.315000000000005 15.663571428571432 0.16773429975649026 -0.33520492691655107 16.155000000000005 1.3450000000000004 335.47000000000008 0.23291629378163303 3.9200000000000004 4.4500000000000011 1.6250000000000004 -0.76062965362114654 22.750000000000004 1012.8325000000001 4.4139280396454614 -0.45749999999999963 0.36500000000000005 3.1650000000000005 0.56500000000000006 0.88500000000000001 0.79500000000000015 80.500000000000014 8.6750000000000025 3.015499999999975 20.105000000000004 18.655000000000005 18.185000000000006 1.1250000000000002 1.1650000000000003 0.2895830278536165
decision_type=8 10 2 2 10 2 2 2 2 2 2 8 10 10 10 2 2 2 2 2 2 2 2 2 10 10 10 2 2 2
left_child=-1 4 -3 5 8 6 -4 -7 11 -10 -11 -2 13 -5 15 17 -17 -13 -16 24 21 22 29 27 25 26 -18 -22 -29 -21
right_child=1 2 3 12 -6 7 -8 -9 9 10 -12 14 -14 -15 18 16 19 -19 -20 20 23 -23 -24 -25 -26 -27 -28 28 -30 -31
leaf_value=-0.0011361459836744109 0.0065713396237773777 0.0073341362660238121 0.0032859198458538318 -0.0066760131838222471 -0.0044958343880183394 -0.0020002865684228001 0.012130531564224254 0.0034325605139464295 -0.014959773340121024 0.0086525715307587889 -0.0051683257724979472 0.0030466281092076538 -0.0076178296663405943 0.0012261741665293782 -0.0039759097617296218 -0.0047559227079212096 -5.2498023295791875e-05 0.017544281135004444 0.00095132184811180559 0.0020539765258990174 -0.0056410621958468523 0.015395750315948658 0.0085507410701995776 0.0033374735799135353 0.0031793604553047496 -0.0026672339330986272 0.0094014290759533731 0.0092902814266584335 -0.0014402027659547248 -0.0070801787913150034
leaf_weight=1538.2375915944576 48.105435639619827 65.150668740272522 93.55939057469368 33.332900285720825 87.877646207809448 103.02896451950073 36.363163948059082 145.45265579223633 22.726977467536926 23.863326340913773 48.484218597412109 119.31663170456886 36.363163948059082 145.45265579223633 196.96713805198669 84.847382545471191 3895.7827208936214 10.605922818183897 137.11943072080612 615.14352345466614 92.044258743524551 12.499837607145308 46.590303808450699 84.847382545471191 175.7552924156189 304.54149806499481 36.363163948059082 18.560364931821823 104.16531339287758 21.969411551952362
leaf_count=1016 37 43 64 22 58 68 24 96 51 30 92 147 24 96 130 179 4423 25 101 838 114 30 48 56 116 201 24 25 134 37
internal_value=-1.78896e-05 0.000233341 0.00181926 0.00121393 6.45264e-05 0.00275293 0.00576138 0.00117992 0.00013022 -0.00403992 -0.0006096 0.000196242 -0.00149287 -0.000247115 0.000144761 0.000269435 0.000175757 0.00423011 -0.00195362 0.000253128 0.00149136 0.00244005 0.00220318 -0.000713042 -2.63231e-05 -0.000159308 3.49287e-05 -0.00231325 0.000182617 0.00173901
internal_weight=8385.12 6846.88 658.704 593.553 6188.18 378.404 129.923 248.482 6100.3 95.0745 72.3475 6005.23 215.149 178.786 5957.12 5623.03 5493.11 129.923 334.087 5408.26 995.82 696.203 683.703 299.617 4412.44 4236.69 3932.15 214.77 122.726 637.113
internal_count=8349 7333 437 394 6896 252 88 164 6838 173 122 6665 142 118 6628 6397 6225 172 231 6046 1282 953 923 329 4764 4648 4447 273 159 875
is_linear=0
shrinkage=0.03


Tree=135
num_leaves=31
num_cat=0
split_feature=54 66 82 90 15 98 96 87 100 72 91 90 66 74 44 83 79 53 19 88 66 87 98 87 68 34 81 92 13 62
split_gain=1.86573 2.59811 2.05666 1.96146 2.22285 2.06643 2.09013 1.92653 2.26372 1.98386 2.13282 1.895 2.11425 2.91375 2.41728 2.16322 1.92064 2.9693 3.92924 2.57178 2.47582 1.94107 2.79583 2.13989 2.19379 1.89944 1.80125 1.77007 1.74404 2.02659
threshold=-0.050000000000000148 0.58500000000000019 4.8541261579933916 -1.2049999999999998 1023.3715000000001 115.04914075913457 10.09100000000001 0.66500000000000015 0.6882357483716377 1.0000000180025095e-35 0.044921410014170993 2.7950000000000004 0.88500000000000001 0.23440640728490966 7.2071578947368433 12.890000000000002 0.0069061501479556623 0.90000000000000036 -0.95186189831078827 3.2750000000000004 -0.15999999999999978 1.3750000000000002 100.89523257564669 0.26500000000000007 9.558287671232879 1.809165569952002 11.970000000000002 5.5032871972318347 1.7065000000000003 1.0105576300228207
decision_type=2 2 10 2 8 10 2 2 2 2 2 2 2 2 8 8 2 2 10 2 2 2 8 2 8 10 8 8 10 2
left_child=1 3 -3 4 -1 6 7 -5 -9 10 26 12 16 -14 -15 -16 17 20 19 -19 -2 23 -23 24 -18 -22 -10 -17 29 -13
right_child=11 2 -4 5 -6 -7 -8 8 9 -11 -12 28 13 14 15 27 21 18 -20 -21 25 22 -24 -25 -26 -27 -28 -29 -30 -31
leaf_value=-0.0064371432496640206 -0.00096556610786752931 0.0037472911186651634 -0.0059215893058083792 -0.0016923367991595647 0.00054789017091831952 0.0015405299132593554 0.0047106153385564949 0.0014200065497791906 0.0085842017991542303 -0.0036074421324825304 0.0099280862136036929 0.0020392343898609252 0.011967451134615814 -0.0081478391191905242 0.0055701897219189575 0.0096763874055682958 0.012544493320451027 0.01472440521576171 -0.0044680692878337289 -0.0014958410845386872 0.0014712582911477943 -0.0031469309303335169 0.0044947288624750843 -0.0019478949814829909 0.00058880928653996486 0.0097597747034479723 -0.0013680522790953152 0.00025812518603114519 -0.0069018687159452035 -0.0085207879669448681
leaf_weight=81.817118883132935 500.37228724360466 297.34462186694145 21.211845636367798 635.97658613324165 82.195901840925217 989.38108575344086 75.756591558456421 692.41524684429169 18.181581974029541 192.42174255847931 20.075496762990952 64.014319866895676 20.075496762990952 28.78750479221344 75.756591558456421 18.181581974029541 16.666450142860413 17.045233100652695 211.7396734058857 18.181581974029541 733.70258924365044 69.696064233779907 112.87732142210007 1571.5704918801785 80.680770009756088 25.757241129875183 164.01302072405815 1469.2990932762623 75.756591558456421 21.969411551952362
leaf_count=54 487 329 14 887 121 653 50 739 12 127 32 100 20 19 50 12 11 39 142 42 689 46 127 1476 144 17 262 1671 59 31
internal_value=-3.04709e-05 0.000529484 0.00310347 0.000251742 -0.00293656 0.000439289 -0.000166405 -0.000380826 0.00038643 -0.00142679 0.000647685 -0.000387339 -0.000283349 0.000609683 0.000466461 0.000625096 -0.000712037 8.32394e-05 -0.00292462 0.00635267 0.000672874 -0.00135926 0.00157758 -0.00168054 0.0026357 0.00175237 -0.000374896 0.000373245 -0.00358302 -0.000658921
internal_weight=8402.92 3270.79 318.556 2952.23 164.013 2788.22 1798.84 1723.08 1087.11 394.692 202.27 5132.13 4970.39 1612.1 1592.02 1563.24 3358.29 1506.8 246.966 35.2268 1259.83 1851.49 182.573 1668.92 97.3472 759.46 182.195 1487.48 161.74 85.9837
internal_count=8462 3280 343 2937 175 2762 2109 2059 1172 433 306 5182 4992 1772 1752 1733 3220 1416 223 81 1193 1804 173 1631 155 706 274 1683 190 131
is_linear=0
shrinkage=0.03


Tree=136
num_leaves=31
num_cat=0
split_feature=14 48 54 60 57 56 82 37 54 67 23 68 57 69 85 86 92 56 36 101 58 87 69 84 7 74 69 69 45 83
split_gain=2.18 2.30546 2.20559 2.43031 2.47755 3.71549 2.47636 2.19469 2.39916 2.72395 2.08691 2.73666 1.98488 2.83822 2.75041 1.9199 1.74901 1.70958 2.11114 2.16236 1.96345 1.94918 1.91035 2.07758 1.69832 1.69146 2.33776 2.32495 1.691 2.16095
threshold=47.830000000000005 2.1634999999999995 -0.94499999999999984 2.3744999999999554 16.025000000000002 12.26894594594595 5.4931508252970094 1.4175000000000002 0.25000000000000017 0.061141536273115207 1.6192166635880005 9.9981917808219194 17.055000000000003 18.415000000000003 1.8053103448275865 0.54473209517720633 14.342082912821994 12.151216216216218 -0.18250000000000452 18.500000000000004 0.85777561449999695 0.37500000000000006 12.555000000000001 -1.0974999999999679 8.2450000000000028 0.38116854481353907 14.580000000000002 19.150000000000002 16.785000000000004 20.620000000000001
decision_type=8 2 2 2 10 10 10 2 2 2 2 10 10 10 2 2 10 8 2 2 8 2 10 2 2 2 8 10 10 10
left_child=1 -1 -2 6 5 -5 7 10 9 25 -4 -12 -6 -14 -15 -7 17 22 24 21 -21 -20 23 -10 -19 27 -27 -9 -28 -30
right_child=2 -3 3 4 12 15 -8 8 16 -11 11 -13 13 14 -16 -17 -18 18 19 20 -22 -23 -24 -25 -26 26 28 -29 29 -31
leaf_value=-0.0011405749468954315 0.0027460711853259162 -0.0095611059000651234 -0.0053669256227979632 0.00082121900515302231 -0.0034722926777147945 0.009181329292376408 -0.0081278936311110321 0.00044064232652520736 -0.0038019415159683016 0.0024480177638072889 0.004563238755122565 -0.0020860317446822706 0.0051298881396149585 0.0032075849781294328 -0.0033716179787485834 0.002126107288139124 -0.006017083057173603 0.0013727776311588393 0.015863226924986356 -0.0048272555475870121 -0.00054052647047574283 -0.00064938345638621768 -0.0031116035051936279 0.0010693078246187438 0.0089449994288876965 0.00098614653629353587 -0.0019934640115493842 0.0072167002230981644 0.0073025521995556189 -0.00047767712866945159
leaf_weight=853.0192209482193 282.57208651304245 30.302636623382568 29.545070707798004 215.14872002601624 107.57436001300812 106.43801113963127 34.848032116889954 1532.5558472275734 109.84705775976181 441.66092878580093 234.08786791563034 73.105110853910446 111.74097254872322 96.968437194824219 139.39212846755981 51.514482259750366 60.605273246765137 221.58803030848503 13.257403522729875 106.05922818183899 1030.6684281527996 12.499837607145308 499.99350428581238 278.78425693511963 30.302636623382568 503.02376794815063 962.48749575018883 46.969086766242981 39.393427610397339 174.24016058444977
leaf_count=563 275 20 39 142 71 71 23 1568 77 512 324 49 76 64 92 34 40 147 35 70 1719 18 330 184 20 332 1347 31 26 115
internal_value=-1.93287e-05 -0.00142944 0.000145718 4.45674e-05 0.00157364 0.00338635 -0.000152349 -0.000108927 -0.000239834 0.000237081 0.00224843 0.00298086 8.942e-05 0.0011901 -0.000672458 0.00688035 -0.000986466 -0.000854081 -0.000206199 -0.000745722 -0.000940488 0.00784975 -0.00188528 -0.000307556 0.00228372 -6.25765e-05 -0.000725481 0.000642137 -0.00145754 0.000956975
internal_weight=8430.19 883.322 7546.87 7264.3 828.777 373.101 6435.52 6400.67 6063.94 3700.33 336.738 307.193 455.676 348.102 236.361 157.952 2363.61 2303 1414.38 1162.48 1136.73 25.7572 888.625 388.631 251.891 3258.67 1679.14 1579.52 1176.12 213.634
internal_count=8414 583 7831 7556 550 247 7006 6983 6571 3931 412 373 303 232 156 105 2640 2600 2009 1842 1789 53 591 261 167 3419 1820 1599 1488 141
is_linear=0
shrinkage=0.03


Tree=137
num_leaves=31
num_cat=0
split_feature=40 54 106 91 16 71 16 12 90 94 86 105 58 33 11 67 96 65 68 13 33 78 50 16 90 7 65 71 26 106
split_gain=2.21062 2.48183 2.45758 2.25176 3.98872 2.94583 2.26223 2.2537 2.08738 2.02763 2.00394 2.14145 2.56683 2.52595 2.63281 2.0964 2.03115 2.452 2.49421 2.07476 2.1776 1.91081 2.2392 3.70648 1.87618 2.07765 1.95133 2.8235 2.37696 1.85303
threshold=1.5450000000000002 1.0000000180025095e-35 130.50000000000003 0.01507186708733174 -0.91333186482673046 14.710000000000003 -0.4850385766865537 343.31000000000006 -1.2049999999999998 2.9205851836970447 0.25580626546216989 144.50000000000003 1.2689644837578786 9.0550000000000015 12.355000000000002 -0.070597439544807877 3.8539999999999854 1.0750000000000006 12.241068493150687 7.525500000000001 13.345000000000001 2.475000000000001 0.36043213173574756 -0.98483798533721378 2.8750000000000004 9.4850000000000012 1.6050000000000004 22.505000000000006 0.14966629547095753 111.50000000000001
decision_type=2 2 2 2 2 8 2 10 2 10 2 2 8 10 10 2 2 2 10 10 10 2 2 2 2 2 2 10 2 2
left_child=-1 8 3 5 -5 6 -3 21 9 -2 -10 13 -13 14 15 -12 17 -15 -19 20 -20 22 -7 -24 25 26 -6 28 -28 -14
right_child=1 2 -4 4 24 7 -8 -9 10 -11 11 12 29 16 -16 -17 -18 18 19 -21 -22 -23 23 -25 -26 -27 27 -29 -30 -31
leaf_value=0.0038996142683488098 -0.0039724591739763501 -0.0054491605355688165 -0.0038960200739226697 0.0073519608657685847 -0.0017818302273263826 0.001283054537133989 -0.00061059931521196729 0.0072904491619050103 -0.0033514109230051463 0.0051387867251493592 -0.0033922311526068849 0.00035852840782253474 -0.0011432498322935464 0.00059619668328984464 -0.011791833770848938 0.000282333816436496 -0.00016799311934248741 0.0058233078485667011 -0.0012035904223285517 -0.0012972877667275814 0.0049986550183602233 0.0086887705782743678 0.025379864697623818 -0.0019009095360783387 -0.0048880360219952235 0.0027723353945642423 0.0033056802927812399 -0.0045618717334272784 -0.0014395921879455972 0.0058466726037496837
leaf_weight=129.92255452275276 149.99805128574371 101.5138326883316 183.70973452925682 49.999350428581238 1492.0260707437992 1184.8330919742584 606.81029838323593 49.999350428581238 105.68044522404671 25.757241129875183 189.01269593834877 225.75464284420013 40.529776483774185 719.687619805336 19.696713805198669 535.97788527607918 761.35374516248703 210.60332453250885 69.696064233779907 131.43768635392189 189.39147889614105 27.272372961044312 4.5453954935073844 322.34429708123207 118.5590657889843 123.10446128249168 244.69379073381424 84.847382545471191 155.30101269483566 216.28506889939308
leaf_count=133 168 67 194 72 1461 1301 402 33 78 17 346 149 56 475 13 1133 504 139 46 89 125 27 12 386 136 106 298 56 182 238
internal_value=1.651e-05 -4.39789e-05 -0.000493951 -0.000357067 -0.00102751 0.000304972 -0.00130404 0.00102222 0.00055119 -0.00263719 0.000715277 0.000845139 0.00269215 0.000529838 -0.000969683 -0.000675664 0.00106614 0.00177753 0.00319185 0.00177275 0.00333021 0.000818575 0.000676592 -0.00152157 -0.00121636 -0.00100906 -0.00124454 0.000408889 0.00146329 0.00474354
internal_weight=8470.34 8340.42 4749.56 4565.85 2268.53 2297.32 708.324 1588.99 3590.86 175.755 3415.11 3309.43 482.569 2826.86 744.687 724.991 2082.17 1320.82 601.129 390.525 259.088 1539 1511.72 326.89 2218.53 2099.97 1976.87 484.842 399.995 256.815
internal_count=8442 8309 4733 4539 2311 2228 469 1759 3576 185 3391 3313 443 2870 1492 1479 1378 874 399 260 171 1726 1699 398 2239 2103 1997 536 480 294
is_linear=0
shrinkage=0.03


Tree=138
num_leaves=31
num_cat=0
split_feature=54 61 30 97 76 91 76 89 62 91 72 24 19 14 94 63 89 64 103 93 35 26 89 19 95 92 96 82 85 82
split_gain=1.95503 1.77543 2.97299 2.0423 2.00138 2.29223 1.99517 3.37226 3.07134 2.1201 2.41159 2.22408 2.17384 2.24234 2.15471 1.94231 2.12752 1.99638 2.11468 1.91001 1.89721 1.82456 1.81439 2.27689 1.86146 2.4892 2.44925 2.09675 1.99592 1.79907
threshold=-0.90000000000000013 1.8890540540540544 0.04999999999999994 16.270874430149401 2.5350000000000006 0.0038780703826168999 2.1950000000000007 1.3550000000000002 0.18641190787809298 -0.0078370925838450612 -0.091999999999984525 14.173683500000001 -0.49014310268199374 56.055000000000007 2.2031873381296694 1.2050000000000003 2.8050000000000006 2.2050000000000005 142.50000000000003 16.915000000000003 9.3600000000000012 0.10045728777279765 1.7950000000000006 -0.66705258564812142 29.205000000000002 14.261352664840446 11.45750000000004 1.2559902637352236 2.676931034482759 2.0042943235726249
decision_type=2 2 2 8 2 2 2 2 2 2 2 2 8 8 10 2 2 2 2 8 8 2 2 8 10 10 2 8 2 8
left_child=-1 3 4 -2 5 -3 -5 8 -8 10 -9 21 14 -14 -13 16 17 -15 -19 -17 -20 -11 23 -6 25 26 27 -24 -27 -25
right_child=1 2 -4 6 22 -7 7 9 -10 11 -12 12 13 15 -16 19 -18 18 20 -21 -22 -23 24 29 -26 28 -28 -29 -30 -31
leaf_value=0.0020800177589569038 -0.0042324365088628859 -0.0070318388709073067 -0.00147270972460573 -0.00010211201757960859 -0.0014783256339329185 -0.00074581419606305362 -0.00058855511741573701 -0.0045901044170672395 0.013641468140483387 0.003905689318830903 0.00073260721406517252 0.011264869096395683 -0.0017019799783791099 0.012157287087753498 0.0027309169078162691 0.0024616718825424501 -0.0017855654437138604 -0.0067694721213031441 -0.0080927697978976452 -0.0030303917946493783 0.0048997759538224953 0.01498859195256245 0.0040347039689837549 0.0013633014828607903 0.0055645556420414292 -0.0094176397304389266 0.0069439053407087141 -0.00014496193516616788 -0.0017821575373735158 0.0070644521343978485
leaf_weight=384.84348511695862 83.711033672094345 68.938498318195343 1743.9167376756668 1993.1559239029884 84.847382545471191 215.14872002601624 21.59062859416008 110.98340663313866 37.120729863643646 45.453954935073853 247.34527143836021 34.848032116889954 231.81517016887665 26.893590003252029 112.87732142210007 112.1197555065155 61.362839162349701 16.666450142860413 10.605922818183897 115.90758508443832 218.55776664614677 18.939147889614105 115.15001916885376 93.938173532485962 54.544745922088623 37.87829577922821 48.484218597412109 1744.6743035912514 165.149369597435 106.05922818183899
leaf_count=359 56 65 1712 1974 56 172 21 74 32 45 299 23 153 32 76 74 117 20 7 210 355 20 76 62 36 25 32 1903 109 154
internal_value=-8.44667e-06 -0.000109182 -0.000504786 0.000397055 0.000112433 -0.00227122 0.000510495 0.0013685 0.00840849 0.00106556 -0.00091597 0.00177133 0.00140247 0.000780709 0.00474405 0.00180457 0.00326148 0.00439706 0.0035481 -0.000329975 0.00429847 0.00716537 0.000388746 0.00263963 9.27224e-05 -4.86382e-05 0.000287351 0.00011382 -0.00320669 0.00438664
internal_weight=8363.53 7978.68 4478.73 3499.95 2734.81 284.087 3416.24 1423.09 58.7114 1364.38 358.329 1006.05 941.654 793.929 147.725 562.114 334.087 272.724 245.83 228.027 229.164 64.3931 2450.73 284.845 2165.88 2111.34 1908.31 1859.82 203.028 199.997
internal_count=8349 7990 4402 3588 2690 237 3532 1558 53 1505 373 1132 1067 968 99 815 531 414 382 284 362 65 2453 272 2181 2145 2011 1979 134 216
is_linear=0
shrinkage=0.03


Tree=139
num_leaves=31
num_cat=0
split_feature=54 39 7 98 43 66 100 66 87 106 84 59 82 14 73 39 13 16 90 106 16 41 54 64 27 73 92 44 92 89
split_gain=2.3182 2.60205 1.94162 1.90923 1.79588 1.96256 3.23941 3.44579 2.52953 2.41144 2.26051 2.2336 2.12688 1.87211 1.86913 1.95441 1.80935 1.76909 1.75579 1.90237 1.54069 1.5188 1.5379 1.94541 1.50763 1.51329 1.90355 1.48537 2.2522 1.4555
threshold=0.32500000000000001 1.1250000000000002 11.545000000000002 33.835400577889459 0.22681818181818228 0.57500000000000007 0.78899052408619574 -0.099999999999999964 1.5650000000000002 129.50000000000003 5.1230000000000482 16.075000000000003 4.9758689539290515 49.650000000000006 3.0102739726027403 2.8250000000000006 2.6350000000000002 0.43027450889908786 2.9650000000000003 128.50000000000003 -0.85227513186527171 0.11000000000000022 -0.62499999999999989 2.6650000000000005 1.4350000000000003 1.5467123287671236 7.8691221983771991 14.201842105263159 12.154844290657442 3.8650000000000007
decision_type=2 2 2 8 2 2 2 2 2 2 2 8 10 10 2 2 10 2 2 2 2 2 2 2 2 2 8 10 10 2
left_child=1 -1 4 -2 5 6 7 13 24 11 14 -10 27 17 15 -8 -16 -3 19 -5 -20 -15 -23 -24 -9 -26 -27 28 -7 -22
right_child=3 2 -4 18 -6 12 10 8 9 -11 -12 -13 -14 21 16 -17 -18 -19 20 -21 29 22 23 -25 25 26 -28 -29 -30 -31
leaf_value=0.010180191118557056 -0.0063927860284937231 -0.0017406535956822099 0.0068555264747258001 -0.00037635049743775734 -0.0080091122124359843 0.0016728292760162611 -0.001163416009418836 0.0065470595443415701 0.0025167656969383488 0.0010638950313352677 -0.0056571760672446385 0.012127848215792724 -0.0044756654260343131 0.0094207842799509563 0.0046941288372277339 -0.0078986362143437863 -0.0059444089051754424 0.0033965093529050674 0.0029639535964157142 -0.0047273809290706223 -0.004490304411171795 0.001831418642997362 0.0011395654108467526 -0.0012691081704928938 -0.0019456208734612572 0.0083734155911483685 0.0011626061146659701 0.0043006608109199601 -0.0069440531483705419 -0.014845708803575683
leaf_weight=23.863326340913773 53.029614090919495 760.59617924690247 39.772210568189621 2711.3284118771553 23.863326340913773 528.02344316244125 743.55094614624977 45.832737892866135 34.848032116889954 67.423366487026215 106.05922818183899 57.953792542219162 48.484218597412109 16.666450142860413 82.574684798717499 40.908559441566467 17.424016058444977 65.529451698064804 17.424016058444977 93.55939057469368 48.863001555204391 444.69119244813919 531.81127274036407 697.71820825338364 134.46795001626015 34.848032116889954 604.53760063648224 189.77026185393333 28.78750479221344 16.28766718506813
leaf_count=39 35 1177 27 2811 27 659 700 55 23 58 70 57 32 11 113 45 13 173 22 100 57 298 351 465 130 23 579 126 19 22
internal_value=-7.4896e-05 0.000295875 0.000251755 -0.000752009 0.000202259 0.000239353 -4.04365e-06 0.000424942 0.00193423 0.00538174 -0.00151854 0.00851879 0.00161311 -0.000162646 -0.00102225 -0.00151465 0.00284044 -0.00133317 -0.000648413 -0.000521483 -0.00495997 0.000409241 0.000319534 -0.000227279 0.00126034 0.000947224 0.00155561 0.00200853 0.00122733 -0.00707916
internal_weight=8310.5 5370.01 5346.14 2940.49 5306.37 5282.51 4487.44 3496.92 979.912 160.225 990.517 92.8018 795.065 2517.01 884.458 784.46 99.9987 826.126 2887.46 2804.89 82.5747 1690.89 1674.22 1229.53 819.686 773.854 639.386 746.581 556.811 65.1507
internal_count=8317 5270 5231 3047 5204 5177 4341 3400 925 138 941 80 836 2475 871 745 126 1350 3012 2911 101 1125 1114 816 787 732 602 804 678 79
is_linear=0
shrinkage=0.03


Tree=140
num_leaves=31
num_cat=0
split_feature=54 95 35 13 89 59 54 106 75 95 25 60 57 59 70 81 40 70 89 49 25 97 63 99 75 23 79 79 7 73
split_gain=2.36625 2.211 2.39691 3.09802 2.79965 2.93821 2.54611 3.66792 2.62577 2.06801 2.05813 1.9302 3.81408 3.35536 1.95802 1.94682 2.05091 1.76149 2.29868 1.99597 1.80418 1.71108 1.70932 3.29046 2.36718 1.72406 1.83877 1.70398 2.59985 3.11842
threshold=-0.48000000000000004 24.565000000000001 18.530000000000005 6.714500000000001 3.9200000000000004 18.715000000000003 0.68500000000000005 59.500000000000007 0.51500000000000012 20.195000000000004 3.6687500000000006 2.4039999999999968 16.025000000000002 16.135000000000002 3.7678826683256559 17.385000000000002 1.9550000000000003 1.6727987860196458 2.3750000000000009 3.4905263157894746 2.4812500000000006 86.779696716976176 0.36500000000000005 2.4653275482632817 0.21500000000000002 1.6285091131822871 0.058180303591262486 0.0053874352511221356 8.3550000000000022 0.87376712328767125
decision_type=2 10 10 10 2 10 2 2 2 10 2 2 10 10 10 10 2 10 2 2 2 10 2 2 2 2 2 2 2 2
left_child=-1 2 4 6 5 11 9 8 -8 -4 -6 14 13 -13 15 22 -17 20 -19 -20 -3 -9 24 27 25 -2 -27 -24 -29 -30
right_child=1 17 3 -5 10 -7 7 21 -10 -11 -12 12 -14 -15 -16 16 -18 18 19 -21 -22 -23 23 -25 -26 26 -28 28 29 -31
leaf_value=0.0011975142355249615 -0.0061245429596968092 -0.0010143526388676734 0.0090867581888922962 -0.0014794826163489403 -0.0039087195453142319 -0.0022890860922839869 -0.0050919322869377804 -0.00052520268585845293 0.0043719100320954709 0.003172506806890487 -0.020200779484424777 0.00035267268701356285 -0.0049583953208527758 0.0062437507855031939 0.0065331832387231659 0.0026202485747941658 -0.002984308413308876 -0.0048468581659147228 0.0047513936179000432 -0.0023009658472752464 -0.0060110141806824875 -0.0092021089889114237 0.00075874606920356608 0.0059060009856022784 -0.0089797898054761027 0.00042720073164531397 0.017145356090195529 -0.00086372139187179306 0.088088689029852202 0.0019579008166834902
leaf_weight=1317.0283442437649 20.454279720783234 116.66515100002289 66.66580057144165 232.19395312666893 21.969411551952362 553.78068429231644 31.817768454551697 40.908559441566467 154.5434467792511 263.63293862342834 10.227139860391615 180.30068790912628 60.605273246765137 168.17963325977325 39.014644652605057 69.696064233779907 374.616345256567 65.150668740272522 89.392778038978577 60.605273246765137 146.96778762340546 40.908559441566467 1490.1321559548378 85.226165503263474 45.07517197728157 20.454279720783237 8.3332250714302045 2285.9551502764225 0.37878295779228111 309.84445947408676
leaf_count=1284 36 77 44 154 55 370 21 27 102 174 27 119 40 111 28 46 251 43 59 40 97 27 1675 153 101 42 22 2744 1 380
internal_value=3.02185e-05 -0.000187733 -4.44048e-05 0.00146187 -0.000262226 -0.000212502 0.00260304 0.000431451 0.00275613 0.00436621 -0.00908384 1.04357e-05 0.00198774 0.00319576 -0.000159885 -0.000215324 -0.00210516 -0.002156 -0.000141699 0.00190196 -0.00379985 -0.00486366 -1.84873e-05 7.18106e-05 -0.00401226 0.000534933 0.00526667 -4.98702e-05 -0.000513993 0.00206307
internal_weight=8370.72 7053.7 6574.91 830.671 5744.24 5712.05 598.477 268.178 186.361 330.299 32.1966 5158.27 409.086 348.48 4749.18 4710.17 444.312 478.782 215.149 149.998 263.633 81.8171 4265.85 4171.54 94.317 49.2418 28.7875 4086.31 2596.18 310.223
internal_count=8350 7066 6750 549 6201 6119 395 177 123 218 82 5749 270 230 5479 5451 297 316 142 99 174 54 5154 4953 201 100 64 4800 3125 381
is_linear=0
shrinkage=0.03


Tree=141
num_leaves=31
num_cat=0
split_feature=30 14 95 42 54 66 98 25 84 20 87 19 98 3 82 15 56 95 56 13 79 17 68 19 35 75 20 97 73 98
split_gain=2.0104 1.6133 1.68607 1.71469 1.58169 1.96078 2.83178 2.13257 1.95108 1.93909 1.88553 3.06467 2.43806 2.31218 2.15667 1.93109 2.43476 2.19238 3.20636 3.37566 2.53137 2.27282 2.27007 2.08452 2.00579 5.7204 1.84588 1.81523 2.03378 1.78866
threshold=1.0350000000000004 47.975000000000009 22.200000000000003 -0.49999999999999983 -0.90000000000000013 1.0000000180025095e-35 81.12751902595646 1.8162500000000004 -1.0349999999999679 -0.13398618541829246 1.3650000000000004 0.891520983201324 75.159629477274393 4.1950000000000012 0.90269016363488497 1010.4150000000001 14.774945945945948 20.595000000000002 12.190945945945948 14.535000000000002 -0.016981210662717551 0.8591385681888436 10.136321917808219 -0.40593911492783125 21.380000000000003 0.91500000000000015 0.41318371002528836 94.955097008164785 1.8018493150684933 131.40482913923034
decision_type=2 8 10 2 2 2 10 2 2 10 2 10 8 2 8 8 8 10 10 10 2 2 10 10 10 2 10 10 2 10
left_child=1 2 3 -1 -3 6 8 27 -6 -9 11 14 -12 29 -7 16 -16 18 20 23 21 -17 -22 -20 -19 -26 -10 28 -8 -14
right_child=-2 4 -4 -5 5 10 7 9 26 -11 12 -13 13 -15 15 17 -18 24 19 -21 22 -23 -24 -25 25 -27 -28 -29 -30 -31
leaf_value=0.0040261269081530507 -0.0074857677638355798 0.0022356733392281448 -0.0036964439382547224 -0.00095821507627471116 -0.0055847487137311701 0.0073643566294317713 -0.0014474609302858128 0.00014201142076986591 -0.0016132190587565905 -0.002895672007285903 -0.0027467557306557516 -0.0017482010301990158 0.002940318556199703 -0.0047160818165730084 -0.00030645296915967761 0.0080469691801758111 -0.0061631923026442825 -0.0023619055620846294 0.00536990503743188 0.010676553982511499 0.0008784903167173791 -0.00052385246272027366 -0.0019056699979491034 0.0012389014724443021 0.0069633289956551369 -0.0041691024949191274 0.0042185688892489685 0.0063424304641114667 0.0024573828052299298 0.0085418066485317638
leaf_weight=68.180932402610779 32.196551412343979 320.45038229227066 186.3612152338028 698.4757741689682 106.43801113963127 42.044908314943314 184.84608340263367 807.56526601314545 943.54834786057472 246.96648848056793 72.726327896118164 581.05305725336075 294.69314116239548 30.302636623382568 506.43281456828117 73.86267676949501 73.105110853910446 318.17768454551697 157.57371044158936 49.620567470788956 1198.4692784547806 44.696389019489288 337.87439835071564 363.63163948059082 87.877646207809448 78.786855220794678 51.514482259750366 66.66580057144165 342.41979384422302 62.120405077934265
leaf_count=45 52 315 123 461 71 30 122 533 1591 163 48 385 304 23 338 111 58 210 104 44 2267 58 223 240 58 52 40 44 226 41
internal_value=-3.60914e-06 2.50814e-05 -0.00113708 -0.000514944 0.000173878 8.11218e-05 -0.000546549 0.000240389 -0.00172425 -0.0005694 0.000475829 0.000262287 0.00229305 0.00323986 0.000612871 0.000526592 -0.00104524 0.000862661 0.00126087 0.00319964 0.000592133 0.0048158 0.000266195 0.00248781 -0.000965376 0.00170073 -0.00131131 0.00167818 0.00108844 0.00391552
internal_weight=8428.68 8396.48 953.018 766.657 7443.46 7123.01 2749.96 1648.46 1101.5 1054.53 4373.05 3913.21 459.843 387.116 3332.15 3290.11 579.538 2710.57 2225.73 570.826 1654.9 118.559 1536.34 521.205 484.842 166.665 995.063 593.932 527.266 356.814
internal_count=8380 8328 629 506 7699 7384 2790 1088 1702 696 4594 4178 416 368 3793 3763 396 3367 3047 388 2659 169 2490 344 320 110 1631 392 348 345
is_linear=0
shrinkage=0.03


Tree=142
num_leaves=31
num_cat=0
split_feature=14 42 64 19 55 102 87 86 47 51 19 74 53 24 23 106 28 66 98 19 81 91 42 104 34 17 67 54 77 13
split_gain=1.73983 2.88444 2.26664 2.26874 1.79203 1.79946 1.65025 1.63147 2.46706 2.55422 2.00804 2.06015 2.29477 2.02578 3.82969 2.34415 1.99462 1.84953 2.39901 1.74309 2.63218 2.51803 2.49641 3.8874 3.25984 2.95019 2.97487 2.58958 2.37915 3.96821
threshold=51.315000000000005 0.94500000000000006 3.9850000000000008 -0.90183115283597604 -0.14328947368421038 24.500000000000004 1.1650000000000003 0.60903384289132945 23.765000000000004 2.2950000000000004 0.76182095817023709 0.76461707780829469 1.4950000000000006 38.260030500000006 1.6183159792555943 28.500000000000004 1.8450000000000004 -0.59999999999999987 77.46287076063318 -0.023559755862717514 10.285000000000002 -0.020155940009447329 0.72500000000000009 0.5069204152249136 1.773056193088556 0.8336449115790503 0.09083926031294455 0.88000000000000034 1.5150000000000003 10.625000000000002
decision_type=8 2 2 10 2 2 2 2 10 2 10 2 2 2 2 2 2 2 8 10 8 2 2 2 8 2 2 2 2 10
left_child=1 2 3 -1 -2 -6 -5 8 9 19 11 12 -9 15 -15 -13 -12 -11 -19 20 -7 -21 -22 24 -24 27 -27 -26 -23 -30
right_child=4 -3 -4 6 5 7 -8 10 -10 17 16 13 -14 14 -16 -17 -18 18 -20 21 22 28 23 -25 25 26 -28 -29 29 -31
leaf_value=0.0060848054972779207 0.0020996851284863071 -0.0096693217672629578 -0.0046264102480186925 8.2339129327195192e-05 0.0065760172663762197 0.0096579978032977094 -0.0022125170673400448 -0.00046899803709622972 -0.0068177897129260709 -0.0018312572456111106 0.0016421782198553412 0.018467234434029211 -0.0092075949423602362 0.0028192217491650813 -0.0041240674104130806 0.0031570008605109751 -0.0027127684325686206 -0.0022484799691790619 0.0043933152935014498 0.0045786296278405936 -0.00099281389753186908 -0.00017573875710198835 -0.00093838516288793168 -0.014142938699419435 0.015176901927310497 0.020814480222891653 0.0059558037617337732 -0.0021034171307022951 0.00056981204481164566 0.0067471973018429776
leaf_weight=46.969086766242981 410.6007262468338 33.332900285720825 124.24081015586853 915.51840898394585 37.87829577922821 22.726977467536926 407.57046258449554 1235.2112253606319 42.423691272735596 72.347544938325882 113.63488733768463 13.257403522729872 27.651155918836594 284.84478425979614 95.45330536365509 28.029938876628876 566.65930485725403 57.57500958442688 326.51090961694717 148.48291945457458 1573.8431896269321 1240.8929697275162 68.559715360403061 11.363488733768461 10.227139860391615 22.348194509744644 26.514807045459747 32.954117327928543 322.72308003902435 131.81646931171417
leaf_count=31 439 22 82 605 25 15 269 1470 28 74 75 26 46 416 189 50 374 38 367 98 2298 822 49 24 24 53 61 84 213 87
internal_value=-2.47302e-05 -0.000941111 -0.000746414 -0.000394564 0.000177434 5.62664e-05 -0.000624579 1.81325e-05 0.000379257 0.000454296 -0.000609714 -5.4148e-05 -0.000660335 0.00176169 0.00107648 0.00807313 -0.00198533 0.00256888 0.0033977 0.000187118 -0.00048577 0.000832499 -0.000617821 0.00281411 0.0040139 0.00770263 0.0127516 0.00198929 0.00050442 0.00236125
internal_weight=8452.16 1527.63 1494.3 1370.06 6924.53 6513.93 1323.09 6476.05 4111.31 4068.89 2364.74 1684.45 1262.86 421.585 380.298 41.2873 680.294 456.433 384.086 3612.45 1768.54 1843.92 1745.81 171.967 160.604 92.0443 48.863 43.1813 1695.43 454.54
internal_count=8454 1009 987 905 7445 7006 874 6981 4335 4307 2646 2197 1516 681 605 76 449 479 405 3828 2608 1220 2593 295 271 222 114 108 1122 300
is_linear=0
shrinkage=0.03


Tree=143
num_leaves=31
num_cat=0
split_feature=54 67 95 79 66 97 14 9 16 26 89 43 63 7 75 53 94 92 68 50 75 89 50 20 68 63 75 54 87 87
split_gain=2.09552 2.14858 3.57853 1.98177 2.6329 1.85654 1.77558 2.36546 2.13885 2.02821 1.94714 1.78677 1.76658 2.08328 1.7523 1.71758 1.80426 1.60007 5.06399 2.02948 1.54078 1.52772 1.49866 1.4979 1.49526 2.06175 1.77144 3.2938 1.8448 2.72554
threshold=0.34000000000000025 0.059281650071123675 22.980000000000004 0.0006122732321362231 -1.0000000180025095e-35 25.761194695167973 68.990000000000023 251.78500000000003 -0.12082988487333025 0.094692484742278635 3.9650000000000003 0.14763636363636409 1.4550000000000003 7.9850000000000012 0.36500000000000005 0.74500000000000011 2.5528070610476497 10.933814878892736 10.111650684931506 0.28855456690319314 0.20500000000000004 2.8150000000000008 0.1229106073631364 -0.96273872583736464 6.3719794520547959 0.48500000000000004 0.47500000000000003 0.77500000000000024 0.48500000000000004 0.37500000000000006
decision_type=2 2 10 2 2 8 8 2 2 2 2 2 2 2 2 2 8 8 8 2 2 2 2 10 10 2 2 2 2 2
left_child=1 3 12 4 17 22 24 8 -8 -9 11 -11 13 -3 20 16 -16 18 -1 -19 -10 -6 -5 -14 -2 -26 27 -27 29 -28
right_child=6 2 -4 5 21 -7 7 9 14 10 -12 -13 23 -15 15 -17 -18 19 -20 -21 -22 -23 -24 -25 25 26 28 -29 -30 -31
leaf_value=-0.001032751402757917 -0.0099689883658709653 0.000757746700007106 -0.0044093429740194746 0.0005701836518222839 0.0037619702405350128 -0.00028431107212928641 -0.0053521922784675775 -0.00084467302652765182 0.0019449239934504437 0.00059061228048446206 -0.0074793861529309086 0.0045659608942981329 0.0012869759092199557 0.0075352302619768581 0.0061110792009397095 -0.0011541617500262248 0.00028939835212986965 -0.00072214664395852833 0.0060478532709814072 0.0020202293614430739 -0.0094358203266886927 -0.0034563318970659228 -0.0060968445169399107 0.0063069638189573365 0.0029092073490618385 -6.5760818421556025e-07 -0.0023023759292360312 -0.0078803309063497067 -0.001850396454707753 0.0038390312295799871
leaf_weight=207.57306087017059 18.181581974029541 432.19135484099388 75.756591558456421 45.453954935073853 316.66255271434784 2338.984764367342 91.286692827939987 240.90596115589142 15.530101269483565 169.69476509094238 16.666450142860413 254.16336467862129 81.817118883132935 45.07517197728157 68.559715360403061 450.7517197728157 159.08884227275848 1149.2274939417839 161.74032297730446 307.95054468512535 34.469249159097672 28.78750479221344 91.286692827939987 154.5434467792511 96.968437194824219 87.877646207809448 119.69541466236115 104.54409635066986 834.83763897418976 142.42239212989807
leaf_count=137 12 472 50 30 272 2365 190 393 41 280 23 419 135 62 46 434 174 1216 112 291 70 37 67 102 64 58 79 69 560 94
internal_value=-4.51335e-06 0.000343066 0.00179013 9.72882e-05 0.000758679 -0.000482947 -0.000654905 6.24408e-05 -0.00102338 0.00136857 0.0025789 0.0029744 0.00244825 0.00139784 -0.000480872 -8.14069e-05 0.00204268 0.000304425 0.00206819 -0.000142591 -0.00590089 0.00316045 -0.00388066 0.00456928 -0.00142158 -0.00130949 -0.00162675 -0.00428174 -0.00116103 0.00103457
internal_weight=8342.69 5437.05 789.384 4647.67 2171.94 2475.73 2905.64 1501.12 819.686 681.431 440.525 423.858 713.627 477.267 728.4 678.4 227.649 1826.49 369.313 1457.18 49.9994 345.45 136.741 236.361 1404.53 1386.35 1289.38 192.422 1096.96 262.118
internal_count=8354 5348 821 4527 2065 2462 3006 2070 955 1115 722 699 771 534 765 654 220 1756 249 1507 111 309 97 237 936 924 860 127 733 173
is_linear=0
shrinkage=0.03


Tree=144
num_leaves=31
num_cat=0
split_feature=54 73 93 96 93 69 32 92 105 72 21 46 9 69 67 79 9 60 93 59 90 66 42 105 69 46 96 106 92 69
split_gain=1.96472 2.56285 2.52337 2.00524 1.86529 2.30416 1.99121 1.88058 1.98161 2.62102 1.82924 3.00317 1.82917 2.37 1.84073 1.71308 1.61872 1.609 1.89914 2.10453 1.55722 1.69363 1.74302 1.57893 2.37557 2.16935 2.05862 1.83113 3.526 1.89982
threshold=0.090000000000000205 2.1778767123287675 25.835000000000004 11.45750000000004 11.610000000000001 11.420000000000002 9.903571428571432 12.450692041522492 132.50000000000003 2.5695000000000054 -0.49848767142220984 1.4382967880113409 74.180000000000021 12.515000000000002 -0.032208392603129445 -0.0085209181784524409 83.540000000000006 0.63150000000001694 19.390000000000004 19.200000000000006 -1.2049999999999998 0.56500000000000017 0.35000000000000037 144.50000000000003 19.080000000000002 1.3280536556012017 3.6734999999999904 54.500000000000007 11.632631487889276 15.385000000000003
decision_type=2 2 10 2 8 8 8 10 2 2 8 10 2 8 2 2 2 2 10 10 2 2 2 2 8 8 2 2 10 10
left_child=10 2 4 17 5 -2 15 8 12 -10 11 -1 13 -8 -14 -6 -16 -3 19 -19 -12 22 23 25 -25 26 -22 28 29 -28
right_child=1 3 -4 -5 6 -7 7 -9 9 -11 20 -13 14 -15 16 -17 -18 18 -20 -21 21 -23 -24 24 -26 -27 27 -29 -30 -31
leaf_value=9.7053697902749637e-05 0.00076218407229230458 -0.0033839452285353796 0.0095767675221375605 0.0046257383754414105 0.0009515335994304551 0.0087354500129407531 0.0028869345084947626 -0.0047945659963632538 0.0012907298470783732 0.013005145009318366 -0.0022044578639899355 0.0077526606003756639 0.0049075056146234506 -0.0034802022871467044 0.0062548014034827472 -0.0031699922468546816 2.8643579005641809e-05 -0.0012569637277807639 -0.0027340590410122726 0.0051409861986396934 0.0014746716162702812 0.0021258827763010199 -0.0035302023866501516 0.00064966926523135594 0.005545622496953952 -0.0011070092627686096 0.001674667891100758 -0.0017681325756715531 0.010587387505664273 -0.0055851542852515821
leaf_weight=108.33192592859268 115.52880212664604 460.60007667541504 24.242109298706055 40.908559441566467 122.7256783246994 45.453954935073853 66.66580057144165 71.211196064949036 59.090141415596008 24.242109298706055 206.43671199679375 80.301987051963806 75.377808600664139 249.61796918511391 38.257078737020493 348.48032116889954 2128.3814398348331 112.1197555065155 213.63358819484711 78.786855220794678 1115.8945936560631 484.84218597412109 107.57436001300812 321.20794820785522 123.48324424028397 914.382060110569 137.87699663639069 434.84283554553986 33.332900285720825 42.423691272735596
leaf_count=79 80 541 16 27 81 33 44 47 78 16 227 53 91 290 38 230 2436 74 141 52 738 512 107 212 209 1496 91 287 22 28
internal_value=2.12004e-06 -0.000448151 -6.72551e-05 -0.00186457 -0.000137147 0.00301346 -0.000296439 1.62285e-05 0.000145914 0.00469856 0.000470397 0.00335607 -2.38022e-06 -0.00213815 0.000298915 -0.00209654 0.000138581 -0.00217146 -0.00079096 0.00138346 0.000331617 0.00047251 0.000224407 0.000353719 0.00200919 7.88996e-05 0.000693495 -0.00065075 0.00162364 -3.35256e-05
internal_weight=8386.25 4275.32 3369.27 906.049 3345.03 160.983 3184.05 2712.84 2641.63 83.3323 4110.93 188.634 2558.3 316.284 2242.02 471.206 2166.64 865.14 404.54 190.907 3922.3 3715.86 3231.02 3123.44 444.691 2678.75 1764.37 648.476 213.634 180.301
internal_count=8376 4315 3480 835 3464 113 3351 3040 2993 94 4061 132 2899 334 2565 311 2474 808 267 126 3929 3702 3190 3083 421 2662 1166 428 141 119
is_linear=0
shrinkage=0.03


Tree=145
num_leaves=31
num_cat=0
split_feature=54 14 63 43 16 14 75 98 13 29 7 50 98 63 54 57 90 72 85 92 13 99 63 67 34 28 29 29 70 73
split_gain=2.47151 1.91063 2.42935 2.14152 2.19865 2.18589 2.11008 1.83695 2.40439 1.72644 1.79532 1.69205 1.66054 1.67055 1.91548 2.1148 3.51789 1.60293 1.43278 3.01244 1.75164 2.09002 1.78916 2.53969 2.07439 2.01567 1.47313 1.43207 1.43179 1.42789
threshold=0.32500000000000001 68.990000000000023 0.36500000000000005 0.14763636363636409 -0.81243976305511811 87.550000000000011 0.21500000000000002 169.437137331466 7.9675000000000002 0.71500000000000019 11.545000000000002 0.36043213173574756 41.406448875233721 0.56500000000000006 1.0250000000000006 17.640000000000004 1.2250000000000003 3.1190000000000286 1.3126551724137934 8.4588408304498284 23.665000000000003 1.5982026592724494 0.54500000000000015 0.11661450924608817 0.36109291759915618 2.1650000000000005 0.47000000000000047 0.4250000000000001 1.6091079976732499 2.1552054794520554
decision_type=2 8 2 2 2 8 2 10 10 2 2 2 10 2 2 10 2 2 2 10 8 2 2 2 8 2 2 2 10 2
left_child=7 12 6 5 -5 -4 -3 9 28 10 -1 27 -2 17 15 -15 -17 -14 20 26 -6 -22 25 24 -24 -23 -20 -7 -9 -21
right_child=1 2 3 4 18 11 -8 8 -10 -11 -12 -13 13 14 -16 16 -18 -19 19 29 21 22 23 -25 -26 -27 -28 -29 -30 -31
leaf_value=0.00014815919351076492 -0.010480686119293961 0.00013086604924589652 0.0010685643345366802 0.0071824204116141509 -0.0004804751281118839 -0.0021252197796293331 -0.010785661738972448 0.002489568923529673 -0.0013749746579152843 0.0052825616372184246 0.0058611835437157866 0.0025115565157285838 0.0044677518502061284 -0.0018953762539244887 -0.0040617917388456517 0.0065250622814909693 -0.0012388641102266324 -0.0016534459539643751 -0.0024512325642256794 0.0040133550995153401 -0.0048826150729823891 -0.0069090466623947513 -0.0013044736992359153 0.00082146271478277823 0.012110691595590459 0.0098821413311239326 -0.010793000533112425 -0.0084313800776901811 0.007724177545543034 -0.0012681735534350186
leaf_weight=5011.2985315918922 18.181581974029541 29.923853665590286 373.10121342539787 57.953792542219162 101.13504973053932 405.29776483774185 34.090466201305389 116.66515100002289 87.877646207809448 60.984056204557419 49.999350428581238 66.287017613649368 81.817118883132935 769.30818727612495 251.13310101628304 78.786855220794678 157.57371044158936 72.726327896118164 89.013995081186295 116.66515100002289 18.939147889614105 18.560364931821827 12.121054649353026 37.87829577922821 71.9687619805336 9.8483569025993329 24.242109298706055 35.226815074682236 78.786855220794678 76.135374516248703
leaf_count=5001 12 79 247 117 69 689 90 77 58 71 36 133 54 510 171 52 104 48 160 77 47 40 8 76 130 26 43 57 52 51
internal_value=1.1567e-05 -0.000677724 4.18339e-05 0.000283815 0.00161238 -0.000674148 -0.00568267 0.000395119 0.00274655 0.000265053 0.000204597 -0.00195709 -0.00147221 -0.00135616 -0.00171809 -0.00113283 0.00134911 0.00158719 0.00105245 -0.000353442 0.00264343 0.00450939 0.00569226 0.00727154 0.010177 -0.0010881 -0.00423676 -0.0026295 0.00459964 0.00192772
internal_weight=8413.53 3007.92 1578.39 1514.37 634.461 879.913 64.0143 5405.61 283.33 5122.28 5061.3 506.812 1429.53 1411.35 1256.8 1005.67 236.361 154.543 576.508 306.057 270.451 169.316 150.377 121.968 84.0898 28.4087 113.256 440.525 195.452 192.801
internal_count=8385 3090 2139 1970 844 1126 169 5295 187 5108 5037 879 951 939 837 666 156 102 727 331 396 327 280 214 138 66 203 746 129 128
is_linear=0
shrinkage=0.03


Tree=146
num_leaves=31
num_cat=0
split_feature=14 77 72 77 27 15 46 82 70 46 68 65 106 17 28 81 20 98 20 23 72 19 97 58 10 53 98 89 96 89
split_gain=1.74898 2.40978 1.98681 2.66691 3.33841 2.92929 2.15298 2.9108 2.26805 2.85651 1.79266 1.76172 1.71909 1.62516 2.26453 1.62417 1.58463 1.56202 1.63067 3.06738 1.80396 1.54194 1.67976 1.57727 1.54162 1.5025 1.50249 1.5348 1.80679 1.68948
threshold=61.015000000000008 3.2350000000000008 -0.03699999999997771 1.2050000000000005 1.5850000000000002 1024.8695 0.43810783872278397 1.1204787699034708 3.0534112627745258 1.1083216578920145 18.185941780821924 2.895 123.50000000000001 -0.93596721710253894 1.5050000000000001 15.255000000000001 0.089763472711505782 49.678623502104237 -0.33421812093332476 1.6465824418762882 -2.275499999999965 -0.46885492046675264 15.101685651389724 1.9901903393432412 9.0950000000000006 0.71000000000000041 75.159629477274393 1.3950000000000002 2.8720000000000145 1.7950000000000006
decision_type=10 2 2 2 2 10 10 10 10 10 10 2 2 2 2 10 10 8 10 2 2 10 10 10 10 2 10 2 2 2
left_child=1 10 6 4 15 13 -2 -8 16 -10 11 17 -7 24 -15 -4 -9 -1 20 -20 -19 22 -16 -23 -5 -11 -6 28 -28 -29
right_child=2 -3 3 5 26 12 7 8 9 25 -12 -13 -14 14 21 -17 -18 18 19 -21 -22 23 -24 -25 -26 -27 27 29 -30 -31
leaf_value=-0.0060486705175599063 -0.0060979896897464725 -0.0037558585496226529 0.0012874652926753356 0.0028234969507753044 -0.0053127511944082093 -0.0023417019449164318 0.0046293028897844025 -0.00030685137841178966 0.010850276529864814 0.0063363367621212929 -0.010033037018820561 0.0092426795261924734 0.0029330219211339673 0.039376359133198056 -0.015571273595976411 0.0085644778602477559 -0.0029719223314947133 0.0052254094785528175 -0.0018156879358727552 0.0029772109030359963 6.5798181025697575e-05 0.0026473730768059684 0.005697264790508751 -0.0011378705696182131 -0.0057631497752498838 -0.0015678214950745483 -0.00037533421411507605 0.004785281535487307 -0.0080625070087451192 -0.0018497886633025392
leaf_weight=40.908559441566467 55.302311837673187 179.54312199354172 160.60397410392761 34.848032116889954 107.57436001300812 209.08819270133972 109.84705775976181 972.71463561058044 33.332900285720825 30.68141958117485 16.666450142860413 17.802799016237259 75.756591558456421 1.5151318311691273 3.4090466201305381 33.332900285720825 253.02701580524445 62.120405077934265 918.92745560407639 138.25577959418297 3341.6232536435127 851.50408911705017 170.07354804873466 112.1197555065155 40.908559441566467 73.483893811702728 63.635536909103394 60.605273246765137 48.484218597412109 80.301987051963806
leaf_count=27 38 297 106 23 71 138 77 642 22 21 11 35 50 1 6 22 167 41 608 92 4808 562 137 74 27 50 42 40 32 53
internal_value=3.24993e-05 -0.000347094 0.000532228 0.00114172 -0.000635812 0.0017992 -0.000286775 -6.86116e-05 -0.00044716 0.00320636 -0.000212178 -0.000175963 -0.00093885 0.00244144 0.00272452 0.0025382 -0.000856996 -0.000213209 -0.000159696 -0.00118888 0.000159964 0.00267569 0.00527932 0.00220695 -0.00181329 0.000760312 -0.00234285 -0.00108019 -0.00369952 0.001004
internal_weight=8298 4715.85 3582.15 2053.76 554.538 1499.22 1528.39 1473.09 1363.24 137.498 4536.3 4519.64 284.845 1214.38 1138.62 193.937 1225.74 4501.84 4460.93 1057.18 3403.74 1137.11 173.483 963.624 75.7566 104.165 360.601 253.027 112.12 140.907
internal_count=8320 5919 2401 1384 366 1018 1017 979 902 93 5622 5611 188 830 780 128 809 5576 5549 700 4849 779 143 636 50 71 238 167 74 93
is_linear=0
shrinkage=0.03


Tree=147
num_leaves=31
num_cat=0
split_feature=54 85 35 16 75 51 83 19 74 32 8 48 100 39 75 20 42 75 45 87 76 76 106 40 13 106 96 15 47 87
split_gain=1.90797 2.32787 2.28423 2.24876 2.05317 1.94098 1.86261 1.79631 1.75896 1.60975 1.53793 1.65236 4.9211 2.62329 2.32686 2.30055 2.29682 2.2877 1.61625 1.55716 1.38095 3.65544 2.70881 2.54539 2.30071 2.13947 1.99483 1.9393 1.89715 1.81311
threshold=0.33500000000000002 1.2774827586206898 7.5750000000000011 -0.94909439586795796 0.46500000000000002 0.21500000000000002 10.390000000000002 0.98103977907052253 0.27577733530492426 18.211428571428574 5.1750000000000007 1.1335000000000266 0.45358890991327255 0.49500000000000005 0.44500000000000006 -0.62714772960766885 0.99500000000000033 0.37500000000000006 17.865000000000006 0.30500000000000005 3.4950000000000006 3.4350000000000005 31.500000000000004 3.2850000000000006 -3.8984999999999994 132.50000000000003 1.0280000000000202 1026.9165 14.265000000000002 0.65500000000000014
decision_type=2 2 8 2 2 2 8 10 2 10 2 2 2 2 2 10 2 2 8 2 2 2 2 2 8 2 2 10 10 2
left_child=6 2 -2 -4 -3 -5 -1 9 -9 20 11 12 -7 -14 17 -16 -15 -13 -12 -20 21 25 -23 24 -22 -8 -25 -28 -24 -26
right_child=1 4 3 5 -6 10 7 8 -10 -11 18 14 13 16 15 -17 -18 -19 19 -21 23 22 28 26 29 -27 27 -29 -30 -31
leaf_value=0.016896246174324524 -0.0083232735643211653 -0.012721242528270444 0.0076146570353809789 0.015763270979455617 -0.0013396688398428808 0.040585376806098229 0.00037428310168195457 -0.005777934965465692 -0.00067352974108613058 0.0064382732579616898 -0.011105294265059518 0.0031812516115304725 -0.016727047070018947 -0.00055467912351339318 0.0094521225524072904 0.0020066091372317641 0.0061631745512073562 -0.0056452054312959793 -0.0098903143815522367 0.0022079536618015865 0.0076784343986398889 -0.00886812851189318 0.011965938673494339 0.0026287773017712552 -0.0042041396403725362 0.0077292336559266961 -0.0020592246742232069 0.0032995977589621171 0.0041710640414222904 -0.00094447891954943151
leaf_weight=6.0605273246765128 27.272372961044312 14.393752396106718 38.257078737020493 7.1968761980533591 1591.2672056853771 2.6514807045459738 3289.7299884259701 78.786855220794678 265.52685341238976 39.393427610397339 21.211845636367798 56.059877753257751 8.7120080292224866 828.77711164951324 59.090141415596008 101.5138326883316 48.484218597412109 49.999350428581238 13.257403522729872 34.469249159097672 24.242109298706055 12.121054649353026 35.605598032474518 337.87439835071564 199.23983579874039 35.9843809902668 236.36056566238403 81.817118883132935 133.3316011428833 670.06705233454704
leaf_count=4 18 23 53 16 1492 7 3279 52 176 26 14 37 23 1003 39 67 86 33 26 55 16 20 70 454 286 53 156 54 88 611
internal_value=-5.69207e-05 -0.000678142 0.000267161 0.000451681 -0.0014417 0.000229146 0.00027417 0.000255652 -0.00184153 0.000397356 0.000137825 0.000397569 -0.000223945 -0.000346077 0.00246869 0.004746 -0.000183399 -0.000979792 -0.00421502 -0.00115268 0.000350292 0.000679862 0.00483103 -0.00039553 -0.00143736 0.000453864 0.00102346 -0.000681242 0.00581393 -0.00169157
internal_weight=8348.76 2902.61 1296.95 1269.68 1605.66 1231.42 5446.14 5440.08 344.314 5095.77 1224.23 1155.29 888.625 885.973 266.663 160.604 877.261 106.059 68.9385 47.7267 5056.37 3506.77 181.058 1549.6 893.549 3325.71 656.052 318.178 168.937 869.307
internal_count=8337 2992 1477 1459 1515 1406 5345 5341 228 5113 1390 1295 1119 1112 176 106 1089 70 95 81 5087 3510 178 1577 913 3332 664 210 158 897
is_linear=0
shrinkage=0.03


Tree=148
num_leaves=31
num_cat=0
split_feature=30 77 77 47 19 32 67 85 79 94 64 72 71 13 46 85 2 74 52 65 62 7 99 62 93 17 39 9 70 80
split_gain=2.19582 2.35378 3.20971 2.72381 2.17327 1.87696 1.87402 1.63122 2.90419 2.31729 2.28389 2.90937 2.30514 3.06748 2.54706 2.20419 2.13503 2.85874 2.92976 2.38693 2.05397 1.95573 1.88055 2.24588 2.73406 1.91233 1.8469 2.25793 2.2209 1.83839
threshold=-0.3299999999999999 2.9750000000000005 2.9350000000000009 23.655000000000005 0.82090010707719341 15.663571428571432 -0.02546941678520635 1.3334137931034484 0.0036891311075671709 4.4410206229829461 2.1850000000000005 2.3889999999999536 16.075000000000003 27.295000000000005 0.88866543235305495 1.2179655172413795 1.0000000180025095e-35 0.31287195944753765 1.925 1.6450000000000002 0.28474463011432277 7.2150000000000007 1.5700938566737606 0.28264556144301173 18.450000000000003 0.8336449115790503 1.0550000000000004 329.39000000000004 1.244736903861519 10.217551724137932
decision_type=2 2 2 10 10 10 2 2 2 10 2 2 10 10 10 2 2 2 2 2 2 2 2 2 10 2 2 2 10 10
left_child=-1 2 3 5 -3 7 -7 9 20 10 12 21 13 15 -14 26 22 18 -18 -19 -9 -12 23 29 25 -25 27 -2 -29 -10
right_child=1 4 -4 -5 -6 6 -8 8 16 -11 11 -13 14 -15 -16 -17 17 19 -20 -21 -22 -23 -24 24 -26 -27 -28 28 -30 -31
leaf_value=0.0018727533314865539 -0.0010454130251177684 -0.0010643080336223425 0.010675841708465954 -0.0056143351029671069 -0.006333461925511096 0.0055590642495644731 0.00092171520734263745 0.0010312511619631974 9.6069891820597735e-05 -0.0028237107627253934 0.0047470653578145063 -0.0010095368101942926 0.0061831393553625578 0.0048400262942969712 0.00050833797455306703 0.0024087757560021733 -0.0069284249711231947 -0.006076068201023594 0.0053442352806287946 0.0018964692828499991 -0.00070121552428529979 0.0009034666023222818 -0.0043424992173838267 -0.00013895255785673544 -0.0021626560752203241 0.0033846096435289829 -0.0024473850155556985 0.017854109763198428 0.001165658344962768 -0.0026736677636293111
leaf_weight=548.85650584101677 64.014319866895676 268.93590003252029 25.378458172082901 77.271723389625549 95.45330536365509 96.968437194824219 410.22194328904152 1446.9508987665176 362.11650764942169 163.63423776626587 339.01074722409248 181.81581974029541 103.02896451950073 83.332250714302063 230.30003833770752 129.1649886071682 25.378458172082901 224.99707692861557 56.438660711050034 39.772210568189621 1072.3345535099506 183.70973452925682 124.99837607145309 256.0572794675827 222.72437918186188 302.26880031824112 615.52230641245842 13.636186480522158 15.151318311691282 533.3264045715332
leaf_count=573 100 383 25 51 63 64 273 1360 428 108 496 120 68 55 152 167 25 372 74 75 1040 248 117 229 147 321 788 30 10 352
internal_value=3.89272e-05 -9.0712e-05 2.52044e-05 -1.14502e-05 -0.00244459 4.78826e-05 0.00180832 -8.36222e-05 -0.000397183 0.000605955 0.000892479 0.00225926 0.000124669 -0.000649158 0.00226237 -0.00119535 -0.00120761 -0.0033639 0.00153744 -0.00487848 0.000293826 0.00339624 -0.000792759 -0.000528092 0.000647597 0.00176865 -0.00185257 0.00209265 0.00907071 -0.00155359
internal_weight=8312.77 7763.91 7399.53 7374.15 364.389 7296.87 507.19 6789.68 4667.36 2122.32 1958.69 704.536 1254.15 920.821 333.329 837.489 2148.08 346.586 81.8171 264.769 2519.29 522.72 1801.49 1676.49 781.05 558.326 708.324 92.8018 28.7875 895.443
internal_count=8314 7741 7295 7270 446 7219 337 6882 4540 2342 2234 864 1370 1150 220 1095 2140 546 99 447 2400 744 1594 1477 697 550 928 140 40 780
is_linear=0
shrinkage=0.03


Tree=149
num_leaves=31
num_cat=0
split_feature=11 42 21 92 33 79 72 12 94 23 93 93 29 96 106 94 33 93 88 16 67 106 82 15 33 13 85 10 96 72
split_gain=1.86314 1.68976 2.61466 1.87874 2.73474 2.73642 2.70396 2.56547 2.27076 2.1532 1.96604 2.76271 2.36444 1.95913 2.50447 2.34878 1.75428 1.69969 2.11997 3.22116 1.57248 1.68616 2.52675 2.66748 1.92671 2.09697 1.52652 1.51045 1.47537 2.22576
threshold=23.470000000000002 -0.11999999999999976 0.99936310497877012 11.791562283737028 17.355000000000004 0.0053874352511221356 3.0679999999999841 338.09000000000009 4.3065920702338758 1.633954708727881 11.590000000000002 11.180000000000001 0.064999999999999961 3.0774999999999868 61.500000000000007 3.8386572065842994 11.475000000000003 13.365 4.0850000000000009 -0.98483798533721378 0.064758179231863444 94.500000000000014 2.5847935500184582 1019.1090000000002 17.620000000000001 -0.48799999999999993 2.6468620689655178 7.3285000000000009 -3.2250000000000791 -0.27949999999998448
decision_type=10 2 10 10 10 2 2 10 10 2 8 10 2 2 2 10 8 8 2 2 2 2 10 10 10 8 2 8 2 2
left_child=1 2 20 4 5 6 9 13 10 17 11 -7 -12 14 -6 -15 -14 -3 19 -19 21 27 24 -24 25 -23 -21 -1 -5 -30
right_child=-2 3 -4 28 7 8 -8 -9 -10 -11 12 -13 16 15 -16 -17 -18 18 -20 26 -22 22 23 -25 -26 -27 -28 -29 29 -31
leaf_value=-0.0035208580234870764 -0.0088877798738310095 -0.0063475705283524628 -0.0045599606570467235 0.0017302361940586084 0.0037119901839166272 -4.8675417854299241e-05 0.0071347479738429198 -0.0055441391039414162 -0.0034467706814556962 0.001865296542213678 -0.0041551528180816168 0.0088583536363483328 -0.0019997436256739137 0.013997550973666322 -0.0049812473678135143 0.0030385750023115025 1.880049854727523e-05 0.026639694493282542 -0.0062979435476280656 -0.00030843721259258611 0.0023371315424986455 -0.0052674660644414202 0.013190905023707771 0.0027076729200793178 0.0077791616030930145 0.0010487432260293625 0.0063443317846167543 0.00012394237484136074 -0.0041898397969073577 -0.00094167544074724165
leaf_weight=110.60462367534637 21.211845636367798 43.938823103904724 85.226165503263474 122.7256783246994 165.90693551301956 91.286692827939987 60.605273246765137 30.302636623382568 251.51188397407532 622.71918261051178 162.49788889288902 47.726652681827545 492.41784512996674 31.817768454551697 36.363163948059082 39.393427610397339 1818.5369803607464 4.1666125357151023 46.969086766242981 451.50928568840027 478.78165864944458 51.514482259750366 31.817768454551697 69.696064233779907 34.848032116889954 579.15914246439934 33.332900285720825 1367.7852605879307 253.02701580524445 760.59617924690247
leaf_count=73 14 32 57 81 111 73 40 20 172 588 165 33 325 21 24 26 2446 11 121 565 505 34 21 46 23 596 43 1433 167 502
internal_value=-7.93255e-06 1.45532e-05 0.000614358 -0.000288124 -9.03987e-06 -0.00021124 0.000951881 0.00273806 -0.000724269 0.000640304 -0.000462164 0.00300932 -0.000657269 0.00365576 0.00214916 0.00793514 -0.000411311 -0.000675103 -0.000210081 0.000374656 0.000776235 0.000443412 0.00158473 0.00599346 0.000912257 0.000532825 0.000148941 -0.000148741 -0.00137637 -0.0017525
internal_weight=8398 8376.79 2809.43 5567.35 4431 4127.22 1263.24 303.784 2863.98 1202.64 2612.47 139.013 2473.45 273.481 202.27 71.2112 2310.95 579.917 535.978 489.009 2724.21 2245.43 767.035 101.514 665.522 630.674 484.842 1478.39 1136.35 1013.62
internal_count=8368 8354 2788 5566 4816 4614 1400 202 3214 1360 3042 106 2936 182 135 47 2771 772 740 619 2731 2226 720 67 653 630 608 1506 750 669
is_linear=0
shrinkage=0.03


Tree=150
num_leaves=31
num_cat=0
split_feature=30 27 19 26 15 19 32 75 80 84 19 15 65 9 73 19 78 100 13 10 24 83 23 51 42 30 19 20 12 10
split_gain=1.58833 1.86128 1.77051 1.72346 1.78036 2.19404 1.79106 1.99543 2.5702 2.18047 2.39426 2.02967 2.3036 1.95744 3.18939 2.60236 2.5325 2.12606 1.94211 1.73381 1.70493 1.67241 1.65365 2.36139 1.64835 1.58974 1.99009 1.82178 1.54898 1.49376
threshold=-0.3299999999999999 1.5350000000000004 -0.38510068249206081 0.14966629547095753 1026.2110000000002 0.82090010707719341 11.065357142857144 0.43500000000000005 10.955693103448278 5.23249999999996 0.891520983201324 1001.0295000000002 0.4300000000000001 333.49500000000006 2.6222602739726031 0.60702909536264305 0.52000000000000024 0.629888963471542 1.5985000000000003 12.435 19.929957000000005 10.620000000000003 1.6270922478049792 0.72500000000000009 0.064999999999999961 0.28999999999999998 0.92916483094970836 0.23556618779982055 345.05000000000007 7.6930000000000005
decision_type=2 2 8 2 10 10 10 2 10 2 10 10 2 2 2 10 2 2 10 10 2 8 2 2 2 2 8 8 10 8
left_child=-1 2 20 4 6 -6 19 24 9 10 -9 -10 -13 15 16 -14 17 -15 -18 21 -2 -3 23 -4 -8 26 -24 -27 -17 -5
right_child=1 3 22 29 5 -7 7 8 11 -11 -12 12 13 14 -16 28 18 -19 -20 -21 -22 -23 25 -25 -26 27 -28 -29 -30 -31
leaf_value=0.0016327557842280938 -0.0020259785511572205 0.010223106241791634 -0.011780809348882414 -0.0065913466142214494 -0.00028279510933906836 -0.0040987288415870182 0.0016740976114705724 0.0032000990896774383 -0.0064518871139587668 0.01037972290611071 -0.0020591646846014511 0.0080385199562197727 0.00084851332297390051 0.0055758818894222255 -0.0024038846131800066 -0.003116409642027656 0.01046918813393676 -0.0026888437543913569 0.0036142253503320741 -0.0068522904256956242 0.0052417129981666482 -0.00031132957826784577 0.0030799756913094975 0.00022338343932284342 -0.0047350322424535175 0.002020667888484682 -0.00053966008348609409 0.0089409495719145957 0.0027111547932073734 -0.0010459283071424564
leaf_weight=552.64433541893959 226.13342580199242 13.636186480522154 16.28766718506813 45.453954935073853 421.2066490650177 199.99740171432495 56.059877753257751 456.43346413969994 37.87829577922821 31.817768454551697 93.938173532485962 36.363163948059082 564.00782415270805 39.393427610397339 124.24081015586853 325.75334370136261 43.938823103904724 96.968437194824219 242.42109298706055 36.363163948059082 33.332900285720825 2535.9519024193287 351.13180187344551 156.05857861042023 101.5138326883316 73.105110853910446 223.86072805523872 64.393102824687958 46.969086766242981 1144.3033154904842
leaf_count=577 150 9 25 30 278 132 37 305 25 21 62 24 376 26 82 215 29 64 160 24 22 3434 234 226 67 49 375 149 31 1143
internal_value=7.83088e-05 -3.12799e-05 0.00108685 -0.0002224 1.37649e-06 -0.00151134 0.000193795 0.000803287 0.00104318 0.00274388 0.00230244 0.000407639 0.000578572 0.000395739 0.00182175 -0.000436916 0.00306369 -0.000301256 0.00466605 -0.000347757 -0.00109232 -0.000254987 0.00172586 -0.000911079 -0.00245486 0.00236372 0.00167075 0.00526157 -0.00238204 -0.00125779
internal_weight=8391.56 7838.91 1144.3 6694.61 5504.85 621.204 4883.65 2297.7 2140.12 582.189 550.372 1557.93 1520.06 1483.69 546.963 936.73 422.722 136.362 286.36 2585.95 259.466 2549.59 884.837 172.346 157.574 712.491 574.993 137.498 372.722 1189.76
internal_count=8381 7804 1230 6574 5401 410 4991 1524 1420 388 367 1032 1007 983 361 622 279 90 189 3467 172 3443 1058 251 104 807 609 198 246 1173
is_linear=0
shrinkage=0.03


Tree=151
num_leaves=31
num_cat=0
split_feature=61 30 76 90 55 35 2 16 15 98 82 75 91 77 94 73 89 85 15 91 94 16 85 12 49 70 88 73 32 30
split_gain=1.65436 2.78905 2.74275 1.88891 1.84856 1.9139 1.64413 2.02153 2.4846 1.9152 1.70078 2.05455 1.98132 2.00952 1.83715 1.6587 2.03345 1.57743 1.57271 1.56104 1.42768 2.11618 1.49514 1.41591 1.97347 2.56193 1.41315 1.74036 1.37475 1.3074
threshold=1.8954054054054057 0.13999999999999982 2.5350000000000006 -0.37499999999999994 -0.062289473684210554 21.790000000000003 1.0000000180025095e-35 -0.26715428142264253 1016.5435000000001 88.804279913733438 1.2412544153694938 1.7050000000000003 -0.020911903637222468 1.4550000000000005 4.4767458816740247 3.3617808219178085 3.9650000000000003 3.0292068965517243 1016.1220000000002 0.047333490788852163 3.7662253241113075 -0.32466037068451348 2.4135862068965523 320.47500000000008 2.1613157894736847 1.8799162062335413 3.2050000000000005 1.0629452054794524 8.5371428571428591 1.0350000000000004
decision_type=2 2 2 2 2 10 2 2 8 8 8 2 2 2 10 2 2 2 10 2 10 2 2 10 2 10 2 2 10 2
left_child=4 2 3 28 26 29 9 8 -8 -4 -11 14 13 -13 23 16 -10 -17 -16 -9 22 -22 -14 -12 -25 -26 27 -1 -2 -6
right_child=1 -3 6 -5 5 -7 7 19 15 10 11 12 20 -15 18 17 -18 -19 -20 -21 21 -23 -24 24 25 -27 -28 -29 -30 -31
leaf_value=0.030470523956739996 -0.013960240906993562 -0.0016778377567341278 -0.00078297477032126693 -0.0015182506582881285 0.00028703644320693291 0.0080057255534149805 0.0034840272302746841 0.0007940322403574816 -0.0025579913709468907 0.0045712812821178265 0.0017748274260945354 0.010763110280992409 -0.0032751410910351075 0.00075538002890329181 -0.0044804465517826585 0.011183029994633864 -0.014016608459587528 -0.00049989930681454625 0.001030058093810059 0.012276606360621592 0.0068117201566445179 -0.00082777342569966374 -0.00025122378256803166 0.0010083308128641677 0.011365039694653188 0.00068161609569828026 -0.0029767082549754529 0.0040329560217765908 -0.0041900711124542613 -0.0068163143093545068
leaf_weight=2.2726977467536917 19.317930847406387 1147.7123621106148 680.29419219493866 298.4809707403183 3323.0628887116909 28.78750479221344 75.756591558456421 29.545070707798004 440.52457991242409 116.66515100002289 684.83958768844604 28.029938876628876 218.93654960393906 50.756916344165802 68.938498318195343 14.393752396106718 14.393752396106718 37.499512821435928 143.9375239610672 16.666450142860413 53.029614090919495 84.847382545471191 448.85780498385429 66.66580057144165 60.605273246765137 30.302636623382568 27.272372961044312 160.60397410392761 39.393427610397339 23.48454338312149
leaf_count=6 30 1113 449 245 3385 19 50 69 653 77 821 20 209 38 47 23 38 54 98 38 35 56 456 44 40 20 30 154 26 38
internal_value=-2.54375e-05 -0.000384896 1.37221e-05 -0.00248581 0.000465576 0.000303445 0.000279008 -0.00110434 -0.00158342 0.000596842 0.00105331 0.00084172 -0.000224763 0.00431582 0.00173556 -0.00234089 -0.00292055 0.00274062 -0.000754483 0.00493529 -0.000668788 0.00211049 -0.00124262 0.00236479 0.00492885 0.0078039 0.00334357 0.00440185 -0.00740477 0.000237188
internal_weight=8435.88 4870.39 3722.68 357.192 3565.48 3375.33 3365.49 628.78 582.568 2736.71 2056.41 1939.75 884.458 78.7869 1055.29 506.812 454.918 51.8933 212.876 46.2115 805.671 137.877 667.794 842.413 157.574 90.9079 190.149 162.877 58.7114 3346.55
internal_count=8381 4749 3636 301 3632 3442 3335 925 818 2410 1961 1884 814 58 1070 768 691 77 145 107 756 91 665 925 104 60 190 160 56 3423
is_linear=0
shrinkage=0.03


Tree=152
num_leaves=31
num_cat=0
split_feature=30 29 97 54 7 43 66 69 78 100 66 103 84 92 13 106 70 82 73 73 54 13 86 87 106 91 57 83 79 16
split_gain=1.94501 2.3434 1.93744 1.64755 2.0378 1.67791 1.80325 2.20678 1.58715 1.55774 2.22483 2.29765 1.98457 1.84422 2.65607 2.48958 2.37379 1.94038 1.80612 2.1955 1.65105 1.61882 1.52256 1.55396 1.50181 1.4512 1.44638 1.43837 1.37645 1.36417
threshold=0.8600000000000001 0.95500000000000018 165.60776869435077 0.33500000000000002 11.545000000000002 0.22681818181818228 0.66500000000000004 21.010000000000002 0.084999999999999978 0.78717416650910643 -0.16500000000000001 124.50000000000001 5.1230000000000482 11.464269896193773 -1.5419999999999998 69.500000000000014 0.9138597536198565 1.5524962935829278 3.0302064307458147 3.6216438356164384 -0.87999999999999989 2.3065000000000002 0.94734127349152153 1.2750000000000001 130.50000000000003 0.061426547000472377 11.605000000000002 23.765000000000004 0.0006122732321362231 -0.99214638768961005
decision_type=2 2 10 2 2 2 2 10 2 2 2 2 2 8 10 2 10 8 2 2 2 10 2 2 2 2 10 8 2 2
left_child=1 2 3 4 5 6 9 8 -8 10 13 -12 18 14 -1 17 -16 -15 25 21 27 -20 23 26 29 -11 -18 -17 -28 -5
right_child=-2 -3 -4 24 -6 -7 7 -9 -10 12 11 -13 -14 15 16 20 22 -19 19 -21 -22 -23 -24 -25 -26 -27 28 -29 -30 -31
leaf_value=0.014094858334381732 -0.0060329217779589925 0.008735784987869576 0.008456451290901652 0.0064246785939722374 0.0064941427735823332 -0.0068213480369049674 -0.0041351650982175553 -0.0071914815285849332 0.0023772987851969607 -0.00070560910725300352 0.0078229205946291746 0.0011315333590166652 -0.0045646561372693698 0.0025364656281083565 0.0058516940291123152 0.0002374463138055857 -0.00071396145184357096 -0.0039324844267633443 0.0090157002529758466 -0.0024268314720450341 -0.00066610967003448386 -0.0021303618466060213 -0.003897882215613819 -0.0032727191129223467 -0.0046601236117033715 -0.0071970637677295718 0.0045441778726225237 0.0053058390328581586 0.00078230314548045671 -0.0005623540899496167
leaf_weight=13.636186480522154 48.105435639619827 27.651155918836594 24.242109298706055 25.378458172082901 46.969086766242981 30.302636623382568 35.605598032474518 24.242109298706055 622.71918261051178 830.29224348068237 48.105435639619827 1156.4243701398373 121.21054649353027 48.484218597412109 74.241459727287292 125.75594198703766 216.66385185718536 299.61731961369514 51.893265217542648 39.393427610397339 970.82072082161903 15.151318311691282 72.726327896118164 78.786855220794678 80.301987051963806 32.196551412343979 153.02831494808197 84.089816629886627 204.54279720783234 2785.9486545622349
leaf_count=9 70 40 16 31 34 35 31 16 678 791 34 1100 80 32 61 83 143 545 77 53 1030 10 48 52 86 40 101 102 135 2831
internal_value=-1.7917e-05 1.6776e-05 -1.22264e-05 -3.69954e-05 0.000272605 0.000217984 0.000258082 0.00169774 0.00202507 4.6168e-05 0.000351001 0.00139877 -0.000945653 -0.000187792 0.000966077 -0.000801893 0.000742291 -0.00303148 -0.000492924 0.00319411 -0.000144533 0.00649682 0.000219617 0.000678179 -0.000614829 -0.000947934 0.00122025 0.00226846 0.00239226 -0.000499281
internal_weight=8388.53 8340.42 8312.77 8288.53 5396.9 5349.93 5319.63 682.567 658.325 4637.06 3546.92 1204.53 1090.14 2342.39 813.626 1528.77 799.99 348.102 968.927 106.438 1180.67 67.0446 725.748 653.022 2891.63 862.489 574.235 209.846 357.571 2811.33
internal_count=8394 8324 8284 8268 5320 5286 5251 725 709 4526 3475 1134 1051 2341 549 1792 540 577 971 140 1215 87 479 431 2948 831 379 185 236 2862
is_linear=0
shrinkage=0.03


Tree=153
num_leaves=31
num_cat=0
split_feature=27 12 45 53 30 97 16 91 77 2 65 84 25 48 11 48 2 65 55 80 85 63 97 46 20 96 29 51 37 63
split_gain=1.9414 1.88961 2.51692 2.02913 1.61219 1.8427 1.70014 2.68684 2.15628 1.97056 1.68224 1.53065 1.45545 1.40176 1.44587 1.66517 1.38638 1.73413 1.37552 1.47626 3.1484 2.18114 1.81862 1.45799 1.43003 1.43987 1.40198 1.62528 1.79386 1.44721
threshold=1.5850000000000002 326.74500000000006 12.210000000000003 0.75000000000000044 -0.27999999999999953 39.319754945540403 -0.92980860373494434 0.022131908360888082 2.6450000000000005 1.0000000180025095e-35 1.6550000000000005 -8.4730000000000114 3.3837500000000005 -2.0900000000000314 17.520000000000003 2.1634999999999995 1.0000000180025095e-35 1.395 0.0020789473684210981 12.43493103448276 2.572827586206897 0.95500000000000007 52.869078985544192 0.60550494875578209 -0.99356196926613471 1.891500000000008 0.6399999999999999 2.1450000000000005 2.5755000000000003 1.1050000000000002
decision_type=2 10 10 2 2 8 2 2 2 2 2 2 2 2 10 2 2 2 2 8 2 2 10 10 8 2 2 2 2 2
left_child=1 11 -3 -4 16 -6 7 9 12 -7 -11 -1 -9 -13 15 -15 17 -2 19 20 22 -21 -8 -22 -23 -26 29 28 -28 -20
right_child=4 2 3 -5 5 6 18 8 -10 10 -12 13 -14 14 -16 -17 -18 -19 26 21 23 24 -24 -25 25 -27 27 -29 -30 -31
leaf_value=-0.0054926096189434849 0.00041176492159866117 0.00077814649714790819 0.011175678258608728 0.0023157802670216473 -0.0017954067196979675 0.0084680429729012477 0.0029037359333162127 0.019546794433933361 0.00011827878101859961 -0.0049405172405742612 0.0086505644387984554 0.0071717367552279494 0.0043556851545523126 0.00022836650597686081 0.0096871206238753303 0.0093748688516864121 -0.0013855424083929868 0.0037011802029834409 0.00040201708321747546 0.010450865284649873 0.0013074430877997869 -0.0052973916875800539 -0.0004982582582948766 0.0092379008127824527 0.00049502751958176172 -0.0015772147826047316 -0.0031434712621965992 0.00030304375722248596 -0.014260767029256254 -0.0010783550652337488
leaf_weight=37.87829577922821 381.81322145462036 134.84673297405243 51.514482259750366 42.423691272735596 803.77743643522263 18.939147889614105 207.95184382796288 17.802799016237262 14.014969438314436 48.863001555204391 9.8483569025993329 28.78750479221344 8.3332250714302045 1217.0296433866024 15.151318311691282 18.181581974029541 173.10381171107292 231.81517016887665 847.33747658133507 16.666450142860413 31.817768454551697 53.029614090919495 442.03971174359322 60.605273246765137 816.27727404236794 478.78165864944458 31.438985496759415 38.635861694812775 22.348194509744644 1990.5044431984425
leaf_count=25 342 92 34 28 553 23 138 35 16 87 20 19 22 1413 10 12 265 198 971 44 21 35 294 40 1255 316 44 33 29 1874
internal_value=-7.11077e-05 0.000887844 0.00340444 0.00717443 -0.000290855 -0.000459371 -0.000251064 0.00331155 0.00961227 5.36102e-05 -0.00266072 0.000450679 0.0147033 0.000626672 0.000475983 0.000362998 0.000985551 0.00165443 -0.000334376 0.000250218 0.00132682 -0.000335446 0.000590142 0.00650774 -0.000468797 -0.000271078 -0.00075476 -0.00439091 -0.00776263 -0.000636338
internal_weight=8291.56 1545.81 228.785 93.9382 6745.75 5959.01 5155.24 117.801 40.151 77.6505 58.7114 1317.03 26.136 1279.15 1250.36 1235.21 786.732 613.628 5037.43 2107.17 742.415 1364.75 649.992 92.423 1348.09 1295.06 2930.26 92.423 53.7872 2837.84
internal_count=8288 1633 154 62 6655 5850 5297 203 73 130 107 1479 57 1454 1435 1425 805 540 5094 2143 493 1650 432 61 1606 1571 2951 106 73 2845
is_linear=0
shrinkage=0.03


Tree=154
num_leaves=31
num_cat=0
split_feature=92 96 82 102 97 54 63 9 72 49 1 83 80 16 64 92 80 93 94 106 77 105 13 93 50 75 75 94 53 50
split_gain=1.6851 2.02578 2.87033 1.93849 1.71581 1.60267 1.74819 2.3335 2.19702 2.62902 2.09462 3.27336 3.5575 3.08756 2.19531 2.10154 2.31615 2.21018 2.12319 2.07794 2.5812 2.05557 2.28394 1.91906 1.77738 1.70312 2.87056 1.70245 1.59614 1.54315
threshold=14.781729226739715 11.45750000000004 1.5307125276818569 24.500000000000004 16.270874430149401 -0.62499999999999989 0.7350000000000001 76.850000000000009 3.23049999999995 1.8676315789473688 1.0000000180025095e-35 13.240000000000002 11.831665517241381 -0.72163940434194906 3.3350000000000004 12.855609949614523 14.575455172413793 18.375000000000004 4.5026716372615079 24.500000000000004 1.1650000000000005 14.500000000000002 27.295000000000005 19.470000000000002 0.3110785797356726 0.33500000000000008 0.31500000000000006 5.1232180145436041 0.82999999999999996 0.29006956202290785
decision_type=10 2 10 2 8 2 2 2 2 2 2 8 8 2 2 8 8 8 10 2 2 2 10 10 2 2 2 10 2 2
left_child=1 3 -3 -1 28 -6 7 -7 10 -10 15 -12 -13 14 -14 16 18 -17 21 -11 -21 22 -8 -22 -15 26 -19 -20 -5 -9
right_child=-2 2 -4 4 5 6 8 29 9 19 11 12 13 24 -16 17 -18 25 27 20 23 -23 -24 -25 -26 -27 -28 -29 -30 -31
leaf_value=0.0066586723877663208 -0.002023382490291643 -0.00044809853201320993 0.0079878474621496911 -0.00082951816741041356 0.0013603136527224995 -0.004552035592973314 -0.0050471904203924335 0.0034770848301462084 0.0048629128062498564 -0.0037436854631786678 0.010777886564879416 -0.0026877496604945147 0.02217531292933176 0.00056220118641718965 0.0037442183535402302 -0.0065037648400351799 0.0046741807309871302 -0.0027576686004090541 -0.0051149666965514132 -0.0040256315527072237 0.0033143218257234994 -0.00018735667906689298 0.0025944257131645643 -0.00055981178939601927 0.0051959647642002855 -0.0018604250327822096 0.019970350240011269 0.0014126272158311581 -0.0073444326694388782 0.00061986172080750925
leaf_weight=39.393427610397339 356.05598032474518 75.756591558456421 69.696064233779907 91.286692827939987 754.91443488001823 57.953792542219162 156.05857861042023 274.23886144161224 143.9375239610672 93.938173532485962 28.029938876628876 257.57241129875183 10.605922818183901 731.05110853910446 12.87862056493759 93.938173532485962 76.892940431833267 11.742271691560747 153.40709790587425 77.271723389625549 309.0868935585022 2824.9632992148399 45.453954935073853 183.33095157146454 82.953467756509781 694.68794459104538 8.7120080292224866 46.969086766242981 53.787180006504059 448.10023906826973
leaf_count=26 235 50 46 64 802 75 106 331 95 62 20 170 28 1405 16 62 62 31 102 51 210 1866 30 121 156 1369 23 31 40 604
internal_value=-4.49298e-06 8.64001e-05 0.00359413 2.06784e-05 -1.31773e-05 4.86867e-05 -9.64186e-05 0.00123992 -0.000268958 0.00118751 -0.000493598 0.000654661 0.00039554 0.00134382 0.0120679 -0.000807154 -0.000471561 -0.00217749 -0.000594179 0.00039034 0.00107201 -0.000396172 -0.00332352 0.00187195 0.00103442 -0.00160921 0.00692278 -0.00358487 -0.00324497 0.00170462
internal_weight=8264.67 7908.61 145.453 7763.16 7723.76 7578.69 6823.77 780.293 6043.48 807.565 5235.92 1123.09 1095.06 837.489 23.4845 4112.83 3303.74 809.08 3226.85 663.628 569.69 3026.48 201.513 492.418 814.005 715.142 20.4543 200.376 145.074 722.339
internal_count=8289 8054 96 7958 7932 7828 7026 1010 6016 539 5477 1795 1775 1605 44 3682 2197 1485 2135 444 382 2002 136 331 1561 1423 54 133 104 935
is_linear=0
shrinkage=0.03


Tree=155
num_leaves=31
num_cat=0
split_feature=27 30 16 88 89 61 99 33 89 102 41 51 77 2 86 56 12 49 16 91 91 99 16 92 30 26 67 102 64 42
split_gain=1.68391 1.89282 1.87997 1.88624 1.65688 1.72081 1.70367 1.54637 1.54446 1.51151 2.42812 3.15005 1.88765 1.4746 1.97952 1.58968 1.82272 1.5329 1.67547 1.44434 1.46407 2.19897 1.85949 1.58253 1.41131 1.86671 1.40631 1.38559 1.30765 1.95707
threshold=1.7450000000000003 -0.019999999999999903 -0.96933804121775846 3.7950000000000004 3.4150000000000005 2.0739189189189196 2.1767250749483691 9.2750000000000004 1.3050000000000004 71.500000000000014 1.1550000000000005 0.68500000000000016 2.3850000000000007 1.0000000180025095e-35 0.93927035313499585 12.242135135135136 349.05000000000007 2.0576315789473685 -0.41000262821543032 0.019383378426598333 0.00070530231459613364 0.87421237488189607 -0.99759302102225911 6.6234446366782018 -0.27999999999999953 0.046547466812563283 0.24274182076813658 24.500000000000004 1.5750000000000004 0.33000000000000002
decision_type=2 2 2 2 2 2 2 8 2 2 2 2 2 2 2 8 10 2 2 2 2 2 2 10 2 2 2 2 2 2
left_child=8 13 3 -3 7 -6 -7 -4 19 -10 28 12 -12 15 17 -2 24 -15 -19 20 23 -22 -23 -1 -17 -26 27 -9 29 -11
right_child=1 2 4 -5 5 6 -8 26 9 10 11 -13 -14 14 -16 16 -18 18 -20 -21 21 22 -24 -25 25 -27 -28 -29 -30 -31
leaf_value=0.0041612688735929325 -0.00044174898749251706 0.012538410969435183 -0.0045701365604949393 -0.0021570821282688745 -0.012350076963445511 -0.0034929799746843534 0.0056777221314353041 0.0062316123882830655 -0.0041371023000617672 0.013288084099281446 -0.0065894849373799068 0.020083588235682414 0.010041686364609776 0.00073117124292710201 0.0015768113333813824 0.0026740814848708596 0.0096555256182470177 -0.0057122939289773059 -0.00027509881935777118 -0.0056901937609179819 0.013919963212178227 0.066742221208485039 0.00023968505190261454 -0.0036495936227547835 0.004201843123548551 -6.788164771732896e-05 0.0064071313265627499 -0.00076252803419873439 0.00077668021396200498 0.00099470300530073272
leaf_weight=27.272372961044312 850.36774024367332 18.560364931821823 92.423041701316833 13.636186480522154 17.802799016237259 198.48226988315582 20.075496762990952 25.757241129875183 52.27204817533493 18.939147889614105 11.742271691560747 13.636186480522154 12.87862056493759 88.25642916560173 146.96778762340546 356.81354624032974 22.726977467536926 154.5434467792511 76.135374516248703 49.620567470788956 10.984705775976179 0.37878295779228111 381.43443849682808 162.11910593509674 104.54409635066986 777.64141234755516 25.378458172082901 2478.3768928349018 2082.1699189841747 30.302636623382568
leaf_count=45 562 31 61 30 26 221 23 17 63 23 25 21 25 149 214 360 15 219 120 47 11 1 365 107 108 790 34 2442 2137 35
internal_value=-5.89261e-05 -0.000367198 -0.000894304 0.00631444 -0.000975505 -0.00338118 -0.00265061 -0.00075864 0.0005318 0.000903959 0.00102541 0.00851636 0.0021099 0.000223801 -0.00130386 0.000560785 0.00123646 -0.00263129 -0.00391775 -0.000777006 -0.00035825 0.000686388 0.00030566 -0.00252483 0.00108203 0.000438105 -0.000619376 -0.000690587 0.000890953 0.00572293
internal_weight=8322.24 5468.49 2890.49 32.1966 2858.3 236.361 218.558 2621.94 2853.75 2221.94 2169.67 38.2571 24.6209 2578 465.903 2112.09 1261.73 318.935 230.679 631.81 582.189 392.798 381.813 189.391 1239 882.186 2529.51 2504.13 2131.41 49.2418
internal_count=8327 5422 2885 61 2824 270 244 2554 2905 2329 2266 71 50 2537 702 1835 1273 488 339 576 529 377 366 152 1258 898 2493 2459 2195 58
is_linear=0
shrinkage=0.03


Tree=156
num_leaves=31
num_cat=0
split_feature=14 39 27 2 94 98 72 21 90 15 86 86 2 13 50 54 106 11 14 60 91 46 56 84 75 11 13 75 51 96
split_gain=1.7136 1.72064 1.63557 1.8233 1.57061 1.54786 1.85902 1.73941 1.63138 2.84625 2.06589 2.63792 2.55511 2.21933 2.79569 2.07448 2.21498 2.3211 1.86785 2.05596 1.89706 1.75627 1.69028 1.63092 1.70383 1.59945 1.55 1.54233 1.64218 1.41873
threshold=48.125000000000007 3.9650000000000003 2.2050000000000005 1.0000000180025095e-35 3.1234540569744458 108.90034977739258 3.404499999999985 -0.30868469330506382 0.8400000000000003 1006.0410000000001 0.27321496127630379 0.29073793608899362 1.0000000180025095e-35 5.2955000000000005 0.098534583518515323 0.8650000000000001 57.500000000000007 14.595000000000001 72.385000000000005 2.4039999999999968 0.065993504959848862 1.3058269082551044 16.306081081081086 6.1669999999999741 0.76500000000000012 13.335000000000003 25.225000000000005 1.8550000000000002 2.5150000000000001 10.09100000000001
decision_type=8 2 2 2 10 10 2 10 2 10 2 2 2 10 2 2 2 10 10 2 2 10 10 2 2 10 10 2 2 2
left_child=2 5 -1 4 -4 6 25 -7 10 -10 -9 -12 13 -13 -15 16 17 -14 19 20 22 -20 -11 24 -21 29 -16 28 -8 -2
right_child=1 -3 3 -5 -6 7 27 8 9 18 11 12 15 14 26 -17 -18 -19 21 23 -22 -23 -24 -25 -26 -27 -28 -29 -30 -31
leaf_value=-0.00030334825161136347 -0.00032757932316127941 -0.0051844265187619403 -0.003857706582696891 -0.0086051250440932203 0.00054960121606970069 0.0032008412974147637 0.002244949557383647 -0.00230902178173745 -0.0041653432063401422 -0.0011506685841050522 0.0093973611680770019 0.0042665051251692095 -0.00082693268605311227 0.0061912357397178371 -0.00010560220899850433 -0.0086896501038581687 -0.0042205044398535537 0.0085955612525026853 0.0032781205522766864 0.00074804584861595032 0.0041729492519877705 -0.0011820980133865466 -0.005679133330891914 -0.0022492475092414006 0.0065962826309248646 -0.0022632667430462884 0.0051974347661756203 -0.0013557323069799448 0.0096429323525544473 0.0029174868055753169
leaf_weight=598.47707331180573 3387.0772085785866 54.923528879880905 178.78555607795715 43.938823103904724 122.7256783246994 224.23951101303101 206.81549495458603 134.84673297405243 148.48291945457458 590.14384824037552 37.87829577922821 278.78425693511963 66.66580057144165 84.847382545471191 547.72015696763992 31.817768454551697 77.271723389625549 36.363163948059082 272.72372961044312 101.5138326883316 53.029614090919495 112.1197555065155 84.847382545471191 63.635536909103394 80.301987051963806 378.7829577922821 54.544745922088623 92.423041701316833 31.060202538967133 125.75594198703766
leaf_count=395 5063 40 118 29 81 148 138 89 98 391 25 184 44 56 369 21 51 24 180 67 35 74 56 42 53 250 36 61 22 83
internal_value=-4.87365e-05 0.000105626 -0.00125211 -0.00289579 -0.00206378 0.000145407 -0.000227724 0.000656582 0.000456926 -0.000221747 0.00121401 0.00160473 0.00135416 0.00200891 0.00109293 -0.00162729 -0.000380986 0.00249865 0.000209343 -0.000490132 -0.00129066 0.00197869 -0.0017199 0.00188428 0.00333102 -0.000411123 0.000374673 0.0019331 0.00321093 -0.000211409
internal_weight=8302.54 7358.62 943.927 345.45 301.511 7303.69 4221.91 3081.78 2857.54 1506.8 1350.74 1215.89 1178.01 965.897 687.112 212.118 180.301 103.029 1358.32 973.472 728.021 384.843 674.991 245.451 181.816 3891.62 602.265 330.299 237.876 3512.83
internal_count=8323 7700 623 228 199 7660 5617 2043 1895 996 899 810 785 645 461 140 119 68 898 644 482 254 447 162 120 5396 405 221 160 5146
is_linear=0
shrinkage=0.03


Tree=157
num_leaves=31
num_cat=0
split_feature=10 61 76 76 74 106 76 95 105 106 90 21 87 85 84 54 13 64 90 55 7 91 79 19 91 30 96 75 49 94
split_gain=1.36412 1.51295 2.28256 2.61408 2.73066 2.7165 1.98924 2.61874 2.41271 3.38199 3.3377 3.42984 2.4989 2.17866 2.5178 2.17165 1.90382 1.78796 1.75009 1.71856 1.9534 1.6827 1.62253 1.62194 1.60268 1.58232 1.55053 1.51883 2.10729 1.88037
threshold=3.8195000000000006 1.8954054054054057 2.8150000000000004 2.9350000000000005 0.73997221617759157 118.50000000000001 2.1850000000000005 18.825000000000003 109.50000000000001 24.500000000000004 0.18000000000000008 -0.14426984748681274 1.0150000000000003 1.3389310344827587 -0.28799999999995402 0.98000000000000043 1.5105000000000002 2.6350000000000002 -0.3299999999999999 0.067105263157894834 5.8150000000000004 -0.0083227444496929721 -0.016981210662717551 -0.46885492046675264 -0.023335557392536597 0.13999999999999982 -0.83550000000002445 1.4150000000000003 2.3423684210526319 1.582560061519781
decision_type=8 2 2 2 2 2 2 10 2 2 2 10 2 2 2 2 10 2 2 2 2 2 2 10 2 2 2 2 2 8
left_child=-1 6 21 4 5 -4 24 8 9 12 -10 -12 13 19 -15 -11 22 18 -5 20 -8 -3 -9 -18 26 -19 -2 -23 29 -29
right_child=1 2 3 17 -6 -7 7 16 10 15 11 -13 -14 14 -16 -17 23 25 -20 -21 -22 27 -24 -25 -26 -27 -28 28 -30 -31
leaf_value=-0.0044628960645416551 -0.0010026753289466956 -0.005147889413213284 0.00055562971836990759 0.0073382489000956598 0.013394727412035084 0.012655980912233779 0.015732058432303936 -0.001507874885738746 0.0018786891517223196 -0.00065800791016588846 0.016754067911752782 0.0047837342436553984 0.012419361047383181 0.0036312235647209382 -0.0053531858184981788 -0.0098301864908453013 0.0024504969568873722 8.4647107581173372e-05 0.0010029136698914952 0.0017836964919035771 0.0046329775990055716 -0.0021828706747909024 0.0059889615126466639 -0.0019927789695584341 -0.00035267260656333255 -0.0014027880217794269 0.0052593957225957428 0.0059292000687443209 0.0092477560985535223 -0.0010227562171334407
leaf_weight=60.605273246765137 57.57500958442688 105.30166226625443 123.10446128249168 51.893265217542648 22.726977467536926 19.317930847406387 15.908884227275847 40.908559441566467 120.45298057794571 156.81614452600479 35.605598032474518 54.544745922088623 22.726977467536926 49.999350428581238 64.014319866895676 27.272372961044312 92.423041701316833 2584.0573380589485 160.98275706171989 260.98145791888237 138.63456255197525 525.37196245789528 71.211196064949036 369.69216680526733 1794.2948710620403 857.1858334839344 93.180607616901398 39.393427610397339 22.348194509744644 315.14742088317871
leaf_count=40 38 104 130 38 39 21 33 27 168 168 70 36 18 33 139 39 61 2565 149 404 147 520 47 244 1815 841 93 26 20 286
internal_value=2.15717e-05 5.4344e-05 -0.000289036 4.60428e-05 0.00373789 0.0021969 0.000532509 0.00134517 0.00231446 0.00150462 0.00514598 0.00951151 0.00267845 0.00226038 -0.00141318 -0.00201685 -0.00025327 -0.000120811 0.00254729 0.00326835 0.00577553 -0.00155919 0.00325363 -0.00110412 -0.000103059 -0.000285861 0.00286785 -0.00114035 0.000312886 -0.000250317
internal_weight=8353.68 8293.07 4826.83 3819.27 165.149 142.422 3466.24 1521.19 946.957 736.354 210.603 90.1503 552.266 529.539 114.014 184.089 574.235 3654.12 212.876 415.525 154.543 1007.56 112.12 462.115 1945.05 3441.24 150.756 902.261 376.889 354.541
internal_count=8359 8319 4739 3783 190 151 3580 1634 1255 981 274 106 774 756 172 207 379 3593 187 584 180 956 74 305 1946 3406 131 852 332 312
is_linear=0
shrinkage=0.03


Tree=158
num_leaves=31
num_cat=0
split_feature=92 96 106 98 31 12 96 51 77 60 57 57 84 78 82 12 37 54 16 20 15 13 91 37 103 94 55 90 96 106
split_gain=1.58351 1.92578 2.23278 1.61092 1.89978 1.44207 1.54698 2.3077 2.07416 1.53939 2.72927 2.39014 2.03124 1.9044 2.48221 1.73799 2.81768 1.95172 1.73393 1.64467 1.64059 1.58958 1.57755 1.54481 2.12434 2.96795 1.79764 1.52841 1.50364 1.50368
threshold=16.052595155709344 10.09100000000001 124.50000000000001 47.529130829982577 0.25200000000000017 23.270000000000003 -0.059499999999957247 2.4450000000000007 1.6650000000000005 2.0699999999999936 16.025000000000002 17.115000000000006 6.0989999999999904 0.53500000000000014 3.5582165374696859 78.27500000000002 1.6060000000000003 -0.49499999999999994 0.57121501830213606 -0.96849623396981721 1013.8615000000001 -3.0234999999999994 0.013990965989607926 1.3915000000000004 144.50000000000003 2.7404826370927311 0.038657894736842134 1.5450000000000004 8.4304999999999968 94.500000000000014
decision_type=10 2 2 8 2 8 2 2 2 2 10 10 2 2 10 8 2 2 2 10 10 8 2 2 2 8 2 2 2 2
left_child=1 3 -3 4 -1 6 7 -5 -8 15 -11 -12 13 -13 27 16 -7 21 -18 -16 -20 -17 -21 24 -19 -26 -27 -15 29 -23
right_child=-2 2 -4 5 -6 9 8 -9 -10 10 11 12 -14 14 19 17 18 23 20 22 -22 28 -24 -25 25 26 -28 -29 -30 -31
leaf_value=-0.0012137377835250991 -0.0036073602966787449 0.00083306618584355337 0.0063989664744085305 0.001285314970380253 -0.008344621481650211 0.0064906542325187328 -0.0056556220786997792 -0.0066687569304276816 0.0010623146400653559 0.0026922356269881626 -0.0031847812860480379 -0.0026955153829913412 -0.0028458663432716024 0.012019079336920814 0.0065747488719084335 0.0065128563248538704 -0.0056808299311402024 -0.0051294967291567973 -0.00097423548409343705 0.0038407139982269763 0.0029965537816562539 -9.9639024322841897e-06 -0.0031530187372543796 -0.00060039363317856682 -0.0013370335379400678 0.013995348072115527 0.004290200861785499 0.0040788186900192758 -0.0043757523059180202 0.0026147823340407317
leaf_weight=162.11910593509674 109.08949184417725 260.60267496109009 86.36251437664032 196.96713805198669 42.423691272735596 87.877646207809448 137.87699663639069 39.393427610397339 59.090141415596008 529.1597920358181 177.64920720458031 59.090141415596008 95.45330536365509 36.363163948059082 37.499512821435928 45.453954935073853 36.363163948059082 34.090466201305389 172.72502875328064 45.832737892866135 204.54279720783234 480.67557343840599 79.16563817858696 4511.6838102638721 87.120080292224884 20.454279720783234 107.19557705521584 54.544745922088623 48.484218597412109 332.19265398383141
leaf_count=107 72 172 57 130 28 58 91 26 39 350 118 39 63 24 30 30 24 60 114 31 135 609 53 5263 59 36 157 36 32 349
internal_value=-1.65346e-05 3.08408e-05 0.00221846 -6.49782e-05 -0.00269274 4.67225e-06 -0.00167667 -4.03637e-05 -0.00364024 0.000104701 0.00113067 -0.000280397 0.000984372 0.00215434 0.00328524 -8.06987e-05 0.00161205 -0.000230492 0.000575575 0.00106444 0.0011786 0.0010451 -0.00058865 -0.000473471 0.00182755 0.00293185 0.00584533 0.00725492 0.000756563 0.00106268
internal_weight=8377.54 8268.45 346.965 7921.49 204.543 7716.95 433.328 236.361 196.967 7283.62 1114.76 585.598 407.949 312.496 253.406 6168.86 501.509 5667.35 413.631 162.498 377.268 906.806 124.998 4760.54 248.86 214.77 127.65 90.9079 861.352 812.868
internal_count=8392 8320 229 8091 135 7956 286 156 130 7670 744 394 276 213 174 6926 331 6595 273 114 249 1020 84 5575 312 252 193 60 990 958
is_linear=0
shrinkage=0.03


Tree=159
num_leaves=31
num_cat=0
split_feature=14 43 16 13 24 83 13 13 86 36 13 21 94 83 15 21 56 84 83 3 39 53 67 14 89 56 93 84 19 91
split_gain=1.37969 1.94082 2.24652 2.11998 1.83205 2.2911 2.39748 1.96855 1.74738 1.6967 1.68584 2.67204 2.00688 1.66492 1.66404 1.59869 1.57708 2.24594 2.09871 1.5701 1.56307 1.47935 1.46793 1.50878 1.45911 1.42978 1.94778 2.20888 2.04289 1.8962
threshold=59.655000000000008 0.31836363636363668 0.9262657369112326 12.915000000000001 21.06184 21.570000000000004 7.525500000000001 9.9600000000000026 1.1722083086410444 -0.14299999999997223 23.355000000000004 0.56201118005614503 3.4333734102933762 13.195000000000002 1015.7035000000001 -0.51354086879587046 12.82075675675676 8.2695000000000523 18.705000000000002 3.6150000000000007 0.39500000000000007 0.88000000000000034 0.050600995732574656 84.15000000000002 0.96500000000000019 9.5535270270270285 14.620000000000003 -0.20299999999997451 -0.87334715015263742 -0.009356695795937656
decision_type=8 2 2 8 2 10 10 10 2 2 8 10 10 8 10 10 10 2 10 2 2 2 2 8 2 10 10 2 10 2
left_child=8 3 20 4 5 6 -2 9 19 -8 11 14 24 -12 -5 -6 17 21 -18 25 -3 -17 23 -22 -13 -1 27 -27 -28 -30
right_child=1 2 -4 10 15 -7 7 -9 -10 -11 13 12 -14 -15 -16 16 18 -19 -20 -21 22 -23 -24 -25 -26 26 28 -29 29 -31
leaf_value=-0.0021924257593233763 -0.00083653648321758566 -0.0047602822623096274 -0.0061913831348071177 -0.0014297317747968522 0.0059300451563756035 0.0090507756404661511 0.0099062086241904924 0.0010058511531983306 0.0051769204094627742 0.0035707001214910872 0.0030199035567978097 0.0020964565899180376 -0.00064444590164366013 -0.00016930163833678638 0.003336386483555733 -0.00056559633837180564 0.0045484690787676394 0.0039339493694799579 0.00043146899735305681 -0.0041766776938008563 0.0037365612685421688 -0.0039365297312060205 0.0038016172052881248 0.016328754191136361 -0.0059206466054617934 0.0096116290581625408 0.0035791142361341313 0.0011469245250281103 -0.0026856726794125155 -0.00031443102949563239
leaf_weight=366.2831201851368 196.96713805198669 14.772535353899 19.696713805198669 154.92222973704338 45.453954935073853 42.423691272735596 54.544745922088623 172.72502875328064 48.484218597412109 125.75594198703766 159.08884227275848 22.726977467536926 151.51318311691284 1992.0195750296116 114.77123621106148 371.20729863643646 128.78620564937592 74.241459727287292 827.26197981834412 104.54409635066986 15.151318311691282 171.20989692211151 111.74097254872322 19.696713805198669 202.27009946107864 30.302636623382568 104.54409635066986 328.78360736370087 365.14677131175995 1798.0827006399632
leaf_count=244 130 36 25 112 30 28 36 114 32 83 105 15 100 3951 78 245 85 49 546 69 10 113 169 46 138 20 69 217 241 1189
internal_value=2.139e-05 0.000321934 0.00337329 0.000211614 0.000905962 0.00233333 0.00181518 0.00329467 -0.000474294 0.00548732 -0.000337095 -0.0016808 -0.0033135 6.65614e-05 0.000598546 0.000383397 0.000223089 -0.000959792 0.000986057 -0.000562746 0.00454081 -0.00162961 0.00547813 0.0108539 -0.00511084 -0.000436519 -0.000191679 0.00186125 -0.000516746 -0.00071469
internal_weight=8335.12 5188.95 181.058 5007.89 2210.58 592.417 549.993 353.026 3146.17 180.301 2797.31 646.204 376.51 2151.11 269.693 1618.16 1572.71 616.659 956.048 3097.69 161.362 542.417 146.589 34.848 224.997 2993.14 2626.86 359.086 2267.77 2163.23
internal_count=8325 6244 286 5958 1459 391 363 233 2081 119 4499 443 253 4056 190 1068 1038 407 631 2049 261 358 225 56 153 1980 1736 237 1499 1430
is_linear=0
shrinkage=0.03


Tree=160
num_leaves=31
num_cat=0
split_feature=40 20 72 31 53 92 98 79 78 21 62 7 13 79 65 98 77 84 16 24 72 12 16 91 90 9 71 12 70 71
split_gain=1.67789 1.84129 1.42396 1.33247 1.84425 1.67158 1.60489 2.22076 2.92301 2.5493 1.98954 1.90422 1.76556 2.24908 2.27155 2.20428 1.59641 1.83087 1.57931 1.5724 1.55674 1.54438 2.68112 1.8949 2.02051 1.99273 1.54138 1.7041 1.53947 1.54499
threshold=1.5250000000000001 0.22035687898051406 8.6290000000000209 -0.17399999999999935 2.6750000000000003 15.413238754325262 106.52071932011306 0.0074365975564605396 0.39500000000000007 -0.013176854056098794 0.10890281189893862 10.285000000000002 7.0195000000000007 0.039222047389855595 1.5150000000000003 146.55287131081087 1.5650000000000004 7.4044999999999854 -0.26345215628730823 15.604408500000002 3.3129999999999318 330.42000000000007 -0.75533897797865446 0.012464454416627309 0.78500000000000025 334.73500000000007 14.115 80.500000000000014 1.3195415901004004 15.615
decision_type=2 10 2 2 2 10 8 2 2 8 2 2 10 2 2 10 2 2 2 2 2 8 2 2 2 2 10 10 8 10
left_child=1 -1 3 -2 5 6 11 9 -9 -8 -11 20 15 14 28 -10 21 19 -17 -18 26 -12 -23 24 -24 -25 27 -5 29 -14
right_child=2 -3 -4 4 -6 -7 7 8 12 10 16 -13 13 -15 -16 18 17 -19 -20 -21 -22 22 23 25 -26 -27 -28 -29 -30 -31
leaf_value=0.0017774878829232015 0.00076248998752509055 0.012238017491779888 -0.0051620741368719704 0.0018204450746102253 -0.007672476738447816 -0.0035249365552450286 0.0039356735931128277 -0.0030134369874636763 9.1903048951423092e-05 0.007325507318465244 -0.00014543627465924579 0.0023515686653645274 -0.00081438166956981906 -0.0024200312794342058 0.0069288310840799261 0.0039208347434083555 0.0038972715222791434 0.0074155224987309887 -0.0008138677839094955 -0.002340712933174068 0.0010131609448389529 0.011496313426340839 0.0025121508614008425 -0.003290754305609139 0.01105710999053593 0.0039740719277927099 -0.0019302310218784005 -0.001242954958428736 -0.0015190465240488853 0.0081188702525550535
leaf_weight=65.529451698064804 1632.1757651269436 19.696713805198669 48.484218597412109 251.51188397407532 29.545070707798004 130.30133748054504 255.29971355199814 304.16271510720253 1256.0442880392075 38.635861694812775 377.64660891890526 169.69476509094238 34.848032116889954 455.29711526632309 47.347869724035263 265.14807045459747 40.908559441566467 21.211845636367798 83.332250714302063 327.64725849032402 313.63228905200958 28.029938876628876 170.45233100652695 95.832088321447372 29.166287750005722 52.650831133127213 1189.3784874677658 466.66060400009155 201.89131650328636 34.848032116889954
leaf_count=74 1666 13 32 166 60 86 173 350 2089 30 250 112 23 314 35 175 51 14 55 487 210 62 300 202 50 103 785 314 134 23
internal_value=6.97752e-06 0.00419503 -3.57597e-05 -5.82635e-06 -0.000193805 -0.000160536 -9.32087e-05 0.000265565 -0.000244235 0.00121706 0.000629954 -0.000711513 0.000109852 -0.00106674 0.00086516 0.000677593 0.000403738 -0.00115505 0.00278862 -0.00164832 -0.000945527 0.00120976 0.00257042 0.00185169 0.00376066 -0.000714706 -0.00126757 -0.000170119 -0.000191965 0.00365224
internal_weight=8437.01 85.2262 8351.79 8303.3 6671.13 6641.58 6511.28 4120.4 2682.92 1437.48 1182.18 2390.88 2378.76 774.232 318.935 1604.52 1143.55 389.768 348.48 368.556 2221.18 753.778 376.131 348.102 199.619 148.483 1907.55 718.172 271.587 69.6961
internal_count=8438 87 8351 8319 6653 6593 6507 4920 3198 1722 1549 1587 2848 529 215 2319 1519 552 230 538 1475 967 717 655 350 305 1265 480 180 46
is_linear=0
shrinkage=0.03


Tree=161
num_leaves=31
num_cat=0
split_feature=55 87 63 63 23 103 32 80 67 19 87 63 49 87 85 92 79 96 16 85 87 87 17 46 56 44 94 93 91 39
split_gain=1.70709 1.75494 1.96408 1.80963 1.75663 1.94474 1.64702 1.96651 3.08207 2.05211 2.18262 1.93967 2.19734 2.087 2.30608 1.76303 2.27628 1.78731 3.76186 1.74188 1.73132 1.718 1.66617 1.78765 2.3433 2.62947 2.26201 2.4678 2.228 1.8045
threshold=0.093868421052631615 0.22500000000000003 0.36500000000000005 0.46500000000000002 1.6194395638769288 141.50000000000003 10.766428571428573 10.955693103448278 0.0023755334281649956 0.95545864337770137 0.32500000000000007 0.95500000000000007 1.7802631578947372 0.095000000000000015 1.0523448275862071 8.3336927083333361 0.0031580895964457294 0.048999999999978179 -0.35714558758693621 2.2470689655172422 0.51500000000000012 1.2350000000000001 -0.91782391310925837 0.87003175681338196 17.693243243243248 15.371842105263161 2.3223295212096358 15.595000000000001 -0.00070264525271609903 3.2750000000000004
decision_type=2 2 2 2 2 2 10 10 2 10 2 2 2 2 2 8 2 2 2 2 2 2 2 10 10 10 10 10 2 2
left_child=6 4 -3 -4 -2 -6 11 8 19 10 -10 12 -1 -13 -15 -16 -17 18 -18 -8 -12 -20 -9 26 25 29 27 -24 -28 -25
right_child=1 2 3 -5 5 -7 7 22 9 -11 20 13 -14 14 15 16 17 -19 21 -21 -22 -23 23 24 -26 -27 28 -29 -30 -31
leaf_value=0.0002111035816196927 -0.0025075651600928732 -0.0081418134574203892 0.0038813758624046172 -0.0010568156393083901 -0.0060828951630405702 0.0062504793067203347 0.0091598994061833135 -0.0036476402569714989 -0.0037754137419619364 -0.004438750197209876 0.0051249514157494149 0.0085926667159132598 0.0058852163444744398 -0.003708726760296393 0.0022858384700216662 0.00028347301557997369 -0.0035968793847228043 -0.0030756059523220722 -5.295929921922302e-05 0.00097887551930297533 0.0011215554790930575 0.0041970430255557408 0.0040355347932647659 -0.00026944700643701468 -0.00816559503511473 0.0026276365670614408 0.008098145993164477 -0.0025604928142126224 0.002054883705062007 -0.0052445639158713439
leaf_weight=176.13407537341118 45.07517197728157 34.090466201305389 69.317281275987625 1830.2792520523071 13.257403522729872 87.120080292224884 78.786855220794678 90.907909870147705 54.544745922088623 51.514482259750366 154.5434467792511 22.726977467536926 94.316956490278244 192.42174255847931 216.66385185718536 1392.406152844429 251.51188397407532 421.2066490650177 370.07094976305962 33.332900285720825 262.11780679225922 111.36218959093094 71.211196064949036 1120.0612061917782 31.817768454551697 289.39017975330353 62.120405077934265 180.30068790912628 472.72113132476807 69.696064233779907
leaf_count=258 71 78 72 1760 17 143 52 60 36 34 102 30 168 274 143 1636 565 278 644 22 173 201 47 743 21 191 41 119 312 46
internal_value=-2.06918e-05 -0.000765658 -0.0010047 -0.000876618 0.00241226 0.00462154 0.000226265 0.000730242 0.0022143 0.00124621 0.00186771 -0.000242691 0.00218989 -0.000463581 -0.000533218 -0.000312086 -0.00053312 -0.00151828 -0.000623327 0.0067277 0.00260645 0.000930125 0.000335748 0.000493376 -0.000110341 6.29346e-05 0.00165341 -0.000692943 0.00275679 -0.00056089
internal_weight=8351.03 2079.14 1933.69 1899.6 145.453 100.377 6271.89 3023.07 634.84 522.72 471.206 3248.82 270.451 2978.37 2955.64 2763.22 2546.56 1154.15 732.945 112.12 416.661 481.433 2388.23 2297.32 1510.97 1479.15 786.353 251.512 534.842 1189.76
internal_count=8337 2141 1910 1832 231 160 6196 1999 419 345 311 4197 426 3771 3741 3467 3324 1688 1410 74 275 845 1580 1520 1001 980 519 166 353 789
is_linear=0
shrinkage=0.03


Tree=162
num_leaves=31
num_cat=0
split_feature=54 100 45 16 14 63 52 13 63 23 63 49 86 72 7 61 54 29 90 16 94 18 40 64 13 95 96 34 46 70
split_gain=1.48236 2.10578 2.30042 2.18149 2.00159 1.98102 2.52498 1.78592 1.67332 1.65544 1.43755 1.76138 1.73466 1.69872 1.50217 2.00358 1.42267 1.40472 1.40457 1.29108 3.70362 2.15447 1.89487 2.91454 1.99276 2.54397 1.74846 1.73352 1.52439 1.50146
threshold=0.84500000000000008 0.92537273149197385 9.8150000000000031 -0.91333186482673046 64.440000000000012 0.7350000000000001 2.1750000000000003 5.4145000000000012 0.48500000000000004 1.6406209701240848 0.75500000000000012 1.4728947368421055 0.37416545697291542 1.072500000000048 6.7350000000000012 1.1895945945945947 -0.14499999999999999 0.71500000000000019 0.72500000000000031 0.49082770717814922 2.0109125401355175 -0.20535011861920982 3.2150000000000003 4.4350000000000014 5.6310000000000011 20.895000000000003 -3.9000000000000337 0.23340642655284435 0.79783679864859913 3.238871909133084
decision_type=2 2 8 2 8 2 2 8 2 2 2 2 2 2 2 2 2 2 2 2 10 8 2 2 8 10 2 10 10 10
left_child=5 -2 -3 -4 8 6 7 -1 -5 16 -7 12 13 -12 15 -14 -8 19 -9 21 -21 26 24 -24 -23 -26 -13 -22 -27 -29
right_child=1 2 3 4 -6 10 9 18 -10 -11 11 17 14 -15 -16 -17 -18 -19 -20 20 27 22 23 -25 25 28 -28 29 -30 -31
leaf_value=0.0063535163559619596 -0.0028647506750947562 -0.0074643459239468026 0.0076766479147034571 0.0030508593157785699 0.0013514435470467971 -0.0045633830468484338 -0.0057715804203151925 0.0019042489370487805 -0.003077596462687938 0.016700157356339538 -0.00115334090367438 0.0023221262647193301 -0.0038598569839266581 0.0042900906674958397 -0.0017633989878263106 0.0059357607578080854 0.0057881458752213552 0.0040677810338792366 -0.0030638325110113086 0.0026655528883131299 -0.0076607877918888406 -0.007144070289480154 0.0023339039265681746 -0.0088196037218221373 -0.0019294810722114033 0.0086049617990090668 -0.00015305480946312605 -0.00063652428199147256 0.00066582902099957127 0.0058820330831851541
leaf_weight=39.393427610397339 384.46470215916634 36.363163948059082 34.090466201305389 48.484218597412109 365.90433722734451 61.741622120141983 10.605922818183897 100.75626677274704 231.81517016887665 11.363488733768461 212.11845636367798 278.78425693511963 21.211845636367798 68.180932402610779 37.499512821435928 164.77058663964272 99.241134941577911 71.9687619805336 104.16531339287758 516.28117147088051 30.302636623382568 59.090141415596008 206.43671199679375 23.48454338312149 1110.5916322469711 30.302636623382568 3265.1090961694717 692.41524684429169 77.271723389625549 33.332900285720825
leaf_count=26 427 24 48 32 510 52 19 122 156 27 227 184 23 45 39 147 115 70 143 667 20 39 422 56 2071 20 2161 460 51 22
internal_value=-4.72724e-05 -0.00107358 -0.000112666 0.000280297 -0.000109897 0.000106976 0.00225973 0.000503476 -0.00201754 0.00579967 -6.06817e-06 3.4716e-05 0.00174261 0.000170737 0.00371411 0.00481854 0.00467203 -9.98197e-05 -0.000621116 -0.000147253 0.000706859 -0.000362398 -0.00131247 0.00119467 -0.00176379 -0.0015028 4.1658e-05 -0.000630667 0.0029022 -0.000337133
internal_weight=8427.54 1101.12 716.657 680.294 646.204 7326.42 365.526 244.315 280.299 121.211 6960.89 6899.15 503.781 280.299 223.482 185.982 109.847 6395.37 204.922 6323.4 1272.33 5051.07 1507.18 229.921 1277.26 1218.17 3543.89 756.051 107.574 725.748
internal_count=8425 1197 770 746 698 7228 452 291 188 161 6776 6724 481 272 209 170 134 6243 265 6173 1169 5004 2659 478 2181 2142 2345 502 71 482
is_linear=0
shrinkage=0.03


Tree=163
num_leaves=31
num_cat=0
split_feature=14 82 54 60 9 58 63 106 100 92 59 9 85 31 90 85 2 13 11 74 100 89 74 82 21 12 63 82 87 92
split_gain=1.34906 1.6321 1.57951 1.66775 1.85881 3.17037 2.64671 2.27143 2.10771 1.28608 1.39845 1.25312 1.24801 1.20889 1.17819 2.32204 2.5302 2.63518 2.44758 2.3192 2.1096 2.15916 1.92673 1.99033 1.88761 1.79733 1.65602 2.50739 1.62587 1.59766
threshold=51.315000000000005 4.4151339527391782 -0.92499999999999993 2.3744999999999554 317.07000000000005 1.3544106570466072 1.3950000000000002 34.500000000000007 0.87380527195273039 13.666231833910036 20.465000000000003 334.73500000000007 1.3669359960307619 0.084000000000000588 0.65500000000000003 1.3389310344827587 1.0000000180025095e-35 1.5105000000000002 13.325000000000001 0.36122358332228616 0.73898813932437568 1.1950000000000005 0.42885198096885041 2.8918746926367089 -0.29737483331428188 112.10000000000001 0.83500000000000008 3.4491936595870061 0.68500000000000016 8.4390432525951571
decision_type=8 10 2 2 2 10 2 2 2 10 10 2 2 2 2 2 2 8 10 2 2 2 2 8 8 8 2 8 2 10
left_child=1 9 -2 14 12 7 11 -6 -8 10 -1 -7 -5 -3 15 25 17 -17 -18 -20 21 -19 23 29 28 -4 27 -27 -16 -23
right_child=2 13 3 4 5 6 8 -9 -10 -11 -12 -13 -14 -15 24 16 18 20 19 -21 -22 22 -24 -25 -26 26 -28 -29 -30 -31
leaf_value=-0.00042604661111830745 0.0023858703131187991 -0.0022148560491426768 0.0063820903609343033 0.0031731230878691442 0.0015784343234029488 0.0064543429124836208 0.00019167563506720025 0.0074147278470126235 -0.0073980083188504298 -0.0025724971902537012 0.0035048587879440182 -0.00010060025595336631 -0.0017293921976936071 -0.0093489072249594001 0.0039679606625191632 0.0092144203866965316 -0.0038895846975321741 -0.0056968967643748975 0.0074866115945868587 -0.0036482967343892886 -0.0011774141029294275 0.0061321803141560979 -0.00054453791069251206 0.0048829052165767191 -0.00064467347287915121 -0.001691554279514256 -0.00033864519308591813 0.0062086593845876075 -0.00081073079270711074 0.00070968669523986748
leaf_weight=1114.0006788671017 284.08721834421158 65.150668740272522 82.195901840925217 60.605273246765137 104.54409635066986 62.120405077934265 91.286692827939987 140.90726029872894 51.514482259750366 233.33030200004578 87.877646207809448 45.453954935073853 204.16401425004005 31.817768454551697 155.30101269483566 30.302636623382568 244.69379073381424 40.908559441566467 37.87829577922821 30.302636623382568 578.02279359102249 54.544745922088623 335.98048356175423 185.60364931821823 3095.0355481207371 53.029614090919495 203.40644833445549 113.63488733768463 109.08949184417725 472.72113132476807
leaf_count=736 288 43 55 40 69 41 61 93 34 154 58 30 137 21 116 20 445 27 25 20 533 36 338 355 3812 35 249 180 72 312
internal_value=1.60904e-05 -0.000788825 0.000195676 0.000101162 0.00142231 0.00250606 0.00013087 0.0049289 -0.00254625 -0.000534319 -0.000138631 0.00368465 -0.000607214 -0.00455572 -7.14149e-05 0.000426951 -9.8659e-06 0.00044691 -0.00248895 0.00253776 0.000287609 0.00106468 0.0013284 0.00221113 -0.000436831 0.00236921 0.00147792 0.00369496 0.00199624 0.00127063
internal_weight=8399.51 1532.18 6867.34 6583.25 760.596 495.827 250.376 245.451 142.801 1435.21 1201.88 107.574 264.769 96.9684 5822.65 2463.23 2010.96 1698.08 312.875 68.1809 1667.78 1089.76 1048.85 712.87 3359.43 452.267 370.071 166.665 264.391 527.266
internal_count=8435 1012 7423 7135 505 328 166 162 95 948 794 71 177 64 6630 2630 2111 1621 490 45 1601 1068 1041 703 4000 519 464 215 188 348
is_linear=0
shrinkage=0.03


Tree=164
num_leaves=31
num_cat=0
split_feature=3 44 83 74 54 106 9 9 87 60 23 68 90 91 14 71 40 51 87 46 94 64 16 77 67 25 85 66 92 64
split_gain=1.65564 1.63588 2.06921 1.63044 1.39746 1.73296 1.89632 1.6597 1.56686 1.66375 1.41575 1.60085 1.35773 1.6488 1.74033 1.65768 1.47041 2.60143 2.34282 1.53093 1.39657 1.37077 1.33312 1.43838 2.0655 1.40863 2.5223 2.16874 1.73083 1.59043
threshold=1.8450000000000004 10.546315789473686 12.890000000000002 0.19574152469133924 0.090000000000000205 131.50000000000003 76.850000000000009 83.540000000000006 1.3050000000000004 2.9319999999999031 1.6227269488287097 12.896027397260276 -1.2049999999999998 0.0010583963155408641 55.860000000000007 15.295000000000002 3.3150000000000004 2.4750000000000005 0.82500000000000007 0.59191959254286286 2.2031873381296694 3.8950000000000005 -0.63270531892586301 1.3450000000000004 0.16043560168470042 2.5037500000000006 0.56610344827586212 1.2650000000000003 8.3106944144079211 2.6950000000000007
decision_type=2 8 8 2 2 2 2 2 2 2 2 8 2 2 10 8 2 2 2 10 8 2 2 2 2 2 2 2 8 2
left_child=-1 -2 -3 -4 12 6 -6 -8 22 10 -10 -12 -5 14 -14 -15 17 20 -18 21 -17 -19 23 -9 -25 27 -27 29 -28 -24
right_child=1 2 3 4 5 -7 7 8 9 -11 11 -13 13 15 -16 16 18 19 -20 -21 -22 -23 25 24 -26 26 28 -29 -30 -31
leaf_value=0.00057404997000241149 -0.0014609205747712815 0.0083929339277601985 0.0039313251289649241 -0.0039602480956848667 -0.0029973549663317896 -0.0041978128956859581 0.0061350510279426455 0.0057029831892838915 0.0021883163671614263 0.0066940810162298952 0.0017725948940088209 -0.0084030894195657908 0.00028083420175290614 0.0062170946570009851 0.0047449410819347905 -0.0040013868290795836 0.0035981571245246925 -0.0099722363312083912 -0.0006958616190291491 -0.0019921932490676707 0.00047110697314189243 0.0010663130309862248 -0.0017159435152230827 -0.0012199506756953146 0.0042020441661386344 0.052766950695787289 -0.0052827333765323474 0.0024396241072364958 -0.0013661706404793843 0.0029417478639155214
leaf_weight=2825.3420821726322 936.73025462031364 25.757241129875183 87.120080292224884 62.499188035726547 246.20892256498337 119.69541466236115 36.363163948059082 50.37813338637352 148.86170241236687 51.514482259750366 27.272372961044312 28.408721834421158 156.81614452600479 39.393427610397339 157.57371044158936 68.180932402610779 224.61829397082329 47.347869724035263 232.95151904225349 158.33127635717392 801.50473868846893 12.87862056493759 494.69054287672043 233.33030200004578 86.741297334432602 0.75756591558456321 121.21054649353027 215.14872002601624 626.12822923064232 76.135374516248703
leaf_count=2830 619 17 80 75 326 130 33 61 129 34 18 27 192 26 104 45 269 80 213 106 964 22 496 310 103 2 80 268 642 81
internal_value=-1.75613e-05 -0.000317407 -8.6444e-05 -0.000133799 -0.000212066 -0.000673366 -0.000500696 -0.000220898 -0.00032787 0.00187544 0.000661858 -0.00341908 0.000390473 0.000533618 0.00251827 0.000140007 -1.48607e-05 -0.000614827 0.00141205 -0.00354075 0.000120476 -0.00761179 -0.000624099 0.000991079 0.000249442 -0.00101413 -0.00194593 -0.000127241 -0.0020014 -0.00109471
internal_weight=8399.89 5574.55 4637.82 4612.06 4524.94 2562.85 2443.15 2196.94 2160.58 256.057 204.543 55.6811 1962.1 1899.6 314.39 1585.21 1545.81 1088.24 457.57 218.558 869.686 60.2265 1904.52 370.45 320.072 1534.07 748.096 785.975 747.339 570.826
internal_count=8382 5552 4933 4916 4836 2740 2610 2284 2251 208 174 45 2096 2021 296 1725 1699 1217 482 208 1009 102 2043 474 413 1569 724 845 722 577
is_linear=0
shrinkage=0.03


Tree=165
num_leaves=31
num_cat=0
split_feature=98 94 13 55 39 106 27 76 16 95 86 85 49 77 79 85 74 89 77 25 81 16 76 106 94 15 13 52 93 76
split_gain=1.55368 1.66832 2.12092 1.62591 1.85549 2.06388 1.74496 1.5807 1.52516 1.4001 2.01037 3.00495 2.06007 1.75359 3.46181 2.06243 1.64071 1.70658 2.01115 1.59851 1.85141 1.51238 3.71784 1.45676 1.41141 1.6216 2.9618 2.43568 1.86285 3.09189
threshold=71.764503128119415 3.4333734102933762 16.800000000000001 -0.16652631578947361 0.39500000000000007 31.500000000000004 0.96500000000000008 2.1150000000000007 0.43027450889908786 22.100000000000005 1.2995664182784703 2.0419444444444448 3.1873684210526321 3.5250000000000008 0.10848065531284706 1.7638620689655176 0.24498349680566608 1.7050000000000003 1.9450000000000005 2.006250000000001 18.790000000000003 -0.98483798533721378 2.3950000000000005 32.500000000000007 4.5026716372615079 1026.0170000000003 1.5105000000000002 2.0450000000000004 16.380000000000006 2.0950000000000002
decision_type=8 10 10 2 2 2 2 2 2 10 2 2 2 2 2 2 2 2 2 2 10 2 2 2 10 10 8 2 8 2
left_child=1 7 -3 4 -2 -6 -5 8 -1 10 12 -12 21 14 15 23 -17 -18 19 -19 -21 22 -8 -11 25 26 27 -23 29 -28
right_child=3 2 -4 6 5 -7 9 -9 -10 13 11 -13 -14 -15 -16 16 17 18 -20 20 -22 24 -24 -25 -26 -27 28 -29 -30 -31
leaf_value=-0.0029721722495662105 0.035496457392445398 -0.0020555027052247799 0.004602405531452798 -0.012553825530300065 -0.0047548999488128459 0.0031584085341656281 -0.0030756685259468505 -0.0025482414220957075 0.0036057349561977961 -0.00076666466687753552 -0.022448724530707148 0.0011442811126191612 0.0029659142409792635 0.0035226970349679955 -0.0077416605694495266 0.0049125560127105195 0.0049185350146229139 0.00045272525701784203 -1.3399609311851709e-05 -0.0064611761459425427 -0.0022612369284017325 0.010706574379451179 0.015916682064627725 0.0067223967295790416 -0.0019553836021059187 -0.0012704324542970262 -0.00040622059085870289 0.0023037825544715796 -0.00019025681557525669 0.0021001086035773576
leaf_weight=51.514482259750366 1.5151318311691273 81.817118883132935 90.907909870147705 9.8483569025993329 33.711683243513107 246.96648848056793 18.939147889614105 559.08364570140839 82.574684798717499 40.908559441566467 8.7120080292224902 10.984705775976179 251.51188397407532 78.786855220794678 66.66580057144165 39.393427610397339 37.87829577922821 110.60462367534637 421.2066490650177 137.87699663639069 299.99610257148743 40.908559441566467 18.181581974029541 54.544745922088623 272.34494665265083 559.08364570140839 766.2779236137867 128.78620564937592 2807.9180661141872 1049.986359000206
leaf_count=34 4 54 60 23 38 235 23 369 56 27 23 29 382 52 44 26 25 73 278 91 198 27 39 36 188 369 511 85 4281 693
internal_value=1.40092e-05 -0.00118932 0.00144866 0.000152687 0.00238669 0.00220796 6.55078e-05 -0.00184665 0.00107863 8.27175e-05 0.000277326 -0.00929109 0.000309194 -0.000813911 -0.0010965 -0.000708716 -0.0010936 -0.00132843 -0.00157245 -0.00276973 -0.00358371 0.000191189 0.00622671 0.0035128 0.000151361 0.000258547 0.000436863 0.00432946 0.000294016 0.00104269
internal_weight=8379.44 865.898 172.725 7513.54 282.193 280.678 7231.35 693.173 134.089 7221.5 5933.64 19.6967 5913.94 1287.86 1209.08 1142.41 1046.96 1007.56 969.684 548.478 437.873 5662.43 37.1207 95.4533 5625.31 5352.96 4793.88 169.695 4624.18 1816.26
internal_count=8373 573 114 7800 277 273 7523 459 90 7500 6650 52 6598 850 798 754 691 665 640 362 289 6216 62 63 6154 5966 5597 112 5485 1204
is_linear=0
shrinkage=0.03


Tree=166
num_leaves=31
num_cat=0
split_feature=30 76 76 106 42 64 106 85 49 75 85 29 72 90 16 106 60 55 72 95 45 84 20 103 38 27 84 94 95 92
split_gain=1.29648 1.41696 1.97683 2.56528 2.36913 2.14719 1.87293 1.6066 1.60509 2.94021 1.58702 2.16808 2.07762 2.0029 1.87803 2.71429 1.83756 1.79403 1.72483 2.61113 2.93036 1.7077 1.57574 1.49188 1.63965 1.50449 1.48852 2.26191 3.26833 2.38287
threshold=-0.36999999999999994 3.4950000000000006 3.3950000000000005 29.500000000000004 -0.079999999999999946 3.3350000000000004 132.50000000000003 1.1595172413793107 1.2315789473684213 0.49500000000000005 1.3334137931034484 0.49000000000000016 -1.9359999999999784 0.64499999999999991 -0.91333186482673046 5.5000000000000009 -0.59500000000002717 -0.014210526315789474 -0.3274999999999863 13.280000000000003 11.435 -2.7194999999999818 -0.20124888315107484 142.50000000000003 0.46485075663565323 2.8150000000000004 6.4329999999999936 3.9213534881769001 21.045000000000005 10.3857716445092
decision_type=2 2 2 2 2 2 2 2 2 2 2 2 2 2 2 2 2 2 2 8 8 2 10 2 2 2 2 10 10 10
left_child=-1 2 5 -4 7 6 10 -5 -3 -10 13 12 21 17 15 -15 -14 -2 -16 20 -20 -12 -23 -21 25 -25 27 -11 -29 -30
right_child=1 8 3 4 -6 -7 -8 -9 9 26 11 -13 16 14 18 -17 -18 -19 19 23 -22 22 -24 24 -26 -27 -28 28 29 -31
leaf_value=0.0016602480500007991 0.0067801452950798933 0.014683472770659629 -0.0043906169165752367 0.050301548869943126 0.000836173501126789 -0.0053272495452017779 0.0073927321617246848 0.006476970835623614 -0.0075750146445989668 -0.00077378408409149778 0.00078720236852810948 -0.0050641435687067294 -0.0020770920345363521 -0.00020020409245906511 -0.001947411508121642 0.014344966767094923 -0.00010785921712446261 0.0016436879107184516 0.0016570068967850557 -0.0055575563315909925 0.011349030980134477 0.0089877632756113403 0.00072789610916227591 -2.5228766001458437e-05 0.0090260279185500822 0.0078350517404796854 -0.0024563342332692348 0.0091217772997428948 -0.0034198553875889712 0.0026450808868415739
leaf_weight=426.88839343190193 70.832413107156754 6.0605273246765128 40.150993525981903 0.75756591558456321 121.96811240911484 65.529451698064804 31.817768454551697 121.21054649353027 55.681094795465469 1281.8015291690826 260.60267496109009 84.468599587678909 518.17508625984192 26.514807045459747 315.14742088317871 20.454279720783234 2409.8171774744987 449.99415385723114 97.726003110408783 40.908559441566467 39.393427610397339 51.514482259750366 34.848032116889954 1132.5610437989235 18.939147889614105 22.348194509744644 318.17768454551697 49.620567470788956 84.847382545471191 186.3612152338028
leaf_count=455 76 13 49 2 112 80 57 113 108 1398 172 85 342 34 211 33 2507 462 66 66 26 34 23 1376 41 38 210 38 56 123
internal_value=4.96026e-05 -3.67943e-05 0.000193779 0.0026361 0.00379267 7.18747e-05 0.000134761 0.00674917 -0.000731775 -0.000779043 9.34805e-05 -0.000318646 -0.000196249 0.000712997 0.000217921 0.00613398 -0.00045636 0.00234225 5.12338e-05 0.000517155 0.00444146 0.0019988 0.00565483 7.41875e-05 0.000270454 0.000126872 -0.000582039 -0.000209927 0.00204284 0.000747671
internal_weight=8385.12 7958.23 5975.68 284.087 243.936 5691.59 5626.06 121.968 1982.55 1976.49 5594.25 3359.43 3274.96 2234.82 1713.99 46.9691 2927.99 520.827 1667.02 1351.88 137.119 346.965 86.3625 1214.76 1173.85 1154.91 1920.81 1602.63 320.829 271.209
internal_count=8406 7951 6005 276 227 5729 5649 115 1946 1933 5592 3163 3078 2429 1891 67 2849 538 1824 1613 92 229 57 1521 1455 1414 1825 1615 217 179
is_linear=0
shrinkage=0.03


Tree=167
num_leaves=31
num_cat=0
split_feature=55 77 62 50 7 52 64 44 68 94 10 12 44 21 99 56 99 93 9 103 50 21 47 41 68 67 89 89 70 16
split_gain=1.78364 1.49033 2.22672 1.62327 1.55434 1.52892 1.39958 1.37912 2.53455 2.04099 1.75678 1.60138 1.90155 1.91894 1.54856 1.51443 1.53102 1.40749 1.53257 1.50953 1.98573 1.36006 1.34353 1.4967 1.31601 1.93341 1.28258 1.8609 2.34452 1.5787
threshold=0.08800000000000005 3.3350000000000004 0.72157360098881218 0.27984488182091743 11.545000000000002 3.5550000000000002 1.7750000000000001 10.605526315789474 12.814506849315071 1.2904091090696033 12.725000000000003 340.59000000000009 15.17526315789474 -0.28878116028439166 1.0434940153078698 12.544189189189192 0.95169275608909609 20.420000000000005 31.135000000000002 144.50000000000003 0.13262200502858679 0.8727090953397828 20.800000000000004 0.43999999999999989 11.346917808219182 -0.019857752489331495 1.8350000000000004 1.7550000000000006 1.6343990254575267 -0.051987365593751743
decision_type=2 2 2 2 2 2 2 10 10 8 10 10 10 10 2 10 2 10 2 2 2 10 10 2 10 2 2 2 8 2
left_child=1 2 3 4 6 -3 -1 9 15 -8 26 12 14 -14 -10 16 17 18 -9 -20 -21 -16 23 -15 25 -18 27 -11 -29 -30
right_child=-2 5 -4 -5 -6 -7 7 8 11 10 -12 -13 13 22 21 -17 24 -19 19 20 -22 -23 -24 -25 -26 -27 -28 28 29 -31
leaf_value=0.0017652544654662417 -0.00077251678573343437 -0.0080832354085471833 0.0069332865211299138 0.0014120109935321752 0.0047498470227790171 -0.0010297256908831604 -0.0060372069544868349 -0.00096641239517602378 -0.00019467325737274367 -0.00017776426468788531 -0.0072233136248953103 0.0040177456750339034 0.0075057243586532747 -0.0027770279717891739 -0.001257204913878368 0.0034729451227839404 0.0067401067257992593 -0.0028405082323195194 -0.0010035893787420961 0.010757704878772903 0.0035608535712877069 -0.004549105306996315 -0.0018627631026514062 0.0037596206833611875 -0.001452870752739651 2.0861200163977084e-05 -0.0010935144616326543 -0.0014525344912360734 0.004126947395321409 0.013181790192017208
leaf_weight=364.76798835396767 2228.3801406919956 36.363163948059082 45.07517197728157 904.53370320796967 62.120405077934265 115.52880212664604 62.499188035726547 74.241459727287292 359.08624398708344 845.06477883458138 34.848032116889954 63.635536909103394 36.363163948059082 42.423691272735596 235.98178270459175 237.87569749355316 49.999350428581238 43.938823103904724 46.969086766242981 42.423691272735596 184.84608340263367 216.66385185718536 146.96778762340546 122.7256783246994 324.23821187019348 168.17963325977325 1201.1207591593266 54.544745922088623 69.317281275987625 23.105760425329208
leaf_count=366 2289 48 65 885 41 128 48 49 237 989 23 42 24 28 158 157 33 29 31 28 122 143 97 81 214 111 1779 36 90 40
internal_value=-4.4324e-05 0.00021675 0.000290274 0.000240521 3.3313e-05 -0.00271835 -2.46844e-05 -0.000163985 0.000339102 -0.000690368 -0.00054038 -0.000615911 -0.000870059 0.000983573 -0.00166583 0.00133576 0.000791936 0.0022193 0.00285728 0.00389242 0.00490427 -0.00283291 0.000223711 0.00208048 -0.000240713 0.00156069 -0.000434192 0.000364095 0.00347978 0.00639066
internal_weight=8443.83 6215.45 6063.56 6018.48 5113.95 151.892 5051.83 4687.06 2396.56 2290.5 2228 1223.85 1160.21 348.48 811.732 1172.71 934.836 392.419 348.48 274.239 227.27 452.646 312.117 165.149 542.417 218.179 2193.15 992.033 146.968 92.423
internal_count=8411 6122 5946 5881 4996 176 4955 4589 1584 3005 2957 810 768 230 538 774 617 259 230 181 150 301 206 109 358 144 2934 1155 166 130
is_linear=0
shrinkage=0.03


Tree=168
num_leaves=31
num_cat=0
split_feature=31 2 40 97 15 93 83 9 19 105 57 94 82 106 21 14 17 98 68 100 26 9 84 83 95 21 58 30 91 14
split_gain=1.42184 2.61013 1.31781 1.36445 1.59059 1.30593 1.25927 1.22872 1.17522 1.42027 1.66052 1.32053 1.30311 1.38319 1.2568 1.14245 1.37017 1.52442 1.37234 1.44784 1.77867 1.37444 1.34 1.84646 1.23893 1.60643 1.18717 1.1564 1.13536 1.31892
threshold=-0.16199999999999895 1.0000000180025095e-35 1.5450000000000002 17.081179961659824 1018.0765000000001 25.835000000000004 11.155000000000003 344.18500000000006 0.92603527266084573 132.50000000000003 14.885000000000003 2.544680030962819 1.0928399849227073 23.500000000000004 0.98205757327197285 47.485000000000007 -0.15583104335483303 72.745750061312023 14.273493150684933 0.99999961904638213 0.2166313900969159 197.03000000000003 2.8550000000000186 17.590000000000003 16.735000000000003 0.95476078496095895 1.9201771209744736 0.8600000000000001 -0.0035569201700519624 78.25500000000001
decision_type=2 2 2 8 10 10 8 2 10 2 10 10 8 2 10 8 2 8 10 2 2 2 2 10 8 10 10 2 2 10
left_child=1 -1 -2 4 -4 6 -5 28 12 -10 11 -11 13 -8 -15 22 18 -18 19 20 21 24 -14 -24 25 -17 -26 -19 -3 -30
right_child=2 7 3 5 -6 -7 8 -9 9 10 -12 -13 15 14 -16 16 17 27 -20 -21 -22 -23 23 -25 26 -27 -28 -29 29 -31
leaf_value=0.0012980430097521074 0.0028429114256228096 -0.0054451463694262419 -0.00030615862248852086 0.0053119137292814917 -0.0065684537412844194 0.0050267593885571556 0.0042123650137083765 0.0076860973100673965 -0.0020599858755804565 -0.0036855862462326946 0.0049572084210980898 0.0038674072766916472 -0.0026826312581356561 -0.0020779515219214433 0.0039829958177555165 5.4116513276241844e-05 -0.0019992259118519697 0.0003958839675039393 -0.0072182921631972208 0.0065335853398343592 -0.0083596243544014018 -0.0035849798278964474 0.0066761717064023869 -0.00090542221877995457 0.0015631072083729539 -0.0040403260483470229 -0.003108743512316308 -0.0062842445327766271 -0.0015752586318213955 0.0071241846535227945
leaf_weight=1437.1025418639183 123.48324424028397 65.529451698064804 80.680770009756088 36.363163948059082 66.66580057144165 42.423691272735596 124.99837607145309 12.499837607145308 600.74977105855942 66.66580057144165 62.120405077934265 30.302636623382568 342.41979384422302 95.45330536365509 45.453954935073853 215.14872002601624 268.17833411693573 3386.319642663002 31.817768454551697 23.105760425329208 29.166287750005722 137.4982136785984 34.848032116889954 169.69476509094238 326.88969257473946 143.9375239610672 57.57500958442688 23.48454338312149 266.28441932797432 16.666450142860413
leaf_count=1262 128 92 60 24 44 28 87 24 398 44 41 20 226 63 30 142 177 3915 21 22 56 279 23 112 452 95 38 38 409 11
internal_value=-2.22585e-05 0.000725187 -0.000226962 -0.000285807 -0.00313948 -0.000219007 -0.000254602 -0.00155542 -0.000287166 -0.00139254 0.00112788 -0.00132528 -0.000133225 0.00191509 -0.000122807 -0.000238168 -8.54016e-05 0.000178592 -0.00109144 -0.000882566 -0.00107082 -0.000829536 -0.00153499 0.000386257 -0.000319997 -0.00158712 0.00086348 0.000349876 -0.00188691 -0.00106284
internal_weight=8363.53 1798.08 6565.45 6441.96 147.347 6294.62 6252.19 360.98 6215.83 759.839 159.089 96.9684 5455.99 265.906 140.907 5190.08 4643.12 3677.98 965.139 933.321 910.215 881.049 546.963 204.543 743.551 359.086 384.465 3409.8 348.48 282.951
internal_count=8361 1798 6563 6435 104 6331 6303 536 6279 503 105 64 5776 180 93 5596 5235 4130 1105 1084 1062 1006 361 135 727 237 490 3953 512 420
is_linear=0
shrinkage=0.03


Tree=169
num_leaves=31
num_cat=0
split_feature=92 89 20 16 95 98 94 93 79 84 92 16 94 13 17 72 74 13 77 92 54 95 20 99 17 105 38 71 95 90
split_gain=1.48479 1.2041 1.81128 2.75772 1.6202 1.50999 2.5316 1.68632 2.79085 1.85933 2.03149 1.61929 1.3833 2.5479 1.36848 1.37562 1.31158 1.86151 1.28821 1.22016 2.01815 1.4941 1.65699 1.1547 1.451 1.84137 2.9037 1.69455 2.81724 2.50433
threshold=15.413238754325262 1.2750000000000001 -0.12351487473923091 -0.99214638768961005 18.125000000000004 78.121229462053464 1.3704955136982953 14.620000000000003 0.0080683080340614322 -3.8270000000000546 7.561491721933872 -0.23191768138316063 3.3909194615508773 16.800000000000001 0.92257175908575573 -0.091999999999984525 0.19901010522286491 19.135000000000002 1.2950000000000006 8.4091405316137173 0.69000000000000039 16.180000000000003 -0.53590047240940053 0.81694185625271787 0.98355571005590336 12.500000000000002 0.2606381049806113 19.845000000000002 21.620000000000001 1.1750000000000005
decision_type=10 2 10 2 10 8 8 8 2 2 10 2 10 10 2 2 2 10 2 10 2 10 10 2 2 2 2 10 10 2
left_child=1 2 3 -1 -4 12 11 8 18 10 -10 -7 19 -14 15 -11 -5 -18 -8 20 -3 -21 -23 -9 27 26 -26 -25 -29 -30
right_child=-2 5 4 16 -6 6 7 23 9 14 -12 -13 13 -15 -16 -17 17 -19 -20 21 -22 22 -24 24 25 -27 -28 28 29 -31
leaf_value=0.04661911823171435 -0.0026176021266653663 0.0018121273937470757 -0.0042065483145491064 -0.0023285509664079506 0.0022073064059708138 0.013600383505796725 0.0034940894781885375 0.0011164968475616413 -0.0058563771394642512 2.1926710693903487e-05 0.0026340350739432125 0.0033567765224284426 -0.0017092433187678308 0.0047514950616484751 -0.00084777670888128251 0.0048972783066100123 -0.00033505906931179222 0.0048991074632598027 0.0095543758913883871 -0.0049828225481107803 -0.0038717108213787901 -0.0033334516420393764 0.0006933821453845541 -0.00070255349752623719 -0.0015237433861074409 0.00085262569349926515 0.016344517416424897 0.0023680963543606425 0.0018430568763557432 -0.0016762669257901844
leaf_weight=1.1363488733768452 195.45200622081757 187.49756410717964 215.52750298380852 168.55841621756554 42.423691272735596 17.045233100652695 112.1197555065155 829.15589460730553 71.211196064949036 83.711033672094345 39.393427610397339 74.999025642871857 124.24081015586853 98.483569025993347 127.27107381820679 137.87699663639069 256.43606242537498 80.301987051963806 43.938823103904724 143.9375239610672 80.301987051963806 189.39147889614105 178.78555607795715 2907.5379840135574 15.151318311691282 623.09796556830406 17.802799016237259 499.99350428581238 274.23886144161224 540.90206372737885
leaf_count=3 129 126 143 133 28 12 74 896 47 56 26 72 82 65 84 91 302 53 29 95 53 125 118 3920 19 703 29 330 181 357
internal_value=-3.35109e-05 2.82145e-05 -0.00110549 -6.32551e-05 -0.0031517 0.000145035 0.000314243 0.000242343 0.00173422 0.000556919 -0.00283239 0.00525374 -0.000937652 0.00114755 0.00163149 0.00305548 -0.000168238 0.000913134 0.00520038 -0.00153313 0.00010778 -0.00239121 -0.00137803 8.14635e-05 -9.44439e-05 0.00121814 0.00812923 -0.000298372 0.000595205 -0.000492257
internal_weight=8377.92 8182.47 764.384 506.433 257.951 7418.09 6415.45 6323.4 615.522 459.464 110.605 92.0443 1002.64 222.724 348.859 221.588 505.296 336.738 156.059 779.914 267.8 512.115 368.177 5707.88 4878.72 656.052 32.9541 4222.67 1315.13 815.141
internal_count=8381 8252 662 491 171 7590 6926 6842 407 304 73 84 664 147 231 147 488 355 103 517 179 338 243 6435 5539 751 48 4788 868 538
is_linear=0
shrinkage=0.03


Tree=170
num_leaves=31
num_cat=0
split_feature=100 62 53 92 53 54 98 38 62 76 77 33 62 100 84 93 55 96 86 51 86 48 14 86 92 1 91 105 15 74
split_gain=1.49777 1.95009 1.70366 1.32169 1.2913 2.05816 1.14452 1.63906 1.80437 1.67691 1.48092 1.58147 1.40039 1.39383 1.31832 1.31037 1.8184 1.45777 1.41945 1.54916 1.34167 1.32378 1.3086 1.30809 1.36684 1.29347 1.31085 1.27909 1.29292 1.38876
threshold=0.99999970148996653 0.78935699097402878 2.6750000000000003 16.052595155709344 2.2450000000000006 1.9550000000000003 115.78428401667898 0.37536648561002289 0.53284450769193559 3.3950000000000005 3.3350000000000004 17.620000000000001 0.84941390269359429 0.85106351936893232 -6.16949999999997 25.835000000000004 0.1726842105263158 -12.183500000000036 0.23332515564342179 1.5150000000000003 0.29073793608899362 2.6209999999999813 47.830000000000005 0.48335989321951617 10.513327265955402 1.0000000180025095e-35 0.010300893727880666 144.50000000000003 1026.8135000000002 0.22669033581752771
decision_type=2 2 2 10 2 2 10 2 2 2 2 10 2 2 2 10 2 2 2 2 2 2 10 2 10 2 2 2 10 2
left_child=2 -2 3 4 6 -6 7 10 13 -10 11 12 14 -9 -1 16 18 -18 -8 20 -20 22 -21 24 -22 -19 -27 28 29 -24
right_child=1 -3 -4 -5 5 -7 15 8 9 -11 -12 -13 -14 -15 -16 -17 17 25 19 21 23 -23 27 -25 -26 26 -28 -29 -30 -31
leaf_value=-0.0035980034407646221 -0.0056878581185347494 0.0025638197906304094 -0.0065107168407094506 -0.0030985096996500421 0.013615923449496928 8.6060011992918688e-05 -0.0032830072066858868 0.0015078594759328843 -0.0081079992475519176 0.0051911764530279403 -0.0044728970723079565 0.0063633695183706413 0.0053846586985433105 0.0098798900234665921 -0.00016652755605383796 0.0066570590861838967 0.0057241867162744955 -0.0027827999746231078 0.0059935204668474761 -0.0012866171402781085 0.0014649484360428793 -0.0042535796335989298 0.0054980564355928121 0.003415054633107388 -0.003104019194266418 -0.0020081012171719479 0.0060753131039586149 0.004103905018031464 -0.0015005794591664314 0.00084958240747939429
leaf_weight=103.02896451950073 86.36251437664032 36.741946905851364 34.848032116889954 112.1197555065155 16.666450142860413 25.757241129875183 74.241459727287292 31.817768454551697 18.939147889614105 15.530101269483565 72.347544938325882 33.332900285720825 40.150993525981903 40.908559441566467 4581.3798744976521 31.817768454551697 24.242109298706055 286.73869904875755 72.726327896118164 277.2691251039505 310.60202538967133 51.514482259750366 60.605273246765137 242.04231002926826 72.726327896118164 39.393427610397339 33.332900285720825 107.57436001300812 204.54279720783234 1268.9229086041451
leaf_count=68 81 40 77 74 26 38 49 54 35 29 125 22 61 72 5546 21 16 193 48 183 205 34 40 162 48 26 22 71 135 839
internal_value=5.97192e-05 -0.00322505 0.000108526 0.000136485 0.000181053 0.00540136 0.000153698 -0.000131588 0.00353755 -0.00211606 -0.000213016 -0.000148241 -0.000194182 0.00621713 -0.000241999 0.000599692 0.000538047 -0.00139629 0.000808657 0.000922492 0.00213688 0.000492252 0.000619657 0.00168837 0.000598109 -0.0018765 0.0016968 0.000941621 0.000719871 0.00106148
internal_weight=8408.22 123.104 8285.12 8250.27 8138.15 42.4237 8095.73 4937.44 107.196 34.4692 4830.24 4757.89 4724.56 72.7263 4684.41 3158.29 3126.47 383.707 2742.77 2668.53 698.097 1970.43 1918.91 625.371 383.328 359.465 72.7263 1641.65 1534.07 1329.53
internal_count=8440 121 8319 8242 8168 64 8104 6012 190 64 5822 5697 5675 126 5614 2092 2071 257 1814 1765 463 1302 1268 415 253 241 48 1085 1014 879
is_linear=0
shrinkage=0.03


Tree=171
num_leaves=31
num_cat=0
split_feature=82 14 63 40 60 82 57 69 56 91 100 65 73 72 23 82 68 96 58 8 14 14 69 7 17 70 17 37 55 12
split_gain=1.38835 1.92826 1.36563 1.51891 1.31956 1.75272 1.47764 2.66854 1.94811 1.90266 2.36615 2.12514 1.6782 1.30534 1.18953 1.08804 1.56427 1.06245 1.41581 1.36152 1.06154 1.29243 1.06021 1.04363 1.09031 2.55048 2.44793 1.98559 2.66635 2.23702
threshold=1.0711677148363876 94.65000000000002 1.2550000000000001 1.8550000000000002 1.9670000000000416 5.4931508252970094 16.025000000000002 17.105000000000004 12.425270270270273 0.020606577704298541 0.99999967689748415 0.79000000000000004 2.7695205479452061 5.9800000000000191 1.5612681704635059 1.0022229994383964 12.349383561643839 1.4430000000000975 0.96885713076778224 3.1250000000000004 48.595000000000006 64.705000000000013 16.825000000000003 12.755000000000001 -0.032282979058982857 3.6276023047660817 0.71337275916904386 1.4305000000000003 0.067105263157894834 311.70500000000004
decision_type=8 10 2 2 2 10 10 10 10 2 2 2 2 2 2 10 10 2 10 2 10 10 10 2 2 10 2 2 2 10
left_child=1 2 -1 -4 5 14 8 22 13 11 20 -9 -10 17 -2 16 -5 18 -6 -20 -11 -22 -8 24 25 -16 27 28 -26 -29
right_child=4 -3 3 15 6 -7 7 9 12 10 -12 -13 -14 -15 23 -17 -18 -19 19 -21 21 -23 -24 -25 26 -27 -28 29 -30 -31
leaf_value=-0.0030312760452584518 -0.0060865475240852113 0.0075585490476399913 0.0068953634692160339 -0.0025975589029882699 -0.005794667273156048 -0.0066653203929205439 -0.0024073236613288349 -0.003959011484117393 0.005031361051084567 -0.0033497572057528012 -0.0082282952481632747 0.0042946548120620445 -0.0025446014976370289 0.0048389732962822495 -0.0011845533523390267 0.003313407000156659 0.0040265178091345236 0.0016661989557833939 0.0031654593455467494 -0.0025865275818587391 0.0031902704173443069 -0.0012239923479704358 -0.0085147968784988325 0.0044224064884292929 0.014114270073356387 0.0068717378301495283 -0.00033670072773587579 0.0013865375202150401 0.0017821358362505233 -0.0034741276653888495
leaf_weight=62.499188035726547 30.68141958117485 45.453954935073853 45.453954935073853 109.08949184417725 51.514482259750366 37.87829577922821 106.05922818183899 33.332900285720825 199.99740171432495 60.605273246765137 33.332900285720825 178.02799016237259 30.302636623382568 57.57500958442688 1290.5135371983051 104.54409635066986 45.453954935073853 180.30068790912628 66.66580057144165 83.332250714302063 125.75594198703766 113.63488733768463 33.711683243513107 44.317606061697006 24.620892256498337 36.363163948059082 4063.2047882378101 917.79110673069954 43.938823103904724 93.938173532485962
leaf_count=48 24 30 30 72 34 25 70 22 132 40 22 122 20 38 1466 69 30 119 44 55 86 75 23 51 29 24 4343 1130 53 62
internal_value=3.30173e-05 0.00172993 0.00100812 0.0018371 -5.51687e-05 -0.000230601 0.000797702 -0.000182541 0.00179957 0.000766353 -0.000645544 0.002993 0.00403452 0.000628142 -0.000193363 0.000949686 -0.000649301 -6.82467e-06 -0.00150374 -3.00889e-05 0.000196983 0.00109489 -0.0038804 -0.000165609 -0.000197033 -0.00096377 7.6319e-07 0.00127004 0.0062108 0.000935229
internal_weight=8349.89 412.495 367.041 304.541 7937.4 6583.25 1354.15 684.461 669.688 544.69 333.329 211.361 230.3 439.388 6545.37 259.088 154.543 381.813 201.513 149.998 299.996 239.391 139.771 6514.69 6470.37 1326.88 5143.49 1080.29 68.5597 1011.73
internal_count=8388 279 249 201 8109 7207 902 460 442 367 223 144 152 290 7182 171 102 252 133 99 201 161 93 7158 7107 1490 5617 1274 82 1192
is_linear=0
shrinkage=0.03


Tree=172
num_leaves=31
num_cat=0
split_feature=72 54 56 103 9 78 73 31 73 33 86 80 15 105 55 7 40 16 94 84 63 92 15 60 85 73 96 63 88 99
split_gain=1.39398 1.28657 1.96106 4.00222 3.66143 2.02669 1.94813 1.93974 1.81779 1.66808 2.11266 1.69076 2.1143 1.72368 1.56089 1.83684 1.48485 1.82818 2.8033 2.29448 1.79285 2.20874 1.47776 1.4775 1.43239 1.42937 1.41277 1.40457 3.09955 1.35882
threshold=8.6290000000000209 0.79000000000000026 17.988648648648653 141.50000000000003 251.78500000000003 2.5250000000000008 2.1182191780821928 -0.089999999999999594 1.4646859099804306 13.345000000000001 1.3295882873895992 11.10713694581281 1001.0295000000002 101.50000000000001 0.055421052631578982 5.2350000000000012 3.5650000000000004 0.49082770717814922 2.0109125401355175 0.4244999999999664 2.2650000000000001 11.080726643598618 1001.0295000000002 -3.984500000000025 1.3191034482758623 1.1447260273972606 -1.8829999999999811 0.56500000000000006 2.2050000000000005 1.7611331510154287
decision_type=2 2 8 2 2 2 2 2 2 10 2 10 10 2 2 2 2 2 10 2 2 10 8 2 2 2 2 2 2 2
left_child=1 9 5 -4 7 -3 27 -5 25 10 16 13 -13 14 -11 -16 17 -1 19 22 21 -20 -19 -24 -21 -9 -25 -6 -29 -17
right_child=-2 2 3 4 6 -7 -8 8 -10 11 -12 12 -14 -15 15 29 -18 18 20 24 -22 -23 23 26 -26 -27 -28 28 -30 -31
leaf_value=-0.00047501117069147854 -0.0051788382396784557 -0.0011822033086196831 -0.013993019869600077 -0.014217356735561076 0.0010378089558237798 -0.0074874772261961531 -0.0040823111555514692 -0.0014567375081751522 -0.01214977981483506 0.0036771818983524444 -0.010627713081357968 -0.0072003113638449273 0.00059937072992819862 0.0064406907101358024 0.0057338080677765283 -0.0033203491167895041 0.0030422550862929253 0.011072765347804738 -0.00067130717049081797 0.010075900840223036 -0.0062207054572529464 0.0057049413963572229 0.014125385734383742 -0.0029475209163443389 0.0035685421332695604 0.01120881134411586 0.0017002954309265092 0.018324179445610579 0.0049022495669724794 0.0015928430072878585
leaf_weight=3467.7579785883427 45.453954935073853 854.15556982159615 14.772535353899 12.87862056493759 56.817443668842316 48.484218597412109 23.863326340913773 43.18125718832016 11.742271691560743 193.93687438964844 17.045233100652695 31.817768454551697 1847.7032681107521 80.301987051963806 42.802474230527878 112.1197555065155 135.98308184742928 13.636186480522154 471.9635654091835 48.484218597412109 45.453954935073853 54.544745922088623 7.5756591558456412 74.241459727287292 81.817118883132935 9.8483569025993329 284.08721834421158 17.802799016237259 118.93784874677658 92.423041701316833
leaf_count=4019 30 572 33 34 150 32 39 111 31 128 45 21 1221 53 29 74 275 9 316 32 30 36 5 49 54 26 546 44 236 61
internal_value=6.05495e-05 8.91865e-05 -0.000814007 0.00124527 0.00200816 -0.00152088 0.00400528 -0.00358377 -0.00146949 0.000243347 -8.51447e-05 0.000886701 0.000467333 0.00239789 0.0016622 8.23134e-05 -4.67926e-05 -0.000139122 0.000937582 0.00255509 -0.000504253 -1.07462e-05 0.00137588 0.00101451 0.00598988 0.000895436 0.000737323 0.00500238 0.0066497 -0.00110031
internal_weight=8361.63 8316.18 1212.48 309.844 295.072 902.64 217.421 77.6505 64.7719 7103.7 4702.59 2401.11 1879.52 521.584 441.282 247.345 4685.55 4549.56 1081.8 509.842 571.962 526.508 379.541 365.904 130.301 53.0296 358.329 193.558 136.741 204.543
internal_count=8341 8311 1308 704 671 604 469 202 168 7003 5416 1587 1242 345 292 164 5371 5096 1077 695 382 352 609 600 86 137 595 430 280 135
is_linear=0
shrinkage=0.03


Tree=173
num_leaves=31
num_cat=0
split_feature=97 21 53 75 91 53 25 11 94 32 31 2 55 61 76 89 58 64 26 26 88 76 106 7 65 61 80 23 96 47
split_gain=1.49044 1.51185 1.49343 1.88782 1.33407 1.23046 1.94044 1.2205 1.18519 1.10117 1.08161 1.50258 1.63643 1.50031 1.569 3.37631 2.41155 1.58653 1.54029 1.52702 1.50393 1.36802 1.546 1.55209 1.34651 1.32928 1.31027 1.25699 1.46308 1.23466
threshold=16.270874430149401 -0.69012477479254575 2.6750000000000003 0.21500000000000002 0.02102326208830228 2.2450000000000006 2.3937500000000007 23.470000000000002 2.4779138669876906 17.134285714285721 -0.14399999999999971 1.0000000180025095e-35 -0.10668421052631587 1.8954054054054057 2.1950000000000007 1.3450000000000004 0.74350248518684414 1.8750000000000002 0.13450526631573459 0.24517850271778602 3.2050000000000005 2.5450000000000004 54.500000000000007 8.2450000000000028 1.3250000000000004 2.7937837837837844 12.555724137931035 1.6345237047048355 4.9550000000000418 13.135000000000003
decision_type=8 8 2 2 2 2 2 10 10 10 2 2 2 2 2 2 10 2 2 2 2 2 2 2 2 2 8 2 2 8
left_child=-1 8 5 -4 -5 7 -7 10 -2 -8 11 12 -3 14 -12 16 -16 -17 21 -20 -19 -15 23 -23 -25 -13 -22 29 -29 -24
right_child=1 2 3 4 -6 6 9 -9 -10 -11 13 25 -14 18 15 17 -18 20 19 -21 26 22 27 24 -26 -27 -28 28 -30 -31
leaf_value=-0.0028911293158754214 0.0075507858685804514 0.0032739028389369377 0.0039835944179737182 -0.0045313275563361732 -0.018579569578207406 0.015299101757924007 -0.0024289228760711423 -0.0074944528813882527 8.4010265071572497e-05 0.0074965645150066431 -0.00026394638247515868 -0.0021910974304813866 0.00059880456492531332 -0.0021851326832355942 0.019606390734548836 0.0059330470099257298 0.0047253293620853152 0.0011435519683531377 -0.002417146507896149 0.00087435250593875704 -0.0029404876095790473 0.00059249899526589336 -0.0033281496350432969 0.0095908695944211947 0.0021848076031417605 0.0017313436122312349 0.0028495028824561202 0.0027028882729803545 -0.0018709105586561265 -0.00057201090741672235
leaf_weight=162.8766718506813 42.423691272735596 245.4513566493988 11.363488733768461 13.636186480522158 10.984705775976179 11.742271691560743 25.378458172082901 19.696713805198669 34.848032116889954 16.666450142860413 1797.3251347243786 273.1025125682354 1274.225870013237 296.96583890914917 13.636186480522154 51.893265217542648 34.848032116889954 807.18648305535316 657.18843176960945 157.19492748379707 165.149369597435 538.62936598062515 169.69476509094238 33.332900285720825 65.529451698064804 108.71070888638496 44.696389019489288 197.34592100977898 92.423041701316833 1060.2134988605976
leaf_count=115 34 210 30 30 26 19 37 13 23 11 1781 412 1132 256 24 56 23 886 628 136 109 588 112 37 71 152 94 194 61 1143
internal_value=-4.91932e-05 6.76838e-06 -3.26176e-05 -0.00613082 -0.010799 -5.71958e-06 0.00451678 -3.57343e-05 0.00418342 0.0015055 -1.75628e-05 0.000608164 0.00103087 -0.000209988 0.000284868 0.00116762 0.00891063 0.000816416 -0.000651281 -0.00178181 0.000555344 -0.000276124 -1.33214e-05 0.00122668 0.00468187 -0.00107429 -0.00170724 -0.000533491 0.00124406 -0.000952285
internal_weight=8434.36 8271.48 8194.21 35.9844 24.6209 8158.23 53.7872 8104.44 77.2717 42.0449 8084.74 1901.49 1519.68 6183.25 2914.73 1117.41 48.4842 1068.93 3268.52 814.383 1017.03 2454.13 2157.17 637.492 98.8624 381.813 209.846 1519.68 289.769 1229.91
internal_count=8443 8328 8271 86 56 8185 67 8118 57 48 8105 1906 1342 6199 2973 1192 47 1145 3226 764 1089 2462 2206 696 108 564 203 1510 255 1255
is_linear=0
shrinkage=0.03


Tree=174
num_leaves=31
num_cat=0
split_feature=30 100 31 2 7 7 13 92 99 92 25 106 62 21 46 72 87 9 94 75 67 90 54 66 84 82 26 82 82 9
split_gain=1.40065 1.29289 1.18371 1.59619 1.30967 1.22287 1.93479 1.85463 1.56462 1.57346 1.53537 1.47047 1.37071 1.31551 1.6857 1.27119 1.43581 2.766 1.69501 1.47057 1.18166 1.99799 1.32679 1.31904 1.24924 1.22217 1.16631 1.16516 1.15406 1.10756
threshold=1.0350000000000004 0.99999960395899989 -0.16199999999999895 1.0000000180025095e-35 7.5950000000000006 6.4150000000000009 16.800000000000001 5.8746955017301046 0.87797950669276392 14.511590914552098 1.5462500000000003 120.50000000000001 0.29582670290835017 0.99455830694672631 1.0956634537268675 -2.692499999999995 0.49500000000000005 230.53000000000003 2.0450973189541735 0.87500000000000011 0.057137268847795145 -0.37499999999999994 0.14499999999999982 -0.59999999999999987 1.797499999999957 1.0928399849227073 0.2803792066168615 2.3117772782859487 1.605873405604638 352.63000000000005
decision_type=2 2 2 2 2 2 10 10 2 10 2 2 2 10 8 2 2 2 8 2 2 2 2 2 2 8 2 10 8 2
left_child=2 -2 3 -1 -5 6 8 -8 9 11 12 -4 28 20 -15 -12 17 -17 -19 -18 22 27 23 24 -7 -23 -24 -22 -10 -27
right_child=1 -3 5 4 -6 13 7 -9 10 -11 15 -13 -14 14 -16 16 19 18 -20 -21 21 25 26 -25 -26 29 -28 -29 -30 -31
leaf_value=0.001118177894586643 -0.011417022087564975 0.000654370792349194 0.0023856908443348744 -0.0021039229451306858 0.0022259707243692394 -0.0030586283347382561 0.0068970301699371921 -0.0022485609177525035 -0.00021500848777500069 -0.0051340136903300256 0.0022366881691006728 0.0092818479154608488 -0.001624134376797754 -0.00096715203471988212 -0.0056309647638529328 -0.0036495005216006715 -0.0031464540836121102 0.0098736226934542353 0.0016449481799455609 -0.00037306377444649714 -0.011079996859423248 0.0057675262293149831 -0.0018332460268847195 0.00033869428195967577 -5.4336263237198027e-05 0.00030715285353557402 0.0036793374722670995 -0.00064239748519396016 0.0043436651651792566 0.0046968802513120611
leaf_weight=1476.4959694743156 18.560364931821823 14.014969438314436 299.23853665590286 275.75399327278137 81.438335925340652 238.63326340913773 21.211845636367798 337.11683243513107 67.423366487026215 22.726977467536926 185.22486636042595 30.68141958117485 67.802149444818497 248.48162031173706 96.968437194824219 91.286692827939987 235.22421678900719 24.242109298706055 318.93525046110153 640.90076458454132 20.454279720783234 42.423691272735596 861.73122897744179 1226.8780002892017 260.60267496109009 889.38238489627838 35.9843809902668 18.181581974029541 193.17930847406387 54.923528879880905
leaf_count=1294 34 16 301 404 146 342 14 227 46 15 123 36 95 164 64 139 267 16 368 537 33 28 892 1265 172 1019 41 12 237 64
internal_value=-1.48506e-05 -0.00622352 9.33175e-06 0.000682831 -0.00111673 -0.000179798 0.000335541 -0.00170717 0.000671787 0.00250106 0.000318163 0.00302701 0.00217564 -0.000506857 -0.00227629 -8.96437e-05 -0.000418423 0.000991655 0.00222622 -0.00111767 -0.000339354 0.000524215 -0.000676828 -0.00019032 -0.00149038 0.000786259 -0.00161228 -0.00616819 0.00316424 0.000562472
internal_weight=8396.1 32.5753 8363.53 1833.69 357.192 6529.84 2535.19 358.329 2176.87 352.647 1824.22 329.92 328.405 3994.65 345.45 1495.81 1310.59 434.464 343.177 876.125 3649.2 1025.37 2623.83 1726.11 499.236 986.73 897.716 38.6359 260.603 944.306
internal_count=8411 50 8361 1844 550 6517 2421 241 2180 352 1828 337 378 4096 228 1450 1327 523 384 804 3868 1156 2712 1779 514 1111 933 45 283 1083
is_linear=0
shrinkage=0.03


Tree=175
num_leaves=31
num_cat=0
split_feature=39 35 50 13 58 94 42 17 86 90 27 100 19 91 86 87 91 82 94 19 51 49 7 21 39 16 28 84 89 84
split_gain=1.18951 1.65391 1.76092 1.62992 2.1908 1.49951 1.58559 1.54449 1.4975 1.42225 1.35594 1.8004 1.64256 1.88717 2.54156 1.91125 1.62205 2.02727 1.87217 1.55391 2.15327 1.53411 1.52483 1.46856 1.53214 1.45098 1.30735 1.95864 2.26112 1.78243
threshold=3.9650000000000003 19.005000000000006 0.17432828231709199 7.525500000000001 1.2240838002829435 4.4767458816740247 -0.315 -0.69176507141280652 0.2618821859987393 -1.1349999999999996 1.8350000000000002 0.99999952267054004 0.92377931104577427 0.017625232153065256 0.78370888824470886 0.80500000000000016 0.0014916745394426181 1.0022229994383964 2.7404826370927311 0.32176994257662417 1.3450000000000004 1.5223684210526318 6.5750000000000011 0.99366045503753198 1.5450000000000002 -0.53685793598675657 3.2750000000000004 6.5129999999999777 2.7150000000000012 4.09349999999995
decision_type=2 10 2 10 10 10 2 2 2 2 2 2 8 2 2 2 2 10 10 10 2 2 2 10 2 2 2 2 2 2
left_child=1 5 -3 4 -4 6 7 -1 -9 -10 11 12 16 14 22 -16 18 -18 25 20 -19 -12 -14 24 -23 -8 29 28 -28 -6
right_child=-2 2 3 -5 26 -7 10 8 9 -11 21 -13 13 -15 15 -17 17 19 -20 -21 -22 23 -24 -25 -26 -27 27 -29 -30 -31
leaf_value=0.0044877841594316899 -0.0040612018140608122 0.0046810382581554452 -0.00061849766740363645 -0.0023745398530527011 0.0028926857945642216 -0.0017831042969704948 -0.0042772514770868684 -0.0070532689801713015 -0.0028883259989732168 0.0011595645774253307 -0.004953114680214173 0.0077896908998827943 0.00062163519435503981 -0.0029139106832651806 0.01750832252173776 0.0011642614563557427 0.0071762568816319686 -0.002353035312553581 0.0016829746362522773 0.0024584317672671397 0.0015459929661398144 0.0038950174099324822 -0.003023667939956468 -0.0029947972691204278 -0.00043346762460496675 -0.00048711986328214439 -0.0036416127602185138 -0.0041654197012368326 0.004549652020700296 0.0095176921773478078
leaf_weight=106.05922818183899 62.120405077934265 119.69541466236115 298.4809707403183 124.61959311366081 148.48291945457458 422.34299793839455 120.07419762015343 21.969411551952362 84.468599587678909 1039.3804361820221 71.211196064949036 28.78750479221344 404.91898187994957 270.8298148214817 12.878620564937593 12.87862056493759 53.787180006504059 201.51253354549408 274.23886144161224 474.23626315593719 346.96518933773041 75.756591558456421 138.63456255197525 196.96713805198669 2583.6785551011562 374.23756229877472 39.393427610397339 48.484218597412109 131.81646931171417 48.484218597412109
leaf_count=112 47 79 197 83 98 290 80 16 94 1115 101 40 682 541 31 31 37 133 181 313 229 104 276 130 2891 247 26 32 87 32
internal_value=7.46435e-05 0.00010569 0.00127682 0.000791599 0.00134333 -4.79014e-05 5.84094e-05 0.00102428 0.000703689 0.000855325 -0.000155918 0.000327134 0.000247129 -0.00085244 0.000128232 0.00933629 0.000747816 0.0014994 -0.000304923 0.00120084 0.000113477 -0.000603721 -0.000308108 -0.000495289 -0.000310167 -0.00140779 0.0027487 0.00115755 0.00266494 0.00452346
internal_weight=8337.39 8275.27 959.457 839.762 715.142 7315.81 6893.47 1251.88 1145.82 1123.85 5641.59 2713.98 2685.19 840.141 569.311 25.7572 1845.05 1076.5 768.551 1022.71 548.478 2927.61 543.554 2856.4 2659.44 494.312 416.661 219.694 171.21 196.967
internal_count=8355 8308 634 555 472 7674 7384 1337 1225 1209 6047 2821 2781 1561 1020 62 1220 712 508 675 362 3226 958 3125 2995 327 275 145 113 130
is_linear=0
shrinkage=0.03


Tree=176
num_leaves=31
num_cat=0
split_feature=42 90 73 13 79 98 81 57 10 96 88 88 86 86 70 23 82 19 17 9 44 87 89 72 68 58 70 82 55 96
split_gain=1.30685 1.50709 1.2426 1.95131 1.13905 1.11057 1.2973 1.43516 1.59136 1.9891 1.38998 2.62509 2.58238 1.0582 1.04544 1.02855 1.01148 2.07908 1.47904 1.64311 1.55649 1.92367 1.74692 1.60711 1.49233 1.39207 1.34699 1.30603 1.29493 1.41912
threshold=-0.37499999999999994 -1.2049999999999998 2.4906164383561649 -4.4614999999999991 -0.014102647167715761 72.211288757325107 17.385000000000002 17.685000000000006 15.755000000000001 -5.2710000000000141 4.0850000000000009 3.9350000000000005 0.96784010915756225 0.27321496127630379 1.0564218970144368 1.6075843472010996 1.0928399849227073 0.92916483094970836 -0.30743951725898483 203.49000000000004 10.638157894736844 1.5950000000000004 1.1650000000000003 -2.692499999999995 14.443219178082193 0.70623907765945304 0.85681400383653183 0.90269016363488497 -0.0097894736842105631 11.45750000000004
decision_type=2 2 2 8 2 8 8 8 8 2 2 2 2 2 8 2 8 10 2 2 8 2 2 2 10 8 8 10 2 2
left_child=1 4 3 -2 -1 -4 -7 -8 9 -9 11 14 15 -3 -10 -13 17 25 19 24 22 23 -20 -22 26 -5 -18 -27 29 -25
right_child=2 13 5 16 -6 6 7 8 10 -11 -12 12 -14 -15 -16 -17 18 -19 20 -21 21 -23 -24 28 -26 27 -28 -29 -30 -31
leaf_value=-0.0008438032529897772 0.0078226434316098197 -0.006435516012462437 -0.0032202899163137158 -0.0015109283321575388 -0.0091888347660184257 0.0021788939981320006 -0.0022691903521196485 -0.0070437464907391585 -0.0080098057287786382 0.0033085033020536204 -0.002528341947839333 0.0077609587335648539 -0.00011839039510355351 0.0012658007714043133 -0.00029061608002479413 0.019552219269806121 -0.0043100484140849412 -0.0024316043671614492 -0.0040666268024507173 -0.004380290188361796 0.0032461486679771657 0.0045735839736182737 -0.00039595245424143085 0.0011257862229448383 -0.0069191200099414504 0.0088840916288401 -8.1165643474163357e-05 0.0028331658564565367 -0.00016466264063805418 0.010412538591141184
leaf_weight=48.105435639619827 28.78750479221344 16.28766718506813 172.72502875328064 52.27204817533493 21.211845636367798 130.30133748054504 456.05468118190765 18.560364931821823 18.181581974029541 167.04328438639641 246.96648848056793 14.772535353899004 26.514807045459747 1137.1064392924309 120.07419762015343 12.121054649353026 74.241459727287292 88.635212123394012 131.81646931171417 123.86202719807625 162.11910593509674 99.619917899370193 1016.6534587144852 656.0520828962326 33.332900285720825 39.393427610397339 779.91411009430885 173.4825946688652 2267.773568302393 15.151318311691282
leaf_count=46 19 13 114 36 26 86 301 16 12 120 376 36 49 1148 212 29 49 60 87 234 107 98 671 844 22 26 841 119 2567 10
internal_value=-7.27796e-06 0.000898844 -0.000162745 3.16736e-05 -0.00339747 -0.000969914 -0.000648834 -0.000989906 -5.52837e-05 0.00227328 -0.0010406 0.000876413 0.00652526 0.00115705 -0.00130574 0.0130753 -7.57559e-06 0.00154607 -0.000110113 -0.00114349 0.000130187 0.000470146 -0.000817257 0.000338327 -0.000691751 0.00287575 -0.000448732 0.00395291 0.000177926 0.00133542
internal_weight=8349.13 1222.71 7126.42 5743.11 69.3173 1383.32 1210.59 1080.29 624.234 185.604 438.631 191.664 53.4084 1153.39 138.256 26.8936 5714.32 353.783 5360.54 1011.35 4349.19 3200.72 1148.47 3101.1 887.488 265.148 854.156 212.876 2938.98 671.203
internal_count=8374 1233 7141 5790 72 1351 1237 1151 850 136 714 338 114 1161 224 65 5771 241 5530 1146 4384 3626 758 3528 912 181 890 145 3421 854
is_linear=0
shrinkage=0.03


Tree=177
num_leaves=31
num_cat=0
split_feature=3 67 76 16 64 63 37 34 7 18 53 89 39 87 69 85 19 58 86 2 35 40 77 39 7 18 27 87 99 40
split_gain=1.35542 1.72194 1.68909 1.64975 2.59408 1.6913 1.87239 1.66364 1.6652 1.52777 1.48089 1.40273 1.30266 1.29402 1.9761 2.15064 1.76999 1.68947 1.49729 1.27812 1.25303 1.23831 1.23017 1.20134 1.32157 1.44476 1.19374 1.14489 1.12254 1.06651
threshold=2.6050000000000004 0.194203413940256 4.4650000000000007 -0.63270531892586301 3.9450000000000007 0.64500000000000013 2.5655000000000006 1.6296172345007751 7.2150000000000007 -0.79314074581489458 1.9150000000000003 3.7350000000000008 3.2850000000000006 1.3550000000000002 18.185000000000006 2.2331034482758625 0.79531477894905034 2.5688129145135385 0.77238721559697743 1.0000000180025095e-35 21.275000000000002 4.4850000000000012 1.9550000000000005 0.49500000000000005 8.7050000000000018 0.88949612483481777 2.5750000000000006 0.89500000000000013 2.569222292777519 1.5450000000000002
decision_type=2 2 2 2 2 2 2 8 2 8 2 2 2 2 10 2 10 10 2 2 8 2 2 2 2 8 2 2 2 2
left_child=1 2 11 4 7 6 -5 -2 26 -6 13 23 27 16 15 -15 17 -7 -17 -8 -12 22 -16 -1 29 -26 -9 -11 -22 -25
right_child=3 -3 -4 5 9 10 19 8 -10 12 20 -13 -14 14 21 18 -18 -19 -20 -21 28 -23 -24 24 25 -27 -28 -29 -30 -31
leaf_value=-0.0081700585351983102 0.0013463998504071942 0.0074744253019390309 0.0060795801911916261 -0.00068587652550026752 0.0030871724594096627 -0.0011434780137646991 -0.0051291985790464113 0.0080255483838018431 0.0098977210278875689 0.0038373679116258195 -0.0019086678988936687 -0.0054113468002209833 -0.005907115853470272 0.0072908419654091703 0.0019199210765886345 -0.0013100090611497814 -0.0035703019257865877 0.0060527332727235029 -0.01099782381821748 -0.017856873384740273 0.011800207680577747 -0.0024559113344669392 0.0078818431615868163 0.0029715494279144955 0.00090191921226905481 0.0059352448430082692 -0.0061903290486416259 -0.0028228921337174256 0.0016107715221288096 3.0881425372978077e-05
leaf_weight=15.530101269483565 113.25610437989235 29.166287750005722 43.18125718832016 28.408721834421158 57.57500958442688 945.82104560732841 14.014969438314438 9.4695739448070544 54.165962964296341 35.9843809902668 22.726977467536926 40.908559441566467 64.77188578248024 25.378458172082901 78.786855220794678 274.23886144161224 295.45070707798004 30.302636623382568 15.151318311691282 14.39375239610672 20.454279720783234 30.302636623382568 51.514482259750366 113.25610437989235 186.3612152338028 70.832413107156754 12.121054649353026 65.529451698064804 18.560364931821823 5568.1094795465469
leaf_count=35 83 47 54 57 38 1000 22 22 83 47 15 54 75 22 52 325 195 20 10 26 33 20 34 122 123 112 32 50 19 5532
internal_value=-3.16801e-05 0.000202603 0.000167478 -0.000655577 0.00106038 -0.00103535 -0.00613188 0.00364829 0.00708961 -0.00112466 -0.000875253 0.000124893 -0.00258298 -0.00103663 0.000298748 -0.00108288 -0.00153586 -0.00092008 -0.00181722 -0.0115779 0.00369091 0.00300661 0.00427696 0.000162931 0.000184723 0.00228812 4.47049e-05 -0.000461979 0.00695281 8.95026e-05
internal_weight=8345.72 6067.35 6038.18 2278.38 412.873 1865.51 56.8174 189.013 75.7566 223.861 1808.69 5995 166.286 1746.95 475.373 314.769 1271.57 976.124 289.39 28.4087 61.7416 160.604 130.301 5954.09 5938.56 257.194 21.5906 101.514 39.0146 5681.37
internal_count=8359 6079 6032 2280 430 1850 105 220 137 210 1745 5978 172 1678 463 357 1215 1020 335 48 67 106 86 5924 5889 235 54 97 52 5654
is_linear=0
shrinkage=0.03


Tree=178
num_leaves=31
num_cat=0
split_feature=72 40 82 24 31 97 78 2 66 51 7 13 64 52 74 60 87 9 35 56 75 42 85 75 45 58 87 56 54 90
split_gain=1.19148 1.1196 1.41674 1.17647 1.14326 1.50949 1.53086 1.33309 1.31697 1.84486 1.33174 2.43828 1.25457 1.50631 1.92248 1.23658 1.21209 1.88736 1.65577 1.89265 1.88416 1.4881 1.61977 2.27025 1.39051 1.37657 1.45995 1.33188 1.2795 1.22815
threshold=8.6290000000000209 1.5450000000000002 1.78218236861302 12.627127000000003 -0.16199999999999895 16.270874430149401 0.059999999999999949 1.0000000180025095e-35 0.88500000000000001 0.80500000000000016 6.4150000000000009 15.740000000000002 3.4250000000000003 2.9150000000000005 0.71141671077196256 -0.57650000000000989 0.88500000000000012 331.96500000000009 21.475000000000005 14.885405405405409 0.8650000000000001 -0.315 1.3126551724137934 0.59500000000000008 18.355000000000004 0.67385086639016978 0.37500000000000006 11.736081081081082 0.56000000000000028 0.92000000000000037
decision_type=2 2 8 2 2 8 2 2 2 2 2 10 2 2 2 2 2 2 10 10 2 2 2 2 10 8 2 8 2 2
left_child=1 2 -1 -4 7 6 -6 -3 9 -7 11 -11 13 14 -9 -14 18 -18 19 21 24 -10 23 29 -21 -25 -27 -28 -19 -23
right_child=-2 4 3 -5 5 8 -8 12 16 10 -12 -13 15 -15 -16 -17 17 28 -20 20 -22 22 -24 25 -26 26 27 -29 -30 -31
leaf_value=-0.0026501289781531274 -0.0048726583024809424 0.0010280486072003076 0.0084588165542890531 0.0014962450905806539 0.00065581260957069023 -0.004846014813612895 -0.0061708930903141479 -0.0018415658626725914 0.0064420073336714017 0.00077308706899844519 -0.00072944447877940901 -0.0023697916780566052 0.011984064452152729 -0.006452470149127862 0.010407653177653943 0.00050835298388956921 -0.0045972692874124595 0.0043685726317282229 0.0048616311422380815 -0.0053427748654952664 0.0035571591026935449 0.0027474406204118264 -0.0014805677853185499 -0.0010855830424237208 0.00062447764870378483 -0.0017478037196054293 0.003430945250617191 0.0094668118760956894 -0.0018939110770539067 -0.00031803794858548324
leaf_weight=30.68141958117485 45.453954935073853 1443.1630691885948 42.044908314943314 45.453954935073853 48.484218597412109 82.953467756509781 75.756591558456421 148.86170241236687 46.590303808450699 1518.9196607470512 2896.174495279789 260.22389200329781 9.0907909870147687 60.226490288972855 12.499837607145308 120.07419762015343 96.210871279239655 55.681094795465469 90.907909870147705 110.60462367534637 43.938823103904724 169.69476509094238 195.45200622081757 33.332900285720825 51.514482259750366 20.833062678575516 59.090141415596008 74.241459727287292 62.120405077934265 383.32835328578949
leaf_count=21 30 1260 48 57 32 87 56 243 63 1469 2894 174 6 81 24 188 107 42 60 76 29 214 258 22 34 40 39 79 50 556
internal_value=-2.88042e-05 -2.23945e-06 0.00289685 0.0048419 -4.41754e-05 -0.000232414 -0.00350681 0.000624874 -0.000167343 -0.000411286 -0.000332601 0.000313398 -0.00103397 -0.0024038 -0.000892683 0.00131603 0.000609837 -0.00147987 0.000959359 0.000660906 -0.00195318 0.00120912 0.000948639 0.0015898 -0.00344664 0.00444255 0.00563782 0.00679183 0.00106617 0.000622602
internal_weight=8333.6 8288.15 118.18 87.4989 8169.97 6376.05 124.241 1793.92 6251.81 4758.27 4675.32 1779.14 350.753 221.588 161.362 129.165 1493.54 214.012 1279.53 1188.62 206.058 982.563 935.973 740.521 162.119 187.498 154.165 133.332 117.801 553.023
internal_count=8339 8309 126 105 8183 6381 88 1802 6293 4624 4537 1643 542 348 267 194 1669 199 1470 1410 139 1271 1208 950 110 180 158 118 92 770
is_linear=0
shrinkage=0.03


Tree=179
num_leaves=31
num_cat=0
split_feature=31 28 44 51 83 79 19 87 74 8 76 41 85 17 14 97 16 21 47 45 47 51 95 89 91 90 98 70 38 78
split_gain=1.16249 1.30253 1.98262 1.72426 1.60467 1.39478 1.28497 2.79699 1.93113 1.20425 1.30858 1.42055 1.37845 1.48009 1.7566 1.41829 1.34174 1.354 1.18252 1.28163 1.55121 1.18108 1.9127 1.17693 1.36215 1.1617 1.27955 1.66741 1.15655 1.12279
threshold=-0.16199999999999895 1.885 10.546315789473686 0.36500000000000005 13.240000000000002 0.038546126205667476 0.82090010707719341 1.3650000000000004 0.22935585701825204 6.2550000000000008 2.0950000000000002 0.95500000000000007 1.2774827586206898 -0.89297892981028981 48.125000000000007 60.239002614939217 -0.89795076453646605 -0.30868469330506382 19.835000000000004 15.965000000000002 18.025000000000002 2.4350000000000005 20.730000000000004 1.2750000000000001 0.017371918493549608 0.78500000000000025 105.82490560144679 2.1069874161124305 0.035876187441828487 1.0750000000000004
decision_type=2 2 8 2 8 2 10 2 2 2 2 2 2 2 10 8 2 8 10 10 10 2 10 2 2 2 10 10 2 2
left_child=-1 18 -3 5 -5 -4 8 21 -6 10 11 29 15 -14 -15 -12 -17 -18 19 20 23 22 -8 24 28 -24 -27 -28 -2 -10
right_child=1 2 3 4 6 -7 7 -9 9 -11 12 -13 13 14 -16 16 17 -19 -20 -21 -22 -23 25 -25 -26 26 27 -29 -30 -31
leaf_value=0.00064334840006198676 0.0093875324352701833 -0.0019089704595629368 -0.016461604414446749 0.0075152468673747603 0.0036583674894942533 0.00039247873617204046 -0.0031531272193763755 0.0028029405143431187 -0.0003203117440119111 -0.0029046723011866243 -0.0019584694568053162 0.0079043841442527647 -0.0036338115086381787 -0.0011338777287269368 0.0007702961526951861 0.0089110293507330251 0.011172214789446324 0.0015473434371205722 0.006580914886554102 -0.0041217820960214062 0.0084862033533420062 -0.0048381350629576689 -0.0043298804464536348 0.00072569060493772749 -0.0055326061696532643 -0.0027347265586776387 0.006399790023022274 -0.00048543893686404059 -0.00063621297219980551 -0.005762717033923356
leaf_weight=1807.9310575425625 10.605922818183897 760.21739628911018 10.605922818183901 24.242109298706055 128.02863973379135 7.5756591558456412 277.2691251039505 121.21054649353027 58.711358457803726 132.19525226950645 83.332250714302063 10.605922818183897 104.54409635066986 709.83926290273666 1130.2883460521698 26.136024087667465 13.636186480522154 372.34364750981331 27.272372961044312 57.57500958442688 21.211845636367798 121.21054649353027 34.848032116889954 1634.069679915905 51.893265217542648 43.938823103904724 68.180932402610779 59.090141415596008 446.20632427930832 81.438335925340652
leaf_count=1821 7 504 28 16 143 17 183 80 80 139 55 19 99 1307 761 39 9 581 18 38 14 80 23 1680 56 29 45 39 404 110
internal_value=-3.09506e-05 -0.000214871 -0.000516228 -0.000223687 -0.000177159 -0.00943907 -0.000229294 -0.00135631 5.75885e-05 -0.000111707 3.07999e-05 -0.00268168 0.000198383 -0.000161522 3.57507e-05 0.00161104 0.00233281 0.00188738 0.000372005 0.000295784 0.000413317 -0.00219025 -0.0015262 0.000333402 -0.000926713 0.000662971 0.00167922 0.00320308 -0.000403489 -0.00348279
internal_weight=8436.25 6628.32 4379.49 3619.27 3601.09 18.1816 3576.85 725.748 2851.1 2723.07 2590.88 150.756 2440.12 1944.67 1840.13 495.448 412.116 385.98 2248.83 2221.56 2163.99 604.538 483.327 2142.78 508.706 206.058 171.21 127.271 456.812 140.15
internal_count=8424 6603 4386 3882 3837 45 3821 479 3342 3199 3060 209 2851 2167 2068 684 629 590 2217 2199 2161 399 319 2147 467 136 113 84 411 190
is_linear=0
shrinkage=0.03


Tree=180
num_leaves=31
num_cat=0
split_feature=53 106 54 89 68 7 39 96 60 91 56 63 52 88 47 75 86 16 84 74 105 36 16 106 30 100 82 46 60 103
split_gain=1.51356 2.76245 1.0774 1.31482 1.70739 1.68978 2.23884 1.86864 1.65264 1.57827 1.35588 1.49505 1.35983 1.35018 1.28718 1.3824 1.16954 1.30887 1.23371 1.36609 1.37827 1.28594 1.34953 1.23223 1.16749 1.48883 1.5297 1.1958 1.12831 1.75544
threshold=2.6750000000000003 11.500000000000002 -0.68999999999999972 2.8250000000000006 16.866643835616447 7.7650000000000006 2.3250000000000006 0.50749999999999329 1.1834999999999811 0.015298535663675008 17.071351351351353 2.9650000000000003 4.0750000000000011 4.6650000000000009 23.655000000000005 2.7550000000000003 0.29784780030216901 -0.45538952885111955 5.8740000000000245 0.61342493957477695 124.50000000000001 -0.58999999999997488 0.38864155935217376 57.500000000000007 0.35500000000000004 0.90792195441116441 5.0721250288802517 0.99241817849131753 2.7899999999999641 144.50000000000003
decision_type=2 2 2 2 10 2 2 2 2 2 10 2 2 2 10 2 2 2 2 2 2 2 2 2 2 2 8 10 2 2
left_child=2 -2 16 4 10 6 8 13 -5 -9 11 12 14 -7 15 28 -1 23 19 20 -19 -22 -23 -18 25 26 -8 -27 -4 -30
right_child=1 -3 3 5 -6 7 24 9 -10 -11 -12 -13 -14 -15 -16 -17 17 18 -20 -21 21 22 -24 -25 -26 27 -28 -29 29 -31
leaf_value=-0.010040153702461778 0.002445712511097411 -0.011968612855546696 2.181423131259962e-05 -0.0013470601960313838 -0.0062059162268043033 0.0024680163329075556 -0.002798944108887732 0.00610213918268374 0.003973776537778557 -0.0017395554271487426 0.0054340827997243065 -0.0051226860334025008 0.0060325199564984968 -0.0036304308077939021 -0.006973608799146048 0.0062719152396594367 -0.0055046462572484155 -0.00021403115320072953 -0.00065789419278615045 0.0056733713887536742 0.014620136654674128 0.0018612065633060197 0.0093372956008367855 0.000370852126417604 -0.010866366763609634 0.0058363903824030011 -0.0083228457185597904 -0.0038479188691151098 0.0069359914472527182 0.00092793887760935368
leaf_weight=8.3332250714302045 22.348194509744644 25.757241129875183 5506.367857426405 340.52587905526161 37.87829577922821 295.07192412018776 141.28604325652122 24.620892256498337 62.120405077934265 373.85877934098244 43.938823103904724 48.105435639619827 35.605598032474518 36.741946905851364 22.726977467536926 33.332900285720825 40.908559441566467 161.36154001951218 124.24081015586853 107.19557705521584 9.0907909870147687 139.01334550976753 25.757241129875183 149.61926832795143 20.833062678575516 24.999675214290619 66.287017613649368 21.211845636367798 48.484218597412109 449.99415385723114
leaf_count=7 32 59 5489 443 25 452 94 17 41 249 29 67 34 55 15 37 57 171 82 127 6 121 26 143 22 51 118 14 32 297
internal_value=3.40087e-05 -0.00527219 6.43982e-05 -4.3195e-05 0.000143999 -0.000871263 -0.00195064 0.000129736 -0.00052616 -0.00125504 0.000182865 0.000145315 0.000186883 0.00179273 0.000152542 0.000179364 0.00113735 0.00126036 0.00198361 0.0027254 0.00178272 0.00363591 0.00302988 -0.000890686 -0.00403922 -0.00347878 -0.00456296 0.00139113 0.000145544 0.00151231
internal_weight=8447.62 48.1054 8399.51 7633.99 6226.43 1407.56 677.264 730.294 402.646 398.48 6188.56 6144.62 6096.51 331.814 6060.91 6038.18 765.52 757.187 566.659 442.418 335.223 173.861 164.771 190.528 274.618 253.785 207.573 46.2115 6004.85 498.478
internal_count=8412 91 8321 7581 6025 1556 783 773 484 266 6000 5971 5904 507 5870 5855 740 733 533 451 324 153 147 200 299 277 212 65 5818 329
is_linear=0
shrinkage=0.03


Tree=181
num_leaves=31
num_cat=0
split_feature=22 44 52 52 77 9 89 25 73 89 70 40 82 100 92 56 53 87 63 1 51 1 28 9 83 87 52 13 21 0
split_gain=1.3437 1.85005 1.26326 1.37423 1.83081 1.31097 1.28273 1.73964 1.58106 1.35598 1.39222 1.33873 1.27832 1.23663 1.19049 1.15884 1.11406 1.10861 1.0865 1.25142 1.07995 1.9141 1.62574 1.49638 1.24366 1.10642 2.38799 2.59162 2.05349 2.54462
threshold=13.286050000000001 15.17526315789474 3.6250000000000004 3.7650000000000001 1.4550000000000005 64.14500000000001 3.1550000000000007 1.3012500000000002 0.78397260273972613 3.0750000000000006 1.6669638347251092 1.5450000000000002 2.6344992915361392 0.55592377436091234 14.865588235294117 17.071351351351353 1.1750000000000005 0.33500000000000008 2.6350000000000002 1.0000000180025095e-35 0.68500000000000016 1.0000000180025095e-35 1.5150000000000003 137.71500000000003 10.620000000000003 0.49500000000000005 3.4450000000000007 1.5985000000000003 0.73485538657312277 1.0000000180025095e-35
decision_type=2 8 2 2 2 2 2 2 2 2 8 2 10 2 10 10 2 2 2 2 2 2 2 2 8 2 2 8 10 2
left_child=2 -2 6 4 -4 -6 9 -8 -9 11 -11 -1 -7 14 -10 20 -14 -3 19 -15 21 22 -13 -24 -22 26 27 -26 -29 -30
right_child=1 17 3 -5 5 12 7 8 13 10 -12 15 16 18 -16 -17 -18 -19 -20 -21 24 -23 23 -25 25 -27 -28 28 29 -31
leaf_value=0.0032737648243087126 -0.0058064151778862297 -0.0084561960855180172 0.010605987009590817 0.0004751550602730899 -0.0056588449704632025 0.00086781449205218563 0.022806719298599176 0.033788471253823907 0.00036761729832069723 -0.0001987542292011855 0.0064192964999833417 0.05800638040725431 0.010699704240826334 -0.0059960733603744119 -0.0068117266675200737 0.0048054064043316176 0.0028195735820511218 -0.0002399675259062159 0.0015452530350141735 -0.0010372686548116362 0.0082432894941626127 0.0044680121733240404 -0.011752494952784276 -0.0028254621005529908 0.0055387889082333022 -0.00021154538978558575 -0.007581847999183231 0.0014193465727082592 0.0015548705946239717 -0.0021485280146775819
leaf_weight=116.66515100002289 77.271723389625549 15.530101269483565 28.029938876628876 421.58543202280998 16.666450142860413 89.392778038978577 2.6514807045459738 1.1363488733768452 243.55744186043739 53.029614090919495 62.120405077934265 0.37878295779228111 29.545070707798004 121.58932945132256 22.726977467536926 45.453954935073853 35.605598032474518 306.05662989616394 35.9843809902668 73.483893811702728 16.666450142860413 29.166287750005722 20.075496762990952 106.81679409742355 98.483569025993347 4561.3043777346611 31.060202538967133 979.53272885084152 273.48129552602768 428.78230822086334
leaf_count=122 51 32 32 423 17 98 7 3 310 35 98 1 24 150 15 30 25 298 35 116 11 53 29 135 65 4197 25 1479 182 283
internal_value=6.0849e-05 -0.00163828 0.00014615 0.00144547 0.00349862 0.00233503 3.6014e-05 -0.00142894 -0.00155785 0.00014361 0.00337151 8.81987e-05 0.00319711 -0.00163861 -0.000245129 3.18138e-05 0.00639312 -0.000636747 -0.00324454 -0.0041281 -1.33426e-06 -0.00246397 -0.00405255 -0.0042378 5.89615e-05 3.75569e-05 0.000664845 0.000808723 0.000531737 -0.00070632
internal_weight=8343.83 398.858 7944.97 620.825 199.24 171.21 7324.15 501.13 498.478 6823.02 115.15 6707.87 154.543 497.342 266.284 6591.2 65.1507 321.587 231.058 195.073 6545.75 156.437 127.271 126.892 6389.31 6372.64 1811.34 1780.28 1681.8 702.264
internal_count=8381 381 8000 619 196 164 7381 636 629 6745 133 6612 147 626 325 6490 49 330 301 266 6460 218 165 164 6242 6231 2034 2009 1944 465
is_linear=0
shrinkage=0.03


Tree=182
num_leaves=31
num_cat=0
split_feature=72 31 29 10 12 15 20 60 16 75 9 58 82 59 28 41 51 39 9 27 106 100 78 20 51 94 13 86 19 97
split_gain=1.14461 1.06375 1.20177 1.41234 1.30883 1.22813 1.76288 1.4268 2.08673 2.09897 1.5419 1.22387 1.26178 1.38524 1.74274 1.64161 1.327 2.20677 1.90768 1.20245 1.31312 1.18592 1.15693 1.11727 1.20167 1.11281 1.44126 1.21973 2.08672 2.15567
threshold=8.6290000000000209 -0.45749999999999963 0.36000000000000004 7.6930000000000005 5.0985000000000005 1026.7250000000001 -0.18206391236217909 2.0699999999999936 -0.82658973653750667 0.44500000000000006 330.29000000000002 0.77348456864417414 1.1607893676741743 16.650000000000002 1.9650000000000001 0.99500000000000011 0.65500000000000014 1.4650000000000001 133.78000000000003 1.7450000000000003 98.500000000000014 0.99999953810398534 -0.22999999999999984 -0.92980843379341027 1.7750000000000001 4.4410206229829461 7.9675000000000002 0.51675144834429487 -0.45709792705869418 46.464203740823983
decision_type=2 2 2 8 8 10 10 2 2 2 2 8 8 10 2 2 2 2 2 2 2 2 2 10 2 10 10 2 8 8
left_child=1 -1 4 -4 -3 7 19 25 -9 -10 22 -5 -13 14 15 -14 18 -18 -16 -7 -21 -20 -11 -24 -25 27 -27 -6 -29 -30
right_child=-2 2 3 11 5 6 -8 8 9 10 -12 12 13 -15 16 -17 17 -19 21 20 -22 -23 23 24 -26 26 -28 28 29 -31
leaf_value=0.0020398168326984443 -0.0046887211963487834 -0.0031403269433235162 -0.0052092766541528201 -0.0031810356656309549 -0.00015213405890354397 0.0022744126106869528 -0.0035544470946316489 -0.0073629614973619003 -0.0022890461847068842 -0.0016340464263060884 0.0040167296877028913 0.0056413641398897815 0.00070774967276530216 0.00047473037917715037 -0.019210916702555959 0.013356644960345341 0.0063004848500577606 -0.0025793430370069379 -0.0081893801760556193 -0.002478659770016124 0.0016596166783755641 0.0056199899976265358 0.0059413482122055569 0.0030190711992719122 -0.0010915466430886384 -4.0760562762819861e-05 -0.0040827635987726752 0.0026133932328516983 -0.0016171099841270561 0.00088769883262628023
leaf_weight=243.17865890264511 45.453954935073853 104.54409635066986 62.120405077934265 144.31630691885948 2492.7706452310085 140.90726029872894 177.27042424678802 23.105760425329208 99.998700857162476 99.998700857162476 293.93557524681091 31.817768454551697 57.953792542219162 649.61277261376381 9.8483569025993329 10.984705775976179 27.272372961044312 329.54117327928543 17.045233100652698 203.02766537666321 104.54409635066986 8.3332250714302045 55.302311837673187 148.48291945457458 112.49853846430779 228.78490650653839 121.58932945132256 459.84251075983047 392.79792723059654 1453.3902090489864
leaf_count=264 30 69 41 96 2672 93 117 16 66 66 194 21 99 431 26 26 63 549 45 134 69 22 41 98 75 151 84 314 260 2130
internal_value=5.89337e-05 8.49186e-05 2.59492e-05 -0.000791179 0.00019014 0.000242829 -0.00102174 0.000375098 0.00152676 0.00178028 0.00235324 -0.000577883 -0.000249037 -0.000417793 -0.00167554 0.00272323 -0.00244904 -0.00190063 -0.00800394 -2.063e-05 -0.00107205 -0.00365496 0.00117865 0.00206793 0.00124715 0.000188718 -0.00144344 0.000307887 0.00080516 0.000354772
internal_weight=8350.27 8304.82 8061.64 1348.85 6712.79 6608.25 625.749 5982.5 833.323 810.217 710.218 1286.73 1142.41 1110.59 460.979 68.9385 392.04 356.814 35.2268 448.479 307.572 25.3785 416.282 316.284 260.981 5149.18 350.374 4798.8 2306.03 1846.19
internal_count=8362 8332 8068 1419 6649 6580 413 6167 556 540 474 1378 1282 1261 830 125 705 612 93 296 203 67 280 214 173 5611 235 5376 2704 2390
is_linear=0
shrinkage=0.03


Tree=183
num_leaves=31
num_cat=0
split_feature=55 74 32 50 58 85 15 27 93 13 94 88 74 15 76 86 86 87 80 71 71 79 62 95 65 44 19 101 87 72
split_gain=1.04004 1.33674 1.12582 2.31107 1.86346 2.46317 1.74983 2.39554 1.81117 1.45077 2.14653 1.50972 1.81985 2.18959 1.84849 1.53066 1.68195 1.41145 1.44431 1.27922 1.36691 1.26096 1.86683 1.97706 1.82525 1.87115 1.76571 1.64422 1.4673 1.39329
threshold=-0.14328947368421038 0.97977641745249666 15.663571428571432 0.17552510953432848 1.2240838002829435 1.2457090517241383 1017.2500000000001 3.9250000000000003 18.095000000000002 -1.5419999999999998 3.9647341000970138 4.0750000000000011 0.24498349680566608 1023.9845000000001 4.3950000000000005 1.2995664182784703 0.85873555126099899 0.41500000000000004 13.480293103448277 24.205000000000002 23.600000000000005 0.0053874352511221356 0.24925414203668297 23.130000000000006 1.2350000000000005 11.612368421052633 0.98888636319008361 18.500000000000004 0.47500000000000003 1.3340000000000034
decision_type=2 2 10 2 10 2 10 2 10 8 10 2 2 10 2 2 2 2 10 10 10 2 2 10 2 8 10 2 2 2
left_child=1 -1 9 -4 5 -5 8 -8 -6 10 -2 21 -13 14 17 16 -16 -14 -19 20 -7 24 26 27 25 -11 -23 28 -24 -26
right_child=2 -3 3 4 6 19 7 -9 -10 11 -12 12 13 -15 15 -17 -18 18 -20 -21 -22 22 23 -25 29 -27 -28 -29 -30 -31
leaf_value=0.0017855193088032197 -0.0051046503516005842 -0.0034240765688178074 0.0049316568442144861 -0.0083860117474270149 0.0051111757655598351 -0.00049985024878284722 0.004933668807921481 -0.002012295179884405 -0.0035958087223439388 0.00014203689723705991 0.0032562302924241779 0.0054717314549614215 -0.012961543042623884 -8.8719413775601499e-05 -0.0021629056532379569 -0.0097807902704759725 0.0065076351331469365 -0.0026255261821146866 -0.0080628508988455604 -0.0044527997026800031 0.0055154560699745801 -0.00087662616788869907 0.011284333603209384 -0.0076301784558522956 -0.0025832510206339515 0.0020921236803475743 -0.0051824733787403637 0.00018477370624555943 -0.0010579346071784533 0.0016809487787818973
leaf_weight=477.64530977606773 115.15001916885376 48.863001555204391 115.15001916885376 39.393427610397339 29.166287750005722 171.20989692211151 183.33095157146454 59.090141415596008 81.817118883132935 1024.6079008281231 36.363163948059082 32.196551412343979 18.939147889614105 319.6928163766861 49.999350428581238 12.87862056493759 33.711683243513107 135.22551593184471 65.150668740272522 54.544745922088623 42.423691272735596 1403.7696415781975 22.726977467536926 28.78750479221344 248.48162031173706 779.91411009430885 91.286692827939987 2559.8152287602425 14.014969438314436 95.45330536365509
leaf_count=445 76 57 76 26 20 113 121 39 54 677 24 46 35 211 78 34 74 285 43 36 28 1360 36 19 281 1036 61 2882 16 63
internal_value=1.12014e-05 0.00130204 -7.52192e-05 0.00100953 0.000326243 -0.00138122 0.00181227 0.00324059 -0.00130763 -0.000193994 -0.00309804 -0.000130563 -0.00148659 -0.00183906 -0.0036104 -0.000152435 0.00132885 -0.00513333 -0.00439343 -0.000352266 0.000694679 1.38882e-05 -0.000293347 0.000188533 0.000603117 0.000984864 -0.00113954 0.000275218 0.00657646 -0.00139979
internal_weight=8390.8 526.508 7864.29 776.126 660.976 307.572 353.404 242.421 110.983 7088.17 151.513 6936.65 667.794 635.598 315.905 96.5897 83.711 219.315 200.376 268.178 213.634 6268.86 4120.4 2625.34 2148.46 1804.52 1495.06 2596.56 36.7419 343.935
internal_count=8352 502 7850 513 437 203 234 160 74 7337 100 7237 806 760 549 186 152 363 328 177 141 6431 4374 2953 2057 1713 1421 2934 52 344
is_linear=0
shrinkage=0.03


Tree=184
num_leaves=31
num_cat=0
split_feature=40 73 72 31 2 64 41 106 32 92 93 21 65 71 83 93 13 15 85 56 85 2 42 45 21 57 95 60 52 89
split_gain=1.21707 1.214 1.26463 1.19585 1.44502 1.86094 1.83052 1.65678 1.2776 1.44606 1.81138 1.72552 1.89647 1.47043 2.39033 1.60961 1.43989 1.90143 1.51186 1.82658 1.77856 1.77266 2.43854 1.70076 1.466 1.44309 1.62681 1.3877 1.2411 1.70064
threshold=1.5450000000000002 0.78397260273972613 0.84549999999995873 -0.17399999999999935 1.0000000180025095e-35 3.4250000000000003 1.2950000000000002 31.500000000000004 8.1135000000000019 11.791562283737028 25.835000000000004 -0.27748231976883792 0.49999999999999994 13.380000000000001 12.745000000000003 12.010000000000002 1.0230000000000004 1019.4735000000002 1.6540344827586209 10.096297297297298 1.3389310344827587 1.0000000180025095e-35 0.78500000000000025 20.105000000000004 0.92457928123506949 16.690000000000001 16.315000000000001 2.8844999999999463 2.0950000000000002 1.8450000000000004
decision_type=2 2 2 2 2 2 2 2 8 10 10 8 2 8 10 10 8 10 2 8 2 2 2 10 10 8 10 2 2 2
left_child=1 -1 -3 4 -2 -6 7 -7 -5 10 11 12 -10 14 -13 -16 17 -15 20 -20 24 -22 -23 27 28 26 -26 -21 -18 -30
right_child=3 2 -4 8 5 6 -8 -9 9 -11 -12 13 -14 16 15 -17 18 -19 19 23 21 22 -24 -25 25 -27 -28 -29 29 -31
leaf_value=-0.004282435074421693 0.0011683941829660018 0.0022633352388873804 0.0098775141566908708 -0.0016442145896567895 -0.0027419883714864075 -0.0058856282242374918 0.014770786070468875 0.0026178863226213409 -0.010458389832926953 -0.00090035249762096873 0.0089311993755145681 -0.0010863524210811533 0.002403493805517493 0.0063065083202155509 0.0081374687120385706 0.0022676388072148182 -0.00067448572921780241 0.0003011067211801972 -0.0023698370217656683 0.00083616818037596339 -0.0012479349976383814 -0.0037100523840419746 -0.017511200174164174 -0.0072030607351134908 -0.0029555412018445293 -0.0042379829313113895 0.00062276811796360373 0.0056062252817869569 0.0054964903042325425 0.00077238515912611821
leaf_weight=17.045233100652695 1302.6345918476582 70.074847191572189 27.272372961044312 504.16011682152748 214.01237115263939 26.136024087667465 9.0907909870147687 97.726003110408783 10.605922818183897 1449.9811624288559 21.211845636367798 157.57371044158936 379.54052370786667 68.180932402610779 56.059877753257751 168.17963325977325 422.72178089618683 156.05857861042023 175.7552924156189 1038.2440873086452 623.09796556830406 147.34657058119774 12.499837607145308 22.726977467536926 175.7552924156189 124.24081015586853 327.26847553253174 57.953792542219162 81.438335925340652 434.46405258774757
leaf_count=21 1144 83 18 335 331 36 21 132 7 957 14 107 264 45 37 111 732 103 116 1550 604 296 18 15 116 82 216 39 98 721
internal_value=3.00407e-05 0.00310327 0.00439649 -1.24964e-05 0.000710147 -0.00101028 0.00177722 0.000823567 -0.000192702 -7.29498e-05 0.000184449 0.000144461 0.00205385 -3.08372e-05 0.00174529 0.0037351 -0.000206171 0.00212707 -0.000349771 0.000473347 -0.000803475 -0.00197094 -0.00478929 0.000919941 -0.000219742 -0.00134261 -0.000627485 0.00108835 0.000530648 0.00151811
internal_weight=8379.06 114.392 97.3472 8264.67 1649.6 346.965 132.953 123.862 6615.07 6110.91 4660.92 4639.71 390.146 4249.57 381.813 224.24 3867.75 224.24 3643.51 1294.68 2348.83 782.944 159.846 1118.92 1565.89 627.265 503.024 1096.2 938.624 515.902
internal_count=8369 122 101 8247 1664 520 189 168 6583 6248 5291 5277 271 5006 255 148 4751 148 4603 1720 2883 918 314 1604 1965 414 332 1589 1551 819
is_linear=0
shrinkage=0.03


Tree=185
num_leaves=31
num_cat=0
split_feature=14 48 45 49 57 59 59 91 102 54 75 47 57 21 25 23 91 20 89 20 13 78 57 92 91 89 55 81 51 16
split_gain=1.27569 1.05656 1.39402 1.39042 1.33866 1.24692 1.26654 1.22467 1.04748 1.08068 1.35394 1.02987 1.03711 1.49289 1.0005 1.11521 1.17075 1.48024 0.981444 1.19956 1.05719 1.28686 0.997594 0.983212 0.990781 2.05994 2.52442 2.3431 1.7644 1.73208
threshold=48.125000000000007 2.0074999999999936 17.455000000000002 3.1873684210526321 16.260000000000002 17.135000000000002 17.435000000000006 0.019913556920170068 32.000000000000007 -0.94499999999999984 0.38500000000000006 15.875000000000002 11.105000000000002 -0.44361872531697444 1.4462500000000003 1.6338610606059307 0.012464454416627309 0.21123949921890817 1.1650000000000003 -0.98842778896591765 25.025000000000002 0.39500000000000007 23.035000000000004 16.052595155709344 0.01315292867264997 1.8250000000000004 0.026763157894736735 16.595000000000002 1.5650000000000002 -0.94123492117109386
decision_type=8 2 10 2 10 10 10 2 2 2 2 10 10 10 2 2 2 8 2 10 10 2 10 10 2 2 2 10 2 2
left_child=1 2 4 -4 5 11 -7 -8 -2 10 -10 12 -1 -14 15 -11 17 -17 19 -16 -21 -22 23 24 25 26 28 -27 -20 -26
right_child=8 -3 3 -5 -6 6 7 -9 9 14 -12 -13 13 -15 18 16 -18 -19 22 20 21 -23 -24 -25 29 27 -28 -29 -30 -31
leaf_value=-0.005016237121750193 0.0039771538690672945 -0.0051743209172777603 0.0053308126273200803 -0.0025396327339247278 -0.0033877597909977206 0.0069026430876046336 -0.0022143161072858417 0.002883634740761538 -0.012087044338043565 -0.0017816449838525021 0.0022551381652346526 -0.005020946069725577 0.005351022374620245 -0.00098450018230179792 0.0017480138326506688 0.0025821780678087353 -0.00096335514965167868 0.010896887212722948 0.0055132782749008425 -0.0030245240955753165 -0.0032167016758369513 0.0053252936415971591 -0.0060414011327201656 -0.0035279906451830879 0.0049102981941125945 -0.0012599317276041906 0.00029234911050521985 0.0014140097650301123 0.0017872973818626728 -0.0002814656044308617
leaf_weight=46.969086766242981 62.120405077934265 53.029614090919495 60.605273246765137 30.302636623382568 193.93687438964844 31.817768454551697 83.332250714302063 86.36251437664032 6.0605273246765128 42.044908314943314 262.87537270784378 62.120405077934265 37.87829577922821 287.8750479221344 84.847382545471191 48.863001555204391 31.438985496759415 31.817768454551697 172.72502875328064 281.05695468187332 30.302636623382568 33.332900285720825 24.242109298706055 68.180932402610779 58.711358457803726 810.5955296754837 723.8542323410511 463.6303403377533 338.6319642663002 3869.2679138481617
leaf_count=31 41 35 40 20 128 21 55 57 16 63 250 41 25 190 125 33 41 66 165 187 20 22 16 45 107 1066 744 312 330 4098
internal_value=-3.5769e-05 -0.00105661 -0.000819572 0.00270733 -0.00120573 -0.000540729 0.00141004 0.000380177 9.78224e-05 6.51795e-05 0.00193193 -0.00144474 -0.000848711 -0.000247812 -5.39535e-06 0.00238506 0.00394757 0.00586122 -5.83488e-05 -0.0014474 -0.00223396 0.00125768 3.30245e-05 5.56599e-05 9.36156e-05 0.000559256 0.00143225 -0.000287011 0.00304585 -0.000203865
internal_weight=8418.83 974.23 921.2 90.9079 830.292 636.355 201.513 169.695 7444.6 7382.48 268.936 434.843 372.722 325.753 7113.54 154.165 112.12 80.6808 6959.38 429.54 344.692 63.6355 6529.84 6505.6 6437.42 2509.44 1235.21 1274.23 511.357 3927.98
internal_count=8390 643 608 60 548 420 133 112 7747 7706 266 287 246 215 7440 203 140 99 7237 354 229 42 6883 6867 6822 2617 1239 1378 495 4205
is_linear=0
shrinkage=0.03


Tree=186
num_leaves=31
num_cat=0
split_feature=7 79 73 40 82 20 74 98 21 94 13 54 92 92 87 14 94 87 87 21 46 46 15 68 102 67 59 78 93 20
split_gain=1.06601 1.8063 1.0629 0.967905 1.02552 1.13898 1.10276 0.960612 1.17911 1.15796 1.65449 1.25586 1.29121 0.957252 1.1598 1.91209 1.59044 1.45871 1.56825 1.36183 1.63118 1.62758 1.80801 1.77554 1.67222 1.52611 1.86831 2.34693 1.87185 1.81567
threshold=11.545000000000002 0.029884764901888169 1.3768493150684933 1.5450000000000002 1.6500416953792396 0.085156077300325525 0.38116854481353907 71.288170689370006 0.014747497501899012 3.3909194615508773 14.700000000000001 0.80000000000000027 8.4091405316137173 16.052595155709344 1.5450000000000002 53.755000000000003 1.4095029075894447 1.4150000000000003 1.385 -0.27748231976883792 0.57079020767703181 0.97621314458690789 1026.2110000000002 10.978972602739727 71.500000000000014 -0.02546941678520635 16.250000000000004 1.3650000000000004 16.780000000000005 -0.55353690456372306
decision_type=2 2 2 2 8 10 2 8 10 10 10 2 10 10 2 8 8 2 2 8 8 8 10 10 2 2 10 2 10 10
left_child=3 -2 -3 4 -1 6 -6 8 -5 11 -11 12 -10 14 17 -16 -17 18 19 20 -9 22 25 24 -23 -21 -27 28 -28 -29
right_child=1 2 -4 7 5 -7 -8 13 9 10 -12 -13 -14 -15 15 16 -18 -19 -20 21 -22 23 -24 -25 -26 26 27 29 -30 -31
leaf_value=-0.0021022696695673186 -0.0024358653005154348 0.010744403492351059 0.0031532673088490296 -0.0036944693074507781 0.0040321191514590066 0.0092747654628328405 -0.0051166679084040118 -0.01025797421929177 0.0016424161242892697 -0.003780383753640335 0.0037815114141623702 -0.0054041605487197822 -0.0018406692952201709 -0.0028911951251820913 -0.0009578037269802668 -0.0027529226420090086 0.00255764585853601 -0.00257802047808407 0.0056294150869894968 0.0025030915387136885 0.0016226963296645 -0.0071292489663686539 -0.0016695041957021453 -0.0013437520011892665 0.0001594782736797911 -0.00061930403183412376 0.0059463110539088723 0.005102691478209769 0.0015883203523479245 -0.0012208707256295731
leaf_weight=32.196551412343979 39.014644652605057 23.863326340913773 54.544745922088623 130.30133748054504 54.544745922088623 27.272372961044312 15.151318311691282 10.605922818183897 143.17995804548264 34.848032116889954 103.02896451950073 57.57500958442688 289.39017975330353 99.998700857162476 278.78425693511963 56.059877753257751 536.35666823387146 203.02766537666321 44.317606061697006 377.26782596111298 537.49301710724831 28.78750479221344 312.11715722084045 1536.3436768054962 1778.7647697925568 812.48944446444511 131.81646931171417 47.347869724035263 271.20859777927399 298.4809707403183
leaf_count=22 34 33 39 86 78 18 19 7 96 23 68 38 191 66 184 37 633 215 30 249 375 40 206 1023 3517 540 87 32 179 197
internal_value=6.55774e-07 0.00283895 0.00546361 -3.97479e-05 0.0025368 0.00407712 0.00204325 -8.07351e-05 -0.0010974 -0.000558561 0.00187026 -0.00124179 -0.000687774 2.39968e-05 6.41434e-05 0.00109098 0.00205511 -7.58519e-05 6.25675e-06 -3.43124e-05 0.0013928 -0.000174125 0.00044957 -0.000593925 4.33963e-05 0.000790742 0.000376986 0.00145794 0.00301368 -0.000355104
internal_weight=8366.18 117.423 78.4081 8248.76 129.165 96.9684 69.6961 8119.59 758.323 628.022 137.877 490.145 432.57 7361.27 7261.27 871.201 592.417 6390.07 6187.04 6142.72 548.099 5594.62 2250.73 3343.9 1807.55 1938.61 1561.34 748.854 403.025 345.829
internal_count=8362 106 72 8256 137 115 97 8119 502 416 91 325 287 7617 7551 854 670 6697 6482 6452 382 6070 1490 4580 3557 1284 1035 495 266 229
is_linear=0
shrinkage=0.03


Tree=187
num_leaves=31
num_cat=0
split_feature=100 14 26 79 62 85 14 91 19 63 75 63 12 72 87 48 9 17 85 37 94 89 58 77 50 83 27 61 43 21
split_gain=1.44546 2.63277 2.0958 3.2224 1.56452 1.5663 1.50253 1.45688 1.32781 1.63463 2.33697 1.85328 1.75395 1.73821 1.4669 2.02666 1.39225 1.38796 1.42533 1.36068 1.31791 1.72067 1.52807 1.46446 1.73085 1.38291 1.61435 1.34855 1.30017 1.28004
threshold=0.63781634496971373 71.335000000000022 0.38317608257723623 0.01575111069974082 0.26762917324269969 2.572827586206897 90.250000000000014 -0.031145547945205476 0.92916483094970836 0.36500000000000005 0.14500000000000005 0.72500000000000009 73.290000000000006 -0.50650000000001671 1.3350000000000002 0.72699999999997555 106.99500000000002 0.98751023202031407 0.72548275862068978 1.5335000000000003 2.6387898403318992 1.9750000000000003 0.69028567696885812 1.2550000000000006 0.1188701683402853 22.980000000000004 1.7050000000000003 2.3985135135135143 0.45872727272727321 0.94994478792685511
decision_type=2 10 2 2 2 2 10 2 10 2 2 2 8 2 2 2 2 2 2 2 10 2 10 2 2 10 2 2 2 10
left_child=1 2 20 -4 5 -3 -6 -2 9 10 -9 17 29 19 -10 -16 -12 18 -11 -14 21 22 23 24 -1 26 -22 -25 -18 -13
right_child=7 4 3 -5 6 -7 -8 8 14 11 16 12 13 -15 15 -17 28 -19 -20 -21 25 -23 -24 27 -26 -27 -28 -29 -30 -31
leaf_value=0.001853716827938454 -0.0064110748399246542 0.0036124895702555086 -6.0761449724153821e-05 0.025198745801311574 0.002893149281396089 0.011044476282838023 -0.00214508843115365 0.003954379370797058 -0.0021381547433694274 -0.0011922077895898675 -0.01553797530243942 0.0005926787770264199 -0.0046559662284753776 -0.00010635460386968487 -0.002055331097717951 0.0057828370835063293 -0.0080925435571734677 -0.0024350238172029621 0.0029367548602368572 -0.0011453638975523453 0.0018178296927702543 -0.0015786932402113011 -0.00056840222989208808 -0.0021805113262994445 0.012790185063180453 0.0035530126324016032 -0.00099689151817861305 0.0087389218154042287 0.002487720038053959 0.0042586291061560682
leaf_weight=24.620892256498337 34.848032116889954 123.10446128249168 11.363488733768465 7.5756591558456412 169.69476509094238 32.196551412343979 77.650506347417831 23.105760425329208 567.41687077283859 92.801824659109116 14.014969438314436 312.11715722084045 114.3924532532692 3445.409784078598 65.150668740272522 54.544745922088623 33.711683243513107 67.423366487026215 397.72210568189621 756.42956671118736 345.45005750656128 672.71853303909302 162.11910593509674 40.150993525981903 27.651155918836594 142.42239212989807 390.90401244163513 13.636186480522154 15.151318311691282 118.18028283119202
leaf_count=38 44 82 21 20 112 22 52 40 376 131 37 206 77 3942 43 36 71 70 465 503 228 1023 107 76 64 94 258 30 34 78
internal_value=-5.56207e-05 0.000596077 0.000114907 0.010043 0.00279325 0.00515327 0.00131147 -0.000294581 -0.000259509 -0.000101193 -0.00420447 -3.46807e-05 -0.000226936 -0.000409021 -0.00150151 0.00151649 -0.00720261 0.00160086 0.0021556 -0.00160652 1.15754e-05 -0.000768677 0.00126323 0.00406301 0.00763895 0.000846983 0.000323595 0.000587796 -0.00481184 0.00159952
internal_weight=8353.68 2241.26 1838.61 18.9391 402.646 155.301 247.345 6112.42 6077.57 5390.46 85.9837 5304.48 4746.53 4316.23 687.112 119.695 62.878 557.947 490.524 870.822 1819.67 940.897 268.178 106.059 52.272 878.776 736.354 53.7872 48.863 430.297
internal_count=8380 2227 1959 41 268 104 164 6153 6109 5654 182 5472 4806 4522 455 79 142 666 596 580 1918 1338 315 208 102 580 486 106 105 284
is_linear=0
shrinkage=0.03


Tree=188
num_leaves=31
num_cat=0
split_feature=31 7 76 73 74 76 27 98 64 36 2 16 64 63 82 65 47 105 45 87 96 91 8 93 77 42 60 87 73 37
split_gain=1.23813 1.43102 1.34149 2.00351 1.57621 1.17191 1.36886 1.2185 1.15635 1.11868 1.02273 1.48105 1.10525 1.02116 1.00363 0.983087 1.18364 1.20892 1.15145 1.1914 1.78478 2.3051 1.1199 1.06683 1.0507 1.04957 0.972617 0.986015 1.56631 0.968172
threshold=-0.17399999999999935 7.6850000000000014 3.4950000000000006 0.80136986301369884 0.22669033581752771 3.4350000000000005 2.4350000000000005 153.86424122299965 3.3250000000000006 1.0425000000000184 1.0000000180025095e-35 -0.27530179539967709 2.8350000000000004 0.36500000000000005 1.9660211608148903 1.1050000000000006 23.765000000000004 88.500000000000014 10.135000000000003 0.40500000000000008 0.4254999999999996 0.0167070736891828 6.7900000000000009 23.035000000000004 2.475000000000001 -0.0099999999999998961 2.2530000000001 0.66500000000000015 2.4906164383561649 2.138500000000001
decision_type=2 2 2 2 2 2 2 8 2 2 2 2 2 2 8 2 10 2 8 2 2 2 2 8 2 2 2 2 2 2
left_child=1 9 5 -4 -5 8 7 -7 -2 10 -1 -12 -13 -6 -8 24 18 -18 -17 -20 21 23 25 -21 -15 -23 27 -22 -29 -9
right_child=2 -3 3 4 13 6 14 29 -10 -11 11 12 -14 15 -16 16 17 -19 19 20 26 22 -24 -25 -26 -27 -28 28 -30 -31
leaf_value=0.00076935090037706471 -5.0286342711367085e-06 0.0019416286649701154 0.047792658322322837 0.008500944447644489 -0.0095172339604088062 0.0024090925686629408 0.002477739515256244 0.0060341426872315886 -0.0040160092414482295 -0.0065099192972189199 -0.0021309035997532102 0.00085732224439216687 0.014585980619361149 -0.0019688702308589302 -0.0029646111747441742 -0.0041410155789243222 -0.00057678254823530998 -0.0087521503644828625 -0.0027918472286802228 0.00090466517933890161 -0.0048644287438056391 0.0020601810825868856 -0.0039847308449110367 -0.0049223273205106187 -0.0078593660906615855 0.0067962684898984467 0.0020006918235176484 0.0054307699890557212 -0.0013047235987452728 0.017188982037157272
leaf_weight=764.76279178261757 5044.2526489198208 570.44713443517685 0.75756591558456321 15.530101269483565 12.87862056493759 48.484218597412109 77.271723389625549 19.317930847406391 65.529451698064804 22.726977467536926 233.70908495783806 14.393752396106722 8.3332250714302045 270.8298148214817 50.37813338637352 69.696064233779907 33.332900285720825 31.817768454551697 134.46795001626015 83.332250714302063 60.605273246765137 71.9687619805336 14.014969438314436 42.802474230527878 30.302636623382568 101.5138326883316 97.347220152616501 33.711683243513107 396.96453976631165 10.984705775976179
leaf_count=666 5010 579 2 26 25 32 51 18 80 15 326 38 19 295 73 46 22 21 208 55 40 109 22 86 38 136 65 23 262 26
internal_value=-1.37161e-05 0.000733346 -0.000190604 -0.000982316 -0.00100693 3.30613e-05 0.00224908 0.00535858 -5.64667e-05 7.30866e-05 0.000219593 -0.00141994 0.00589116 -0.00110633 0.000329868 -0.00103277 -0.000639809 -0.0045694 -0.000408419 -0.000157488 0.000235122 0.00206305 0.00417252 -0.00107266 -0.00256162 0.00483152 -0.000738831 -0.00128167 -0.000777495 0.0100778
internal_weight=8432.47 1614.37 6818.09 1501.87 1501.12 5316.22 206.437 78.7869 5109.78 1043.93 1021.2 256.436 22.727 1485.59 127.65 1472.71 1171.58 65.1507 1106.43 1036.73 902.261 313.632 187.498 126.135 301.132 173.483 588.629 491.281 430.676 30.3026
internal_count=8414 1643 6771 1481 1479 5290 200 76 5090 1064 1049 383 57 1453 124 1428 1095 43 1052 1006 798 408 267 141 333 245 390 325 285 44
is_linear=0
shrinkage=0.03


Tree=189
num_leaves=31
num_cat=0
split_feature=92 54 70 18 16 105 74 34 104 102 91 7 47 91 83 17 23 38 58 87 75 51 69 23 94 14 21 106 82 67
split_gain=1.01507 0.970386 1.77176 2.06791 2.35489 2.41265 2.44323 1.34122 1.42063 1.46007 1.45701 1.45201 1.39533 1.58606 1.1514 1.11909 2.0445 1.32447 1.26882 1.24291 1.18156 1.08503 1.06134 1.05231 1.01342 1.63687 1.2253 1.1903 0.942857 1.23313
threshold=16.052595155709344 0.79000000000000026 2.9981664719444239 0.58361207456856479 0.19140859510222866 37.500000000000007 0.72507175680104108 0.38780210938015436 0.50346020761245691 72.500000000000014 0.00070530231459613364 9.4850000000000012 19.835000000000004 0.042474078885214935 10.620000000000003 0.93633557922544963 1.6199406021959184 0.2606381049806113 2.6185032762565048 0.24500000000000002 0.66500000000000015 0.41500000000000004 15.765000000000002 1.6290651442095114 3.3909194615508773 73.585000000000022 0.98470148989030459 43.500000000000007 5.0721250288802517 0.13198079658605991
decision_type=10 2 8 10 2 2 2 8 2 2 2 2 8 2 8 2 2 2 8 2 2 2 8 2 10 10 10 2 10 2
left_child=1 14 24 4 7 6 -6 -4 9 22 -10 12 -11 15 -1 18 20 -18 -14 -20 -17 -16 -9 -24 -3 27 -27 -26 29 -23
right_child=-2 2 3 -5 5 -7 -8 8 10 11 -12 -13 13 -15 21 16 17 -19 19 -21 -22 28 23 -25 25 26 -28 -29 -30 -31
leaf_value=0.0073669806682513713 -0.0030507008477285813 -0.0028826488305339392 -0.0095641886183096565 0.01088235926443489 -0.0061073070632139586 -0.016771621651137179 0.0068097355299736153 0.0011688469508294107 0.0019017966187948603 -0.0020035054485392002 -0.009546239861613303 -0.0081226052006845764 0.0057073313268108704 -0.0069644753269922253 0.014181015832721001 -0.0032263715303280194 0.0040875401209211418 0.017906749241560826 0.0079874699763489952 -0.00048499821646932575 0.010019896464184422 5.241725665855864e-05 0.0064293570961161039 0.020192293915890568 -0.00065060612318488197 9.2719791188598267e-06 0.0075300422980200815 -0.0058640141847482331 -0.0031697335779959702 0.0021600022671328018
leaf_weight=19.696713805198669 99.998700857162476 368.55581793189049 10.605922818183897 16.666450142860413 45.453954935073853 12.499837607145308 18.560364931821823 13.636186480522154 18.939147889614105 75.756591558456421 21.211845636367798 14.393752396106718 62.120405077934265 14.772535353899 4.9241784512996665 18.181581974029545 9.8483569025993365 17.045233100652695 17.802799016237259 124.99837607145309 9.0907909870147687 6742.3366487026215 12.499837607145311 8.3332250714302045 167.80085030198097 46.969086766242981 33.332900285720825 51.514482259750366 78.786855220794678 259.46632608771324
leaf_count=13 66 244 7 11 75 33 28 9 20 56 44 23 41 33 13 39 20 33 47 288 24 6631 27 16 113 31 22 34 52 316
internal_value=-4.61766e-05 -1.00467e-05 -0.000795158 0.000478647 0.000148846 -0.00471616 -0.00236213 0.000977455 0.00123235 0.0017743 -0.00414622 0.00121548 0.00159993 0.00259674 0.000123721 0.00314189 0.00697686 0.0128462 0.00212821 0.000571251 0.00118905 0.000103586 0.00767558 0.0119345 -0.00182922 -0.000533415 0.0031311 -0.00187517 9.37958e-05 0.000130518
internal_weight=8415.8 8315.8 1210.59 542.417 525.751 76.5142 64.0143 449.237 438.631 398.48 40.151 364.01 349.617 273.86 7105.21 259.088 54.166 26.8936 204.922 142.801 27.2724 7085.51 34.4692 20.8331 668.173 299.617 80.302 219.315 7080.59 7001.8
internal_count=8409 8343 1318 874 863 136 103 727 720 656 64 604 581 525 7025 492 116 53 376 335 63 7012 52 43 444 200 53 147 6999 6947
is_linear=0
shrinkage=0.03


Tree=190
num_leaves=31
num_cat=0
split_feature=54 70 58 12 16 62 58 93 27 17 85 14 41 85 60 82 80 61 76 90 76 89 62 93 76 2 84 66 84 7
split_gain=0.920912 1.74635 1.61128 1.41088 1.94501 1.89303 1.4831 1.43292 1.43561 1.17414 1.50443 1.15309 1.12143 1.38264 1.12053 1.34345 1.02547 0.997829 2.00105 1.65804 1.6314 2.19446 2.39016 1.61883 1.74295 1.66361 1.53874 1.39903 1.35628 2.01184
threshold=0.84500000000000008 2.9522869397687947 1.3666638298299907 243.26500000000001 0.9262657369112326 1.1220428583524209 1.5325124997418089 18.330000000000002 0.96500000000000008 -0.84240534831004943 1.0835172413793106 82.450000000000017 1.2050000000000001 0.98789655172413815 0.821999999999946 3.4491936595870061 8.9209137931034501 1.8890540540540544 2.5350000000000006 -0.28999999999999987 2.1950000000000007 1.3550000000000002 0.18941746899700698 14.580000000000002 2.2850000000000006 1.0000000180025095e-35 -2.3944999999999932 1.5350000000000004 -1.4844999999999684 8.9050000000000029
decision_type=2 8 10 8 2 2 10 8 2 2 2 10 2 2 2 10 10 2 2 2 2 2 2 8 2 2 2 2 2 2
left_child=12 2 14 6 5 7 -3 16 -9 10 -10 -4 17 -14 15 -2 -5 20 19 -19 28 22 -22 -23 25 -25 -26 -28 -1 -30
right_child=1 3 11 4 -6 -7 -8 8 9 -11 -12 -13 13 -15 -16 -17 -18 18 -20 -21 21 23 -24 24 26 -27 27 -29 29 -31
leaf_value=-0.0013311267143462765 -0.0039308292155463978 0.0091571265429326171 -0.0049702694959229549 -0.00036196570613268689 -0.011139792902668715 -0.008384206173377597 0.0014115651876931146 -0.011938557372418933 -0.00949095839244978 0.0026479757888794833 0.0052983539593025259 0.00080055690518442114 0.018352691460408611 0.0027809627686671097 0.00079113970317104283 0.0017451270425837126 -0.0072117753069726176 -0.0065445861205165792 5.802473359794852e-05 -0.0013133527304859823 0.00045481887630843278 0.0035551695214584619 0.013988083129329473 0.0014390746662189364 0.0047660630204460017 0.0085658857693197872 -0.00092307912194440221 0.0044307630464691262 0.00033340206842663968 0.00784485172536112
leaf_weight=489.38758146762848 138.25577959418297 30.302636623382568 175.7552924156189 56.059877753257751 14.393752396106718 22.348194509744644 83.711033672094345 6.818093240261077 16.666450142860416 245.07257369160652 9.8483569025993329 37.87829577922821 5.6817443668842307 53.029614090919495 209.84575861692429 51.514482259750366 30.302636623382568 63.635536909103394 4052.5988654196262 381.0556555390358 21.59062859416008 209.08819270133972 25.757241129875183 94.695739448070526 54.544745922088623 42.802474230527878 551.88676950335503 47.726652681827545 1225.7416514158249 32.954117327928543
leaf_count=329 92 23 116 37 35 32 59 18 44 524 26 25 15 62 140 34 20 63 4015 313 21 138 26 79 36 62 635 51 1337 39
internal_value=3.58414e-05 -0.000761993 -0.0018439 0.000525007 -0.000311313 9.13114e-05 0.00347019 0.00061058 0.00165782 0.00199916 -0.00399779 -0.00394707 0.000158332 0.0042879 -0.000719549 -0.00239005 -0.00276541 0.00012509 -0.000151597 -0.00206194 0.000570106 0.00150594 0.00781691 0.00120735 0.000587262 0.00365761 -5.80991e-05 -0.000496936 9.00877e-06 0.000530061
internal_weight=8480.95 1128.77 613.25 515.524 401.51 387.116 114.014 364.768 278.405 271.587 26.5148 213.634 7352.18 58.7114 399.616 189.77 86.3625 7293.47 4497.29 444.691 2796.18 1048.09 47.3479 1000.74 791.656 137.498 654.158 599.613 1748.08 1258.7
internal_count=8446 1225 407 818 736 701 82 669 612 594 70 141 7221 77 266 126 57 7144 4391 376 2753 1048 47 1001 863 141 722 686 1705 1376
is_linear=0
shrinkage=0.03


Tree=191
num_leaves=31
num_cat=0
split_feature=14 20 59 53 68 9 103 88 91 88 49 101 75 87 65 65 76 88 87 16 13 25 63 91 77 51 100 80 32 39
split_gain=1.15361 1.38383 1.47113 1.3391 1.74443 1.59767 1.88038 2.03374 1.52082 1.43553 1.59973 1.42443 1.50892 2.68672 2.62158 2.1998 1.7562 2.07891 1.56872 1.52238 1.39043 1.34872 2.00424 1.69 1.33724 1.47696 1.41281 1.33601 1.36229 1.26005
threshold=72.00500000000001 -0.14832723608050521 11.175000000000002 0.93499999999999994 10.741116438356167 251.78500000000003 141.50000000000003 2.7650000000000001 0.024831719414265489 2.3350000000000004 1.6527046783625734 18.500000000000004 1.0150000000000003 0.52500000000000013 0.56500000000000006 2.0250000000000008 2.3250000000000006 2.3050000000000002 1.4950000000000003 0.91115172331702976 12.035000000000002 1.4187500000000004 0.67500000000000016 0.02102326208830228 1.1750000000000005 1.925 0.75679348256505852 11.689692589875277 9.230500000000001 1.7650000000000003
decision_type=8 10 10 2 8 2 2 2 2 2 2 2 2 2 2 2 2 2 2 2 10 2 2 2 2 2 2 10 8 2
left_child=1 2 -1 4 9 21 -7 8 -8 -2 20 -6 13 15 18 -13 17 -16 -14 -19 -11 -5 23 -23 26 -26 -18 28 -24 -15
right_child=3 -3 -4 5 11 6 7 -9 -10 10 -12 12 14 29 16 -17 24 19 -20 -21 -22 22 27 -25 25 -27 -28 -29 -30 -31
leaf_value=-0.0039264289264797454 0.00032901429493376483 -0.0011725061648982151 0.00010933005364541648 0.015078843750749206 0.0051895071844991923 -0.0072457647480027639 0.0053883448725149038 0.001786888218159272 0.019298407944053141 0.011241250733574066 0.0017131868184207784 -0.00069564018034133049 0.0038812992502071544 -0.0025774084177409349 0.00051437785870868478 0.0092540066455774582 -0.00012347900669647401 0.0062698322917015808 0.016102421978598118 0.021486505973057176 0.002695482446038656 -0.0025206554791152736 -0.0019913196392757223 -0.014903671709086214 -0.0016944315464914881 0.00099273729259476335 -0.0045740300484215226 -0.0026003726410047463 0.0026808884250558592 -0.0070768449169137182
leaf_weight=83.332250714302063 467.41816991567612 1205.2873716950417 3318.5174932181835 5.3029614090919486 40.529776483774185 17.424016058444977 106.81679409742355 410.97950920462608 7.5756591558456412 34.848032116889954 195.45200622081757 499.6147213280201 48.484218597412109 169.3159821331501 56.817443668842316 20.833062678575516 126.89229086041451 23.105760425329212 11.742271691560743 7.9544421136379233 33.711683243513107 39.393427610397339 74.241459727287292 13.257403522729872 275.37521031498909 555.29581612348557 129.92255452275276 90.907909870147705 230.6788212954998 83.711033672094345
leaf_count=55 313 797 2200 14 68 31 219 731 20 23 129 878 89 294 84 46 206 49 16 18 23 89 49 35 535 737 151 60 306 122
internal_value=1.96257e-05 -0.000299012 1.04695e-05 0.000408235 7.01134e-05 0.00135179 0.00245007 0.00277163 0.00630954 0.00132786 0.00309627 -0.000378734 -0.000491064 -0.0015302 0.000159429 -0.000297365 -0.000153375 0.003926 0.00626403 0.0101668 0.00703919 3.80635e-05 -0.000139784 -0.00563868 -0.000483022 0.000101916 -0.00237501 0.000591649 0.00154331 -0.00406599
internal_weight=8384.74 4607.14 3401.85 3777.6 2781.02 996.578 542.796 525.372 114.392 731.43 264.012 2049.59 2009.06 773.475 1235.59 520.448 1175.36 87.8776 60.2265 31.0602 68.5597 453.782 448.479 52.6508 1087.49 830.671 256.815 395.828 304.92 253.027
internal_count=8387 3052 2255 5335 3781 1554 1001 970 239 488 175 3293 3225 1340 1885 924 1780 151 105 67 46 553 539 124 1629 1272 357 415 355 416
is_linear=0
shrinkage=0.03


Tree=192
num_leaves=31
num_cat=0
split_feature=54 38 84 72 12 7 87 100 53 92 32 10 66 85 64 50 88 89 89 23 85 77 16 7 83 72 81 51 89 60
split_gain=1.16217 1.38283 1.09627 1.07501 1.11795 1.1614 1.01704 1.01971 1.12275 1.19259 1.01306 1.12279 1.1332 1.33085 1.90371 1.75182 1.29297 1.93609 1.73075 2.41103 1.2409 1.22513 1.18546 1.14777 1.09258 1.80712 1.21652 1.16084 1.22402 1.24508
threshold=0.32500000000000001 0.46485075663565323 9.9544999999999977 7.6269999999999536 19.870000000000005 11.545000000000002 0.10500000000000002 0.50493411865091664 0.68500000000000005 10.450095895556366 9.7264285714285723 12.895000000000001 0.090000000000000205 2.1195517241379318 3.3350000000000004 0.26035288692413777 2.0750000000000006 1.8850000000000005 1.7550000000000006 1.6341287869537304 2.178655172413793 1.1750000000000005 -0.4376650987972352 7.1850000000000014 18.505000000000003 -0.091999999999984525 15.995000000000003 1.425 1.3550000000000002 -0.53499999999996806
decision_type=2 2 2 2 8 2 2 2 2 10 10 10 2 2 2 2 2 2 2 2 2 2 2 2 10 2 10 2 2 2
left_child=1 3 6 4 -1 10 -2 8 -8 -10 11 12 13 14 -6 20 -14 18 -18 -20 23 -22 -16 -15 25 26 -12 -27 -29 -30
right_child=2 -3 -4 -5 5 -7 7 -9 9 -11 24 -13 16 15 22 -17 17 -19 19 -21 21 -23 -24 -25 -26 27 -28 28 29 -31
leaf_value=-0.0016983183129255471 0.0031657817885588041 0.0065977777258488532 0.0058205965140711857 -0.0042072973029141213 -0.00078273965821266782 0.0058922806184878111 -0.0013469641403855424 -0.00074955026297575844 0.013307413537948398 0.0016002320520030293 -0.00073004796062725379 -0.0071123395049242409 -0.0014332082581024826 0.00061924608713515863 -0.010438082380370257 0.0035095125116705729 0.0024439664667028058 9.5115057657484066e-05 0.0051966381095270723 0.020958878996156387 -0.0044021973740765892 1.5324892519843149e-05 -0.0032518535287508377 0.0161513894001463 0.00016977171947727448 0.0049766541411605542 0.0039921327994816075 -0.00065321249084337161 -0.001428280147779499 0.0031476368004717333
leaf_weight=262.11780679225922 63.635536909103394 30.302636623382568 24.242109298706055 49.999350428581238 785.2170715034008 33.332900285720825 25.757241129875183 2806.7817172408104 14.772535353899004 16.666450142860413 395.44940793514252 21.211845636367798 149.99805128574371 9.8483569025993365 26.514807045459747 135.98308184742928 128.40742269158363 245.4513566493988 34.090466201305389 11.742271691560743 69.696064233779907 298.4809707403183 93.55939057469368 7.5756591558456412 1857.9304079711437 119.69541466236115 56.059877753257751 145.45265579223633 62.120405077934265 386.35861694812775
leaf_count=173 72 44 16 33 1062 22 26 2886 33 11 261 14 249 20 55 206 168 549 45 22 88 434 124 20 1230 79 37 96 41 255
internal_value=-5.388e-05 0.000207106 -0.000532785 0.000171153 0.000212178 0.000310869 -0.000585394 -0.000668742 0.00329673 0.0071012 0.000273961 -0.000246604 -0.000173661 -0.000625266 -0.00132071 0.000581783 0.000957454 0.00181188 0.00423028 0.0092349 -0.000450688 -0.000820914 -0.00483872 0.00737235 0.000621418 0.00134161 -0.000143737 0.00228139 0.00173821 0.00251381
internal_weight=8368.45 5416.6 2951.86 5386.29 5336.29 5074.18 2927.61 2863.98 57.1962 31.439 5040.84 2017.78 1996.56 1426.88 905.291 521.584 569.69 419.692 174.24 45.8327 385.601 368.177 120.074 17.424 3023.07 1165.14 451.509 713.627 593.932 448.479
internal_count=8371 5327 3044 5283 5250 5077 3028 2956 70 44 5055 3056 3042 2009 1241 768 1033 784 235 67 562 522 179 40 1999 769 298 471 392 296
is_linear=0
shrinkage=0.03


Tree=193
num_leaves=31
num_cat=0
split_feature=100 83 106 89 58 32 16 82 66 8 41 64 76 99 92 7 56 57 69 60 103 70 59 12 87 91 93 84 96 16
split_gain=1.02291 1.58949 2.12386 1.8953 1.6253 1.62517 1.61898 1.59661 2.12888 1.84349 1.59017 1.47602 2.35616 1.69015 1.31455 2.21193 1.81225 1.58376 2.04711 1.64916 1.62846 2.53833 1.78835 2.98946 1.96094 1.56078 1.544 1.62242 1.43642 1.39144
threshold=0.63781634496971373 23.765000000000004 62.500000000000007 1.8350000000000004 1.0083915175617706 11.970714285714289 -0.02617694790917582 3.6116861638138533 0.78500000000000003 2.9650000000000003 1.1850000000000005 2.6650000000000005 3.1950000000000007 0.79407701083522275 12.809728373702423 7.5950000000000006 12.151216216216218 16.095000000000002 16.165000000000003 2.8404999999999636 142.50000000000003 3.238871909133084 19.140000000000004 253.05000000000004 0.7350000000000001 -0.028666981577704264 14.620000000000003 -6.0065000000000728 11.45750000000004 -0.94123492117109386
decision_type=2 10 2 2 8 8 2 8 2 2 2 2 2 2 10 2 8 8 8 2 2 10 8 10 2 2 10 2 2 2
left_child=1 2 7 5 -5 -4 -7 -1 -9 10 -10 12 -6 -13 16 -16 26 19 -19 -18 21 -20 23 24 -22 -24 27 -2 -17 -27
right_child=14 -3 3 4 11 6 -8 8 9 -11 -12 13 -14 -15 15 28 17 18 20 -21 22 -23 25 -25 -26 29 -28 -29 -30 -31
leaf_value=0.0023662569511298903 -0.0045756664149687763 0.0032573841711439921 0.00070459794640249907 -0.0032386583686476516 -0.00072803959984289203 -0.00071998360587773285 0.011048665037758943 -0.0020964962764370692 0.0045588725340281414 0.00023046324099488511 0.022753641988808811 -0.00017170006717170356 0.0047569463798256681 -0.0037752419060446585 -0.0042691610665165714 -0.00087179571430803099 0.0010060023314284285 -0.008998734583508361 -0.0084745464386854694 0.0052488775272155966 0.0032601261413828168 0.0021230485113406471 -0.0078418727099538784 -0.0046685338380572485 -0.0027612523671651447 0.004705581162487333 -0.0016546722770174533 0.00017887330346328954 0.0056046257493930062 0.00048570769304020101
leaf_weight=556.05338203907013 68.180932402610779 174.24016058444977 157.57371044158936 227.26977467536926 190.90661072731018 15.908884227275847 31.060202538967133 178.02799016237259 9.4695739448070544 25.757241129875183 7.9544421136379233 367.41946905851364 111.74097254872322 171.96746283769608 187.87634706497192 409.08559441566467 764.005225867033 22.726977467536926 48.863001555204391 92.423041701316833 117.04393395781517 34.848032116889954 19.696713805198669 168.17963325977325 83.332250714302063 73.105110853910446 968.54802307486534 1227.6355662047863 33.332900285720825 1849.2183999419212
leaf_count=367 45 115 104 150 222 36 55 341 25 44 15 418 109 211 124 270 505 15 87 61 87 23 37 111 55 157 640 817 22 3100
internal_value=-4.48715e-05 0.000506503 0.000272818 -0.000481259 -0.000987367 0.00216456 0.00706251 0.00150867 -0.000647061 0.00532868 0.0128652 -0.000379731 0.00129708 -0.00132058 -0.000243798 -0.00154197 -9.60449e-05 0.000355324 -3.74739e-05 0.00146388 4.75879e-05 -0.00406288 0.000196508 -0.00171935 0.000755961 0.000560098 -0.000748559 -7.12925e-05 -0.000383846 0.000646188
internal_weight=8393.45 2225.35 2051.11 1273.85 1069.3 204.543 46.9691 777.263 221.209 43.1813 17.424 842.035 302.648 539.387 6168.1 630.295 5537.81 3273.44 2417.01 856.428 2394.29 83.711 2310.58 368.556 200.376 1942.02 2264.36 1295.82 442.418 1922.32
internal_count=8368 2212 2097 1305 1110 195 91 792 425 84 40 960 331 629 6156 416 5740 4238 3672 566 3657 110 3547 253 142 3294 1502 862 292 3257
is_linear=0
shrinkage=0.03


Tree=194
num_leaves=31
num_cat=0
split_feature=54 70 54 89 76 83 60 62 77 77 16 94 70 65 46 98 16 9 89 91 89 49 99 78 69 105 39 79 72 90
split_gain=1.20407 1.48006 1.44258 1.27766 2.07261 1.15325 1.12815 1.80521 1.92402 1.3632 1.19416 2.0379 1.715 1.59395 1.36448 1.21597 1.52547 1.94741 1.36401 1.59002 1.38193 1.57315 1.27025 1.30246 1.17076 1.50535 1.15 1.14805 1.53665 1.31455
threshold=0.80000000000000027 2.9981664719444239 1.5350000000000004 3.6800000000000006 4.4500000000000011 10.620000000000003 0.821999999999946 0.78935699097402878 3.2950000000000004 3.555000000000001 0.49082770717814922 1.9671940930887317 3.1913157034525215 1.2050000000000005 0.44860167778148841 105.82490560144679 -0.33520492691655107 328.40500000000003 3.9200000000000004 0.055710203117619289 2.7750000000000008 3.5189473684210526 1.8808264438815241 1.4250000000000005 10.980000000000002 14.500000000000002 3.3950000000000005 -0.025868659755646058 -0.27949999999998448 0.80999999999999994
decision_type=2 8 2 2 2 8 2 2 2 2 2 10 10 2 10 10 2 2 2 2 2 2 2 2 10 2 2 2 2 2
left_child=5 2 -2 -3 -5 -1 7 10 -9 -10 15 -12 13 14 -13 18 17 -17 19 22 -21 -22 23 -7 -16 -26 -23 -19 -29 -30
right_child=1 3 -4 4 -6 6 -8 8 9 -11 11 12 -14 -15 24 16 -18 27 -20 20 21 26 -24 -25 25 -27 -28 28 29 -31
leaf_value=0.0076927513275976099 -0.0013995414476028066 0.00065655382365581742 -0.0065525978289320812 -0.013315474182635713 0.0039759422640683918 -0.00095581033534470835 0.00066451272775108999 0.012073539798665279 -0.0077722023187920524 0.0085350737095531409 0.002137187866497363 -0.0073297196850599378 0.0052056558787770026 -0.0041804572214053518 0.0042701570738282154 -0.00036930339658517304 -0.00081778443081196521 0.0052310770211128248 -0.0064901999210577295 0.011635294861204501 -0.00023255904961390534 0.014656773225128365 0.0036456578013345227 -0.0038287187615983231 -0.0049249014467916625 0.00034000375546515036 0.0021150284106488458 -0.0010941906297368066 0.0056701944324715429 0.00068883458740576502
leaf_weight=18.181581974029541 626.88579514622688 498.47837245464325 53.029614090919495 15.151318311691286 10.605922818183897 1661.3420528769493 2367.0147032439709 22.348194509744644 10.984705775976183 7.9544421136379233 483.70583710074425 22.726977467536926 45.453954935073853 106.05922818183899 56.059877753257751 430.29744005203247 746.95999276638031 104.54409635066986 39.014644652605057 12.499837607145308 118.93784874677658 12.121054649353029 49.999350428581238 155.30101269483566 56.059877753257751 381.43443849682808 14.393752396106718 118.18028283119202 98.483569025993347 92.423041701316833
leaf_count=12 416 794 35 31 16 2490 1566 50 23 21 695 15 30 70 37 284 493 69 79 21 248 32 111 260 40 254 29 78 65 61
internal_value=4.38286e-07 -0.000877909 -0.00180145 0.000319893 -0.00619548 0.000146676 0.000127658 -0.000134497 0.00611176 -0.000923146 -0.000188157 0.000654289 -0.000419825 -0.000830694 -0.000142554 -0.000453605 0.000169647 0.00104362 -0.000934085 -0.000827016 0.00206314 0.00124053 -0.00107158 -0.00120141 0.000188397 -0.000334633 0.0078484 0.00251348 0.00159429 0.00325858
internal_weight=8436.63 1204.15 679.915 524.236 25.7572 7232.48 7214.3 4847.29 41.2873 18.9391 4806 1151.5 667.794 622.34 516.281 3654.5 1590.89 843.928 2063.61 2024.59 157.952 145.453 1866.64 1816.64 493.554 437.494 26.5148 413.631 309.087 190.907
internal_count=8425 1292 451 841 47 7133 7121 5555 94 44 5461 1141 446 416 346 4320 1050 557 3270 3191 330 309 2861 2750 331 294 61 273 204 126
is_linear=0
shrinkage=0.03


Tree=195
num_leaves=31
num_cat=0
split_feature=42 31 97 92 23 16 79 88 88 34 47 42 70 13 82 83 37 105 8 91 88 48 96 88 88 74 86 97 50 21
split_gain=1.10165 0.871748 1.61482 1.37779 1.06876 1.04324 1.61732 1.27558 2.97151 1.80836 1.22772 1.3949 1.07763 1.02894 1.15033 1.40786 1.16847 1.23341 1.71379 1.5391 1.22005 1.2436 1.12793 1.04691 1.66447 1.25372 0.97752 0.949917 1.03357 0.923736
threshold=1.9650000000000001 -0.026999999999999604 29.603964501443382 11.742245674740486 1.6164288692253261 -0.42079833377160397 0.016211125509070713 2.9150000000000005 2.8250000000000006 1.1053796927738964 19.005000000000006 -0.21000000000000005 1.0803022629282977 1.3655000000000002 4.4151339527391782 23.275000000000002 1.4175000000000002 26.500000000000004 2.7850000000000006 -0.034236006140765156 1.7050000000000003 0.32849999999996277 -0.10300000000000863 4.0550000000000006 3.9900000000000007 1.0214993357970001 1.0089053879870511 40.385909585368601 0.42604360506537303 0.99808653936568914
decision_type=2 2 8 10 2 2 2 2 2 8 10 2 8 8 10 10 2 2 2 2 2 2 2 2 2 2 2 10 2 10
left_child=1 4 -3 13 -1 6 12 8 10 -9 11 -8 -6 -4 15 16 17 18 20 -19 21 -15 -21 24 -18 -25 -26 28 -20 -7
right_child=-2 2 3 -5 5 29 7 9 -10 -11 -12 -13 -14 14 -16 -17 23 19 27 22 -22 -23 -24 25 26 -27 -28 -29 -30 -31
leaf_value=0.0012053214487296098 -0.0063484348348442675 -0.0023182008722878664 0.002198368715455771 -0.001140532382091345 -0.0037963870011574492 0.00056147432739047948 0.0012190517698862976 -0.001318442295695428 0.011966782359052288 -0.0072999272942895852 0.0063772649970235675 -0.0047905110644968817 0.0011633565009836078 -0.0013811951070843266 -0.0024662498391907484 0.0075643661465791051 -5.0650821393856975e-05 -0.0045694167083354742 0.016777289769236921 0.0015619812891783504 -0.0057487777551216042 0.006359137961839745 0.0082237215681170012 -0.0016176782645153721 0.016284257309285205 -0.010466591200992647 0.0024887923155583881 0.0018241109200857824 0.0034108146602928086 -0.0022681296220977971
leaf_weight=911.73057940602303 24.999675214290619 332.19265398383141 203.02766537666321 990.89621758460999 45.453954935073853 1696.1900849938393 54.923528879880905 96.589654237031937 15.530101269483565 85.983731418848038 15.151318311691282 94.695739448070526 297.34462186694145 81.438335925340652 162.11910593509674 22.726977467536926 2690.1165662407875 15.151318311691282 10.227139860391619 36.741946905851364 40.150993525981903 24.242109298706055 60.605273246765137 124.99837607145309 8.7120080292224902 16.28766718506813 9.8483569025993329 33.711683243513107 10.605922818183897 110.60462367534637
leaf_count=985 45 232 134 654 30 1559 82 66 23 143 10 133 299 110 116 15 3013 22 21 25 49 16 85 258 23 31 26 23 25 73
internal_value=-6.02997e-05 -4.13552e-05 -0.000299092 -0.000151405 0.000325491 6.21645e-06 -0.000971956 -0.00236787 -0.000578018 -0.00413545 -0.0017604 -0.00258447 0.000505711 0.00012463 -1.13622e-06 0.000124318 7.08564e-05 0.00181117 0.000399798 0.00432502 -0.00129699 0.000394365 0.00570937 -0.000120198 1.11207e-05 -0.00263779 0.00896421 0.00493636 0.00997254 0.000388257
internal_weight=8323 8298 4873.8 4541.61 3424.2 2512.47 705.673 362.874 180.301 182.573 164.771 149.619 342.799 3550.71 3347.68 3185.56 3162.84 312.875 200.376 112.499 145.831 105.68 97.3472 2849.96 2708.68 141.286 18.5604 54.5447 20.8331 1806.79
internal_count=8326 8281 4878 4646 3403 2418 786 457 248 209 225 215 329 3992 3858 3742 3727 376 244 132 175 126 110 3351 3062 289 49 69 46 1632
is_linear=0
shrinkage=0.03


Tree=196
num_leaves=31
num_cat=0
split_feature=11 54 86 102 63 29 63 56 57 16 93 76 17 88 27 51 87 33 105 14 80 62 74 17 56 48 67 79 67 94
split_gain=1.08867 1.01884 1.67664 0.86379 0.943227 1.65837 1.62135 1.23993 1.72221 1.60623 3.13069 1.63149 1.38657 1.2826 2.13207 1.18883 1.10657 1.0522 1.04448 1.44335 1.50871 1.41535 1.95309 1.28765 1.62592 1.42164 1.29846 1.32424 1.25806 1.22576
threshold=23.470000000000002 -0.044999999999999922 0.25580626546216989 28.000000000000004 1.4150000000000003 0.059999999999999949 1.4350000000000003 12.425270270270273 16.165000000000003 -0.4900672204794741 15.545000000000002 2.8250000000000006 0.96989323777431757 4.1750000000000007 2.3250000000000006 2.5650000000000004 1.3350000000000002 14.735000000000001 22.500000000000004 68.990000000000023 11.852982758620692 1.1220428583524209 1.0076450042353831 -0.032282979058982857 14.934324324324328 2.1980000000000364 -0.018022759601706989 0.01241206960385032 -0.024658605974395478 1.7853654934447136
decision_type=10 2 2 2 2 2 2 10 10 2 8 2 2 2 2 2 2 8 2 10 10 2 2 2 10 2 2 2 2 8
left_child=1 2 -1 -3 5 -5 17 9 12 10 -8 -12 -9 14 -13 16 -16 -6 23 21 28 22 -20 26 25 29 -7 -28 -21 -25
right_child=-2 3 -4 4 6 18 7 8 -10 -11 11 13 -14 -15 15 -17 -18 -19 19 20 -22 -23 -24 24 -26 -27 27 -29 -30 -31
leaf_value=-0.0039393729902336815 -0.0065710013956108201 0.0039972764430235451 0.00052228024947554739 -0.003435355909547964 -0.0023660267163326198 0.036967588594890244 0.012200220553964407 0.00098046988341666933 -0.00052183989273273861 -0.0017586171905493058 -0.0049682426599216975 -0.00051143083428677443 0.00608663049088729 -0.0037425811524394656 0.017967352121007037 -0.00020534784190813062 0.0050500900616058369 -0.0089203966041008879 1.6910087236561475e-06 0.0080767220200497793 -0.0030977593078581611 -0.0075368788007026104 0.0072499987829588667 0.0053806229474739811 -0.004515130551618265 0.0089060076559143476 -0.0086983092265246701 -0.0017067072463077448 0.0020380746303573119 -1.3895645193987632e-05
leaf_weight=77.650506347417831 22.726977467536926 42.423691272735596 3187.0798068642616 116.66515100002289 68.180932402610779 0.75756591558456321 21.211845636367798 169.69476509094238 737.86920177936554 939.00295236706734 43.938823103904724 42.802474230527878 66.66580057144165 26.514807045459747 15.151318311691286 8.3332250714302045 9.8483569025993329 32.575334370136261 1139.7579199969769 33.332900285720825 48.484218597412109 21.59062859416008 34.469249159097672 40.908559441566467 60.605273246765137 18.181581974029541 26.893590003252029 260.98145791888237 453.40320047736168 517.03873738646507
leaf_count=58 15 28 3200 116 45 2 14 112 487 1015 62 50 44 49 37 22 11 35 1347 22 32 24 58 27 40 12 41 332 306 636
internal_value=-1.40437e-05 3.99302e-06 0.000416161 -0.000265277 -0.000301773 6.53738e-05 -0.000768419 -0.00058847 0.00019205 -0.0012755 0.001428 -0.000130775 0.00242067 0.00193988 0.00391884 0.00960771 0.0128787 -0.00448511 0.00021912 0.000654059 0.00194891 7.45125e-05 0.000214464 -0.000594498 0.000158957 0.000650643 -0.00225665 -0.00235987 0.00245162 0.000381629
internal_weight=8284.74 8262.01 3264.73 4997.28 4954.86 2773.07 2181.79 2081.03 974.23 1106.8 167.801 146.589 236.361 102.65 76.1354 33.3329 24.9997 100.756 2656.4 1731.04 535.22 1195.82 1174.23 925.367 636.734 576.129 288.633 287.875 486.736 557.947
internal_count=8279 8264 3258 5006 4978 2995 1983 1903 643 1260 245 231 156 169 120 70 48 80 2879 1789 360 1429 1405 1090 715 675 375 373 328 663
is_linear=0
shrinkage=0.03


Tree=197
num_leaves=31
num_cat=0
split_feature=14 24 20 89 64 62 55 86 86 51 105 105 29 68 89 86 32 101 87 82 75 75 69 105 73 55 76 86 84 49
split_gain=1.06212 1.49331 1.19995 1.72369 2.17152 1.41384 1.36471 1.61756 1.50909 1.20502 1.75235 1.69575 1.29125 1.24765 2.37691 1.65143 1.46824 1.83876 3.07392 1.30623 1.198 1.21332 1.18379 1.1774 1.53886 1.13912 1.12649 1.67937 1.33694 1.10891
threshold=47.485000000000007 26.137361000000002 -0.12775704858859274 1.2650000000000003 1.7650000000000003 0.18256308272371616 0.093868421052631615 0.58453347865463823 0.53138822275006303 0.74500000000000011 40.500000000000007 26.500000000000004 0.29999999999999999 16.866643835616447 3.305000000000001 1.3295882873895992 16.33071428571429 18.500000000000004 0.47500000000000003 2.5633473631879791 1.3550000000000002 0.72500000000000009 19.835000000000004 29.500000000000004 1.4358219178082192 -0.1207894736842104 2.1650000000000005 0.48185566791399881 -2.5559999999999827 1.4665789473684214
decision_type=8 2 10 2 2 2 2 2 2 2 2 2 2 10 2 2 10 2 2 10 2 2 10 2 2 2 2 2 2 2
left_child=1 -1 9 23 -5 -6 7 8 26 10 11 12 -2 15 -15 16 17 18 -11 22 21 -21 -18 -4 -25 -19 -7 28 -28 -27
right_child=2 -3 3 4 5 6 -8 -9 -10 13 -12 -13 -14 14 -16 -17 19 25 -20 20 -22 -23 -24 24 -26 29 27 -29 -30 -31
leaf_value=0.00052214439312228429 -0.0053526257851501738 -0.0020557471699637455 -0.0049369153877289367 0.003974495092739898 -0.0025686779433571269 -0.0018590733732953182 -0.0015838204971012721 -0.00070413763482490431 0.0065731198511308365 0.019050085133704885 -0.0078664427171421213 0.009243837871621776 0.00045825858996175357 -0.0071255864889945971 0.00086380911645800003 -0.0056235906945190728 0.0024146049678296583 0.0018068504137724619 0.001955205294308916 -0.0013361805400356383 -0.003453096471567369 0.0062882707703846245 0.0085654064882276035 0.0031217887633979498 -0.0034155612634931797 0.0017592504329039533 0.0085085517830789745 -0.0010502846868086805 0.0024124760307263505 0.00011252263058950252
leaf_weight=346.96518933773041 52.27204817533493 484.84218597412109 121.21054649353027 107.57436001300812 236.36056566238403 85.983731418848038 370.4497327208519 454.53954935073853 53.029614090919495 12.499837607145308 36.363163948059082 14.393752396106718 100.75626677274704 56.059877753257751 83.332250714302063 39.014644652605057 62.120405077934265 473.09991428256035 39.014644652605057 33.711683243513107 40.908559441566467 42.423691272735596 51.514482259750366 53.029614090919495 83.332250714302063 404.16141596436501 39.393427610397339 109.08949184417725 181.81581974029541 4118.128317117691
leaf_count=229 81 320 80 71 156 59 249 315 35 27 60 23 170 37 55 46 41 550 55 23 27 28 34 35 55 518 26 72 120 4797
internal_value=3.70073e-05 -0.000980452 0.000149021 -0.000504216 -0.00014553 -0.000435084 -4.54547e-05 0.000571405 0.0018068 0.000367831 -0.00189717 -0.000600678 -0.00152665 0.00045243 -0.00234932 0.000525887 0.000571347 0.00046437 0.00610323 0.00291186 0.000687482 0.00291227 0.00520297 -0.00278557 -0.000873258 0.000406219 0.00119962 0.00199587 0.00349808 0.000259692
internal_weight=8387.39 831.807 7555.58 1895.81 1638.24 1530.66 1294.3 923.852 469.312 5659.77 203.785 167.422 153.028 5455.99 139.392 5316.6 5277.58 5046.9 51.5145 230.679 117.044 76.1354 113.635 257.572 136.362 4995.39 416.282 330.299 221.209 4522.29
internal_count=8394 549 7845 1273 1103 1032 876 627 312 6572 334 274 251 6238 92 6146 6100 5947 82 153 78 51 75 170 90 5865 277 218 146 5315
is_linear=0
shrinkage=0.03


Tree=198
num_leaves=31
num_cat=0
split_feature=42 39 86 31 66 99 85 51 85 100 23 11 1 92 84 79 23 47 90 84 52 26 86 19 19 99 63 74 61 73
split_gain=1.15554 1.54607 1.31183 1.26235 1.1465 1.33547 1.34293 1.10812 1.63296 2.97268 1.78519 1.61385 1.49281 1.19811 1.29412 1.12757 1.09592 1.35594 1.36176 1.15624 1.0636 1.05846 1.35293 1.53825 1.38142 1.35297 1.31989 1.2065 1.18802 1.23234
threshold=-0.084999999999999951 1.5650000000000002 0.25580626546216989 0.18299999999999966 -0.29999999999999988 0.82077824852898418 1.4121724137931035 0.80500000000000016 1.3549655172413795 0.41224610044802451 1.613222009305209 17.520000000000003 1.0000000180025095e-35 12.262010380622838 -9.3634999999999859 0.030860235273171815 1.6309324775767993 20.875000000000004 -1.2049999999999998 7.4044999999999854 2.2050000000000005 0.19522422276188617 0.51675144834429487 -0.39634669659887273 -0.21558747055258298 2.1554204707042364 0.36500000000000005 0.23440640728490966 1.9436486486486491 1.492260273972603
decision_type=2 2 2 2 2 2 2 2 2 2 2 10 2 10 2 2 2 10 2 2 2 2 2 10 10 2 2 2 2 2
left_child=2 7 20 4 5 -4 -7 8 9 -2 -11 13 -12 14 -9 -14 17 18 -6 -18 -1 22 24 28 25 27 -23 -3 29 -24
right_child=1 21 3 -5 16 6 -8 11 -10 10 12 -13 15 -15 -16 -17 19 -19 -20 -21 -22 26 23 -25 -26 -27 -28 -29 -30 -31
leaf_value=-0.00075444136536173491 0.058964939153083429 0.0010974774472213905 0.00081890502345373362 -0.0022030029634800812 -0.0055547623873315102 0.0026015192776767315 -0.0019445258601139632 -0.0058249590212357764 -0.0071987780881051216 -0.0097379677902328203 -0.00096874228717634485 0.0054488520810467107 0.011422062410669656 -0.0024985041458465691 0.0009645986898164198 0.0016005937722956452 5.0133266344428672e-05 -0.0010191437260247023 0.0025026855689181129 0.0063577248207302046 -0.0077720510416360326 -0.013759674639586177 0.0014032396162117771 -0.00062729842110616153 -0.0003477587497145393 0.0039460856530010909 -0.0017142773960839156 -0.0032862640026169458 0.00051837670229763755 0.0066436517085274741
leaf_weight=56.817443668842316 0.75756591558456321 65.150668740272522 725.36936417222023 138.25577959418297 19.317930847406387 68.938498318195343 385.60105103254318 25.757241129875183 35.605598032474518 17.802799016237259 218.17898368835449 64.393102824687958 15.908884227275847 104.54409635066986 1324.6040033996105 31.060202538967133 638.62806683778763 125.75594198703766 828.39832869172096 27.272372961044312 29.545070707798004 8.3332250714302045 108.33192592859268 992.41134941577911 804.91378530859947 29.166287750005722 467.41816991567612 425.75204455852509 572.71983218193054 64.393102824687958
leaf_count=42 2 85 709 158 27 83 385 17 40 20 264 44 33 69 1409 40 597 83 915 18 24 19 178 655 532 47 439 575 807 83
internal_value=2.23005e-05 -0.000242103 0.000489382 0.000595807 0.000733059 1.99526e-05 -0.00125504 0.00046361 -0.00114289 -0.000382877 -0.000541773 0.000801252 7.56854e-05 0.000595553 0.000835092 0.00492722 0.0012463 0.00188783 0.00231907 0.000308465 -0.0031552 -0.000608783 -0.000404294 0.000146253 -0.0011264 -0.0023315 -0.00192526 -0.00270447 0.00117608 0.0033569
internal_weight=8421.1 5377.2 3043.9 2957.54 2819.28 1179.91 454.54 1838.61 319.314 283.708 282.951 1519.3 265.148 1454.91 1350.36 46.9691 1639.37 973.472 847.716 665.9 86.3625 3538.59 3062.84 1737.86 1324.98 520.069 475.751 490.903 745.445 172.725
internal_count=8399 5358 3041 2975 2817 1177 468 1938 399 359 357 1539 337 1495 1426 73 1640 1025 942 615 66 3420 2962 1723 1239 707 458 660 1068 261
is_linear=0
shrinkage=0.03


Tree=199
num_leaves=31
num_cat=0
split_feature=46 9 70 15 80 82 106 90 72 71 42 83 85 81 85 82 96 10 75 57 47 68 77 70 98 50 30 29 45 86
split_gain=1.04744 1.29834 1.79156 1.67617 1.87496 1.83031 2.38557 1.95564 1.96844 1.55923 1.25395 1.19935 1.20307 1.37614 1.1991 1.1981 1.23654 1.14371 2.09574 1.4357 1.7571 1.87327 1.52066 1.42097 1.39458 1.36837 1.29365 1.3773 1.27921 1.19993
threshold=0.79002977687319653 325.90500000000003 3.1035391052031684 1026.2110000000002 8.993382758620692 4.2874574608723561 53.500000000000007 1.2750000000000001 1.6965000000000148 13.225000000000003 0.58500000000000019 16.825000000000003 2.0508620689655177 16.98 2.6913448275862071 1.0928399849227073 12.836500000000003 17.935000000000006 0.91500000000000015 17.775000000000002 18.635000000000002 11.428410958904111 2.9750000000000005 1.7358890984514195 75.76165836011215 0.22036652083973954 -0.27999999999999953 0.58000000000000029 18.250000000000004 1.3295882873895992
decision_type=8 2 10 10 10 10 2 2 2 10 2 10 2 10 2 8 2 10 2 10 10 10 2 10 8 2 2 2 10 2
left_child=1 2 9 4 -3 6 7 8 -6 10 -1 -8 -13 -14 -15 -2 17 19 -19 20 24 -22 26 25 -17 -23 28 -28 -21 -26
right_child=15 3 -4 -5 5 -7 11 -9 -10 -11 -12 12 13 14 -16 16 -18 18 -20 22 21 23 -24 -25 29 -27 27 -29 -30 -31
leaf_value=0.0022247859317252286 0.0021629439476586053 -0.0024821432839410057 0.0057148164179336436 -0.0011383015024046491 0.012998142238897526 -0.0044977766211751011 0.004577080854730721 0.0032956892265388737 0.0038706896530697811 -0.00087580422696618239 -0.0037777703052322472 -0.0024234912842991982 -0.0035628168469293386 0.0050158732314046009 -0.0010946660445801065 -0.0018270710811807555 0.0043486069977694787 0.00057242088958154604 -0.0059794537185208132 0.0086351236118763445 0.0036194598227785322 0.0019882483437534556 -0.0020210817256104113 -0.0053778640620941879 -7.8117355043058698e-05 -0.0038476612466413515 0.00060077252227884307 0.0065161209965784797 0.0015018591553908089 -0.0081438979257042327
leaf_weight=282.57208651304245 186.3612152338028 70.453630149364471 46.969086766242981 175.7552924156189 48.484218597412109 30.302636623382568 84.847382545471191 145.45265579223633 37.87829577922821 926.50311475992203 35.226815074682236 86.36251437664032 33.332900285720825 98.483569025993347 40.908559441566467 474.23626315593719 51.514482259750366 87.877646207809448 87.877646207809448 42.423691272735596 39.393427610397339 65.529451698064804 131.81646931171417 151.51318311691284 4158.2793106436729 80.680770009756088 546.96259105205536 37.87829577922821 48.484218597412109 16.666450142860413
leaf_count=188 126 48 31 116 32 20 56 96 25 613 24 57 22 65 27 313 34 58 58 28 26 44 87 100 5557 54 361 25 32 44
internal_value=-8.65546e-06 0.000563097 -3.67328e-05 0.00147191 0.00215003 0.00268852 0.00306675 0.00541891 0.00899487 -0.000253838 0.00155943 0.00148137 0.000467572 0.0019131 0.00322256 -0.000206089 -0.000279414 -0.000319351 -0.00270352 -0.000247028 -0.000437079 -0.00252843 0.000926437 -0.0033419 -0.000285432 -0.00123209 0.0015014 0.000983891 0.00483072 -0.000110316
internal_weight=8351.03 2143.53 1291.27 852.262 676.506 606.053 575.75 231.815 86.3625 1244.3 317.799 343.935 259.088 172.725 139.392 6207.5 6021.13 5969.62 175.755 5793.86 4986.3 337.117 807.565 297.723 4649.18 146.21 675.749 584.841 90.9079 4174.95
internal_count=8367 1420 856 564 448 400 380 153 57 825 212 227 171 114 92 6947 6821 6787 116 6671 6138 224 533 198 5914 98 446 386 60 5601
is_linear=0
shrinkage=0.03


end of trees

feature_importances:
wind_forcing_ratio=181
hs_diff_6h=180
latest_relh=162
gust_forcing_ratio=159
sin_wvdir=149
hs_slope_6h=142
latest_airt=122
cos_wind_wave_diff=119
wspd_std_48h=118
wspd_mean_48h=113
hs_min_12h=110
hs_range_48h=110
hs_min_48h=109
gust_max_48h=102
caph_diff_48h=97
wspd_std_24h=95
latest_caph=91
gust_max_24h=91
caph_diff_24h=91
wspd_std_12h=89
hs_min_24h=87
hs_diff_48h=87
cos_wdir=85
hs_slope_48h=84
hs_std_48h=80
latest_tp=78
caph_diff_12h=76
hs_max_24h=73
high_wave_count_2_0m=73
hs_slope_24h=72
hs_mean_48h=69
wspd_mean_24h=68
wspd_max_48h=68
sin_wind_wave_diff=67
wspd_max_6h=67
wspd_max_24h=64
wspd_std_6h=63
hs_min_3h=62
hs_max_12h=62
hs_diff_3h=61
hs_over_max_48h=60
hs_diff_12h=57
hs_max_48h=57
hs_min_6h=55
latest_wvdir=54
wspd_max_1h=54
wspd_mean_12h=54
hs_diff_1h=52
wspd_mean_6h=52
hs_range_6h=51
caph_diff_6h=51
hs_range_12h=51
wspd_mean_1h=50
latest_wdir=49
hs_range_24h=49
hs_min_1h=47
high_wave_count_1_5m=47
is_S_ORS=45
wspd_max_3h=45
gust_max_12h=45
cos_wvdir=43
hs_slope_12h=42
hs_steepness_proxy=40
hs_range_3h=40
hs_mean_24h=39
wspd_max_12h=38
hs_std_24h=37
hs_over_mean_24h=34
wave_obs_count_48h=34
gust_max_1h=33
wspd_mean_3h=33
hs_std_12h=33
wspd_std_3h=32
gust_max_6h=32
hs_max_3h=31
sin_wdir=30
gust_max_3h=30
caph_diff_3h=30
latest_wspd=29
hs_mean_12h=29
hs_diff_24h=29
hs_power_proxy=27
hs_std_6h=27
hs_slope_1h=25
hs_max_6h=25
latest_hmax=21
wspd_std_1h=21
hs_mean_6h=20
latest_hs=19
hs_mean_1h=19
hs_range_1h=19
hs_mean_3h=18
hs_max_1h=17
hs_slope_3h=17
wave_obs_count_24h=15
latest_gust=14
hs_std_1h=14
hs_std_3h=14
is_I_ORS=13
is_G_ORS=11
wave_missing_ratio_48h=9
hs_energy_proxy=6
caph_diff_1h=5
wave_obs_count_6h=5

parameters:
[boosting: gbdt]
[objective: regression]
[metric: l2]
[tree_learner: serial]
[device_type: cpu]
[data_sample_strategy: bagging]
[data: ]
[valid: ]
[num_iterations: 200]
[learning_rate: 0.03]
[num_leaves: 31]
[num_threads: 10]
[seed: 42]
[deterministic: 0]
[force_col_wise: 0]
[force_row_wise: 0]
[histogram_pool_size: -1]
[max_depth: -1]
[min_data_in_leaf: 20]
[min_sum_hessian_in_leaf: 0.001]
[bagging_fraction: 0.8]
[pos_bagging_fraction: 1]
[neg_bagging_fraction: 1]
[bagging_freq: 1]
[bagging_seed: 400]
[bagging_by_query: 0]
[feature_fraction: 0.8]
[feature_fraction_bynode: 1]
[feature_fraction_seed: 30056]
[extra_trees: 0]
[extra_seed: 12879]
[early_stopping_round: 0]
[early_stopping_min_delta: 0]
[first_metric_only: 0]
[max_delta_step: 0]
[lambda_l1: 0]
[lambda_l2: 0]
[linear_lambda: 0]
[min_gain_to_split: 0]
[drop_rate: 0.1]
[max_drop: 50]
[skip_drop: 0.5]
[xgboost_dart_mode: 0]
[uniform_drop: 0]
[drop_seed: 17869]
[top_rate: 0.2]
[other_rate: 0.1]
[min_data_per_group: 100]
[max_cat_threshold: 32]
[cat_l2: 10]
[cat_smooth: 10]
[max_cat_to_onehot: 4]
[top_k: 20]
[monotone_constraints: ]
[monotone_constraints_method: basic]
[monotone_penalty: 0]
[feature_contri: ]
[forcedsplits_filename: ]
[refit_decay_rate: 0.9]
[cegb_tradeoff: 1]
[cegb_penalty_split: 0]
[cegb_penalty_feature_lazy: ]
[cegb_penalty_feature_coupled: ]
[path_smooth: 0]
[interaction_constraints: ]
[verbosity: -1]
[saved_feature_importance_type: 0]
[use_quantized_grad: 0]
[num_grad_quant_bins: 4]
[quant_train_renew_leaf: 0]
[stochastic_rounding: 1]
[linear_tree: 0]
[max_bin: 255]
[max_bin_by_feature: ]
[min_data_in_bin: 3]
[bin_construct_sample_cnt: 200000]
[data_random_seed: 175]
[is_enable_sparse: 1]
[enable_bundle: 1]
[use_missing: 1]
[zero_as_missing: 0]
[feature_pre_filter: 1]
[pre_partition: 0]
[two_round: 0]
[header: 0]
[label_column: ]
[weight_column: ]
[group_column: ]
[ignore_column: ]
[categorical_feature: ]
[forcedbins_filename: ]
[precise_float_parser: 0]
[parser_config_file: ]
[objective_seed: 16083]
[num_class: 1]
[is_unbalance: 0]
[scale_pos_weight: 1]
[sigmoid: 1]
[boost_from_average: 1]
[reg_sqrt: 0]
[alpha: 0.9]
[fair_c: 1]
[poisson_max_delta_step: 0.7]
[tweedie_variance_power: 1.5]
[lambdarank_truncation_level: 30]
[lambdarank_norm: 1]
[label_gain: ]
[lambdarank_position_bias_regularization: 0]
[eval_at: ]
[multi_error_top_k: 1]
[auc_mu_weights: ]
[num_machines: 1]
[local_listen_port: 12400]
[time_out: 120]
[machine_list_filename: ]
[machines: ]
[gpu_platform_id: -1]
[gpu_device_id: -1]
[gpu_use_dp: 0]
[num_gpu: 1]

end of parameters

pandas_categorical:[]
