tree
version=v4
num_class=1
num_tree_per_iteration=1
label_index=0
max_feature_idx=50
objective=regression
feature_names=layer nominal_depth layer_num effective_depth surf_temp surf_psal bot_temp bot_psal deep_temp_6 deep_temp_8 rel_depth_pos surf_temp_val bot_temp_val bot_boundary_is_observed vertical_temp_diff_span vertical_linear_interp vertical_mean_boundary vertical_gradient diff_to_surf diff_to_bot climatology_temp climatology_diff_linear sin_hour cos_hour sin_doy cos_doy surf_temp_lag1 surf_temp_lag2 surf_temp_lag6 bot_temp_lag1 bot_temp_lag2 bot_temp_lag6 surf_temp_roll_mean_6 surf_temp_roll_std_6 bot_temp_roll_mean_6 bot_temp_roll_std_6 stratification_index thermocline_intensity_proxy is_thermocline_season mid_layer_curvature_weight curved_profile_estimate deep_temp_6_val gradient_surf_to_deep6 grad_deep_5_6 grad_ratio_deep_shallow thermocline_sharpness depth_rel_thermocline deep_temp_8_val gradient_surf_to_deep8 surf_psal_val bot_psal_val
feature_infos=none none none [3.1360000000000001:9.5199999999999996] [7.3228999999999997:30.677499999999998] [27.997299999999999:32.382300000000001] [7.0111999999999997:29.565300000000001] [29.717199999999998:32.858800000000002] [7.0220000000000002:26.822500000000002] [7.0481999999999996:14.8957] [0:0.35095709570957084] [7.3228999999999997:30.677499999999998] [7.0111999999999997:29.565300000000001] [0:1] [-7.424678958317644:16.148099999999999] [7.3016513645364576:30.039772514851485] [7.2551000000000005:29.704799999999999] [-0.4900778190308675:1.0658811881188117] [-4.3765081584158381:1.9794243110656726] [-6.303758516859606:12.840047326732673] [8.3085692365269459:27.422083211512106] [-12.809962169829751:5.354981740236969] [-1:1] [-1:1] [-0.9999994220246925:0.94319646595658657] [-0.99997919295908233:0.95629427721977189] [7.3228999999999997:30.677499999999998] [7.3228999999999997:30.677499999999998] [7.3228999999999997:30.677499999999998] [7.0111999999999997:29.565300000000001] [7.0111999999999997:29.565300000000001] [7.0111999999999997:29.565300000000001] [7.3414999999999999:30.625266666666665] [0:7.3695534850633777] [7.0122999999999998:29.459199999999999] [0:5.4706052108542957] [0:16.148099999999999] [0:1.0658811881188117] [0:1] [0:0.9111448507226958] [7.2493941520745029:29.941627684620723] [7.0220000000000002:27.854500000000002] [-0.27307182521312118:0.70908986042219391] [-0.76604955328359603:1.5161738970249607] [-2643.4558349450899:301851.34014921257] [-1.4224389922274905:1.4789644386931091] [-0.39642110984392337:0.48451664994229171] [7.0481999999999996:29.565300000000001] [-0.16432495976072925:0.40305446652047755] [27.997299999999999:32.382300000000001] [29.717199999999998:32.858800000000002]
tree_sizes=3381 3478 3479 3477 3477 3486 3492 3459 3489 3483 3485 3482 3474 3492 3495 3513 3494 3496 3491 3490 3461 3490 3470 3471 3493 3497 3464 3468 3493 3506 3514 3472 3511 3490 3505 3474 3479 3516 3486 3505 3471 3497 3485 3501 3496 3504 3497 3524 3492 3509 3507 3491 3507 3503 3495 3493 3498 3496 3485 3498 3481 3510 3503 3516 3500 3500 3516 3495 3490 3513 3512 3493 3487 3516 3494 3478 3474 3484 3491 3510 3491 3461 3511 3492 3486 3498 3506 3503 3478 3484 3482 3485 3482 3478 3497 3501 3511 3492 3518 3492 3486 3536 3501 3468 3506 3518 3494 3518 3490 3472 3477 3508 3472 3490 3495 3484 3502 3483 3479 3487 3521 3476 3485 3526 3509 3489 3498 3499 3507 3515 3501 3495 3502 3480 3509 3527 3504 3485 3501 3454 3466 3493 3508 3490 3487 3490 3504 3513 3476 3501 3508 3504 3496 3490 3487 3495 3476 3483 3509 3487 3482 3482 3498 3486 3473 3493 3474 3455 3496 3461 3487 3495 3498 3486 3502 3502 3503 3449 3479 3501 3478 3472 3483 3494 3463 3485 3461 3502 3493 3505 3480 3456 3503 3475 3487 3468 3483 3471 3518 3506

Tree=0
num_leaves=31
num_cat=0
split_feature=18 4 20 18 18 24 24 33 20 42 18 7 18 24 12 7 24 18 24 8 18 6 33 42 18 18 7 33 8 24
split_gain=6424.54 2883.73 3434.8 1378.63 889.741 403.401 377.35 350.558 324.964 250.307 236.72 203.559 129.803 114.065 113.147 103.117 93.4282 90.1102 102.369 87.9391 86.0993 75.3306 75.061 73.0129 67.1247 60.9807 58.9627 57.1634 51.9742 50.5962
threshold=-1.1758715775577551 1.0000000180025095e-35 22.813904250355044 -0.56891391419141868 -1.8654676963696362 -0.049434980436038223 -0.032247759394263838 0.078957220484682025 16.601843472600166 0.095562733110316461 -3.0291378448844859 31.672750000000004 -0.92826092791078973 -0.77786766366919291 9.0966000000000005 31.727950000000003 -0.049434980436038223 -0.29562684878482054 0.27383534524298775 7.3584000000000005 -1.5189375869130861 9.2307500000000022 0.078957220484682025 0.5154919829276734 -2.3471022376237616 -1.6130952412239628 32.004850000000012 0.071262893570216077 8.6809000000000012 -0.72101013194340913
decision_type=2 10 2 2 2 2 2 2 2 2 2 10 2 2 2 10 2 2 2 10 2 10 2 2 2 2 10 2 10 2
left_child=4 2 8 7 5 10 20 12 -2 19 -1 25 -3 -4 26 -7 -9 18 -11 -5 -6 -18 -20 -17 -12 -8 28 -16 -13 -14
right_child=1 3 13 9 6 15 11 16 -10 17 24 14 29 -15 27 23 21 -19 22 -21 -22 -23 -24 -25 -26 -27 -28 -29 -30 -31
leaf_value=0.54730682548483434 0.3660770726478681 0.48682224905453475 0.84862236392941748 0.45609039114350347 0.5037280252836559 0.4426416039734149 0.42554063738532244 0.47721780956901777 0.55550771947568167 0.47404354347277539 0.52456144807266458 0.48119957323060242 0.48331426654074788 0.70209829597747209 0.49556839715602596 0.49998842391242043 0.46384121190572442 0.46606912425903224 0.46998453594435019 0.46391668721332635 0.49498659087024144 0.47482561151736663 0.45910999474788305 0.46343045450596032 0.51177927816452617 0.46716185711432562 0.47915596592734744 0.48551748314219029 0.43444780112403458 0.47739142359610381
leaf_weight=252.99930310249329 24.498171955347061 3015.0568357408047 33.852019429206848 1525.1225595474243 1637.3687292337418 30.734070271253586 34.297440737485886 1396.8412227630615 11.135532706975935 4499.2006349265575 571.03011721372604 34.297440737485886 1873.4420226216316 12.917217940092085 973.24555858969688 816.90267938375473 1667.2119568884373 5133.4805779159069 1864.0881751477718 8576.1418696045876 2700.5893920958042 848.08217096328735 824.47484162449837 51.668871760368347 1122.0162755548954 319.81249934434891 377.71726942062378 1073.4653529524803 55.232242226600647 4221.7031598687172
leaf_count=142 55 2803 76 1135 1150 63 74 1423 13 4845 331 35 2058 11 811 664 1391 6920 1611 8622 2169 971 771 116 731 400 293 1006 31 3862
internal_value=0.477148 0.471157 0.647355 0.470743 0.498322 0.512526 0.49271 0.478506 0.425794 0.466234 0.520205 0.484264 0.481732 0.813708 0.487264 0.495879 0.470996 0.469105 0.471275 0.462733 0.498291 0.467542 0.466644 0.4978 0.516116 0.462996 0.473949 0.490303 0.452203 0.479213
internal_weight=45578.6 35527.2 82.4029 35444.8 10051.4 2845.35 7206.03 13022.3 35.6337 22422.5 1946.05 2868.07 9110.2 46.7692 2513.96 899.306 3912.14 12321.2 7187.76 10101.3 4337.96 2515.29 2688.56 868.572 1693.05 354.11 467.247 2046.71 89.5297 6095.15
internal_count=44583 36567 155 36412 8016 2047 5969 12508 68 23904 1204 2650 8723 87 2176 843 3785 14147 7227 9757 3319 2362 2382 780 1062 474 359 1817 66 5920
is_linear=0
shrinkage=1


Tree=1
num_leaves=31
num_cat=0
split_feature=18 37 20 18 18 24 33 32 47 33 9 42 18 18 6 18 25 33 24 8 18 24 33 12 24 24 40 47 9 5
split_gain=6241.95 1833 3978.3 1282.4 875.681 404.748 358.132 271.985 249.382 248.654 211.015 200.276 155.293 148.202 138.913 138.217 129.965 124.009 88.2883 81.8469 78.4021 78.7887 68.4512 63.3644 119.092 103.633 82.4687 60.9392 55.7443 53.5667
threshold=-1.1880338162724191 1.0000000180025095e-35 22.813904250355044 -0.53023251815181449 -2.1015810165016497 -0.032247759394263838 0.078957220484682025 23.95558333333334 12.250000000000002 1.0074146081264985 10.426150000000002 0.095562733110316461 -3.0291378448844859 -1.5601711881188114 9.1101500000000026 -0.80395739933993215 0.9483965485850524 0.21045791503291117 0.036545658007091128 7.3584000000000005 -0.245998332569596 0.29033824002281988 0.10777221658046673 13.031500000000001 0.17328881712428665 0.3714672281037254 14.972223690331852 11.754841322314336 8.1953000000000014 31.862450000000006
decision_type=2 2 2 2 2 2 2 2 2 2 8 2 2 2 10 2 2 2 2 10 2 2 2 2 2 2 2 2 10 10
left_child=4 2 16 6 7 13 15 27 14 11 17 19 -9 -6 28 -3 -2 -8 -10 -5 21 -13 -16 25 -25 26 -12 -1 -7 -30
right_child=1 3 -4 9 5 8 10 12 18 -11 23 20 -14 -15 22 -17 -18 -19 -20 -21 -22 -23 -24 24 -26 -27 -28 -29 29 -31
leaf_value=0.025704115519583504 -0.019480005763483889 0.0076254707936058031 0.3499852594549529 -0.020452543293267168 0.027949402166555545 0.022779626924707343 -0.0065100977841597036 0.068713746138597473 0.016349020153340266 0.074966356594376823 0.09522565178615644 -0.0040932050916248379 0.042335497115202611 0.01755604883555141 0.018723151517608103 0.00054535469796862719 -0.12915849183633357 -0.021109919231507481 -0.02914348301657909 -0.012869521306412945 -0.011613271773980484 -0.010535105579573349 0.0083351769813240391 9.1716133576679517e-05 -0.028407919624184746 -0.0006689617196804419 0.022918567317015963 -0.011988929342696474 -0.019844142047821711 0.00089225758566628048
leaf_weight=543.85941740870476 19.598537564277649 4769.1259477436543 38.75165382027626 1512.2053416073322 2192.3636793494225 72.158251941204071 1146.5144475102425 258.78978011012077 46.769237369298935 29.397806346416473 15.144324481487272 4800.3054393231869 952.75617840886116 2848.0238451361656 1313.9928594231606 5172.6776530444622 19.153116255998611 964.78255373239517 199.99416741728783 8495.5206128060818 3960.2408519089222 2654.2655760347843 1013.7788976430893 1580.800223082304 142.98023995757103 252.55388179421425 130.50844332575798 40.978760361671448 156.78830051422119 387.07111689448357
leaf_count=426 32 4593 81 1124 1496 153 645 146 105 27 34 5110 564 2239 1048 5001 43 543 449 8570 5738 2362 902 1710 321 567 266 92 88 218
internal_value=2.12758e-05 -0.00585239 0.138953 -0.00617129 0.0209343 0.0167889 0.000830592 0.0399084 0.00842351 -0.0107978 -0.00647604 -0.010919 0.048022 0.0220814 0.0108533 0.00394214 -0.0755744 -0.0131885 -0.0204901 -0.0140173 -0.00820171 -0.00638801 0.0142046 0.000205662 -0.00228731 0.0109761 0.0310348 0.0230471 -0.00181258 -0.00511125
internal_weight=45731.9 35704.5 77.5033 35627 10027.3 8230.94 14175.1 1796.38 3190.55 21451.9 4233.28 21422.5 1211.55 5040.39 2943.79 9941.8 38.7517 2111.3 246.763 10007.7 11414.8 7454.57 2327.77 2121.99 1723.78 398.207 145.653 584.838 616.018 543.859
internal_count=44693 36767 156 36611 7926 6698 13680 1228 2963 22931 4086 22904 710 3735 2409 9594 75 1188 554 9694 13210 7472 1950 2898 2031 867 300 518 459 306
is_linear=0
shrinkage=0.03


Tree=2
num_leaves=31
num_cat=0
split_feature=18 4 21 18 18 33 32 33 42 9 18 18 18 25 27 6 47 20 47 33 18 7 33 7 41 20 12 25 6 33
split_gain=5818.73 2435.68 3767.83 1044.94 939.865 377.845 312.364 312.201 182.378 174.972 171.771 122.943 120.272 113.584 98.6021 106.158 94.9249 79.4139 180.216 72.1758 68.5978 66.1089 64.6768 64.2737 63.3564 52.3164 50.2202 81.5481 49.8668 49.4539
threshold=-1.1072339372937285 1.0000000180025095e-35 -3.5720357350769709 -0.51142843752552103 -1.9052651683168305 0.094733172648235928 23.95558333333334 0.12558793997301923 0.095562733110316461 10.426150000000002 -3.0291378448844859 -1.4231866237623751 -0.7807949075907582 -0.61236746317008228 23.167050000000007 9.167600000000002 11.946150000000001 19.760757267963069 12.148023140496196 0.27139285301323973 -0.23326897798868448 31.672750000000004 0.063671846211650701 31.84065 9.0688500000000012 11.622170150199674 13.193678099174209 -0.9260227363677036 7.8342000000000009 0.097186062100831569
decision_type=2 10 2 2 2 2 2 2 2 8 2 2 2 2 2 10 2 2 2 2 2 8 2 8 2 2 2 2 8 2
left_child=4 2 13 7 6 11 16 12 22 19 -8 17 -3 -2 15 -7 -1 18 -6 -9 24 -17 -5 -18 29 -4 27 -11 -14 -10
right_child=1 3 25 8 5 14 10 9 20 26 -12 -13 28 -15 -16 21 23 -19 -20 -21 -22 -23 -24 -25 -26 -27 -28 -29 -30 -31
leaf_value=0.022908280252683391 0.2136197041512676 0.0056982054442137981 -0.12582154719589411 -0.01288907160435222 0.019350454671111766 -0.010952257662313298 0.064411686487961459 -0.010010615409481425 -0.0081282788759773107 0.032589012016392922 0.037677461746595718 0.013983451012089964 -0.019230436929228472 0.34276304588476508 0.011604753811432673 -0.023433800394896336 -0.056712799582133516 0.025892472381819076 -0.028961391008834547 -0.023575813712283157 -0.011451096347540626 0.0070229295473595256 -0.020954329675915227 0.0084378821787775907 -0.0043656209711183851 -0.041026898584486694 -0.0041719562322857298 -0.0018487986240296986 -0.00025980239405990092 -0.018616312057950148
leaf_weight=964.78255373239517 16.035167098045349 4912.9970303177834 21.380222797393799 9019.3360713422298 671.24991157650948 538.51436170935631 256.11725226044655 750.53490445017815 1998.6054102480412 95.32015997171402 1464.0998403131962 3133.5389037430286 126.49965155124664 36.524547278881073 1087.7188348174095 67.258617550134659 21.380222797393799 1962.9717055857182 76.612465023994446 669.91364765167236 3631.0745050907135 1070.3474037945271 995.9620453119278 34.297440737485886 4761.1083641946316 11.135532706975935 972.80013728141785 172.82346761226654 5694.7114263474941 507.78029143810272
leaf_count=753 15 4787 48 9095 520 423 146 422 1667 202 902 2742 71 82 753 133 48 1446 172 376 5470 1023 679 77 5154 16 1257 388 5531 468
internal_value=-3.45285e-05 -0.00618072 0.153206 -0.0065804 0.0185914 0.0137172 0.0338901 -3.85447e-05 -0.0107703 -0.00923444 0.0416929 0.0180389 0.00224209 0.308087 0.00457526 9.26482e-06 0.0207086 0.0227199 0.0143692 -0.0164203 -0.00808342 0.00520324 -0.0136931 -0.0171392 -0.00639947 -0.0988728 -0.00100249 0.0104688 -0.000675282 -0.0102597
internal_weight=45743.4 34394.5 85.0755 34309.5 11348.9 8608.21 2740.68 13395.6 20913.9 2661.39 1720.22 5844.37 10734.2 52.5597 2763.84 1676.12 1020.46 2710.83 747.862 1420.45 10898.6 1137.61 10015.3 55.6777 7267.49 32.5158 1240.94 268.144 5821.21 2506.39
internal_count=44866 35728 161 35567 9138 7212 1926 13034 22533 2645 1048 4880 10389 97 2332 1579 878 2138 692 798 12759 1156 9774 125 7289 64 1847 590 5602 2135
is_linear=0
shrinkage=0.03


Tree=3
num_leaves=31
num_cat=0
split_feature=37 4 20 14 3 36 24 24 36 24 47 8 3 25 14 9 48 3 6 3 36 24 8 36 21 9 43 24 45 3
split_gain=4905.73 1964.21 3412.81 866.264 816.362 369.792 318.596 292.65 213.643 168.487 252.577 155.032 148.845 146.359 141.42 133.405 112.924 111.091 101.908 90.4828 60.2507 59.4385 77.7594 58.1274 70.4875 55.4158 86.5736 83.8379 54.0996 53.2599
threshold=0.37313861386138619 1.0000000180025095e-35 22.813904250355044 2.478050000000001 7.6605000000000008 10.033500000000002 -0.032247759394263838 -0.032247759394263838 8.4038500000000003 -0.032247759394263838 12.890050000000002 7.5132500000000011 7.0605000000000002 0.9483965485850524 1.215300000000002 8.4005000000000027 0.16703324694885599 6.5985000000000005 7.8743500000000006 6.4975000000000014 4.2997500000000022 0.30675521904633613 9.6674500000000005 8.0029000000000021 -3.8350280052815413 8.5879500000000011 0.2485315487513701 0.13930990466364487 -0.57512779819015314 6.7445000000000013
decision_type=2 10 2 2 2 2 2 2 2 2 2 10 2 2 2 10 2 2 10 2 2 2 10 2 2 10 2 2 2 2
left_child=1 2 13 11 6 9 8 12 17 23 -11 -3 -5 -1 -13 -7 25 -2 21 -20 -14 22 -9 24 -6 26 -8 -28 -18 -10
right_child=4 3 -4 7 5 15 16 18 29 10 -12 14 20 -15 -16 -17 28 -19 19 -21 -22 -23 -24 -25 -26 -27 27 -29 -30 -31
leaf_value=-0.0060071456818626369 0.0058576835919818184 -0.018875406539952261 0.31643923605581392 -0.00093987852669659964 0.093751919173016035 -0.0083407075114067999 0.0086513102515428132 0.0050839873568713622 0.017503714155324038 0.018008587581080995 -0.04457792105962842 -0.012045802014738854 0.0040269448654080562 -0.12154234374127659 -0.0062881358689795752 0.054956453925682845 0.020944334682954313 0.01593426471982767 -0.0097679404172860071 0.0007610479018852782 0.011828423634210864 -0.01361544381158785 -0.0099064060987651484 0.03838915403692103 0.025536914416111105 -0.014349986314296785 -0.0010509782632922386 -0.046231047639253467 0.0059382476725654398 0.029064938383172492
leaf_weight=19.153116255998611 1630.6874096095562 1927.7834222316742 44.09670951962471 4064.0240167379379 12.917217940092085 31.624912887811661 383.9531677365303 452.54804921150208 565.23964020609856 1023.5781664252281 60.577297925949097 10206.829279214144 2051.1651246249676 19.598537564277649 6160.6221148073673 497.09018003940582 235.18245077133179 2491.2413772046566 1019.5693746507168 2620.8589779138565 1576.3460099995136 1597.7262327969074 994.18036007881165 480.1641703248024 1404.8588063120842 349.21030569076538 100.66521567106247 57.459348767995834 2590.1249076426029 1012.4426337182522
leaf_count=25 1321 1358 81 4681 8 71 730 311 474 756 136 12496 2298 44 5659 279 438 1858 1083 2188 1697 1478 852 286 964 196 226 129 2014 668
internal_value=5.01344e-05 -0.006126 0.13889 -0.00649797 0.0156985 0.0280439 0.0110931 -0.000987163 0.0155487 0.0239294 0.0144737 -0.0108281 0.00300302 -0.0660264 -0.00987916 0.0511618 0.0042578 0.0119502 -0.00557798 -0.00218966 0.00741943 -0.00962753 -0.00521702 0.0293203 0.0262241 -0.00504842 0.000959097 -0.0176559 0.00719434 0.0249366
internal_weight=45681.5 32754.5 82.8484 32671.7 12927 3510.81 9416.21 14376.4 5699.61 2982.1 1084.16 18295.2 7691.54 38.7517 16367.5 528.715 3716.6 4121.93 6684.88 3640.43 3627.51 3044.45 1446.73 1897.94 1417.78 891.288 542.078 158.125 2825.31 1577.68
internal_count=44805 34251 150 34101 10554 2500 8054 14588 4321 2150 892 19513 8676 69 18155 350 3733 3179 5912 3271 3995 2641 1163 1258 972 1281 1085 355 2452 1142
is_linear=0
shrinkage=0.03


Tree=4
num_leaves=31
num_cat=0
split_feature=37 37 21 37 36 3 24 24 47 33 3 3 42 3 21 33 25 47 33 3 24 5 14 3 36 40 24 7 48 11
split_gain=4468.93 1686.8 3651.04 828.954 704.414 429.7 285.535 246.398 216.023 187.785 186.925 150.777 147.196 129.296 126.828 123.669 106.201 100.584 84.1265 77.3348 73.7639 64.1419 69.5034 59.9177 58.3673 57.2121 53.7794 51.1594 57.2269 49.9415
threshold=0.37688443389789816 1.0000000180025095e-35 -3.7197568937921504 0.16258593132038879 9.832900000000004 7.4525000000000015 -0.032247759394263838 -0.032247759394263838 11.855950000000002 0.071262893570216077 7.8305000000000016 7.5745000000000013 0.095562733110316461 6.3915000000000015 0.93476925845567138 0.063671846211650701 0.9483965485850524 8.8627500000000001 0.23777535756816034 7.9705000000000004 0.88469195212971963 30.388250000000003 8.0092000000000017 6.4765000000000006 1.5324438016527415 28.383357266390359 -0.16905184689101435 31.431750000000005 0.098478240136389547 15.899650000000001
decision_type=2 2 2 2 2 2 2 2 2 2 2 2 2 2 2 2 2 2 2 2 2 10 2 2 2 2 2 10 2 2
left_child=1 2 -1 12 5 9 11 21 18 13 26 25 20 -2 -12 23 -4 -11 -9 -10 -3 -7 -23 -8 -14 -5 -6 28 -17 -19
right_child=4 3 16 6 10 7 15 8 19 17 14 -13 24 -15 -16 27 -18 29 -20 -21 -22 22 -24 -25 -26 -27 -28 -29 -30 -31
leaf_value=0.30753394696854919 0.0044662081348679 -0.011792715883980832 -0.017092029045212346 0.00082174212257759898 0.034705880258179028 0.081615213207871171 -0.0075267662928645406 0.019315044849027956 -0.0082201176212047273 -0.01025775023979829 0.054790386069311622 0.0097085130646758343 -0.010202426335976502 0.015142593573446238 -0.0043726906083221958 -0.00015305082013387559 -0.1193491043177313 0.047075314668760367 0.0034404101029785546 -0.057309488349863193 -0.018927806630799498 0.023257831551559034 0.035361480497962984 0.00079950776817011061 -0.0050673156711246656 -0.023641795204412137 0.021287406116510268 -0.0058192736270974016 -0.01586163137029728 0.0040585255282983438
leaf_weight=45.432973444461823 1506.4148645997047 8528.0363683104515 14.698903173208235 5476.4549852907658 493.97223088145256 18.262273639440536 1096.6272609829903 1013.3334763348103 77.503307640552521 516.68871760368347 420.92313632369041 2203.4992120563984 3703.2327570319176 3173.626821488142 35.188283354043961 246.76340478658676 24.943593263626099 23.607329338788986 427.60445594787598 45.432973444461823 1542.9394118785858 1721.9987778067589 575.03890898823738 2669.4099005162716 4318.8050050735474 86.41173380613327 607.55466449260712 1574.5643247663975 1353.6353558599949 1954.0632794201374
leaf_count=90 1303 8880 24 6280 347 23 1109 715 174 335 255 2268 5470 2469 52 551 56 47 279 102 866 1178 355 2150 4095 182 776 1363 966 1885
internal_value=-2.18516e-06 -0.0058247 0.126808 -0.00617257 0.0151801 0.0125163 -0.000882692 0.0205596 0.0113492 0.00816502 0.0340631 0.00306885 -0.0104723 0.0117078 0.0502265 -0.00530393 -0.082787 0.00151591 0.0146098 -0.0266779 -0.0128876 0.0267733 0.0263019 -0.00162636 -0.00743883 0.000437553 0.0273309 -0.00966425 -0.0134412 0.00459555
internal_weight=45496.7 32885.5 85.0755 32800.4 12611.2 11053.6 14707.4 3879.17 1563.87 7174.4 1557.64 7766.37 18093 4680.04 456.111 6941 39.6425 2494.36 1440.94 122.936 10071 2315.3 2297.04 3766.04 8022.04 5562.87 1101.53 3174.96 1600.4 1977.67
internal_count=44645 34350 170 34180 10295 8865 14869 2826 1270 6039 1430 8730 19311 3772 307 6139 80 2267 994 276 9746 1556 1533 3259 9565 6462 1123 2880 1517 1932
is_linear=0
shrinkage=0.03


Tree=5
num_leaves=31
num_cat=0
split_feature=18 4 21 18 18 33 33 48 47 18 18 8 18 25 33 18 4 7 7 48 25 16 25 35 35 21 12 21 41 33
split_gain=4756.09 2369.8 2876.1 851.052 808.327 330.938 298.634 296.616 149.995 142.894 130.35 121.095 113.192 113.002 90.7637 85.1449 84.0801 118.022 77.7448 61.1629 79.1928 61.1015 96.9097 59.8437 56.8525 53.6929 49.763 45.8979 44.1506 44.7329
threshold=-1.0970670528052808 1.0000000180025095e-35 -4.1343037113074326 -0.41659908580858035 -1.9052651683168305 0.097186062100831569 0.078957220484682025 0.32097703058896498 10.423551652892577 -0.77339302708437418 -3.0291378448844859 7.5132500000000011 -1.4768846468646861 -0.68432604233786842 0.27139285301323973 -0.14746820423859128 23.017650000000007 31.672750000000004 31.736350000000005 0.17517110771479835 -0.96234030595689413 15.828050000000003 -0.91939278948206182 0.013617110702740208 0.047977408077758882 -2.2899431127203065 7.4576000000000011 -1.3057408038290903 9.1076000000000015 0.076943269144675447
decision_type=2 10 2 2 2 2 2 2 2 2 2 10 2 2 2 2 10 10 8 2 2 2 2 2 2 2 2 2 2 2
left_child=4 2 23 6 7 12 9 18 14 -3 -9 -5 19 -4 -8 28 17 -7 -1 20 27 22 25 -2 -19 -10 -11 -6 29 -13
right_child=1 3 13 11 5 16 8 10 21 26 -12 15 -14 -15 -16 -17 -18 24 -20 -21 -22 -23 -24 -25 -26 -27 -28 -29 -30 -31
leaf_value=-0.026405068839199467 0.31202062233829553 0.0058508889035138048 0.0038855644934633941 -0.01792977979646208 0.019760699920295964 -0.019513146094060092 -0.0087021297965433793 0.059475169435865435 0.085948587849207211 -0.019030428127450743 0.035532923530822921 -0.0083934780565455627 0.012935829048486037 -0.1112267265088502 -0.021104101614911466 -0.011689936874754683 0.010015425270308404 -0.0074656193511688793 0.02040885981238166 0.02311982585740105 0.017508322160769158 -0.003487738490731104 -0.0022409937857715665 0.21380997406685365 0.0062527603719725201 0.025643520332961148 -0.00073701927479042349 -0.0376820400817693 -0.0054714222638600528 -0.017898642830046385
leaf_weight=32.070334196090698 34.297440737485886 4245.7559105157852 11.580954015254973 1812.4193033874035 16.480588406324387 252.55388179421425 1683.6925452947617 244.09087693691254 15.58974578976631 135.40807771682739 1345.1723510026932 2265.8581952154636 3762.4737910330296 21.380222797393799 776.81476163864136 9099.9573281407356 1100.6360527575016 365.69089409708977 1084.6008856594563 2013.7497347295284 162.57877752184868 1704.1819254755974 150.9978235065937 20.934801489114761 1051.1942875385284 76.167043715715408 7095.1160195767879 44.987552136182785 4453.3222401738167 555.44037142395973
leaf_count=63 77 4147 14 1309 31 300 1161 137 35 76 758 1700 3284 48 511 11475 779 263 965 1344 284 2173 339 20 989 165 6863 101 4847 476
internal_value=-0.000122159 -0.00573584 0.148699 -0.00613996 0.0165859 0.012161 -0.00106626 0.030918 -0.00770309 0.00148305 0.0392452 -0.0105708 0.0161201 -0.0718584 -0.0126246 -0.00975522 0.00358246 -0.000662155 0.019042 0.0214656 0.00656092 -0.00148011 0.0125703 0.27926 0.00270935 0.0367057 -0.00108219 -0.0222109 -0.00733378 -0.0102705
internal_weight=45635.2 34158.9 88.1934 34070.7 11476.3 8770.35 15883.7 2705.93 4407.44 11476.3 1589.26 18187 6000.27 32.9612 2460.51 16374.6 2770.08 1669.44 1116.67 2237.8 224.047 1946.94 242.755 55.2322 1416.89 91.7568 7230.52 61.4681 7274.62 2821.3
internal_count=44734 35436 159 35277 9298 7375 15470 1923 4384 11086 895 19807 5044 62 1672 18498 2331 1552 1028 1760 416 2712 539 97 1252 200 6939 132 7023 2176
is_linear=0
shrinkage=0.03


Tree=6
num_leaves=31
num_cat=0
split_feature=18 4 24 18 18 24 25 47 33 24 18 18 24 9 33 47 24 18 33 33 9 40 16 16 24 33 24 24 18 24
split_gain=4603.74 2160.78 2661.45 981.962 672.989 375.191 272.825 251.99 249.382 174.991 175.42 155.621 151.102 142.552 131.094 104.947 100.183 98.9846 83.1032 80.6972 77.373 76.557 64.0446 61.7173 91.3777 58.3622 56.0627 53.7096 50.7335 42.2965
threshold=-1.1758715775577551 1.0000000180025095e-35 -0.30983472475487867 -0.56891391419141868 -2.3471022376237616 -0.032247759394263838 -0.68432604233786842 11.855950000000002 0.16008331164324016 0.88469195212971963 -0.245998332569596 -1.5856689504950496 -0.15207348400340251 10.388400000000003 0.18905322707287117 9.9598500000000012 0.036545658007091128 -0.92826092791078973 0.055151282849993127 1.0000000180025095e-35 8.2333500000000015 19.532566254303671 18.209762603305915 15.828050000000003 0.3714672281037254 0.17061782634493972 -0.76694339346796603 0.15632249006386423 -1.5601711881188114 0.30675521904633613
decision_type=2 10 2 2 2 2 2 2 2 2 2 2 2 8 2 2 2 2 2 2 10 2 2 2 2 2 2 2 2 2
left_child=4 2 19 8 12 11 -4 14 17 10 18 25 21 -10 28 -14 -9 -3 -5 -2 -16 -1 -18 24 -15 -6 -19 -25 -7 -20
right_child=1 3 6 9 5 7 -8 16 13 -11 -12 -13 15 23 20 -17 22 26 29 -21 -22 -23 -24 27 -26 -27 -28 -29 -30 -31
leaf_value=0.067288887802819497 0.30187833164133782 0.007106451413738145 0.043517348291995099 -0.0036594296676046717 0.027434697381545942 0.019167557326602205 -0.10989397448863916 0.018004172208591757 -0.015217497079445783 -0.018677007487234828 -0.010827370706691713 0.015522107788977739 0.03338806912985938 0.039745314235966403 0.022493450468654815 -0.0043889667961667491 -0.016744739347277496 0.0057710330157529841 -0.0052747399145392764 0.19197665370107536 -0.0023551580526097985 0.043165310042360051 -0.05035119668383746 -0.00087940385660929701 -0.00042919721945539215 0.01407379688366418 -0.00048937775273248619 -0.025231377771219591 0.010041019556581031 -0.014133368190822953
leaf_weight=162.13335621356964 37.860811203718185 3609.2488609850407 17.371431022882462 6780.6485759317875 2134.4589092731476 969.23676681518555 23.607329338788986 55.677663534879684 1166.1129850745201 1630.2419883012772 12020.139425218105 3150.9103347659111 346.09235653281212 79.284992873668671 128.72675809264183 81.512099415063858 185.74068555235863 1689.4830223023891 811.11220237612724 16.480588406324387 862.33565282821655 491.74512434005737 70.376566708087921 697.52976876497269 139.41686949133873 345.20151391625404 5398.5062563419342 91.311368197202682 1271.677835136652 1212.43680113554
leaf_count=91 79 3378 21 6523 1453 766 53 125 656 915 14425 2472 204 172 286 147 417 1927 1140 16 484 282 158 768 313 208 5013 205 1025 1108
internal_value=8.58146e-05 -0.00503916 0.13686 -0.00542591 0.0177848 0.0151431 -0.0453735 0.00749283 0.00118057 -0.00921262 -0.00847083 0.0199558 0.0401606 -0.00808095 0.00997866 0.0261934 -0.018224 0.00306307 -0.00525265 0.272619 0.000891789 0.0492405 -0.0261391 0.000185667 0.0142497 0.0255811 0.00100345 -0.00372661 0.0139952 -0.0105869
internal_weight=45676.6 35420.8 95.3202 35325.5 10255.8 9174.34 40.9788 3543.77 12870.9 22454.6 20824.3 5630.57 1081.48 2173.66 3231.98 427.604 311.795 10697.2 8804.2 54.3414 991.062 653.878 256.117 1007.54 218.702 2479.66 7087.99 788.841 2240.91 2023.55
internal_count=44830 36712 169 36543 8118 7394 74 3261 12432 24111 23196 4133 724 2114 2561 351 700 10318 8771 95 770 373 575 1458 485 1661 6940 973 1791 2248
is_linear=0
shrinkage=0.03


Tree=7
num_leaves=31
num_cat=0
split_feature=18 21 5 18 18 33 24 48 37 33 18 18 8 24 6 6 25 34 48 21 18 33 50 18 21 50 33 9 3 8
split_gain=4375.58 1671 2729.64 775.642 727.392 306.267 283.032 271.317 177.121 144.707 127.919 117.572 88.9312 75.6174 74.7461 74.1844 70.8223 69.2388 69.1819 85.1723 67.9032 77.2278 64.15 53.1479 52.4784 74.2838 51.3552 47.2579 44.9183 43.0893
threshold=-1.086222706270626 -5.3259909715279434 31.65915 -0.3553075107600962 -1.9052651683168305 0.097186062100831569 0.30675521904633613 0.32097703058896498 1.0000000180025095e-35 0.20291850745229439 -3.0291378448844859 -1.4231866237623751 7.5132500000000011 -0.066607572871769438 9.167600000000002 7.8743500000000006 0.9483965485850524 15.201711983471244 0.17517110771479835 2.5328062699740959 -0.66318072020831831 0.075135876916426245 31.677750000000007 -0.11800425412541136 1.1236695862735984 31.833150000000007 0.057810731414728242 8.3671500000000023 6.2765000000000013 9.473650000000001
decision_type=2 2 10 2 2 2 2 2 2 2 2 2 10 2 10 10 2 2 2 2 2 2 2 2 2 2 2 10 2 8
left_child=4 2 17 6 7 11 20 24 16 15 -9 18 -10 -7 -15 -8 -5 -2 19 -6 21 -3 -16 -14 -1 -26 -12 -24 -17 -27
right_child=1 3 -4 8 5 13 9 10 12 -11 26 -13 23 14 22 28 -18 -19 -20 -21 -22 -23 27 -25 25 29 -28 -29 -30 -31
leaf_value=0.020544183274761027 0.30271445666039937 0.0052659696608928714 -0.01331886917400929 -0.027473850924248217 0.01169942404122783 0.0096800484528611012 -0.0096714417050818013 0.056538615780966875 -0.016887353425042221 -0.017812263839778124 0.038374760102604648 0.011691163095027936 -0.0075808320990697082 -0.0091978837115728705 -0.023571493817845488 -0.0090993196254150512 -0.10908741765612411 0.20034072057652177 0.021726251244930779 -0.041359073069750119 -0.0013014980862365625 -0.0021093128922625168 0.016885567055030217 -0.011213502232496642 -0.055928025811404443 -0.011508385837847914 0.026426362646228357 0.0022388927191943214 1.4068315520163366e-05 0.023384676696746324
leaf_weight=1018.2331107258797 32.070334196090698 4706.766964584589 74.830779790878296 18.262273639440536 261.462307959795 1069.0111398696899 1779.4581265747547 258.34435880184174 1688.5921796858311 926.03089991211891 793.74077135324478 3432.4166015982628 6483.5525633096695 583.50191384553909 70.376566708087921 615.57224804162979 21.380222797393799 19.598537564277649 2415.0743334889412 29.397806346416473 5365.5450795292854 1753.1782693862915 261.01688665151596 8254.1022637188435 16.926009714603424 53.00513568520546 567.91216805577278 816.45725807547569 2311.7365899682045 77.057886332273483
leaf_count=807 72 4663 42 29 470 753 1490 145 1235 798 447 3056 6171 458 137 737 48 17 1594 66 5599 1794 571 10725 38 119 321 459 1920 89
internal_value=6.4327e-07 -0.00544191 0.102962 -0.00584916 0.015807 0.0116335 -0.00144357 0.0291922 -0.0105199 -0.00697753 0.0371347 0.0153838 -0.0103645 0.00341035 -0.000464184 -0.00484252 -0.0730912 0.268424 0.0200617 0.00621336 0.00119277 0.00326436 0.00397967 -0.009616 0.0181274 0.0013601 0.0334144 0.0057994 -0.0019048 0.00918525
internal_weight=45774.6 34050.7 126.5 33924.2 11723.9 8938.71 17458.3 2785.22 16465.9 5632.8 1620 6138.35 16426.2 2800.36 1731.35 4706.77 39.6425 51.6689 2705.93 290.86 11825.5 6459.95 1147.85 14737.7 1165.22 146.989 1361.65 1077.47 2927.31 130.063
internal_count=44870 35340 131 35209 9530 7564 17001 1966 18208 4945 913 5186 18131 2378 1625 4147 77 89 2130 536 12056 6457 1167 16896 1053 246 768 1030 2657 208
is_linear=0
shrinkage=0.03


Tree=8
num_leaves=31
num_cat=0
split_feature=37 4 20 3 14 24 24 24 36 42 16 36 8 3 33 20 3 14 3 24 3 33 33 33 3 40 40 6 8 37
split_gain=3610.96 1487.01 2765.7 635.299 585.284 371.168 257.49 208.876 204.413 179.255 145.239 135.956 125.449 120.657 111.806 102.637 96.9064 94.4701 76.0746 73.8636 72.1435 62.4271 59.6668 52.3016 49.9769 48.9295 46.9988 44.6487 43.2434 41.2016
threshold=0.35708659956901273 1.0000000180025095e-35 22.813904250355044 7.4615000000000009 2.3508719008262156 -0.032247759394263838 0.12225609522135446 -0.032247759394263838 8.2947500000000005 0.46977159995385864 16.914428512396892 9.832900000000004 7.3584000000000005 7.1375000000000002 0.066666953332754353 11.622170150199674 6.557500000000001 1.1831987603304619 7.8305000000000016 0.30675521904633613 7.9705000000000004 0.21869445961584758 0.19561147887245439 0.035321608117428384 6.4025000000000007 28.67881299282659 19.841697247433562 7.8743500000000006 11.613750000000001 0.25825401631069655
decision_type=2 10 2 2 2 2 2 2 2 2 2 2 10 2 2 2 2 2 2 2 2 2 2 2 2 2 2 10 10 2
left_child=1 2 15 6 12 8 11 13 26 21 19 16 -3 25 24 -1 -2 -14 -10 -8 -11 -7 -21 -18 -9 -6 -5 -16 -23 -15
right_child=3 4 -4 5 7 9 10 14 18 20 -12 -13 17 29 27 -17 23 -19 -20 22 -22 28 -24 -25 -26 -27 -28 -29 -30 -31
leaf_value=-0.10607300868770354 0.0049748718596855862 -0.017616338396111042 0.2778961765979539 0.058839578130585914 -0.00093963348625606617 0.016614232392288614 0.0080014096695330862 -0.0077950761231757731 0.029120108059494557 -0.0033178109850057411 -0.03734340566485881 0.023389529874408177 -0.010505069082087934 0.0030613954890676481 -0.013008160352419198 -0.010421868368460502 0.016462786739263977 -0.0056636745758612914 0.044390681707769122 0.00081823671953541754 -0.052770024186653448 0.0061439342235822033 -0.012664499979484302 0.0088686756024085236 0.00010403473525583675 -0.030036797662503591 0.021043770665197591 -0.0054964912652677254 -0.030779630337983328 0.0097475470595146385
leaf_weight=20.934801489114761 2337.5710258483887 1584.3635935485363 44.987552136182785 29.397806346416473 4188.7419830560684 1153.6411884427071 910.88657543063164 958.99207672476768 560.34000581502914 54.786820918321609 89.97510427236557 732.27263081073761 10062.958196640015 1696.6097632348537 1603.9621311128139 19.153116255998611 1775.0039134919643 5678.6762592494488 641.40668392181396 1091.2822052836418 50.778029143810272 470.81032285094261 403.99712660908699 1519.3320825397968 2893.9022398889065 51.668871760368347 1975.8889235258102 1284.5950530767441 29.397806346416473 1624.4515112936497
leaf_count=47 1927 1160 86 36 4766 880 875 983 334 123 175 795 12341 1799 1429 25 1438 5192 372 1097 114 343 367 1086 2306 116 1391 1210 18 1790
internal_value=5.43011e-05 -0.00552354 0.119001 0.0128475 -0.00586224 0.021436 0.00803154 -0.0013705 0.02751 0.0103551 -0.000134667 0.011234 -0.00956996 0.00205256 -0.00520966 -0.0617389 0.00964962 -0.00875904 0.0373006 0.00127164 -0.0273769 0.0127786 -0.00283058 0.0129642 -0.00186358 -0.00130118 0.0216269 -0.00967064 0.00391681 0.00633378
internal_weight=45540.8 31714 85.0755 13826.8 31628.9 4966.45 8860.32 14302.9 3207.03 1759.41 2496.14 6364.18 17326 7561.47 6741.45 40.0879 5631.91 15741.6 1201.75 2406.17 105.565 1653.85 1495.28 3294.34 3852.89 4240.41 2005.29 2888.56 500.208 3321.06
internal_count=44621 33250 158 11371 33092 3611 7760 14399 2133 1478 2514 5246 18693 8471 5928 72 4451 17533 706 2339 237 1241 1464 2524 3289 4882 1427 2639 361 3589
is_linear=0
shrinkage=0.03


Tree=9
num_leaves=31
num_cat=0
split_feature=18 4 21 18 18 24 47 18 24 6 8 24 18 20 24 47 6 47 18 50 24 21 18 24 9 43 24 15 16 24
split_gain=3832.21 1825.51 2418.84 696.827 654.533 338.803 209.732 174.143 169.083 137.9 124.964 124.106 111.338 99.5878 95.0025 73.3537 62.3146 64.4353 57.606 55.8744 47.0822 45.4547 44.5614 43.3992 42.7786 61.3537 47.1568 45.8593 40.8811 39.2128
threshold=-1.0970670528052808 1.0000000180025095e-35 -4.1343037113074326 -0.51142843752552103 -2.3471022376237616 -0.032247759394263838 12.148023140496196 -1.5601711881188114 -0.032247759394263838 9.1101500000000026 7.8594500000000007 -0.15207348400340251 -0.16622897389737365 11.622170150199674 0.036545658007091128 10.646752892562214 7.8743500000000006 13.885650000000002 -3.0291378448844859 31.921850000000003 0.29033824002281988 -3.2464538422438785 -0.90000600163634903 0.036545658007091128 8.3301500000000015 0.096909827760891618 0.3714672281037254 15.80332584264797 18.086025000000003 0.12225609522135446
decision_type=2 10 2 2 2 2 2 2 2 10 10 2 2 2 2 2 10 2 2 2 2 2 2 2 10 2 2 2 2 2
left_child=4 2 -2 8 11 7 9 -6 22 21 -5 18 20 -4 -8 -13 -10 24 -1 -11 -12 -7 -3 -17 26 -26 27 -18 29 -16
right_child=1 3 13 10 5 6 14 -9 16 19 12 15 -14 -15 28 23 17 -19 -20 -21 -22 -23 -24 -25 25 -27 -28 -29 -30 -31
leaf_value=0.059543121149477247 0.25926966301159682 0.0069111238849096559 -0.10141198889867836 -0.013843930282594528 0.022998271673903718 -0.013902288915752941 0.015584881050383189 0.012932318757527803 -0.0074808680866330201 0.007488307282087216 -0.0037501998993895386 0.028762966382348244 -0.010108107335756903 -0.0012866519907770476 0.019203842409394125 0.038079524224097279 0.079573389819535004 -0.029651900619128473 0.039651606940610748 0.01592466036756467 -0.0085796748344208543 0.0015878742572946584 0.001676952973371761 -0.030530879109134903 -0.0098270156837256713 0.00092719631343722683 0.0011345998548164381 0.013965711717524065 -0.042204533885042431 -0.022665985078862371
leaf_weight=194.20369040966034 52.114293068647385 2085.9079866707325 20.043958872556686 3626.6202920079231 2610.6142878234386 232.50992292165756 61.468140542507172 3810.1338710188866 2305.946112960577 1673.8932765126228 5806.5121747255325 370.59052848815918 8629.5924265980721 15.58974578976631 22.716486722230911 10.24469009041786 9.3538474738597852 69.485724091529846 450.76636397838593 1226.2448616921902 2645.3571498692036 631.1619938313961 4906.7611320018768 31.179491579532623 850.30927750468254 1086.8279922008514 1653.8493176400661 144.76192519068718 88.19341903924942 139.41686949133873
leaf_count=109 93 2088 45 2337 1766 135 138 3100 1997 1232 6133 253 11358 17 51 23 21 156 259 1181 2438 496 5373 70 478 610 1766 325 198 313
internal_value=8.14101e-05 -0.00500275 0.130881 -0.00535915 0.0150025 0.0127341 0.00596697 0.017028 5.22274e-05 0.00792684 -0.0087857 0.0374959 -0.00771102 -0.058838 -0.0176411 0.0245361 -0.00358865 -0.00123443 0.0457239 0.0110597 -0.00526262 -0.0025935 0.00323907 -0.0130651 -0.000699406 -0.00379602 0.00261871 0.018435 -0.0258293 -0.0167179
internal_weight=45462.4 33909 87.748 33821.3 11553.3 10496.4 4075.6 6420.75 13113.2 3763.81 20708.1 1056.98 17081.5 35.6337 311.795 412.015 6120.53 3814.59 644.97 2900.14 8451.87 863.672 6992.67 41.4242 3745.1 1937.14 1807.97 154.116 250.327 162.133
internal_count=44559 35235 155 35080 9324 8610 3744 4866 12814 3044 22266 714 19929 62 700 346 5353 3356 368 2413 8571 631 7461 93 3200 1088 2112 346 562 364
is_linear=0
shrinkage=0.03


Tree=10
num_leaves=31
num_cat=0
split_feature=18 4 20 18 18 24 32 47 24 20 24 18 18 24 50 24 12 18 47 24 9 24 50 42 11 24 8 18 24 14
split_gain=3535.84 1490.89 2381.12 742.004 523.084 235.619 211.951 186.617 170.232 159.39 129.947 126.824 109.559 85.1753 75.6008 73.9468 73.0611 65.4765 64.3375 140.333 73.0395 83.0693 60.613 60.2134 51.4773 50.9284 49.2907 48.4419 46.9488 42.2314
threshold=-1.1510992303138285 1.0000000180025095e-35 22.813904250355044 -0.56891391419141868 -1.9052651683168305 -0.032247759394263838 23.95558333333334 12.197450000000002 -0.032247759394263838 11.622170150199674 0.88469195212971963 -0.16622897389737365 -3.0291378448844859 0.30675521904633613 31.732150000000001 0.036545658007091128 9.1862500000000011 -1.5189375869130861 13.885650000000002 0.15632249006386423 8.3671500000000023 0.43442111757849838 32.002550000000006 0.41876610143422932 20.813450000000007 -0.77786766366919291 8.554800000000002 -0.90000600163634903 0.79184907943689831 4.4195392561979121
decision_type=2 10 2 2 2 2 2 2 2 2 2 2 2 2 2 2 2 2 2 2 10 2 2 2 2 2 10 2 2 2
left_child=4 2 9 8 6 17 14 16 27 -2 11 13 -8 -5 -1 -9 22 -6 20 24 28 -22 -7 -21 -20 -4 -15 -3 -10 -18
right_child=1 3 25 10 5 7 12 15 18 -11 -12 -13 -14 26 -16 -17 29 -19 19 23 21 -23 -24 -25 -26 -27 -28 -29 -30 -31
leaf_value=-0.035672333270917504 -0.09933187706564843 0.0072284986314851444 0.27857034641631706 -0.0032923586881991635 0.019983895195518877 -0.023417573068197778 0.051279889028962314 0.014691299726395971 0.0034052656567016876 0.016008559933296845 -0.016486589683086156 -0.010065122605277307 0.02985701867576759 -0.0070508579913959209 0.017173388995090699 -0.027704962981668815 -0.031386286755693001 0.012701816221731933 0.056349793299805877 -0.024709309961782337 -0.0020122367925580887 -0.01259963275346781 0.0019971279284201862 -0.0692671245141806 0.00045999403646439636 0.18469419976653625 -0.015033851355459206 0.0020637852709106744 -0.016937152389949563 0.0096663198050817804
leaf_weight=24.052750647068024 24.498171955347061 2688.1175954639912 33.406598120927811 6802.4742200374603 1797.2749789059162 104.67400744557381 255.67183095216751 44.542130827903748 1905.5123568177223 18.262273639440536 1585.6998574733734 9777.4431380331516 1413.3218111693859 3347.3411317169666 1023.5781664252281 203.55753788352013 21.825644105672836 2938.8897920250893 16.480588406324387 138.08060556650162 2436.899977594614 917.5678950548172 420.03229370713234 33.852019429206848 97.992687821388245 17.816852331161499 879.70708385109901 4170.4797094166279 106.90111398696899 2322.4267013669014
leaf_count=48 55 2639 75 7241 1263 76 145 100 2388 26 890 12261 869 2544 852 457 13 2386 37 310 1370 515 343 76 220 13 997 4464 66 1884
internal_value=-2.41491e-05 -0.00461666 0.114078 -0.00493951 0.0151814 0.0112537 0.0265273 0.00484616 0.000912067 -0.0508317 -0.00820898 -0.00757738 0.0331675 -0.00537133 0.0159272 -0.020065 0.00700665 0.0154688 -0.00294197 -0.0167711 -0.00220098 -0.00491116 -0.00310777 -0.0338322 0.00892469 0.25008 -0.00871539 0.00408877 0.00231678 0.00927089
internal_weight=45568.4 34998.5 93.9839 34904.5 10569.8 7853.22 2716.62 3117.06 12511.9 42.7604 22392.7 20807 1668.99 11029.5 1047.63 248.1 2868.96 4736.16 5653.29 286.406 5366.88 3354.47 524.706 171.933 114.473 51.2235 4227.05 6858.6 2012.41 2344.25
internal_count=44623 36187 169 36018 8436 6522 1914 2873 12085 81 23933 23043 1014 10782 900 557 2316 3649 4982 643 4339 1885 419 386 257 88 3541 7103 2454 1897
is_linear=0
shrinkage=0.03


Tree=11
num_leaves=31
num_cat=0
split_feature=18 21 9 18 18 33 48 24 33 33 18 24 47 33 9 8 18 6 24 21 11 18 33 47 18 24 28 7 33 43
split_gain=3332.76 1360.54 2144.26 623.892 564.751 249.203 232.465 227.305 141.593 141.401 112.331 87.1658 143.788 83.9857 79.2905 76.0575 64.4525 62.9916 87.6602 59.1995 58.8875 56.3859 63.435 52.2537 55.9018 46.0752 46.3576 44.7656 44.374 43.47
threshold=-1.086222706270626 -5.3259909715279434 10.461050000000002 -0.3553075107600962 -1.8654676963696362 0.094733172648235928 0.32097703058896498 0.30675521904633613 0.20291850745229439 1.0000000180025095e-35 -3.0291378448844859 -0.032247759394263838 11.754841322314336 1.0000000180025095e-35 10.388400000000003 7.5132500000000011 -1.3240509075907594 11.717050000000002 0.12225609522135446 3.5978575752204667 20.532700000000002 -0.66318072020831831 0.081022811602659492 13.987200000000001 -0.67727981245390534 0.1051661082335764 22.080750000000005 31.703650000000007 0.11105134248025407 0.68939272145713926
decision_type=2 2 8 2 2 2 2 2 2 2 2 2 2 2 8 10 2 8 2 2 2 2 2 2 2 2 2 8 2 2
left_child=4 2 -2 7 6 11 27 21 23 19 -8 16 -13 -4 -7 -11 -6 -16 -19 -5 -20 22 -3 24 -9 29 -27 -1 -12 -14
right_child=1 3 13 9 5 14 10 8 -10 15 28 12 25 -15 17 -17 -18 18 20 -21 -22 -23 -24 -25 -26 26 -28 -29 -30 -31
leaf_value=-0.021608729415658143 -0.012244667748529614 0.004830726618223662 0.26968260607574368 -0.015772340076345984 0.018956028284791406 -0.0025449927168920425 0.050618477278455358 0.00060523126888912464 -0.016921896563666463 -0.015310403432593697 0.032392599114046808 0.010645360498411399 0.012640795963076334 0.16199995969888212 0.022616871984170769 -0.0085431979106823791 0.011391748766325656 0.007702359251891994 -0.0013156793831070963 -0.097283357223319725 -0.042794502098551318 -0.0010977834103839425 -0.0020635685506371721 -0.031494336780985115 -0.0061809979520619073 -0.022494859478766234 -0.082660910945803454 0.016443732264998536 0.020206304026204686 -0.045699734603373128
leaf_weight=27.616121113300323 71.267409324645996 4787.8336426913738 35.633704662322998 12.917217940092085 2411.9563843309879 1393.2778522968292 261.90772926807404 1732.6888892054558 914.44994589686394 1666.3211142718792 1017.3422681093216 1645.8317340910435 56.568506151437759 15.58974578976631 211.5751214325428 14615.609388560057 1760.3050103187561 1048.5217596888542 73.494515866041183 22.271065413951874 52.114293068647385 5233.2549509704113 1602.6258671879768 60.577297925949097 2954.9249591231346 92.647632122039795 12.471796631813048 1283.704210460186 375.04474157094955 13.362639248371122
leaf_count=53 40 4749 77 17 1821 785 147 1595 790 1209 574 1265 127 14 466 16712 1561 797 165 50 117 5524 1666 136 2485 208 28 1130 212 30
internal_value=-4.7441e-06 -0.0047966 0.0945991 -0.00516172 0.0137629 0.00993475 0.0250792 -0.00119009 -0.00611828 -0.00936893 0.0325581 0.0133775 0.00789419 0.240639 0.00250798 -0.00923666 0.0157681 0.00758673 0.0048614 -0.0686243 -0.0187271 0.00121106 0.00310169 -0.0040345 -0.003673 -0.017886 -0.0303449 0.0156265 0.029127 0.00100581
internal_weight=45463.7 33726 122.491 33603.5 11737.7 8772.13 2965.62 17286.4 5662.64 16317.1 1654.29 5993.14 1820.88 51.2235 2778.98 16281.9 4172.26 1385.71 1174.13 35.1883 125.609 11623.7 6390.46 4748.19 4687.61 175.051 105.119 1311.32 1392.39 69.9311
internal_count=44550 35064 131 34933 9486 7370 2116 16945 5006 17988 933 5040 1658 91 2330 17921 3382 1545 1079 67 282 11939 6415 4216 4080 393 236 1183 786 157
is_linear=0
shrinkage=0.03


Tree=12
num_leaves=31
num_cat=0
split_feature=37 4 20 37 36 3 24 24 47 3 24 3 24 33 36 33 25 9 6 3 3 47 40 47 3 36 5 24 41 42
split_gain=2861.69 819.93 2267.07 533.929 451.996 274.463 179.479 157.665 146.109 141.66 119.636 103.868 99.7215 94.2252 94.0196 86.4013 78.4102 63.4095 53.5725 52.502 51.7668 51.287 49.5106 47.7063 45.1772 42.7476 42.762 41.5905 41.1148 41.5024
threshold=0.38716501650165019 1.0000000180025095e-35 22.813904250355044 0.16258593132038879 10.033500000000002 7.3425000000000002 -0.032247759394263838 -0.15207348400340251 11.855950000000002 7.8305000000000016 -0.015050995721668367 6.9815000000000014 0.88469195212971963 0.11105134248025407 0.9278500000000004 0.059075905974151084 0.9483965485850524 8.4243500000000022 7.8743500000000006 6.2885000000000009 7.9705000000000004 13.608782231405312 28.383357266390359 12.836985537190204 6.3795000000000011 7.6779000000000002 30.388250000000003 -0.16905184689101435 11.628100000000002 0.2651651478448111
decision_type=2 10 2 2 2 2 2 2 2 2 2 2 2 2 2 2 2 10 10 2 2 2 2 2 2 2 10 2 2 2
left_child=1 2 16 12 5 10 11 25 13 27 19 22 14 -9 -3 23 -1 -11 -17 -2 -10 -20 -5 24 -8 26 -7 -6 29 -15
right_child=4 3 -4 6 9 7 15 8 20 17 -12 -13 -14 28 -16 18 -18 -19 21 -21 -22 -23 -24 -25 -26 -27 -28 -29 -30 -31
leaf_value=-0.01633023930417319 0.0039509183286734004 -0.0095961810757795949 0.2494510112109688 -0.00053893762561303389 0.028958954062287125 0.06189286868127751 -0.0061089999622937086 0.018356991454376564 -0.0066509450033878509 -0.0048229923396441591 0.0012219283366958023 0.0057406394300427059 -0.015450666892401441 -0.018301606751521149 -0.0050468292208679898 -0.011351353204338093 -0.094791657925126796 0.046040117689565882 -0.0030685779318349736 0.011765182186107257 -0.045337951896994029 -0.037734365504503875 -0.023090543648173142 -0.015697318117070012 0.0017710495876959932 0.027543984911870413 0.018195680729766735 0.016285615607744393 -0.017237663595860601 0.0087038764078022895
leaf_weight=23.161908030509949 1056.9847645461559 9148.5082507431507 40.087917745113373 3886.746336042881 444.08504435420036 19.598537564277649 865.89902329444885 1014.6697402596474 95.765581279993057 23.161908030509949 2428.4369727373123 4141.5273243784904 1580.354801774025 54.341399610042572 7399.3387731313705 1684.1379666030407 22.716486722230911 397.31580698490143 1708.1907172501087 2901.4744021296501 45.432973444461823 38.306232511997223 88.638840347528458 186.18610686063766 2675.2003775238991 727.3729964196682 1617.3247703611851 501.98981443047523 69.485724091529846 697.52976876497269
leaf_count=28 873 11683 81 4319 307 23 849 688 215 52 2386 4522 887 38 6772 1519 51 223 1453 2083 102 86 190 418 1986 454 1120 668 39 474
internal_value=-1.2705e-05 -0.00453002 0.0874675 -0.00476939 0.0124943 0.0104226 -0.000637308 0.0162421 0.00998266 0.0287394 0.00646484 0.00241635 -0.00825086 0.0122463 -0.00756237 -0.00409993 -0.0563734 0.0432335 -0.00753477 0.00968015 -0.0193304 -0.00385007 -0.00104745 -0.0009373 -0.000157026 0.0214703 0.0187563 0.0222587 0.00468418 0.00673034
internal_weight=45584 33489 85.9663 33403 12095 10728.4 15274.8 4341.52 1977.23 1366.55 6386.9 8116.91 18128.2 1836.03 16547.8 7157.92 45.8784 420.478 3430.63 3958.46 141.199 1746.5 3975.39 3727.29 3541.1 2364.3 1636.92 946.075 821.357 751.871
internal_count=44589 34844 160 34684 9745 8495 15342 3153 1556 1250 5342 9031 19342 1239 18455 6311 79 275 3058 2956 317 1539 4509 3253 2835 1597 1143 975 551 512
is_linear=0
shrinkage=0.03


Tree=13
num_leaves=31
num_cat=0
split_feature=18 4 21 18 18 24 24 24 47 18 25 9 24 42 47 18 9 16 5 24 24 24 7 15 18 24 16 24 7 18
split_gain=2997.91 1421.64 2028.94 551.141 498.444 218.693 209.443 207.367 153.365 131.498 94.1795 75.776 98.8306 86.9452 73.9092 68.974 63.8348 82.052 65.4073 58.3468 53.6324 53.6053 53.4667 53.2527 43.7038 48.6189 42.1797 41.2426 38.0881 36.9145
threshold=-1.0752432291137148 1.0000000180025095e-35 -4.1343037113074326 -1.8654676963696362 -0.3251685917682367 0.30675521904633613 -0.049434980436038223 -0.032247759394263838 12.197450000000002 -2.6696350990098998 -0.68432604233786842 8.4905500000000025 0.79184907943689831 0.35707117314569164 11.902400000000002 -1.3404806402640259 8.1490000000000027 12.75798016528937 31.775550000000006 0.036545658007091128 0.13930990466364487 0.88469195212971963 31.723950000000006 29.139999950849685 -0.70604749234916475 -0.72101013194340913 18.086025000000003 0.036545658007091128 31.921850000000003 -0.67727981245390534
decision_type=2 10 2 2 2 2 2 2 2 2 2 10 2 2 2 2 10 2 10 2 2 2 10 2 2 2 2 2 8 2
left_child=3 2 -2 6 5 23 9 15 16 -1 -4 12 13 29 28 -5 22 18 -18 -10 -19 -6 -9 24 25 -3 -21 -16 -8 -7
right_child=1 4 10 7 21 11 14 8 19 -11 -12 -13 -14 -15 27 -17 17 20 -20 26 -22 -23 -24 -25 -26 -27 -28 -29 -30 -31
leaf_value=0.043088043049251894 0.22875054756343552 0.0075189166232723873 0.0049364592995739878 0.01605251426997974 -0.0083401964794446518 0.0028853987955131041 0.0095241750437454684 -0.012724043634478993 0.011969572509339931 0.025155091260071778 -0.088207316926551885 -0.011456015605978101 -0.013861447270771671 -0.032456140506785816 0.024382090499882301 0.009207975034337899 -0.025182360078597019 0.00048752188010886001 -0.0010272005427969882 -0.014515181687745566 0.01008425053706939 -0.014755097713170169 0.01887686417445885 -0.028310445228684821 -0.00075256216831662303 0.0011982944279860925 -0.041470444021294704 -0.031609504050828782 0.022002809271346031 -0.0035156543818795384
leaf_weight=485.95464733242989 54.341399610042572 1492.6068040430546 16.035167098045349 2887.666341573 14188.45035392046 1236.9349730908871 533.6147273182869 53.450556993484497 49.44176521897316 1551.8478380441666 23.607329338788986 1731.7980465888977 764.34296500682831 81.512099415063858 14.698903173208235 2459.1710430085659 124.71796631813049 848.08217096328735 511.34366190433502 156.78830051422119 1371.4522081911564 1279.2499973773956 436.51288211345673 55.232242226600647 6342.7994298934937 4109.0115688741207 78.839571565389633 48.996343910694122 377.27184811234474 2349.5974011719227
leaf_count=275 98 1767 18 2106 16485 1385 349 120 111 976 53 972 441 177 33 2128 70 476 287 352 772 718 962 124 6668 3834 177 110 400 2347
internal_value=-6.24249e-06 -0.00458691 0.111313 0.0128777 -0.00491409 -0.00154367 0.0239801 0.00915011 0.00361558 0.0294506 -0.0513367 -0.00613602 -0.0040553 -0.00200869 0.012523 0.0129068 0.0054169 0.00369739 -0.0057956 -0.0174697 0.00641922 -0.00887166 0.0154106 0.000815726 0.000952767 0.00288353 -0.0236714 -0.0185112 0.014711 -0.00130785
internal_weight=45715.4 33725.5 93.9839 11989.9 33631.5 18163.8 3012.38 8977.47 3630.63 2037.8 39.6425 6164.19 4432.39 3668.04 974.582 5346.84 3345.56 2855.6 636.062 285.07 2219.53 15467.7 489.963 11999.7 11944.4 5601.62 235.628 63.6952 910.887 3586.53
internal_count=44791 35087 169 9704 34918 17715 2143 7561 3327 1251 71 5322 4350 3909 892 4234 2687 1605 357 640 1248 17203 1082 12393 12269 5601 529 143 749 3732
is_linear=0
shrinkage=0.03


Tree=14
num_leaves=31
num_cat=0
split_feature=18 21 24 18 18 24 7 33 8 7 37 18 9 24 33 9 33 9 18 33 18 16 24 24 23 18 9 21 24 34
split_gain=2735.99 1138.06 2040.79 566.856 437.198 208.884 185.976 167.368 154.881 132.376 126.241 101.421 85.0234 82.6603 73.5757 72.4692 62.5244 62.4796 60.5494 60.2372 53.859 51.7246 92.4352 80.9047 69.159 51.0323 46.6039 45.989 38.5408 34.5232
threshold=-1.1183080231023099 -5.3259909715279434 -0.16905184689101435 -0.56891391419141868 -1.8654676963696362 -0.032247759394263838 32.031550000000003 0.075135876916426245 7.3584000000000005 31.659750000000006 1.0000000180025095e-35 -0.245998332569596 10.461050000000002 -0.049434980436038223 0.055151282849993127 10.273950000000001 0.25887020686050383 10.02725 -3.0291378448844859 0.18905322707287117 -1.4768846468646861 15.828050000000003 0.24059136628141839 0.3873823162447298 -0.60355339059327384 -0.78873209900990104 8.2333500000000015 -2.2658354422425107 0.30675521904633613 9.0935166666666678
decision_type=2 2 2 2 2 2 10 2 10 10 2 2 8 2 2 8 2 8 2 2 2 2 2 2 2 2 10 2 2 2
left_child=4 2 -2 7 6 20 13 25 10 15 -5 14 16 -1 -10 -7 -9 -15 -8 29 -6 23 -23 27 -24 -3 -21 -14 -16 -11
right_child=1 3 -4 8 5 9 18 12 11 19 -12 -13 21 17 28 -17 -18 -19 -20 26 -22 22 24 -25 -26 -27 -28 -29 -30 -31
leaf_value=0.022347420587912913 0.22194672344695701 0.0053630940400231017 -0.0097881352442396197 -0.072622369842940238 0.017148490613490691 -0.00020461367344339933 0.047067247164957006 -0.0051807691199968553 -0.0027325767424740753 -0.0021636022989845547 -0.014870957855424388 -0.0084642916180242816 0.078080929852238828 0.017230185265989264 -0.0041780634443812055 -0.024511706064173359 -0.017048632179128196 -0.00010620544749572819 0.02904941139583838 0.013179389804260623 0.010714972423962243 -0.00098376527775953342 -0.077612273978421353 0.00055715607867627942 -0.013815735013247515 0.0006479412245734799 -0.0043950579458355756 0.023417775318432421 -0.012572420888930725 0.010148040354172336
leaf_weight=1036.0499630570412 54.786820918321609 4243.52880397439 88.19341903924942 33.852019429206848 1915.3116255998611 230.72823768854141 209.79343619942665 1112.6624280810356 6813.1643314361572 232.06450161337852 1677.4566469788551 12013.45810559392 16.035167098045349 406.22423315048218 822.69315639138222 210.68427881598473 623.58983159065247 346.09235653281212 907.76862627267838 168.8146758377552 3038.6641650795937 1508.1965498328209 23.161908030509949 224.93776068091393 43.205866903066635 4025.2723629176617 677.04038858413696 84.63004857301712 1229.8082321584225 1735.36141705513
leaf_count=640 96 4118 51 67 1354 131 123 626 6497 191 1246 14125 36 228 1154 425 350 390 697 373 2502 1739 52 505 97 3859 380 184 1114 1529
internal_value=-8.13365e-05 -0.00423698 0.0799323 -0.00458815 0.0128689 0.00932681 0.022868 0.000709305 -0.00737984 0.00342117 -0.0160551 -0.00666805 -0.0046537 0.0168524 -0.00423337 -0.0118355 -0.00945057 0.00926528 0.0324708 0.00581834 0.0132053 -0.000267953 -0.00252017 0.0105978 -0.0369019 0.0030681 -0.000876151 0.0328076 -0.00921143 0.00869548
internal_weight=45753.2 34638.6 142.98 34495.7 11114.6 8208.67 2905.93 11905.2 22590.4 3254.69 1711.31 20879.1 3636.42 1788.37 8865.67 441.413 1736.25 752.317 1117.56 2813.28 4953.98 1900.17 1574.56 325.603 66.3678 8268.8 845.855 100.665 2052.5 1967.43
internal_count=44879 35916 147 35769 8963 6885 2078 11566 24203 3029 1313 22890 3589 1258 8765 556 976 618 820 2473 3856 2613 1888 725 149 7977 753 220 2268 1720
is_linear=0
shrinkage=0.03


Tree=15
num_leaves=31
num_cat=0
split_feature=18 21 24 18 18 24 24 48 6 37 18 18 12 6 8 15 40 24 3 25 34 16 48 24 18 24 18 18 24 8
split_gain=2718.32 1348.98 1749.92 522.563 400.757 207.08 177.597 171.849 121.92 95.1076 89.6162 77.3258 67.9214 60.4967 56.2085 51.09 51.0268 80.5653 50.7723 44.6131 44.2119 36.396 79.5975 58.9969 34.9703 34.5328 33.2181 31.993 30.9963 29.4748
threshold=-1.0044094578183118 -5.3259909715279434 -0.16905184689101435 -1.8654676963696362 -0.34882583978390963 -0.032247759394263838 0.30675521904633613 0.32097703058896498 9.1101500000000026 1.0000000180025095e-35 -2.4783585214521433 -1.3404806402640259 15.01533925619872 7.8743500000000006 7.5132500000000011 29.139999950849685 18.594847620462051 0.13930990466364487 6.2765000000000013 0.9483965485850524 15.201711983471244 16.161392148760552 0.19805413427248772 0.24059136628141839 -1.7209308910891072 -0.72696319516528884 -0.63600605280528011 -0.11800425412541136 0.29033824002281988 9.6327000000000016
decision_type=2 2 2 2 2 2 2 2 10 2 2 2 2 10 10 2 2 2 2 2 2 2 2 2 2 2 2 2 2 10
left_child=3 2 20 7 6 11 15 -1 16 19 -9 -5 13 -8 -11 25 -7 24 -15 -6 -2 -10 23 -23 -18 26 -3 28 -16 -27
right_child=1 4 -4 5 9 8 12 10 21 14 -12 -13 -14 18 27 -17 17 -19 -20 -21 -22 22 -24 -25 -26 29 -28 -29 -30 -31
leaf_value=0.014244872537275821 0.23956916237389181 0.0059663366633202156 -0.010736247513176277 0.015246661710933789 -0.020951584959782065 -0.0017867465652104597 -0.0095546107602559726 0.037976954931356298 0.008634619084621778 -0.013558593610699343 0.023504549349308436 0.0085228488570327776 -0.055388419756340644 -0.0097767114477277737 -0.0045275269923065204 -0.028924745259065295 -0.069488223877162178 -0.07341785709969359 -0.00098840708077555591 -0.086355148389665945 0.15965424701641803 -0.0089841289528644792 0.0057347786718958118 -0.055774561064482524 -0.008943582881918927 0.0044846684683253254 0.00048207527080202858 -0.0089078894608491718 -0.0089484425593982855 -0.0014438237767206985
leaf_weight=1281.0316826105118 36.96996858716011 1762.5321168601513 66.367774933576584 2939.3352133333683 19.153116255998611 1091.2822052836418 2310.8457473516464 616.46309065818787 2091.69846367836 1632.0236735343933 1050.7488662302494 3243.1125455796719 24.052750647068024 786.16860911250114 4098.3214574754238 51.668871760368347 8.0175835490226728 20.043958872556686 2383.0039992928505 19.153116255998611 19.598537564277649 130.50844332575798 673.47701811790466 28.952385038137436 195.98537564277649 869.90781506896019 2278.3299918472767 8315.5704042613506 2193.2545219659805 5658.6323003768921
leaf_count=1157 83 2025 38 2138 28 860 1867 346 1840 1192 592 2856 51 904 4290 116 18 45 1975 43 17 293 537 65 209 636 2496 10725 1702 5762
internal_value=-1.10035e-05 -0.00469209 0.0940951 0.0113757 -0.00506979 0.00821995 -0.00171754 0.0225253 0.00311263 -0.00839035 0.0288754 0.0117215 -0.00609051 -0.00586407 -0.00827698 0.000548991 -0.00447077 -0.017478 -0.0031709 -0.0550184 0.215136 0.00652356 0.0012182 -0.0177742 -0.0116504 0.000695797 0.00287507 -0.00768599 -0.00606984 -0.000653305
internal_weight=45896.2 32525.6 122.936 13370.7 32402.6 10422.4 16125.1 2948.24 4239.97 16277.5 1667.21 6182.45 5504.07 5480.02 16239.2 10621.1 1315.33 224.047 3169.17 38.3062 56.5685 2924.64 832.938 159.461 204.003 10569.4 4040.86 14607.1 6291.58 6528.54
internal_count=44906 33950 138 10956 33812 8861 15832 2095 3867 17980 938 4994 4797 4746 17909 11035 1132 272 2879 71 100 2735 895 358 227 10919 4521 16717 5992 6398
is_linear=0
shrinkage=0.03


Tree=16
num_leaves=31
num_cat=0
split_feature=18 4 20 18 18 33 33 20 18 24 18 9 24 33 16 24 47 24 40 24 47 33 33 24 7 9 33 18 42 24
split_gain=2567.61 1260.6 1397.75 532.066 402.171 242.058 195.572 146.71 127.55 100.386 96.4758 90.4906 89.5654 64.7746 60.7808 75.3431 60.4603 53.8624 51.9289 49.6183 72.0693 48.7228 48.2547 45.542 73.9181 52.3367 44.259 43.0295 37.5041 37.4359
threshold=-1.1880338162724191 1.0000000180025095e-35 22.813904250355044 -0.56891391419141868 -2.3471022376237616 0.10777221658046673 0.16008331164324016 11.622170150199674 -1.6901501650165007 0.79184907943689831 -0.13579408580858041 10.576350000000001 -0.15207348400340251 0.033256016999434708 16.063097933884492 0.3714672281037254 10.696350000000002 0.15632249006386423 19.532566254303671 -0.032247759394263838 11.565050000000001 0.055151282849993127 0.64304433491530533 -0.15207348400340251 31.672750000000004 10.618150000000002 0.085102354060669447 -0.90882288159716118 0.41461145076325606 0.036545658007091128
decision_type=2 10 2 2 2 2 2 2 2 2 2 8 2 2 2 2 2 2 2 2 2 2 2 2 10 8 2 2 2 2
left_child=4 2 7 6 12 8 13 -2 -6 10 21 22 18 27 15 -13 -14 -16 -1 -10 -21 -5 -8 -7 -25 -26 -11 -3 -19 -18
right_child=1 3 -4 9 5 23 11 -9 19 26 -12 14 16 -15 17 -17 29 28 -20 20 -22 -23 -24 24 25 -27 -28 -29 -30 -31
leaf_value=0.053846169616289935 -0.083891929496083831 0.0075436127125151076 0.20873974165993811 -0.0031584491080355855 0.02076555534745261 0.0094283155242456101 -0.010355827015415044 0.034442530711258759 0.0137846063225669 -0.0096966176712074883 -0.0084993395948433394 0.034634638004801842 0.023491031370613986 -0.00043843107898524611 -0.0016493395594634212 -0.00087756901042450178 0.031990335173832984 -0.01563448834366387 0.033178676545694209 0.0091696543404943803 -0.013629541764489146 -0.008282259257140703 -0.027134597000078909 -0.015523573054381189 0.00064080046413415165 0.013986374516989622 -0.017714165087908872 0.0024434684531755998 -0.062191394136137078 -0.033811309950792533
leaf_weight=144.31650388240814 20.489380180835724 2309.5094834268093 51.22345045208931 8666.5623951852322 2033.7936936020851 899.7510427236557 1056.9847645461559 16.035167098045349 2902.3652447462082 2843.1242107450962 8000.6575393080711 87.747997730970383 368.80884325504303 4458.6672958731651 629.82572990655899 136.29892033338547 9.7992687821388227 68.594881474971771 502.43523573875427 1156.3137162923813 138.97144818305969 2068.9819769561291 180.39562985301018 209.79343619942665 1301.5210627913475 330.94803205132484 794.63161396980286 4190.9690895974636 19.598537564277649 27.616121113300323
leaf_count=81 46 2275 88 8501 1533 610 594 24 2307 1601 11023 197 249 4220 721 306 22 154 288 883 312 2425 102 255 732 626 452 4093 44 62
internal_value=-1.89149e-05 -0.00379575 0.10913 -0.00407785 0.0133903 0.0113297 0.000714068 -0.0324068 0.0145978 -0.00689169 -0.00600565 -0.00749146 0.030924 0.00234644 -0.000483861 0.0131229 0.0198051 -0.00474198 0.0378664 0.0116052 0.0067149 -0.0041466 -0.0128219 0.00389998 0.00119632 0.00335323 -0.0114524 0.00425634 -0.0265617 -0.0161934
internal_weight=45626.7 35600.3 87.748 35512.6 10026.4 8973.46 13138.6 36.5245 6231.44 22374 18736.2 2179.45 1052.98 10959.1 942.066 224.047 406.224 718.019 646.752 4197.65 1295.29 10735.5 1237.38 2742.01 1842.26 1632.47 3637.76 6500.48 88.1934 37.4154
internal_count=44826 36866 158 36708 7960 7258 12706 70 5035 24002 21949 2118 702 10588 1422 503 333 919 369 3502 1195 10926 696 2223 1613 1358 2053 6368 198 84
is_linear=0
shrinkage=0.03


Tree=17
num_leaves=31
num_cat=0
split_feature=37 4 20 3 36 7 24 24 4 7 20 24 24 47 36 3 6 3 3 36 24 21 24 49 48 24 40 24 43 24
split_gain=2140.37 873.893 1667.31 395.613 375.748 230.224 159.214 136.864 123.029 106.794 92.3556 89.4201 81.0524 146.099 73.1429 69.4799 60.9421 62.5202 58.8094 55.2884 53.106 52.6658 50.2791 39.8529 45.9125 37.7035 36.9559 34.032 33.6596 47.8897
threshold=0.36950576875862134 1.0000000180025095e-35 22.813904250355044 7.6395000000000008 2.5094838842970266 32.044750000000008 0.12225609522135446 -0.032247759394263838 20.774800000000003 32.016150000000003 11.622170150199674 0.88469195212971963 -0.032247759394263838 10.236500000000001 0.9278500000000004 6.8065000000000007 7.8743500000000006 6.4975000000000014 6.2885000000000009 10.033500000000002 -0.72101013194340913 1.2692032247584708 0.30675521904633613 31.745950000000004 0.21653819744390551 -0.56368474752277564 28.67881299282659 0.12225609522135446 0.16010689679585058 0.43442111757849838
decision_type=2 10 2 2 2 10 2 2 8 10 2 2 2 2 2 2 10 2 2 2 2 2 2 2 2 2 2 2 2 2
left_child=1 2 10 6 11 12 9 15 22 18 -1 14 -5 -14 -3 26 23 -18 -2 -7 -4 -15 -8 -9 -25 -16 -6 -23 29 -24
right_child=3 4 20 5 7 19 8 16 -10 -11 -12 -13 13 21 25 -17 17 -19 -20 -21 -22 27 28 24 -26 -27 -28 -29 -30 -31
leaf_value=-0.081909005006689767 0.0014370480530080823 -0.0082886835226632719 0.23238003515898631 0.018397207669571172 -0.00082667686870667629 0.024846579954427944 0.0076486359391852938 -0.0022709221614676833 -0.029522174915339493 0.01596035648497143 0.005576575991839681 -0.013976625936779083 0.012236155163261262 -0.0018081338910300993 -0.0023235718935585405 0.0046188062380248191 -0.0075854064077580351 0.0012674000295255601 0.0090495169314634728 0.040077816943424556 0.13056509386209353 -0.024548578717045792 0.0070687286205039128 -0.01293208229969923 -0.0032309229809966548 -0.0065608880893601729 -0.027295000171057439 -0.070794631913902617 -0.011328754623616558 -0.0045114780461641534
leaf_weight=24.498171955347061 1193.2836848795414 9192.1595389544964 35.633704662322998 1769.6588577926159 3106.8136252462864 465.9106884598732 920.24042290449142 1062.7752415537834 114.91869753599167 1695.7189206182957 18.707694947719574 1569.6646903753281 941.17522439360619 69.931145399808884 4036.4078956246376 4340.6306491792202 986.16277652978897 2631.9945106208324 3898.327290058136 411.12386754155159 10.690111398696898 51.22345045208931 586.17444169521332 1244.9525566399097 679.26749512553215 3555.7983039915562 47.214658677577972 20.043958872556686 247.2088260948658 709.11072278022766
leaf_count=55 1017 11706 80 1150 3501 383 857 1252 222 1644 24 881 607 121 3749 4852 1062 2183 2806 245 9 106 542 953 382 3228 106 45 228 707
internal_value=7.99099e-05 -0.00404118 0.0890386 0.0103218 -0.00430069 0.0185846 0.00702997 -0.000617653 0.000682175 0.00944025 -0.0447594 -0.00712986 0.0144421 0.00796451 -0.00648876 0.00215698 -0.00376579 -0.00114694 0.00726607 0.032024 0.21214 -0.0203945 0.00210301 -0.00693656 -0.00951094 -0.00430872 -0.00123142 -0.0383549 -0.00120828 0.000730493
internal_weight=45637.4 32543.4 89.5297 13094.1 32453.8 3729.07 9364.98 14099.8 2577.65 6787.33 43.2059 18354 2852.03 1082.37 16784.4 7494.66 6605.15 3618.16 5091.61 877.035 46.3238 141.199 2462.73 2987 1924.22 7592.21 3154.03 71.2674 1542.49 1295.29
internal_count=44703 34023 168 10680 33855 2657 8023 14291 2556 5467 79 19564 2029 879 18683 8459 5832 3245 3823 628 89 272 2334 2587 1335 6977 3607 151 1477 1249
is_linear=0
shrinkage=0.03


Tree=18
num_leaves=31
num_cat=0
split_feature=18 4 21 18 18 33 33 20 9 9 18 33 24 18 16 24 24 35 18 18 33 34 33 33 21 8 7 33 24 9
split_gain=2207.99 985.786 1469.32 482.618 330.362 233.383 177.551 148.773 97.9686 95.6849 92.9527 79.2864 76.7474 76.5538 66.9215 97.5527 97.096 59.4592 54.54 52.5792 48.5201 38.7271 36.7042 35.0828 34.8952 53.6018 36.7507 33.7104 33.3178 32.985
threshold=-1.1880338162724191 1.0000000180025095e-35 -3.5720357350769709 -0.53023251815181449 -2.3471022376237616 0.071262893570216077 0.078957220484682025 27.107105165274351 10.576350000000001 8.4005000000000027 -1.6901501650165007 0.27139285301323973 0.79184907943689831 -0.14159482508250673 16.063097933884492 0.3714672281037254 0.17328881712428665 0.0042861015698034011 -0.79661134323432303 -3.0291378448844859 0.18905322707287117 9.0935166666666678 0.08308840272063768 0.055151282849993127 1.3533423444261949 9.473650000000001 31.833150000000007 0.060625099312634066 0.036545658007091128 9.4778500000000019
decision_type=2 10 2 2 2 2 2 2 8 10 2 2 2 2 2 2 2 2 2 2 2 2 2 2 2 8 10 2 2 8
left_child=4 2 7 6 9 10 18 -2 11 28 24 -8 13 23 15 -10 -16 -7 -3 -11 -19 -12 -14 -5 -6 26 -26 -21 -1 -22
right_child=1 3 -4 12 5 17 8 -9 14 19 21 -13 22 -15 16 -17 -18 20 -20 27 29 -23 -24 -25 25 -27 -28 -29 -30 -31
leaf_value=0.034549815914757864 0.084430890003604195 0.0048960404527811962 -0.066904277878261365 -0.0032100035261170344 0.021613202939954796 -0.020908849595818603 -0.0049011763641358683 0.21146023267187741 0.03332616663753641 0.042217302200093385 -0.0060059754433234528 -0.016958526999893038 -0.0090689476650066669 -0.007999736659628413 -0.00059544279170679361 0.00095870113917920718 -0.028339205192307926 0.0083366387943004851 0.00045706830039338398 0.033107601064240183 -0.0045789836476421422 0.012235290944929689 -0.016431205244544323 -0.00785310106676281 -0.061383578298411928 0.015750942536754495 -0.00014717420180988464 0.020032982386084197 -0.015973401231336119 0.0044254346260416966
leaf_weight=13.80806055665016 12.471796631813048 4904.9794467687607 31.624912887811661 7932.0626578330994 1541.6031479537487 79.730414181947708 1376.3518425822258 44.542130827903748 121.60001716017723 260.12604403495789 107.34653529524803 763.0067010819912 2773.1930653452873 8231.8311983048916 1535.3672496378422 265.0256784260273 121.60001716017723 1933.1284779310226 5061.3223259747028 349.21030569076538 561.23084843158722 3574.5059989392757 783.49608126282692 1796.3841362893581 13.80806055665016 143.42566126585007 21.825644105672836 375.93558418750763 56.123084843158722 1048.9671809971333
leaf_count=31 13 4724 65 7761 1091 56 774 85 273 146 88 429 1564 11149 1734 595 273 1532 4853 196 315 2979 445 2134 31 121 49 211 126 999
internal_value=-9.27129e-05 -0.00358897 0.0957737 -0.00383859 0.0123071 0.0104478 0.000464886 0.185607 -0.00472172 0.0281849 0.014398 -0.00920737 -0.00666838 -0.00587044 -2.36615e-05 0.0111985 -0.00264734 0.00455519 0.00264201 0.0305897 0.00513391 0.011702 -0.0106949 -0.00406808 0.0201567 0.007567 -0.0249041 0.0263663 -0.00565103 0.00128607
internal_weight=45835.6 35754.9 88.6388 35666.2 10080.8 9025.57 14149.3 57.0139 4182.95 1055.2 5402.52 2139.36 21517 17960.3 2043.59 386.626 1656.97 3623.06 9966.3 985.272 3543.33 3681.85 3556.69 9728.45 1720.66 179.059 35.6337 725.146 69.9311 1610.2
internal_count=44842 36871 163 36708 7971 7261 13655 98 4078 710 4359 1203 23053 21044 2875 868 2007 2902 9577 553 2846 3067 2009 9895 1292 201 80 407 157 1314
is_linear=0
shrinkage=0.03


Tree=19
num_leaves=31
num_cat=0
split_feature=18 4 21 18 18 24 33 33 47 18 47 18 33 33 8 24 33 33 8 25 5 21 7 5 18 24 44 18 33 7
split_gain=2098.99 952.041 1409.22 413.363 294.511 210.503 162.309 159.674 137.853 128.636 80.3204 59.7497 57.3314 55.7268 54.9394 49.6182 48.1509 45.81 43.2357 40.7614 32.9465 35.577 36.6793 38.2635 31.0653 30.3989 30.1521 28.41 27.8846 26.8554
threshold=-0.98426213861386092 1.0000000180025095e-35 -4.1343037113074326 -1.5601711881188114 -0.3251685917682367 -0.032247759394263838 0.078957220484682025 0.046424160376585817 11.902400000000002 -2.6696350990098998 10.599351239669632 -0.71296183484705 0.10777221658046673 0.066666953332754353 11.613750000000001 0.036545658007091128 0.19561147887245439 0.51291209448273423 7.5132500000000011 -0.68432604233786842 31.684150000000006 -1.1214830907980253 31.751050000000003 31.716350000000002 -2.0442262277227718 0.80223616854477187 0.46089598658228731 -1.2820838641681094 1.0000000180025095e-35 31.594450000000005
decision_type=2 10 2 2 2 2 2 2 2 2 2 2 2 2 10 2 2 2 10 2 8 2 8 10 2 2 2 2 2 10
left_child=3 2 28 5 6 9 11 27 12 -1 17 -3 -7 24 -14 -10 -9 -8 -6 -4 -18 22 -22 -24 -11 -13 -12 -5 -2 -17
right_child=1 4 19 7 18 8 10 16 15 13 26 25 14 -15 -16 29 20 -19 -20 -21 21 -23 23 -25 -26 -27 -28 -29 -30 -31
leaf_value=0.035274136959437805 0.21178863963380878 0.0030268302938692053 -0.0073790328165569026 0.012657142212600576 -0.012280246907347303 0.015842372337859671 -0.0090302636441629801 0.0037410786156940588 0.017844989118666686 0.027056391973701455 0.013610271621257186 -0.0010611604621575217 0.006915085621082534 0.012918905021897043 -0.022043026758091191 -0.054564640656203374 0.0035044949463373027 -0.022308761619850306 -0.0069532225253830801 -0.076068090140564745 -0.058631827911942498 -0.0010959192564797479 -0.040188982022676338 -0.0081544559857571353 0.018830803805519856 -0.010088198029356444 -0.0030220545402230466 0.0076918402247519117 0.13707146761533415 -0.020280313276700126
leaf_weight=468.13779500126839 36.524547278881073 3963.8042223751545 12.02637532353401 1727.3438335061073 1522.8954530060291 839.1737447977066 2079.2266670465469 2669.4099005162716 24.498171955347061 608.89092841744423 103.33774352073669 8142.7469366490841 719.35541287064552 1092.1730479001999 63.249825775623322 26.725278496742249 449.87552136182785 263.24399319291115 13887.34554952383 22.271065413951874 14.253481864929197 514.90703237056732 36.079125970602036 366.1363154053688 1347.8448788523674 349.21030569076538 1643.1592062413692 2615.9593435227871 14.698903173208235 89.97510427236557
leaf_count=265 79 3922 12 1466 1136 678 1452 2258 55 377 229 7904 577 667 37 60 524 174 16034 50 11 424 24 225 971 196 2366 2420 15 202
internal_value=-2.79062e-05 -0.00422741 0.0951543 0.00981183 -0.00449635 0.0163879 -0.00171662 0.00567385 0.00792107 0.0206286 -0.00690192 -1.39702e-05 0.0103991 0.018369 0.00454956 -0.0204138 0.00138872 -0.0105314 -0.00748042 -0.0528737 -0.00315689 -0.00637479 -0.0128831 -0.0111205 0.0214029 -0.00143352 -0.00203072 0.00966901 0.193383 -0.0285286
internal_weight=45714.5 32040.5 85.5209 13674 31955 5280.02 16544.7 8393.96 1762.98 3517.05 4088.97 12455.8 1621.78 3048.91 782.605 141.199 4050.66 2342.47 15410.2 34.2974 1381.25 931.376 416.469 402.215 1956.74 8491.96 1746.5 4343.3 51.2235 116.7
internal_count=44810 33569 156 11241 33413 3889 16243 7352 1609 2280 4221 12022 1292 2015 614 317 3466 1626 17170 62 1208 684 260 249 1348 8100 2595 3886 94 262
is_linear=0
shrinkage=0.03


Tree=20
num_leaves=31
num_cat=0
split_feature=37 4 20 3 14 7 33 27 3 21 9 3 21 6 33 36 7 21 9 30 9 36 33 14 33 7 9 7 49 6
split_gain=1788.25 651.188 1332.7 327.631 327.22 170.059 144.994 134.446 118.429 89.1721 86.5941 77.9437 71.1512 61.3364 60.1913 60.1216 59.867 48.2691 67.8107 46.9224 45.0255 40.5753 38.8493 37.8454 37.2036 35.9426 35.7283 40.7946 34.7125 33.0469
threshold=0.37688443389789816 1.0000000180025095e-35 22.813904250355044 7.6395000000000008 1.7214942148756942 32.092650000000006 0.078957220484682025 22.456950000000003 6.8275000000000015 -3.5720357350769709 10.388400000000003 6.7235000000000005 2.6779629971530761 7.8743500000000006 0.11105134248025407 3.9454499999999997 31.594450000000005 -2.2407821182848378 12.942850000000002 9.1860500000000016 8.8566500000000019 8.0029000000000021 0.21045791503291117 11.953650000000001 0.097186062100831569 31.921850000000003 8.4005000000000027 31.843850000000007 31.831750000000003 17.207950000000004
decision_type=2 10 2 2 2 10 2 2 2 2 8 2 2 10 2 2 8 2 8 2 8 2 2 2 2 10 10 8 2 8
left_child=1 2 9 7 24 12 8 16 -6 -1 13 29 14 22 26 -10 -2 18 -12 20 28 -13 -8 -7 -3 -21 27 -5 -18 -9
right_child=3 4 -4 5 6 23 10 11 15 -11 17 21 -14 -15 -16 -17 19 -19 -20 25 -22 -23 -24 -25 -26 -27 -28 -29 -30 -31
leaf_value=0.030898486084090657 -0.037254433918913525 -0.0069868419421852089 0.19799134446617797 -0.026999657384928658 -0.0027543233118396682 0.026795883399301203 -0.0093728342864357224 0.01194228179882076 0.00073930435358087062 -0.058686289213160145 0.00019341921025215768 0.0098182808782209547 -0.02490801830233251 -0.0043787793645024692 0.0090880910843936236 0.0062517215699518574 -0.030012812699473423 -0.0037147011418795727 0.026028242819881961 0.00062583398139380401 0.0085191748529820765 0.016747501020637531 -0.019368540330563063 0.043695171048867561 -0.013933859090272912 0.0072198407332370223 0.01932592090529851 0.011698219460922935 -0.006246315890486966 0.0035284434231036884
leaf_weight=13.362639248371122 33.852019429206848 13139.037751615047 41.869602978229523 29.397806346416473 6469.2990814447403 509.56197667121887 822.24773508310318 537.1780977845192 4869.3457421064377 33.406598120927811 335.40224513411522 2008.40467903018 40.53333905339241 1162.1041933000088 1082.8192004263401 2806.5996634662151 90.865946888923645 1687.255915760994 124.71796631813049 1747.387792378664 97.992687821388245 1231.1444960832596 613.3451415002346 160.35167098045349 732.71805211901665 1294.8397431671619 1660.5306372642517 126.05423024296761 140.75313341617584 1922.8837878406048
leaf_count=12 76 14990 82 66 6331 379 463 540 4569 66 189 1521 82 653 736 3013 51 2813 280 1562 193 880 345 93 610 1398 935 271 79 1464
internal_value=6.20137e-05 -0.0036354 0.0771139 0.00961458 -0.00385621 0.0172627 -0.00128686 0.00658137 0.000235519 -0.0329796 -0.00582422 0.00939893 0.0141452 -0.00950788 0.0146996 0.00275539 0.00186466 -0.00136572 0.00723734 0.00226833 -0.00846689 0.012456 -0.0136539 0.0309 -0.00735477 0.00343384 0.0180388 0.0042542 -0.015659 0.00536979
internal_weight=45565.3 32850.7 88.6388 12714.6 32762.1 3609.25 18890.3 9105.3 14145.2 46.7692 4745.07 5699.61 2939.34 2597.7 2898.8 7675.95 3405.69 2147.38 460.12 3371.84 329.612 3239.55 1435.59 669.914 13871.8 3042.23 1815.98 155.452 231.619 2460.06
internal_count=44742 34416 160 10326 34256 2562 18656 7764 13913 78 4743 4405 2090 1461 2008 7582 3359 3282 469 3283 323 2401 808 472 15600 2960 1272 337 130 2004
is_linear=0
shrinkage=0.03


Tree=21
num_leaves=31
num_cat=0
split_feature=18 21 24 18 18 33 33 8 24 18 37 47 18 33 47 16 33 40 33 48 25 18 24 21 47 24 46 32 19 8
split_gain=1856.43 802.645 1349.81 413.956 270.292 183.192 139.194 98.6418 86.6883 84.8799 82.1842 71.6556 68.2626 60.4005 70.64 64.9652 53.347 44.946 39.5831 39.0907 49.8106 36.6415 34.2389 32.5275 47.1259 31.9623 36.0389 30.8037 30.7433 25.0141
threshold=-1.1758715775577551 -5.3259909715279434 -0.16905184689101435 -0.56891391419141868 -2.3471022376237616 0.10777221658046673 0.035992925230765881 7.3584000000000005 -0.15207348400340251 -1.6901501650165007 1.0000000180025095e-35 10.112500000000002 -0.22714307394373542 0.21869445961584758 10.423551652892577 15.532925000000002 0.052569293952639436 19.532566254303671 1.0000000180025095e-35 0.18037632622322639 -0.72694848937061807 -0.92826092791078973 0.35544221683359195 1.3533423444261949 12.055550000000002 0.30675521904633613 0.10643525320252549 27.475516666666667 8.2778406072607265 8.5795000000000012
decision_type=2 2 2 2 2 2 2 10 2 2 2 2 2 2 2 2 2 2 2 2 2 2 2 2 2 2 2 2 2 10
left_child=4 2 18 6 8 9 21 10 17 23 -5 -10 16 -8 -15 22 -9 -1 -2 20 29 -3 -16 -6 -25 26 -18 28 -7 -11
right_child=1 3 -4 7 5 27 13 12 11 19 -12 -13 -14 14 15 -17 25 -19 -20 -21 -22 -23 -24 24 -26 -27 -28 -29 -30 -31
leaf_value=0.047498826525974189 0.20091811014165686 0.0069238632967349939 -0.0068926645402252349 -0.061137142741211813 0.018938527996496948 0.0014264353345352803 -0.00086679580052578386 -0.0022921327096299612 0.020064098669077161 0.011607985833497781 -0.012011677531560828 -0.015090958167632959 -0.006990006023267264 -0.013264117128506942 0.040457676853974556 -0.0039635793340276754 0.02549131240924471 0.028213068151604737 0.12622416983655896 0.011476614051239536 0.015889149956497817 0.0021909728536331518 0.0024960269013408658 0.013729853611381166 -0.020634884489477142 -0.010504341044460888 -0.0044081225216090498 0.012805898804706074 0.016596787215312995 -0.0036984605004543557
leaf_weight=142.53481864929199 39.197075128555298 2165.6384008526802 86.41173380613327 30.288648962974548 1769.6588577926159 2392.3578467667103 4699.1948023438454 7224.7336202859879 348.76488438248634 120.26375323534012 1683.6925452947617 60.577297925949097 11402.34007063508 872.58034291863441 48.550922602415085 505.1077635884285 36.96996858716011 500.65355050563812 16.480588406324387 3485.8671585917473 232.06450161337852 4598.0841653645039 37.860811203718185 169.70551845431328 44.542130827903748 1346.9540362358093 820.46604984998703 271.70699805021286 125.60880893468857 461.90189668536186
leaf_count=80 82 2108 50 62 1258 1852 4517 6875 216 168 1254 127 13554 588 106 666 80 287 16 2207 521 4455 85 153 91 1206 1116 202 207 698
internal_value=-3.54121e-05 -0.00325814 0.0676521 -0.00354408 0.0112984 0.00962695 0.00073579 -0.00599798 0.0256845 0.0124668 -0.0129149 0.0148375 -0.00542828 -0.00252513 -0.00784353 0.000161538 -0.00353918 0.032554 0.181426 0.0100942 0.00416913 0.00370717 0.0240438 0.0176017 0.00652274 -0.00762341 -0.00309076 0.00322773 0.0021895 -0.000521973
internal_weight=45740.8 35614.6 142.089 35472.5 10126.2 9073.68 12927 22545.4 1052.53 6284 1713.98 409.342 20831.5 6163.29 1464.1 591.519 9429.12 643.188 55.6777 4300.1 814.23 6763.72 86.4117 1983.91 214.248 2204.39 857.436 2789.67 2517.97 582.166
internal_count=44887 36820 148 36672 8067 7357 12525 24147 710 5096 1316 343 22831 5962 1445 857 9277 367 98 3594 1387 6563 191 1502 244 2402 1196 2261 2059 866
is_linear=0
shrinkage=0.03


Tree=22
num_leaves=31
num_cat=0
split_feature=37 4 21 36 36 3 24 33 25 6 27 47 9 3 24 3 9 3 33 3 14 3 35 21 24 33 33 21 9 33
split_gain=1553.34 682.534 1165.1 311.876 263.265 192.488 145.857 107.572 93.8143 90.896 86.9038 83.7718 78.5756 78.0144 71.6945 61.0203 50.1797 47.7648 46.8047 45.3889 40.6088 40.4305 36.4712 36.0635 63.652 32.0478 30.6796 30.4432 29.9034 26.8147
threshold=0.35708659956901273 1.0000000180025095e-35 -5.3259909715279434 10.033500000000002 1.5324438016527415 7.4425000000000008 0.30675521904633613 0.046424160376585817 -0.68432604233786842 7.8743500000000006 25.117150000000006 11.855950000000002 8.8750500000000017 7.8305000000000016 0.036545658007091128 7.8065000000000007 8.4005000000000027 6.2885000000000009 0.23777535756816034 8.2365000000000013 8.0092000000000017 6.2655000000000003 0.085749985160172917 1.4899301627641608 0.17328881712428665 0.14567581359535328 0.25887020686050383 2.260406314814944 8.3671500000000023 0.12558793997301923
decision_type=2 10 2 2 2 2 2 2 2 10 2 2 8 2 2 2 10 2 2 2 2 2 2 2 2 2 2 2 10 2
left_child=1 2 22 5 29 7 15 17 -4 25 11 18 26 -5 -13 23 -15 -2 -7 -16 -12 -11 -1 -6 -25 -8 -9 -26 -20 -3
right_child=3 4 8 13 6 10 9 12 -10 21 20 14 -14 16 19 -17 -18 -19 28 -21 -22 -23 -24 24 27 -27 -28 -29 -30 -31
leaf_value=0.19755373939945692 0.0021814628899460018 -0.00680257788545598 0.020205605478091426 0.017067787868640171 -3.6762983842058906e-05 0.01235675158622373 -0.0071811915730734923 -0.0042935164000999608 -0.070486093037794142 -0.0085606169082775227 0.013841384597706308 0.0099195085314813559 0.002641528970830928 -0.009396700694418272 -0.01625230714107281 0.005056427038413005 0.034834644924019553 0.0092381072844864819 0.032101689563917832 -0.062264785955899987 0.023371343340381424 -0.00022534064772859315 0.11556409015137237 -0.0046600572326505633 -0.025232883660517114 -0.014331849299284881 -0.017581852623040385 -0.08324352607593774 -0.00021209349514222562 -0.014244848864566576
leaf_weight=35.188283354043961 1176.803096473217 12659.319002598524 16.035167098045349 974.581822514534 9407.7434521615505 1366.1071524918079 2277.8845705389977 532.72388470172882 25.834435880184174 645.86089700460434 1787.9211314320564 84.184627264738083 2947.79821819067 24.052750647068024 89.529682964086533 2094.8164128363132 411.56928884983063 3247.1213373541832 26.279857188463211 24.052750647068024 522.92461591959 2751.8128425478935 12.02637532353401 778.15102556347847 29.397806346416473 751.42574706673622 220.92896890640259 11.135532706975935 466.80153107643127 451.21178528666496
leaf_count=79 1046 14468 18 1003 9796 937 1961 299 58 772 1245 174 2868 54 201 2087 231 2586 56 54 316 2281 12 814 57 619 124 25 262 362
internal_value=7.69373e-05 -0.00356572 0.0788957 0.00844685 -0.00379877 0.00693611 -0.0015181 0.00420503 -0.036092 -0.0051815 0.0120146 0.00752362 0.000431028 0.0218163 -0.010999 0.000393056 0.0323765 0.00736189 0.00949878 -0.0264545 0.0160071 -0.00181184 0.1795 -0.000562606 -0.0065978 -0.00895907 -0.00820705 -0.0427904 0.00157163 -0.00705978
internal_weight=45851.2 31947.8 89.0843 13903.4 31858.8 12493.2 18748.2 8125.38 41.8696 6426.98 4367.8 2056.96 3701.45 1410.2 197.767 12321.2 435.622 4423.92 1859.19 113.582 2310.85 3397.67 47.2147 10226.4 818.684 3029.31 753.653 40.5333 493.081 13110.5
internal_count=44865 33409 167 11456 33242 10168 18412 6923 76 5633 3245 1684 3291 1288 429 12779 285 3632 1255 255 1561 3053 91 10692 896 2580 423 82 318 14830
is_linear=0
shrinkage=0.03


Tree=23
num_leaves=31
num_cat=0
split_feature=18 21 20 18 18 33 33 18 9 33 9 33 7 9 6 20 47 7 41 18 8 33 48 21 25 40 33 25 15 11
split_gain=1704.72 685.339 1135.92 322.926 244.223 227.191 153.58 112.017 97.0879 84.3131 78.962 65.0069 60.1573 57.3455 61.4142 52.1104 62.3381 42.8534 55.9497 42.312 41.192 41.1568 36.24 56.5156 35.7853 32.6676 29.2582 28.981 27.0121 25.8808
threshold=-1.0044094578183118 -5.3259909715279434 25.508286358260438 -2.2463686732673263 -0.33102018907342051 0.097186062100831569 0.052569293952639436 -1.4768846468646861 8.4005000000000027 1.0000000180025095e-35 10.576350000000001 0.23777535756816034 31.987450000000006 10.388400000000003 11.717050000000002 19.760757267963069 13.147232231405729 31.84065 9.5615000000000006 -0.71296183484705 7.5132500000000011 0.25887020686050383 0.18037632622322639 2.348038192594379 -0.98932651372861458 19.841697247433562 0.64304433491530533 -0.99938741687870725 28.850487115511559 19.332200000000004
decision_type=2 2 2 2 2 2 2 2 10 2 8 2 8 8 8 2 2 8 2 2 10 2 2 2 2 2 2 2 2 2
left_child=3 2 -2 8 6 7 19 22 17 -6 11 -8 -10 21 -15 16 -16 -1 -19 -3 -11 27 23 -5 -18 -14 28 -7 -12 -28
right_child=1 4 -4 5 9 13 10 -9 12 20 26 -13 25 14 15 -17 24 18 -20 -21 -22 -23 -24 -25 -26 -27 29 -29 -30 -31
leaf_value=-0.0485482790187272 -0.0070253539202873513 0.0031721709917190591 0.18484130544591207 0.0087613852724255838 -0.052770952239128158 -0.016130046237448445 -0.006302574398525761 0.0074427368643194651 0.016049631046814589 -0.011160620712720391 -0.0019799037181671311 -0.016468722862984255 0.038595964720902126 0.018199232153713493 0.0020108564097120313 0.0052948367633028565 -0.0037473750436894018 -0.014672663925036498 0.041203213923125037 -0.00077341147896910179 -0.0061045379639363103 -0.0069464161282761375 0.015633284566245711 -0.036117920557352509 -0.041148932750380195 0.025659133777972336 0.034881011076978323 0.003096025050621079 -0.024446449648731095 -0.0013323563865040829
leaf_weight=16.926009714603424 69.931145399808884 3618.6027084589005 44.987552136182785 243.6454556286335 34.742862045764923 74.830779790878296 2089.4713571369648 4946.8490497469902 416.91434454917908 1618.6610342860222 2544.2465128898621 776.81476163864136 276.16121113300323 276.60663244128227 168.8146758377552 1383.0331622064114 36.079125970602036 49.44176521897316 22.716486722230911 7544.5461196303368 14017.853992849588 881.9341903924942 2915.2824626863003 27.170699805021286 63.695247083902359 521.58835199475288 35.188283354043961 1016.4514254927635 48.105501294136047 34.742862045764923
leaf_count=38 43 3624 86 424 63 42 1175 4392 234 1192 3798 436 155 606 286 1011 81 111 51 7083 16135 495 1961 61 143 295 79 572 108 57
internal_value=-7.56342e-05 -0.00378409 0.0690319 0.00895393 -0.00404478 0.00741622 -0.00151946 0.0102709 0.0231314 -0.00673427 -0.00560805 -0.00906257 0.0253473 0.00146434 0.00514239 0.00294599 -0.00912358 -0.00702894 0.00324065 0.000505743 -0.00662861 -0.00213063 0.0146582 0.00414238 -0.0277957 0.0301803 -0.00188682 0.00176411 -0.00240607 0.0171245
internal_weight=45816 32477.9 114.919 13338.1 32363 12034.4 16691.7 8132.95 1303.75 15671.3 5528.57 2866.29 1214.66 3901.45 1928.23 1651.62 268.589 89.0843 72.1583 11163.1 15636.5 1973.22 3186.1 270.816 99.7744 797.75 2662.28 1091.28 2592.35 69.9311
internal_count=44837 33879 129 10958 33750 10074 16360 6838 884 17390 5653 1611 684 3236 2127 1521 510 200 162 10707 17327 1109 2446 485 224 450 4042 614 3906 136
is_linear=0
shrinkage=0.03


Tree=24
num_leaves=31
num_cat=0
split_feature=18 4 20 18 24 18 47 33 24 9 33 21 9 8 12 24 42 24 40 18 33 18 18 25 22 49 33 14 33 33
split_gain=1600.4 670.054 994.899 350.447 254.514 194.489 169.161 144.986 78.6493 74.6257 69.6899 69.3253 89.2289 60.1651 53.3441 86.2813 58.332 51.5118 58.8593 49.9309 47.1979 46.7219 44.8323 40.3381 37.251 46.295 33.8117 34.3894 33.0877 30.4907
threshold=-1.1880338162724191 1.0000000180025095e-35 22.813904250355044 -0.51142843752552103 -0.032247759394263838 -2.0442262277227718 11.855950000000002 0.059075905974151084 0.036545658007091128 10.461050000000002 0.23777535756816034 -3.4966749002512576 8.3301500000000015 7.8594500000000007 13.129450000000002 0.15632249006386423 0.4167031952935748 0.3714672281037254 14.822747706582879 -0.10624666140248261 0.035321608117428384 -3.0291378448844859 -0.85603831797716878 0.9483965485850524 0.25881904510252091 31.843850000000007 0.18905322707287117 7.9060235537182306 0.087348684401487561 0.11458866727022742
decision_type=2 10 2 2 2 2 2 2 2 8 2 2 10 10 2 2 2 2 2 2 2 2 2 2 2 2 2 2 2 2
left_child=4 2 23 7 5 21 11 22 -8 10 -9 12 -6 29 17 -16 -17 18 -11 -15 -7 -1 -3 -2 25 -14 -13 -28 -23 -5
right_child=1 3 -4 13 6 20 8 9 -10 14 -12 26 24 19 15 16 -18 -19 -20 -21 -22 28 -24 -25 -26 -27 27 -29 -30 -31
leaf_value=0.034961726215821297 -0.0059214700244113079 0.0052073659358617087 0.16752169012182996 -0.0079709023012610875 0.03755881906897577 0.013949036686653935 0.015037523176913131 -0.0037919703224551385 -0.022753269820011506 0.079656837331513144 -0.014246197073918733 0.010262655111902091 -0.03793708714101663 -0.0035605705174333968 -0.00032324487413818836 -0.014569327086724546 -0.061842496568514982 0.0018277582445885723 0.016721904550728379 -0.0068325628742149386 0.008002007549018952 0.024845528097571869 0.00096063859331509279 -0.068107244513773382 0.00028180976538638545 -0.0075794001961453101 -0.0016223685189875093 0.010931966245345615 0.014526633632174216 -0.015466003540586136
leaf_weight=270.81615543365479 19.153116255998611 3627.5111346244812 48.996343910694122 3077.861240208149 42.760445594787598 2682.7725397646427 59.686455309391022 1742.0427366793156 274.82494720816612 13.80806055665016 855.65433320403099 2045.3746476173401 62.358983159065247 10031.778705060482 2003.5050446391106 148.77071696519852 27.170699805021286 318.92165672779083 151.88866612315178 7222.5065137445927 2184.7915171086788 782.60523864626884 5836.8008236885071 17.816852331161499 274.37952589988708 160.35167098045349 522.03377330303192 313.57660102844238 444.08504435420036 581.72022861242294
leaf_count=152 28 3518 83 1978 96 2150 134 980 617 31 481 1670 35 10090 2167 334 61 716 314 10029 1509 473 5640 40 154 90 362 326 253 358
internal_value=1.023e-05 -0.00297307 0.0801985 -0.00317593 0.0105408 0.0141947 0.00434541 0.000369259 -0.0159856 -0.0036226 -0.00723964 0.0063376 -0.00352299 -0.0056721 -9.42786e-05 -0.00209689 -0.022178 0.00889771 0.0224129 -0.00493052 0.0112819 0.0236488 0.00258872 -0.0368949 -0.00712521 -0.0162111 0.00818589 0.00309629 0.0211248 -0.00916621
internal_weight=45846.3 35725.9 85.9663 35639.9 10120.4 6365.07 3755.35 14726.1 334.511 5261.76 2597.7 3420.84 539.851 20913.9 2664.06 2179.45 175.941 484.618 165.697 17254.3 4867.56 1497.51 9464.31 36.97 497.09 222.711 2880.99 835.61 1226.69 3659.58
internal_count=44869 36848 151 36697 8021 4537 3484 14242 751 5084 1461 2733 375 22455 3623 2562 395 1061 345 20119 3659 878 9158 68 279 125 2358 688 726 2336
is_linear=0
shrinkage=0.03


Tree=25
num_leaves=31
num_cat=0
split_feature=18 4 21 18 18 33 33 48 9 9 33 18 16 9 18 18 38 33 21 48 35 22 19 21 18 33 23 33 30 3
split_gain=1533.14 705.001 993.573 297.432 234.122 141.395 130.479 111.639 64.2043 63.1942 55.7105 51.7528 46.4706 44.2028 44.0287 42.5682 41.6425 35.2084 33.1762 47.0929 33.0509 30.5495 35.1126 29.6862 28.0615 26.6343 26.3611 39.4122 25.0522 26.3668
threshold=-1.1510992303138285 1.0000000180025095e-35 -3.5720357350769709 -0.49914355710111552 -2.1015810165016497 0.060625099312634066 0.099613131664456747 0.32097703058896498 8.766350000000001 10.461050000000002 0.27139285301323973 -1.4990014455445546 15.828050000000003 7.3436000000000012 -0.10094946272808068 -0.76607232654166857 1.0000000180025095e-35 0.055151282849993127 1.0651623495771381 0.22988127671827588 0.009501719142695356 0.60355339059327384 3.1423254123772932 -3.7197568937921504 -3.0291378448844859 0.76677324288214521 0.37940952255126048 0.081022811602659492 11.145842148760588 6.6805000000000012
decision_type=2 10 2 2 2 2 2 2 10 8 2 2 2 8 2 2 2 2 2 2 2 2 2 2 2 2 2 2 2 2
left_child=4 2 8 5 7 15 11 18 -2 10 28 -6 16 -5 17 -3 -11 -15 26 -20 -8 23 -23 -22 -9 -18 -1 -28 29 -7
right_child=1 3 -4 13 6 9 20 24 -10 12 -12 -13 -14 14 -16 -17 25 -19 19 -21 21 22 -24 -25 -26 -27 27 -29 -30 -31
leaf_value=0.016874228611632403 0.17128698569680836 0.0042601320295258946 -0.050340176556695183 -0.010687907612192706 0.01349172122037543 -0.015393296708890426 -0.012211671212619355 0.034365305593798273 0.08723695538479477 -0.0011138075659987044 -0.014229006057708389 0.0079135940158730003 -0.0025154980901259997 -0.0031814940057466948 -0.006881504494706839 0.00024810294621473942 0.014035741031671755 -0.0075562465323879896 -0.046270244021309984 0.0043228525221116702 -0.01063530682051734 -0.027530484907228321 0.0084809292112556205 0.0022732955655202312 0.02294270180641178 0.050787713158784914 0.020669173986106359 -0.010672398505901818 -0.00090458965448341746 -0.0044167658539101999
leaf_weight=398.2066496014595 44.542130827903748 4642.6262961924076 33.406598120927811 1402.18627846241 2757.157898247242 292.19637823104858 127.83591547608376 254.78098833560944 14.253481864929197 216.92017713189125 746.52611267566681 3289.4363616406918 2056.510180324316 9258.972735196352 7940.9710839986801 4883.1538026630878 202.66669526696205 2016.4222625792027 19.598537564277649 83.739205956459045 178.16852331161499 24.052750647068024 954.09244233369827 1525.1225595474243 886.38840347528458 18.707694947719574 59.686455309391022 88.19341903924942 890.39719524979591 603.99129402637482
leaf_count=282 91 4531 69 787 2140 164 92 143 8 487 419 2822 2511 8604 10589 4684 449 2169 44 131 112 18 834 1252 499 42 56 63 502 339
internal_value=2.29497e-06 -0.00300997 0.0793909 -0.00322823 0.00997922 5.54533e-05 0.00797713 0.0198712 0.152711 -0.00401421 -0.00735101 0.0104589 -0.000624593 -0.00554593 -0.00517019 0.00220371 0.0082332 -0.00396445 0.0099196 -0.00562389 0.00263351 0.00334553 0.00756819 0.000917575 0.0255208 0.017356 0.0128659 0.00203138 -0.00447068 -0.00800876
internal_weight=45910.9 35264.5 92.2022 35172.2 10646.5 14553.7 8855.87 1790.59 58.7956 5027.92 2533.11 6046.59 2494.8 20618.6 19216.4 9525.78 438.295 11275.4 649.424 103.338 2809.27 2681.44 978.145 1703.29 1141.17 221.374 546.087 147.88 1786.58 896.188
internal_count=44933 36445 168 36277 8488 14128 7270 1218 99 4913 1424 4962 3489 22149 21362 9215 978 10773 576 175 2308 2216 852 1364 642 491 401 119 1005 503
is_linear=0
shrinkage=0.03


Tree=26
num_leaves=31
num_cat=0
split_feature=37 4 20 36 7 24 3 47 33 3 27 29 3 8 24 3 21 9 36 35 3 9 47 21 47 24 33 4 33 21
split_gain=1190.7 455.214 967.422 241.13 226.22 129.573 119.203 118.04 104.448 95.7073 94.4001 84.7543 74.099 54.7474 54.5567 61.3335 49.132 46.3272 42.7627 42.5013 37.124 50.4944 42.4593 33.7037 42.504 52.8207 32.4693 36.0931 31.3556 71.7145
threshold=0.38716501650165019 1.0000000180025095e-35 22.813904250355044 2.45025 32.073750000000011 -0.032247759394263838 7.8305000000000016 12.197450000000002 0.059075905974151084 7.2235000000000005 14.824800000000002 9.1862500000000011 6.8275000000000015 7.3584000000000005 0.24059136628141839 7.9705000000000004 -2.7866624606038015 10.388400000000003 1.1626500000000013 1.5597065144332489 6.9295000000000009 8.2920500000000015 9.9598500000000012 0.98652258331870979 12.791150000000002 0.17328881712428665 0.76677324288214521 19.892850000000003 0.11105134248025407 -4.597843699634228
decision_type=2 10 2 2 10 2 2 2 2 2 2 2 2 10 2 2 2 8 2 2 2 10 2 2 2 2 2 10 2 2
left_child=1 2 10 13 5 9 -6 11 12 -2 -1 16 -5 -3 15 -9 -7 19 -15 -10 21 -13 -22 26 -25 -26 -19 -28 -11 -30
right_child=4 3 -4 8 6 7 -8 14 17 28 -12 20 -14 18 -16 -17 -18 23 -20 -21 22 -23 -24 24 25 -27 27 -29 29 -31
leaf_value=-0.058127601324169935 0.0051795606229043884 -0.010727621871908231 0.16609782344731155 -0.0014001700348932633 0.0128170422936555 -0.01820853248305894 0.029266442031248049 -0.0052259832806543071 -0.0047798238515130865 0.014783047170578231 0.041344691821531381 0.013642982876439426 0.0037594693328386309 -0.0061950570691002797 -0.049017296195201836 -0.045024842973938231 0.0027305224837693943 0.00032852495172995679 -0.0030586389101881412 -0.01459740074438236 0.010794829341019505 -0.0013209634063096061 0.0011810926527947565 -0.00097268391498110955 -0.0071412676568042566 -0.03829662433757023 0.053954008991022186 -0.0047914265338279112 0.10473376811267457 0.0067589043168951417
leaf_weight=32.961176812648773 2999.4670899510384 1634.2507800757885 42.31502428650856 4601.6475358307362 1721.1079351902008 237.85497862100601 515.7978749871254 247.2088260948658 2220.4252217710018 2072.9907687306404 10.690111398696898 245.42714086174965 5496.0535228550434 10021.088593661785 37.415389895439148 39.642496436834335 174.15973153710365 2023.5490035116673 6423.4206866919994 482.83669817447662 1307.311539798975 1149.6323966681957 604.88213664293289 356.78246793150902 144.76192519068718 73.494515866041183 20.489380180835724 16.480588406324387 5.7904770076274863 754.09827491641045
leaf_count=65 2210 1197 83 4646 1785 135 363 555 1250 1363 12 551 5592 12262 84 89 160 2746 5841 271 820 646 560 477 322 165 46 16 4 448
internal_value=-5.52029e-05 -0.00296219 0.065586 -0.00313997 0.00800845 0.00605611 0.0166214 0.00192845 -0.000386091 0.00891698 -0.0333867 0.00344323 0.00140825 -0.00549121 -0.015403 -0.0108634 -0.00937236 -0.00377949 -0.0049702 -0.00653812 0.00504214 0.00131947 0.00775593 -0.000948595 -0.00736378 -0.0177592 0.000844424 0.0283298 0.012871 0.00764215
internal_weight=45714 33601.2 85.9663 33515.3 12112.8 9875.88 2236.91 4043.53 15436.5 5832.35 43.6513 3719.27 10097.7 18078.8 324.267 286.851 412.015 5338.82 16444.5 2703.26 3307.25 1395.06 1912.19 2635.56 575.039 218.256 2060.52 36.97 2832.88 759.889
internal_count=44764 34991 160 34831 9773 7625 2148 3600 15531 4025 77 2872 10238 19300 728 644 295 5293 18103 1521 2577 1197 1380 3772 964 487 2808 62 1815 452
is_linear=0
shrinkage=0.03


Tree=27
num_leaves=31
num_cat=0
split_feature=18 4 21 18 18 33 33 11 20 47 18 18 9 16 20 3 25 25 33 23 33 18 47 25 33 8 21 25 21 4
split_gain=1321.97 602.585 835.174 308.381 180.466 160.069 106.433 89.3168 71.0074 65.2886 54.9986 45.385 41.8631 51.2918 56.7337 77.0096 53.4343 44.688 39.9628 39.129 37.7451 33.4139 31.3835 30.267 28.6088 27.321 25.543 24.412 24.1801 23.7802
threshold=-0.98426213861386092 inf -3.5720357350769709 -1.8654676963696362 -0.31356619147366155 0.069610420675835546 0.037490478791302691 23.860000000000003 27.107105165274351 8.8627500000000001 -3.0291378448844859 -1.4231866237623751 10.426150000000002 15.532925000000002 19.760757267963069 7.166500000000001 -0.96466008222729416 -0.98372925196996197 0.068112867115301498 -0.60355339059327384 0.64304433491530533 -0.61601733731549035 11.709500000000002 -0.9937528315903793 0.25887020686050383 7.5132500000000011 -2.8388410726175199 -0.99938741687870725 -3.5720357350769709 29.723050000000004
decision_type=2 8 2 2 2 2 2 2 2 2 2 2 8 2 2 2 2 2 2 2 2 2 2 2 2 10 2 2 2 10
left_child=3 4 8 7 6 11 21 22 -3 20 -9 -5 24 17 15 16 -15 -14 -12 -18 -8 -2 28 -24 27 -6 -19 -7 -1 -11
right_child=1 2 -4 5 25 12 9 10 -10 29 18 -13 13 14 -16 -17 19 26 -20 -21 -22 -23 23 -25 -26 -27 -28 -29 -30 -31
leaf_value=0.00055913005571348268 0.0024557000084435973 0.071433151205576445 -0.049418423723948453 0.011805043861209398 -0.0097644443641841591 -0.016694327717549522 -0.0073900295356252562 0.033091392546976732 0.15864364851930685 -0.0018482936370800731 0.022127924693985494 0.0065452664785254589 0.062888663416008572 0.0068635408266590307 0.0045709675284521792 -0.029038168411808406 -0.07702551575096038 0.039483985228171259 0.012398840066749522 -0.0024921189153765699 -0.025945413252955279 -0.0010109212655231119 0.0085782989620239915 -0.030017915614762341 -0.0068311680511009467 -0.0055215480152694665 0.0090623712486428282 0.001449692952590647 0.012966908204209614 -0.027391840495193699
leaf_weight=170.15093976259232 4423.0335912108421 13.362639248371122 31.624912887811661 2252.9409772753716 1519.3320825397968 69.485724091529846 2456.0530938506126 263.24399319291115 44.987552136182785 4135.736847370863 959.43749803304672 4300.5427314341068 16.926009714603424 190.64031994342804 1578.1276952326298 113.13701230287552 11.580954015254976 28.061542421579361 637.39789214730263 12.917217940092085 102.00147959589958 5760.1883586645126 38.306232511997223 33.406598120927811 754.09827491641045 13637.018774271011 179.5047872364521 1254.7518254220486 836.94663825631142 32.070334196090698
leaf_count=118 4323 15 62 1791 1134 39 1485 150 80 5223 624 3868 38 323 1218 254 26 63 387 29 61 5396 86 75 424 15748 403 708 664 72
internal_value=-2.67965e-05 -0.00335176 0.0737491 0.00777603 -0.0035704 0.00542324 -0.00143949 0.0163876 0.140212 -0.00436784 0.020371 0.00835499 0.000857804 0.00381164 0.00221002 -0.00911922 0.00144164 0.0173425 0.0182546 -0.0393651 -0.00813977 0.000494882 0.00950689 -0.00956686 -0.00217111 -0.00594749 0.0133448 0.000485757 0.0108732 -0.00205137
internal_weight=45857 32155.4 89.9751 13701.6 32065.4 10762.7 16909.1 2938.89 58.3502 6725.86 1860.08 6553.48 4209.23 2130.9 1906.4 328.276 215.138 224.492 1596.84 24.4982 2558.05 10183.2 1078.81 71.7128 2078.34 15156.4 207.566 1324.24 1007.1 4167.81
internal_count=44887 33599 157 11288 33442 9184 16560 2104 95 6841 1161 5659 3525 2354 1850 632 378 504 1011 55 1546 9719 943 161 1171 16882 466 747 782 5295
is_linear=0
shrinkage=0.03


Tree=28
num_leaves=31
num_cat=0
split_feature=18 4 24 18 18 33 33 7 24 33 24 47 24 18 33 4 6 16 18 5 33 8 24 8 8 47 15 24 40 8
split_gain=1240.75 678.982 766.477 265.055 185.298 136.636 122.352 114.671 104.992 57.556 43.8465 67.2196 46.0768 41.6847 41.2857 36.9512 35.3925 33.1737 30.0736 29.9806 28.5946 28.4868 25.9809 25.8561 23.1591 31.1433 49.6186 27.9666 57.3613 22.3991
threshold=-0.98426213861386092 1.0000000180025095e-35 -0.48314718476766422 -1.7900057095709554 -0.3431899058996119 0.046424160376585817 0.42897163542593281 32.016150000000003 0.30675521904633613 0.12558793997301923 -0.049434980436038223 13.147232231405729 0.1051661082335764 -2.4783585214521433 0.11105134248025407 29.723050000000004 9.167600000000002 16.275466115702709 -1.4231866237623751 31.872150000000001 0.46537767888030995 7.5132500000000011 -0.73866753694953124 7.2402500000000005 9.6327000000000016 11.411800000000001 20.819055624908078 0.25725141817891134 17.489385011391381 9.4349500000000024
decision_type=2 10 2 2 2 2 2 10 2 2 2 2 2 2 2 10 10 2 2 10 2 10 2 8 10 2 2 2 2 10
left_child=3 2 -2 7 8 18 -4 14 15 17 -7 16 29 19 -1 22 20 23 -5 -9 -12 -6 -3 -10 25 -24 -27 -26 -29 -13
right_child=1 4 6 5 21 10 -8 13 9 -11 11 12 -14 -15 -16 -17 -18 -19 -20 -21 -22 -23 24 -25 27 26 -28 28 -30 -31
leaf_value=0.013900993342356257 0.15131227158992283 0.002696742773068798 -0.048205120002689728 0.011891756327272168 -0.0094528802894389072 0.0048145884619190289 0.063536722107546781 0.017361996662318569 -0.015181534810513934 -0.0098172554016058185 -0.0021595978838591691 -0.018689581044279532 -0.032379409463714565 0.017539344777091952 0.0052395815399860482 -0.023922659638701299 0.0029313443926758148 -0.028563454132590416 0.007013585336061859 0.033368062108295571 -0.016618858226270055 -0.005271357356680894 0.0024789152742667113 -0.0019738250216119395 -0.00085039180362534328 0.047466620517655198 -0.0030033691426968544 0.00080556812123032189 -0.052726077242912596 0.022741195037396481
leaf_weight=1228.4719682335854 53.00513568520546 3887.6371786594391 31.624912887811661 1668.9936421215534 1633.3599374592304 2151.83034029603 11.135532706975935 155.89745789766312 137.18976294994354 1374.5701573491096 851.64554142951965 20.489380180835724 97.547266513109207 844.07337918877602 832.49242517352104 53.895978301763535 1622.6698260605335 43.205866903066635 3595.8862217366695 350.54656961560249 142.98023995757103 14434.322916090488 795.07703527808189 3874.719960719347 5591.8191041350365 35.633704662322998 33.406598120927811 48.550922602415085 27.616121113300323 24.943593263626099
leaf_count=871 98 4345 59 1338 1192 1615 13 113 77 1223 571 46 219 683 573 121 1552 82 3285 214 90 16563 468 3359 5582 80 75 106 62 56
internal_value=3.45602e-05 -0.00318484 0.0761635 0.00763154 -0.00342489 0.00520477 -0.0183187 0.0148673 -0.0011291 -0.00451415 0.00160547 -0.000897109 -0.0208538 0.021662 0.0104066 0.000626023 0.000200656 -0.00271457 0.00856195 0.0284849 -0.00425276 -0.00569699 0.000755284 -0.00242914 -0.000400428 0.00417163 0.0233514 -0.00109808 -0.0190353 0.00405662
internal_weight=45655.2 32066.8 95.7656 13588.5 31971 10177 42.7604 3411.48 15903.3 5429.69 4912.11 2760.28 142.98 1350.52 2060.96 10473.6 2617.3 4055.12 5264.88 506.444 994.626 16067.7 10419.7 4011.91 6532.1 864.117 69.0403 5667.99 76.167 45.433
internal_count=44731 33505 170 11226 33335 8772 72 2454 15580 4741 4149 2534 321 1010 1444 10839 2213 3518 4623 327 661 17755 10718 3436 6373 623 155 5750 168 102
is_linear=0
shrinkage=0.03


Tree=29
num_leaves=31
num_cat=0
split_feature=18 4 21 18 18 33 33 18 21 47 18 18 47 16 35 48 7 30 7 34 33 7 21 47 15 5 42 33 41 33
split_gain=1191.11 503.52 828.495 258.9 206.203 133.425 106.737 64.2472 54.2576 51.9971 45.8309 41.0732 40.7864 57.6542 39.7309 29.9613 28.7728 37.1591 27.8184 26.1164 24.9363 24.4378 23.642 25.973 23.6076 23.2485 29.5145 22.8238 22.4759 28.6578
threshold=-1.1880338162724191 1.0000000180025095e-35 -3.5720357350769709 -0.53023251815181449 -2.4783585214521433 0.071262893570216077 0.16008331164324016 -1.7540165847310278 0.91141426769589817 7.8510500000000008 -0.095750877642300822 -0.76607232654166857 10.390050000000002 15.723400000000002 0.004595940237498701 0.21009701641305073 31.672750000000004 16.977795041322555 31.977750000000004 9.0031500000000033 0.069610420675835546 31.908650000000005 1.3533423444261949 13.438550000000001 29.139999950849685 31.639650000000007 0.35901872572768873 0.01879687917396201 9.0323500000000028 0.040640505246204141
decision_type=2 10 2 2 2 2 2 2 2 2 2 2 2 2 2 2 10 2 8 2 2 8 2 2 2 8 2 2 2 2
left_child=4 2 -2 6 8 7 11 22 18 20 24 -3 -8 -14 21 16 17 -16 -1 -9 -5 -7 -6 -24 28 26 -18 -13 29 -11
right_child=1 3 -4 9 5 14 12 19 -10 10 -12 27 13 -15 15 -17 25 -19 -20 -21 -22 -23 23 -25 -26 -27 -28 -29 -30 -31
leaf_value=0.016319420184750074 0.14320954882035924 0.003116265758082938 -0.04789871487608828 -0.0066950558894235688 0.017087909042173527 -0.039905932537704809 -0.008852846213206176 -0.0072737993122204267 -0.0016694744584408202 -0.0028127102036506796 -0.0060895694781336537 0.0015704916789785765 0.01764681695962509 -0.0037001893535276 -0.023265539413673098 0.0057697008552891034 0.015203318123298445 0.0082446089341608898 0.029770071586183448 0.0091341426265121733 -0.012497517770981239 -0.004716580509351781 0.0092350732223488649 -0.028057423073237022 -0.023450374874730565 -0.00097170084502929137 -0.0085220352812593377 -0.0023588632468392805 -0.0019906102831948459 -0.0087399168672054797
leaf_weight=192.86742648482323 52.114293068647385 6568.1826118826866 32.515755504369736 2549.5915685892105 1443.6104601323605 27.616121113300323 1357.1987263262272 88.638840347528458 68.594881474971771 1988.3607201576233 6985.0969564318657 2612.8413943648338 130.95386463403702 829.81989732384682 96.656423896551132 2456.9439364671707 194.64911171793938 50.778029143810272 532.27846339344978 3834.6320429742336 905.09609842300415 47.66007998585701 131.84470725059509 18.262273639440536 49.44176521897316 740.29021435976028 61.468140542507172 2708.6069756448269 7599.7783618569374 1164.331299841404
leaf_count=115 93 6355 64 1431 988 17 920 73 100 1647 9868 2458 291 1047 211 1613 236 114 313 3179 508 35 134 41 111 591 129 2667 8080 1105
internal_value=-5.59364e-06 -0.0025783 0.0700819 -0.00275374 0.00914768 0.0078792 0.000381121 0.0108291 0.0238107 -0.00485042 -0.00419585 0.00152933 -0.00550656 -0.000775261 0.00345027 0.00390315 -0.000107694 -0.0124307 0.02622 0.00876168 -0.00821842 -0.0179802 0.0159099 0.00454235 -0.00297082 0.00172632 0.00949823 -0.00042961 -0.00287447 -0.00500378
internal_weight=45520.7 35533.9 84.63 35449.3 9986.79 9193.05 14207.6 5516.99 793.741 21241.7 17787 11889.6 2317.97 960.774 3676.06 3600.79 1143.84 147.434 725.146 3923.27 3454.69 75.2762 1593.72 150.107 10801.9 996.407 256.117 5321.45 10752.5 3152.69
internal_count=44534 36645 157 36488 7889 7361 13738 4415 528 22750 20811 11480 2258 1338 2946 2894 1281 325 428 3252 1939 52 1163 175 10943 956 365 5125 10832 2752
is_linear=0
shrinkage=0.03


Tree=30
num_leaves=31
num_cat=0
split_feature=18 21 20 18 18 33 7 33 9 21 33 37 33 9 21 24 47 24 10 9 25 4 21 11 18 33 48 24 33 18
split_gain=1144.01 578.058 688.857 269.224 140.879 113.981 107.836 90.7938 71.4081 57.8522 46.4836 45.9728 45.0133 48.9341 62.499 41.2986 39.8346 33.8325 32.9269 43.069 32.4659 50.283 33.6581 35.2362 28.9279 27.4216 25.746 25.6624 30.6448 26.2624
threshold=-0.93695227722772223 -5.3259909715279434 25.508286358260438 -1.7540165847310278 -0.3251685917682367 0.035992925230765881 31.968050000000002 0.078957220484682025 12.885900000000001 -2.6541244522099263 0.21045791503291117 1.0000000180025095e-35 0.25887020686050383 8.2616000000000014 -2.2407821182848378 -0.049434980436038223 11.754841322314336 -0.70898476237405783 0.25778877887788781 8.3671500000000023 -0.98801846520836312 21.279750000000003 1.2692032247584708 16.360800000000001 -1.2677739570957083 0.15481605429239706 0.20707909717146214 0.30675521904633613 0.062071013095896806 -0.068808854976399644
decision_type=2 2 2 2 2 2 10 2 8 2 2 2 2 10 2 2 2 2 2 10 2 10 2 2 2 2 2 2 2 2
left_child=3 2 -2 6 7 24 15 17 10 -10 -9 -6 26 14 -14 25 -17 -3 -8 -20 21 -11 -22 -24 -5 -1 -7 29 -29 -13
right_child=1 4 -4 5 11 12 18 8 9 20 -12 27 13 -15 -16 16 -18 -19 19 -21 22 -23 23 -25 -26 -27 -28 28 -30 -31
leaf_value=0.015630085809877577 -0.0034611662657720362 0.0020765826516023355 0.15187250784950779 0.010379582578207374 -0.037024381764881535 0.0001661297836968088 0.0169327621818182 -0.0051998117642701085 0.030449195526794443 0.043856219646651991 -0.013491866823967321 -0.002962110871784406 0.049263230743104944 -0.0060774249979258631 0.0031204371502478903 0.0060853192379323557 -0.019495114157445672 -0.0013145075997149697 -0.0042172432182671256 0.028796896348305859 0.0006665465347226537 -0.0039969087381709206 -0.00014935527559386028 -0.025426144362735961 0.0058178662417322511 0.004153607943277458 0.0048497697029561112 -0.0059451695936984933 -0.011814241071093108 -0.0059205477092284442
leaf_weight=861.44481021165848 56.123084843158722 4044.8709004819393 46.323816061019897 2329.553442299366 40.53333905339241 1658.3035307228565 1156.3137162923813 1701.0639763176441 55.677663534879684 35.188283354043961 948.30196532607079 4799.8600180149078 29.397806346416473 1024.9144303500652 203.11211657524109 788.84113696217537 57.904770076274872 7662.1373450160027 38.306232511997223 456.11141967773438 763.45212239027023 43.205866903066635 96.211002588272095 101.55605828762054 2714.3974526524544 240.52750647068024 2909.0465643703938 3403.9096378684044 1048.5217596888542 6184.6748654544353
leaf_count=527 36 4332 89 1930 76 2064 931 957 125 79 533 5004 66 576 447 523 130 7020 83 256 1633 97 216 228 2599 141 1809 2461 764 8941
internal_value=1.47643e-05 -0.00323337 0.0675658 0.00698117 -0.00347006 0.00462534 0.0140914 -0.00144353 -0.00550896 0.000933696 -0.0081718 -0.00549298 0.00176598 -0.00325844 0.00914057 0.00930461 0.00431507 -0.00014278 0.0197333 0.0262357 -0.000674782 0.0177645 -0.00219553 -0.0131919 0.00792634 0.0131312 0.00314965 -0.00540779 -0.00732964 -0.0046282
internal_weight=45499.8 31031.6 102.447 14468.2 30929.2 10868.7 3599.45 15451.7 3744.66 1095.29 2649.37 15477.5 5824.77 1257.42 232.51 1948.72 846.746 11707 1650.73 494.418 1039.61 78.3942 961.219 197.767 5043.95 1101.97 4567.35 15437 4452.43 10984.5
internal_count=44673 32591 125 12082 32466 9491 2591 15220 3868 2378 1490 17246 4962 1089 513 1321 653 11352 1270 339 2253 176 2077 444 4529 668 3873 17170 3225 13945
is_linear=0
shrinkage=0.03


Tree=31
num_leaves=31
num_cat=0
split_feature=18 4 20 18 33 18 7 20 33 18 9 33 15 47 3 33 9 16 20 7 48 33 20 4 3 22 9 9 14 18
split_gain=1046.93 497.755 668.051 258.611 131.844 114.281 98.9345 90.3947 89.9965 56.7183 53.8034 43.1151 42.6308 35.957 34.9486 34.1466 33.6047 56.7534 34.1906 54.7321 33.4321 31.6271 29.2396 66.0962 30.0093 27.3999 24.4726 22.5774 22.0608 21.2047
threshold=-0.90882288159716118 1.0000000180025095e-35 16.601843472600166 -1.8654676963696362 0.097186062100831569 -0.3251685917682367 31.968050000000002 27.107105165274351 0.053808648623333642 -1.2820838641681094 10.388400000000003 0.51291209448273423 20.642250871287132 11.754841322314336 8.0935000000000006 0.64304433491530533 10.576350000000001 15.532925000000002 19.760757267963069 31.607100000000003 0.18037632622322639 0.39778120954447987 19.760757267963069 18.237350000000003 7.9705000000000004 0.60355339059327384 8.3671500000000023 8.6913500000000017 11.953650000000001 -0.62194914521452194
decision_type=2 10 2 2 2 2 10 2 2 2 8 2 2 2 2 2 8 2 2 10 2 2 2 8 2 2 10 8 2 2
left_child=3 2 -2 6 9 8 12 -4 29 20 11 -10 13 -1 -8 -12 21 -18 19 -19 22 -6 23 27 -25 -17 -16 -5 -28 -3
right_child=1 5 7 4 16 -7 14 -9 10 -11 15 -13 -14 -15 26 25 17 18 -20 -21 -22 -23 -24 24 -26 -27 28 -29 -30 -31
leaf_value=0.0045912237976967743 -0.049711581543934021 0.0016973194054313069 0.056860316298528897 -0.0036960102661394464 -0.00077388108716626696 -0.0052161931901158008 0.016671575521441363 0.14606173571452108 -0.0068224199820971308 0.0043323238128634509 -0.002240542173996796 -0.02117147898736808 0.013173421743206362 -0.027184702232810203 -0.00081610247242744881 0.0098114238235891098 0.017052881306417956 -0.027146936520888485 0.0029159411769723947 0.00092964451557272013 0.010444798743306425 -0.0097386806127497515 0.010334675911878624 -0.015639738270956886 -0.057847205496045842 0.059160878077615692 0.024206769396999134 0.014493795841647034 0.039534899059584426 -0.0010801290915199277
leaf_weight=571.03011721372604 28.952385038137436 4129.5009490549564 15.58974578976631 128.28133678436279 1513.5416055321693 15444.983864575624 980.37229952216148 44.09670951962471 2269.4215656816959 4592.2936883568764 2224.4340135455132 204.89380180835724 877.92539861798286 32.961176812648773 27.616121113300323 48.105501294136047 220.03812628984451 94.429317355155945 1226.6902830004692 180.84105116128922 3281.4187780916691 461.45647537708282 253.89014571905136 71.712830632925034 18.707694947719574 12.02637532353401 338.52019429206848 116.25496146082878 117.59122538566589 6167.3034344315529
leaf_count=379 65 4024 17 72 851 17224 794 81 1276 4247 3347 115 543 74 62 90 494 212 1005 373 2111 259 570 161 42 27 190 171 66 5824
internal_value=-4.85124e-06 -0.00319586 0.0673951 0.00645684 0.004524 -0.00340321 0.0144303 0.124084 -0.00154313 0.00658853 -0.00495445 -0.00801871 0.00895637 0.00281507 0.019961 -0.00163361 -0.000202312 0.00285992 0.000770683 -0.0087652 0.00926385 -0.00287237 0.0026763 -0.00314207 -0.0249096 0.0204876 0.0265795 0.00497541 0.0282364 3.38145e-05
internal_weight=45694.9 30589.3 88.6388 15105.6 12159.6 30500.7 2946.02 59.6865 15055.7 8462.56 4758.88 2474.32 1481.92 603.991 1464.1 2284.57 3697 1722 1501.96 275.27 3870.27 1975 588.847 334.957 90.4205 60.1319 483.728 244.536 456.111 10296.8
internal_count=44766 32090 163 12676 10568 31927 2108 98 14703 7374 4855 1391 996 453 1112 3464 3194 2084 1590 585 3127 1110 1016 446 203 117 318 243 256 9848
is_linear=0
shrinkage=0.03


Tree=32
num_leaves=31
num_cat=0
split_feature=18 4 20 18 18 33 33 24 20 9 18 9 33 16 24 23 24 18 33 33 33 24 40 22 18 44 24 8 24 47
split_gain=1026.6 368.036 613.374 264.659 152.091 123.868 85.8022 63.0359 59.7618 58.1577 50.8513 46.7657 47.9949 42.3633 92.6181 70.8233 64.5915 39.8066 39.7541 38.2038 37.4072 37.1004 36.9342 29.3981 27.6449 26.5574 26.0794 25.9517 24.2413 35.429
threshold=-1.2820838641681094 1.0000000180025095e-35 22.813904250355044 -0.63600605280528011 -2.4783585214521433 0.071262893570216077 0.046424160376585817 0.79184907943689831 11.622170150199674 8.4005000000000027 -0.14159482508250673 10.461050000000002 0.27139285301323973 15.723400000000002 0.24059136628141839 -0.78656609248549325 0.3714672281037254 -1.6901501650165007 0.39778120954447987 0.042447897474435871 0.12186987596080441 0.33931202449298198 14.822747706582879 0.25881904510252091 -2.6696350990098998 0.52646143029177728 0.29033824002281988 8.554800000000002 -0.72101013194340913 12.739500000000001
decision_type=2 10 2 2 2 2 2 2 2 10 2 8 2 2 2 2 2 2 2 2 2 2 2 2 2 2 2 10 2 2
left_child=4 2 8 6 9 17 28 10 -2 24 19 12 -8 16 -15 23 22 -6 -7 -5 -9 25 -13 -16 -1 -21 -17 -23 -3 -30
right_child=1 3 -4 7 5 18 11 20 -10 -11 -12 13 -14 14 15 26 -18 -19 -20 21 -22 27 -24 -25 -26 -27 -28 -29 29 -31
leaf_value=-0.026642797292695562 -0.057189395564636154 0.0061745209991920236 0.13685683228003975 -0.0013233829945206398 0.014528631257348473 0.0048993083420862931 -0.0020291747420889614 -0.0064822122099337035 0.014395633058574575 0.023897348164441015 -0.0053390615057618109 0.076339265304464915 -0.011173499793446791 0.00061690966936726866 -0.096584650717248491 -0.039790119891072936 0.0023859876539651871 0.00886966885486218 -0.0043850468716980463 0.016571902924889307 -0.014911350758234123 -0.0049485227805801963 0.022263891858033499 -0.031506790853508396 0.017493542098414666 -0.0027380727723278452 0.0012714401870882078 -0.012754333359781605 0.0033622172818432304 -0.0035278372845221478
leaf_weight=30.734070271253586 21.380222797393799 2011.5226281881332 43.651288211345673 9274.1170596778393 1883.2412914037704 2624.8677696883678 1907.2940420508385 3114.8312087953091 19.153116255998611 750.08948314189911 8180.6077478528023 12.02637532353401 707.77445885539055 2478.7695805728436 15.144324481487276 19.598537564277649 306.89528140425682 2776.3110145032406 492.19054564833641 65.922353625297546 559.00374189019203 858.32686105370522 108.23737791180611 12.471796631813048 20.489380180835724 1525.1225595474243 42.760445594787598 694.85724091529846 4288.5163561105728 795.52245658636093
leaf_count=69 48 2272 80 8947 1408 2062 1075 1761 25 421 11115 27 398 2643 34 44 689 2300 397 136 319 814 240 28 46 1924 96 717 2893 1675
internal_value=-4.37277e-06 -0.00216894 0.0601169 -0.00231236 0.00934745 0.00806309 0.00119536 -0.00414858 -0.0238313 0.0217864 -0.00350262 -0.00157673 -0.00450743 0.000982072 -0.000473951 -0.0302031 0.0097186 0.0111595 0.00343235 -0.00229253 -0.00776848 -0.00514977 0.0282564 -0.0693227 -0.00899134 -0.00192809 -0.012058 -0.00844661 0.00338737 0.00228362
internal_weight=45641.4 37063.5 84.1846 36979.3 8577.92 7776.61 12706.5 24272.8 40.5333 801.313 20599 5610.97 2615.07 2995.9 2568.74 89.9751 427.159 4659.55 3117.06 12418.3 3673.83 3144.23 120.264 27.6161 51.2235 1591.04 62.359 1553.18 7095.56 5084.04
internal_count=44703 38000 153 37847 6703 6167 12114 25733 73 536 23653 5274 1473 3801 2845 202 956 3708 2459 12538 2080 3591 267 62 115 2060 140 1531 6840 4568
is_linear=0
shrinkage=0.03


Tree=33
num_leaves=31
num_cat=0
split_feature=18 4 21 18 24 47 18 33 33 18 24 47 33 33 4 24 7 16 7 21 7 21 33 16 11 6 47 24 34 33
split_gain=958.866 456.879 646.656 232.078 112.662 121.686 104.911 92.0898 84.5571 63.1003 53.493 47.1773 44.6799 36.0987 34.9524 28.6481 28.2568 27.493 28.0593 32.7396 27.2231 26.2448 25.9207 25.6062 25.4015 24.9764 24.5292 28.0536 23.9635 23.9593
threshold=-0.90882288159716118 1.0000000180025095e-35 -4.1343037113074326 -1.5601711881188114 -0.049434980436038223 11.946150000000001 -0.31356619147366155 0.046424160376585817 0.078957220484682025 -2.6696350990098998 0.036545658007091128 10.599351239669632 0.19561147887245439 0.64304433491530533 19.43355 -0.70898476237405783 32.082250000000009 23.210775000000002 31.544300000000003 -0.57452026871516082 31.918050000000004 -2.1930989441853721 0.20291850745229439 18.209762603305915 29.498450000000002 9.1101500000000026 23.980050000000002 -0.61913973745509387 15.201711983471244 0.062071013095896806
decision_type=2 10 2 2 2 2 2 2 2 2 2 2 2 2 10 2 10 2 8 2 8 2 2 2 2 10 2 2 2 2
left_child=3 2 28 4 9 20 8 -5 15 -1 -7 22 -11 -13 -15 24 17 18 19 -9 21 -6 -10 -12 -3 -20 -17 -28 -2 -8
right_child=1 6 -4 7 5 10 29 16 11 12 23 13 -14 14 -16 26 -18 -19 25 -21 -22 -23 -24 -25 -26 -27 27 -29 -30 -31
leaf_value=0.024118217306546903 0.14569813139052301 0.0021051788581858905 -0.039089475919609422 0.0062063679862258934 -0.0025571081489269461 0.017407910392583804 -0.0046395649641585452 0.0029051218486268147 -0.0055512662622695819 0.014077586791515221 -0.019765694318384455 -0.0022352631751303741 0.0029192579736873198 0.048725306582614189 -0.0013880709724957655 -0.0010590622996452543 0.0082331922747265387 0.0035482256213843072 -0.0043700225813342432 -0.053526310205525271 0.01173027381952012 0.0078590912898571091 -0.012217956900047316 -0.05000123379631894 -0.016354127544436648 0.001033699387915694 -0.0038098229412049361 -0.028174470487537722 0.085018965256715748 -0.0087776924198618919
leaf_weight=510.89824059605598 37.860811203718185 3957.1229027509689 31.624912887811661 5214.5472560226917 345.20151391625404 25.389014571905136 13742.138203024864 16.926009714603424 1277.4683121442795 2609.2780238986015 77.503307640552521 1440.0470896661282 369.25426456332207 24.052750647068024 24.943593263626099 7508.4669936597347 383.06232511997223 1228.4719682335854 1415.5489177107811 19.153116255998611 734.05431604385376 586.61986300349236 893.96056571602821 38.306232511997223 67.258617550134659 1685.4742305278778 128.72675809264183 62.804404467344284 13.362639248371122 1387.0419539809227
leaf_count=289 85 4135 59 4738 199 57 15561 17 876 1745 174 2177 220 54 47 6603 488 946 1081 43 733 405 603 86 151 1564 289 141 12 1338
internal_value=9.95223e-06 -0.00305364 0.0668797 0.0061525 0.0112262 0.00514228 -0.0032457 0.00345441 -0.00150117 0.0143745 -0.0215027 -0.00548089 0.0126957 -0.00136669 0.0236956 -0.000258298 0.000431784 -0.000254489 -0.00174427 -0.0276879 0.00741223 0.00400171 -0.00830025 -0.0301091 0.00179269 -0.00143359 -0.00133033 -0.011904 0.1318 -0.0050195
internal_weight=45856.6 30596.9 82.8484 15259.7 5296.5 1807.07 30514 9963.18 15384.9 3489.43 141.199 3660.47 2978.53 1489.04 48.9963 11724.4 4748.64 4365.57 3137.1 36.0791 1665.88 931.821 2171.43 115.81 4024.38 3101.02 7700 191.531 51.2235 15129.2
internal_count=44916 32131 156 12785 3908 1654 31975 8877 15076 2254 317 3757 1965 2278 101 11319 4139 3651 2705 60 1337 604 1479 260 4286 2645 7033 430 97 16899
is_linear=0
shrinkage=0.03


Tree=34
num_leaves=31
num_cat=0
split_feature=18 4 21 18 48 18 33 48 33 8 9 33 18 16 25 8 33 21 25 48 25 44 5 4 33 8 25 4 22 33
split_gain=887.419 362.416 564.775 242.308 130.823 90.6362 69.3684 60.4992 53.811 51.1817 41.5041 50.7334 40.2541 39.9448 77.0477 36.9446 40.6397 31.1875 30.6588 30.6137 41.766 53.0775 50.4594 26.7625 25.6375 22.7929 64.7455 40.89 25.3861 20.6324
threshold=-1.2677739570957083 1.0000000180025095e-35 -3.5720357350769709 -0.63600605280528011 0.32097703058896498 -2.0442262277227718 0.035321608117428384 0.068620284847276683 0.034650291004067919 7.5132500000000011 10.461050000000002 0.19561147887245439 -0.11800425412541136 15.723400000000002 -0.9260227363677036 9.0636500000000009 0.099613131664456747 -2.2658354422425107 -0.96904977397942549 0.17517110771479835 -0.95502570686053045 0.080819081444289481 31.766350000000006 29.493550000000003 0.14567581359535328 10.538850000000002 -0.98667386918526234 20.703500000000002 -0.9159756150367534 0.035992925230765881
decision_type=2 10 2 2 2 2 2 2 2 10 8 2 2 2 2 10 2 2 2 2 2 2 10 10 2 8 2 10 2 2
left_child=4 2 7 6 8 24 -3 -2 -1 -5 11 -8 15 14 17 16 -11 -12 -19 20 -10 22 -22 -17 -6 26 28 -28 -15 -7
right_child=1 3 -4 9 5 29 10 -9 19 12 13 -13 -14 25 -16 23 -18 18 -20 -21 21 -23 -24 -25 -26 -27 27 -29 -30 -31
leaf_value=0.0095989517037137657 0.12883077336974857 0.0034767834692402974 -0.043673295447531083 -0.0084545219633394043 0.021520019544701036 0.011863480970561979 -0.00078496171418023669 0.046595451592302377 -0.017025418309314477 -0.0032203967389238183 0.068275263881826836 -0.0092258225050581115 -0.0051294022530967301 -0.025511211534778068 0.0019044895187064694 -0.0011814756765224255 -0.010031002326308226 0.045884113782514196 0.011966945044488352 0.0044575029743757748 -0.032375680534005295 0.011162792648276805 -0.0010927072403524106 -0.020101275235939877 0.011268478049489938 0.00072030728173087084 -0.014456040992744196 -0.056282843861133733 0.014561715879872409 0.0066065969457162598
leaf_weight=1664.9848503470421 45.87839475274086 6230.5532602071762 31.179491579532623 2039.1387493014336 984.82651260495186 1506.8602859079838 1878.341657012701 11.580954015254973 144.31650388240814 4046.2071644067764 15.58974578976631 971.90929466485977 8385.9469709694386 16.035167098045349 328.72092550992966 8764.1096616983414 979.03603559732437 35.633704662322998 72.603673249483109 2454.2714086174965 58.795612692832947 247.65424740314484 207.56632965803146 66.813196241855621 287.29674383997917 2727.7600919008255 92.202210813760757 26.725278496742249 86.857155114412308 1221.7906486093998
leaf_count=1770 88 6050 61 1473 555 848 1058 8 279 3198 35 547 10811 36 738 9305 854 77 163 1943 45 424 130 150 162 2782 207 57 195 688
internal_value=2.87635e-05 -0.00201314 0.058236 -0.00215998 0.00860022 0.0126021 0.00123675 0.113337 0.00524713 -0.00390621 -0.000995661 -0.00366544 -0.00348887 0.00124146 0.00953005 -0.00249569 -0.004549 0.029596 0.0234509 0.00291693 -0.00282441 0.00118802 -0.00809324 -0.00132688 0.0192155 -3.30388e-05 -0.00925873 -0.0242463 0.00813114 0.00951292
internal_weight=45631.2 36852.8 88.6388 36764.2 8778.36 4000.77 12482.9 57.4593 4777.59 24281.3 6252.38 2850.25 22242.1 3402.13 452.548 13856.2 5025.24 123.827 108.237 3112.6 658.333 514.016 266.362 8830.92 1272.12 2949.58 221.82 118.927 102.892 2728.65
internal_count=44737 37893 157 37736 6844 2253 11945 96 4591 25791 5895 1605 24318 4290 1013 13507 4052 275 240 2821 878 599 175 9455 717 3277 495 264 231 1536
is_linear=0
shrinkage=0.03


Tree=35
num_leaves=31
num_cat=0
split_feature=18 21 20 18 18 7 33 33 9 21 18 9 12 24 16 33 33 9 22 24 33 33 24 27 27 45 5 24 16 23
split_gain=833.341 396.82 532.405 204.772 101.64 97.8951 82.1442 76.6528 72.9003 57.9531 50.5872 40.8808 47.3479 53.2751 56.5084 40.7088 40.023 37.9329 34.1874 34.0063 32.3162 31.1294 30.3296 44.0583 30.1203 29.1964 27.6373 24.055 32.17 25.2361
threshold=-0.90882288159716118 -5.3259909715279434 25.508286358260438 -1.5601711881188114 -0.31356619147366155 31.921850000000003 0.046424160376585817 0.048438111716569761 8.6465500000000013 0.30557471101335848 -2.4783585214521433 10.426150000000002 11.653194628099191 0.13930990466364487 17.821425000000001 0.27139285301323973 1.0000000180025095e-35 8.8423500000000015 0.78656609248549325 0.32308142426531927 0.066666953332754353 0.27139285301323973 0.1051661082335764 21.696900000000003 14.612210520841179 0.23403762491107258 31.872150000000001 0.24059136628141839 16.161392148760552 -0.78656609248549325
decision_type=2 2 2 2 2 10 2 2 10 2 2 8 2 2 2 2 2 8 2 2 2 2 2 2 2 2 10 2 2 2
left_child=3 2 -2 5 7 8 -5 -3 9 19 26 15 -13 -14 18 -8 -6 21 27 -1 -10 -9 25 -24 -12 -11 -7 28 -15 -29
right_child=1 4 -4 6 16 10 11 17 20 22 24 12 13 14 -16 -17 -18 -19 -20 -21 -22 -23 23 -25 -26 -27 -28 29 -30 -31
leaf_value=0.01435408896816162 -0.0026087712106608019 0.00016316481425808252 0.1252471390648443 0.0058254576131741781 -0.03712882887821204 0.012427706451944154 -8.1575788140697549e-06 -0.0056226368334069219 0.011773725344671382 0.023109914296377817 -0.024274269741616658 0.014385395976056413 0.0029870056738920256 0.026592308971072693 -0.04637503576473502 -0.0090189944453516815 -0.0047256942915615274 -0.0022773667389292371 0.017188346281443646 -0.010908640771236973 0.004674358007922293 -0.014817084015904529 -0.016098060838757842 -0.060243018241415473 0.012695514255999614 -0.029633621920403523 0.026200191971287628 -0.045546341829135466 -0.016750162588060197 -0.010003709931611473
leaf_weight=109.57364183664322 69.040302783250809 10231.327451169491 49.887186527252197 5196.2849823832512 33.406598120927811 190.194898635149 1523.7862956225872 1564.7650559842587 1199.5195831954479 20.934801489114761 19.153116255998611 287.29674383997917 2017.3131051957607 24.943593263626099 36.079125970602036 640.07041999697685 15131.407263547182 3137.54769551754 43.651288211345673 83.739205956459045 1115.3349559307098 420.47771501541138 58.350191384553909 31.179491579532623 1929.1196861565113 15.58974578976631 443.63962304592133 29.397806346416473 36.96996858716011 45.87839475274086
leaf_count=186 44 9773 88 4766 63 145 859 879 677 47 13 633 1754 56 81 360 16919 4146 98 74 626 236 128 70 1589 35 273 66 83 103
internal_value=-8.92717e-07 -0.0028436 0.0516208 0.00576753 -0.00305753 0.0105758 0.00322855 -0.00133681 0.00650299 -0.00691682 0.0147266 0.000347836 0.00294321 0.0014661 -0.0126268 -0.0026765 -0.00479952 -0.00433203 -0.00567577 0.00341097 0.00835663 -0.00757652 -0.0226574 -0.0319676 0.0123198 0.000407657 0.0220936 -0.0130225 0.000856682 -0.0242994
internal_weight=45735.9 30637.9 118.927 15098 30518.9 5216.33 9881.67 15354.1 2634.22 319.367 2582.11 4685.39 2521.53 2234.23 216.92 2163.86 15164.8 5122.79 180.841 193.313 2314.85 1985.24 126.054 89.5297 1948.27 36.5245 633.835 137.19 61.9136 75.2762
internal_count=44870 32148 132 12722 32016 3863 8859 15034 1843 540 2020 4093 2874 2241 487 1219 16982 5261 406 260 1303 1115 280 198 1602 82 418 308 139 169
is_linear=0
shrinkage=0.03


Tree=36
num_leaves=31
num_cat=0
split_feature=18 4 21 18 48 18 33 9 5 33 7 25 47 5 33 47 18 21 25 25 41 12 35 4 35 21 6 25 33 21
split_gain=801.57 313.821 578.19 207.793 121.025 87.6635 85.8777 58.6747 53.0873 48.9672 42.8535 41.0726 36.6545 61.7856 35.5436 33.2424 32.3653 31.9454 45.9602 46.5826 33.7036 31.3517 30.3341 30.3067 29.2967 27.8209 27.687 28.7099 27.4155 26.9548
threshold=-1.3240509075907594 inf -5.3259909715279434 -0.69843472607260615 0.28030544665204776 -2.0442262277227718 0.17578180413988528 8.2616000000000014 31.612450000000006 0.050581162501478226 31.723950000000006 -0.6391983530350368 13.147232231405729 31.916950000000003 0.063671846211650701 13.147232231405729 -0.17171066306628988 -0.68847399676447718 -0.7614016681079937 -0.9937528315903793 10.518700000000001 23.063741322314836 0.013617110702740208 29.493550000000003 0.004595940237498701 2.1650251341774331 11.772800000000002 -0.98932651372861458 0.13712943034506425 0.73164503939126668
decision_type=2 8 2 2 2 2 2 10 8 2 8 2 2 10 2 2 2 2 2 2 2 2 2 10 2 2 10 2 2 2
left_child=4 3 22 6 10 28 11 15 16 -10 -1 12 -2 17 25 -8 23 -14 19 -19 -21 -22 -3 -5 -16 -12 27 -9 -6 -17
right_child=1 2 -4 8 5 -7 7 26 9 -11 14 -13 13 -15 24 29 -18 18 -20 20 21 -23 -24 -25 -26 -27 -28 -29 -30 -31
leaf_value=-0.010244905523941212 0.0023427330431671513 0.13334577954224619 -0.033288927443178559 -0.00072387760120581402 0.020029019077317033 0.0088510264867838473 0.012179104104977639 -0.019145259002901746 -0.0037853301986528112 -0.0079934858390090253 0.009752108749993136 0.0066815598154656769 0.0040519333995796287 -0.052901845645777032 -0.020349207735378672 0.0036730575263320474 -0.0042784349346432198 0.014361451888583688 0.0030505784955789346 -0.03477827023918257 -0.0045495724709382476 -0.025905322478425072 0.078201644833380393 -0.018904679049423459 0.0028480837281793163 -0.0058187446066388475 -0.00038376985567095554 -0.0073116407334401492 0.010709905618640327 -0.019144580807459538
leaf_weight=173.26888892054558 7034.0933003425598 34.742862045764923 40.53333905339241 7808.680955439806 1122.4616968631744 3144.2290151417255 249.43593263626099 236.96413600444794 10923.512164235115 3223.9594293236732 1324.2375495135784 1695.7189206182957 408.8967610001564 21.380222797393799 49.44176521897316 136.74434164166451 3825.2781955003738 48.105501294136047 265.0256784260273 73.939937174320221 179.05936592817307 93.983896046876907 20.043958872556686 82.402942031621933 1722.889620423317 111.35532706975937 365.69089409708977 834.71953171491623 385.73485296964645 69.485724091529846
leaf_count=320 4797 78 70 8471 645 1794 491 133 12059 2450 1440 2082 903 48 33 307 4133 108 592 166 402 211 18 185 1534 202 206 470 224 156
internal_value=-3.34142e-05 -0.0018681 0.0522137 -0.00200667 0.0085692 0.011708 0.00130825 -0.00454081 -0.00350793 -0.00474479 0.00424815 0.00243613 0.00154932 -0.00356644 0.00503391 0.004832 -0.00201414 -0.00253122 -0.006609 -0.01308 -0.0169148 -0.0119681 0.114935 -0.000916103 0.00218985 0.00854111 -0.00751341 -0.00994363 0.0176542 -0.00407024
internal_weight=45706 37672.4 95.3202 37577.1 8033.62 4652.43 11713.2 1893.04 25863.8 14147.5 3381.19 9820.2 8124.48 1090.39 3207.92 455.666 11716.4 1069.01 660.114 395.089 346.983 273.043 54.7868 7891.08 1772.33 1435.59 1437.37 1071.68 1508.2 206.23
internal_count=44728 38536 166 38370 6192 2663 11072 1763 27298 14509 3529 9309 7227 2430 3209 954 12789 2382 1479 887 779 613 96 8656 1567 1642 809 603 869 463
is_linear=0
shrinkage=0.03


Tree=37
num_leaves=31
num_cat=0
split_feature=18 21 24 18 18 24 7 33 24 18 9 42 24 33 16 24 4 37 33 9 16 24 23 24 21 24 48 41 24 7
split_gain=757.379 364.81 448.788 182.115 89.86 88.8849 85.5414 72.0466 69.5692 58.3483 57.762 54.0423 43.2237 37.7184 34.724 53.8232 32.0773 29.6037 29.3064 27.1481 57.6375 78.1856 54.9853 31.9702 26.5302 24.8867 38.6502 27.3006 24.5642 42.1487
threshold=-0.90882288159716118 -5.3259909715279434 -0.16905184689101435 -1.5601711881188114 -0.31356619147366155 -0.049434980436038223 31.630450000000007 0.071262893570216077 0.30675521904633613 -2.6696350990098998 8.4005000000000027 0.37568539239435539 0.79184907943689831 0.17061782634493972 17.036600000000004 0.1051661082335764 29.493550000000003 1.0000000180025095e-35 0.20291850745229439 10.576350000000001 15.532925000000002 0.22386011952790016 -0.70710678118654757 0.17328881712428665 3.4170773775016516 -0.78856175031405207 0.16975989545263256 8.5837000000000021 0.12225609522135446 31.580250000000003
decision_type=2 2 2 2 2 2 10 2 2 2 10 2 2 2 2 2 10 2 2 8 2 2 2 2 2 2 2 2 2 10
left_child=3 2 -2 5 8 9 -7 25 16 -1 11 12 24 -11 -8 -16 -3 -6 -12 -9 23 -22 -23 -21 -10 -5 27 -27 -29 -30
right_child=1 4 -4 7 17 6 14 19 10 13 18 -13 -14 -15 15 -17 -18 -19 -20 20 21 22 -24 -25 -26 26 -28 28 29 -31
leaf_value=0.022449842946388573 0.11710895604455553 0.000435366458520935 -0.0067503850801968347 0.0097454862544197225 -0.030228348675123355 -0.038336500975808818 0.0081067742951024396 -0.0026920234579636965 0.00020097000935836065 0.012674645409005965 -0.0064408936303622169 -0.037458636194925253 -0.0078179519872667337 0.0031443142473518543 0.0012695403132055214 -0.040575559336569027 -0.015978575574097331 -0.0044391987079379419 -0.015922189468699374 0.058489541010670276 0.0019406581616384416 -0.058640312290249991 -0.0084006655089825279 0.013358297345790089 -0.025793786753455925 0.0067150787708861156 0.0056034963729831473 0.00037513647586528 -0.038580568371634656 -0.0060104536789743713
leaf_weight=489.07259649038315 49.887186527252197 9749.3815956115723 54.341399610042572 887.72466740012169 39.197075128555298 39.642496436834335 1357.6441476345062 1901.503565043211 3099.6868843138218 2508.6128082275391 1140.2785491943359 37.415389895439148 822.69315639138222 440.07625257968903 442.30335912108421 28.506963729858398 107.34653529524803 15172.831445217133 395.53412175178528 14.253481864929197 1532.2493004798889 31.179491579532623 51.22345045208931 217.36559844017029 34.742862045764923 306.44986009597778 4202.9954649209976 463.23816061019897 40.978760361671448 245.42714086174965
leaf_count=276 91 10116 32 1153 76 83 1170 1071 3272 1696 640 84 473 262 381 58 241 16859 222 32 1499 70 115 488 78 376 2614 1040 92 266
internal_value=3.03978e-05 -0.00268096 0.0530822 0.00550688 -0.00287263 0.00999067 0.00471974 0.00310173 -0.00125605 0.0128527 -0.00394875 -0.00204663 -0.00170242 0.0112538 0.00567369 -0.00134476 0.000255005 -0.00450763 -0.00889148 -0.000176761 0.0024138 0.000402182 -0.0278854 0.0163751 -9.52975e-05 0.00510037 0.00431458 -0.000815444 -0.00389872 -0.0107886
internal_weight=45903.8 30703.3 104.229 15200.4 30599.1 5305.86 1868.1 9894.59 15387.1 3437.76 5530.35 3994.54 3957.12 2948.69 1828.45 470.81 9856.73 15212 1535.81 3747.77 1846.27 1614.65 82.4029 231.619 3134.43 6146.81 5259.09 1056.09 749.644 286.406
internal_count=44926 32184 123 12742 32061 3926 1692 8816 15126 2234 4769 3907 3823 1958 1609 439 10357 16935 862 3275 2204 1684 185 520 3350 5541 4388 1774 1398 358
is_linear=0
shrinkage=0.03


Tree=38
num_leaves=31
num_cat=0
split_feature=36 4 21 36 14 33 33 3 9 21 3 3 3 9 6 3 33 21 30 48 25 11 8 9 21 25 46 47 34 8
split_gain=611.136 275.752 529.491 136.632 96.0344 86.0225 64.7019 53.9209 53.3016 73.1894 51.2302 45.9285 45.7985 42.6966 39.9755 29.0193 28.2383 33.492 32.9513 27.1089 32.2724 97.3554 31.3384 26.3345 26.1988 32.149 36.3116 24.663 24.5042 21.5153
threshold=5.4126400826440957 1.0000000180025095e-35 -4.1343037113074326 10.033500000000002 1.5099000000000002 0.028918275652680434 0.15481605429239706 6.8275000000000015 12.942850000000002 -2.2899431127203065 7.4615000000000009 8.0775000000000023 6.7345000000000015 8.8566500000000019 7.8743500000000006 6.2545000000000011 0.23777535756816034 2.1650251341774331 17.103545041322519 0.26633109619686807 -0.76696334127844745 27.031800000000004 7.8460500000000009 9.0450000000000017 1.2692032247584708 -0.97874870457683594 0.22824123353928102 9.1743500000000022 13.761604407713865 9.0636500000000009
decision_type=2 10 2 2 2 2 2 2 8 2 2 2 2 8 10 2 2 2 2 2 2 2 8 10 2 2 2 2 2 8
left_child=1 2 -1 5 -3 12 7 29 14 -10 13 27 -2 15 -8 -7 17 -12 -19 20 21 -9 -22 -13 25 26 -11 -5 -26 -6
right_child=3 4 -4 11 6 10 8 19 9 24 16 23 -14 -15 -16 -17 -18 18 -20 -21 22 -23 -24 -25 28 -27 -28 -29 -30 -31
leaf_value=0.11378515049502701 0.0034906624918913829 -0.0044263864355122157 -0.033666327952372017 -0.012825901139517691 -0.0047015976714742695 -0.017018348570645669 -0.011832617926825544 -0.00097401477748531912 0.032281923349626651 0.053665426720697525 0.0080755488428284946 0.0082237987604123087 0.0094732126505357589 0.0016403604369178899 -0.0030332623486128657 -0.0030631443499752283 0.00036333563574388722 -0.028366217239939321 0.012626727954696238 0.0043325591696092916 -0.0057660390590968426 -0.02613266204336134 0.0025516054514566132 0.029510334370351967 -0.0026412031134626498 -0.00039170452778255934 -0.009991043223186058 0.012133207699705106 -0.030410307686484065 -0.0011966241991371086
leaf_weight=49.887186527252197 1811.9738820791245 13085.587194621563 37.860811203718185 36.079125970602036 2260.9585608243942 165.69672667980194 1080.1466725766659 2055.1739163994789 63.695247083902359 20.489380180835724 1907.7394633591175 69.040302783250809 3167.3909231722355 3753.1199435591698 816.45725807547569 689.51218521595001 716.6828850209713 44.542130827903748 28.061542421579361 1945.6002745628357 450.76636397838593 147.4344530403614 4181.1698208153248 228.05570983886719 70.821988016366959 405.3333905339241 12.471796631813048 1068.1202972531319 47.214658677577972 5202.9663020074368
leaf_count=94 1509 14792 70 24 2097 93 607 2421 143 46 1334 59 2545 3554 459 387 493 85 21 1104 253 331 4545 128 159 892 28 1066 106 5333
internal_value=-3.36946e-05 -0.00230682 0.0505015 0.00527004 -0.00245391 0.00425692 -0.00107794 -0.00038434 -0.00555296 0.0020805 0.00218386 0.0141424 0.00729732 0.000261658 -0.00804823 -0.00578368 0.00546695 0.00731282 -0.012566 0.00120922 0.000319596 -0.00266914 0.00174109 0.0246079 -0.00142903 0.00195649 0.0299942 0.0113068 -0.013911 -0.00225883
internal_weight=45620.1 31934 87.748 13686 31846.3 12284.7 18760.7 16244.1 2516.63 620.026 7305.35 1401.3 4979.36 4608.33 1896.6 855.209 2697.03 1980.34 72.6037 8780.14 6834.54 2202.61 4631.94 297.096 556.331 438.295 32.9612 1104.2 118.037 7463.92
internal_count=44778 33480 164 11298 33316 10021 18524 16084 2440 1374 5967 1277 4054 4034 1066 480 1933 1440 106 8654 7550 2752 4798 187 1231 966 74 1090 265 7430
is_linear=0
shrinkage=0.03


Tree=39
num_leaves=31
num_cat=0
split_feature=18 4 24 18 24 18 47 24 22 24 24 40 34 18 24 8 24 24 5 5 22 5 3 4 48 7 24 9 5 46
split_gain=648.267 299.778 416.695 143.11 120.139 104.371 78.6756 98.3426 76.4156 50.4166 47.8817 41.3532 40.1009 34.7181 33.9889 35.3188 28.2052 56.1433 27.1689 26.6413 25.6736 23.2511 22.5636 21.3557 21.3474 21.4602 21.3127 22.3008 20.5228 20.0645
threshold=-1.1880338162724191 1.0000000180025095e-35 -0.48314718476766422 -0.63600605280528011 -0.15207348400340251 -1.9928895841584156 11.855950000000002 0.019350803001866129 -0.37940952255126065 0.88469195212971963 -0.77786766366919291 19.532566254303671 9.1915049586777773 -0.14746820423859128 0.29033824002281988 8.554800000000002 0.43442111757849838 0.48030317736429479 31.819350000000004 31.890650000000004 1.0000000180025095e-35 31.653050000000004 8.2365000000000013 29.493550000000003 0.31265311094867881 31.567350000000001 -0.78856175031405207 10.800350000000002 32.000750000000004 0.10643525320252549
decision_type=2 10 2 2 2 2 2 2 2 2 2 2 2 2 2 10 2 2 8 10 2 8 2 10 2 10 2 8 8 2
left_child=4 2 -2 10 5 11 12 -8 -4 13 -3 -1 16 14 23 -16 -6 -18 -11 22 21 -14 -9 29 25 28 -7 -28 -12 -5
right_child=1 3 8 9 6 26 7 19 -10 18 24 -13 20 -15 15 -17 17 -19 -20 -21 -22 -23 -24 -25 -26 -27 27 -29 -30 -31
leaf_value=0.032113833652326319 0.11136579360152418 0.0053082992346057357 0.045423595444364868 0.010350082138041316 0.01950962431713096 0.012597701426084249 0.015162724004344388 -0.011027746470090475 -0.039643973061255798 -0.018666780094540342 -0.0022922741299533375 0.015305556161805499 0.012699148770951787 -0.0044389105158257188 -0.0025891382130813251 -0.0085502279634646627 -0.028530537525830044 -0.00052269898398039363 -0.0069794298702235786 -0.037509884967658946 0.0073505035024476152 0.0014036362461641589 -0.042562605430655993 -0.017457969185340878 0.0021867901259016152 0.00043400616718871705 0.01102235345688707 0.0051571621874228939 -0.012516503058048016 -0.00091499521550451142
leaf_weight=149.66155958175659 48.550922602415085 1719.3262499570847 12.471796631813048 143.8710825741291 36.96996858716011 606.21840056777 105.11942875385284 212.46596404910088 31.624912887811661 203.11211657524109 2738.8956246078014 1118.8983263969421 181.73189377784729 9187.705325871706 3780.7360646724701 1171.4580407738686 85.966312497854233 248.54509001970291 1489.4888548851013 53.895978301763535 2308.6186408102512 1604.852973729372 21.825644105672836 68.149460166692734 2595.0245420336723 3961.5771158337593 753.65285360813141 2594.5791207253933 187.96779209375381 8027.8282391130924
leaf_count=84 91 2123 19 281 44 752 236 477 56 114 3140 670 234 11729 2911 1259 49 195 836 121 1742 1071 49 153 1464 3944 426 1847 128 8267
internal_value=-4.21092e-05 -0.00195515 0.0516493 -0.0020974 0.00666772 0.00982625 0.00327195 -0.00957541 -0.0151107 -0.0034009 0.000703596 0.0173123 0.0044051 -0.00302305 -0.00203671 -0.0040007 -0.00502267 -0.00778404 -0.00839211 -0.0186201 0.00526132 0.00255908 -0.0141338 -0.000855994 -0.000131696 -0.00100531 0.00742101 0.00648025 -0.00295294 -0.00071542
internal_weight=45450.8 35367.8 92.6476 35275.1 10083 5223.01 4859.99 393.307 44.0967 24072.3 11202.8 1268.56 4466.68 22379.7 13192 4952.19 371.481 334.511 1692.6 288.188 4095.2 1786.58 234.292 8239.85 9483.47 6888.44 3954.45 3348.23 2926.86 8171.7
internal_count=44512 36515 166 36349 7997 3779 4218 883 75 25550 10799 754 3335 24600 12871 4170 288 244 950 647 3047 1305 526 8701 8676 7212 3025 2273 3268 8548
is_linear=0
shrinkage=0.03


Tree=40
num_leaves=31
num_cat=0
split_feature=18 4 21 18 7 48 24 47 24 27 9 6 3 21 24 16 43 34 24 7 12 24 34 22 42 21 4 30 21 46
split_gain=670.823 259.862 465.499 141.989 110.932 68.7455 68.0957 57.5099 107.852 44.6651 44.2283 61.849 41.7953 41.1908 38.1043 52.8093 36.2829 35.2587 44.4117 41.7054 34.3781 31.3513 30.9959 30.2876 30.1472 25.3778 24.8755 23.8331 29.0238 29.3639
threshold=-1.214499690996252 inf -3.5720357350769709 -0.49914355710111552 32.073750000000011 0.20144638624936323 -0.032247759394263838 14.916150000000002 0.15632249006386423 15.508150000000002 8.4243500000000022 11.772800000000002 8.0775000000000023 2.6779629971530761 0.24059136628141839 16.063097933884492 0.53660771852261235 9.1915049586777773 0.48030317736429479 31.780550000000002 7.2704000000000013 0.88469195212971963 13.674363223140501 0.78656609248549325 0.41028569231360784 -3.5720357350769709 29.723050000000004 11.145842148760588 -2.8890864837557833 0.22570483177851433
decision_type=2 8 2 2 10 2 2 2 2 2 10 10 2 2 2 2 2 2 2 8 2 2 2 2 2 2 10 2 2 2
left_child=4 3 9 6 5 13 26 10 24 -3 14 27 -6 17 15 -8 -10 18 -1 -19 -16 -5 -22 25 -9 -7 -2 -12 29 -29
right_child=1 2 -4 21 12 23 7 8 16 -11 11 -13 -14 -15 20 -17 -18 19 -20 -21 22 -23 -24 -25 -26 -27 -28 28 -30 -31
leaf_value=-0.029149985746201333 0.0021188090678812359 0.11986559054614819 -0.038012803978552334 -0.0032893926313160549 0.011393022618619913 -0.0038053038303953418 0.040711587327190699 0.038937692680143028 -0.025119349067702315 0.057921666699355771 -0.0086300314852311277 0.0034753643211675304 0.022725023830131239 -0.023527427006837603 -0.019823415465471114 0.0020239159110663624 -0.061309806779983787 -0.0090987169814677089 -0.001468344971690952 0.0051990550153843493 0.0017041500004988067 -0.0077003066071946544 -0.01759064600522852 0.010264438676625963 -0.0024015186432160412 0.0061781477699214158 -0.020007771165267658 -0.006037257950635826 -0.0015521082291502059 -0.028125862136694168
leaf_weight=70.376566708087921 8375.7022808790207 37.860811203718185 34.297440737485886 19030.625396221876 1513.9870268404484 242.75461301207542 50.778029143810272 17.371431022882462 95.765581279993057 18.707694947719574 1309.5386463403702 873.47118553519249 364.35463017225266 62.358983159065247 71.267409324645996 82.402942031621933 34.297440737485886 216.02933451533318 194.20369040966034 1193.2836848795414 2590.1249076426029 1569.6646903753281 76.167043715715408 1790.5936592817307 116.25496146082878 3915.2532997727394 44.987552136182785 192.42200517654419 1436.0382978916168 74.830779790878296
leaf_count=41 8619 82 68 21218 1368 152 114 39 215 18 735 491 272 140 40 185 77 455 136 1401 2944 881 171 1128 261 2472 101 108 809 42
internal_value=2.74947e-06 -0.00186727 0.0485253 -0.00199566 0.0070677 0.00546899 0.000179251 -0.00200242 -0.0157204 0.100742 -0.00146484 -0.0035505 0.0136021 0.00021674 0.00135891 0.0169679 -0.0350577 0.00111482 -0.00891351 0.0030025 0.000593619 -0.00362585 0.00114657 0.0070017 0.00322189 0.00559451 0.00199824 -0.0055879 -0.00324533 -0.0123039
internal_weight=45695.8 36132.6 90.8659 36041.7 9563.2 7684.85 15441.4 7020.73 263.689 56.5685 6757.04 3886.3 1878.34 1736.25 2870.74 133.181 130.063 1673.89 264.58 1409.31 2737.56 20600.3 2666.29 5948.6 133.626 4158.01 8420.69 3012.83 1703.29 267.253
internal_count=44783 37218 168 37050 7565 5925 14951 6231 592 100 5639 2185 1640 2173 3454 299 292 2033 177 1856 3155 22099 3115 3752 300 2624 8720 1694 959 150
is_linear=0
shrinkage=0.03


Tree=41
num_leaves=31
num_cat=0
split_feature=18 4 21 18 18 33 33 9 25 43 18 33 18 9 21 47 9 21 25 47 12 25 25 4 35 21 47 47 5 21
split_gain=601.388 311.286 396.678 127.537 106.334 86.0882 51.9927 45.0666 41.6803 41.1633 36.7446 36.2833 47.1012 43.7972 35.1812 32.4731 30.4219 30.1377 28.2293 64.5837 25.2513 32.055 23.4347 25.6835 22.5759 20.4467 52.8878 19.3208 59.3937 27.9499
threshold=-1.1880338162724191 1.0000000180025095e-35 -3.5720357350769709 -0.63600605280528011 -2.3471022376237616 0.18249497527329914 0.21869445961584758 12.885900000000001 -0.98521978256641018 0.18292688496664075 -1.6130952412239628 0.078957220484682025 -0.27126515511551114 14.501250000000001 -2.3475783598605147 10.646752892562214 11.000500000000001 -2.6541244522099263 -0.77243990499604276 23.057100000000002 9.0966000000000005 -0.88220415136009767 -0.98521978256641018 20.100300000000001 0.028401877872188005 1.3533423444261949 14.199350000000001 12.836985537190204 31.878550000000001 -0.50678351095386531
decision_type=2 10 2 2 2 2 2 8 2 2 2 2 2 8 2 2 8 2 2 2 2 2 2 10 2 2 2 2 10 2
left_child=4 2 9 6 8 10 18 -8 15 -2 25 12 -5 -13 -9 -1 -10 -15 19 27 21 -12 23 -16 -7 -6 -27 -3 29 -29
right_child=1 3 -4 11 5 24 7 14 16 -11 20 13 -14 17 22 -17 -18 -19 -20 -21 -22 -23 -24 -25 -26 26 -28 28 -30 -31
leaf_value=0.01075146754384184 0.10844290945717863 0.0013010539498528038 -0.03360612571206055 -0.00097482790166662022 0.010364247745911406 -0.010249669748868859 -0.0077846480667328197 0.031666505531786238 0.026264879503019381 0.040750866441554116 -0.027989447901286262 -0.0085085485707953167 -0.0038561780582406719 0.039792171112067183 0.052212892084939004 -0.018186249259795669 0.013091240964740946 -0.0010766275458930269 0.0035474398888871586 -0.021278747125146168 0.0057125618569377791 0.00076849402046369377 -0.0023816928544146978 0.0043880130642625749 0.0006730549492937034 0.0062688337131837045 -0.035000288742591826 0.0026857160184626415 -0.041138648848490368 -0.0098058763041455367
leaf_weight=348.76488438248634 49.887186527252197 5328.5751109421253 31.179491579532623 8476.8129178583622 2664.9556874334812 191.08574125170708 1043.1767039895058 38.306232511997223 354.55536139011383 11.580954015254973 41.424181669950485 2130.8955388069153 12842.832581609488 15.58974578976631 14.698903173208235 37.860811203718185 290.41469299793243 767.90633547306061 3715.2591323554516 122.04543846845627 3967.8130141496658 195.98537564277649 237.40955731272697 28.952385038137436 1501.0698089003563 297.096012622118 29.843227654695511 435.17661818861961 35.633704662322998 254.78098833560944
leaf_count=222 94 3677 64 8009 1903 138 587 86 199 8 36 1199 14769 35 33 85 184 1715 3973 274 3355 155 527 65 1243 286 67 974 80 572
internal_value=5.07694e-05 -0.00177044 0.0528536 -0.00191453 0.00658196 0.00552267 0.000724538 -0.0047674 0.0156957 0.0965458 0.00695402 -0.00314006 -0.00271064 -0.00627944 0.00508164 0.0078781 0.0203626 -0.000213747 0.00148145 0.000238302 0.00514382 -0.00434566 0.00135892 0.021301 -0.000565713 0.00949576 0.00240652 0.000675505 -0.00391385 -0.00193458
internal_weight=45501.6 35580.7 92.6476 35488.1 9920.87 8889.27 11254 1362.54 1031.6 61.4681 7197.12 24234 21319.6 2914.39 319.367 386.626 644.97 783.496 9891.47 6176.21 4205.22 237.41 281.061 43.6513 1692.16 2991.89 326.939 6054.17 725.591 689.958
internal_count=44614 36741 166 36575 7873 7183 10848 1298 690 102 5802 25727 22778 2949 711 307 383 1750 9550 5577 3546 191 625 98 1381 2256 353 5303 1626 1546
is_linear=0
shrinkage=0.03


Tree=42
num_leaves=31
num_cat=0
split_feature=18 4 21 18 18 7 33 33 24 35 33 9 24 15 33 3 33 12 9 11 20 9 9 21 43 3 43 24 21 18
split_gain=577.2 250.988 352.724 130.888 81.4005 71.4115 67.1359 54.6114 34.4168 31.7951 31.2838 32.8948 54.9607 37.9633 25.6179 24.0717 23.3572 21.6899 44.9034 22.1784 20.9828 20.7723 20.6695 43.4843 22.0214 22.3806 19.2531 18.6276 29.516 19.05
threshold=-0.98426213861386092 1.0000000180025095e-35 -3.5720357350769709 -1.7540165847310278 -0.34882583978390963 31.968050000000002 0.035992925230765881 0.02633628675427863 0.30675521904633613 0.013617110702740208 0.10777221658046673 8.3671500000000023 0.1051661082335764 19.385581834983501 0.20291850745229439 8.0935000000000006 0.25887020686050383 13.869746694215335 8.6012000000000022 16.871750000000002 11.622170150199674 8.3671500000000023 8.2616000000000014 -2.2407821182848378 0.25439808418531834 7.7485000000000008 0.00031316201528964045 0.30675521904633613 0.59422694492431927 -0.063543643564356586
decision_type=2 10 2 2 2 10 2 2 2 2 2 10 2 2 2 2 2 2 10 2 2 10 10 2 2 2 2 2 2 2
left_child=3 2 9 5 7 10 -5 -3 17 -2 11 12 -1 -14 26 -7 -8 18 19 -9 -4 -17 23 -18 -25 -26 -10 29 -29 -6
right_child=1 4 20 6 27 15 16 8 14 -11 -12 -13 13 -15 -16 21 22 -19 -20 -21 -22 -23 -24 24 25 -27 -28 28 -30 -31
leaf_value=0.012056292537867167 0.11051785306909027 0.00095566753859998026 -0.046261635212858004 0.0060864525550609876 -0.0018128964982944158 0.012121047231302261 0.0021998389190051701 0.053853261153006059 -0.014576621838314147 0.060125153406875846 0.0015739681112319343 0.010656760384964135 -0.011837260420304981 -0.074100039750154514 -0.0094365307786380345 -0.0015120701797928084 0.039857031455632387 -0.0016954007367791658 0.0007621828110958575 0.015990283397998829 0.0054164435181672495 0.021517642856115959 -0.0044905252072464296 0.007027309408351075 -0.027508244193317911 0.011728847186763451 -0.002716591482115849 -0.0042540528401740999 -0.01040422822401665 -0.0042773363243429965
leaf_weight=50.332607835531235 34.297440737485886 8141.856094032526 22.716486722230911 4604.3200636804104 5330.3567961752415 1203.0829536616802 4229.7207434177399 16.035167098045349 129.17217940092087 23.607329338788986 805.76714667677879 1094.8455757498741 24.052750647068024 13.362639248371122 832.93784648180008 37.860811203718185 28.061542421579361 3696.551437407732 524.26087984442711 86.857155114412308 9.7992687821388227 486.40006864070892 957.21039149165154 138.52602687478065 39.197075128555298 18.707694947719574 2323.3175439834595 3958.013745367527 853.87264797091484 6006.0609208345413
leaf_count=113 77 7758 51 4067 5583 976 3529 36 89 20 546 616 51 30 715 82 63 4261 298 177 16 273 538 305 88 42 2123 2553 951 8759
internal_value=6.40559e-05 -0.00214435 0.0474931 0.00520869 -0.00228653 0.0100169 0.0034241 -0.000752003 -0.00257911 0.0913426 0.00613566 0.00923984 -0.00836016 -0.035424 -0.00489321 0.0144784 0.00115812 -0.000819993 0.0043343 0.0223526 -0.0309905 0.0198548 -0.00256926 0.00560639 0.000536341 -0.0148477 -0.00334694 -0.00378317 -0.00534734 -0.00311882
internal_weight=45721.2 31989.7 90.4205 13731.4 31899.3 3715.7 10015.7 15751 7609.13 57.9048 1988.36 1182.59 87.748 37.4154 3285.43 1727.34 5411.42 4323.7 627.153 102.892 32.5158 524.261 1181.7 224.492 196.431 57.9048 2452.49 16148.3 4811.89 11336.4
internal_count=44786 33467 164 11319 33303 2687 8632 15457 7699 97 1356 810 194 81 2927 1331 4565 4772 511 213 67 355 1036 498 435 130 2212 17846 3504 14342
is_linear=0
shrinkage=0.03


Tree=43
num_leaves=31
num_cat=0
split_feature=18 4 20 18 7 33 48 33 24 9 33 16 24 23 24 11 27 46 49 24 18 33 3 22 24 6 7 21 7 6
split_gain=537.986 210.749 407.597 139.114 88.3206 64.3935 60.577 49.5306 40.0599 33.1975 46.1948 34.3651 85.5413 70.5592 45.9733 35.6936 31.4924 43.6837 37.6179 31.1359 35.4977 34.7099 28.0814 26.9693 26.3562 26.1059 22.9438 21.1511 20.9063 20.3023
threshold=-1.2820838641681094 1.0000000180025095e-35 22.813904250355044 -0.56891391419141868 32.073750000000011 0.035321608117428384 0.17517110771479835 0.034650291004067919 -0.67166439702596292 10.388400000000003 0.27139285301323973 16.161392148760552 0.22386011952790016 -0.60355339059327384 0.35544221683359195 16.871750000000002 18.045950000000005 0.029033145283048005 31.799050000000005 0.30675521904633613 -0.095750877642300822 0.10488038901529657 7.8305000000000016 0.60355339059327384 -0.77786766366919291 13.216050000000001 31.667850000000005 -3.1899366828935904 30.742100000000004 11.839350000000001
decision_type=2 10 2 2 10 2 2 2 2 8 2 2 2 2 2 2 2 2 2 2 2 2 2 2 2 8 8 2 8 10
left_child=4 2 -2 5 6 28 8 -8 -1 10 29 14 -13 -14 15 -11 17 18 -10 20 25 -21 -6 -9 -4 -5 -17 -16 -3 -7
right_child=1 3 24 19 22 9 7 23 16 11 -12 12 13 -15 27 26 -18 -19 -20 21 -22 -23 -24 -25 -26 -27 -28 -29 -30 -31
leaf_value=0.013318236193661029 -0.026092350152321746 -0.026994989543549383 0.11286461851749587 0.031619710308665346 0.01019616321360031 -0.002897839156868929 0.009542000726646991 0.0018391173480824684 -0.026133548502554362 0.067301685416346096 -0.010210646862819845 0.00015266106465230741 -0.057588976892418049 -0.0080226740683941727 0.025419299926332278 -0.0067579694815596515 -0.013978046492382856 0.0098808671894386243 -0.001747908366731499 -0.0037748695465358644 -0.0039944121953638095 -0.0090324346922352021 0.018407754762485257 0.0072339424844163162 0.063356301800173487 -0.0011528221502631803 0.021777358209726361 -0.00024253970817097916 0.002643437779852563 0.0044856966831545025
leaf_weight=126.49965155124664 43.651288211345673 20.489380180835724 34.297440737485886 20.934801489114761 1224.9085977673531 2090.3621997535229 2460.9527282416821 2101.9431537687778 75.721622407436371 12.471796631813048 748.753219217062 3169.1726084053516 40.53333905339241 69.485724091529846 30.288648962974548 31.179491579532623 233.40076553821564 207.12090834975243 221.37439021468163 6079.1100153923035 6773.5218349993229 1388.3782179057598 543.85941740870476 1382.5877408981323 20.489380180835724 8260.783583343029 126.05423024296761 379.49895465373993 7373.0589159429073 398.2066496014595
leaf_count=284 80 46 77 38 1094 1177 1574 1392 50 28 421 3386 91 156 68 70 500 258 128 4612 9603 1089 408 941 16 8694 259 852 7079 225
internal_value=-1.21834e-05 -0.00157736 0.0420388 -0.00169449 0.00675829 0.000598553 0.00520551 0.0062841 -0.00221436 -0.00144278 -0.00368252 0.000436765 -0.000754037 -0.0266382 0.00716488 0.020246 -0.00489258 -0.000667601 -0.00802996 -0.00316964 -0.0023838 -0.00475345 0.01273 0.00398113 0.0958169 -0.00106617 0.0161118 0.00171147 0.00255766 -0.00171504
internal_weight=45689.1 37110.7 98.4381 37012.3 8578.37 14489.6 6809.6 5945.48 864.117 7096.01 3237.32 3858.68 3279.19 110.019 579.493 169.706 737.618 504.217 297.096 22522.7 15055.2 7467.49 1768.77 3484.53 54.7868 8281.72 157.234 409.788 7393.55 2488.57
internal_count=44696 38067 173 37894 6629 13858 5127 3907 1220 6733 1823 4910 3633 247 1277 357 936 436 178 24036 18335 5701 1502 2333 93 8732 329 920 7125 1402
is_linear=0
shrinkage=0.03


Tree=44
num_leaves=31
num_cat=0
split_feature=18 4 21 18 33 18 33 24 9 21 40 20 25 4 7 22 24 47 9 24 7 21 5 21 34 21 33 5 15 18
split_gain=498.839 254.41 343.179 135.286 76.3535 59.378 54.4617 52.7894 47.7001 45.5802 35.8773 33.9939 32.4798 56.7923 28.0086 26.6403 23.3361 49.483 52.934 43.6951 38.3695 26.8249 24.9423 23.1001 27.7577 22.9774 27.5489 23.8838 28.4374 22.8104
threshold=-0.91847368316831701 1.0000000180025095e-35 -3.5720357350769709 -1.8654676963696362 0.046424160376585817 -0.31356619147366155 0.078957220484682025 -0.15207348400340251 13.048600000000002 -2.3175681864055417 20.107701485968828 27.107105165274351 -0.98521978256641018 21.279750000000003 31.703650000000007 0.25881904510252091 -0.15207348400340251 13.147232231405729 8.2476500000000019 0.036545658007091128 31.672750000000004 -3.6470673344219589 31.959150000000005 1.2692032247584708 13.119382920110427 -3.4966749002512576 0.39778120954447987 31.772650000000002 19.841623264053855 -1.2677739570957083
decision_type=2 10 2 2 2 2 2 2 8 2 2 2 2 10 10 2 2 2 10 2 8 2 10 2 2 2 2 10 2 2
left_child=3 2 11 7 29 6 -3 10 -8 -10 -1 -2 13 -11 -9 -16 -6 18 20 -19 -18 -22 -21 -14 -25 27 -27 -20 -29 -5
right_child=1 5 -4 4 16 -7 8 14 9 12 -12 -13 23 -15 15 -17 17 19 25 22 21 -23 -24 24 -26 26 -28 28 -30 -31
leaf_value=0.025483415678861983 0.047115866002385431 -3.1478279847180435e-05 -0.029706716651275798 0.0072736702982607376 0.0030012933865257926 -0.0036659631789154887 -0.0063420455614781185 -0.01779596928040254 0.020610788885300234 0.041261533452337983 0.012205271230847341 0.10862428656792941 8.9707621515067503e-06 -0.007332079724765966 0.001095824287417057 0.0099048966738055338 -0.01467529345469781 0.015128251529403211 -0.020762269352244438 -0.019464476261510804 0.040603698980516682 0.0092234811925099736 -0.069247529515392134 -0.0019961564586110101 -0.02533112516340829 0.00064523923093146301 -0.0087175184411503771 0.00035737799227084419 -0.022406153774759754 0.0036332004132304295
leaf_weight=212.02054274082184 12.917217940092085 11853.997277230024 30.734070271253586 2987.8861359357834 2193.6999432742596 15090.428503185511 2655.1564186513424 42.31502428650856 97.547266513109207 41.869602978229523 1363.4346246421337 40.53333905339241 693.52097699046135 43.205866903066635 483.28211948275566 856.9905971288681 58.350191384553909 32.515755504369736 103.33774352073669 142.08939734101295 24.943593263626099 487.73633256554604 8.9084261655807477 109.12822052836418 78.394150257110596 2004.8413085639477 328.27550420165062 249.43593263626099 60.577297925949097 3223.9594293236732
leaf_count=119 14 11391 63 2445 1724 16851 1494 62 219 94 859 82 1518 97 362 700 131 73 58 319 56 990 20 245 176 1129 185 140 34 3032
internal_value=2.12515e-07 -0.00218117 0.0495927 0.00451225 0.00308521 -0.00232493 -0.00102528 0.0102533 -0.00419222 0.00117514 0.0140072 0.094898 -0.000806521 0.0167846 0.00596866 0.00673166 0.000575914 -0.000944229 -0.000103192 -0.0160653 0.00819935 0.0108263 -0.0228378 -0.00252226 -0.011834 -0.00183177 -0.000675295 -0.00834196 -0.00414841 0.00538515
internal_weight=45612 30747.4 84.1846 14864.6 11906.6 30663.2 15572.8 2958.04 3718.82 1063.67 1575.46 53.4506 966.119 85.0755 1382.59 1340.27 5694.71 3501.01 3317.5 183.514 571.03 512.68 150.998 881.043 187.522 2746.47 2333.12 413.351 310.013 6211.85
internal_count=44682 32244 159 12438 10336 32085 15234 2102 3843 2349 978 96 2130 191 1124 1062 4859 3135 2723 412 1177 1046 339 1939 421 1546 1314 232 174 5477
is_linear=0
shrinkage=0.03


Tree=45
num_leaves=31
num_cat=0
split_feature=18 4 20 18 24 47 40 24 24 18 33 25 24 47 25 11 49 15 9 40 33 49 9 9 16 24 40 24 33 24
split_gain=483.262 193.285 342.075 117.078 68.0031 68.9838 59.0273 54.3086 53.3813 47.5157 46.5461 37.1361 40.3414 45.2202 28.7428 28.1769 28.1301 26.0478 46.8284 25.5862 23.94 23.8685 23.4878 22.7565 38.1719 65.6118 44.5377 36.907 23.1177 22.6512
threshold=-0.90000600163634903 1.0000000180025095e-35 22.813904250355044 -1.4990014455445546 -0.15207348400340251 12.148023140496196 20.738387962461726 0.79184907943689831 0.036545658007091128 -0.17171066306628988 0.035992925230765881 -0.79382744783423187 0.30675521904633613 14.916150000000002 0.9483965485850524 29.498450000000002 31.593050000000002 16.325146346534655 8.7373000000000012 15.228357631904325 0.10777221658046673 31.815650000000002 7.1799500000000007 12.243550000000001 15.532925000000002 0.13930990466364487 18.732106188122749 0.17328881712428665 0.27139285301323973 0.24059136628141839
decision_type=2 10 2 2 2 2 2 2 2 2 2 2 2 2 2 2 2 2 10 2 2 2 10 8 2 2 2 2 2 2
left_child=3 2 14 4 6 20 -1 9 -7 11 -5 12 17 16 -2 -13 19 18 -3 -14 -6 22 -9 28 27 -26 29 -25 -12 -27
right_child=1 7 -4 10 5 8 -8 21 -10 -11 23 15 13 -15 -16 -17 -18 -19 -20 -21 -22 -23 -24 24 25 26 -28 -29 -30 -31
leaf_value=0.022625061404766098 0.0053918120173342427 0.052475426578314999 0.092993853955134972 0.0045575083857518741 0.0079246255659139488 0.013272145825205237 0.0093033973412343755 -0.027717250304726628 -0.024749179306897854 -0.0035944809027558095 0.00029975073541809068 0.00033528231671725486 0.0066621298419980201 -0.040955305139444606 -0.043561970675893139 -0.014706813766580272 -0.0067495365672176708 -0.001119745612667675 -0.0042979112847212567 -0.0068695000268732135 0.002168669211862206 -0.0048972981769676537 -0.0088152322604412459 0.056796312967826716 0.0040851246814443687 0.0025168989881031553 -0.045282693485235094 0.010576271569605963 -0.0055763259568179565 -0.021095553799377286
leaf_weight=335.40224513411522 19.153116255998611 21.825644105672836 50.332607835531235 4386.5090439319611 1535.8126709461212 44.987552136182785 2771.4113801121712 77.503307640552521 120.70917454361916 8826.4686448574066 2762.0575326383114 10862.489445000887 304.2227535545826 31.179491579532623 23.161908030509949 112.24616968631744 2023.1035822033882 4280.4987725615501 30.288648962974548 212.91138535737991 1129.14301648736 3470.72283411026 247.65424740314484 15.58974578976631 1006.2067354023457 81.512099415063858 35.188283354043961 269.47989150881767 769.68802070617676 65.031511008739471
leaf_count=201 25 46 89 4106 1135 101 1833 66 271 11821 1557 10566 560 70 52 252 1410 4756 17 307 846 1948 139 35 1326 183 79 605 432 146
internal_value=3.94528e-05 -0.00213893 0.0408952 0.00438702 0.00768409 0.00431823 0.0107484 -0.00227098 -0.0144085 -0.00179359 0.00230192 -0.00090436 -0.00262803 -0.00560396 -0.021791 0.000180111 -0.0051541 -0.000860917 0.0200193 0.00108846 0.00548755 -0.00562828 -0.0133918 0.000324445 0.00345552 0.00108548 -0.0154543 0.0132936 -0.000982063 -0.00803353
internal_weight=45922.5 30593.8 92.6476 15328.7 5937.47 2830.65 3106.81 30501.1 165.697 26705.2 9391.26 17878.8 6904.03 2571.42 42.315 10974.7 2540.24 4332.61 52.1143 517.134 2664.96 3795.88 325.158 5004.75 1473.01 1187.94 181.732 285.07 3531.75 146.544
internal_count=44980 32124 166 12856 4387 2353 2034 31958 372 29805 8469 17984 7166 2347 77 10818 2277 4819 63 867 1981 2153 205 4363 2374 1734 408 640 1989 329
is_linear=0
shrinkage=0.03


Tree=46
num_leaves=31
num_cat=0
split_feature=18 4 20 18 24 47 18 24 21 9 24 25 5 24 18 8 3 41 24 24 47 24 42 4 25 25 3 21 24 21
split_gain=439.15 253.102 276.882 109.667 93.938 83.5723 60.2368 51.0105 41.4499 57.3793 40.8418 38.4916 35.2997 34.2012 37.4949 31.4548 29.7467 23.8387 23.6359 23.5227 22.9159 103.39 68.5963 32.1934 29.6527 50.364 33.7422 23.4494 22.4629 21.6502
threshold=-1.214499690996252 1.0000000180025095e-35 22.813904250355044 -0.64325600270020711 -0.032247759394263838 11.709500000000002 -2.4783585214521433 0.036545658007091128 -3.4966749002512576 8.3301500000000015 -0.76694339346796603 -0.68432604233786842 31.772650000000002 0.29033824002281988 -0.10624666140248261 8.729000000000001 8.2755000000000027 8.6097500000000018 0.79184907943689831 -0.77786766366919291 13.147232231405729 0.15632249006386423 0.43343330641750305 21.061900000000005 -0.99052477729077237 -0.9497838742125716 7.2335000000000003 -0.57452026871516082 -0.78856175031405207 -2.6129120566289443
decision_type=2 10 2 2 2 2 2 2 2 10 2 2 10 2 2 10 2 2 2 2 2 2 2 10 2 2 2 2 2 2
left_child=4 2 11 10 6 8 -1 -7 9 -6 -3 -2 15 14 -5 -11 -9 18 -15 -4 24 23 27 -22 26 -26 -12 -23 -8 -25
right_child=1 3 19 13 5 7 28 16 -10 12 20 -13 -14 17 -16 -17 -18 -19 -20 -21 21 22 -24 29 25 -27 -28 -29 -30 -31
leaf_value=0.016336311020970058 0.019959464888101963 0.0048499363796395993 0.10408822187313489 -0.00071468231776690211 0.02923432955306042 0.013065507301535989 0.011923187561251639 -0.014299798080458094 0.0047959128241813111 -0.0087768983883524301 -0.0012046317591107229 -0.0402874130309374 -0.0034217971333979904 -0.0017234346247195517 -0.0036087089991874324 -0.044116662694859907 -0.045372754241753945 -0.0081036047040671313 -0.0052454024624643712 0.056779144473802799 0.038411671423369188 0.0021596192646456723 -0.074547826672509532 0.013612625133235171 0.0059122604793695431 -6.6148610373202506e-05 -0.013677733877239714 -0.02297538037489209 0.0061579355766284809 -0.0019505754319251727
leaf_weight=686.83965736627579 15.58974578976631 1869.8786521553993 36.96996858716011 9326.6767740547657 40.53333905339241 57.013927459716797 699.31145399808884 241.41834908723831 2656.0472612679005 53.450556993484497 933.60306215286255 21.825644105672836 372.37221372127533 3150.019492149353 7093.3343343436718 39.197075128555298 30.734070271253586 1277.0228908360004 3766.9280041158199 18.707694947719574 18.262273639440536 43.205866903066635 20.043958872556686 86.41173380613327 1649.8405258655548 5471.5553508996964 245.87256217002869 143.8710825741291 4709.4394924342632 1008.8792632520199
leaf_count=396 17 2272 83 9839 91 128 808 542 2156 30 608 49 209 2683 9943 22 69 1517 2130 15 41 97 45 194 1130 4004 138 323 3127 2247
internal_value=1.45075e-05 -0.0014975 0.0476417 -0.00162552 0.00572349 0.00179848 0.00797057 -0.0125646 0.00329738 -0.00456946 0.000794219 -0.0153184 -0.00757236 -0.0027552 -0.00196503 -0.0240398 -0.0179621 -0.00433821 -0.00364196 0.0894746 5.5972e-06 -0.00366341 -0.0230721 -3.59304e-05 0.000589709 0.00131953 -0.00381415 -0.0171898 0.00690541 -0.000711437
internal_weight=45784.9 36198.5 93.0931 36105.4 9586.36 3490.77 6095.59 329.166 3161.6 505.553 11491.4 37.4154 465.02 24614 16420 92.6476 272.152 8193.97 6916.95 55.6777 9621.55 1320.67 207.121 1113.55 8300.87 7121.4 1179.48 187.077 5408.75 1095.29
internal_count=44953 37375 164 37211 7578 3247 4331 739 2508 352 11099 66 261 26112 19782 52 611 6330 4813 98 8827 2947 465 2482 5880 5134 746 420 3935 2441
is_linear=0
shrinkage=0.03


Tree=47
num_leaves=31
num_cat=0
split_feature=18 4 25 18 33 24 24 18 18 33 35 49 10 25 8 49 7 49 25 33 24 47 24 16 4 24 32 6 18 25
split_gain=435.464 211.728 251.53 111.546 88.1424 51.8874 49.8408 48.7641 43.6401 37.879 25.3647 25.1255 25.2901 24.4275 25.5515 22.772 21.634 20.7242 21.3615 20.2587 19.2734 21.6653 71.6577 23.8144 18.6336 17.5791 17.1046 17.8209 16.8153 16.4525
threshold=-0.90882288159716118 1.0000000180025095e-35 0.47179406930629347 -2.3471022376237616 0.10777221658046673 0.79184907943689831 -0.77786766366919291 -1.4990014455445546 -0.22714307394373542 0.037490478791302691 0.010431235145785216 31.823050000000006 0.24465346534653462 -0.98801846520836312 9.6327000000000016 31.60585 32.020450000000004 31.677850000000003 -0.77788789561442695 0.14567581359535328 -0.78856175031405207 13.062350000000002 0.12225609522135446 19.690451859504726 29.493550000000003 0.27383534524298775 27.475516666666667 9.2940000000000023 -0.49914355710111552 -0.98521978256641018
decision_type=2 10 2 2 2 2 2 2 2 2 2 2 2 2 10 2 10 2 2 2 2 2 2 2 10 2 2 10 2 2
left_child=3 2 6 13 7 8 -2 -5 9 28 15 12 -7 14 -1 -6 26 24 25 -15 -9 -22 23 -23 -11 -19 27 29 -3 -12
right_child=1 5 -4 4 10 11 -8 20 -10 17 16 -13 -14 19 -16 -17 -18 18 -20 -21 21 22 -24 -25 -26 -27 -28 -29 -30 -31
leaf_value=-0.0080854881695022682 0.099372594496187086 0.0014857111983867736 -0.040562464566094497 0.0079982446075697322 0.012864254506234171 -0.010111553521447925 0.044804715920681311 0.0077329290489499226 -0.0032207326043167984 -0.00059315896715331901 -0.010575055249672222 -0.0046303270797297819 -0.035440905611265103 0.019612046973517608 0.011297071514558041 -0.013228783620158356 0.0050077987160146182 -0.0027652467263779472 0.00027491743144933243 0.0072637116418308887 0.0035738062991174362 0.014705836943254945 -0.030418292024266234 -0.0015055123643649027 -0.018025774785116851 -0.0081710195214874954 0.0059502262597714833 0.00031338820243526224 -0.00088957441927859932 -0.0020985405718954302
leaf_weight=76.167043715715408 33.406598120927811 5556.6308207809925 22.716486722230911 3343.7777612507343 34.297440737485886 321.14876326918602 32.070334196090698 860.5539675951004 10107.945748776197 2967.8421770632267 296.65059131383896 3390.5469986200333 39.197075128555298 541.63231086730957 298.43227654695511 209.79343619942665 747.86237660050392 941.17522439360619 657.44185101985931 155.45203658938408 5081.8117061555386 97.547266513109207 71.267409324645996 472.14658677577972 55.232242226600647 1278.3591547608376 315.35828626155853 1860.5248046815395 5183.8131857514381 672.14075419306755
leaf_count=117 75 5428 51 2578 41 202 33 1143 13066 3939 231 1903 22 322 187 135 707 883 507 97 3411 219 160 1045 124 875 267 1579 4948 507
internal_value=6.48131e-05 -0.00199465 0.04416 0.00422668 0.00351514 -0.00212955 0.0737215 0.00504812 -0.00166606 -0.000721562 -0.000164059 -0.00543353 -0.0129572 0.0135523 0.00734499 -0.0095249 0.000425231 -0.00265251 -0.00447467 0.0168727 0.00354872 0.00291829 -0.0022764 0.00129122 -0.000917512 -0.00588102 -0.000665835 -0.00140511 0.000339317 -0.00470234
internal_weight=45722.9 30587.5 88.1934 15135.4 14063.7 30499.3 65.4769 9927.1 26748.4 16640.5 4136.63 3750.89 360.346 1071.68 374.599 244.091 3892.54 5900.05 2876.98 697.084 6583.33 5722.77 640.961 569.694 3023.07 2219.53 3144.67 2829.32 10740.4 968.791
internal_count=44802 32056 159 12746 12023 31897 108 8556 29770 16704 3467 2127 224 723 304 176 3291 6328 2265 419 5978 4835 1424 1264 4063 1758 2584 2317 10376 738
is_linear=0
shrinkage=0.03


Tree=48
num_leaves=31
num_cat=0
split_feature=18 4 20 18 24 7 33 24 18 33 16 26 34 9 43 24 4 45 5 33 24 8 3 40 24 8 24 33 5 4
split_gain=404.737 160.743 268.927 105.923 57.4858 49.1907 48.3861 44.0231 50.8145 50.1183 37.3641 29.4349 26.9174 24.3824 38.8296 34.5882 60.3943 31.0016 28.9475 28.6504 26.6231 24.285 23.3706 22.6282 28.7118 23.0955 23.1842 22.4467 21.4067 21.3644
threshold=-0.90882288159716118 1.0000000180025095e-35 22.813904250355044 -1.5601711881188114 -0.15207348400340251 31.687150000000006 0.046424160376585817 0.30675521904633613 -0.18487552475247424 0.12558793997301923 19.254300000000004 29.498450000000002 13.529699311295275 12.243550000000001 0.11821363678231261 0.13930990466364487 18.446950000000005 -0.38870577726465649 31.763050000000003 0.32889374575993252 0.35544221683359195 9.6327000000000016 6.7345000000000015 18.732106188122749 0.24059136628141839 9.793350000000002 0.35544221683359195 0.39778120954447987 31.645850000000006 22.105550000000004
decision_type=2 10 2 2 2 10 2 2 2 2 2 2 2 8 2 2 10 2 10 2 2 10 2 2 2 10 2 2 8 10
left_child=3 2 22 4 10 -6 -5 8 11 12 -1 -3 -9 17 -15 29 20 18 28 -19 21 -17 -2 24 -18 26 -26 -12 -8 -16
right_child=1 7 -4 6 5 -7 13 9 -10 -11 27 -13 -14 14 15 16 23 19 -20 -21 -22 -23 -24 -25 25 -27 -28 -29 -30 -31
leaf_value=0.023474981454717474 0.011035422870413316 6.6356626233740902e-05 0.084993735509089785 0.0041497134622233769 -0.013538808753565603 0.0051577410624040693 -0.0056512089210678275 -0.0024951157274385395 -0.003109854814366696 -0.0083573999808181677 0.010106607422604146 -0.014789474596507701 -0.01314294937013707 0.013389428643143565 0.02319595605025929 0.070231688705307396 0.00081470183257938622 0.0011745558802601327 -0.0039291581929483304 -0.0068544413270604744 0.00029909236203218135 0.010380762595122928 -0.034853800278328267 -0.041579916436056012 0.0016937568081414622 -0.049803026578395207 -0.048418723804416149 -0.0036411233842098788 -0.03000821393964264 0.0025096958470374885
leaf_weight=184.40442162752151 15.144324481487272 11854.888119846582 48.550922602415085 5198.9575102329254 132.73554986715317 2407.0567499399185 55.677663534879684 7879.5029434561729 8569.015128672123 1769.2134364843369 2416.8560187220573 120.26375323534012 218.7018623650074 276.16121113300323 46.769237369298935 10.244690090417864 61.468140542507172 2391.9124254584312 389.29822343587875 479.27332770824432 57.013927459716797 14.253481864929197 26.279857188463211 33.406598120927811 28.506963729858398 24.943593263626099 10.690111398696898 111.35532706975937 78.839571565389633 765.23380762338638
leaf_count=114 28 12368 88 4745 187 1918 32 5984 11390 1491 1589 270 419 620 105 23 138 1344 220 269 128 32 47 75 64 56 24 67 45 926
internal_value=-2.64459e-05 -0.00201832 0.0378001 0.00397706 0.00742168 0.00417567 0.00215313 -0.00213737 -0.00134622 -0.00378426 0.0104582 -8.40596e-05 -0.00278426 -4.47431e-05 0.00339905 0.000767564 -0.0092015 -0.00139313 -0.00809748 -0.000167606 0.0117004 0.0371821 -0.0182124 -0.0199221 -0.0138791 -0.027757 -0.0128378 0.00949989 -0.0200428 0.00372824
internal_weight=45676.6 30501.6 89.9751 15175.1 5252.41 2539.79 9922.65 30411.6 20544.2 9867.42 2712.62 11975.2 8098.2 4723.69 1328.69 1052.53 240.528 3395 523.815 2871.19 81.5121 24.4982 41.4242 159.015 125.609 64.1407 39.1971 2528.21 134.517 812.003
internal_count=44806 32085 163 12721 3875 2105 8846 31922 24028 7894 1770 12638 6403 4101 2191 1571 540 1910 297 1613 183 55 75 357 282 144 88 1656 77 1031
is_linear=0
shrinkage=0.03


Tree=49
num_leaves=31
num_cat=0
split_feature=18 4 21 18 7 24 24 21 24 43 18 7 9 25 24 15 11 9 21 27 9 24 4 4 18 3 42 24 23 15
split_gain=378.917 207.2 269.376 96.8396 50.3742 45.1103 41.4034 39.7869 87.5732 39.5292 37.3601 34.1515 33.543 31.0511 42.2619 30.1714 29.9366 43.343 28.4154 28.3085 27.7672 43.1836 41.8822 26.8411 27.3679 24.2273 24.0919 36.261 30.1978 23.8525
threshold=-0.90882288159716118 1.0000000180025095e-35 -3.5720357350769709 -1.5601711881188114 32.031550000000003 0.79184907943689831 -0.1350501201252472 1.7036876637355045 0.1051661082335764 0.18292688496664075 -0.063543643564356586 31.677750000000007 8.1647500000000015 -0.79382744783423187 0.43442111757849838 14.191556032730558 16.735950000000003 8.2208500000000022 -3.2934151689271451 21.696900000000003 9.8228500000000025 0.13930990466364487 21.857350000000004 29.493550000000003 -0.46022815181518156 8.0775000000000023 0.36086822778482724 0.22386011952790016 -0.78656609248549325 16.325146346534655
decision_type=2 10 2 2 10 2 2 2 2 2 2 10 10 2 2 2 2 10 2 2 8 2 10 10 2 2 2 2 2 2
left_child=3 2 9 4 7 10 -5 -1 -9 -2 13 20 26 14 15 -3 17 -16 -14 -10 -8 -22 -23 24 -15 -6 -13 -28 -29 -17
right_child=1 5 -4 6 25 -7 11 8 19 -11 -12 12 18 23 16 29 -18 -19 -20 -21 21 22 -24 -25 -26 -27 27 28 -30 -31
leaf_value=0.0061715870766072293 0.087889880313123739 0.064129233196029353 -0.02858023694057767 0.0040032015541904865 0.0092908318121661844 -0.0051187835591616979 0.00053311780011733214 0.00090985815460932538 -0.0065237104051548075 0.024139581777584906 -0.0036384233078633598 0.011747024081202139 -0.0067072077617487185 0.0016698335957401333 0.002471849723997352 0.0054526128433049926 -0.026625279202618025 -0.0085506749655820877 0.0015016206907515687 -0.06392295270626458 -0.0032790863089931367 -0.016184266751499227 -0.069644469636289771 -0.014672413014999905 -0.001122018717536401 0.017465542917069355 0.0077981284403310543 -0.049594677798343818 -0.0060967765957896563 -0.0019176720893794238
leaf_weight=3295.6722599565983 52.559714376926422 5.3450556993484488 32.070334196090698 5156.1970646381378 1199.965004503727 3761.1375271081924 583.05649253726006 273.93410459160805 11.135532706975935 11.580954015254973 6255.0514321625233 440.9670951962471 452.54804921150208 5268.4432343244553 426.26819202303886 428.49529856443405 63.695247083902359 1295.285164475441 2324.2083866000175 26.279857188463211 441.41251650452614 184.40442162752151 13.362639248371122 112.24616968631744 7893.3110040128231 450.76636397838593 167.47841191291809 18.262273639440536 57.904770076274872 4952.1941054463387
leaf_count=2257 100 9 66 4610 993 2135 328 243 25 8 9186 867 254 5366 834 341 104 727 1306 59 454 411 30 252 7365 304 376 41 130 5673
internal_value=1.73629e-05 -0.00190369 0.0418255 0.00390547 0.00719204 -0.00204317 0.00214878 0.00520309 -0.00503547 0.0769267 -0.00160975 0.000106832 0.00162915 -0.000988952 -0.00257942 -0.00125298 -0.00657831 -0.00582157 0.000161836 -0.0474544 -0.00420217 -0.00851577 -0.0201287 -0.000129572 -4.44218e-06 0.0115323 0.00757159 -2.53094e-06 -0.0170336 -0.00132983
internal_weight=45655.2 30557.7 96.211 15097.6 5257.75 30461.5 9839.8 3607.02 311.349 64.1407 26700.3 4683.61 3461.37 20445.3 7171.28 5386.03 1785.25 1721.55 2776.76 37.4154 1222.24 639.18 197.767 13274 13161.8 1650.73 684.613 243.645 76.167 5380.69
internal_count=44854 32166 174 12688 3881 31992 8807 2584 327 108 29857 4197 2974 20671 7688 6023 1665 1561 1560 84 1223 895 441 12983 12731 1297 1414 547 171 6014
is_linear=0
shrinkage=0.03


Tree=50
num_leaves=31
num_cat=0
split_feature=18 37 20 7 33 18 33 48 25 3 18 8 33 5 32 47 24 9 7 27 33 11 3 19 25 5 33 24 25 16
split_gain=365.228 107.443 274.735 92.689 60.023 48.8559 43.7819 34.4382 34.3044 28.3978 27.345 26.8136 21.6734 21.5666 20.3214 27.5081 53.3384 30.8584 30.0599 27.6837 23.6092 22.7712 22.7078 19.1034 18.4647 21.2217 16.3148 24.8797 15.8672 15.2376
threshold=-0.98426213861386092 1.0000000180025095e-35 22.813904250355044 32.082250000000009 0.071262893570216077 -0.3553075107600962 0.035321608117428384 0.17251423128890078 -0.72694848937061807 7.9705000000000004 -1.4231866237623751 8.6321500000000011 1.0074146081264985 31.677850000000003 27.475516666666667 13.147232231405729 0.13930990466364487 8.2616000000000014 31.677750000000007 20.944850000000006 0.46537767888030995 22.597750000000001 8.0165000000000024 5.7530729042904296 -0.9937528315903793 31.890650000000004 0.047560235491435489 0.35544221683359195 0.9483965485850524 18.209762603305915
decision_type=2 2 2 10 2 2 2 2 2 2 2 10 2 10 2 2 2 10 8 2 2 2 2 2 2 10 2 2 2 2
left_child=3 2 28 4 7 6 -3 8 11 -5 -9 -1 26 -8 15 17 29 18 -6 -18 22 -20 -19 -24 25 -13 -7 -28 -2 -17
right_child=1 5 -4 9 14 12 13 10 -10 -11 -12 24 -14 -15 -16 16 19 20 21 -21 -22 -23 23 -25 -26 -27 27 -29 -30 -31
leaf_value=0.0052713631096219784 -0.0020062687657822096 0.00072610932714471264 0.084980159618121845 0.0079552094391881056 -0.012311075771361644 -0.0026603565171652156 -0.00072503397288343932 0.0079325089646098499 0.0089737665457904053 0.016225501420181115 0.0037744431434496217 0.010199380457765063 0.028466028081638152 -0.004171193805163685 0.0059621774109406556 0.030501437132764857 -0.016932943587807892 -0.0011794508672401732 0.013367882596499235 -0.05527194651887786 -0.0068690251308216235 -0.018931115118851219 0.0020998816902337461 0.012930873976505743 -0.0095332895368201356 -0.028644981180226348 -0.00059783914704043925 -0.0077448742693420848 -0.038593909369481559 -0.0027420409590462142
leaf_weight=228.50113114714622 19.598537564277649 8996.1741633117199 42.31502428650856 1705.5181894004345 54.786820918321609 14236.110433906317 3175.8539280295372 2735.3322541415691 273.93410459160805 479.71874901652336 2974.0780753791332 86.857155114412308 18.707694947719574 3367.3850905895233 530.94219946861267 12.917217940092085 48.550922602415085 2298.8193720281124 325.60297635197639 26.279857188463211 468.58321630954742 20.043958872556686 625.37151682376862 190.64031994342804 449.43010005354881 13.80806055665016 636.06162822246552 1410.6492833197117 22.716486722230911 113.58243361115456
leaf_count=267 35 8614 83 1678 123 15944 4061 1803 615 387 1787 195 15 2529 406 29 109 1294 680 59 263 45 351 107 739 28 1029 1046 51 255
internal_value=1.12249e-05 -0.00174541 0.0318145 0.0041156 0.00303693 -0.00183561 -0.000631938 0.00484849 -0.000137813 0.00977735 0.00576758 -0.00335095 -0.00298289 -0.00249892 0.000439055 -0.000262879 -0.0110539 0.000285102 0.00817273 -0.0309486 -0.000598346 0.0114457 0.000346893 0.004643 -0.00693559 0.00464182 -0.00302077 -0.00552515 -0.0220856 0.000865143
internal_weight=45588.9 31925.6 84.63 13663.3 11478.1 31840.9 15539.4 6761.94 1052.53 2185.24 5709.41 778.596 16301.5 6543.24 4716.12 4185.18 201.33 3983.85 400.434 74.8308 3583.41 345.647 3114.83 816.012 550.095 100.665 16282.8 2046.71 42.315 126.5
internal_count=44627 33407 169 11220 9155 33238 15204 5434 1844 2065 3590 1229 18034 6590 3721 3315 452 2863 848 168 2015 725 1752 458 962 223 18019 2075 86 284
is_linear=0
shrinkage=0.03


Tree=51
num_leaves=31
num_cat=0
split_feature=18 4 21 18 7 33 43 33 9 5 9 18 5 18 33 41 33 9 48 22 43 21 9 6 9 40 33 7 14 22
split_gain=362.68 169.094 265.98 77.7069 63.1536 44.1828 41.9304 36.3338 31.7893 25.1152 24.7197 23.8576 23.7144 22.076 27.522 31.25 23.5137 40.2948 20.4503 19.742 22.5355 21.4092 22.023 17.0288 16.9538 17.3352 16.3846 16.23 14.5977 14.5316
threshold=-1.1880338162724191 1.0000000180025095e-35 -3.5720357350769709 -0.69843472607260615 32.065550000000009 0.034650291004067919 0.18292688496664075 0.21869445961584758 7.3436000000000012 31.827550000000006 8.6641000000000012 -2.6696350990098998 31.866050000000005 -0.11800425412541136 0.037490478791302691 9.0323500000000028 0.56666910332809517 8.522450000000001 0.18037632622322639 0.60355339059327384 0.0027403579364196191 -3.6470673344219589 8.5879500000000011 11.839350000000001 8.3671500000000023 16.747602794425649 0.022824781853654445 32.217250000000007 8.3308500000000016 -0.9159756150367534
decision_type=2 10 2 2 10 2 2 2 8 8 10 2 10 2 2 2 2 10 2 2 2 2 10 10 10 2 2 10 2 2
left_child=4 2 6 7 5 18 -2 26 9 27 29 12 -6 14 -10 24 -17 -18 -1 21 -21 22 -7 -12 25 -16 -3 -5 -22 -9
right_child=1 3 -4 8 11 19 -8 10 13 -11 23 -13 -14 -15 15 16 17 -19 -20 20 28 -23 -24 -25 -26 -27 -28 -29 -30 -31
leaf_value=0.0006496303079336225 0.087707155259966585 0.0029952265392099889 -0.02832906594628189 -0.021757848034797377 0.0034583783021479766 0.019688416984808242 0.025380405936874649 -0.01099992908271567 -0.0005883313960715912 -0.005041822893465186 -0.011017840670188827 0.0083331594711539298 0.021208833618795962 -0.0032921477296024527 -0.0035885034183503321 -0.0013093284986007466 0.034104340855439813 -0.013348520026137496 0.00754503093368051 -0.024100101690919258 0.0034231743208690026 0.0012981500081328927 -0.010739145347129529 -0.00023917562409150593 -0.009306950039953462 -0.028965287935356618 0.00034734973293229455 -0.0026017087276969039 0.0098643777167685461 0.0026848651315142069
leaf_weight=448.53925743699074 48.550922602415085 3790.980754762888 34.297440737485886 144.31650388240814 90.420525580644608 22.716486722230911 13.362639248371122 81.066678106784821 11241.988399654627 1240.0529222488403 468.58321630954742 1628.014881759882 274.37952589988708 8467.9044916927814 1674.7841191291809 2211.5167956054211 42.31502428650856 24.943593263626099 2834.2157845795155 23.607329338788986 1474.344530403614 2587.0069584846497 226.27402460575104 183.51357901096344 778.59644687175751 23.607329338788986 4723.2475529909134 55.232242226600647 403.10628399252892 467.69237369298935
leaf_count=788 97 3777 68 81 59 39 9 104 10464 696 263 1531 160 11100 1609 2853 95 14 1773 26 1105 1986 127 103 437 53 4448 31 356 639
internal_value=7.17931e-05 -0.0013428 0.0381701 -0.0014506 0.0051175 0.00392893 0.0748726 0.000837429 -0.00230866 -0.00663976 -0.00404564 0.00989635 0.0168306 -0.00205355 -0.00139777 -0.00331065 -0.000774633 0.0165682 0.00660336 0.00207457 0.00443918 0.000488486 -0.00789545 -0.00798951 -0.00564247 -0.00395807 0.00152654 -0.0164951 0.00481068 0.000646916
internal_weight=45729.2 35716.6 96.211 35620.3 10012.6 8019.81 61.9136 9715.08 25905.3 1439.6 1200.86 1992.81 364.8 24465.7 15997.8 4755.76 2278.78 67.2586 3282.76 4737.06 1901.06 2836 248.991 652.097 2476.99 1698.39 8514.23 199.549 1877.45 548.759
internal_count=44891 36941 174 36767 7950 6200 106 9334 27433 808 1109 1750 219 26625 15525 5061 2962 109 2561 3639 1487 2152 166 366 2099 1662 8225 112 1461 743
is_linear=0
shrinkage=0.03


Tree=52
num_leaves=31
num_cat=0
split_feature=18 4 20 18 33 33 18 22 9 21 24 47 33 18 22 21 24 47 24 26 28 48 24 37 7 23 25 15 24 47
split_gain=322.718 134.521 234.317 94.3441 55.7579 49.2615 43.3848 40.9152 39.8271 34.7267 29.5648 33.293 30.4099 29.0586 29.0453 24.6795 23.9498 28.4361 82.6876 33.0405 30.793 22.8267 30.5427 22.1214 21.8739 21.5854 21.3805 26.9867 21.1195 20.1021
threshold=-1.3240509075907594 1.0000000180025095e-35 22.813904250355044 -0.67028267474013414 0.10777221658046673 0.18249497527329914 -2.1712146600660058 0.60355339059327384 8.2616000000000014 -2.3475783598605147 0.29033824002281988 14.916150000000002 0.12558793997301923 -0.068808854976399644 -0.25881904510252113 1.1552996399730413 -0.77786766366919291 13.438550000000001 0.12225609522135446 21.796650000000003 20.944850000000006 0.18037632622322639 -0.67166439702596292 0.54970957095709572 31.843850000000007 -0.78656609248549325 -0.98932651372861458 17.87551900106379 -0.77786766366919291 11.946150000000001
decision_type=2 10 2 2 2 2 2 2 10 2 2 2 2 2 2 2 2 2 2 2 2 2 2 2 10 2 2 2 2 2
left_child=4 2 14 5 6 16 15 -6 9 -7 13 12 -12 -5 -2 -1 -3 -18 19 -19 25 22 -8 -9 -24 -20 27 -10 -4 -17
right_child=1 3 28 10 7 8 21 23 26 -11 11 -13 -14 -15 -16 29 17 18 20 -21 -22 -23 24 -25 -26 -27 -28 -29 -30 -31
leaf_value=0.014415393359512011 0.018141779902533885 0.0049539419400306565 0.089904538146870175 -0.00060456780429208917 -0.0015441832558365867 0.025752850139750868 0.011867123572529873 0.0031560584710120985 -0.035279285000868896 0.00096263049091171104 -0.0027884262740117383 -0.029571753258413994 -0.0076617072531486169 -0.0031968868476533927 -0.033248237120805192 0.0059766133995760784 0.0017484911895434276 0.032513310071180301 -0.038157602333663179 -0.0012259983697434479 -0.049989191120892257 0.0067592750013708569 -0.014437702727626034 0.012056473661105935 0.00066433711571375681 -0.0080474637803540985 -0.0040363514945165411 -0.0094244349675060742 0.044164457003128016 -0.026844614643421878
leaf_weight=893.96056571602821 13.80806055665016 1723.780463039875 35.633704662322998 10654.477694034576 1422.2302373349667 56.568506151437759 146.54361042380333 766.5700715482235 40.978760361671448 436.95830342173576 6995.3416465222836 43.651288211345673 1379.4697917401791 6130.7788871526718 29.843227654695511 66.367774933576584 7642.538807451725 25.834435880184174 29.397806346416473 983.93566998839378 32.961176812648773 3911.6899293065071 125.16338762640953 373.70847764611244 273.04326197504997 75.276201099157333 1109.5444789230824 283.28795206546783 16.480588406324387 21.380222797393799
leaf_count=552 25 2136 80 11203 1078 127 329 569 23 897 5340 98 1114 8874 52 74 5266 58 66 2206 74 2590 278 332 343 169 625 159 13 45
internal_value=2.68046e-05 -0.00113344 0.0341931 -0.00122421 0.00549935 0.000913354 0.00721831 0.00184998 -0.00349453 0.00385044 -0.00227936 -0.00373016 -0.00359196 -0.00155154 -0.01695 0.0129266 0.00172165 0.00108728 -0.00331458 -0.000331483 -0.02504 0.00595822 0.000204243 0.00608104 -0.00410678 -0.016785 -0.00602364 -0.0127902 0.0765436 -0.00223281
internal_weight=45741.2 37740.5 95.7656 37644.8 8000.66 12441.1 5438.15 2562.51 1927.34 493.527 25203.7 8418.46 8374.81 16785.3 43.6513 981.709 10513.7 8789.94 1147.41 1009.77 137.635 4456.44 544.75 1140.28 398.207 104.674 1433.81 324.267 52.1143 87.748
internal_count=44795 38605 170 38435 6190 11806 4211 1979 1831 1024 26629 6552 6454 20077 77 671 9975 7839 2573 2264 309 3540 950 901 621 235 807 182 93 119
is_linear=0
shrinkage=0.03


Tree=53
num_leaves=31
num_cat=0
split_feature=18 4 20 18 24 47 24 18 25 6 25 47 24 49 50 45 33 29 22 49 32 18 33 24 44 9 43 24 33 48
split_gain=308.187 117.799 203.44 69.727 53.6914 49.3163 70.4014 48.9926 35.8858 32.6743 31.102 51.2873 30.8562 24.865 24.2965 29.0604 21.0907 21.0226 19.4075 19.7779 20.4513 19.0869 22.0779 20.2596 26.4352 22.3348 21.6701 18.9556 17.3813 16.6043
threshold=-1.214499690996252 1.0000000180025095e-35 22.813904250355044 -0.69843472607260615 -0.15207348400340251 11.709500000000002 0.036545658007091128 -2.0442262277227718 -0.68432604233786842 9.1101500000000026 -0.78858226040708135 23.057100000000002 0.88469195212971963 31.823050000000006 32.004850000000012 -0.3992265691614752 0.037490478791302691 12.73195909090934 0.25881904510252091 31.639650000000007 20.125100000000003 -0.084663487548747071 0.021998545406463409 0.33931202449298198 0.46089598658228731 8.5879500000000011 0.41094438062966382 -0.77786766366919291 0.12943510343025236 0.16398764037477576
decision_type=2 10 2 2 2 2 2 2 2 10 2 2 2 2 2 2 2 2 2 2 2 2 2 2 2 10 2 2 2 2
left_child=4 2 8 10 7 9 -7 17 -2 14 11 16 21 -14 15 -6 29 -1 19 20 -11 22 -5 24 28 26 -25 -4 -24 -3
right_child=1 3 27 12 5 6 -8 -9 -10 18 -12 -13 13 -15 -16 -17 -18 -19 -20 -21 -22 -23 23 25 -26 -27 -28 -29 -30 -31
leaf_value=0.024317108812080761 0.018910311171496552 -0.002339598694615612 0.085864688167351766 -0.00046923197311241028 -0.029816054543806661 0.012049709227981141 -0.015992090547475652 0.0053220434325489657 -0.034667051297502617 0.0076077419810316902 0.0031292376064376735 -0.023302342239357666 -0.015472583899586596 -0.0046874776999482528 -0.00030159672169623565 0.0049406047266322035 -0.001570010244615713 0.011000714236384044 0.006860231747058341 0.0013143544542955829 0.036493346682824543 -0.0031872883936760522 0.003275869670878436 -0.0028334383844812604 -0.0015551913963860297 -0.010065863097739118 -0.018744105325278228 0.043757791954279729 0.027748769779036526 0.0030894012475969003
leaf_weight=119.37291061878204 17.371431022882462 658.33269363641739 32.961176812648773 10111.954540550709 56.568506151437759 113.13701230287552 273.93410459160805 3852.4488953053951 28.506963729858398 171.48720368742943 3328.188015460968 85.966312497854233 220.92896890640259 1462.7635763883591 648.9788461625576 34.297440737485886 3827.05988073349 1010.215527176857 1725.1167269647121 1612.8705572783947 24.498171955347061 7337.8706325888634 62.804404467344284 2648.9205203354359 3306.3623713552952 522.47919461131096 78.394150257110596 18.707694947719574 44.09670951962471 2195.9270498156548
leaf_count=67 21 1163 74 9268 34 254 615 2901 64 187 3650 193 124 821 458 29 3333 594 1308 1074 55 10030 114 2398 3940 294 155 15 87 1330
internal_value=7.74699e-06 -0.00126844 0.0314866 -0.00135834 0.0047704 0.00245522 -0.00778582 0.00693542 -0.0144098 0.00338433 0.000755296 -0.000412512 -0.0021855 -0.00611101 -0.00234611 -0.0167861 -0.000114553 0.0124282 0.00458434 0.00241121 0.0113854 -0.00191116 -0.00135279 -0.00269341 -0.00107877 -0.00438841 -0.00329748 0.0717394 0.0135346 0.00183683
internal_weight=45632.5 35989.6 97.5473 35892 9642.93 4660.89 387.071 4982.04 45.8784 4273.82 10095.5 6767.29 25796.6 1683.69 739.845 90.8659 6681.32 1129.59 3533.97 1808.86 195.985 24112.9 16775 6663.06 3413.26 3249.79 2727.31 51.6689 106.901 2854.26
internal_count=44650 37074 174 36900 7576 4014 869 3562 85 3145 9669 6019 27231 945 521 63 5826 661 2624 1316 242 26286 16256 6988 4141 2847 2553 89 201 2493
is_linear=0
shrinkage=0.03


Tree=54
num_leaves=31
num_cat=0
split_feature=18 21 20 18 33 24 4 24 33 18 47 40 35 7 24 47 24 11 32 3 5 36 33 45 7 9 5 46 18 21
split_gain=292.543 149.377 165.281 91.0046 49.6451 35.6865 33.9433 34.4471 42.1985 34.3255 28.1703 27.9983 24.851 26.9484 24.1235 50.1315 28.7259 49.1308 31.4081 30.4062 25.0858 24.5523 23.8887 22.878 22.2839 18.8752 28.6075 35.6547 30.3782 17.8527
threshold=-0.81321553795379475 -5.3259909715279434 25.508286358260438 -1.8654676963696362 0.035321608117428384 -0.16905184689101435 29.723050000000004 0.30675521904633613 0.17061782634493972 -0.19064743965301909 15.108950000000002 19.437238871861716 0.010431235145785216 31.918050000000004 -0.23641503605938965 13.885650000000002 0.13930990466364487 23.528800000000004 20.918566666666671 8.1785000000000014 31.733750000000004 4.3941144628094877 0.39778120954447987 0.14282471509233291 31.703650000000007 12.328650000000001 31.831750000000003 0.029033145283048005 -1.4031762706270621 3.4170773775016516
decision_type=2 2 2 2 2 2 8 2 2 2 2 2 2 10 2 2 2 2 2 2 8 2 2 2 10 8 10 2 2 2
left_child=3 2 -2 5 -5 11 7 9 10 -3 29 -1 -6 14 -14 20 17 19 -18 -17 -16 23 -13 -22 -7 26 27 28 -15 -9
right_child=1 6 -4 4 12 24 -8 8 -10 -11 -12 22 13 25 15 16 18 -19 -20 -21 21 -23 -24 -25 -26 -27 -28 -29 -30 -31
leaf_value=0.026220316681973367 -0.0026126652635493149 -3.7475539939495962e-05 0.075077372952179589 0.0040267500243607304 -0.0071895743796935429 -0.014772704540220156 -0.02023135857239922 -0.0024621935864525672 -0.0088023196915429924 -0.0026002902387469349 -0.033348836334961551 0.010998121729053779 0.0017918497103455895 -0.03867834588263596 0.0038029013457935449 0.0085155703668790706 -0.017063840313902179 -0.04895287748957184 -0.055116586939508258 -0.043914858634015397 0.0016686703680232021 -0.0018860957620338169 -0.0065600599160862269 -0.021337227968507955 0.0052826364537142539 0.0082477370337764866 0.0045811183074610804 0.0015947022711322537 -0.0082117048485398202 -0.023206282706706098
leaf_weight=103.33774352073669 50.778029143810272 10495.46228697896 46.769237369298935 6560.610449641943 362.57294493913651 50.778029143810272 90.420525580644608 8208.2238689661026 1144.2873409688473 8522.245891302824 25.834435880184174 1301.9664840996265 2288.5746819376945 35.633704662322998 652.09679532051086 85.966312497854233 66.367774933576584 19.153116255998611 27.616121113300323 10.24469009041786 57.904770076274872 1506.4148645997047 73.049094557762146 116.70038276910782 1385.7056900560856 563.01253366470337 1235.1532878577709 409.78760361671448 155.00661528110504 36.524547278881073
leaf_count=58 33 10975 87 5996 268 66 188 6320 949 11378 58 820 1784 20 792 193 149 43 62 23 40 970 44 67 1092 1156 694 230 87 82
internal_value=1.52684e-06 -0.00185225 0.0350198 0.00311003 0.00211557 0.00793623 -0.00197958 -0.00192082 -0.00340485 -0.001186 -0.0026571 0.0112077 0.000463751 0.000848514 -0.000442167 -0.00245301 -0.0164802 -0.00635758 -0.0287078 0.00253838 -0.00118785 -0.00312495 0.0100612 -0.0137417 0.00456392 0.00344719 0.00197107 -0.0033968 -0.0140785 -0.00255689
internal_weight=45688.2 28620.5 97.5473 17067.7 14152.8 2914.84 28523 28432.6 9414.87 19017.7 8270.58 1478.35 7592.21 7229.63 4831.04 2542.46 209.348 115.364 93.9839 96.211 2333.12 1681.02 1375.02 174.605 1436.48 2398.59 1835.58 600.428 190.64 8244.75
internal_count=44724 30070 120 14654 12574 2080 29950 29762 7409 22353 6460 922 6578 6310 4123 2339 470 259 211 216 1869 1077 864 107 1158 2187 1031 337 107 6402
is_linear=0
shrinkage=0.03


Tree=55
num_leaves=31
num_cat=0
split_feature=18 21 20 18 24 47 24 21 21 8 43 35 18 25 47 24 18 40 41 24 23 5 5 27 5 5 22 26 47 24
split_gain=286.569 127.702 170.178 72.2843 43.5557 73.5236 62.6372 55.3342 34.3404 33.4042 29.8489 26.9643 26.0705 29.0097 30.3237 33.7793 25.932 25.1973 24.6918 24.6513 30.8821 23.6587 23.1975 22.6879 19.3391 18.8902 18.3572 17.9959 50.0519 22.1578
threshold=-0.90882288159716118 -5.3259909715279434 27.107105165274351 -2.3471022376237616 -0.032247759394263838 11.855950000000002 0.1051661082335764 1.3533423444261949 1.7036876637355045 7.3584000000000005 0.65845320496284598 0.020604271401824522 -0.29562684878482054 -0.78324956448884031 24.200743801653246 0.43442111757849838 -1.4990014455445546 28.67881299282659 8.6097500000000018 0.22386011952790016 -0.78656609248549325 31.836250000000003 31.823050000000006 14.612210520841179 31.778450000000003 31.823050000000006 -1.0000000180025095e-35 16.735950000000003 10.355833471074376 0.30675521904633613
decision_type=2 2 2 2 2 2 2 2 2 10 2 2 2 2 2 2 2 2 2 2 2 8 10 2 10 10 2 2 2 2
left_child=3 2 -2 8 16 11 10 19 -1 22 -7 -6 13 14 15 27 -5 -15 21 -8 -21 -17 23 -3 -22 -9 -20 28 -11 -29
right_child=1 9 -4 4 5 6 7 25 -10 12 -12 -13 -14 17 -16 18 -18 -19 26 20 24 -23 -24 -25 -26 -27 -28 29 -30 -31
leaf_value=0.011985577046627647 -0.0014023468941607889 -0.014639799923739313 0.073571621210219193 0.0064547651375702455 -0.0039265641754593688 0.013270729660913132 0.004349286512932541 -0.02388671646930186 -0.01618270846841096 0.0020378258158736421 -0.017324663330716712 0.0026978965514675361 -0.00247495030981881 0.00059042861628909706 -0.020240567684956086 0.0056832118650495004 0.0029691218423925627 -0.020581451406594533 -0.0046616791025064566 -0.037317311570139906 -0.013975573008851463 -0.0054234354605757146 -0.0038469163877380809 0.0061282306422494933 0.017327688841512239 -0.048553502603974376 -0.013352725810635109 -0.00042208755407372264 0.039543144401566643 -0.0070216905311705812
leaf_weight=1030.7049073576927 64.140668392181396 361.23668101429939 46.323816061019897 2988.3315572440624 629.82572990655899 117.14580407738686 89.084261655807495 87.302576422691345 39.642496436834335 309.12238794565201 36.96996858716011 4487.1742596030235 13349.276609122753 8720.0129521787167 81.512099415063858 257.45351618528366 5385.1436170935631 49.887186527252197 432.05866903066635 40.978760361671448 70.376566708087921 518.91582414507866 1377.2426851987839 53.895978301763535 22.716486722230911 43.651288211345673 445.42130827903748 3989.6386582553387 34.742862045764923 516.24329629540443
leaf_count=646 42 451 86 2029 463 263 200 196 71 184 83 3522 15309 8399 183 494 4779 112 364 92 158 358 821 121 51 98 358 4166 78 475
internal_value=3.08506e-05 -0.00163647 0.0304163 0.00341728 0.00284226 0.00080039 -0.0100711 -0.0170047 0.0109282 -0.00175357 0.005867 0.00188192 -0.00150534 -0.000662272 -0.00216693 -0.00193733 0.0042137 0.00046766 -0.00563834 -0.00785751 -0.0159405 -0.00173776 -0.00572587 -0.0119353 -0.006234 -0.0324146 -0.00908356 -0.000674321 0.0059309 -0.0011796
internal_weight=45676.2 30607.1 110.464 15069 13998.7 5625.23 508.226 354.11 1070.35 30496.7 154.116 5117 28704.3 15355 6585.11 6503.6 8373.48 8769.9 1653.85 223.156 134.072 776.369 1792.38 415.133 93.0931 130.954 877.48 4849.75 343.865 4505.88
internal_count=44652 32001 128 12651 11934 5126 1141 795 717 31873 346 3985 30480 15171 6660 6477 6808 8511 1574 501 301 852 1393 572 209 294 722 4903 262 4641
is_linear=0
shrinkage=0.03


Tree=56
num_leaves=31
num_cat=0
split_feature=18 4 20 18 24 47 33 9 21 24 25 4 18 33 22 21 47 21 33 30 22 21 24 11 42 35 30 42 24 16
split_gain=252.129 98.7928 188.101 74.312 55.2868 73.7084 45.0766 47.5667 53.721 39.1795 36.0057 63.8187 35.8655 35.6394 26.6361 22.5193 36.4724 23.7047 21.7978 20.4949 21.1863 31.86 19.775 76.093 20.2434 18.1194 17.4725 16.809 16.2031 30.9929
threshold=-1.3240509075907594 1.0000000180025095e-35 22.813904250355044 -0.43488532673267327 -0.032247759394263838 11.855950000000002 0.078957220484682025 12.942850000000002 -2.6541244522099263 0.036545658007091128 -0.98801846520836312 20.893350000000005 -2.4783585214521433 0.64304433491530533 -0.25881904510252113 0.98652258331870979 13.062350000000002 2.0678859089221491 0.028918275652680434 9.0966000000000005 -0.70710678118654735 -3.6470673344219589 0.27383534524298775 20.532700000000002 0.31441150459491679 1.7716705185273278 13.869972727273263 0.25754412273618649 0.3714672281037254 15.828050000000003
decision_type=2 10 2 2 2 2 2 8 2 2 2 10 2 2 2 2 2 2 2 2 2 2 2 2 2 2 2 2 2 2
left_child=4 2 14 6 12 19 22 13 27 -7 11 -10 -1 25 -2 28 -17 -18 -14 -6 21 -21 -3 24 -24 -8 -25 -9 29 -12
right_child=1 3 -4 -5 5 9 7 8 10 -11 15 -13 18 -15 -16 16 17 -19 -20 20 -22 -23 23 26 -26 -27 -28 -29 -30 -31
leaf_value=0.013063992235698069 0.022767116372330812 0.0018512791229925336 0.070747527021470483 -0.0024355515273125866 -0.0060210184188260879 0.012191839899610099 -0.0023359750740271478 0.053716971447713917 0.045533569622282756 -0.019565037302879475 0.018445723997727804 0.00057039312457600694 0.0078505193112932553 -0.015102864883805026 -0.027088459355544069 0.0025983772328585543 -0.011994394279154056 -0.041652072202040882 0.0036623358612306658 -0.036747681957692777 0.0051835685271157915 -0.00012095189871398562 0.00055464728442063908 -0.017224226872792205 -0.0060829207647484645 -0.0093342544833477752 -0.067791373973499991 0.018242510725194609 -0.0059688232130824396 0.0011400950657637213
leaf_weight=686.83965736627579 12.471796631813048 9909.2878452837467 47.66007998585701 18788.31620451808 209.34801489114761 41.424181669950485 3474.7316258847713 13.362639248371122 42.760445594787598 204.4483805000782 110.46448445320129 81.066678106784821 2181.2281466424465 231.61908030509949 33.852019429206848 150.55240219831467 114.91869753599167 30.288648962974548 2301.0464785695076 21.380222797393799 1907.2940420508385 475.70995724201202 2941.1168985664845 10.690111398696901 480.1641703248024 367.47257933020592 16.926009714603424 92.202210813760757 187.07694947719574 567.46674674749374
leaf_count=393 22 9668 86 20353 170 93 1954 30 96 459 248 182 1639 130 55 338 258 68 1500 12 1534 384 2589 24 415 207 38 207 420 1184
internal_value=4.1585e-06 -0.00102375 0.0295335 -0.00110089 0.00483096 0.00148319 0.000231422 -0.00206386 0.00272641 -0.014187 0.00102762 0.0163376 0.00668233 -0.00369877 -0.0134683 -0.000618256 -0.00774978 -0.0184232 0.00570175 0.00296213 0.00374647 -0.00176691 0.00117036 -0.000786003 -0.000378416 -0.00300755 -0.0495029 0.0231949 0.00182625 0.00398295
internal_weight=45733.2 37704.5 93.9839 37610.5 8028.72 2859.6 18822.2 5463.98 1390.16 245.873 1284.6 123.827 5169.11 4073.82 46.3238 1160.77 295.76 145.207 4482.27 2613.73 2404.38 497.09 13358.2 3448.9 3421.28 3842.2 27.6161 105.565 865.008 677.931
internal_count=44756 38572 163 38409 6184 2652 18056 5322 3031 552 2794 278 3532 2291 77 2516 664 326 3139 2100 1930 396 12734 3066 3004 2161 62 237 1852 1432
is_linear=0
shrinkage=0.03


Tree=57
num_leaves=31
num_cat=0
split_feature=37 7 21 20 24 47 24 8 21 9 11 3 42 3 14 25 3 5 24 11 9 9 15 9 3 42 5 43 47 24
split_gain=193.54 75.386 56.0363 164.316 45.8412 62.1235 103.066 38.7464 33.7826 41.0127 29.4363 28.9511 27.2588 26.2278 25.6411 32.2581 30.3284 23.3741 23.2482 28.8393 66.1706 24.1261 39.372 23.2324 22.9873 23.5097 21.6475 20.2156 19.6837 19.912
threshold=0.33098090718159467 32.073750000000011 -5.3259909715279434 27.107105165274351 -0.032247759394263838 13.298300413223533 0.12225609522135446 7.8594500000000007 -3.6470673344219589 8.3301500000000015 20.532700000000002 7.8305000000000016 0.49885992232860388 7.6395000000000008 0.53840000000000032 -0.79382744783423187 7.166500000000001 31.843850000000007 0.43442111757849838 16.871750000000002 8.3301500000000015 8.2616000000000014 15.80332584264797 7.1566500000000008 6.2325000000000008 0.51150074979813132 31.799050000000005 0.27701132757403879 11.803257438016786 0.22386011952790016
decision_type=2 10 2 2 2 2 2 10 2 10 2 2 2 2 2 2 2 10 2 2 10 10 2 10 2 2 10 2 2 2
left_child=2 4 3 -1 13 8 12 23 9 -6 -8 -3 -7 -2 -9 18 -17 -11 19 20 27 22 -20 -4 -10 28 -12 -16 -26 -30
right_child=1 11 7 -5 5 6 10 14 24 17 26 -13 -14 -15 15 16 -18 -19 21 -21 -22 -23 -24 -25 25 -27 -28 -29 29 -31
leaf_value=-0.0024269737073004285 0.0021758273836262692 0.0057455616632868705 -0.010493824108017276 0.06723915671391395 0.025561903410675678 0.012725730643126862 -0.0093702154585760863 -0.0026945161272141356 -0.0035148684385968177 -0.016040159079764232 -0.027645849297163384 0.013539835212800831 -0.011226349974813678 0.0060596728257474751 0.068324573659819018 -0.00092725634086386632 0.0020172458299182131 -0.0034976821013977142 0.0033159684112256406 -0.0019782455331207567 0.0019092966475118061 -0.0081533022261163542 -0.019814743951014104 -0.0034351764896183158 0.0030016190299909868 -0.024158346785181459 -0.055654692753115666 0.025149847214740308 0.0021690174429886502 -0.018184874174310788
leaf_weight=110.90990576148033 5522.3333800435066 1898.3856158852577 476.6007998585701 40.978760361671448 33.852019429206848 102.00147959589958 42.31502428650856 6730.7613894045353 722.02794072031975 206.67548704147339 66.813196241855621 554.54952880740166 72.158251941204071 2183.9006744921207 14.253481864929197 7452.789330124855 5449.2842854857445 377.71726942062378 436.06746080517769 4351.3207605779171 358.11873185634613 1028.0323795080185 77.057886332273483 3483.1946307420731 3612.3668101429939 28.952385038137436 43.205866903066635 33.406598120927811 92.202210813760757 80.175835490226746
leaf_count=66 4325 2069 578 80 76 229 95 9531 655 116 150 420 162 1498 32 7378 5190 212 649 5026 201 577 173 2006 2581 65 97 75 207 180
internal_value=-2.20288e-05 0.00268425 -0.0014309 0.0166854 0.00178562 -0.000311838 -0.0129817 -0.00152351 0.000493134 -0.00607982 -0.0309187 0.00751246 0.00279441 0.00327713 -0.00110134 -0.000542733 0.000316435 -0.00795326 -0.00230252 -0.00126454 0.0063749 -0.00550359 -0.000189439 -0.00428719 0.00139021 0.00231954 -0.0390475 0.0392007 0.00252842 -0.00734819
internal_weight=45682.4 15639.6 30042.8 151.889 13186.7 5480.46 326.494 29890.9 5153.97 618.245 152.334 2452.94 174.16 7706.23 25931.1 19200.3 12902.1 584.393 6298.26 4757.1 405.779 1541.16 513.125 3959.8 4535.73 3813.7 110.019 47.6601 3784.74 172.378
internal_count=44699 13137 31562 146 10648 4825 733 31416 4092 404 342 2489 391 5823 28832 19301 12568 328 6733 5334 308 1399 822 2584 3688 3033 247 107 2968 387
is_linear=0
shrinkage=0.03


Tree=58
num_leaves=31
num_cat=0
split_feature=18 4 20 18 24 47 24 33 18 24 41 49 24 33 18 47 24 12 33 18 47 47 33 4 50 49 46 33 50 11
split_gain=222.254 78.3614 179.1 58.3964 54.7121 74.6344 41.8808 38.4337 32.8062 29.4915 38.7552 29.365 25.8611 31.3621 23.676 22.581 36.2644 35.6416 22.113 21.5939 19.8226 19.2897 18.6169 17.319 15.7783 26.0796 15.6067 18.0514 15.2311 14.9744
threshold=-1.3240509075907594 1.0000000180025095e-35 22.813904250355044 -0.69843472607260615 -0.032247759394263838 11.709500000000002 0.019350803001866129 0.036664242344888846 -2.0442262277227718 0.43442111757849838 8.7330500000000022 31.766350000000006 0.29033824002281988 0.063671846211650701 -0.054384316913504087 9.9598500000000012 0.33931202449298198 11.705204958677937 0.21045791503291117 -2.6696350990098998 12.836985537190204 8.6995000000000022 0.24670903915341427 29.493550000000003 31.76895 31.720750000000006 0.10643525320252549 0.12943510343025236 30.742100000000004 22.597750000000001
decision_type=2 10 2 2 2 2 2 2 2 2 2 2 2 2 2 2 2 2 2 2 2 2 2 10 2 2 2 2 2 2
left_child=4 2 -2 7 8 9 -7 28 18 15 21 -12 14 20 23 -6 17 19 -1 -17 -14 -11 -10 26 -21 -26 27 -5 -3 -19
right_child=1 3 -4 12 5 6 -8 -9 22 10 11 -13 13 -15 -16 16 -18 29 -20 24 -22 -23 -24 -25 25 -27 -28 -29 -30 -31
leaf_value=0.011592271213625971 -0.017822393034765054 -0.02757141765733653 0.064848330986345695 0.0031887127424638098 0.006095120932940931 0.019619166768254311 -0.018114289664133615 -0.0010468698539417578 0.0053653677735742257 -0.0050476438335813412 -0.047579088335395953 -0.0075726163570763007 -0.0017263854506157129 -0.0060102825210999146 -0.0028056221287711095 -0.020921199845472929 -0.029322527631663091 -0.0053228119934314389 0.0016519300268114617 -0.019734283646743671 -0.011292401279039251 0.013946305231934528 -0.0028704931801669486 -0.014379453274077371 0.033597388225658886 0.0089037379540836143 -0.00050559791458788784 0.025094963283088099 0.0024519617118918704 0.012750502189317257
leaf_weight=1273.9049416780472 43.651288211345673 14.253481864929197 49.44176521897316 156.78830051422119 1478.3533221781254 28.952385038137436 237.40955731272697 5989.1349111199379 3374.0664102137089 199.10332480072975 29.843227654695511 36.524547278881073 5720.1004409193993 2591.015750259161 5786.4682158529758 18.262273639440536 35.633704662322998 442.30335912108421 239.63666385412216 12.471796631813048 200.8850100338459 62.358983159065247 265.91652104258537 78.839571565389633 47.214658677577972 197.76706087589264 11288.312215715647 42.31502428650856 5820.7656565904617 44.542130827903748
leaf_count=751 77 32 90 283 958 65 533 5505 2472 135 19 22 4121 2121 8497 41 80 249 136 28 451 128 165 177 106 258 11570 83 5676 25
internal_value=-7.39115e-05 -0.00103697 0.0263066 -0.00110521 0.0044602 0.00114058 -0.0139548 0.000641285 0.0063088 0.00268922 -0.00571139 -0.0260013 -0.00190362 -0.003258 -0.00123911 0.00390091 -0.000165564 0.00123353 0.0100206 0.00983251 -0.00205279 -0.000481694 0.00476308 -0.000455231 0.0120865 0.0137801 -0.000358424 0.00794655 0.00237391 -0.00364651
internal_weight=45806.2 37782 93.0931 37688.9 8024.26 2870.74 266.362 11824.2 5153.52 2604.38 327.83 66.3678 25864.7 8512 17352.7 2276.55 798.195 762.561 1513.54 275.716 5920.99 261.462 3639.98 11566.3 257.454 244.982 11487.4 199.103 5835.02 486.845
internal_count=44854 38683 167 38516 6171 2647 598 11213 3524 2049 304 41 27303 6693 20610 1745 787 707 887 433 4572 263 2637 12113 392 364 11936 366 5708 274
is_linear=0
shrinkage=0.03


Tree=59
num_leaves=31
num_cat=0
split_feature=37 4 20 24 12 7 44 24 15 24 3 36 25 3 24 11 9 9 32 24 3 49 33 16 24 4 24 4 24 9
split_gain=177.071 65.519 186.867 64.5577 42.6391 41.4405 39.3124 42.2967 52.1802 31.936 28.576 26.6504 30.869 27.2867 24.4931 27.2915 62.1398 25.455 28.8559 24.3632 24.0999 23.5404 19.9202 18.9213 28.5777 45.5458 27.8541 30.1424 46.2316 32.9669
threshold=0.32561200665517903 1.0000000180025095e-35 22.813904250355044 -0.032247759394263838 17.102961570248642 31.552200000000003 1.5667750375573417 0.12225609522135446 19.675665132013204 0.79184907943689831 7.8305000000000016 0.40102561983463231 -0.79382744783423187 6.6915000000000004 0.43442111757849838 16.871750000000002 8.3084500000000023 8.3671500000000023 16.496583333333337 -0.77786766366919291 6.2545000000000011 31.94725 0.12186987596080441 16.582830991735765 0.12225609522135446 20.893350000000005 0.30675521904633613 17.465250000000001 0.35544221683359195 8.4243500000000022
decision_type=2 10 2 2 2 8 2 2 2 2 2 2 2 2 2 2 10 10 2 2 2 2 2 2 2 10 2 8 2 10
left_child=1 2 -1 4 10 -5 20 -8 -9 11 -2 -3 14 -14 15 16 -13 18 -16 -6 -7 -21 -11 26 -25 -26 -22 29 -29 -28
right_child=3 9 -4 5 19 6 7 8 -10 22 -12 12 13 -15 17 -17 -18 -19 -20 21 23 -23 -24 24 25 -27 27 28 -30 -31
leaf_value=-0.020667813843346931 0.0059146719439988529 -0.002785006679686564 0.067415712046171805 -0.030352145128119221 0.0065993825210326649 -0.0033116230841488525 -0.0033802161036815973 -0.0037587555234148587 -0.05253608875809352 -0.003082152191529206 0.014120332902103976 0.038107249263306296 -0.0013852962511141287 0.00137469828088351 0.00087048051910515228 -0.0018870562128592014 0.0018797110124732562 -0.0090025531303687244 -0.020699077932279035 0.0011658279931051805 0.0057061315067773828 0.0054340452492539579 -0.0091398860079303108 0.00047998705430927862 -0.001199257664014174 -0.032320759596916174 0.0088833288287338934 0.00085291749782080955 -0.020139513447177827 -0.00034710248803890509
leaf_weight=41.424181669950485 1625.3423539102077 6103.6081873476505 43.651288211345673 38.75165382027626 1411.9855472445488 1007.5429993271828 213.35680666565895 38.306232511997223 40.087917745113373 3140.2202233672142 499.76270788908005 47.66007998585701 5314.7670503854752 8191.2978592514992 596.41913178563118 4315.2416346073151 343.86524999141693 853.4272266626358 60.577297925949097 4651.0893010497093 1655.1855815649033 1550.0661528110504 578.15685814619064 915.78620982170105 116.70038276910782 65.476932317018509 483.7275407910347 257.8989374935627 147.87987434864044 1236.489551782608
leaf_count=78 1342 9155 86 78 1562 1125 344 47 87 1776 312 107 5194 7851 793 5032 193 479 127 3536 1334 876 332 751 148 144 696 264 158 694
internal_value=2.0955e-05 -0.00135108 0.024785 0.00256883 0.00409345 0.000180479 0.000376863 -0.0103532 -0.0290493 -0.00142717 0.00785014 -0.00105283 -0.000516673 0.000288592 -0.00226577 -0.00119854 0.00637551 -0.00558849 -0.00114674 0.00304393 0.000910326 0.00223343 -0.00402625 0.00178266 -0.00168312 -0.0125001 0.00278922 0.000516649 -0.00682816 0.00225216
internal_weight=45585.8 29630.3 85.0755 15955.4 9738.25 6217.19 6178.44 291.751 78.3942 29545.2 2125.11 25826.9 19723.3 13506.1 6217.19 4706.77 391.525 1510.42 656.996 7613.14 5886.69 6201.16 3718.38 4879.15 1097.96 182.177 3781.18 2126 405.779 1720.22
internal_count=44701 31203 164 13498 7628 5870 5792 478 134 31039 1654 28931 19776 13045 6731 5332 300 1399 920 5974 5314 4412 2108 4189 1043 292 3146 1812 422 1390
is_linear=0
shrinkage=0.03


Tree=60
num_leaves=31
num_cat=0
split_feature=18 18 37 20 33 24 47 27 18 33 25 47 24 27 33 5 11 33 11 43 8 3 8 24 22 40 9 40 3 34
split_gain=199.957 58.6467 57.1707 156.441 40.4491 35.4212 44.5627 35.2844 34.438 30.0819 25.1096 32.5623 49.8285 25.463 22.6781 23.266 20.8433 18.5538 17.9887 26.9221 17.9119 20.1898 17.703 40.077 41.0421 35.1813 33.9937 45.9031 20.53 17.3642
threshold=-1.086222706270626 -2.0442262277227718 1.0000000180025095e-35 22.813904250355044 0.18249497527329914 0.30675521904633613 15.108950000000002 18.161200000000004 -0.15387066822135329 0.19561147887245439 -0.67801649466304881 12.695087603305796 0.1051661082335764 22.080750000000005 0.036664242344888846 31.93055 29.725350000000002 0.51291209448273423 24.644400000000005 0.68939272145713926 7.1555500000000007 6.097500000000001 9.7095500000000019 0.25725141817891134 -0.78656609248549292 16.747602794425649 8.4905500000000025 18.360181959340462 6.5475000000000003 13.529699311295275
decision_type=2 2 2 2 2 2 2 2 2 2 2 2 2 2 2 10 2 2 2 2 10 2 10 2 2 2 10 2 2 2
left_child=1 7 3 -2 10 8 9 -1 16 20 11 -3 18 -14 -9 -16 22 -10 19 -13 -7 -22 26 -24 -25 -26 27 29 -27 -4
right_child=2 4 5 -5 -6 6 -8 14 17 -11 -12 12 13 -15 15 -17 -18 -19 -20 -21 21 -23 23 24 25 28 -28 -29 -30 -31
leaf_value=-0.013584076575745939 -0.016609079244859583 0.0031699802524716636 0.064402902928667807 0.065702905487015031 -0.0017620762011389555 -0.0083081271188523466 -0.032605065797738052 0.012861614336428216 -0.002268626739778725 -0.0068041662539805002 0.0070842010584541964 0.0081829214987036228 -0.017255544294597195 -0.059905395865148384 0.0018903592454829884 0.010070378979771656 -0.016764839195155777 0.029495061356601626 -0.0063012309995048536 -0.027666391341717798 -0.0050730955423120656 -0.0010987088765694324 1.5935232841815814e-05 0.013404068288631311 -0.0088445424906808696 -0.028572264184642308 0.0019079155932947016 0.0049786616399037633 -0.076669502673449408 0.022329778952621865
leaf_weight=65.476932317018509 41.869602978229523 6046.1488385796547 19.598537564277649 39.642496436834335 1755.8507972359657 383.9531677365303 43.651288211345673 730.04552426934242 7991.3036918342113 1322.0104429721832 1297.9576923251152 224.49233937263489 72.603673249483109 14.698903173208235 594.19202524423599 661.45064279437065 63.695247083902359 15.58974578976631 243.20003432035446 19.598537564277649 1354.0807771682739 7621.6040059626102 12844.614266842604 24.052750647068024 32.515755504369736 18.707694947719574 2112.1878438591957 75.276201099157333 16.035167098045349 18.262273639440536
leaf_count=54 79 4082 41 77 1488 439 98 493 10771 1084 1360 504 163 33 473 387 143 14 444 44 1414 5603 13933 54 70 42 1232 169 36 29
internal_value=-4.44341e-05 0.00333404 -0.00120832 0.0237336 0.00235663 -0.00126889 -0.00269483 0.00794071 -0.000610501 -0.00256956 0.00327 0.00252129 -0.00429814 -0.0250335 0.00865696 0.00620404 0.000227149 -0.00220311 -0.000539559 0.00520337 -0.00197078 -0.00169879 0.000299637 -0.000125617 -0.019822 -0.0317264 0.0027706 0.0187186 -0.052295 0.0452056
internal_weight=45764.4 11725.7 34038.7 81.5121 9674.55 33957.1 10725.3 2051.17 23231.8 10681.6 7918.7 6620.74 574.593 87.3026 1985.69 1255.64 15224.9 8006.89 487.291 244.091 9359.64 8975.68 15161.3 12935.9 91.3114 67.2586 2225.32 113.137 34.7429 37.8608
internal_count=44853 9525 35328 156 8118 35172 8638 1407 26534 8540 6630 5270 1188 196 1353 860 15749 10785 992 548 7456 7017 15606 14135 202 148 1471 239 78 70
is_linear=0
shrinkage=0.03


Tree=61
num_leaves=31
num_cat=0
split_feature=18 21 24 18 24 7 40 24 4 21 24 18 12 41 24 5 3 7 48 8 25 37 25 25 21 42 24 24 24 4
split_gain=190.074 145.938 74.4237 63.3991 36.1803 35.5478 33.5894 29.7549 29.5405 26.4298 22.7087 24.1698 24.122 18.5799 20.5887 21.1543 23.6106 16.3037 19.2052 35.097 25.4459 48.2243 37.7025 21.2387 49.246 30.8753 24.3179 19.4946 17.7172 27.7592
threshold=-0.77339302708437418 -5.3259909715279434 -0.61913973745509387 -1.5601711881188114 -0.15207348400340251 31.687150000000006 20.107701485968828 -0.77786766366919291 29.723050000000004 0.68314208355641359 0.30675521904633613 -0.19064743965301909 15.01533925619872 8.6097500000000018 0.79184907943689831 31.827550000000006 7.9095000000000004 32.087250000000004 0.16975989545263256 8.5795000000000012 -0.99052477729077237 0.29318151815181515 -0.9575230291762723 -0.99273797715557011 1.8493119803641209 0.41461145076325606 0.13930990466364487 0.53946920585801694 -0.64578423485557612 26.835700000000003
decision_type=2 2 2 2 2 10 2 2 8 2 2 2 2 2 2 8 2 10 2 10 2 2 2 2 2 2 2 2 2 8
left_child=3 2 -2 4 6 9 -1 -5 10 -6 11 -3 13 14 -12 16 -16 18 19 27 21 -20 -22 -21 28 -26 -27 -9 -25 -30
right_child=1 8 -4 7 5 -7 -8 17 -10 -11 12 -13 -14 -15 15 -17 -18 -19 20 23 22 -23 -24 24 25 26 -28 -29 29 -31
leaf_value=0.018948166059585887 0.060190713658092761 4.8390450773852384e-05 0.0035414068180018247 0.0053460792790240687 -0.00051932191014239461 0.0034846673394883067 0.0066734850030399882 0.012966590304578854 -0.019685413393448658 -0.02829249868637403 -0.00051055436182470765 -0.0021185493405654191 -0.025859892889870614 -0.0057102387019269084 -0.007842084660526662 -0.0029265749944766542 -0.032331906737916381 0.0045752460906587208 -0.02156298321263532 0.0065702017536678481 0.0064361887574058774 -0.00074097732243767495 0.00080757252092150233 0.0045475518326672931 -0.010365857298364443 -0.010700276519487663 -0.06240079944844476 0.0013318650668015244 -0.0032812494601575995 -0.016569394086689872
leaf_weight=217.81101974844933 50.778029143810272 9936.458545088768 35.188283354043961 1464.0998403131962 69.040302783250809 2410.1746990978718 2473.4245248734951 164.80588406324387 80.175835490226746 54.786820918321609 3758.9104205667973 8677.6979278922081 39.642496436834335 1522.8954530060291 311.79491579532623 3344.2231825590134 39.197075128555298 942.06606701016426 106.90111398696899 167.03299060463905 1400.4045932292938 1387.0419539809227 4545.0790296792984 216.47475582361221 49.44176521897316 12.471796631813048 25.834435880184174 595.08286786079407 1452.0734649896622 155.89745789766312
leaf_count=123 96 10374 22 1889 62 1931 1635 265 171 123 3183 11490 83 1739 196 1877 22 1110 60 363 948 933 2638 486 69 28 58 514 1892 344
internal_value=6.08999e-05 -0.00149197 0.03731 0.00247097 0.00525168 0.00267748 0.00767359 0.00132518 -0.00161369 -0.0129357 -0.00156054 -0.000961871 -0.00279619 -0.00269147 -0.00207405 -0.00366393 -0.0106611 0.00080009 0.000453672 -0.0016451 0.00125474 -0.00224435 0.0021342 -0.0036612 -0.00455789 -0.0263839 -0.0462685 0.00386895 -0.00349428 -0.00457907
internal_weight=45706.9 27797 85.9663 17909.9 5225.24 2534 2691.24 12684.7 27711 123.827 27630.8 18614.2 9016.66 8977.02 7454.13 3695.22 350.992 11220.6 10278.5 2839.12 7439.43 1493.94 5945.48 2079.23 1912.19 87.748 38.3062 759.889 1824.45 1607.97
internal_count=44724 29253 118 15471 3874 2116 1758 11597 29135 185 28964 21864 7100 7017 5278 2095 218 9708 8598 4019 4579 993 3586 3240 2877 155 86 779 2722 2236
is_linear=0
shrinkage=0.03


Tree=62
num_leaves=31
num_cat=0
split_feature=48 4 21 10 14 21 47 24 7 4 24 32 24 42 7 24 45 7 21 22 47 33 47 43 25 14 16 35 5 46
split_gain=144.411 56.0369 166.569 51.191 41.6645 40.9024 46.8426 92.2392 35.0226 33.9249 32.8315 52.3027 29.5035 32.2498 26.2705 25.4283 36.3955 32.2086 27.9781 23.7441 23.7235 23.4353 38.4299 26.8746 24.2824 23.3841 21.3965 20.827 20.7872 18.6881
threshold=0.32097703058896498 1.0000000180025095e-35 -3.5720357350769709 0.20075907590759073 4.9429500000000015 0.86422784876024228 13.147232231405729 0.12225609522135446 31.930250000000004 21.654050000000005 0.33931202449298198 17.48253333333334 0.35544221683359195 0.37568539239435539 31.918050000000004 0.43442111757849838 -0.38870577726465649 31.921850000000003 -3.6470673344219589 -0.60355339059327362 14.569200000000002 0.16008331164324016 11.565050000000001 0.40330274028188601 -0.90892157495189674 1.215300000000002 17.821425000000001 1.5597065144332489 31.799050000000005 0.0039502626477785014
decision_type=2 10 2 2 2 2 2 2 10 10 2 2 2 2 10 2 2 8 2 2 2 2 2 2 2 2 2 2 10 2
left_child=1 2 19 -2 21 10 28 9 -5 -8 14 15 -13 -14 -6 17 18 -12 -17 -1 -21 25 27 24 -24 -3 -9 -23 -7 -27
right_child=3 4 -4 8 5 6 7 26 -10 -11 11 12 13 -15 -16 16 -18 -19 -20 20 -22 22 23 -25 -26 29 -28 -29 -30 -31
leaf_value=0.078664483895368217 0.001335038076618439 -0.0022603139185800578 -0.031156117407950799 0.0040071118074198123 0.0017157576281751469 0.0058178332812304978 0.029800041193334643 -0.015673238949951148 0.010035335684766866 -0.0051377365640797503 -0.0069287728981971414 -0.001646491855501473 -0.016143560762042482 -0.056683608939538409 0.0063147913474844867 -0.025007305874893238 0.0015510340357781777 0.0090944788841048878 -0.0051881910720165255 0.0018327421097285052 0.049338109912469549 -0.0053363856310200998 0.026851963167580956 -0.0031218621813151218 0.0044890774864229438 -0.0048901110850056084 -0.040017400032212616 -0.014694561690066225 -0.002613939507523685 -0.00017706719744561093
leaf_weight=17.816852331161499 4239.5200121998787 10968.499716371298 34.742862045764923 2469.8611544072628 4283.1713004112244 339.41103690862656 27.170699805021286 53.00513568520546 1338.0456100702286 222.2652328312397 147.4344530403614 122.04543846845627 160.79709228873253 19.153116255998611 1512.2053416073322 89.084261655807495 649.86968877911568 472.59200808405876 224.93776068091393 12.917217940092085 35.188283354043961 1394.1686949133873 56.123084843158722 364.80005148053169 188.41321340203285 799.53124836087227 91.75678950548172 252.55388179421425 1158.5408228337765 13987.565343886614
leaf_count=25 2408 13045 69 1393 4003 678 61 119 754 499 97 139 163 43 1787 50 523 383 166 8 73 961 126 594 384 565 206 144 966 14333
internal_value=-4.46353e-05 -0.000823669 0.0214191 0.00360319 -0.00088381 0.000824693 -0.00312518 -0.0123126 0.00612742 -0.00122822 0.00179795 -0.00163959 -0.0130593 -0.0207479 0.00291668 0.000544603 -0.00250334 0.00527933 -0.0108722 0.0491792 0.0368791 -0.00146773 -0.00439902 0.00203524 0.00971 -0.0012108 -0.0312724 -0.00677967 -0.000700833 -0.000432213
internal_weight=45733.2 37685.8 100.665 8047.43 37585.1 9573.44 1892.15 394.198 3807.91 249.436 7681.29 1885.91 301.996 179.95 5795.38 1583.92 963.892 620.026 314.022 65.9224 48.1055 28011.7 2256.06 609.336 244.536 25755.6 144.762 1646.72 1497.95 14787.1
internal_count=44765 40210 175 4555 40035 9883 2529 885 2147 560 7354 1564 345 206 5790 1219 739 480 216 106 81 30152 2209 1104 510 27943 325 1105 1644 14898
is_linear=0
shrinkage=0.03


Tree=63
num_leaves=31
num_cat=0
split_feature=18 4 21 24 47 24 42 18 42 24 35 24 23 5 15 18 25 30 24 15 24 23 47 24 22 21 47 4 18 12
split_gain=172.732 59.1671 115.393 52.0647 54.8897 41.8417 39.4015 39.0959 35.0087 28.9756 25.7596 25.1996 22.354 20.1453 18.1717 18.7169 25.149 23.1124 17.7656 17.539 19.1224 17.3303 17.251 41.3437 16.5031 15.84 15.5911 24.0174 15.5172 15.4368
threshold=-0.90882288159716118 1.0000000180025095e-35 -3.5720357350769709 -0.032247759394263838 12.148023140496196 0.1051661082335764 0.42296112585073259 -1.9478821708532548 0.51150074979813132 0.22386011952790016 0.020604271401824522 0.79184907943689831 -0.78656609248549325 31.823050000000006 29.139999950849685 -0.042348618198174919 -0.79382744783423187 9.2636500000000019 -0.78856175031405207 19.508684161716175 0.13930990466364487 0.37940952255126048 17.652897107438577 -0.25309334970420783 0.37940952255126054 -3.6470673344219589 24.200743801653246 27.611250000000002 -0.42909633475161429 16.667787603306333
decision_type=2 10 2 2 2 2 2 2 2 2 2 2 2 10 2 2 2 2 2 2 2 2 2 2 2 2 2 10 2 2
left_child=3 2 -2 7 10 8 9 24 -6 -7 -5 14 -11 -13 15 16 17 21 -9 -8 -21 -3 -20 -24 25 -1 -19 -28 -18 -12
right_child=1 11 -4 4 5 6 19 18 -10 12 29 13 -14 -15 -16 -17 28 26 22 20 -22 -23 23 -25 -26 -27 27 -29 -30 -31
leaf_value=-0.036054957334934301 0.053310099871791118 -0.002802055222454883 -0.020431145144080926 -0.0044450326923179554 0.0159241415282514 0.0036757200367408252 -0.0059409198459574181 0.006437870980227918 -0.012849363580849659 -0.04013337733451848 0.0022279632052731404 -0.010629684238419958 -0.0098263770956199207 -0.003016899330024179 -0.016031171469743425 -0.0026153994730076127 0.0012624871683417599 -0.0011812654424740118 0.0028286037500075238 -0.020335592909087121 -0.049889099771551128 -0.010585404887938799 -7.1190075269960987e-05 -0.028782421809819162 0.010371454910982536 0.0049898956095985646 0.00085119498846156336 -0.026465295625398792 -0.00076574020492550115 -0.0089852367614066935
leaf_weight=7.5721622407436362 47.66007998585701 591.07407608628273 30.734070271253586 641.40668392181396 85.075469881296158 96.656423896551132 20.934801489114761 1146.9598688185215 67.258617550134659 30.734070271253586 4598.9750079810619 342.97440737485886 73.939937174320221 3484.9763159751892 72.158251941204071 5513.8703751862049 5900.4960707724094 6134.3422576189041 5846.6000924706459 37.860811203718185 45.87839475274086 456.55684098601341 429.38614118099213 49.44176521897316 1044.9583892226219 741.18105697631836 60.131876617670059 54.786820918321609 7991.7491131424904 112.24616968631744
leaf_count=5 86 400 63 480 191 217 47 1477 151 69 3767 215 166 1956 162 8431 5972 6809 3697 85 103 329 964 111 633 434 135 123 7418 63
internal_value=-6.59588e-05 -0.00135804 0.024507 0.00256331 0.000337028 -0.00961539 -0.0159943 0.00395927 0.0032191 -0.00816005 0.00119088 -0.00142509 -0.0190206 -0.00370158 -0.0010995 -0.00105856 -0.000653328 -0.00207927 0.00300379 -0.0308429 -0.0369248 -0.00620089 0.00238018 -0.0030896 0.00793579 0.00452727 -0.00138744 -0.0122877 9.57439e-05 0.00195896
internal_weight=45758.6 30681.5 78.3942 15077.1 5810.97 458.339 306.004 9266.1 152.334 201.33 5352.63 30603.1 104.674 3827.95 26775.2 26703 21189.1 7296.89 7472.39 104.674 83.7392 1047.63 6325.43 478.828 1793.71 748.753 6249.26 114.919 13892.2 4711.22
internal_count=44759 32099 149 12660 5339 1029 687 7321 342 452 4310 31950 235 2171 29779 29617 21186 7796 6249 235 188 729 4772 1075 1072 439 7067 258 13390 3830
is_linear=0
shrinkage=0.03


Tree=64
num_leaves=31
num_cat=0
split_feature=18 4 20 18 33 18 33 9 25 35 33 9 33 25 4 9 7 41 25 47 25 18 4 42 25 6 4 33 25 10
split_gain=167.175 69.7102 96.2816 44.1088 36.1259 33.0507 28.0626 34.5585 22.6942 22.0055 19.5274 27.9265 29.9521 17.7247 30.703 17.2176 25.3314 19.8091 17.0709 24.9524 34.9224 16.3947 16.1416 14.7487 16.5913 14.6393 14.6136 13.7438 13.3609 13.1578
threshold=-1.2820838641681094 1.0000000180025095e-35 22.813904250355044 -0.66318072020831831 0.11105134248025407 -1.9928895841584156 0.21045791503291117 8.6393500000000021 -0.68432604233786842 0.004595940237498701 0.053808648623333642 14.580500000000002 1.0074146081264985 -0.98372925196996197 20.100300000000001 8.4005000000000027 31.84065 9.5615000000000006 -0.69676771491221523 23.057100000000002 -0.78324956448884031 -0.27126515511551114 29.723050000000004 0.33252393586342138 -0.93845867424155849 11.461350000000001 27.611250000000002 0.25887020686050383 -0.98801846520836312 0.24966996699669963
decision_type=2 10 2 2 2 2 2 10 2 2 2 8 2 2 10 10 8 2 2 2 2 2 10 2 2 10 10 2 2 2
left_child=4 2 8 6 5 15 18 13 -2 -6 21 27 -13 14 -8 16 -1 -18 19 -3 26 -5 -20 24 -15 -9 -21 -12 -17 -11
right_child=1 3 -4 10 9 -7 7 25 -10 29 11 12 -14 23 -16 28 17 -19 22 20 -22 -23 -24 -25 -26 -27 -28 -29 -30 -31
leaf_value=-0.036946909014315785 0.01678121366893701 0.00074115028359023223 0.051924699817808159 -0.00024264905317923418 -0.018920426536994266 0.0037857772175500489 0.051141206032622406 -0.0093766326352499492 -0.029080647032270406 -0.00030591094447354533 -0.0041024230614650336 -9.606550491511804e-05 0.047275092845784107 0.015948775037513536 0.0032398896802415204 0.0051332820212141306 -0.0096410521244369978 0.016497429742825469 0.0034732048980882823 -0.0025755133286713317 -0.0010771743302785419 -0.0019695074378541203 -0.018367321125972658 -0.0068726418902163508 0.00075121962689779671 -0.0011503108044797926 -0.030182482242988036 -0.0094196850240278671 0.011800402612716192 0.0041286567220495925
leaf_weight=15.144324481487272 15.58974578976631 7598.4420979321003 51.22345045208931 8200.651706725359 48.550922602415085 4393.1903635561466 16.480588406324387 648.9788461625576 22.716486722230911 1705.9636107087135 2572.7534766197205 1186.6023652553558 11.135532706975935 77.503307640552521 39.197075128555298 377.71726942062378 51.22345045208931 51.22345045208931 2566.0721569955349 23.161908030509949 198.21248218417168 12475.360002279282 29.843227654695511 172.82346761226654 367.02715802192688 278.38831767439842 69.040302783250809 527.37882900238037 973.69097989797592 929.59427037835121
leaf_count=34 17 6448 85 7719 31 3542 37 365 51 1415 1450 2643 25 135 88 212 115 115 2818 52 445 14304 67 337 380 157 155 296 548 629
internal_value=-1.26903e-05 -0.000883055 0.0254104 -0.00094726 0.00377022 0.00508986 0.000540541 -0.00315843 -0.0104639 0.000887264 -0.00166722 -0.00350701 0.000383421 0.00201487 0.0180708 0.00898462 -0.00201043 0.00346133 0.0011054 0.000410847 -0.00820414 -0.00128463 0.00321515 0.000539941 0.00343074 -0.00691105 -0.0233494 -0.00500971 0.00994212 0.00125919
internal_weight=45694.9 37148.6 89.5297 37059.1 8546.3 5862.19 12085.2 1600.4 38.3062 2684.11 24973.9 4297.87 1197.74 673.032 55.6777 1469 117.591 102.447 10484.8 7888.86 290.415 20676 2595.92 617.354 444.53 927.367 92.2022 3100.13 1351.41 2635.56
internal_count=44715 38074 153 37921 6641 4566 11484 1499 68 2075 26437 4414 2668 977 125 1024 264 230 9985 7100 652 22023 2885 852 515 522 207 1746 760 2044
is_linear=0
shrinkage=0.03


Tree=65
num_leaves=31
num_cat=0
split_feature=37 4 20 33 35 3 22 36 33 5 36 6 14 35 9 41 11 43 23 5 9 23 27 9 50 42 35 43 3 32
split_gain=123.302 73.7956 112.734 46.1572 42.7707 33.594 30.0861 26.1931 21.8277 30.7766 28.3728 20.6068 18.8854 17.7053 16.7182 20.8491 14.8815 14.7801 14.3254 13.026 21.2413 16.533 15.8595 14.8452 31.9267 28.6296 16.6018 16.57 14.5417 13.7619
threshold=0.32561200665517903 1.0000000180025095e-35 11.622170150199674 0.034650291004067919 2.1727246657337038 6.7235000000000005 0.78656609248549325 9.5226500000000023 0.037490478791302691 31.677850000000003 1.0462780991734502 7.8743500000000006 8.2134000000000018 0.0037697037903080973 9.3148500000000016 10.438650000000001 18.269350000000003 -0.0041826996636213877 -0.78656609248549325 31.964150000000004 8.2333500000000015 -0.78656609248549325 26.957150000000002 8.4905500000000025 31.594450000000005 0.5451820663667476 0.057320153523870071 0.11821363678231261 7.089500000000001 18.374783333333337
decision_type=2 10 2 2 2 2 2 2 2 8 2 10 2 2 10 2 2 2 2 10 10 2 2 10 2 2 2 2 2 2
left_child=1 2 -1 5 18 -2 17 -7 10 -10 -3 14 13 -8 16 -16 -11 -5 -4 22 21 -21 23 24 -19 27 -25 -26 -29 -30
right_child=3 8 4 6 -6 7 12 -9 9 11 -12 -13 -14 -15 15 -17 -18 19 -20 20 -22 -23 -24 26 25 -27 -28 28 29 -31
leaf_value=-0.029010996171848599 0.0011770302061537194 -0.0019795109404536007 0.036758229586550617 0.015999694354666943 0.0019242570732265498 0.0046037810007039867 -0.017285056401816771 0.011449479798929385 -0.0003863442406960274 -0.0055388198543821349 0.00021510327500460065 -0.0013637188343922691 0.0087117137559114249 0.0027137574250814156 -0.023435250905618585 -0.00673938640583147 0.0022492984990406303 -0.02475980679738397 0.076187451684161439 -0.049005720011510191 0.0024738169119073827 -0.006583787902925786 0.0016931878221779053 -0.0078029927197091993 0.0071345969736339989 -0.036982127859933017 -0.0020609073909143975 0.0033229164492434233 0.009676326950497938 -0.010247633163589086
leaf_weight=22.271065413951874 2565.1813143789768 9220.6665026843548 16.035167098045349 48.996343910694122 13.362639248371122 4007.9009318947792 40.087917745113373 575.03890898823738 3399.455424785614 2478.7695805728436 12472.687474429607 1572.7826395332813 546.53194525837898 1324.6829708218575 99.774373054504395 206.67548704147339 241.86377039551735 40.53333905339241 28.506963729858398 11.135532706975935 1614.2068212032318 27.170699805021286 1337.1547674536705 568.80301067233086 430.2769837975502 15.58974578976631 2220.4252217710018 314.02202233672142 36.96996858716011 177.72310200333595
leaf_count=50 2258 11278 33 110 12 3364 24 436 4641 1548 11784 1362 453 1126 56 116 330 91 58 25 909 61 1031 320 777 35 1250 684 71 396
internal_value=5.46267e-06 -0.00113369 0.0274314 0.00213815 0.0492639 0.00392663 0.000677536 0.00546505 -0.00121175 -0.00255114 -0.000717756 -0.00415057 0.00400424 0.0021141 -0.0055976 -0.0122338 -0.00484589 -0.000252087 0.0631117 -0.000371627 0.00194468 -0.0198488 -0.00111634 -0.00210402 0.00100168 0.00209739 -0.00323426 0.00277054 -0.000787758 -0.00678779
internal_weight=45675.3 29772.9 80.1758 15902.4 57.9048 7148.12 8754.31 4582.94 29692.7 7999.32 21693.4 4599.87 1911.3 1364.77 3027.08 306.45 2720.63 6843.01 44.5421 6794.01 1652.51 38.3062 5141.5 3804.34 1015.12 974.582 2789.23 958.992 528.715 214.693
internal_count=44689 31268 153 13421 103 6058 7363 3800 31115 8053 23062 3412 1603 1150 2050 172 1878 5760 91 5650 995 86 4655 3624 2054 1963 1570 1928 1151 467
is_linear=0
shrinkage=0.03


Tree=66
num_leaves=31
num_cat=0
split_feature=48 3 4 20 24 3 8 4 24 43 49 11 3 6 11 37 24 46 9 48 35 27 24 8 24 48 43 9 36 27
split_gain=114.46 50.732 45.6465 96.9788 26.4894 26.4578 24.4991 27.1353 22.3823 38.8584 34.4955 37.93 26.2242 25.6054 25.3092 31.9978 22.2949 19.1091 19.2354 18.199 18.0687 17.9914 16.2011 20.9023 16.0405 17.3941 15.5732 15.3829 14.8783 14.7672
threshold=0.20707909717146214 7.9395000000000016 1.0000000180025095e-35 22.813904250355044 0.35544221683359195 6.3225000000000007 10.686450000000002 22.432150000000004 -0.69057362043749781 0.39529510990741806 31.865950000000002 20.724900000000002 8.3445000000000018 7.894000000000001 29.498450000000002 0.22609570957095707 0.1051661082335764 0.22955279714628704 8.4005000000000027 0.089763109929035051 0.053507558843646927 22.531300000000005 0.43442111757849838 8.5795000000000012 0.17328881712428665 0.083380397222142313 -0.0041826996636213877 8.6641000000000012 0.53345000000000031 14.505550000000001
decision_type=2 2 10 2 2 2 10 10 2 2 2 2 2 10 2 2 2 2 10 2 2 2 2 8 2 2 2 10 2 2
left_child=2 4 3 -1 5 -2 -7 21 14 13 12 -12 19 22 15 28 -13 18 -3 -11 27 -8 24 29 -10 -26 -22 -15 -4 -24
right_child=1 17 8 -5 -6 6 7 -9 9 10 11 16 -14 20 -16 -17 -18 -19 -20 -21 26 -23 23 -25 25 -27 -28 -29 -30 -31
leaf_value=-0.013919143114201501 -0.0011227381840076807 -0.014408218024817775 -0.0022949003038080389 0.050908223820217452 -0.020554804025582817 0.0048364361329589819 -0.0030569029865865232 0.0019122755123035756 -0.0014071482548907244 -0.0070643873445174555 -0.0085132618295969999 -0.017880120376371888 -0.020302743668412872 -0.00080970120356239504 -0.011660299009229026 0.0049687535224010428 -0.052544289131064868 0.0036301089193575926 0.0094965030785268412 -0.001147406346435531 0.015022834367813646 -0.02475473708994079 -0.0028485786938503557 -0.0082027113429450193 0.021026998660920351 0.0023915456730897273 0.00095611227174786505 -0.006535999588439605 0.00069612467797772811 0.0073937952728471146
leaf_weight=37.860811203718185 2860.0502204596996 30.288648962974548 2296.5922654867172 44.09670951962471 48.550922602415085 2338.4618684649467 707.32903754711151 6968.1709467172623 5427.9040626883507 735.39057996869087 185.29526424407959 36.96996858716011 84.184627264738083 2619.5227139890194 156.78830051422119 1204.8646388947964 32.070334196090698 1416.4397603273392 1110.8807428479195 1284.149631768465 70.821988016366959 35.188283354043961 4824.3581899702549 675.70412465929985 51.668871760368347 315.35828626155853 5178.0227087438107 502.43523573875427 4293.4159905016422 129.17217940092087
leaf_count=70 1846 68 4673 78 34 1596 427 4037 4212 1651 185 83 165 3415 352 2705 72 795 625 2208 159 22 2983 767 116 189 5982 282 4770 257
internal_value=7.16482e-06 0.00210123 -0.00106918 0.021154 0.00133885 0.00142277 0.00214728 0.00133121 -0.00113038 -0.00162044 -0.00526005 -0.0156756 -0.00399398 -0.00118663 0.000234951 0.000475681 -0.0345025 0.00596169 0.00884997 -0.00330443 7.38675e-05 -0.00411709 -0.00211016 -0.0032563 -0.000996426 0.00506499 0.00114874 -0.00173307 -0.000346426 -0.00258005
internal_weight=45702 15515.4 30186.6 81.9575 12957.8 12909.2 10049.2 7710.69 30104.7 22153 2358.06 254.336 2103.72 19795 7951.66 7794.87 69.0403 2557.61 1141.17 2019.54 8370.8 742.517 11424.2 5629.23 5794.93 367.027 5248.84 3121.96 6590.01 4953.53
internal_count=44824 9450 35374 148 7962 7928 6082 4486 35226 22726 4364 340 4024 18362 12500 12148 155 1488 693 3859 9838 449 8524 4007 4517 305 6141 3697 9443 3240
is_linear=0
shrinkage=0.03


Tree=67
num_leaves=31
num_cat=0
split_feature=18 4 21 33 18 22 7 24 33 18 47 21 46 21 24 42 25 33 10 33 27 40 12 25 24 40 25 18 25 22
split_gain=132.508 59.5671 97.9953 46.5434 38.0327 26.0287 25.8643 30.2623 24.154 31.4507 28.3389 24.8198 21.8067 21.3243 27.3172 26.3151 19.7723 18.8928 17.4008 17.0896 15.5204 14.6877 14.4004 18.319 14.1426 17.5309 14.0609 13.1278 13.0243 12.9194
threshold=-1.0044094578183118 1.0000000180025095e-35 -3.5720357350769709 0.069610420675835546 -1.6901501650165007 0.60355339059327384 31.921850000000003 0.33931202449298198 0.13712943034506425 -0.3984608140086347 12.890050000000002 0.98652258331870979 0.20992879321457597 1.2318402001840341 0.1051661082335764 0.42510285692313615 -0.98372925196996197 0.18249497527329914 0.17600660066006599 0.015388653828971378 13.881100000000002 14.612382410050474 12.81749834710768 -0.96466008222729416 0.35544221683359195 17.996783415546883 -0.9497838742125716 -2.3471022376237616 -0.99761278905001471 -0.60355339059327362
decision_type=2 10 2 2 2 2 10 2 2 2 2 2 2 2 2 2 2 2 2 2 2 2 2 2 2 2 2 2 2 2
left_child=3 2 29 4 13 17 7 21 9 19 -10 12 24 27 -15 -16 -13 28 -9 -3 -8 -7 23 -23 25 -12 -18 -1 -5 -2
right_child=1 8 -4 5 -6 6 20 18 10 -11 11 16 -14 14 15 -17 26 -19 -20 -21 -22 22 -24 -25 -26 -27 -28 -29 -30 -31
leaf_value=0.012734075697810278 0.069836278661531706 0.0015465036994183651 -0.017139513055893202 -0.0057882713317244519 0.0026708637438545169 -0.0090357384107940565 -0.0022593263517922935 -0.04458283755430683 -0.005042082872591583 -0.0017114041502600983 0.0372158031002712 0.0092645857283379495 -0.00087114625831606412 0.0023630049594215658 0.0014022780884514244 -0.058493928127465615 -0.033327361147606017 -0.0037434339031500608 -0.0099941302340034992 -0.00070704209335199319 0.0088627814272363124 0.0065208553742873033 0.00078604582566246404 0.03559461228812083 -0.010757522318478149 0.011206860801868309 -0.0085116621086105109 0.0069530617096493705 0.0017099222517618995 0.036221636468078473
leaf_weight=465.46526715159416 16.480588406324387 5409.1963677406311 33.406598120927811 237.85497862100601 5651.0601381361485 104.22858613729477 134.07181379199028 14.698903173208235 2513.0670213103294 16825.344498932362 26.279857188463211 39.197075128555298 226.27402460575104 196.87621825933456 12.471796631813051 12.917217940092085 28.061542421579361 1516.6595546901226 85.520891189575195 6879.0866850614548 702.87482446432114 222.2652328312397 804.43088275194168 20.489380180835724 20.934801489114761 176.38683807849884 73.939937174320221 1495.2793318927288 1639.5958357751369 39.642496436834335
leaf_count=280 22 5241 66 201 4890 60 88 9 1871 18466 59 88 490 214 28 29 63 1224 93 6798 627 202 621 31 47 387 166 1074 1245 68
internal_value=-3.08364e-05 -0.00106883 0.0232322 0.00248729 0.00397087 0.0003671 0.00300136 0.000270208 -0.00113708 -0.000868783 -0.0036523 0.00225519 0.00569833 0.00733336 -0.00146731 -0.0301331 -0.008678 -0.00125431 -0.0154575 0.000284994 0.00708054 0.00165138 0.0027227 0.00911075 0.0123206 0.0147456 -0.015596 0.00833122 0.000757397 0.0471424
internal_weight=45624.1 32307.3 89.5297 13316.8 7834.07 5482.69 2088.58 1251.63 32217.8 29113.6 3104.14 591.074 449.876 2183.01 222.265 25.389 141.199 3394.11 100.22 12288.3 836.947 1151.41 1047.19 242.755 223.601 202.667 102.001 1960.74 1877.45 56.1231
internal_count=44748 33832 156 10916 6515 4401 1731 1016 33676 30505 3171 1300 983 1625 271 57 317 2670 102 12039 715 914 854 233 493 446 229 1354 1446 90
is_linear=0
shrinkage=0.03


Tree=68
num_leaves=31
num_cat=0
split_feature=18 21 20 33 18 33 18 8 5 25 5 20 35 25 21 9 4 4 21 24 42 18 25 47 24 5 26 33 4 48
split_gain=139.057 89.8709 66.0527 52.4018 35.4262 28.2192 27.4646 19.9811 18.5338 17.9775 16.5677 14.294 14.2869 14.5953 12.9495 12.5593 24.8664 12.1882 12.1643 16.5262 16.3212 11.2611 21.7145 17.3522 16.7891 20.5624 15.9332 13.9553 12.5863 35.8779
threshold=-0.77339302708437418 -5.3259909715279434 27.107105165274351 0.035321608117428384 -1.6901501650165007 0.64304433491530533 -2.4783585214521433 7.2402500000000005 31.93055 -0.98801846520836312 31.823050000000006 11.622170150199674 0.006351692687779689 -0.98932651372861458 -1.2205468484426658 8.3301500000000015 20.251800000000003 29.493550000000003 1.2318402001840341 0.1051661082335764 0.42510285692313615 -0.23326897798868448 -0.80417042486635371 24.945027685950809 0.43442111757849838 31.593050000000002 16.258800000000004 0.51291209448273423 16.823800000000002 0.12053624825569807
decision_type=2 2 2 2 2 2 2 10 10 2 10 2 2 2 2 10 8 10 2 2 2 2 2 2 2 8 2 2 8 2
left_child=3 2 -2 4 18 6 8 10 9 14 11 -3 13 -8 -5 16 -7 21 -1 -20 -21 22 23 24 28 26 -26 -27 29 -9
right_child=1 7 -4 5 -6 15 12 17 -10 -11 -12 -13 -14 -15 -16 -17 -18 -19 19 20 -22 -23 -24 -25 25 27 -28 -29 -30 -31
leaf_value=0.0087495980134010293 0.00018579942697869971 -0.015538953088707702 0.051827158558047898 0.0019455222813921514 0.0028907502306139135 0.020899059235994236 -0.022295934588489417 0.038849872023696524 0.012790214685259968 0.0077717581119409775 -0.0029361563680094633 -0.0038948479000707665 0.00076604471277065566 -0.003205880933282914 -0.021051920927617117 -0.0095946779245713563 -0.014828980913437382 -0.011664008712584269 0.0037223996282082119 0.0002391467574242664 -0.053185396742985683 -0.0018757619461201075 0.00020397940601630865 -0.023933735723157896 0.0095715921375560658 -0.0056616474225830386 -0.010137202969070887 -0.018677022912407602 -0.0015412343548423619 0.0015716333972778651
leaf_weight=1420.0031307935715 40.53333905339241 205.33922311663628 48.550922602415085 44.542130827903748 6472.4170306026936 36.96996858716011 41.424181669950485 24.943593263626099 283.73337337374687 146.54361042380333 1115.7803772389889 177.27768069505692 8719.5675308704376 243.20003432035446 42.31502428650856 331.83887466788292 31.624912887811661 99.328951746225357 114.47327622771263 10.690111398696901 8.9084261655807477 11733.733523994684 9544.042372494936 32.070334196090698 134.07181379199028 1014.2243189513683 49.887186527252197 79.284992873668671 3209.260526150465 223.60149675607681
leaf_count=977 28 155 88 25 6023 83 30 56 166 92 666 389 7435 180 62 187 71 223 128 24 20 13761 8905 72 274 738 106 46 3611 136
internal_value=8.70243e-06 -0.00132288 0.0285932 0.0020661 0.00386819 0.000608002 0.000936409 -0.00142032 0.00765287 0.00137974 -0.00478839 -0.0101681 0.000549859 -0.00605258 -0.00937045 -0.0071836 0.00445065 -0.00122712 0.00793457 -0.000698519 -0.0254478 -0.00118687 -0.000621958 -0.00227515 -0.00212344 -0.005061 0.00420092 -0.00662153 -0.00103702 0.00545351
internal_weight=45680.2 27731.9 89.0843 17948.3 8026.49 9921.76 9521.33 27642.8 517.134 233.401 1498.4 382.617 9004.19 284.624 86.8572 400.434 68.5949 26144.4 1554.07 134.072 19.5985 26045.1 14311.4 4767.34 4735.27 1277.47 183.959 1093.51 3457.81 248.545
internal_count=44757 29254 116 15503 7172 8331 7990 29138 345 179 1210 544 7645 210 87 341 154 27928 1149 172 44 27705 13944 5039 4967 1164 380 784 3803 192
is_linear=0
shrinkage=0.03


Tree=69
num_leaves=31
num_cat=0
split_feature=18 4 21 24 47 24 40 43 24 42 21 18 5 24 41 24 41 24 42 10 25 33 21 5 5 24 47 12 47 24
split_gain=129.511 52.2128 103.549 35.5002 33.9901 51.4473 33.4426 27.7464 24.9276 51.2512 29.8371 24.6615 24.3924 22.6663 31.5333 21.9415 21.0794 52.9616 41.9538 24.3782 20.6126 19.3299 19.0083 30.3929 18.5569 25.5623 17.7714 49.0345 17.3404 21.9674
threshold=-1.1880338162724191 1.0000000180025095e-35 -3.5720357350769709 -0.15207348400340251 11.709500000000002 0.036545658007091128 20.644380529490579 0.18292688496664075 0.30675521904633613 0.31441150459491679 1.6264215378782814 -0.42909633475161429 32.176500000000004 0.43442111757849838 8.7103500000000018 0.79184907943689831 9.8060500000000008 0.25725141817891134 0.32154035451993701 0.15607260726072605 -0.62587551141915865 0.51291209448273423 -3.5720357350769709 31.639650000000007 31.878550000000001 -0.73282214301478099 11.411800000000001 14.612360520841181 10.798442148760577 -0.25309334970420783
decision_type=2 10 2 2 2 2 2 2 2 2 2 2 8 2 2 2 2 2 2 2 2 2 2 10 8 2 2 2 2 2
left_child=3 2 7 6 12 -6 -1 -2 11 13 -11 16 22 -10 15 -15 26 20 -19 -20 -18 -13 23 -5 25 -8 -3 -28 -27 -30
right_child=1 8 -4 4 5 -7 24 -9 9 10 -12 21 -14 14 -16 -17 17 18 19 -21 -22 -23 -24 -25 -26 28 27 -29 29 -31
leaf_value=0.013594150962937958 0.056803126888965313 0.0028417193192658416 -0.021944397327138231 0.019286603481422446 0.0088741792283096293 -0.013830304819766352 0.0063764154226994049 0.0070077184641771009 0.003693463588654672 -0.0086625174142531524 -0.037223090882266559 -0.001373741336310405 -0.02469731751172765 4.6366631036810746e-05 -0.0064651950375837616 -0.0030348107206122749 -0.00056731863059888304 -0.0058541262148773298 -0.023293780961980998 -0.072760850018015896 0.0025339806676515759 0.027712837203720624 0.0028140667886268891 -0.0054801418095380668 0.0066798332777816905 0.0063222549015881733 0.045411032088233473 0.00062650839400338484 1.8177804364180764e-05 -0.023052133076722731
leaf_weight=351.88283354043961 44.09670951962471 1718.4354073405266 30.734070271253586 48.105501294136047 127.83591547608376 296.65059131383896 1140.723970502615 13.362639248371122 677.93123120069504 636.95247083902359 33.852019429206848 12677.581276237965 29.843227654695511 4681.8233713209629 1228.9173895418644 3741.9844108521938 7278.6295985877514 58.795612692832947 21.380222797393799 16.480588406324387 2623.0860844552517 19.598537564277649 3847.1038396060467 486.40006864070892 1600.8441819548607 416.46892324090004 32.515755504369736 64.140668392181396 1712.1995090246201 36.96996858716011
leaf_count=256 87 993 60 75 287 666 1004 9 487 644 76 15793 31 4166 1394 2122 7011 129 48 37 3450 38 2865 303 981 236 73 144 1219 83
internal_value=-3.3319e-05 -0.000883813 0.0220408 0.00296575 0.00111017 -0.00698797 0.0046715 0.0455408 -0.000941365 -0.00212768 -0.0101571 -0.000408828 0.00189082 -0.00160537 -0.00197787 -0.00132254 0.000577698 3.76264e-05 -0.0219471 -0.0461448 0.000254427 -0.00132667 0.0020775 -0.00321928 0.00402904 0.00274397 0.003551 0.016003 0.000828564 -0.000482323
internal_weight=45695.3 35600.3 88.1934 10095 4835.94 424.487 5259.09 57.4593 35512.1 11001.5 670.804 24510.6 4411.45 10330.7 9652.73 8423.81 11813.5 9998.37 96.6564 37.8608 9901.72 12697.2 4381.61 534.506 4907.21 3306.36 1815.09 96.6564 2165.64 1749.17
internal_count=44767 36761 156 8006 4227 953 3779 96 36605 8889 720 27716 3274 8169 7682 6288 11885 10675 214 85 10461 15831 3243 378 3523 2542 1210 217 1538 1302
is_linear=0
shrinkage=0.03


Tree=70
num_leaves=31
num_cat=0
split_feature=18 21 20 7 18 33 33 8 21 5 5 35 24 25 21 16 43 33 24 33 48 21 33 21 18 7 25 17 23 25
split_gain=130.34 34.2612 95.8663 33.3965 31.1371 25.5591 20.0931 19.4306 17.3451 19.6908 20.9601 17.3581 14.1177 14.1169 13.7545 14.3475 14.2811 13.1511 16.2779 17.469 35.9843 28.8887 14.8345 13.0194 12.4568 12.1614 11.6802 11.4837 11.8397 11.202
threshold=-1.2277245775577545 -5.3259909715279434 25.508286358260438 32.065550000000009 -0.67727981245390534 0.034650291004067919 0.21869445961584758 7.1555500000000007 -3.8350280052815413 31.645850000000006 31.712050000000001 0.0037697037903080973 -0.77786766366919291 -0.99907307217758434 1.7503291593095212 23.577725000000004 0.5500760829933109 0.037490478791302691 0.35544221683359195 0.51291209448273423 0.13914070784746421 -1.8498926701333811 0.42897163542593281 -2.5064839835358836 -0.084663487548747071 30.742100000000004 -0.90531874877253482 0.59468976897689774 0.60355339059327384 -0.95998493203694346
decision_type=2 2 2 10 2 2 2 10 2 8 8 2 2 2 2 2 2 2 2 2 2 2 2 2 2 8 2 2 2 2
left_child=3 2 -2 5 6 -1 12 26 9 -7 -11 -10 -3 -8 27 16 -16 24 19 -19 21 -21 -20 -5 -9 -14 -6 -13 -29 -23
right_child=1 4 -4 23 7 8 13 17 11 10 -12 14 25 -15 15 -17 -18 18 22 20 -22 29 -24 -25 -26 -27 -28 28 -30 -31
leaf_value=0.0043749687114254367 -0.0029771552865322454 0.0036172414924853565 0.048602839344883908 0.013495994048967033 0.014847770810850048 0.01974752818446773 -0.017533603506178649 -0.00034862812614656078 -0.016354892268909557 -0.03638195734082645 -0.006014764633443399 0.0013119822006011426 -0.020970606319917838 -0.0023268864410579283 -0.0042357495402948822 0.0033950751479356516 -0.021259972457147554 -0.0012106729941963837 -0.0034676625151592896 0.063135022663371634 -0.0073856550695237102 0.033510424551596363 -0.012315085269338059 0.0057563557078555731 -0.0019416923183511747 0.00054458520819642331 -0.0080172385353218644 0.0081362713314571712 -0.00092221292601344209 -0.0026082247483496658
leaf_weight=3020.4018914401531 100.66521567106247 1542.0485692620277 46.769237369298935 219.59270498156548 20.043958872556686 23.161908030509949 56.568506151437759 12362.668411284685 48.550922602415085 21.380222797393799 248.09966871142387 3007.039252191782 22.716486722230911 1222.6814912259579 201.77585265040398 160.35167098045349 56.123084843158722 2354.4970355629921 3031.9828454554081 15.144324481487272 42.760445594787598 12.471796631813048 179.95020854473114 1784.8031822741032 6873.2962080538273 7886.1842630803585 505.1077635884285 479.27332770824432 177.72310200333595 17.816852331161503
leaf_count=2323 61 1926 87 250 45 34 40 11219 34 15 146 2197 51 1173 261 90 90 3132 2439 31 30 28 146 1460 9179 7160 624 401 129 34
internal_value=3.56962e-05 -0.000781403 0.0136023 0.00317414 -0.000840447 0.00224806 0.000514642 -0.00141255 0.00079512 -0.00625038 -0.00854966 0.00129564 0.000992332 -0.0030125 0.00150951 -0.00363874 -0.00800831 -0.00129189 -0.00256366 -0.000717479 0.0123153 0.030617 -0.00396702 0.00661058 -0.000917925 0.000480144 -0.00711797 0.00209802 0.0056882 0.0128598
internal_weight=45741.7 36293.4 147.434 9448.28 36145.9 7443.88 10730.2 25415.7 4423.48 292.642 269.48 4130.84 9450.95 1279.25 4082.29 418.251 257.899 24890.6 5654.62 2442.69 88.1934 45.433 3211.93 2004.4 19236 7908.9 525.152 3664.04 656.996 30.2886
internal_count=44835 37405 148 7430 37257 5720 10350 26907 3397 195 161 3202 9137 1213 3168 441 351 26238 5840 3255 123 93 2585 1710 20398 7211 669 2727 530 62
is_linear=0
shrinkage=0.03


Tree=71
num_leaves=31
num_cat=0
split_feature=18 33 21 18 48 33 49 4 9 21 33 25 4 25 46 21 25 30 42 8 33 9 3 25 42 23 48 8 3 21
split_gain=107.052 35.6643 89.9886 35.1907 29.5318 22.5539 20.218 17.041 17.0434 52.7732 26.9251 26.274 89.7144 20.1402 29.5101 25.1429 23.6053 15.5641 15.1025 14.9597 14.6909 14.4778 15.0548 13.597 26.7234 22.4941 19.1575 18.6254 16.2904 15.0005
threshold=-1.3240509075907594 1.0000000180025095e-35 -3.2934151689271451 -0.46022815181518156 0.32255742352758771 0.021998545406463409 31.93355 29.723050000000004 12.942850000000002 -2.8890864837557833 0.25887020686050383 -0.98372925196996197 20.893350000000005 -0.9575230291762723 0.2155471100788964 1.8493119803641209 -0.96466008222729416 11.454130578512411 0.25754412273618649 9.2887500000000021 0.032584699886106412 8.4243500000000022 8.1785000000000014 -0.67801649466304881 0.54856769331333888 -0.70710678118654757 0.17517110771479835 8.6321500000000011 8.2365000000000013 -1.2428454465624197
decision_type=2 2 2 2 2 2 2 8 8 2 2 2 10 2 2 2 2 2 2 8 2 10 2 2 2 2 2 10 2 2
left_child=4 2 -2 5 23 -3 20 8 10 18 17 12 -11 14 15 16 -13 21 -10 -14 -6 -7 -23 24 26 -26 27 28 -1 -29
right_child=1 3 -4 -5 6 7 -8 -9 9 11 -12 13 19 -15 -16 -17 -18 -19 -20 -21 -22 22 -24 -25 25 -27 -28 29 -30 -31
leaf_value=0.011970895245350563 0.049932294811469533 0.0015342191113052613 -0.015763811315980224 -0.0015540348299957606 0.0060328470795601354 -6.4904817998748571e-05 0.0082633843392357631 -0.018576898530819456 0.045960320625350208 0.042324387586387464 -0.0053896296776228944 0.0078671404125244017 -0.030257495330309088 0.00076732026897273031 -0.018554041240168594 -0.035934332370916415 -0.013344588887038425 0.00047907997121645468 0.015888632972150124 0.0024005436693437048 0.0012232557150166608 -0.0043556231617656975 -0.021690901112735281 0.0072431962048294584 -0.043176471396361278 -0.0068985834436897705 0.0023658744494882049 -0.0024189676135039991 -0.0046358934623698233 -0.013654520359274827
leaf_weight=111.80074837803841 40.087917745113373 7549.4457540214062 33.852019429206848 19518.361728787422 1103.3085806071758 978.1451929807663 1270.7869925200939 46.323816061019897 16.926009714603424 57.459348767995834 1194.6199488043785 164.80588406324387 12.471796631813048 1937.582691013813 126.49965155124664 16.035167098045349 65.031511008739471 4544.6336083710194 112.24616968631744 199.54874610900879 1186.1569439470768 994.18036007881165 46.323816061019897 347.42862045764923 19.153116255998611 67.258617550134659 3303.689843505621 289.07842907309532 99.774373054504395 169.26009714603424
leaf_count=185 81 7292 67 21095 620 549 717 92 38 129 672 370 28 3888 284 36 146 2568 252 448 668 558 26 504 25 88 2623 274 92 365
internal_value=3.87548e-05 -0.000629742 0.0200456 -0.000670953 0.00319769 0.000283352 0.0052295 -0.000614978 -0.000533713 0.00151471 -0.001249 0.000573952 0.00942051 -0.000461719 -0.00684177 -0.000765142 0.00183356 -0.00049464 0.0201519 0.00034646 0.00354265 -0.00268595 -0.00514748 0.00155561 0.00106724 -0.0153415 0.00142784 -0.00319469 0.00415452 -0.00658884
internal_weight=45622.3 37654.6 73.9399 37580.6 7967.7 18062.3 3560.25 10512.8 10466.5 2708.61 7757.9 2579.43 269.48 2309.95 372.372 245.873 229.837 6563.28 129.172 212.021 2289.47 2018.65 1040.5 4407.44 4060.02 86.4117 3973.6 669.914 211.575 458.339
internal_count=44780 38619 148 38471 6161 17376 2005 10084 9992 5619 4373 5329 605 4724 836 552 516 3701 290 476 1288 1133 584 4156 3652 113 3539 916 277 639
is_linear=0
shrinkage=0.03


Tree=72
num_leaves=31
num_cat=0
split_feature=18 4 21 33 22 18 33 18 43 36 35 27 21 8 48 3 33 41 45 33 33 3 12 21 7 14 47 21 5 4
split_gain=99.1804 41.1161 79.1717 35.8182 34.8019 31.6359 21.7388 19.1713 17.9453 17.2348 15.5576 15.5119 15.2866 33.5728 15.692 15.1088 14.8762 16.923 20.2257 15.8775 15.0145 14.6928 14.3226 21.2959 13.6703 13.4556 19.4612 14.7947 13.3732 13.0235
threshold=-1.3240509075907594 1.0000000180025095e-35 -3.5720357350769709 0.10777221658046673 0.60355339059327384 -0.69843472607260615 0.022824781853654445 -1.7900057095709554 0.18292688496664075 8.4038500000000003 0.044825461135234085 26.957150000000002 -0.25966717370034592 9.3896000000000015 0.26633109619686807 7.1755000000000004 0.047560235491435489 9.0323500000000028 -0.15466012710693552 0.51291209448273423 0.56666910332809517 6.8895000000000008 9.0966000000000005 -3.0715703611799223 31.788450000000001 6.4808677685944067 10.948000000000002 -3.8350280052815413 31.944750000000003 25.657500000000002
decision_type=2 10 2 2 2 2 2 2 2 2 2 2 2 8 2 2 2 2 2 2 2 2 2 2 8 2 2 2 10 10
left_child=3 2 8 7 11 6 -3 12 15 10 28 21 -1 14 -14 -2 -7 20 19 -19 -18 -5 23 -9 -15 -23 27 -27 -6 -29
right_child=1 5 -4 4 9 16 -8 22 -10 -11 -12 -13 13 24 -16 -17 17 18 -20 -21 -22 25 -24 -25 -26 26 -28 29 -30 -31
leaf_value=0.0080764883730589064 0.059111918964725535 0.0022163282459988849 -0.017479627223776457 0.0044548417464614761 -0.018985123438439899 -0.00091418478649790236 -0.00042441536409828476 -0.023026311725724623 0.0055269528228483449 0.0095426571283628893 0.0032658600708339747 0.0043126212026854136 -0.010529160992164029 -0.013812023336161708 -0.04896789975791465 0.021360610782411568 -0.0037526463805282249 0.0073080472721078612 -0.0013393419356487418 0.040882251392817655 -0.015365021955157857 0.0025787006364028468 0.0033128365924727948 0.0037266612016473035 0.0062543609322952198 -0.014820380576884054 -0.016177408549662931 -0.0017362888781756662 0.0026555712796031399 -0.01702231424689396
leaf_weight=1624.4515112936497 32.515755504369736 4584.2761048078537 33.406598120927811 151.88866612315178 56.123084843158722 20847.944334000349 7227.8515694439411 45.87839475274086 11.580954015254973 357.22788923978806 643.18836915493011 224.04691806435585 57.904770076274872 31.624912887811661 10.690111398696898 15.58974578976631 2931.7630510926247 93.53847473859787 2028.0032165944576 13.80806055665016 102.89232221245766 158.1245644390583 3073.4070271253586 61.913561850786209 496.64475873112679 112.24616968631744 165.2513053715229 586.17444169521332 46.323816061019897 53.895978301763535
leaf_count=1094 64 4472 66 179 48 22133 6687 28 8 313 481 140 115 41 18 23 2283 153 2762 28 75 115 2469 73 344 63 197 374 26 31
internal_value=1.21808e-06 -0.000637716 0.019169 0.00304608 0.000118804 -0.000686962 0.000600556 0.00442992 0.0396313 0.00413408 0.00153356 -0.00293252 0.00656842 0.00245737 -0.0171372 0.0475618 -0.0012715 -0.00271189 -0.000665271 0.0119642 -0.0041513 -0.00425727 0.00293509 -0.00776693 0.00502926 -0.00549042 -0.00688226 -0.00482176 -0.00926869 -0.00304797
internal_weight=45880.2 37923.2 93.0931 7957.01 2554.49 37830.1 11812.1 5402.52 59.6865 1102.86 745.635 1451.63 2221.32 596.865 68.5949 48.1055 26017.9 5170.01 2135.35 107.347 3034.66 1227.58 3181.2 107.792 528.27 1075.69 917.568 752.317 102.447 640.07
internal_count=44903 38754 161 6149 1967 38593 11159 4182 95 868 555 1099 1612 518 133 87 27434 5301 2943 181 2358 959 2570 101 385 780 665 468 74 405
is_linear=0
shrinkage=0.03


Tree=73
num_leaves=31
num_cat=0
split_feature=48 3 21 37 20 25 41 9 46 25 42 25 37 9 25 5 3 41 6 25 42 25 25 25 21 42 25 5 41 25
split_gain=76.9718 30.0668 29.1473 44.0676 52.3591 31.3057 36.1853 100.586 31.3632 27.4609 32.7114 44.389 30.2686 29.0655 28.193 28.0583 32.4941 36.2929 26.8803 26.8203 23.9272 22.9079 21.5547 42.2741 38.7159 33.3062 44.6627 32.6946 48.3075 24.6892
threshold=0.32097703058896498 7.2445000000000013 0.76685556495372353 1.0000000180025095e-35 22.813904250355044 -0.94426098523567992 9.6766500000000022 9.591050000000001 0.23273842726593322 -0.81925291736142503 0.33252393586342138 -0.89787881968372518 0.15443310694702797 8.4005000000000027 -0.93237865822738086 31.843850000000007 7.2635000000000014 8.7330500000000022 9.7394500000000033 -0.99168640063982161 0.46977159995385864 -0.94703994556331683 -0.9937528315903793 -0.94137724084408114 1.5774463697828953 0.43343330641750305 -0.98932651372861458 31.819350000000004 9.4444000000000017 -0.9955251950901236
decision_type=2 2 2 2 2 2 2 8 2 2 2 2 2 10 2 8 2 2 8 2 2 2 2 2 2 2 2 8 2 2
left_child=2 -2 3 4 -1 6 7 19 -8 10 11 18 -11 -13 -12 16 -15 -18 -7 -5 -16 -10 27 24 -24 -26 -27 28 29 -4
right_child=1 -3 22 5 -6 9 8 -9 21 12 14 13 -14 15 20 -17 17 -19 -20 -21 -22 -23 23 -25 25 26 -28 -29 -30 -31
leaf_value=-0.022021358439046432 0.00092484569561396735 0.004598191318028395 -0.017560036442518648 -0.019638164157231814 0.044566762752697574 0.010808981747963221 0.001576874096513117 0.041839792647494781 -0.0060730876984982632 -0.0010811986808567445 -0.00049403885253021605 0.00047548855042402888 0.0012638274200198717 -0.0076402652881005549 -0.015390417835693764 -0.0028416477068050781 -0.011000578354464521 -0.038993525946801499 0.00034308134593480567 0.0046815574453693189 -0.00031908863142657106 0.018957284530428862 -0.0044774111018164231 -0.0022070593855066617 -0.01079990594249932 -0.013195044666393006 -0.053325155734859547 -0.00096114476278789083 0.025948969782023195 0.021807050114456567
leaf_weight=13.80806055665016 4215.4672615528107 3825.2781955003738 48.996343910694122 40.978760361671448 38.75165382027626 266.36194235086441 3260.0385552942753 65.031511008739471 775.92391902208328 14149.698700100183 283.28795206546783 621.80814635753632 7621.1585846543312 427.60445594787598 435.62203949689865 582.61107122898102 97.992687821388245 73.049094557762146 1270.3415712118149 1503.7423367500305 121.15459585189819 33.406598120927811 410.23302492499352 4191.8599322140217 166.14214798808098 52.559714376926422 48.105501294136047 861.89023151993752 105.11942875385284 19.153116255998611
leaf_count=16 2399 2156 110 23 78 226 3260 140 1145 12837 273 1210 7729 240 699 327 55 41 1394 844 68 66 513 7350 262 118 108 705 236 43
internal_value=8.88344e-06 0.00267275 -0.000561044 -0.000200374 0.0269887 -0.000246406 0.00177093 0.00557683 0.000264393 -0.000687936 -0.00291485 -0.00158265 -0.000260273 -0.00477441 -0.00820296 -0.00753599 -0.0120922 -0.0231131 0.00216302 0.00402411 -0.0121173 -0.00501779 -0.00249611 -0.0033318 -0.0102821 -0.0191571 -0.0327082 0.00143402 0.0132854 -0.00634072
internal_weight=45627.2 8040.75 37586.4 31682.4 52.5597 31629.8 5679.12 1609.75 4069.37 25950.7 4179.83 3339.77 21770.9 1803.07 840.065 1181.26 598.646 171.042 1536.7 1544.72 556.777 809.331 5904.06 4868.9 677.04 266.807 100.665 1035.16 173.269 68.1495
internal_count=44671 4555 40116 30671 94 30577 5478 1007 4471 25099 4533 3493 20566 1873 1040 663 336 96 1620 867 767 1211 9445 8351 1001 488 226 1094 389 153
is_linear=0
shrinkage=0.03


Tree=74
num_leaves=31
num_cat=0
split_feature=18 21 20 18 24 8 4 18 25 47 21 27 49 21 25 41 22 24 42 47 35 21 3 48 8 48 48 3 7 25
split_gain=106.406 37.8812 59.9405 35.3498 20.0879 19.7019 16.0964 14.6832 15.4742 21.7358 16.2633 15.4509 13.4257 16.7526 24.3594 15.2615 15.1883 14.8989 14.7665 13.2439 13.0484 12.9443 15.7111 12.4255 17.6617 17.3852 14.9688 17.8996 14.5702 14.182
threshold=-0.98426213861386092 -5.3259909715279434 27.107105165274351 -1.8654676963696362 -0.78856175031405207 7.3584000000000005 29.493550000000003 -0.29562684878482054 -0.78858226040708135 24.682650000000006 1.3114864717224874 12.248250000000002 31.93055 -0.16328034253021248 -0.98932651372861458 9.2164500000000018 0.60355339059327384 0.33931202449298198 0.55782097127696384 10.423551652892577 0.016059970942272035 0.83942912854036333 8.2995000000000019 0.11350588078942127 8.5131500000000013 0.16398764037477576 0.14123086805324833 7.0505000000000004 31.518850000000004 -0.76696334127844745
decision_type=2 2 2 2 2 10 8 2 2 2 2 2 2 2 2 2 2 2 2 2 2 2 2 2 8 2 2 2 8 2
left_child=3 2 -2 12 -5 21 23 8 9 11 -10 -7 13 14 19 -15 18 -16 -14 -1 -13 22 -3 29 -25 26 28 -28 -26 -6
right_child=1 5 -4 4 6 7 -8 -9 10 -11 -12 20 16 15 17 -17 -18 -19 -20 -21 -22 -23 -24 24 25 -27 27 -29 -30 -31
leaf_value=-0.0045968640364776187 -0.0018574032444489575 -0.0016662369060678772 0.041417962951952658 0.0056515861338044277 -0.0064787795018622658 -0.02340119886250714 -0.02056197498698498 -0.001508666823283582 0.0009054746871075787 -0.020468184798645799 -0.0053471561324954552 -0.0056174853058783948 0.0009987926140029317 -0.02409712060749215 0.008667491500867909 -0.00048484297306542942 0.010718837078324075 -0.0095297630154481585 0.0094395088635250996 0.013795771538886756 -0.00062707883879636786 -0.008975798700102379 -0.01227562243345149 0.0090123112614448105 -0.021381760529555378 0.0016432668321755268 0.0010277747915081303 -0.011345505232927383 0.0015992137090100136 0.0059055835931682175
leaf_weight=264.58025711774826 69.485724091529846 1304.1935906410217 48.105501294136047 947.41112270951271 359.45499578118324 26.725278496742249 29.843227654695511 13178.680248051882 8951.6320324838161 51.22345045208931 389.74364474415779 504.66234228014946 455.2205770611763 25.389014571905136 793.29535004496574 371.48137110471725 640.96126261353493 41.869602978229523 315.35828626155853 39.642496436834335 6997.1233317553997 370.14510717988014 138.08060556650162 264.58025711774826 24.943593263626099 7895.0926892459393 169.70551845431328 275.27036851644516 577.71143683791161 107.34653529524803
leaf_count=150 45 900 87 1194 519 15 61 15223 8310 115 833 425 269 57 548 357 398 73 177 74 6931 438 82 321 56 5320 240 360 853 184
internal_value=6.59563e-05 -0.000878025 0.0160461 0.0022892 0.00148428 -0.000940888 0.00107687 -0.0007579 -0.000173125 -0.00118018 0.000644056 -0.00104625 0.00519615 0.00325214 0.00509991 -0.00205216 0.00730812 0.0077449 0.0044609 -0.00216282 -0.000963499 -0.00397778 -0.00268976 0.00114575 0.00138795 0.00116139 -0.00246819 -0.00663484 0.000614198 -0.00362431
internal_weight=45629 32029.8 117.591 13599.2 10651.4 31912.2 9703.95 30099.8 16921.1 7579.73 9341.38 7528.51 2947.8 1536.26 1139.39 396.87 1411.54 835.165 770.579 304.223 7501.79 1812.42 1442.27 9674.11 9207.3 8942.72 1047.63 444.976 602.655 466.802
internal_count=44615 33404 132 11211 9108 33272 7914 31852 16629 7486 9143 7371 2103 1259 845 414 844 621 446 224 7356 1420 982 7853 7150 6829 1509 600 909 703
is_linear=0
shrinkage=0.03


Tree=75
num_leaves=31
num_cat=0
split_feature=37 24 47 24 3 3 33 4 21 16 23 9 15 22 33 9 21 25 16 9 43 21 3 33 49 41 7 24 15 4
split_gain=65.0066 38.3165 35.9109 76.8246 31.0533 29.9768 29.4502 27.7645 71.71 26.8543 25.4832 22.4192 19.6462 19.183 18.3749 36.1024 37.051 21.977 29.0367 17.812 28.2601 26.7753 26.9669 21.0146 19.7877 18.4385 17.7561 19.52 34.7408 23.2692
threshold=0.32561200665517903 -0.032247759394263838 13.298300413223533 0.13930990466364487 7.9705000000000004 7.9705000000000004 0.13712943034506425 1.0000000180025095e-35 -3.5720357350769709 17.821425000000001 -0.78656609248549325 9.1915500000000012 20.533589130076653 -0.60355339059327362 0.17578180413988528 12.942850000000002 -2.3475783598605147 -0.97874870457683594 17.365375000000004 8.4243500000000022 0.12380491848576956 -3.2934151689271451 6.9295000000000009 0.31360837148690174 31.769550000000006 8.7103500000000018 31.687150000000006 0.24059136628141839 20.533589130076653 20.703500000000002
decision_type=2 2 2 2 2 2 2 10 2 2 2 8 2 2 2 8 2 2 2 10 2 2 2 2 2 2 10 2 2 8
left_child=7 4 19 5 6 12 -2 8 13 10 -5 -8 -4 -1 -9 -16 -17 18 -18 20 26 24 -23 -22 25 -21 -3 28 -28 -29
right_child=1 2 3 9 -6 -7 11 14 -10 -11 -12 -13 -14 -15 15 16 17 -19 -20 21 23 22 -24 -25 -26 -27 27 29 -30 -31
leaf_value=0.071181512811196834 0.0026225105364163287 -0.014167386823254215 0.02458209074709912 -0.044692615229361146 0.0064224884847113618 -0.025736047600946423 -0.025685446571380555 -0.00073514423622835726 -0.016267538848149177 -0.039290995044975102 -0.0023315319241706146 -0.001823290688793844 0.00099644845666328383 0.027297757391900809 -0.0059577733975681585 0.028343028695351748 0.045767847981717007 -0.0014219974846226269 -0.0029891775141406567 -0.0019687445593248184 -0.0057997268826173714 -0.0022929132811016933 0.0028252222646219672 0.010494215547468952 -0.0032018585494477114 -0.022312386496660307 0.025934458258284325 0.0057205563048853278 -0.0015181367368556392 -0.034140514213663715
leaf_weight=12.471796631813048 6960.5987844765186 35.188283354043961 39.197075128555298 16.035167098045349 1637.8141505420208 30.288648962974548 35.633704662322998 27728.81270429492 34.297440737485886 73.049094557762146 51.668871760368347 1093.954733133316 152.33408743143082 34.742862045764923 1551.4024167358875 46.769237369298935 20.489380180835724 432.50409033894539 22.271065413951874 64.140668392181396 376.38100549578667 1783.9123396575451 1925.556315690279 86.857155114412308 605.77297925949097 106.90111398696899 114.47327622771263 642.29752653837204 64.586089700460434 12.471796631813048
leaf_count=22 5652 79 88 36 1091 68 20 29235 68 164 116 818 342 66 873 105 46 962 50 36 761 1002 1083 183 340 60 257 1040 145 28
internal_value=-6.61224e-05 0.00148298 -0.000364013 -0.00951098 0.00265647 0.00150647 0.00189336 -0.000890835 0.0164878 -0.0267621 -0.0128689 -0.00259809 0.00592589 0.0401256 -0.000938919 -0.0036624 0.00315743 0.000624694 0.0208856 0.000207502 0.00325207 -0.000697143 0.000363916 -0.00272859 -0.0057579 -0.0147393 0.0064396 0.00732516 0.016079 0.00491039
internal_weight=45792.9 15909.1 6181.11 362.573 9728 221.82 8090.19 29883.8 81.5121 140.753 67.704 1129.59 191.531 47.2147 29802.2 2073.44 522.034 475.265 42.7604 5818.54 1332.26 4486.28 3709.47 463.238 776.815 171.042 869.017 833.829 179.059 654.769
internal_count=44836 13409 5828 814 7581 498 6490 31427 156 316 152 838 430 88 31271 2036 1163 1058 96 5014 2493 2521 2085 944 436 96 1549 1470 402 1068
is_linear=0
shrinkage=0.03


Tree=76
num_leaves=31
num_cat=0
split_feature=18 4 21 24 16 46 7 9 41 5 24 5 47 24 16 4 15 22 19 21 43 5 3 5 7 33 9 5 3 24
split_gain=87.501 51.7016 80.0863 34.1547 38.3256 34.6809 30.8467 23.1646 20.7856 20.3199 30.8831 19.6039 19.0449 20.2576 29.3096 21.046 15.1976 14.2611 17.8829 30.4555 21.8835 16.0722 15.571 14.9581 19.2317 18.896 14.0197 15.3478 13.9521 16.2625
threshold=-0.90000600163634903 1.0000000180025095e-35 -3.5720357350769709 -0.15207348400340251 19.443527479339085 0.22765866434546186 31.560250000000003 9.1106000000000034 9.6007500000000014 31.836250000000003 -0.72101013194340913 32.223050000000008 11.358850000000002 -0.25309334970420783 20.96378057851252 26.072750000000003 29.139999950849685 0.25881904510252091 4.9958370137458461 -3.5720357350769709 0.14618192018404305 31.93055 7.2035000000000009 31.806950000000004 31.955150000000007 0.066666953332754353 7.1566500000000008 31.815650000000002 6.9095000000000004 0.1051661082335764
decision_type=2 10 2 2 2 2 8 8 2 8 2 8 2 2 2 10 2 2 2 2 2 10 2 10 8 2 8 10 2 2
left_child=3 2 -2 4 -1 6 8 -7 -5 10 -6 17 -12 15 -15 -14 26 18 -8 20 22 23 -20 -19 25 -25 27 -3 -27 -30
right_child=1 16 -4 5 9 7 11 -9 -10 -11 12 -13 13 14 -16 -17 -18 21 19 -21 -22 -23 -24 24 -26 28 -28 -29 29 -31
leaf_value=0.014874131982831556 0.044478204559284008 -0.020702995019472224 -0.014663738262950253 0.0090118369573899074 0.0046102401999966701 0.0017728614143904062 0.0041497254459061106 -0.0079344079147030608 -0.04185667988211924 0.0050318445341407851 0.0028210830858337293 -0.024649921659954593 0.003192351658564616 -0.00083739492214943069 -0.034778980460918867 -0.0036525969781143089 -0.014970945012153953 0.0036913631152425273 -0.0060319922168153954 -0.00011148665229497142 0.0028490088945327279 0.0056359212169917313 -0.02721357910865202 0.0025510448757102623 0.0019676824158783935 -0.031717430375052015 -0.00087455804760772375 -0.0037277878925840655 -0.021506590155166559 -0.0025911334477420429
leaf_weight=245.87256217002869 53.450556993484497 62.358983159065247 32.515755504369736 9.7992687821388227 2068.091134339571 327.83008289337158 780.82355341315269 677.485809892416 23.607329338788986 2591.015750259161 1202.1921110451221 24.943593263626099 615.12682673335075 52.559714376926422 39.642496436834335 1175.0214112401009 68.594881474971771 918.01331636309624 51.22345045208931 2435.5637136697769 57.904770076274872 1226.6902830004692 81.957520723342896 105.56485006213188 448.98467874526978 29.843227654695511 29914.049642711878 199.54874610900879 64.586089700460434 109.57364183664322
leaf_count=204 96 35 67 22 1982 184 658 738 53 1662 677 26 616 118 89 1111 154 1176 37 2108 49 768 49 81 360 25 31417 112 37 87
internal_value=3.3189e-05 -0.000901151 0.0221971 0.00187765 0.00323645 0.000405254 0.0012228 -0.00477028 -0.027107 0.00286507 0.00177473 0.00137643 -0.000127267 -0.00201077 -0.0156472 -0.00130008 -0.000967536 0.00148319 0.000166628 -0.00101856 -0.0125192 0.00302781 -0.0191725 0.00111732 -0.00199859 -0.00773892 -0.000935209 -0.00783288 -0.0130501 -0.00968855
internal_weight=45694.4 30330.5 85.9663 15363.9 7989.52 7374.4 6369.08 1005.32 33.4066 7743.65 5152.63 6335.67 3084.54 1882.35 92.2022 1790.15 30244.6 6310.73 3407.47 2626.65 191.086 2903.26 133.181 1676.57 758.552 309.568 30176 261.908 204.003 174.16
internal_count=44798 31881 163 12917 6459 6458 5536 922 75 6255 4593 5461 2611 1934 207 1727 31718 5435 2901 2243 135 2534 86 1766 590 230 31564 147 149 124
is_linear=0
shrinkage=0.03


Tree=77
num_leaves=31
num_cat=0
split_feature=18 33 9 18 6 37 25 25 47 24 16 16 25 16 24 27 8 12 3 9 24 24 27 24 11 24 23 9 5 47
split_gain=74.4256 38.5847 36.9969 29.7582 23.6812 20.9018 59.1514 19.7848 33.6666 58.1173 34.5978 26.5806 18.9004 18.6195 24.0574 18.1873 18.0924 22.0712 17.27 16.5654 17.8851 15.6298 21.706 26.3319 20.2951 15.4618 15.8005 15.1948 15.0989 15.0535
threshold=-0.77339302708437418 0.23777535756816034 8.2333500000000015 -1.8654676963696362 11.055700000000002 1.0000000180025095e-35 0.0096758544822447261 -0.67801649466304881 12.695087603305796 0.1051661082335764 20.047843181818383 16.161392148760552 -0.98521978256641018 15.532925000000002 0.17328881712428665 22.037950000000006 9.4349500000000024 11.55549710743807 7.4015000000000013 10.902700000000001 -0.31799228562170639 -0.64578423485557612 27.030800000000003 -0.25309334970420783 23.704100000000004 0.17328881712428665 -0.60355339059327384 11.192500000000001 31.612450000000006 7.1629000000000014
decision_type=2 2 10 2 10 2 2 2 2 2 2 2 2 2 2 2 8 2 2 8 2 2 2 2 2 2 2 10 10 2
left_child=1 3 13 12 -4 6 -2 8 -5 10 -10 -11 16 14 -3 25 -1 28 -12 -14 -21 -20 23 -23 -25 -13 -27 -22 -18 -7
right_child=5 2 4 7 -6 29 -8 -9 9 11 18 15 19 -15 -16 -17 17 -19 21 20 27 22 -24 24 -26 26 -28 -29 -30 -31
leaf_value=-0.010290776825297462 0.035441814572882022 0.051114154555517974 -0.0067874253646626618 0.0015063798174286293 -0.0002838157259890442 -0.0075018530403884176 -0.018294989154044407 0.0039037361562607553 0.0092112714789116881 0.0037994224435447372 -0.00047666469328347952 -0.0028407616207330819 0.010317694677175516 0.0008840315937864257 0.010319629426428544 -0.050474689837183798 0.041538736716953913 0.0010163336332379409 0.0022515539170214569 0.0058222053835944977 -0.0020652933416044458 0.0032782995533393059 -0.024926953163239538 -0.0054544425928540908 -0.043005767908750291 -0.038243077827263425 -0.014988495131588489 -0.031686389469517226 0.010534455781385427 -0.00099167863556578356
leaf_weight=101.55605828762054 46.323816061019897 13.362639248371122 1069.901982486248 9414.8701930940151 951.86533579230309 322.48502719402313 29.397806346416473 2377.658943593502 238.30039992928505 39.642496436834335 551.87700095772743 37.415389895439148 727.81841772794724 244.09087693691254 151.44324481487274 19.153116255998611 15.58974578976631 700.64771792292595 78.839571565389633 734.94515866041183 91.75678950548172 95.765581279993057 87.302576422691345 28.061542421579361 23.607329338788986 47.214658677577972 62.804404467344284 17.816852331161499 106.01027137041092 27255.329853594303
leaf_count=138 89 30 602 6398 535 181 63 2674 535 89 999 84 410 548 316 43 35 457 153 468 167 215 196 63 53 106 141 10 91 28913
internal_value=-4.68916e-05 0.00145272 -0.00206243 0.00200056 -0.00372712 -0.00102461 0.0146128 0.00142841 0.00087933 -0.003625 -0.000887231 -0.0182027 0.00500207 0.00615755 0.0139156 -0.0234299 0.001594 0.00307261 -0.00367525 0.00700215 0.00413594 -0.00928517 -0.013153 -0.00606022 -0.0231023 -0.0196002 -0.0252228 -0.00712474 0.0148158 -0.00106808
internal_weight=45682.9 18029.3 2430.66 15598.7 2021.77 27653.5 75.7216 13102.5 10724.9 1309.98 1103.75 206.23 2496.14 408.897 164.806 166.588 923.804 822.248 865.454 1572.34 844.519 313.577 234.737 147.434 51.6689 147.434 110.019 109.574 121.6 27577.8
internal_count=44802 15556 2031 13525 1137 29246 152 11749 9075 2677 2214 463 1776 894 346 374 721 583 1679 1055 645 680 527 331 116 331 247 177 126 29094
is_linear=0
shrinkage=0.03


Tree=78
num_leaves=31
num_cat=0
split_feature=18 18 21 20 7 24 48 21 24 24 33 24 33 24 46 33 4 4 48 33 40 21 21 18 4 43 4 24 33 22
split_gain=83.288 30.4783 48.9074 28.2482 22.4609 21.3465 19.888 25.3397 21.6915 21.4791 19.6967 19.3449 14.3488 15.8109 24.0326 20.9831 16.3356 14.0664 13.9549 20.9587 20.2177 13.1407 12.9142 12.9117 12.3624 11.3086 11.1857 11.1102 10.8441 10.7143
threshold=-1.4990014455445546 -0.71296183484705 -5.3259909715279434 25.508286358260438 31.921850000000003 0.43442111757849838 0.20432919130839264 1.4021858049895448 0.22386011952790016 0.1051661082335764 0.033256016999434708 0.25725141817891134 0.044410209037324462 0.35544221683359195 0.10643525320252549 0.34970457627355567 17.856350000000003 29.723050000000004 0.13560356645791374 0.25887020686050383 17.489385011391381 -1.2014943318586615 -3.6470673344219589 -0.28354141428685503 16.21865 -0.010082081332302872 18.868900000000004 0.35544221683359195 0.27139285301323973 0.25881904510252091
decision_type=2 2 2 2 10 2 2 2 2 2 2 2 2 2 2 2 8 8 2 2 2 2 2 2 8 2 8 2 2 2
left_child=4 10 3 -3 6 21 7 8 -1 -9 -2 -10 17 14 15 -14 28 23 19 -16 -21 -6 29 -4 -7 -12 -18 -13 -15 -8
right_child=1 2 12 -5 5 24 22 9 11 -11 25 27 13 16 18 -17 26 -19 -20 20 -22 -23 -24 -25 -26 -27 -28 -29 -30 -31
leaf_value=0.003042392461599085 0.0019441964939039031 -0.0037706495884434338 0.00022345020276001978 0.036154919626440067 0.0081649179096491623 -0.0028559110586094207 -0.011198929794665946 -0.0047403823207297652 -0.041786485531330464 -0.042168120482654239 0.016696346351743292 -0.0010180515125071186 0.0062254504070784521 -0.0028240327721664529 -0.00044520938719546884 0.037472023671504137 -0.011241383768565545 -0.016422933437886058 -0.003803932071058409 0.038417478768926365 0.0068956806387063139 0.0039800097499786769 0.0032341405613282533 -0.0013082368761334186 -0.028748734349465212 -0.00043402476218238771 -0.045114474501246227 -0.022392526713490808 -0.0077142456925623033 0.0021184988376107385
leaf_weight=280.61542421579361 6308.9474104642868 23.161908030509949 8225.149878680706 48.996343910694122 1192.8382635712624 86.857155114412308 105.56485006213188 28.506963729858398 16.035167098045349 26.279857188463211 33.852019429206848 75.721622407436371 108.23737791180611 2738.8956246078014 983.04482737183571 22.716486722230911 28.061542421579361 50.332607835531235 1036.0499630570412 21.380222797393799 104.67400744557381 1563.8742133677006 2391.9124254584312 12449.525566399097 19.598537564277649 7172.6193272173405 12.471796631813048 29.843227654695511 479.27332770824432 110.46448445320129
leaf_count=345 6004 19 7678 86 923 90 60 64 36 59 76 65 189 2237 1877 48 39 104 601 42 235 1225 1434 14249 26 6455 22 34 380 62
internal_value=5.58637e-05 -0.000437738 -0.00103214 0.0234629 0.00337326 0.00528346 0.00158767 -0.00417909 -0.00154711 -0.0231276 0.00072032 -0.0120767 -0.00110034 -0.00245722 -0.000538285 0.0118887 -0.00379696 -0.000737872 -0.00130209 0.00103629 0.0125024 0.00579314 0.00259942 -0.000698894 -0.00784597 -0.00035125 -0.0224992 -0.00721405 -0.00355449 -0.00441081
internal_weight=45775.5 39847.4 26332 72.1583 5928.11 2863.17 3064.94 457.002 402.215 54.7868 13515.4 121.6 26259.8 5534.81 2276.1 130.954 3258.7 20725 2145.15 1109.1 126.054 2756.71 2607.94 20674.7 106.456 7206.47 40.5333 105.565 3218.17 216.029
internal_count=44764 40341 27806 105 4423 2264 2159 603 480 123 12535 135 27701 5670 2992 237 2678 22031 2755 2154 277 2148 1556 21927 116 6531 61 99 2617 122
is_linear=0
shrinkage=0.03


Tree=79
num_leaves=31
num_cat=0
split_feature=18 4 25 33 35 18 23 24 5 24 47 24 16 24 32 11 18 33 48 25 47 48 5 34 4 5 27 40 48 23
split_gain=71.6795 39.354 55.8194 33.7852 31.4845 25.4658 16.6462 16.5299 19.1608 13.235 13.3704 57.3089 22.6948 15.336 21.5706 13.2306 12.6669 19.2365 21.4219 13.1714 34.8573 13.3466 13.5245 35.0913 13.2923 12.8619 12.7351 12.5998 12.519 12.5941
threshold=-1.0044094578183118 1.0000000180025095e-35 0.39430939717889452 0.27139285301323973 2.4014077947953605 -1.8654676963696362 -0.3794095225512602 0.88469195212971963 31.811250000000005 -0.78856175031405207 13.438550000000001 0.1051661082335764 20.047843181818383 -0.64578423485557612 24.735983333333341 21.977850000000004 -0.42909633475161429 0.21045791503291117 0.14548696480386297 -0.77788789561442695 23.748715702479448 0.16975989545263256 31.831750000000003 13.022450000000001 27.611250000000002 30.388250000000003 14.344600000000002 28.383357266390359 0.11542959665094027 -0.78656609248549325
decision_type=2 10 2 2 2 2 2 2 8 2 2 2 2 2 2 2 2 2 2 2 2 2 10 2 10 10 2 2 2 2
left_child=3 2 4 5 6 -1 -2 16 -9 -7 -11 12 -12 -14 -15 -13 17 19 26 20 21 22 -3 -24 -22 -26 -19 -21 29 -25
right_child=1 7 -4 -5 -6 9 -8 8 -10 10 11 15 13 14 -16 -17 -18 18 -20 27 24 -23 23 28 25 -27 -28 -29 -30 -31
leaf_value=0.0050748432713097419 0.02703507022077143 -0.00049107585610204591 -0.021932964443236107 -0.0022805145918561582 -0.0090748503296749182 0.0051050192460855041 0.061510891298602065 -0.012807717923409933 -0.00256586865001498 0.0016595887521445708 0.010013373030699093 -0.018213667413587088 0.0051018418248841265 0.0013881465513584416 -0.015922801342411776 -0.046067619849448002 -0.0011823348691988422 -0.0049255473029921103 -0.0072176441605649542 0.0015122444706532027 0.00070583248181418196 0.00078671541210156479 -0.0036583336929760539 -0.041676150784940642 -0.055551891056163948 -0.018834963134065935 0.0035993072686533603 -0.013224835088603904 -0.044826044077058737 -0.00073447879883926698
leaf_weight=2550.9278325140476 34.297440737485886 1403.5225423872471 22.271065413951874 1555.4112085103989 13.362639248371122 916.23163112998009 22.271065413951874 183.51357901096344 1517.9958186149597 7600.6692044734955 167.92383322119713 73.049094557762146 133.18097117543221 127.39049416780472 130.50844332575798 19.598537564277649 17123.331354171038 251.66303917765617 658.77811494469643 6157.058744341135 26.279857188463211 3782.9631712138653 649.42426747083664 9.3538474738597888 9.3538474738597852 68.149460166692734 418.69602978229523 51.668871760368347 23.607329338788986 19.598537564277649
leaf_count=1818 62 2695 50 1260 9 1145 44 103 852 5205 377 164 296 286 293 44 19387 202 435 6200 59 2241 459 21 21 153 730 116 50 44
internal_value=1.57301e-05 -0.000744042 0.0187222 0.00187272 0.0317964 0.00242409 0.0414409 -0.000800092 -0.00367736 0.0016861 0.00130594 -0.00281517 0.000821976 -0.00314015 -0.00739964 -0.0245349 -0.000640266 4.57975e-05 -0.00338005 0.000419245 -0.000584045 -0.000278799 -0.00219267 -0.00558925 -0.0177352 -0.0239175 0.000396377 0.00138749 -0.0289338 -0.0149116
internal_weight=45722.1 32447.2 92.2022 13274.9 69.9311 11719.5 56.5685 32355 1701.51 9168.55 8252.32 651.651 559.004 391.08 257.899 92.6476 30653.4 13530.1 1329.14 12201 5992.25 5888.47 2105.51 701.984 103.783 77.5033 670.359 6208.73 52.5597 28.9524
internal_count=44821 33933 165 10888 115 9628 106 33768 955 7810 6665 1460 1252 875 579 208 32813 13426 1367 12059 5743 5510 3269 574 233 174 932 6316 115 65
is_linear=0
shrinkage=0.03


Tree=80
num_leaves=31
num_cat=0
split_feature=18 21 24 22 21 45 24 42 21 24 9 9 22 22 3 18 11 5 21 6 24 16 24 42 9 42 9 3 34 11
split_gain=68.8404 22.7816 61.5205 21.4653 32.0197 30.8904 19.3136 52.5517 26.2939 24.6067 26.6663 24.3956 24.0336 25.166 35.9977 20.0833 20.9018 19.2875 19.7193 17.5245 16.9465 32.921 16.6606 42.8642 21.1471 16.5822 17.9043 16.4165 29.5285 16.196
threshold=-1.3240509075907594 -5.3259909715279434 -0.61913973745509387 0.25881904510252091 -3.5720357350769709 -0.3992265691614752 0.30675521904633613 0.31441150459491679 1.5774463697828953 0.43442111757849838 8.6121500000000015 8.2920500000000015 -1.0000000180025095e-35 0.78656609248549325 5.932500000000001 -0.042348618198174919 29.498450000000002 31.93055 0.17042584032081368 7.8743500000000006 0.33931202449298198 13.869716942148782 0.35544221683359195 0.37982274003152999 8.7373000000000012 0.3408601530357212 8.6545500000000022 8.1785000000000014 17.292550275482352 19.963950000000001
decision_type=2 2 2 2 2 2 2 2 2 2 10 10 2 2 2 2 2 10 2 10 2 2 2 2 8 2 10 2 2 2
left_child=3 2 -2 4 5 -1 15 9 22 11 19 -8 -12 14 -14 16 -3 18 20 -11 -5 -22 24 25 -9 -24 -27 -20 29 -29
right_child=1 6 -4 17 -6 -7 7 8 -10 10 12 -13 13 -15 -16 -17 -18 -19 27 -21 21 -23 23 -25 -26 26 -28 28 -30 -31
leaf_value=-0.019640281969435874 0.040598777524653358 0.00033249734498065067 -0.0015824723364935846 0.0045219019677410809 0.0014736322105854559 0.0053372446916378387 0.020583434464878772 -0.011920919093378645 -0.033456006206403856 -0.0021860899715227975 -0.0017440604902381536 0.0023612113759624571 -0.0048956560295858684 -0.0036382063639450405 -0.028819377872375873 -0.0018082456027082761 -0.01081703856304911 0.0064861376753531548 0.00088718369427857793 0.00049001906132192493 0.0019237571767959458 -0.025781088048498421 -0.0046172735796102121 -0.054489832076814154 0.0024629203826482351 -0.013698957575565733 -0.046013676585820673 -0.0042807511602618404 0.00014162896113656704 -0.034674933030605586
leaf_weight=127.39049416780472 43.651288211345673 20655.967750132084 102.44690090417862 1929.1196861565113 3445.3338195383549 67.704038858413696 72.603673249483109 160.35167098045349 37.860811203718185 5036.3787327110767 465.01984584331512 654.76932317018509 101.55605828762054 194.20369040966034 128.28133678436279 5360.645445138216 151.44324481487274 1644.4954701662064 343.41982868313789 3912.5807719230652 174.15973153710365 48.550922602415085 188.85863471031189 20.043958872556686 213.35680666565895 96.656423896551132 17.816852331161499 23.607329338788986 100.21979436278343 48.550922602415085
leaf_count=82 86 20679 59 1508 2593 62 163 90 85 3720 261 369 57 109 72 8102 340 1010 468 3696 148 79 211 45 224 151 10 35 66 79
internal_value=-3.62277e-05 -0.0005724 0.0112108 0.00249955 0.000802897 -0.0109893 -0.000618644 -0.00165506 -0.00940638 -0.00111503 -0.00150882 0.00420585 -0.00646118 -0.0116179 -0.0183154 -0.000171033 0.000250831 0.0039314 0.00235465 -0.00101614 0.00361724 -0.00420414 -0.00805411 -0.013031 -0.00372427 -0.0101214 -0.0190834 -0.00290948 -0.0104349 -0.0249256
internal_weight=45567 37614.5 146.098 7952.55 3640.43 195.095 37468.4 11300.3 734.945 10565.4 9838.02 727.373 889.061 424.041 229.837 26168.1 20807.4 4312.12 2667.63 8948.96 2151.83 222.711 697.084 323.376 373.708 303.332 114.473 515.798 172.378 72.1583
internal_count=44659 38529 145 6130 2737 144 38384 9263 816 8447 7915 532 499 238 129 29121 21019 3393 2383 7416 1735 227 731 417 314 372 161 648 180 114
is_linear=0
shrinkage=0.03


Tree=81
num_leaves=31
num_cat=0
split_feature=18 4 20 25 7 18 33 30 5 21 24 5 24 21 3 23 7 25 33 48 27 6 21 25 25 27 5 25 23 5
split_gain=62.3945 26.7623 51.44 33.4708 26.7526 23.6942 24.6569 19.2846 24.4201 21.479 28.6463 18.2381 17.0327 17.0841 16.3542 16.0545 13.8642 13.5179 13.0758 20.1854 19.0684 16.5625 14.7499 19.5375 23.2819 12.2816 22.8003 11.9374 13.7705 12.0265
threshold=-1.4990014455445546 1.0000000180025095e-35 25.508286358260438 -0.89787881968372518 31.921850000000003 -0.46022815181518156 0.021998545406463409 17.356650000000005 31.93355 1.5286945550527353 0.1051661082335764 31.900350000000007 0.35544221683359195 -0.25966717370034592 8.5425000000000022 -0.5 31.580250000000003 -0.99052477729077237 0.21869445961584758 0.14332403038961614 14.344600000000002 9.2307500000000022 -2.1450518994879864 -0.91249077947840473 -0.97507822412530132 16.136750000000003 31.716350000000002 -0.94426098523567992 -0.60355339059327384 31.862450000000006
decision_type=2 10 2 2 10 2 2 2 10 2 2 8 2 2 2 2 10 2 2 2 2 10 2 2 2 2 10 2 2 8
left_child=4 2 3 -2 7 6 -3 8 9 11 16 12 13 14 -1 -6 -11 -15 -8 20 -20 25 23 24 -22 26 -21 29 -29 -23
right_child=1 5 -4 -5 15 -7 18 -9 -10 10 -12 -13 -14 17 -16 -17 -18 -19 19 21 22 27 -24 -25 -26 -27 -28 28 -30 -31
leaf_value=0.0056217978009718552 0.037692771019593688 0.0014567293657556275 0.038293212894321076 -0.018256707141480373 0.0014351547259388159 -0.00126534641908777 -0.00018205460897162233 0.003466527733217492 0.0023016976578561438 -0.022527006702595147 -0.038149804027611901 -0.011352942160163998 -0.022918702801190866 0.012064833370324463 -0.016147545460827528 0.0064349598441036182 0.0064104710977242584 -0.014167975302520062 -0.0042011301948207194 -0.031470785415229595 -0.0019938131942365852 0.0077767424093677867 0.001117367159057055 0.0050598153362050435 0.0410757660485691 -0.0059810348409816173 -0.0076301677509668176 -0.014008493635560506 -0.0019482523013978409 -0.0029042685248418872
leaf_weight=366.58173671364784 11.580954015254973 8303.5440289378166 44.987552136182785 40.087917745113373 819.57520723342896 19427.050360590219 9612.1918326616287 1430.2478208839893 844.07337918877602 23.607329338788986 37.860811203718185 181.73189377784729 27.616121113300323 20.934801489114761 32.961176812648773 1965.6442334353924 36.96996858716011 93.53847473859787 377.27184811234474 53.00513568520546 16.480588406324387 171.04178237915039 339.85645821690559 114.47327622771263 34.297440737485886 495.30849480628967 111.80074837803841 119.37291061878204 293.08722084760666 210.68427881598473
leaf_count=241 11 7923 86 75 643 21022 9019 928 506 35 85 111 32 38 20 1584 47 147 274 32 25 255 664 92 65 308 65 91 193 149
internal_value=-5.18111e-05 -0.000478279 0.0152073 -0.00523875 0.00283203 -0.00051687 0.000201129 0.000912466 -0.0012811 -0.00495932 -0.0180359 -0.00315737 -0.000391689 0.000860753 0.00379006 0.00496477 -0.00504933 -0.0093076 -0.000671465 -0.00268377 0.000895405 -0.00485451 0.00470286 0.0120257 0.0273285 -0.00836271 -0.0154414 -0.0019317 -0.00546413 0.00188944
internal_weight=45657.5 39776.1 96.6564 51.6689 5881.34 39679.5 20252.4 3096.12 1665.88 821.802 98.4381 723.364 541.632 514.016 399.543 2785.22 60.5773 114.473 11948.9 2336.68 882.38 1454.3 505.108 165.251 50.778 660.114 164.806 794.186 412.46 381.726
internal_count=44766 40349 172 86 4417 40177 19155 2190 1262 756 167 589 478 446 261 2227 82 185 11232 2213 1120 1093 846 182 90 405 97 688 284 404
is_linear=0
shrinkage=0.03


Tree=82
num_leaves=31
num_cat=0
split_feature=18 33 37 25 35 22 21 11 18 24 22 9 40 47 24 18 21 47 5 9 33 9 33 21 9 30 22 45 21 24
split_gain=61.1753 25.6949 21.024 45.1063 28.8671 16.5199 16.2217 16.1639 16.6869 21.2217 16.1327 14.9451 14.1232 13.9341 21.8033 13.0562 15.2721 21.4019 12.754 14.7439 12.5477 16.9002 27.451 26.8909 20.5729 17.704 19.5599 14.9863 16.5441 14.9302
threshold=-1.2677739570957083 0.21869445961584758 1.0000000180025095e-35 0.0096758544822447261 2.6932788071907581 0.12940952255126045 -3.5720357350769709 29.725350000000002 -0.49914355710111552 -0.72101013194340913 0.60355339059327384 10.496050000000002 8.2634416385598808 24.094850000000005 -0.68430824382591204 -1.7540165847310278 1.7036876637355045 11.754841322314336 31.936350000000001 11.386050000000003 0.021998545406463409 8.5744500000000023 0.31360837148690174 -2.8890864837557833 8.5632500000000018 11.454130578512411 1.0000000180025095e-35 -0.34306052672136506 2.7694140741711606 0.49531893261080817
decision_type=2 2 2 2 2 2 2 2 2 2 2 8 2 2 2 2 2 2 10 8 2 10 2 2 8 2 2 2 2 2
left_child=1 5 3 4 -2 6 11 8 9 -4 -3 -1 -11 20 -15 16 -7 -18 19 -12 -14 23 25 24 -22 26 -23 28 -25 -24
right_child=2 10 7 -5 -6 15 -8 -9 -10 12 18 -13 13 14 -16 -17 17 -19 -20 -21 21 22 29 27 -26 -27 -28 -29 -30 -31
leaf_value=-0.018508611441445347 0.042021650802780156 -0.004086572676174874 0.0021798519576789275 -0.014669241220674133 -0.012117906918561823 0.0066926530903465434 0.0017096479466082234 -0.015094260230384014 -0.0011437410735693652 -0.01711045733822035 -0.0057065053006039373 0.0053106472053131328 0.0010940555080525289 0.0037427083803956455 -0.014317048131019468 0.0026521322916611169 0.0040881056566604507 -0.024879116901404007 0.0083707406072132031 0.0055965721926204536 7.6836616647140123e-05 -0.001024667701676965 -0.0096684411528113606 0.0086110130403354666 0.018573330901318599 -0.00030420269908708537 -0.010635088710848783 -0.0006784544548750403 -0.018037233582932827 0.0045818142485571384
leaf_weight=67.704038858413696 41.869602978229523 846.74590703845024 3584.3052677214146 29.843227654695511 10.690111398696898 1783.4669183492661 3015.5022570490837 68.149460166692734 20578.019021183252 44.542130827903748 235.18245077133179 35.633704662322998 4231.057007342577 97.547266513109207 154.561193972826 2244.9233937263489 72.158251941204071 32.515755504369736 205.33922311663628 184.40442162752151 92.647632122039795 429.38614118099213 538.06894040107727 265.91652104258537 129.17217940092087 3728.1763502955437 342.08356475830078 2538.4560358822346 21.825644105672836 74.830779790878296
leaf_count=38 91 641 4027 61 9 1241 2312 153 22091 25 132 41 3700 219 347 1887 84 64 128 228 52 241 302 516 269 2100 192 3521 49 42
internal_value=-3.64817e-05 0.0022233 -0.000569304 0.014476 0.0309896 0.0029567 0.00130779 -0.000603276 -0.000576069 0.000141826 -0.0013902 -0.0103229 -0.000434022 -0.000373924 -0.00734208 0.00420036 0.00603875 -0.0050605 0.00226395 -0.000737415 -0.000231576 -0.000918934 -0.00197293 0.000849038 0.0108829 -0.00116076 -0.00529435 5.7939e-05 0.00653424 -0.00792396
internal_weight=45724.7 8723.58 37001.1 82.4029 52.5597 7251.9 3118.84 36918.7 36850.6 16272.6 1471.67 103.338 12688.3 12643.7 252.108 4133.06 1888.14 104.674 624.926 419.587 12391.6 8160.56 5112.55 3048.02 221.82 4499.65 771.47 2826.2 287.742 612.9
internal_count=44803 6796 38007 161 100 5667 2391 37846 37693 15602 1129 79 11575 11550 566 3276 1389 148 488 360 10984 7284 2877 4407 321 2533 433 4086 565 344
is_linear=0
shrinkage=0.03


Tree=83
num_leaves=31
num_cat=0
split_feature=18 33 21 24 18 22 37 21 8 33 21 9 27 40 27 24 19 25 8 48 21 48 33 33 5 5 9 21 11 25
split_gain=52.6615 34.598 26.3107 38.3916 20.1142 16.4319 22.6277 13.1065 14.2931 12.3687 15.7893 19.6327 14.2892 15.5078 13.6124 14.5422 13.6273 11.9233 31.1617 37.2413 24.6067 22.6361 18.6252 12.3209 11.3537 10.877 10.6362 10.4299 10.2941 10.0102
threshold=-0.90000600163634903 0.028918275652680434 -5.3259909715279434 -0.61913973745509387 -1.7540165847310278 0.60355339059327384 0.55786195190950505 0.86422784876024228 7.2402500000000005 0.18249497527329914 -3.5720357350769709 8.6641000000000012 27.839200000000002 18.242451062712025 15.026100000000001 0.48030317736429479 4.1324195979321141 -0.98667386918526234 10.125750000000002 0.21933683301216031 -2.5434395362821509 0.20432919130839264 0.16008331164324016 0.14567581359535328 31.949750000000005 31.971850000000007 10.426150000000002 1.3533423444261949 29.725350000000002 -0.99907307217758434
decision_type=2 2 2 2 2 2 2 2 8 2 2 10 2 2 2 2 2 2 10 2 2 2 2 2 10 10 8 2 2 2
left_child=1 4 3 -2 27 9 17 -4 -9 10 11 -3 13 14 15 -11 -17 18 19 21 22 23 -20 -7 26 -13 -15 -1 -10 -29
right_child=2 5 7 -5 -6 6 -8 8 28 12 -12 25 -14 24 -16 16 -18 -19 20 -21 -22 -23 -24 -25 -26 -27 -28 29 -30 -31
leaf_value=0.0073988793032180667 0.033446528805390348 0.0055322119764230808 -0.00054232700195119994 -0.0024241814616814566 0.0022818248397537878 -0.033006676244992379 0.0065802002023986591 -0.011697761052926555 -0.0018011841868235772 -0.020549966987914281 0.0005824478338602295 -0.021190573632535264 0.008519092081687666 -0.016458268245925667 0.00093822600064443666 -0.012077290447115412 0.0076051990761984026 0.0016562114187089229 0.00089283063465723676 0.0039484457072213241 0.0074704267329101653 -0.054435292470316761 -0.022800068170140818 -0.0098612832053500219 -0.00057261738859829849 -0.0030374120831221161 -0.0065749472150210438 0.014050187210867874 -0.013978890949580106 -0.0076789610820097642
leaf_weight=1134.4880721867085 48.550922602415085 62.804404467344284 25367.634349107742 58.350191384553909 4826.5852965116501 31.179491579532623 734.05431604385376 138.97144818305969 4608.7742767632008 57.459348767995834 4019.0364646017551 83.739205956459045 93.53847473859787 130.06302201747894 735.39057996869087 63.249825775623322 61.468140542507172 2035.5753788352013 70.376566708087921 67.704038858413696 232.9553442299366 17.816852331161499 50.778029143810272 61.913561850786209 195.98537564277649 46.323816061019897 400.87917745113373 24.052750647068024 62.358983159065247 79.284992873668671
leaf_count=789 88 81 24588 35 4395 52 634 78 6897 33 3218 47 75 73 673 40 36 1753 53 38 145 10 30 61 122 26 369 33 140 100
internal_value=-3.67563e-05 0.00139672 -0.000761772 0.0140261 0.00315766 0.000242298 0.00193899 -0.000814619 -0.00225023 -0.000699572 0.000179218 -0.00818309 -0.00282809 -0.0034783 -0.000883242 -0.0082009 -0.0023933 0.000610422 -0.00338123 -0.01356 0.00177672 -0.0241877 -0.00914264 -0.0178817 -0.0067482 -0.0147976 -0.00902242 0.00656818 -0.00196671 -0.00253513
internal_weight=45601.3 15316.7 30284.6 106.901 6064.41 9252.29 3302.35 30177.7 4810.1 5949.94 4211.9 192.867 1738.03 1644.5 917.568 182.177 124.718 2568.3 532.724 178.614 354.11 110.91 121.155 93.0931 726.928 130.063 530.942 1237.83 4671.13 103.338
internal_count=44712 12886 31826 123 5317 7569 2776 31703 7115 4793 3372 154 1421 1346 782 109 76 2142 389 161 228 123 83 113 564 73 442 922 7037 133
is_linear=0
shrinkage=0.03


Tree=84
num_leaves=31
num_cat=0
split_feature=18 24 4 21 4 24 3 35 33 18 6 9 22 14 35 11 43 21 11 21 24 6 9 50 44 33 11 32 24 45
split_gain=55.5456 20.8021 47.724 44.8441 28.1442 41.3216 23.6622 19.2718 18.4626 18.3175 17.7748 16.7975 16.2731 15.737 16.1922 15.6562 15.661 14.0361 13.7286 11.1961 71.7207 13.5188 13.4097 23.8048 21.032 19.9281 17.7686 15.893 13.7099 13.387
threshold=-1.3240509075907594 0.30675521904633613 17.744450000000004 -5.3259909715279434 20.492750000000004 0.35544221683359195 6.1545000000000014 0.21839571709912012 0.028918275652680434 -0.042348618198174919 7.894000000000001 8.7373000000000012 0.60355339059327384 9.0095500000000026 0.0035151324882754758 29.498450000000002 -0.010082081332302872 -3.5720357350769709 18.914650000000005 2.3071158109760224 0.13930990466364487 18.852100000000004 8.5744500000000023 31.580250000000003 0.2845048802445686 0.10219512056198579 19.446800000000003 18.030966666666668 0.24059136628141839 -0.11438421258539221
decision_type=2 2 8 2 10 2 2 2 2 2 10 8 2 2 2 2 2 2 2 2 2 8 10 2 2 2 2 2 2 2
left_child=8 3 6 7 5 11 -3 -2 -1 15 -8 -4 17 14 -14 16 -5 -10 -7 21 -21 22 23 27 -24 -25 28 -18 -27 -30
right_child=1 2 4 9 -6 18 10 -9 12 -11 -12 -13 13 -15 -16 -17 19 -19 -20 20 -22 -23 24 25 -26 26 -28 -29 29 -31
leaf_value=0.0041272089358511737 0.038726458539754795 -0.0045042279011639 -0.011134471324583015 0.013815234787629034 -0.04311299779654762 -0.01843244337404246 -0.0017616988166736065 0.0061807584184308418 -0.0071376544274774833 -0.0016691276168211162 0.00086938304640433268 0.0053088169567702187 -0.023232307267311809 0.0075545082158462486 0.0019849809547446569 -0.0095779975945417904 0.011439036750812733 0.00031426503024318284 -0.048933874144155454 -0.0012027208026221491 -0.043681897904946296 0.00020032578217595902 -0.0056476248643211229 0.003949249570838519 0.0030548150678829595 0.041796644699276658 0.0087426371075228319 -0.025785907167558856 0.0055915686674549341 0.044506491909653216
leaf_weight=2962.4971213638783 36.524547278881073 1660.5306372642517 94.429317355155945 76.612465023994446 23.161908030509949 141.19855472445488 5327.6842683255672 29.843227654695511 248.09966871142387 5369.9992926120758 4079.6137625277042 134.07181379199028 22.271065413951874 539.85062563419342 1521.559189081192 142.53481864929199 14.698903173208235 2620.8589779138565 14.253481864929197 1016.4514254927635 36.079125970602036 17424.436158567667 307.7861240208149 279.2791602909565 1311.3203315734863 33.852019429206848 107.79195660352707 30.288648962974548 31.624912887811661 9.7992687821388227
leaf_count=2361 76 1724 53 172 52 179 3729 22 164 8156 3378 163 14 459 1145 320 33 2005 32 1010 78 17465 181 609 736 76 242 68 68 16
internal_value=-3.05534e-05 -0.000509851 -0.00157534 -4.42e-05 -0.0116503 -0.00964523 -0.00120373 0.0244008 0.00225418 -0.000107069 -0.00062072 -0.00150537 0.0011332 0.00315035 0.0016064 0.000295837 0.000364351 -0.000332419 -0.021524 0.000313666 -0.00269892 0.00047598 0.00273359 0.00698468 0.00139805 0.00901652 0.0166834 -0.013639 0.0277906 0.0156293
internal_weight=45649 37733.9 11474.9 26258.9 407.115 383.953 11067.8 66.3678 7915.14 26192.6 9407.3 228.501 4952.64 2083.68 1543.83 20822.6 20680 2868.96 155.452 20603.4 1052.53 19550.9 2126.44 507.335 1619.11 462.347 183.068 44.9876 75.2762 41.4242
internal_count=44786 38638 9310 29328 479 427 8831 98 6148 29230 7107 216 3787 1618 1159 21074 20754 2169 211 20582 1088 19494 2029 1112 917 1011 402 101 160 84
is_linear=0
shrinkage=0.03


Tree=85
num_leaves=31
num_cat=0
split_feature=42 30 44 21 35 21 22 9 7 5 42 5 3 23 21 46 21 3 7 7 8 45 7 5 3 44 5 9 35 5
split_gain=39.6339 24.0082 20.8234 17.7248 17.3674 32.2586 20.5028 16.5307 15.6151 14.8689 14.0433 13.5908 13.5676 16.0079 12.8355 12.187 11.8866 12.778 11.8456 11.8113 11.7269 11.6815 11.6311 11.4552 28.0088 11.298 11.0952 10.8825 10.1719 9.86294
threshold=0.56185065559272518 9.2636500000000019 1.5509410394432657 -2.4455155454794171 0.11203249826129395 -5.3259909715279434 -0.37940952255126065 8.5744500000000023 31.927850000000003 31.843850000000007 0.30418348906063752 31.840150000000005 7.5435000000000008 -0.12940952255126037 1.3533423444261949 0.0029341247036792964 0.86422784876024228 8.0775000000000023 31.889650000000007 32.262450000000008 11.177750000000001 -0.033288507574161651 32.217250000000007 29.875650000000004 6.7125000000000012 3.5073748662880093 31.116950000000006 11.818500000000002 0.10224676033987544 31.840150000000005
decision_type=2 2 2 2 2 2 2 10 10 10 2 8 2 2 2 2 2 2 8 8 10 2 10 10 2 2 10 8 2 8
left_child=1 7 4 -2 5 6 -3 15 11 10 12 -7 13 -9 -5 22 17 23 -8 -17 28 -10 26 24 -6 29 -1 -16 -13 -4
right_child=3 2 25 14 16 8 18 9 21 -11 -12 20 -14 -15 27 19 -18 -19 -20 -21 -22 -23 -24 -25 -26 -27 -28 -29 -30 -31
leaf_value=-0.039964447125492082 0.01653579594880188 0.054707674809200905 0.00019721823612351159 0.0036871344693219623 0.046184965826616804 -0.00066979833509770098 -0.010550160718009108 0.00026468328283631734 0.0057152096770203319 -0.0024273926727797334 0.0067839925190514233 -0.0074480394953419697 -0.024970029831380514 -0.015203281245592429 0.002223081456723191 0.0004524926903557716 -0.00080939701554015315 0.0057819448964129281 0.021888878980274095 -0.0025347489214870584 -0.0012942620500075313 -0.0013124744963759107 -0.00088036859327371355 0.0016942818319833116 -0.00018702462576050821 -0.0018465297302849015 -0.0063674317439705586 -0.0044749639903899179 -0.030531115601071069 -0.0015210610355261831
leaf_weight=8.0175835490226728 83.739205956459045 12.02637532353401 14869.944955587387 2709.943239569664 16.926009714603424 1500.6243875920773 14.253481864929197 96.656423896551132 438.73998865485191 500.65355050563812 37.415389895439148 501.98981443047523 62.358983159065247 158.56998574733734 550.54073703289032 3139.3293807506561 1350.9628280103207 819.12978592514992 30.288648962974548 1918.4295747578144 375.04474157094955 412.01471015810966 549.20447310805321 6452.3730717301369 33.852019429206848 4359.3383441269398 618.69019719958305 360.34583839774132 16.926009714603424 3767.373425424099
leaf_count=6 47 24 13788 1827 35 1716 8 55 505 281 21 596 35 89 309 2095 1818 561 59 1262 380 814 351 5783 52 8194 378 254 11 3475
internal_value=-4.24569e-06 -0.000266279 5.64424e-05 0.00297011 0.00107084 -0.00078063 0.0214803 -0.00185805 -0.00117515 -0.00576582 -0.0104539 -0.00241531 -0.0124997 -0.00936726 0.0026519 -0.00132082 0.0017757 0.0022527 0.0115047 -0.000680858 -0.00534134 0.0023142 -0.00407048 0.00180734 0.0158638 -0.000471813 -0.00686023 -0.00042866 -0.00825824 -0.00015018
internal_weight=45765.7 42061.1 34971.8 3704.57 11975.2 3301.91 56.5685 7089.33 3245.34 855.654 355.001 2394.58 317.585 255.226 3620.83 6233.67 8673.24 7322.28 44.5421 5057.76 893.961 850.755 1175.91 6503.15 50.778 22996.7 626.708 910.887 518.916 18637.3
internal_count=44829 42392 37819 2437 12362 4113 91 4573 4022 481 200 2703 179 144 2390 4092 8249 6431 67 3357 987 1319 735 5870 87 25457 384 563 607 17263
is_linear=0
shrinkage=0.03


Tree=86
num_leaves=31
num_cat=0
split_feature=18 4 25 35 33 18 33 18 30 33 33 21 22 48 12 22 14 21 45 19 44 43 33 3 48 43 49 25 42 21
split_gain=58.3928 23.705 46.3635 26.0916 18.2362 16.0293 14.5727 17.7744 14.9753 12.8572 12.8313 12.5422 12.0287 11.6347 13.0009 11.2562 14.9642 11.8542 17.8067 14.5021 14.3797 10.8925 11.1464 10.0969 10.0255 11.7948 13.9786 10.0395 10.2897 9.98864
threshold=-1.0044094578183118 1.0000000180025095e-35 0.39430939717889452 1.7059887753379124 0.030054350766586389 -2.1712146600660058 0.020552631623873736 -0.28354141428685503 9.2636500000000019 0.64304433491530533 0.64304433491530533 1.1236695862735984 0.12940952255126045 0.15496378496910099 8.4408314049587982 0.37940952255126054 8.4550000000000001 -3.1406655907693239 -0.38870577726465649 4.1611893729372946 0.24618711663662338 0.39122883739556774 0.22706010364365473 7.6295000000000011 0.18037632622322639 0.46104817168646961 31.900350000000007 -0.98521978256641018 0.40154381512669673 2.9909971166867888
decision_type=2 10 2 2 2 2 2 2 2 2 2 2 2 2 2 2 2 2 2 2 2 2 2 2 2 2 2 2 2 2
left_child=4 2 3 -2 5 11 7 -3 9 -8 15 -1 -11 14 -12 17 29 18 20 -20 23 -10 -23 -6 27 26 -26 28 -24 -17
right_child=1 6 -4 -5 10 -7 8 -9 21 12 13 -13 -14 -15 -16 16 -18 -19 19 -21 -22 22 24 -25 25 -27 -28 -29 -30 -31
leaf_value=0.0096734204074569122 0.036826692613604918 0.00086948890278965073 -0.020455802314957212 -0.0068390880071520638 -0.009922518722351446 0.0025336484935130563 -0.0027894918872473319 -0.00097662503261876843 0.00012091282871738341 -0.023631915134430356 -0.03246065449159441 -0.0065990718675080946 -0.00043401465901329238 -0.0084599948035804211 0.0085939608829484673 0.0013618385483732459 0.0057064360084487691 0.00056886222492053332 -0.010681910519039405 0.006331031087570594 0.006808996181018742 -0.0013670806152558399 0.030412273973381847 -0.026918828494669016 -0.0085501792790517988 -0.0044735142534231701 -0.028714373193181719 -0.0040126875727035504 -0.00073270489412841447 -0.016602353865210338
leaf_weight=455.66599836945534 53.00513568520546 8421.1352543234825 24.498171955347061 15.58974578976631 164.80588406324387 4851.9743110835552 3677.8437424600124 10601.91797965765 5118.3362534344196 50.778029143810272 6.6813196241855612 46.323816061019897 32.961176812648773 235.62787207961082 72.603673249483109 2534.4472441077232 875.69829207658768 3817.2606119513512 61.468140542507172 161.24251359701157 37.415389895439148 3918.8166702389717 16.480588406324387 38.75165382027626 87.302576422691345 206.67548704147339 48.105501294136047 130.50844332575798 20.934801489114761 27.170699805021286
leaf_count=288 98 8004 55 14 115 4185 2356 12135 6067 33 6 59 23 190 76 2042 736 3026 42 137 24 4523 34 24 49 116 27 290 47 49
internal_value=3.98095e-05 -0.000648393 0.0143877 0.026947 0.00170662 0.00306276 -0.000692131 -0.000159384 -0.00145355 -0.00305653 0.000802518 0.00816165 -0.0146137 -0.00512377 0.00477308 0.00104495 0.00232323 1.82716e-05 -0.00450592 0.0016087 -0.0101404 -0.000821722 -0.0019109 -0.0132739 -0.00607863 -0.00901843 -0.0158718 -7.19235e-05 0.0134205 0.00116489
internal_weight=45812 32424.9 93.0931 68.5949 13387.1 5353.96 32331.8 19023.1 13308.7 3761.58 8033.17 501.99 83.7392 314.913 79.285 7718.26 3437.32 4280.94 463.684 222.711 240.973 9547.16 4428.82 203.558 510.007 342.084 135.408 167.924 37.4154 2561.62
internal_count=44870 33871 167 112 10999 4532 33704 20139 13565 2412 6467 347 56 272 82 6195 2827 3368 342 179 163 11153 5086 139 563 192 76 371 81 2091
is_linear=0
shrinkage=0.03


Tree=87
num_leaves=31
num_cat=0
split_feature=14 22 33 9 45 3 30 5 33 20 19 25 47 9 26 6 15 25 25 8 25 33 5 34 15 25 12 25 23 25
split_gain=37.5621 19.3732 16.4969 16.0813 15.6143 15.4503 12.096 11.8227 11.61 44.7402 13.3791 16.5658 39.2581 45.8888 38.764 34.9561 27.2561 41.2559 23.4129 27.6266 23.1881 21.8306 19.4129 37.1627 21.0747 18.6675 18.9929 18.2413 17.7033 17.0913
threshold=6.8101500000000001 0.60355339059327384 0.099613131664456747 7.1566500000000008 -0.52704526440485977 6.2885000000000009 8.9291500000000017 31.815650000000002 1.0000000180025095e-35 27.107105165274351 0.62402876243072847 -0.78858226040708135 13.608782231405312 8.119550000000002 27.617900000000002 11.461350000000001 15.167336754111787 -0.9260227363677036 -0.91939278948206182 9.7095500000000019 -0.93845867424155849 0.64304433491530533 31.878550000000001 13.440410743801836 19.675665132013204 -0.98932651372861458 15.525800000000002 -0.95502570686053045 -0.3794095225512602 -0.84774213365954088
decision_type=2 2 2 8 2 2 2 10 2 2 2 2 2 10 2 10 2 2 2 8 2 2 10 2 2 2 2 2 2 2
left_child=3 2 -2 7 -3 6 -5 -1 9 -7 -10 12 13 16 22 21 17 -12 19 20 -18 25 -14 -24 -25 26 -15 -27 -16 -19
right_child=1 4 -4 5 -6 8 -8 -9 10 -11 11 -13 14 15 28 -17 18 29 -20 -21 -22 -23 23 24 -26 27 -28 -29 -30 -31
leaf_value=-0.0178699163343056 0.0018276347639617 0.0093367299465670298 -0.0016444075952589553 -0.0047231527703726585 0.0029040227034851599 -0.014256667592451797 -0.001104358957521132 -0.0039019961848972967 -0.0012787219327355609 0.034547000511974651 0.072798817087810733 0.00099970924552747584 -0.0030186252141094455 -0.01673831473314609 -0.0044472264167008798 0.0023832884229792353 0.056731338481694163 0.021442812364471334 -0.006680966146363417 0.0011633722177860875 0.0051344077324898532 -0.011057999468931648 0.017110952154877047 -0.0010449732979937603 -0.047768347065627194 0.0042532830393315442 -0.0037317731261717578 -0.0015631336475234814 -0.03085915175474865 0.0061564301483244795
leaf_weight=73.049094557762146 4087.6313460767269 396.87038567662239 1761.6412742435932 928.2580064535141 2334.8984979987144 30.288648962974548 7899.9923236370087 210.23885750770569 6409.6126261353493 36.079125970602036 9.7992687821388227 12345.742401570082 1375.9064212739468 119.37291061878204 33.852019429206848 2550.9278325140476 17.816852331161503 116.25496146082878 136.74434164166451 64.586089700460434 13.80806055665016 226.71944591403008 16.480588406324387 12.02637532353401 30.734070271253586 578.60227945446968 636.06162822246552 2981.2048163115978 71.712830632925034 152.77950873970985
leaf_count=41 3096 450 1498 671 1744 53 8847 118 8216 78 22 11361 3089 67 76 1446 40 261 307 145 31 128 37 27 69 327 357 1674 161 337
internal_value=-3.22517e-05 0.00175626 0.000781848 -0.000446201 0.00384164 -0.000391274 -0.00148535 -0.00755398 -4.58704e-05 0.0123932 -7.59024e-05 0.000282875 -0.000684813 0.000200118 -0.00504997 -0.000426384 0.00886671 0.0151775 0.00128046 0.0125483 0.035051 -0.00200457 -0.00375083 -0.0204244 -0.0349516 -0.00152646 -0.00580646 -0.000616819 -0.0225107 0.0128169
internal_weight=45659.7 8581.04 5849.27 37078.7 2731.77 36795.4 8828.25 283.288 27967.1 66.3678 27900.7 21491.1 9145.39 7604.68 1540.71 7092.89 511.789 278.834 232.955 96.211 31.6249 4541.96 1435.15 59.241 42.7604 4315.24 755.435 3559.81 105.565 269.034
internal_count=44774 6788 4594 37986 2194 37827 9518 159 28309 131 28178 19962 8601 5142 3459 3999 1143 620 523 216 71 2553 3222 133 96 2425 424 2001 237 598
is_linear=0
shrinkage=0.03


Tree=88
num_leaves=31
num_cat=0
split_feature=48 21 4 24 24 4 4 42 24 27 23 24 42 24 24 9 42 42 5 3 41 24 24 41 27 5 5 5 30 4
split_gain=35.7815 20.1658 27.9443 43.6858 18.9181 79.7546 25.4742 24.5509 31.6955 30.7092 20.2978 18.2514 70.1129 35.6305 28.7644 42.5155 28.2666 23.7542 21.1996 25.081 28.0404 20.8729 20.0027 17.6917 17.021 16.7689 16.0486 14.7273 15.5745 17.2043
threshold=0.32097703058896498 0.76685556495372353 1.0000000180025095e-35 0.053729698564148505 0.12225609522135446 21.279750000000003 29.723050000000004 0.3023243742069443 0.24059136628141839 14.587400000000001 -0.70710678118654757 0.33931202449298198 0.33467143461375787 0.13930990466364487 0.43442111757849838 8.3671500000000023 0.21948898373514819 0.37339754681431919 31.759650000000004 7.0205000000000011 8.7330500000000022 0.35544221683359195 0.46514529268026444 9.2164500000000018 17.775300000000005 31.93355 31.799050000000005 31.546750000000007 11.087700000000002 19.096950000000003
decision_type=2 2 10 2 2 10 8 2 2 2 2 2 2 2 2 10 2 2 8 2 2 2 2 2 2 8 10 10 2 10
left_child=1 2 3 -1 6 7 23 9 -9 -6 -10 13 14 -4 24 -16 -15 -14 19 22 -21 -19 -17 -3 -13 -2 -7 28 -18 -30
right_child=25 4 11 -5 5 26 -8 8 10 -11 -12 12 17 16 15 18 27 21 -20 20 -22 -23 -24 -25 -26 -27 -28 -29 29 -31
leaf_value=0.030607196592048184 0.00090651892618017827 -0.016927876425600927 -0.00010686774693659604 -0.030737501101740158 -0.0041742938451403422 -0.021310866463055189 -0.015542883524000984 -0.003836286694636737 -0.035796092842971285 0.004064277693211279 -0.012330107035585108 0.0046968211784005507 -0.010396569447955124 0.039828445201251381 -0.00041403816265187605 0.0041110469875745067 -0.0086504316179816035 -0.01158062002854702 -0.004030566143419987 -0.010441398453692645 -0.037684547921879308 -0.045378173828949354 -0.014835642342075843 0.00010622342745097031 -0.009625949274419161 0.003900712590351769 -0.04750254050234827 0.0048914126002702063 0.0033829333887016397 -0.013866381748969417
leaf_weight=54.341399610042572 5587.3648910522461 54.786820918321609 19048.442248553038 12.02637532353401 1147.8507114350796 66.367774933576584 98.88353043794632 360.34583839774132 49.44176521897316 629.82572990655899 102.44690090417862 1081.482936501503 296.65059131383896 18.262273639440536 7131.19514554739 94.429317355155945 150.10698089003563 31.179491579532623 962.11002588272095 78.394150257110596 60.577297925949097 36.079125970602036 105.11942875385284 3356.6949791908264 79.284992873668671 2408.8384351730347 32.515755504369736 1778.5672839581966 636.95247083902359 55.677663534879684
leaf_count=92 3166 123 21360 9 1188 149 222 437 108 1051 227 811 327 38 5234 53 88 70 540 44 34 78 59 5814 67 1364 73 1266 539 119
internal_value=-1.34024e-05 -0.000400874 -0.000101231 0.0191998 -0.00201131 -0.00407018 -0.000609496 -0.00292423 -0.00870432 -0.00125475 -0.0201528 -0.000142317 -0.0012056 0.000345848 -0.00071454 -0.00132416 0.00361168 -0.0141125 -0.0063101 -0.0127578 -0.022501 -0.0301096 -0.00589401 -0.000172217 0.00371108 0.00180889 -0.0303128 0.00334427 7.7152e-05 0.00197834
internal_weight=45606.2 37610 31710.9 66.3678 5899.16 2388.79 3510.37 2289.91 512.235 1777.68 151.889 31644.5 9956.5 21688 9592.59 8431.83 2639.57 363.909 1300.63 338.52 138.971 67.2586 199.549 3411.48 1160.77 7996.2 98.8835 2621.3 842.737 692.63
internal_count=44750 40220 30828 101 9392 3233 6159 3011 772 2239 335 30727 7317 23410 6842 5964 2050 475 730 190 78 148 112 5937 878 4530 222 2012 746 658
is_linear=0
shrinkage=0.03


Tree=89
num_leaves=31
num_cat=0
split_feature=17 22 11 24 4 24 32 4 25 21 8 9 23 22 36 25 9 36 6 48 8 9 45 9 6 45 8 4 5 3
split_gain=35.3072 24.6322 16.7578 18.0811 40.9717 39.9464 30.9492 24.261 51.8816 22.8358 20.9312 20.3167 18.4403 17.9621 17.6141 16.8626 26.864 22.8215 22.5915 20.9464 19.6123 16.3452 16.1442 15.8022 19.7915 14.445 22.4366 23.7742 14.3538 13.2249
threshold=0.47097937975611104 0.60355339059327384 29.498450000000002 0.30675521904633613 17.744450000000004 0.35544221683359195 20.523816666666672 9.3229500000000005 0.39430939717889452 3.4170773775016516 9.2637500000000017 8.6465500000000013 -0.12940952255126037 0.37940952255126054 0.40102561983463231 -0.99052477729077237 10.388400000000003 4.6867661157015581 13.551150000000002 0.11443839014773964 10.458000000000002 8.6729000000000021 -0.52704526440485977 8.6641000000000012 7.894000000000001 0.22057420179707923 10.304550000000003 20.774800000000003 31.836250000000003 7.1095000000000015
decision_type=2 2 2 2 8 2 2 10 2 2 8 8 2 2 2 2 8 2 8 2 10 8 2 10 10 2 10 10 10 2
left_child=2 21 3 7 9 6 11 8 -1 23 12 -6 13 -7 -9 16 17 20 19 -17 -16 28 -3 24 -5 26 27 -18 -2 -30
right_child=1 22 -4 4 5 10 -8 14 -10 -11 -12 -13 -14 -15 15 18 25 -19 -20 -21 -22 -23 -24 -25 -26 -27 -28 -29 29 -31
leaf_value=0.035285667049718798 -0.016413796191996656 0.0099124051972628302 -0.010477307347063525 -0.0016966220014061999 -0.02003182094766482 -0.024956730035929013 -0.038734715956669531 -0.0013392484189750247 -0.019437977686015982 -0.020049022521498455 -0.0029149790707588296 0.0055111658287817292 -0.018402923285269098 -0.064170479667873426 -0.023606129905058289 0.032362823363465888 0.048319146946862498 -0.0031091424812345041 0.0005597773177688669 0.0049065669820851331 -0.0060509669485299461 0.0011286869068871381 0.0033412325731058826 -0.0042710963807525452 0.00098318993167149341 -0.0042903244344473009 0.001717237407721998 0.0094758027309215058 -0.015497888749768807 0.0049072987886018748
leaf_weight=47.214658677577972 89.084261655807495 406.66965445876122 144.76192519068718 5584.2469418942928 33.852019429206848 22.271065413951874 19.153116255998611 5977.5539571046829 22.271065413951874 55.232242226600647 28.506963729858398 142.08939734101295 45.87839475274086 23.161908030509949 105.11942875385284 24.943593263626099 17.816852331161499 641.40668392181396 18206.595975905657 728.70926034450531 126.49965155124664 4685.8321630954742 1941.5914827883244 1113.9986920058727 4460.8944024145603 280.17000290751457 540.29604694247246 60.577297925949097 39.197075128555298 97.992687821388245
leaf_count=82 50 445 325 4080 19 32 43 8857 50 124 37 145 73 37 59 56 40 360 17997 553 71 3758 1425 626 4144 566 526 136 22 55
internal_value=3.77561e-05 0.00195635 -0.000324536 -0.000285898 -0.00127915 -0.0119341 -0.00351966 0.000141761 0.0177191 -0.000978909 -0.0254925 0.00051113 -0.0324332 -0.0458995 9.53715e-05 0.00050905 -0.0022889 -0.00603403 0.000770634 0.00585696 -0.0140855 0.000747828 0.00448296 -0.000882734 -0.000506579 0.00135125 0.0039088 0.0188012 -0.00710951 -0.000992715
internal_weight=45713.6 7260.37 38453.2 38308.5 11529.3 314.913 195.095 26779.2 69.4857 11214.4 119.818 175.941 91.3114 45.433 26709.7 20732.1 1771.89 873.026 18960.2 753.653 231.619 4912.11 2348.26 11159.1 10045.1 898.86 618.69 78.3942 226.274 137.19
internal_count=44793 5755 39038 38713 9360 386 207 29353 132 8974 179 164 142 69 29221 20364 1758 490 18606 609 130 3885 1870 8850 8224 1268 702 176 127 77
is_linear=0
shrinkage=0.03


Tree=90
num_leaves=31
num_cat=0
split_feature=37 33 5 9 43 8 4 41 3 3 32 21 8 21 7 29 21 7 42 3 19 4 4 21 22 33 9 21 43 7
split_gain=32.797 18.8017 17.4111 23.0434 18.3984 19.1408 22.9762 24.1685 16.5034 14.818 13.7213 13.4707 13.2125 12.6331 12.5902 18.3736 13.0098 12.3431 11.9354 11.5705 11.3827 19.6354 16.6048 35.9621 17.2105 13.1687 23.2005 48.5272 13.7887 10.6978
threshold=0.44910942912468654 0.044410209037324462 31.93055 12.455450000000001 0.11821363678231261 9.4349500000000024 22.576800000000002 9.0323500000000028 7.8425000000000002 6.2885000000000009 27.611900000000002 0.98652258331870979 7.1555500000000007 0.71563474134405081 32.009550000000011 9.0966000000000005 -0.80920912664345568 32.206050000000012 0.33053600953589418 7.7045000000000003 1.3988441034282479 29.723050000000004 1.0000000180025095e-35 -3.5720357350769709 -0.60355339059327362 0.22706010364365473 8.3301500000000015 -2.9466184172507401 0.5500760829933109 31.607100000000003
decision_type=2 2 10 8 2 10 10 2 2 2 2 2 8 2 10 2 2 10 2 2 2 8 10 2 2 2 10 2 2 8
left_child=9 11 3 10 17 6 7 -6 -4 13 14 19 -11 -1 15 -3 -16 -5 -19 -2 22 25 23 24 -14 -22 27 -27 -29 -7
right_child=1 2 8 4 5 29 -8 -9 -10 12 -12 -13 20 -15 16 -17 -18 18 -20 -21 21 -23 -24 -25 -26 26 -28 28 -30 -31
leaf_value=-0.00081552740447946969 0.0028671049514683807 -0.028195173439202272 0.00095348231168829764 0.011535909426920246 -0.020281537162381017 -0.012665041958565007 -0.042393515822908436 0.016754800289627923 0.0076825956460562245 -0.0062091893049927892 0.0018396812534997617 -0.00069490359405065239 0.053235635614549547 -0.0034363277263917049 0.0040536886777510564 -0.0054409083779021691 -0.0062881670589744303 0.009167554087271497 -0.020310605137328942 0.0068578830952683309 0.00080237305674326243 -0.01864770591890871 -0.00088620444064165936 -0.017108807819617926 0.015112104129373685 0.047049891185386945 -0.003842602663068944 0.0037277739251302721 -0.012585861860463928 0.0038302606589582381
leaf_weight=6689.7826290428638 2551.8186751306057 32.070334196090698 1320.2287577390671 253.89014571905136 36.96996858716011 38.306232511997223 18.262273639440536 26.279857188463211 435.62203949689865 310.01323056221008 411.56928884983063 692.18471306562424 15.144324481487272 2199.044998973608 267.25278496742249 999.07999446988106 183.95900031924248 24.943593263626099 22.716486722230911 879.70708385109901 15778.159003168344 47.214658677577972 10234.445400327444 23.161908030509949 35.188283354043961 21.380222797393799 1367.4434164166451 381.72606119513512 52.114293068647385 355.44620400667191
leaf_count=6652 1958 18 834 570 83 59 41 59 255 174 231 636 22 2930 150 563 104 56 51 565 14924 94 11451 46 67 48 769 656 117 552
internal_value=-1.04045e-05 0.00166471 0.000306742 -0.00121869 0.00312977 -0.000550428 -0.0136903 -0.00487193 0.00262638 -0.000395926 -0.00300296 0.00312199 -5.99418e-05 -0.00146421 -0.00434783 -0.00617523 -0.000167266 0.00891268 -0.00501144 0.00389188 8.4689e-06 0.000471103 -0.000783567 0.0133292 0.0273965 0.000523446 -0.00189024 0.00397004 0.00174369 0.0021975
internal_weight=45705.1 8550.31 4426.6 2670.75 776.815 475.265 81.5121 63.2498 1755.85 37154.8 1893.93 4123.71 28266 8888.83 1482.36 1031.15 451.212 301.55 47.6601 3431.53 27956 17648 10307.9 73.4945 50.3326 17600.8 1822.66 455.221 433.84 393.752
internal_count=44735 6785 3626 2537 1471 794 183 142 1089 37950 1066 3159 28368 9582 835 581 254 677 107 2523 28194 16608 11586 135 89 16514 1590 821 773 611
is_linear=0
shrinkage=0.03


Tree=91
num_leaves=31
num_cat=0
split_feature=18 7 25 47 24 27 4 25 27 43 3 17 25 6 47 16 24 24 9 3 3 9 4 43 4 15 8 24 8 8
split_gain=38.867 19.3967 18.7161 29.1066 43.105 30.8305 16.2062 31.8203 14.04 11.8589 29.877 17.5978 14.8258 22.8579 18.275 15.6972 15.0982 24.3069 13.3707 12.5074 11.0956 10.7205 12.8298 10.6929 10.627 10.584 18.8673 16.675 20.8196 10.5353
threshold=-0.92826092791078973 32.016150000000003 -0.67801649466304881 13.885650000000002 0.1051661082335764 22.206650000000007 1.0000000180025095e-35 0.39430939717889452 22.037950000000006 0.02043770367139636 7.5025000000000004 0.42778005073230402 -0.99052477729077237 10.722550000000002 11.194900000000002 15.141450000000001 0.29033824002281988 0.3873823162447298 8.766350000000001 7.8185000000000011 7.3725000000000014 9.9437000000000015 22.703400000000006 0.02865892972275948 29.723050000000004 16.873284254125419 10.409650000000001 0.35544221683359195 9.7095500000000019 12.047600000000001
decision_type=2 10 2 2 2 2 10 2 2 2 2 2 2 10 2 2 2 2 10 2 2 10 10 2 10 2 10 2 10 10
left_child=1 2 3 9 5 -5 7 -2 -6 10 11 -1 13 -11 16 19 -14 18 -18 -15 -7 29 -23 -19 -8 27 -27 28 -16 -17
right_child=6 -3 -4 4 8 20 24 -9 -10 12 -12 -13 14 15 25 21 17 23 -20 -21 -22 22 -24 -25 -26 26 -28 -29 -30 -31
leaf_value=-0.017423127471482964 0.023453893574551309 0.0030947486926091242 0.0035426515359429094 0.021470645643788228 -0.016769068848020291 0.0007103095974717368 -0.00065372280545594838 -0.018047039475595873 -0.042834113000464649 -0.0066914030578140438 -0.028158964297454514 0.0051717171808447057 0.0041581593806797046 -0.022933910283321528 0.062572479836742842 0.0052655140826802583 -0.0027185824643209833 -0.0029465081293287938 -0.019581624588650672 -0.0018966553768714875 -0.0085343627468686054 -0.0027941984400417035 0.0041989926941774156 0.0065408235214472529 -0.013408674497972164 -0.012795451416842426 -0.00022449794025105113 -0.0019998516429041891 0.00055449900712124561 -0.0091060725667076337
leaf_weight=40.53333905339241 61.468140542507172 3740.2027256190777 1650.2859471738338 44.09670951962471 102.44690090417862 207.56632965803146 30708.235835373402 21.825644105672836 22.716486722230911 544.75026002526283 44.09670951962471 121.60001716017723 2477.4333166480064 44.09670951962471 9.7992687821388262 572.81180244684219 607.55466449260712 137.18976294994354 44.542130827903748 58.795612692832947 265.91652104258537 814.23015153408051 331.39345335960388 475.70995724201202 57.904770076274872 111.80074837803841 2267.1944591403008 25.834435880184174 8.9084261655807477 48.996343910694122
leaf_count=25 105 3384 1551 99 230 466 32111 49 51 326 33 120 1404 30 22 488 434 77 25 33 597 457 186 462 130 251 1472 58 20 29
internal_value=-3.55952e-05 0.00122702 0.00059634 8.04046e-05 -0.00607718 -0.00223989 -0.000642194 0.0124942 -0.0218018 0.00053144 -0.00656017 -0.000549171 0.000702619 -0.00128951 0.00148297 0.000286584 0.00279701 0.000130098 -0.00389865 -0.0110466 -0.00448871 0.000952226 -0.000769387 0.00441587 -0.000678164 -0.000546486 -0.000820397 0.0137799 0.0345668 0.00412028
internal_weight=45669.9 14820.5 11080.3 9430.01 642.743 517.58 30849.4 83.2938 125.163 8787.27 206.23 162.133 8581.04 2415.07 6165.97 1870.32 3742.43 1265 652.097 102.892 473.483 1767.43 1145.62 612.9 30766.1 2423.54 2379 44.5421 18.7077 621.808
internal_count=44725 12330 8946 7395 1443 1162 32395 154 281 5952 178 145 5774 1549 4225 1223 2402 998 459 63 1063 1160 643 539 32241 1823 1723 100 42 517
is_linear=0
shrinkage=0.03


Tree=92
num_leaves=31
num_cat=0
split_feature=14 7 4 21 25 9 21 47 24 24 27 24 15 5 8 9 24 4 23 42 25 21 43 42 5 4 3 22 16 5
split_gain=30.6452 24.4553 22.0852 37.9638 16.4403 16.7903 16.2628 25.6722 62.7904 21.3477 35.8912 26.2273 18.9793 18.1654 17.653 47.1082 40.1212 36.0368 29.583 16.3081 16.0172 15.6635 15.1708 22.407 14.0411 13.7713 16.0598 21.209 13.1828 12.9895
threshold=4.5232045454541003 32.049950000000003 1.0000000180025095e-35 -3.5720357350769709 -0.98932651372861458 10.388400000000003 1.4899301627641608 13.885650000000002 0.13930990466364487 0.33931202449298198 17.913850000000004 0.35544221683359195 20.424183028857481 31.859050000000007 9.793350000000002 8.4243500000000022 0.22386011952790016 20.100300000000001 -0.70710678118654757 0.41461145076325606 -0.99273797715557011 -1.6703648857193636 0.044568534448967398 0.31441150459491679 31.763050000000003 23.620650000000001 8.2995000000000019 -0.78656609248549292 15.946409090909095 31.312550000000005
decision_type=2 10 10 2 2 8 2 2 2 2 2 2 2 10 10 10 2 10 2 2 2 2 2 2 10 10 2 2 2 10
left_child=2 6 3 -1 5 -4 9 -8 25 14 13 19 -10 22 15 17 -16 -2 -18 -12 -17 -3 -11 -24 28 26 27 -9 29 -20
right_child=1 21 4 -5 -6 -7 7 8 12 10 11 -13 -14 -15 16 20 18 -19 24 -21 -22 -23 23 -25 -26 -27 -28 -29 -30 -31
leaf_value=0.029670110487680534 0.037691898022320418 0.0071495573884940078 -0.01286217570388476 -0.011142126339338159 -0.00055125364981518802 -0.0015877296847241562 -0.00063983078388672016 -0.013832127181873832 -0.021164756360847803 -0.0081971263121592593 0.0045397376530848122 -0.027426751765289928 -0.051850580254287258 0.0018541808825811479 0.0011856410682809498 -0.012085669181149608 -0.038080486267507901 0.0050128439041916117 -0.020392105174309789 -0.028382713942230089 0.0035827627825359282 0.0021961159932729749 0.0037958890193464379 -0.013575455350849334 0.010664199782379378 -0.012842286624143573 -0.02845507346016243 0.013952948636312334 -0.038645885279297923 0.0099043635871525326
leaf_weight=53.895978301763535 63.695247083902359 758.55248799920082 195.98537564277649 32.070334196090698 27199.206768751144 300.6593830883503 1929.5651074647903 32.070334196090698 55.677663534879684 408.45133969187737 59.241034001111984 81.066678106784821 28.061542421579361 1037.3862269818783 8914.662063896656 60.577297925949097 36.524547278881073 57.904770076274872 26.725278496742249 16.480588406324387 1279.6954186856747 2365.632568269968 309.12238794565201 84.184627264738083 28.952385038137436 62.358983159065247 11.580954015254973 97.992687821388245 14.253481864929197 22.716486722230911
leaf_count=97 131 842 110 63 28601 540 1470 72 125 281 64 113 63 586 7291 34 82 130 60 37 734 2344 352 78 62 140 26 220 32 48
internal_value=2.03259e-05 0.000990461 -0.000602766 0.0144918 -0.00065014 -0.00605374 0.000478674 -0.00188861 -0.0102316 0.000898657 -0.00194483 -0.015676 -0.0319383 -0.000766352 0.00143901 0.00449663 0.000944326 0.0222983 -0.0155909 -0.00290229 0.0028661 0.00340072 -0.00415512 5.26749e-05 -0.00641283 -0.00120905 0.00396662 0.00704857 -0.01422 -0.00655172
internal_weight=45625 17843.1 27781.8 85.9663 27695.9 496.645 14718.9 2217.31 287.742 12501.6 1995.93 156.788 83.7392 1839.14 10505.7 1461.87 9043.83 121.6 129.172 75.7216 1340.27 3124.19 801.758 393.307 92.6476 204.003 141.644 130.063 63.6952 49.4418
internal_count=44828 15417 29411 160 29251 650 12231 2116 646 10115 1511 214 188 1297 8604 1029 7575 261 284 101 768 3186 711 430 202 458 318 292 140 108
is_linear=0
shrinkage=0.03


Tree=93
num_leaves=31
num_cat=0
split_feature=18 24 4 24 28 42 3 33 8 24 16 47 4 20 18 20 3 33 6 16 7 4 47 5 24 7 8 24 16 35
split_gain=37.6732 16.0721 61.0328 29.3812 26.791 23.9935 19.4709 17.515 17.2528 48.4534 43.4802 32.6942 40.0958 24.7247 16.2513 16.1884 16.0786 15.4671 15.0531 14.6433 13.8706 13.7333 13.6667 12.8616 20.4796 20.4747 13.3296 20.6499 24.3709 11.8026
threshold=-1.4768846468646861 0.30675521904633613 17.744450000000004 0.35544221683359195 20.422800000000006 0.38178759564732573 6.1545000000000014 0.34970457627355567 9.793350000000002 0.25725141817891134 16.161392148760552 10.156000000000001 20.893350000000005 27.107105165274351 -0.68472437877417291 16.601843472600166 7.166500000000001 0.3710318045666714 7.8743500000000006 15.323000000000002 31.698450000000005 29.723050000000004 8.8627500000000001 31.927750000000007 -0.47558551945199218 31.82225 11.613750000000001 0.33931202449298198 13.781855371901107 2.4014077947953605
decision_type=2 2 8 2 2 2 2 2 10 2 2 2 8 2 2 2 2 2 10 2 10 10 2 10 2 10 10 2 2 2
left_child=17 8 6 4 22 7 -3 -5 11 21 20 -2 15 16 -12 -13 -14 23 -8 -17 -11 -10 -4 24 -1 29 27 -27 -29 -26
right_child=1 2 3 5 -6 -7 18 -9 9 10 14 12 13 -15 -16 19 -18 -19 -20 -21 -22 -23 -24 -25 25 26 -28 28 -30 -31
leaf_value=0.0044545360005442116 0.001096700145431123 -0.0038429226085304477 -0.0069009561894719136 -0.012905356700338736 -0.031485728453759902 -0.051984405433894251 -0.0014398276611646372 -0.039807367646080692 -0.000134241338539532 -0.013404324784637888 -0.055321023234919151 0.00096131852317775748 0.0057632026580325662 0.025384174325598766 -0.015508529363040256 0.058817980772316661 -0.014226581138185042 -0.0029685669404347888 0.0009295575811157056 0.026108746084408201 0.015480388591578579 -0.012775001120031397 0.0086255004530878306 0.0043587050239398892 -0.0046860188252628564 0.0047447812607465407 -0.0036099233368116824 0.00026357105105665347 -0.022660519539772904 -0.023330793849383268
leaf_weight=1242.2800287902355 4057.7881184220314 1655.1855815649033 172.82346761226654 138.52602687478065 31.179491579532623 19.598537564277649 5117.8908321261406 25.389014571905136 23075.050875395536 48.550922602415085 29.397806346416473 14.253481864929197 114.91869753599167 40.53333905339241 14.698903173208235 18.262273639440536 51.668871760368347 478.82790639996529 4564.677567243576 44.542130827903748 20.489380180835724 76.612465023994446 71.267409324645996 2307.2823768854141 420.03229370713234 940.72980308532715 389.29822343587875 169.70551845431328 54.341399610042572 32.070334196090698
leaf_count=890 2348 1748 97 170 70 44 3603 33 27040 109 66 32 258 82 33 41 116 367 3747 100 46 172 130 1388 409 846 343 177 86 30
internal_value=-6.74177e-06 -0.000344811 -0.00127164 -0.0119867 -0.00575306 -0.0212554 -0.000837028 -0.0172884 5.12577e-05 -0.000272756 -0.0197713 0.00178703 0.0116058 0.00467543 -0.0426884 0.0299352 -0.000484732 0.00220041 -0.000322842 0.0363927 -0.00473346 -0.000176622 -0.00235099 0.00264636 0.00142916 -0.000445521 0.00118984 0.00279576 -0.00537253 -0.00605718
internal_weight=45437.9 39403.3 11796.5 458.784 275.27 183.514 11337.8 163.915 27606.8 23264.8 113.137 4341.97 284.179 207.121 44.0967 77.0579 166.588 6034.57 9682.57 62.8044 69.0403 23151.7 244.091 5555.74 3248.46 2006.18 1554.07 1164.78 224.047 452.103
internal_count=44621 40085 9642 544 297 247 9098 203 30443 27466 254 2977 629 456 99 173 374 4536 7350 141 155 27212 227 4169 2781 1891 1452 1109 263 439
is_linear=0
shrinkage=0.03


Tree=94
num_leaves=31
num_cat=0
split_feature=18 33 4 25 35 33 18 18 49 27 7 3 6 18 14 43 25 43 33 12 18 34 9 35 41 18 41 40 49 40
split_gain=39.5928 17.7505 11.6687 29.6111 27.4224 12.0332 11.7567 11.6582 10.8219 10.763 15.8208 9.26388 9.69521 9.48091 20.8337 8.83809 15.2885 8.36414 15.9814 8.32674 18.9871 17.5866 14.4539 8.41248 8.12957 13.4379 8.06134 11.8336 10.8178 9.37498
threshold=-0.90882288159716118 0.021998545406463409 1.0000000180025095e-35 0.39430939717889452 2.4014077947953605 0.019778034954633626 -0.084663487548747071 -1.6901501650165007 31.677850000000003 13.217100000000002 32.016150000000003 6.1545000000000014 7.894000000000001 -0.86450364716463024 4.6332053719003712 0.5500760829933109 -0.99168640063982161 0.21729299069724603 0.39778120954447987 9.0966000000000005 -1.4231866237623751 9.7685782369147116 8.718650000000002 0.12233292686210413 9.0323500000000028 -0.71296183484705 9.5615000000000006 19.978056350313015 31.634150000000002 18.242451062712025
decision_type=2 2 10 2 2 2 2 2 2 2 10 2 10 2 2 2 2 2 2 2 2 2 10 2 2 2 2 2 2 2
left_child=1 7 3 4 -2 6 -4 -1 15 -3 19 24 13 14 -13 16 -7 26 -19 20 -11 -21 -22 -23 25 -10 29 28 -28 -12
right_child=2 9 5 -5 -6 8 -8 -9 11 10 17 12 -14 -15 -16 -17 -18 18 -20 21 22 23 -24 -25 -26 -27 27 -29 -30 -31
leaf_value=0.005366715468257394 0.030413743170746767 -0.0068479516924268386 0.00038777187531602151 -0.018069928849551171 -0.014126619912854913 0.024822366321776458 -0.0012189384778480002 0.0019294145201774779 -0.022770759697455255 -0.024160982000224387 0.0038842406950563794 -0.025996564560387542 8.5466043146760183e-05 -0.0022553959357985631 0.00021912940130127171 -0.0025406057234094097 0.00019970637510957748 0.0019480673940824908 -0.014114616994370872 0.009077399148871167 0.0045760446112374257 -0.0019115994043986222 -0.01372176251016796 0.00050455731870139501 -0.0019665696149447037 -0.0055065212747730241 0.0323314803167256 0.0011622314592454588 0.010892758324972242 -0.014786055108974128
leaf_weight=1150.9686605930328 52.114293068647385 173.71431022882462 12017.91231867671 24.052750647068024 15.58974578976631 21.825644105672836 6218.9723061919212 3887.19175735116 42.31502428650856 40.087917745113373 742.51732090115547 47.214658677577972 1974.1072382926941 3485.4217372834682 62.804404467344284 1259.2060385048389 3981.175653398037 1203.0829536616802 57.459348767995834 193.31284779310226 116.70038276910782 1700.173133701086 57.013927459716797 5456.8564477264881 675.25870335102081 678.82207381725311 24.498171955347061 99.774373054504395 141.19855472445488 24.052750647068024
leaf_count=847 96 132 10964 54 11 49 8322 3567 35 27 698 37 1876 2389 48 1582 5392 886 36 161 79 1366 32 4367 730 459 52 146 155 54
internal_value=4.50622e-06 0.00126293 -0.000616086 0.0100084 0.0201014 -0.000648413 -0.00016017 0.00271558 -0.0013765 0.000533085 0.000663849 -0.0021521 -0.00160377 -0.00253103 -0.0111642 -0.000349565 0.000340123 0.00284643 0.00120527 2.05146e-06 -0.00582012 0.000172172 -0.00147355 -6.95946e-05 -0.00433641 -0.00654969 0.00484784 0.00934605 0.0142374 0.00327992
internal_weight=45625.4 15068.6 30556.8 91.7568 67.704 30465 18236.9 5038.16 12228.2 10030.4 9856.73 6965.94 5569.55 3595.44 110.019 5262.21 4003 2292.58 1260.54 7564.14 213.802 7350.34 173.714 7157.03 1396.4 721.137 1032.04 265.471 165.697 766.57
internal_count=44649 12605 32044 161 107 31883 19286 4414 12597 8191 8059 5574 4350 2474 85 7023 5441 2027 922 6032 138 5894 111 5733 1224 494 1105 353 207 752
is_linear=0
shrinkage=0.03


Tree=95
num_leaves=31
num_cat=0
split_feature=18 7 25 47 34 47 25 21 25 46 16 25 21 18 21 27 25 45 11 5 48 43 35 21 25 5 35 3 20 3
split_gain=34.6859 27.4292 23.3275 42.1809 19.7926 14.9218 30.9275 40.1339 17.6739 24.0314 23.8442 22.5694 22.2157 25.5886 17.1042 16.7316 19.1079 15.0791 15.0691 14.668 16.4433 19.5598 13.878 13.2037 12.935 15.9344 12.836 16.0692 12.3632 11.63
threshold=-0.69843472607260615 31.918050000000004 -0.77243990499604276 23.057100000000002 9.1915049586777773 13.438550000000001 -0.9937528315903793 1.4021858049895448 -0.98932651372861458 0.22765866434546186 15.229103099173747 -0.95242240592625282 0.59422694492431927 -1.6130952412239628 0.83942912854036333 22.037950000000006 -0.95998493203694346 0.18484802341185499 21.123150000000006 31.373050000000003 0.14123086805324833 0.61595695202176903 0.020604271401824522 -5.3259909715279434 -0.9937528315903793 31.887350000000001 0.010431235145785216 6.222500000000001 27.107105165274351 8.0935000000000006
decision_type=2 10 2 2 2 2 2 2 2 2 2 2 2 2 2 2 2 2 2 8 2 2 2 2 2 8 2 2 2 2
left_child=1 2 3 5 26 8 18 -8 9 10 24 12 -10 -14 17 16 -9 -11 -7 -13 -21 -22 -12 28 -1 -26 27 -3 -2 -6
right_child=23 4 -4 -5 29 6 7 15 11 14 22 19 13 -15 -16 -17 -18 -19 -20 20 21 -23 -24 -25 25 -27 -28 -29 -30 -31
leaf_value=-0.023604054196415529 -0.0038957218230615729 -0.031936564900423271 0.0021331508713146523 -0.019521199170044853 0.0026298885597068463 0.042325422181458308 -0.0037725828703244766 -0.0090949432597856594 0.0044451808909246214 -0.019845578167935994 -0.0091747921687769726 0.0028760568831374326 -0.029680252328734887 -0.0011872524332377701 0.0013975847105520674 -0.04346118159621952 -0.040487317777323353 -0.0067605102929929736 0.0042438085502089643 0.010089082242597471 -0.0048094684234145499 0.00048424834890822832 0.00078698974159151084 -0.0007345070689259238 0.012818797539848036 -0.014579959650990997 0.0010434266101282288 -0.0041062352962895768 0.023484352253759756 0.0065140518892293992
leaf_weight=57.013927459716797 23.607329338788986 18.707694947719574 3640.4283525645733 105.11942875385284 5201.6300380825996 8.9084261655807477 476.6007998585701 73.494515866041183 1795.9387149810791 130.06302201747894 134.51723510026932 823.13857769966125 33.406598120927811 162.13335621356964 117.59122538566589 27.170699805021286 22.271065413951874 204.89380180835724 174.60515284538269 101.11063697934151 1269.8961499035358 1241.8346074819565 1765.6500660181046 25931.092304080725 28.506963729858398 53.450556993484497 856.9905971288681 369.25426456332207 37.860811203718185 800.42209097743034
leaf_count=32 20 15 3523 236 4871 20 1070 165 1287 73 77 657 72 205 66 61 50 115 392 167 772 697 1078 27440 22 30 649 241 76 603
internal_value=1.81731e-05 0.000967764 0.000113465 -0.000721502 0.00243492 -0.000492191 -0.00444004 -0.00773612 -0.000101314 -0.00219251 -0.000802893 0.000858958 0.0033992 -0.00618132 -0.00843842 -0.0229476 -0.0167385 -0.0118854 0.0063118 -0.000613918 -0.00171406 -0.00219303 7.73172e-05 -0.000701349 -0.0127527 -0.00501031 -0.00100686 -0.00552688 0.0130748 0.00314887
internal_weight=45687.3 19694.7 12447.7 8807.32 7247 8702.2 783.051 599.537 7919.15 2491.69 2039.14 5427.46 1991.48 195.54 452.548 122.936 95.7656 334.957 183.514 3435.98 2612.84 2511.73 1900.17 25992.6 138.971 81.9575 1244.95 387.962 61.4681 6002.05
internal_count=44782 17246 10867 7344 6379 7108 1758 1346 5350 1493 1239 3857 1564 277 254 276 215 188 412 2293 1636 1469 1155 27536 84 52 905 256 96 5474
is_linear=0
shrinkage=0.03


Tree=96
num_leaves=31
num_cat=0
split_feature=18 33 33 9 25 15 18 7 42 3 47 23 25 46 24 47 25 43 5 18 25 25 5 41 25 9 34 42 19 33
split_gain=29.6053 23.8822 13.4017 16.0322 16.0525 23.1739 12.7926 10.9403 13.128 11.3321 21.91 10.9775 14.5065 19.0176 10.461 27.745 21.6018 20.4493 16.9575 13.5604 11.0513 44.5121 17.8716 12.7496 10.7602 12.1294 10.6049 10.2047 9.95758 9.6854
threshold=-0.64325600270020711 0.021998545406463409 0.64304433491530533 7.1201500000000015 -0.91939278948206182 16.751003814717844 -2.0442262277227718 32.020450000000004 0.19496481716460953 6.2885000000000009 8.8627500000000001 0.25881904510252057 -0.98521978256641018 0.029033145283048005 -0.63255557784149707 13.147232231405729 -0.98932651372861458 0.69450444052173355 31.984850000000005 -1.4031762706270621 -0.93237865822738086 -0.9292178835113839 31.859050000000007 8.6375000000000011 -0.99938741687870725 9.9700000000000006 19.848919559228658 0.31221017418387359 5.3364711749174925 0.0191067178442921
decision_type=2 2 2 10 2 2 2 10 2 2 2 2 2 2 2 2 2 2 10 2 2 2 10 2 2 10 2 2 2 2
left_child=1 6 7 4 5 -4 -1 9 -9 10 -3 14 13 -13 -11 20 17 -17 19 -18 24 27 23 -23 25 -16 -25 -22 -5 -2
right_child=29 2 3 28 -6 -7 -8 8 -10 11 -12 12 -14 -15 15 16 18 -19 -20 -21 21 22 -24 26 -26 -27 -28 -29 -30 -31
leaf_value=0.0065610083777513095 -0.00030099266321608565 -0.014659034571285 0.044463424598526938 -0.0046948374594106635 -0.02397298674394243 0.003018311134457483 0.0017887404150732404 -0.0028671420579665257 0.0027284551626161257 0.0017815314748780308 -0.0015369484407841924 -0.020042671043268727 0.0026548153227857834 -0.00076098552672910081 0.011757720502662161 0.0084203562283811061 -0.032885097446017926 -0.033804475903854395 -0.051290681653746728 -0.0093676544290540384 -0.010204331035340722 0.0041789452501041803 0.0033358161856656943 -0.0073874223806293434 0.0015120630877626451 -0.0062470244121972688 -0.0014971002408029198 -0.031099652054904767 -0.015877007904194239 -0.0015430623540114649
leaf_weight=543.85941740870476 15698.874010294676 132.29012855887413 14.698903173208235 242.75461301207542 12.02637532353401 54.341399610042572 7041.6654625833035 447.20299351215363 2390.5761615335941 1207.0917454361916 815.56641545891762 47.66007998585701 2415.9651761054993 856.09975451231003 36.96996858716011 87.747997730970383 23.161908030509949 10.690111398696898 8.9084261655807477 287.29674383997917 36.524547278881073 179.05936592817307 526.04256507754326 548.31363049149513 2090.3621997535229 301.10480439662933 552.32242226600647 53.450556993484497 101.55605828762054 8826.9140661656857
leaf_count=372 16855 78 33 137 27 122 6545 302 2274 1072 796 35 2112 626 23 197 52 24 20 645 22 300 308 397 1474 169 310 45 57 9221
internal_value=-3.95786e-05 0.000785287 2.75035e-05 -0.00520639 0.00673578 0.012351 0.00213172 0.000198436 0.00184595 -0.000259315 -0.00338189 6.03398e-05 0.00144218 -0.00179884 -0.000710875 -0.00134557 -0.00871844 0.00354101 -0.0124964 -0.0112221 -0.000631346 -0.00234728 -0.00131498 -0.00322788 0.000708582 -0.00424926 -0.00443558 -0.0228228 -0.0080295 -0.000748062
internal_weight=45591.1 21065.3 13479.8 425.377 81.0667 69.0403 7585.52 13054.4 2837.78 10216.6 947.857 9268.77 3319.73 903.76 5949.05 4741.96 417.805 98.4381 319.367 310.459 4324.15 1895.71 1805.74 1279.7 2428.44 338.075 1100.64 89.9751 344.311 24525.8
internal_count=44650 18574 11657 376 182 155 6917 11281 2576 8705 874 7831 2773 661 5058 3986 938 221 717 697 3048 1382 1315 1007 1666 192 707 67 194 26076
is_linear=0
shrinkage=0.03


Tree=97
num_leaves=31
num_cat=0
split_feature=18 7 24 7 24 45 40 22 33 9 48 41 33 24 33 48 24 18 11 24 41 24 16 42 16 9 24 18 45 16
split_gain=33.7016 17.9327 18.9516 23.5264 16.8416 24.4538 15.0817 11.393 10.0999 10.7312 12.7586 12.0075 9.66361 12.0441 16.1522 20.3313 22.3992 12.2579 11.42 9.35433 27.3129 54.5343 38.0591 27.0383 20.7429 33.742 17.5411 29.762 17.0974 14.8124
threshold=-0.77339302708437418 31.921850000000003 -0.61913973745509387 31.382450000000002 0.43442111757849838 -0.3992265691614752 14.327483177247956 0.60355339059327384 0.15027175383284755 9.3404500000000024 0.24322103351274724 9.4836000000000009 0.02013951340027911 0.43442111757849838 0.64304433491530533 0.12923782311117024 0.019350803001866129 -0.55574418481848109 16.735950000000003 0.30675521904633613 9.8060500000000008 0.24059136628141839 15.828050000000003 0.3023243742069443 17.036600000000004 8.4005000000000027 0.1051661082335764 -1.5856689504950496 0.21706940310709702 15.532925000000002
decision_type=2 10 2 8 2 2 2 2 2 8 2 2 2 2 2 2 2 2 2 2 2 2 2 2 2 10 2 2 2 2
left_child=1 2 -1 -4 6 -6 -3 8 -8 -10 -11 -12 -2 14 -14 16 -16 -18 -15 20 24 -22 -23 -21 25 29 28 -28 -26 -5
right_child=12 4 3 19 5 -7 7 -9 9 10 11 -13 13 18 15 -17 17 -19 -20 23 21 22 -24 -25 26 -27 27 -29 -30 -31
leaf_value=0.0022981679294805401 -0.00018352973179774196 0.0086844432736218734 -0.016176623085182754 0.051901020430126996 -0.0071966803309574537 0.0015966429057930334 0.0023814547215084041 0.0047441556025834926 -0.0098985144214598468 0.007529198512127867 -0.038583736299452526 -0.0024786025982401478 -0.00059362000504845005 -0.0022868023524276007 0.0054046311748987778 -0.0048275553939865325 0.025650059281268383 0.0707447318239008 -0.01817395088959144 0.0037208442661494064 -0.00038602389783772359 -0.0099359482216603776 -0.052030482818633955 -0.0070252638013062812 0.020529329882860818 0.0054199765116742038 -0.044252830908755633 -0.0037277797824618315 -0.00092487598298143217 0.017092166871839499
leaf_weight=3129.0846906602383 17364.304281949997 405.77881184220314 83.739205956459045 18.262273639440536 364.35463017225266 1287.2675809264183 2533.5564014911652 1558.9745789766312 122.93628108501434 138.97144818305969 7.5721622407436362 260.57146534323692 5464.4286099672318 4868.9003207981586 29.843227654695511 38.306232511997223 16.48058840632439 8.9084261655807477 40.087917745113373 329.16634681820869 5820.7656565904617 57.904770076274872 28.506963729858398 582.16564992070198 38.306232511997223 746.52611267566681 20.043958872556686 73.494515866041183 223.15607544779778 29.397806346416473
leaf_count=2963 18497 299 188 41 317 1042 2256 1475 69 237 17 171 6784 3890 40 32 34 17 66 412 4374 130 64 530 65 419 42 87 213 66
internal_value=3.51141e-05 0.00105214 0.000317302 -0.000452725 0.00228184 -0.000346381 0.003145 0.00265697 0.00159366 -0.00216926 0.00018327 -0.00363775 -0.00061757 -0.00133754 -0.000381024 0.0119136 0.0234037 0.043554 -0.00242022 -0.00028546 8.41183e-05 -0.000739293 -0.0242592 -0.00314403 0.00431367 0.00700574 -0.00171163 -0.012788 0.00228457 0.0312226
internal_weight=45691.8 17860.5 11180.5 8051.44 6679.98 1651.62 5028.36 4622.58 3063.61 530.051 407.115 268.144 27831.3 10467 5557.97 93.5385 55.2322 25.389 4908.99 7967.7 7056.36 5907.18 86.4117 911.332 1149.19 794.186 355.001 93.5385 261.462 47.6601
internal_count=44837 15477 9594 6631 5883 1359 4524 4225 2750 494 425 188 29360 10863 6907 123 91 51 3956 6443 5501 4568 194 942 933 526 407 129 278 107
is_linear=0
shrinkage=0.03


Tree=98
num_leaves=31
num_cat=0
split_feature=18 5 22 43 21 24 4 5 24 25 33 9 21 25 11 18 21 24 7 15 25 22 25 5 24 15 24 11 34 33
split_gain=30.1871 16.1905 13.1933 13.143 12.3586 20.6803 15.0633 11.0975 15.8707 11.7469 11.0655 45.5798 32.839 19.8098 24.1818 14.5647 13.3247 13.2325 16.7233 19.1861 11.5008 18.6554 11.6213 13.6404 11.1809 14.4231 9.18633 34.7874 9.24971 10.3364
threshold=-1.3240509075907594 1.0000000180025095e-35 -0.37940952255126065 -0.032118441314856937 -5.3259909715279434 -0.72101013194340913 29.723050000000004 31.964150000000004 -0.72101013194340913 -0.99966479353140603 0.17061782634493972 12.942850000000002 -1.6462932417723113 -0.98521978256641018 20.146750000000001 -0.44780042336952247 -3.6470673344219589 -0.72101013194340913 31.021250000000006 26.885680947194871 -0.98932651372861458 0.78656609248549325 -0.9497838742125716 31.971850000000007 0.3873823162447298 16.325146346534655 0.33931202449298198 18.161200000000004 10.523850000000001 0.64304433491530533
decision_type=2 10 2 2 2 2 8 10 2 2 2 8 2 2 2 2 2 2 8 2 2 2 2 8 2 2 2 2 2 2
left_child=1 -1 7 -2 5 -5 10 8 -3 -10 15 20 16 14 -14 17 -13 -6 19 -19 21 -12 -22 -24 25 -18 28 -28 -4 -30
right_child=3 2 26 4 6 -7 -8 -9 9 -11 11 12 13 -15 -16 -17 24 18 -20 -21 22 -23 23 -25 -26 -27 27 -29 29 -31
leaf_value=-0.029213070573452578 0.013108136888739959 0.0047628189999653851 0.010312879851192322 0.024593019017254861 0.0019394433083463696 0.00088248578281358405 -0.01125393440783613 0.00327344557749585 -0.015928428955018312 -0.0020086220007436702 -0.0060275980037036558 0.045429028250420139 0.038170072217823196 -0.0011405147760777915 0.0039081667779633251 -0.00079347701033080263 0.036221122969418519 0.0044100652390594601 1.7828233016610855e-05 -0.032165483077986175 0.0040337611798071564 -0.024463303221932721 -0.0051393705560139674 0.0011098493229008955 0.0011787745944649806 0.011828416912964108 0.00065486179242781007 -0.032888791304413065 0.0029209464960121383 -0.0066890378610022479
leaf_weight=14.253481864929197 64.140668392181396 325.15755504369736 147.87987434864044 46.323816061019897 4007.0100892782211 110.46448445320129 114.02785491943359 659.6689575612545 55.677663534879684 1485.48006311059 342.08356475830078 11.580954015254973 25.389014571905136 565.23964020609856 63.249825775623322 18315.724196434021 28.952385038137436 21.825644105672836 11610.79724290967 29.843227654695511 183.51357901096344 57.013927459716797 1524.6771382391453 395.53412175178528 49.887186527252197 87.302576422691345 487.73633256554604 28.506963729858398 4740.6189840137959 102.00147959589958
leaf_count=11 144 277 146 95 4424 65 241 401 44 1169 192 26 57 1254 142 19904 65 37 10395 67 103 32 858 222 112 196 447 58 3581 76
internal_value=7.47531e-07 0.00166849 0.00172691 -0.000355692 -0.000379013 0.00799933 -0.000414318 -6.82511e-05 -0.00125053 -0.00252151 -0.000380898 -0.00202983 0.00405173 0.000935387 0.0140382 -0.000219059 0.015448 0.000452373 -5.86795e-05 -0.0169251 -0.00405134 -0.00871583 -0.00316271 -0.00385222 0.0130989 0.0181603 0.00255023 -0.00125742 0.00294429 0.00271719
internal_weight=45701.6 8046.98 8032.73 37654.6 37590.4 156.788 37433.7 2525.98 1866.32 1541.16 37319.6 3334.42 831.602 653.878 88.6388 33985.2 177.723 15669.5 11662.5 51.6689 2502.82 399.097 2103.72 1920.21 166.142 116.255 5506.74 516.243 4990.5 4842.62
internal_count=44841 6210 6199 38631 38487 160 38327 1891 1490 1213 38086 3259 1852 1453 199 34827 399 14923 10499 104 1407 224 1183 1080 373 261 4308 505 3803 3657
is_linear=0
shrinkage=0.03


Tree=99
num_leaves=31
num_cat=0
split_feature=48 5 21 4 24 24 11 41 4 15 28 5 24 8 24 8 24 4 24 24 11 9 5 32 24 16 5 23 24 39
split_gain=24.6419 17.3868 13.6141 17.6415 28.534 15.6909 75.9995 20.1422 17.2967 16.8933 28.2627 22.73 15.8575 13.5009 13.3514 15.1076 12.2572 35.1333 49.5775 33.1804 16.8608 24.4758 18.1553 13.0842 12.0987 15.3739 18.5282 18.2717 14.398 11.9345
threshold=0.32097703058896498 31.93055 0.76685556495372353 1.0000000180025095e-35 0.053729698564148505 0.12225609522135446 21.123150000000006 9.2164500000000018 29.723050000000004 15.705089914682445 14.587400000000001 32.000750000000004 0.24059136628141839 8.7060500000000012 0.52490632455031438 8.4792500000000022 0.32308142426531927 17.856350000000003 0.35544221683359195 0.13930990466364487 16.871750000000002 9.9437000000000015 31.177250000000004 18.903433333333336 -0.72101013194340913 26.364800000000006 29.711350000000003 0.78656609248549303 -0.61913973745509387 0.53048105523423639
decision_type=2 8 2 10 2 2 2 2 8 2 2 10 2 10 2 8 2 10 2 2 2 8 10 2 2 2 8 2 2 2
left_child=2 -2 3 4 -1 7 9 -4 -9 10 -7 12 -11 14 15 -12 19 -18 -19 24 21 -21 -22 29 -5 26 27 -26 -27 -20
right_child=1 -3 5 16 -6 6 -8 8 -10 11 13 -13 -14 -15 -16 -17 17 18 23 20 22 -23 -24 -25 25 28 -28 -29 -30 -31
leaf_value=0.023059281151963384 0.00056187756875075332 0.0035737414297831844 -0.01945026620178 0.00089993122867638542 -0.026044545169344825 -0.0036358170104380779 -0.026932950374644642 0.00025212793378246703 -0.012818625444580942 -0.0019529248630025134 0.031361506655140044 -0.031978540360934532 -0.014144214430188649 -0.0022506705907044369 0.0047236179659054661 0.0050329415741018537 -0.00062862124688106973 -0.00029368394223504491 -0.008071318192991124 0.0061704656895764836 -0.011694144894066465 0.044842265158130647 0.003682561464882511 -0.04490268330775582 0.0014128940369533213 -0.0032371086513389119 -0.00061769616714493921 0.051603077937152034 -0.022617821589330067 -0.025755138241248577
leaf_weight=60.131876617670059 5549.5040798485279 2502.3769099116325 48.105501294136047 6720.5166993141174 12.02637532353401 1191.0565783381462 117.59122538566589 3372.7301462888718 92.647632122039795 328.27550420165062 39.197075128555298 30.288648962974548 134.96265640854836 192.42200517654419 336.73850905895233 39.197075128555298 9817.976477086544 211.12970012426376 57.904770076274872 48.105501294136047 70.376566708087921 20.489380180835724 2215.5255873799324 19.598537564277649 14.253481864929201 96.656423896551132 12217.01564347744 11.135532706975935 53.00513568520546 88.19341903924942
leaf_count=108 3144 1418 108 8887 9 1219 258 5892 208 389 88 62 297 222 681 49 7009 228 85 27 143 43 1626 44 32 217 12098 25 119 105
internal_value=-8.02966e-06 0.00149824 -0.000330131 -8.36735e-05 0.0146312 -0.00165031 -0.00351422 -0.000371303 -0.000100919 -0.00230158 -0.000950834 -0.00721235 -0.00552763 0.00431016 0.00734933 0.0184264 -0.00011767 -0.000974153 -0.00995128 0.000289104 0.00364867 0.0182001 0.00320425 -0.0221813 -0.000124934 -0.000680771 -0.000563507 0.0245474 -0.0102057 -0.0188488
internal_weight=45709.1 8051.88 37657.3 31734 72.1583 5923.21 2409.73 3513.48 3465.38 2292.14 1798.61 493.527 463.238 607.555 415.133 78.3942 31661.9 10194.8 376.826 21467.1 2354.5 68.5949 2285.9 165.697 19112.6 12392.1 12242.4 25.389 149.662 146.098
internal_count=44840 4562 40278 30805 117 9473 3265 6208 6100 3007 2259 748 686 1040 818 137 30688 7471 462 23217 1839 70 1769 234 21378 12491 12155 57 336 190
is_linear=0
shrinkage=0.03


Tree=100
num_leaves=31
num_cat=0
split_feature=18 24 7 47 24 11 27 22 32 24 11 33 12 15 43 25 22 18 5 22 5 19 11 24 46 9 5 21 8 8
split_gain=25.3775 19.2182 21.7426 22.0917 52.5631 29.4039 26.699 18.6134 18.3871 17.1117 21.5879 16.4684 17.5544 23.4426 16.4639 15.8534 15.5872 15.217 15.9548 14.8571 14.2973 18.7694 13.2538 13.198 13.0448 16.8434 16.0081 12.3366 12.229 13.0071
threshold=-0.70604749234916475 -0.77786766366919291 31.918050000000004 13.885650000000002 0.13930990466364487 21.123150000000006 20.944850000000006 0.91597561503675362 27.149083333333337 -0.64578423485557612 22.904800000000005 0.10777221658046673 11.454130578512411 18.442301141968951 0.050906335326948167 -0.9260227363677036 0.78656609248549325 -1.2410482376237615 30.549250000000004 -0.5 31.628850000000003 3.2671398217821772 29.498450000000002 -0.72101013194340913 0.024142224084734688 11.661650000000002 31.737550000000002 -1.2014943318586615 8.789950000000001 8.9304500000000022
decision_type=2 2 10 2 2 2 2 2 2 2 2 2 2 2 2 2 2 2 10 2 10 2 2 2 2 10 10 2 8 10
left_child=1 -1 3 11 5 -5 16 9 -9 22 -11 -3 -13 20 -15 27 19 -12 -19 -6 -14 -22 23 -7 26 -26 28 -4 -17 -30
right_child=-2 2 15 4 6 7 -8 8 -10 10 17 12 13 14 -16 24 -18 18 -20 -21 21 -23 -24 -25 25 -27 -28 -29 29 -31
leaf_value=0.003477462319536914 -0.0006072557861064498 0.00095316849887279475 0.0057527285626191582 0.043152446443702863 -0.0012100424235647097 0.023064754293415337 -0.039649171312523435 -0.0021429876793527449 -0.021859123305689347 0.0058182808680876793 -0.021972264551487809 -0.0066739844890848004 0.011108073477236148 -0.023313001409206641 -0.0019497169233708548 -0.0029835966598264611 0.0080054388382357362 -0.022274503502576412 -0.0021221831827398833 -0.02619330566726194 -0.0074032337147912058 0.0060909490730227927 -0.0077280824127625557 0.0049784139798161242 0.0031486325233824591 -0.0046672391187733064 -0.00054254344326418354 0.0019514042551709322 -0.025410346172139865 -0.00068739724945095031
leaf_weight=2177.2193548679352 26217.943626612425 6557.0470791757107 1172.7943046987057 12.02637532353401 32.070334196090698 53.450556993484497 44.09670951962471 93.53847473859787 77.503307640552521 173.26888892054558 51.22345045208931 531.38762077689171 196.43079695105553 32.070334196090698 1814.2009886205196 110.90990576148033 25.834435880184174 39.197075128555298 296.20517000555992 64.140668392181396 143.8710825741291 257.00809487700462 42.31502428650856 111.35532706975937 1616.879349052906 292.19637823104858 1183.9298374056816 2229.7790692448616 61.913561850786209 27.616121113300323
leaf_count=2617 27691 4215 1043 27 72 120 99 210 174 389 115 449 252 27 1157 156 58 88 665 144 92 187 95 250 1491 164 735 1886 64 41
internal_value=2.4922e-06 0.000821392 0.000487795 -0.000354517 -0.00434567 -0.00161459 -0.0198603 -0.00223386 -0.011152 -0.000233222 -0.00295887 0.000113265 -0.00173764 -0.000661881 -0.00233322 0.00182712 -0.0124462 -0.00689728 -0.00453651 -0.0179637 0.00449947 0.00124167 0.00711364 0.010948 0.000343182 0.00195055 -0.00187322 0.00326294 -0.00969134 -0.0178762
internal_weight=45739.4 19521.5 17344.3 10648.2 1116.23 950.084 166.142 938.057 171.042 767.015 559.895 9532.02 2974.97 2443.58 1846.27 6696.02 122.045 386.626 335.402 96.211 597.31 400.879 207.121 164.806 3293.45 1909.08 1384.37 3402.57 200.44 89.5297
internal_count=44773 17082 14465 8885 2506 2133 373 2106 384 1722 1257 6379 2164 1715 1184 5580 274 868 753 216 531 279 465 370 2651 1655 996 2929 261 105
is_linear=0
shrinkage=0.03


Tree=101
num_leaves=31
num_cat=0
split_feature=48 43 49 3 33 41 14 25 4 42 23 4 43 9 25 11 37 49 43 15 8 25 15 23 49 25 25 22 25 42
split_gain=18.6652 12.993 12.5564 10.9041 10.5822 10.4905 9.90948 11.8105 66.5697 20.4994 18.5583 16.8678 16.2275 13.4756 24.5802 20.1296 20.0835 15.621 13.0877 12.1476 22.7887 11.9202 15.2743 11.5994 15.1673 11.558 11.6693 11.5469 14.7093 23.7254
threshold=0.32097703058896498 -0.032118441314856937 31.964150000000004 6.2765000000000013 0.019778034954633626 8.9667000000000012 1.5099000000000002 -0.76696334127844745 27.611250000000002 0.5451820663667476 -0.3794095225512602 28.435350000000003 0.39122883739556774 8.6465500000000013 -0.9937528315903793 21.123150000000006 0.38716501650165019 31.908850000000005 -1.0000000180025095e-35 12.576757768349575 8.554800000000002 -0.98667386918526234 17.87551900106379 1.0000000180025095e-35 31.959150000000005 -0.96687281075841669 -0.94426098523567992 0.60355339059327384 -0.93845867424155849 0.34730841696466336
decision_type=2 2 2 2 2 2 2 2 8 2 2 8 2 10 2 2 2 2 2 2 10 2 2 2 2 2 2 2 2 2
left_child=1 -1 4 5 -2 -3 -5 8 9 12 -10 -12 19 14 15 -14 23 -18 -9 -8 -21 22 -15 24 -16 -25 -27 -22 -29 -30
right_child=2 3 -4 6 -6 -7 7 18 10 -11 11 -13 13 21 16 -17 17 -19 -20 20 27 -23 -24 25 -26 26 -28 28 29 -31
leaf_value=0.011986519480773977 0.0021308464890468981 -0.0031049907906645119 0.0033928594705236186 -0.00078012450295818041 -0.00042167036142928718 -0.0006260051245721188 -0.0034327003827658263 -0.0076469054870089617 -0.0045702409070809647 -0.013264558086886143 -0.035710513333431296 -0.013502049033340915 0.042262273720699309 -0.020094350566526028 -0.0067842015720789104 0.0030421980501258395 -0.015348781253594698 -0.056446056475642797 0.0013792293121613786 0.0061559686866001087 -0.00019763939137287993 0.0018658055357513535 -0.0018743584501746233 -0.0085107789060607196 -0.033678027672401835 0.0093021437652786153 -0.0027574074499539377 0.0047715739312117001 0.00070892955018758653 -0.021826528083483825
leaf_weight=77.057886332273483 2538.9014571905136 2005.2867298722267 2028.4486379027367 9569.4313870668411 3443.1067129969597 6562.3921348750591 526.4879863858223 146.09818911552429 64.140668392181396 102.00147959589958 61.022719234228134 65.031511008739471 11.580954015254973 42.760445594787598 497.09018003940582 188.41321340203285 63.249825775623322 8.9084261655807477 8502.6473537385464 768.79717808961868 4212.3493123948574 1170.5671981573105 778.59644687175751 131.84470725059509 18.707694947719574 120.26375323534012 177.72310200333595 1141.169391810894 719.80083417892456 43.651288211345673
leaf_count=173 1437 1949 1149 10858 1949 7866 297 88 135 130 137 146 26 24 981 423 139 14 8649 1021 3562 657 437 287 27 183 288 1077 623 71
internal_value=3.8467e-05 -0.000240461 0.00135375 -0.00026577 0.000661851 -0.00120651 1.093e-05 0.000397904 -0.000258272 5.45507e-05 -0.0178045 -0.0244496 0.000183689 -0.00159792 -0.00408259 0.00551226 -0.00597153 -0.0211247 0.00122589 0.000955285 0.00129124 -7.76067e-05 -0.00284619 -0.00479414 -0.0078229 -0.0011499 0.00212451 0.000678924 0.00261666 -0.000606429
internal_weight=45787.5 37777.1 8010.46 37700 5982.01 8567.68 29132.3 19562.9 10914.2 10724 190.195 126.054 10622 3209.71 1217.78 199.994 1017.79 72.1583 8648.75 7412.26 6885.77 1991.92 821.357 945.629 515.798 429.832 297.987 6116.97 1904.62 763.452
internal_count=44803 40268 4535 40095 3386 9815 30280 19422 10685 10267 418 283 10137 3486 2368 449 1919 153 8737 6651 6354 1118 461 1766 1008 758 471 5333 1771 694
is_linear=0
shrinkage=0.03


Tree=102
num_leaves=31
num_cat=0
split_feature=18 33 21 24 47 10 18 25 21 35 42 24 42 5 40 46 24 27 24 42 22 41 9 15 4 5 47 12 8 9
split_gain=27.3881 15.43 13.5922 11.056 10.15 11.5319 9.7093 9.92252 9.6123 9.48371 10.6428 17.7262 22.7367 26.9946 13.8907 28.8084 20.0434 17.8507 12.3547 12.254 10.6327 18.7999 21.0907 29.2199 12.6911 11.7919 11.1832 10.9429 10.8341 10.542
threshold=-0.77339302708437418 0.035321608117428384 -5.3259909715279434 -0.76694339346796603 7.1629000000000014 0.2517161716171617 -2.0442262277227718 -0.99996069798976184 0.015651117996017486 0.010431235145785216 0.29055446610527941 0.33931202449298198 0.33467143461375787 31.906050000000004 17.180769381943069 0.26296133185128967 0.12225609522135446 20.944850000000006 0.13930990466364487 0.39073326412119819 0.78656609248549325 9.3584000000000014 13.697200000000002 20.729802630308587 22.703400000000006 31.869050000000005 23.499650000000006 16.854300000000006 9.473650000000001 10.196650000000002
decision_type=2 2 2 2 2 2 2 2 2 2 2 2 2 10 2 2 2 2 2 2 2 2 8 2 10 10 2 2 8 10
left_child=1 6 3 -2 5 -4 8 -8 -1 -3 -11 14 -13 -14 15 -12 20 29 -19 -20 21 -16 24 -24 27 -26 -22 -23 -25 -18
right_child=2 9 4 -5 -6 -7 7 -9 -10 10 11 12 13 -15 16 -17 17 18 19 -21 26 22 23 28 25 -27 -28 -29 -30 -31
leaf_value=0.0067841804142646468 0.022972691165221784 -0.0041032586865164047 -0.0023654697397130818 0.00097134949369965715 -0.00055128187326437101 -0.015329883810399922 -0.014827582765088302 0.0016449724563211855 -0.0019589895239431622 0.0027995990053698468 0.0037637052264348678 -0.0007282318140273351 -0.018501105903524738 0.0054240050523430682 -0.018689650154905094 -0.02304460984923213 -0.0015838498423954813 0.00037934535061840953 0.0048891093463492453 -0.032878766902320923 0.0029440464437211463 -0.0037873760372530143 0.024214529267949307 -0.021586721687325092 -0.0020231794119809558 0.0016861580750174422 -0.01338987562003143 -0.017658285246732942 0.0033911740590021801 -0.020053377293803017
leaf_weight=608.00008580088615 38.75165382027626 452.10262790322304 217.36559844017029 42.760445594787598 27449.978965312243 85.520891189575195 32.070334196090698 7250.568056166172 138.52602687478065 1355.417041093111 1350.9628280103207 423.59566417336464 168.36925452947617 56.123084843158722 49.887186527252197 36.079125970602036 252.55388179421425 20.043958872556686 8.9084261655807477 47.66007998585701 1317.1108085811138 586.17444169521332 62.358983159065247 15.144324481487272 1737.1431022882462 1385.7056900560856 37.860811203718185 55.232242226600647 499.31728658080101 30.288648962974548
leaf_count=384 81 331 122 27 29080 48 30 6633 125 1258 1017 384 261 33 88 21 402 39 20 107 992 329 140 34 981 780 85 31 968 17
internal_value=1.3953e-05 0.000926657 -0.000575541 0.0115827 -0.000611667 -0.00606441 0.00190488 0.00157041 0.00516134 0.00013701 0.000339301 -7.06387e-05 -0.0048266 -0.0125223 0.000341336 0.00305028 -0.000274489 -0.00713679 -0.0198867 -0.0269495 0.000155971 -0.000560998 -0.000348409 0.00498834 -0.0011673 -0.000377217 0.0024781 -0.00500744 0.00261544 -0.00362537
internal_weight=45811.6 17977.2 27834.4 81.5121 27752.9 302.886 8029.16 7282.64 746.526 9948.04 9495.94 8140.52 648.088 224.492 7492.43 1387.04 6105.39 359.455 76.6125 56.5685 5745.93 4390.96 4341.08 576.821 3764.26 3122.85 1354.97 641.407 514.462 282.843
internal_count=44848 15490 29358 108 29250 170 7172 6663 509 8318 7987 6729 678 294 6051 1038 5013 585 166 127 4428 3351 3263 1142 2121 1761 1077 360 1002 419
is_linear=0
shrinkage=0.03


Tree=103
num_leaves=31
num_cat=0
split_feature=18 24 7 40 12 5 35 24 42 28 8 7 43 33 28 42 48 3 21 16 14 24 23 46 19 24 7 11 19 21
split_gain=26.155 14.3313 19.6965 18.8997 13.8435 13.7629 18.9964 17.1276 20.9711 20.1009 15.6082 12.8739 12.4362 12.8376 12.5462 34.5344 12.4833 14.2972 18.8663 11.5953 11.8264 12.2517 11.5217 12.129 11.2419 11.1093 11.0564 10.6641 10.6632 10.6568
threshold=-1.0752432291137148 -0.15207348400340251 31.672750000000004 20.821220643498222 12.270537190083047 31.639650000000007 0.010431235145785216 0.12225609522135446 0.37568539239435539 21.696900000000003 9.3896000000000015 31.552200000000003 -0.032118441314856937 0.16008331164324016 14.344600000000002 0.24677586803552892 0.10622189735752101 6.7025000000000015 -2.0335041269284377 18.678944834711007 4.9429500000000015 0.1051661082335764 -0.3794095225512602 0.23340069410981504 5.1206956140240321 0.49531893261080817 31.567350000000001 23.167900000000007 3.0162840386214511 -5.3259909715279434
decision_type=2 2 10 2 2 8 2 2 2 2 8 8 2 2 2 2 2 2 2 2 2 2 2 2 2 2 10 2 2 2
left_child=1 3 4 -1 26 7 -7 9 24 -4 -11 -6 -2 29 -15 16 17 18 -16 28 -21 22 23 -22 -9 -18 -3 -25 -13 -14
right_child=12 2 5 -5 11 6 -8 8 -10 10 -12 19 13 14 15 -17 25 -19 -20 20 21 -23 -24 27 -26 -27 -28 -29 -30 -31
leaf_value=0.0083818533651746508 0.013386317888030888 0.0028191019060329601 0.042065957474600811 0.0017535902395250911 -0.025293926630994966 -0.007555610024902952 0.00074281004716086278 0.010154302202761015 -0.015529255125918882 -0.014982358835630843 0.019772227813515654 -0.017947977585714692 0.011839039032273017 -0.0052156878584075621 0.049162298578936933 -0.0029544041272919069 -0.0030987973005499859 0.0051498278351994825 0.01373436242013602 -0.02568789582534985 -0.00090631842695714545 -0.025127466593565538 0.0013573031643847066 -0.0071483463794658241 0.0010936583655819032 0.009782352275151153 -0.031854490150002503 -0.028398669750618881 0.0031223891036674545 -0.00030796806486771167
leaf_weight=414.24181669950485 57.459348767995834 11.580954015254973 21.825644105672836 5749.4982472658157 22.271065413951874 263.68941450119019 4001.2196122705936 216.47475582361221 48.105501294136047 16.926009714603424 32.515755504369736 22.271065413951874 64.140668392181396 938.948117852211 18.262273639440536 1610.6434507369995 132.29012855887413 81.066678106784821 49.887186527252197 24.498171955347061 83.739205956459045 23.607329338788986 214.24764928221703 47.66007998585701 285.06963729858398 109.12822052836418 26.725278496742249 38.75165382027626 304.2227535545826 30836.962593466043
leaf_count=357 129 11 49 4277 50 181 3034 285 87 38 73 17 96 692 32 1777 102 152 109 19 65 53 211 50 340 71 60 36 323 32124
internal_value=-1.44148e-05 0.00119752 0.000113946 0.00220034 -0.00418689 0.000836102 0.000228087 0.0050053 0.00319367 0.01874 0.00781311 -0.00330826 -0.000438778 -0.000462647 -0.00235655 -0.00101318 0.00697789 0.0137702 0.0238018 -0.00263071 -0.00584698 -0.00459577 -0.00327292 -0.00907698 0.0050168 0.0027402 -0.0215667 -0.016894 0.0016347 -0.000282373
internal_weight=45767.9 11869.1 5705.4 6163.74 819.575 4885.83 4264.91 620.917 549.65 71.2674 49.4418 781.269 33898.8 33841.3 2940.23 2001.28 390.634 149.216 68.1495 758.998 432.504 408.006 384.399 170.151 501.544 241.418 38.3062 86.4117 326.494 30901.1
internal_count=44900 9616 4982 4634 895 4087 3215 872 712 160 111 824 35284 35155 2935 2243 466 293 141 774 434 415 362 151 625 173 71 86 340 32220
is_linear=0
shrinkage=0.03


Tree=104
num_leaves=31
num_cat=0
split_feature=18 21 7 24 47 24 45 21 48 47 24 11 21 42 45 33 48 35 22 21 49 3 7 43 33 8 3 25 18 33
split_gain=23.2088 19.1354 16.4448 18.9866 32.9538 16.1196 20.7899 18.5232 14.6206 13.4917 38.8368 31.823 27.2734 17.7155 12.828 12.0818 20.3314 15.3759 13.6602 16.3051 13.5487 11.9011 14.3312 11.3492 10.3354 12.1658 11.5683 10.2399 18.4075 10.1109
threshold=-0.67028267474013414 -5.3259909715279434 31.918050000000004 -0.61913973745509387 23.057100000000002 0.43442111757849838 -0.3992265691614752 -2.5064839835358836 0.14748424201784199 13.438550000000001 0.13930990466364487 21.123150000000006 2.0678859089221491 0.4167031952935748 0.24928114064661436 0.34970457627355567 0.14748424201784199 0.055472431055683766 0.25881904510252091 -2.8890864837557833 31.911650000000005 7.2445000000000013 32.002550000000006 0.15290531225999424 1.0074146081264985 7.1555500000000007 7.9095000000000004 -0.9937528315903793 -1.5856689504950496 0.32889374575993252
decision_type=2 2 10 2 2 2 2 2 2 2 2 2 2 2 2 2 2 2 2 2 2 2 10 2 2 10 2 2 2 2
left_child=2 -2 3 -1 9 7 21 8 -4 15 11 -11 29 -14 27 18 23 20 19 -5 -18 -7 -23 -17 25 26 -3 -13 -29 -12
right_child=1 24 5 4 -6 6 -8 -9 -10 10 12 14 13 -15 -16 16 17 -19 -20 -21 -22 22 -24 -25 -26 -27 -28 28 -30 -31
leaf_value=0.0018584822445257669 0.015580391344960559 -0.0031020521247081562 0.025395963030186864 -0.0074775178601553943 -0.017821767574629842 -0.0033745055568095727 0.001035212252549501 0.0020134311777311935 0.0060665312166539699 0.03877486131185804 -0.012905807929279528 0.006749353131670726 -0.0029002243012561562 -0.047917458111420105 -0.013370599476663088 -0.0044897219701473942 -0.0061553348607050386 -0.0035141615924135514 0.0017656729490412018 -0.00031118623801353534 -0.03050038589644026 -0.029532531470795913 -0.0066446602999377675 0.02166386205041269 0.016967053300024893 -0.00056934207961935996 -0.014737899305561566 -0.031343970044886378 -0.00086783361350235009 0.0051758868491536721
leaf_weight=3898.327290058136 64.586089700460434 435.17661818861961 36.079125970602036 307.7861240208149 98.438109129667282 268.14362758398056 1728.2346761226654 4605.2109062969685 756.32538145780563 17.371431022882462 152.77950873970985 154.561193972826 10.690111398696898 30.288648962974548 69.040302783250809 22.716486722230911 46.323816061019897 610.67261365056038 3192.3345164358616 3830.1778298914433 36.96996858716011 38.75165382027626 66.813196241855621 40.978760361671448 28.952385038137436 24536.923609167337 92.647632122039795 17.816852331161499 343.86524999141693 33.406598120927811
leaf_count=3709 100 587 78 208 221 251 1345 4138 678 39 343 347 24 68 155 39 38 441 2175 2593 23 24 75 71 35 25888 61 40 772 75
internal_value=6.7343e-06 -0.000603102 0.000758288 0.000109396 -0.000646976 0.00187554 -0.000353155 0.00274335 0.00697752 -0.000455417 -0.00409597 -0.000104819 -0.0146374 -0.0365227 -0.00132295 -8.14377e-05 -0.00368539 -0.00517854 0.00029152 -0.000845903 -0.0171945 -0.00675936 -0.0152448 0.0124111 -0.000645375 -0.000666395 -0.00516847 0.000310989 -0.0024514 -0.00965117
internal_weight=45572.4 25158.3 20414.1 12914.5 9016.22 7499.56 2101.94 5397.62 792.405 8917.78 829.82 602.655 227.165 40.9788 585.284 8087.96 757.662 693.966 7330.3 4137.96 83.2938 373.708 105.565 63.6952 25093.7 25064.7 527.824 516.243 361.682 186.186
internal_count=44641 26671 17970 11381 7672 6589 1695 4894 756 7451 1863 1353 510 92 1314 5588 612 502 4976 2801 61 350 99 110 26571 26536 648 1159 812 418
is_linear=0
shrinkage=0.03


Tree=105
num_leaves=31
num_cat=0
split_feature=18 7 21 9 49 46 10 24 47 24 15 11 23 22 30 22 23 10 24 24 33 21 18 33 9 16 10 42 24 43
split_gain=26.5924 15.2398 13.7295 23.1471 14.8403 11.8249 13.2499 11.2218 21.7657 44.9086 27.3573 21.0271 14.5297 12.6383 10.8884 10.5592 9.5046 9.49316 9.28373 16.1256 9.2734 15.1821 9.98878 8.97412 14.318 13.7825 9.71724 9.37983 8.88335 11.7008
threshold=-0.79661134323432303 32.002550000000006 -3.7197568937921504 12.495900000000001 31.855150000000005 0.029033145283048005 0.20386138613861385 -0.78856175031405207 13.438550000000001 0.13930990466364487 20.424183028857481 21.123150000000006 0.60355339059327384 -0.37940952255126065 8.9291500000000017 -1.0000000180025095e-35 -0.9159756150367534 0.21448844884488447 0.35544221683359195 0.29033824002281988 0.02013951340027911 -5.3259909715279434 -0.028947046968330167 0.46537767888030995 8.4005000000000027 14.868281818182004 0.22320132013201316 0.29657592186718967 0.79184907943689831 0.061287115674319916
decision_type=2 10 2 8 2 2 2 2 2 2 2 2 2 2 2 2 2 2 2 2 2 2 2 2 10 2 2 2 2 2
left_child=1 2 3 4 5 6 -1 -4 13 11 16 -10 17 -9 -3 -14 -11 -13 19 -18 21 -2 -23 26 -25 27 -15 -26 -22 -30
right_child=20 14 7 -5 -6 -7 -8 8 9 10 -12 12 15 23 -16 -17 18 -19 -20 -21 28 22 -24 24 25 -27 -28 -29 29 -31
leaf_value=-0.010058314114302564 0.019181928416342583 -0.0012588165251847456 0.0033346183455687339 0.019830543997371868 -0.0024749421778972576 -0.0051654123613336725 -0.035241289605973836 -0.00071072796184339928 0.039724004273455425 -0.028164353210323366 -0.0488760586337358 -0.00062157440076191883 -0.0026234983646585435 0.0007473043013604383 0.0029893591845339918 0.011034416752338183 -0.013294400028345563 -0.0080052013531320011 -0.02948400048387079 0.012399003394289267 -0.00080042391104487136 0.000266317772756217 -0.001385943359506749 0.010766089304887785 -0.0065296128631654668 -0.0019460795155831832 0.0031478594415164599 -0.028387081379996654 -0.001974552962455326 -0.007959579423580658
leaf_weight=40.978760361671448 35.633704662322998 626.70778074860573 1227.5811256170273 32.070334196090698 318.92165672779083 73.049094557762146 35.633704662322998 3515.7103862464428 10.24469009041786 29.397806346416473 21.380222797393799 362.57294493913651 87.302576422691345 3600.3404348194599 4040.862108707428 120.26375323534012 73.494515866041183 275.27036851644516 16.480588406324387 30.288648962974548 8637.1645888388157 13029.909531086683 4405.6621601879597 49.887186527252197 35.633704662322998 163.02419883012772 2623.5315057635307 35.633704662322998 1791.9299232065678 350.99199092388153
leaf_count=23 74 465 1406 66 179 41 20 2349 23 66 48 811 196 2386 3807 270 165 618 37 68 9971 11862 6702 103 20 93 1720 20 1017 200
internal_value=3.10258e-05 0.000951914 0.000415963 -0.00444875 -0.00614915 -0.0139103 -0.0220745 0.000614674 0.000312245 -0.00384578 -0.0178317 -0.00103249 -0.00157273 0.000738477 0.00241882 0.00530485 -0.0131018 -0.00381563 -0.009218 -0.00574913 -0.000537672 -0.000110708 -0.000151235 0.00152134 -0.00368357 -0.00679298 0.00175955 -0.0176999 -0.00122957 -0.0029581
internal_weight=45697.6 17446.3 12778.7 500.654 468.583 149.662 76.6125 12278 11050.5 1026.7 171.042 855.654 845.41 10023.8 4667.57 207.566 149.662 637.843 120.264 103.783 28251.3 17471.2 17435.6 6508.05 284.179 234.292 6223.87 71.2674 10780.1 2142.92
internal_count=44826 15000 10728 329 263 84 43 10399 8993 2302 384 1918 1895 6691 4272 466 336 1429 270 233 29826 18638 18564 4342 236 133 4106 40 11188 1217
is_linear=0
shrinkage=0.03


Tree=106
num_leaves=31
num_cat=0
split_feature=18 7 21 4 23 3 24 4 24 5 9 23 3 35 21 18 4 9 43 15 24 42 24 4 24 9 41 8 5 4
split_gain=22.0267 13.0865 9.9713 21.7 18.1677 13.4438 12.3446 10.5819 9.83855 10.5698 16.8047 26.3591 9.42937 8.84161 8.83393 8.52577 8.43224 8.68037 8.25137 8.24715 25.9241 26.1681 25.8155 27.3931 23.7421 15.8144 15.2486 15.1265 24.4777 16.1699
threshold=-0.90882288159716118 32.082250000000009 0.5255405488178263 1.0000000180025095e-35 -0.9159756150367534 6.9705000000000004 0.59608197715088396 29.723050000000004 -0.77786766366919291 31.949750000000005 8.119550000000002 -0.78656609248549325 8.0165000000000024 0.013617110702740208 -2.5064839835358836 -1.8273919132911478 12.855250000000002 8.2476500000000019 -0.032118441314856937 18.442301141968951 0.30675521904633613 0.32154035451993701 0.13930990466364487 22.068550000000005 0.35544221683359195 8.1490000000000027 9.3584000000000014 10.358800000000002 31.587650000000004 21.654050000000005
decision_type=2 10 2 10 2 2 2 8 2 10 10 2 2 2 2 2 10 8 2 2 2 2 2 10 2 10 2 10 8 10
left_child=1 8 3 4 -2 -6 7 -4 -1 16 11 -11 -8 -7 -3 -13 17 -10 -5 20 -18 25 26 -24 -23 -22 -21 28 29 -28
right_child=2 14 6 18 5 13 12 -9 9 10 -12 15 -14 -15 -16 -17 19 -19 -20 22 21 24 23 -25 -26 -27 27 -29 -30 -31
leaf_value=0.0032200481104610462 -0.01432715137617575 0.0087907798180356222 -0.00071718821092862722 0.01273886234154358 0.048512145738131791 0.024455953664045474 -0.0035513607790725113 -0.011131300057146677 -0.0011331323034662274 -0.047709963418526499 0.0020604949318627623 -0.019677257791273925 -0.014871950041057229 -0.0066737636277426791 0.0024473202275473015 0.0052799026932953694 0.0045176372552502226 -0.021477271771133306 -0.00023449753065901715 -0.012335716616260182 0.0091337115742062391 -0.0018302205467107594 -0.0070137507977471166 -0.040526820722006147 -0.016920158212259086 -0.0006076828383882474 0.054019448672393708 -0.00067545168587290511 0.0029485688443176123 0.012633755927057863
leaf_weight=1153.195767134428 12.471796631813048 218.7018623650074 5705.8469590544701 43.205866903066635 14.698903173208235 24.498171955347061 1132.2609656453133 88.19341903924942 42.760445594787598 14.253481864929197 3245.339652121067 17.371431022882462 69.485724091529846 11.580954015254973 1984.797349691391 36.524547278881073 1187.4932078719139 32.961176812648773 23575.704425901175 93.53847473859787 175.9414167702198 224.93776068091393 211.12970012426376 23.607329338788986 160.35167098045349 983.93566998839378 12.917217940092085 4751.3090954124928 411.12386754155159 24.052750647068024
leaf_count=1221 19 269 8169 97 21 55 1492 198 24 32 1829 39 45 8 1930 82 884 23 22149 174 386 190 435 53 186 553 29 3713 461 45
internal_value=3.85768e-06 0.000945689 -0.000456859 -0.000162873 0.0172482 0.0251305 -0.0014519 -0.000877599 0.000578031 0.000316242 0.00174927 -0.0128868 -0.00421774 0.0145532 0.00308062 -0.00297605 -0.000253514 -0.0101533 -0.000210227 -0.000161545 0.00118638 -0.00137502 -0.000828001 -0.0105418 -0.00813797 0.000876581 -0.000395295 -0.000178153 0.00508465 0.0281357
internal_weight=45684.2 15006.2 30677.9 23682.2 63.2498 50.778 6995.79 5794.04 12802.7 11649.5 3313.49 68.1495 1201.75 36.0791 2203.5 53.896 8336.06 75.7216 23618.9 8260.34 2732.66 1545.17 5527.68 234.737 385.289 1159.88 5292.94 5199.4 448.094 36.97
internal_count=44811 12558 32253 22349 103 84 9904 8367 10359 9138 1982 153 1537 63 2199 121 7156 47 22246 7109 2199 1315 4910 488 376 939 4422 4248 535 74
is_linear=0
shrinkage=0.03


Tree=107
num_leaves=31
num_cat=0
split_feature=18 22 3 24 30 36 24 47 24 15 25 9 22 41 43 25 18 47 3 33 9 49 30 19 42 24 9 4 24 25
split_gain=21.1879 13.1609 10.5413 17.1129 15.4455 10.2437 9.21243 11.8645 20.9697 19.2505 16.2045 18.0847 28.2253 19.5083 14.2688 13.7663 8.91802 8.91387 11.0139 8.39579 15.0535 8.18471 8.77044 7.74529 8.6386 26.6106 28.7407 22.1883 9.21995 8.66623
threshold=-1.2277245775577545 0.25881904510252091 6.2885000000000009 0.27383534524298775 15.015428512397216 9.0387000000000004 -0.73282214301478099 11.243100000000002 0.13930990466364487 21.135356393912243 -0.98801846520836312 9.1106000000000034 -0.70710678118654735 9.8060500000000008 0.048462583076619312 -0.9575230291762723 -1.4031762706270621 7.1629000000000014 8.0165000000000024 0.34970457627355567 9.2342500000000012 31.911650000000005 19.881481818182305 0.62402876243072847 0.31016264851770686 0.35544221683359195 8.7554500000000015 17.856350000000003 0.41886391893847991 -0.89787881968372518
decision_type=2 2 2 2 2 2 2 2 2 2 2 10 2 2 2 2 2 2 2 2 10 2 2 2 2 2 10 10 2 2
left_child=1 6 3 19 -5 -3 -1 10 9 -9 11 12 -8 -13 -15 -12 -10 18 -4 -2 -21 22 -11 -19 29 -26 27 28 -27 -25
right_child=2 5 17 4 -6 -7 7 8 16 21 15 13 -14 14 -16 -17 -18 23 -20 20 -22 -23 -24 24 25 26 -28 -29 -30 -31
leaf_value=0.0040299592279429289 -0.00061090626499213623 0.0015409535371797315 -0.0016623320510527257 -0.0031267192004511449 -0.023922795179619583 0.0047133094692384967 -0.011571435606574141 0.013103389908291942 -0.025028971185738772 -0.0082405668739613299 0.0056610048249619155 -0.024090449970609461 0.031374773419837042 -0.016275240625258491 -0.0014373108378667224 0.00018160725581739477 -0.0062489455190951441 -0.00086801833036174243 -0.014436781097894671 0.016392948219988292 -0.0053438427705023248 0.0023970628665575416 -0.0012399341459047603 0.0033816608908714429 -0.0001193196073050823 0.0024323652429517248 -0.045575237784708726 -0.024687098906659308 -0.011082650713226692 0.0005804304916262736
leaf_weight=464.12900322675705 7594.878727465868 3833.7412003576756 228.05570983886719 2304.1644277274609 31.624912887811661 1203.5283749699593 22.271065413951874 70.376566708087921 51.22345045208931 320.70334196090698 689.06676390767097 37.415389895439148 33.406598120927811 61.022719234228134 985.2719339132309 1026.6961155831814 41.869602978229523 6434.1107980906963 81.957520723342896 68.594881474971771 48.105501294136047 186.18610686063766 323.37586981058121 1094.4001544415951 7354.3512209951878 125.60880893468857 17.816852331161499 49.887186527252197 69.931145399808884 10744.452798306942
leaf_count=448 8078 3039 128 2377 65 1010 50 158 115 324 392 21 72 35 553 745 94 8328 46 154 27 112 228 1137 7562 123 10 67 94 9137
internal_value=-1.4803e-05 0.00125839 -0.000343253 -0.00116934 -0.0034184 0.00229969 4.19751e-05 -0.000439849 -0.00326141 -0.00185135 0.000542993 -0.00222928 0.0142952 -0.00309065 -0.00231741 0.0023842 -0.0167386 -2.64321e-05 -0.00507505 -0.000487764 0.00746347 -0.00313321 -0.0047331 3.42136e-05 0.000332605 -0.000455415 -0.00980906 -0.0070382 -0.00243282 0.000839644
internal_weight=45598.2 9350.28 36247.9 10047.4 2335.79 5037.27 4313.01 3848.89 993.735 900.642 2855.15 1139.39 55.6777 1083.71 1046.29 1715.76 93.0931 26200.6 310.013 7711.58 116.7 830.265 644.079 25890.6 19456.4 7617.6 263.244 245.427 195.54 11838.9
internal_count=44729 7396 37333 10701 2442 4049 3347 2899 1031 822 1868 731 122 609 588 1137 209 26632 174 8259 181 664 552 26458 18130 7856 294 284 217 10274
is_linear=0
shrinkage=0.03


Tree=108
num_leaves=31
num_cat=0
split_feature=24 4 24 4 42 21 8 20 5 3 36 46 21 24 32 24 8 41 4 42 30 24 24 9 24 42 27 8 3 34
split_gain=18.1002 40.3058 38.9015 28.2912 25.133 18.0101 15.3061 15.9995 12.8801 12.4507 12.3325 14.4187 12.2233 57.9774 18.3011 17.7375 15.6815 16.62 15.3694 12.937 12.2628 11.9673 30.7195 20.1023 25.5356 25.359 17.9167 15.0409 33.403 18.858
threshold=0.30675521904633613 17.744450000000004 0.35544221683359195 20.492750000000004 0.3778924904833314 3.4170773775016516 9.0247500000000027 27.107105165274351 32.00735000000001 6.1545000000000014 0.23574917355367389 0.0049772404753298622 1.7503291593095212 0.13930990466364487 21.309116666666672 0.29033824002281988 9.4349500000000024 10.097200000000003 19.892850000000003 0.55782097127696384 13.698437190083505 0.43442111757849838 0.48030317736429479 8.2920500000000015 0.3873823162447298 0.3023243742069443 14.587400000000001 8.6573500000000028 7.2635000000000014 9.9052282369146418
decision_type=2 8 2 10 2 2 10 2 10 2 2 2 2 2 2 2 10 2 10 2 2 2 2 10 2 2 2 10 2 2
left_child=6 5 3 -3 -4 9 7 -1 -5 -2 -8 -12 15 16 -15 19 -14 -18 20 -13 -17 23 27 25 -25 -11 -24 -23 -29 -30
right_child=1 2 4 8 -6 -7 10 -9 -10 21 11 12 13 14 -16 18 17 -19 -20 -21 -22 22 26 24 -26 -27 -28 28 29 -31
leaf_value=0.0030914439351959499 -0.0029117465886941266 -0.00030794101048834272 -0.014255047734207443 -0.015605516658108266 -0.043173558327378916 -0.017235180674021244 -0.0011022393918937536 0.022064028828745908 -0.054124654819896256 0.035252722251542898 0.0099686934622076739 0.00036524019250308473 -0.011783531718220544 -0.010588908245034351 -0.035737905193204314 0.049395259411255568 0.0089013865682986033 -0.0007985951400595663 -0.010114408904928134 0.0024181663316816451 0.0096450642315990386 0.0015550042148458044 -0.00036894759496036928 -0.0030447833035845296 0.0059094886822940408 0.0053493032699593818 0.0048740272749963186 -0.0044270573054613219 -0.012138958986392749 -0.034610329359128174
leaf_weight=1114.8895346224308 1629.3511456847191 373.2630563378334 186.18610686063766 30.288648962974548 31.179491579532623 57.013927459716797 5027.470306545496 40.53333905339241 10.24469009041786 35.188283354043961 143.42566126585007 21538.347361832857 106.01027137041092 53.450556993484497 52.114293068647385 15.144324481487276 171.93262499570847 1968.7621825933456 10.24469009041786 3168.2817657887936 13.362639248371122 159.90624967217445 7528.0655312240124 577.71143683791161 567.02132543921471 88.19341903924942 635.17078560590744 396.42496436834335 84.184627264738083 57.013927459716797
leaf_count=832 1681 373 220 68 70 125 7840 85 23 79 298 20917 238 102 117 31 353 1720 23 2124 21 206 5228 325 319 198 910 293 48 35
internal_value=2.06967e-05 -0.000955828 -0.00833614 -0.00292226 -0.0185819 -0.000560905 0.000384352 0.00377552 -0.0264099 -0.000478595 0.000262813 0.000514771 0.000464367 -0.00160178 -0.0232231 0.000660829 -0.000575993 -1.57363e-05 0.0206846 0.000628587 0.0317207 -8.69449e-05 -0.000477136 0.00263768 0.00139183 0.0140926 3.95485e-05 -0.00651532 -0.00891412 -0.0213922
internal_weight=45870.4 12446.4 631.162 413.796 217.366 11815.2 33424 1155.42 40.5333 11758.2 32268.5 27241.1 27097.7 2352.27 105.565 24745.4 2246.71 2140.69 38.7517 24706.6 28.507 10128.9 8860.77 1268.11 1144.73 123.382 8163.24 697.53 537.624 141.199
internal_count=44902 10201 754 464 290 9447 34701 917 91 9322 33784 25944 25646 2530 219 23116 2311 2073 75 23041 52 7641 6720 921 644 277 6138 582 376 83
is_linear=0
shrinkage=0.03


Tree=109
num_leaves=31
num_cat=0
split_feature=24 42 24 8 27 24 42 4 47 24 3 45 21 47 21 22 22 11 24 21 27 46 7 5 18 22 45 24 5 45
split_gain=19.2017 34.0494 21.4074 31.3141 21.0965 20.1643 33.2498 20.8574 19.5156 18.4225 42.1878 16.743 17.3014 15.9757 14.8912 14.6235 20.6228 14.4826 13.9586 13.8083 12.2802 11.5596 11.1326 10.9647 10.9592 13.5964 10.6636 12.8032 18.8348 10.2037
threshold=0.30675521904633613 0.31441150459491679 0.43442111757849838 8.6573500000000028 14.612210520841179 0.35544221683359195 0.37982274003152999 20.492750000000004 8.9294000000000029 0.48030317736429479 7.2635000000000014 -0.013171215491269973 0.86422784876024228 8.6433500000000016 -5.3259909715279434 -0.5 0.37940952255126054 16.258800000000004 0.3873823162447298 -2.6541244522099263 17.913850000000004 0.0039502626477785014 31.889650000000007 31.851250000000004 -2.6696350990098998 -0.5 -0.42962272640637905 0.46514529268026444 31.794950000000004 -0.61196350030139757
decision_type=2 2 2 8 2 2 2 10 2 2 2 2 2 2 2 2 2 2 2 2 2 2 10 8 2 2 2 2 8 2
left_child=11 2 8 4 21 7 20 13 18 10 -5 12 -1 -3 -13 -9 -17 -6 23 -10 -7 -4 -23 -2 -14 -26 -12 28 -28 -27
right_child=1 5 3 9 17 6 -8 15 19 -11 26 14 24 -15 -16 16 -18 -19 -20 -21 -22 22 -24 -25 25 29 27 -29 -30 -31
leaf_value=0.0023360746018817914 0.0029222173137269289 -0.0084114190520513839 -0.0030444907532632538 -0.0042043384173027403 0.0072844025329313515 -0.0056634578115566164 -0.041041850694837019 0.0021688455423494431 0.03574857224524923 -0.0023010998093476441 -0.0041425205217203017 0.014058140472046151 -0.016976830346408546 0.0021420030846786278 -1.8143840617413215e-05 -0.053466652738497995 0.00093812931042837496 -0.008289350653678855 0.0055400931541991997 0.0079367189895264683 -0.017046500336037232 -0.0014101427762302624 0.0010447047858512747 -0.0074173768793869008 -0.0051062337369310509 0.012457209886278955 -0.048286227524353194 -0.013907587457902756 -0.018142966576204452 0.00034423617392433049
leaf_weight=5774.8872618377209 193.7582691013813 185.29526424407959 1417.3306029438972 453.43889182806015 478.38248509168625 337.62935167551041 29.397806346416473 13.80806055665016 26.279857188463211 1065.0023480951786 24.943593263626099 66.813196241855621 40.087917745113373 419.5868723988533 26335.534851998091 17.816852331161503 9.3538474738597852 59.686455309391022 554.99495011568069 40.978760361671448 114.02785491943359 3030.2011602222919 3681.4071129262447 174.60515284538269 452.54804921150208 69.931145399808884 38.306232511997223 52.559714376926422 39.197075128555298 532.72388470172882
leaf_count=4880 117 104 839 379 906 410 66 31 59 1263 14 105 66 402 28348 40 21 110 322 92 154 2435 2280 98 527 139 26 31 22 560
internal_value=-1.4843e-05 -0.00101943 -0.000524571 -0.000928276 -0.000202645 -0.00599031 -0.0106341 -0.00252041 0.00368615 -0.00468405 -0.00884446 0.000361316 0.00168046 -0.0010994 1.80084e-05 -0.0229698 -0.0353687 0.00554468 0.00253891 0.0191681 -0.00856859 -0.000583706 -6.36709e-05 -0.00198559 -0.0017752 -0.00118215 -0.0223042 -0.0257291 -0.0334667 0.00176811
internal_weight=45730.5 12458 11331.1 10340.5 8667.01 1126.92 481.055 645.861 990.617 1673.45 608.446 33272.5 6870.18 604.882 26402.3 40.9788 27.1707 538.069 923.358 67.2586 451.657 8128.94 6711.61 368.363 1095.29 1055.2 155.007 130.063 77.5033 602.655
internal_count=44846 10221 8993 8305 6570 1228 630 598 688 1735 472 34625 6172 506 28453 92 61 1016 537 151 564 5554 4715 215 1292 1226 93 79 48 699
is_linear=0
shrinkage=0.03


Tree=110
num_leaves=31
num_cat=0
split_feature=18 33 33 9 15 8 18 33 3 15 18 7 42 19 42 3 9 30 23 6 45 49 23 12 34 47 9 5 41 46
split_gain=17.4436 17.3462 10.9405 31.2318 14.8724 13.5548 9.41343 9.3327 19.6522 9.07316 8.69923 8.33895 8.3185 8.26975 9.28534 7.6191 15.4417 11.6843 15.6784 16.0964 9.54309 7.95372 8.1361 11.5383 18.0295 19.5325 11.2044 11.4753 13.5927 9.57317
threshold=-0.51142843752552103 0.015646852719161986 0.64304433491530533 7.1201500000000015 19.161908250825086 8.554800000000002 -1.8273919132911478 1.0074146081264985 6.7235000000000005 8.844566894689482 -0.69843472607260615 31.69275 0.2804975583496751 5.3802240759075914 0.36510362594686047 6.7445000000000013 8.2920500000000015 11.454130578512411 -0.12940952255126037 8.9410500000000024 -0.33485212077438731 32.056150000000009 -0.12940952255126037 13.193678099174209 19.485350000000007 11.038877685950453 11.347450000000002 31.956850000000006 11.323600000000001 0.029033145283048005
decision_type=2 2 2 10 2 8 2 2 2 2 2 8 2 2 2 2 10 2 2 10 2 2 2 2 2 2 10 10 2 2
left_child=1 6 9 4 5 -4 -1 -2 -9 -3 13 -7 -13 -5 -15 16 20 18 -18 -20 -11 22 23 -17 25 -25 27 -27 -29 -24
right_child=7 2 3 10 -6 11 -8 8 -10 15 -12 12 -14 14 -16 21 17 -19 19 -21 -22 -23 29 24 -26 26 -28 28 -30 -31
leaf_value=0.0050936944422539541 -0.00064872059290827411 -0.014757412913989762 -0.013912009326772987 -0.0034326030602198888 -0.0053721332522863301 0.0024368187578090567 0.001416007256331052 0.036750180202812052 -0.0047963256922158243 0.0057521939246674165 -0.020365661825394218 0.05155329874016977 0.021297691883270579 -0.02406641229322061 -0.005734265840206902 0.0012692631441346735 -0.00054533393572287164 -0.00097222865436801019 -0.018575130237530494 -0.0051366358053893295 0.00019525676200505632 0.0043858513610583894 -0.0022051799696254774 -0.001451858088959366 0.00068091170851939417 -0.0093215454687957198 -0.0030091173884242996 -0.03708953837429238 -0.0069283711198356275 0.0016576916505183672
leaf_weight=688.1759212911129 20887.141409128904 35.633704662322998 8.9084261655807477 233.84618684649467 33.406598120927811 12.02637532353401 6901.3577504754066 17.371431022882462 22.716486722230911 419.14145109057426 46.323816061019897 12.02637532353401 30.288648962974548 43.205866903066635 58.795612692832947 2247.5959215760231 327.83008289337158 2922.4092036187649 119.37291061878204 244.09087693691254 823.13857769966125 478.38248509168625 649.42426747083664 1079.7012512683868 1651.1767897903919 270.81615543365479 208.45717227458954 31.179491579532623 24.052750647068024 5149.9611663222313
leaf_count=498 22563 20 20 132 75 27 6482 21 21 935 26 27 68 25 33 1860 184 1650 67 137 1731 291 450 606 1577 518 117 34 18 4566
internal_value=1.6896e-05 0.00055596 2.77773e-05 -0.00443844 0.0107211 0.0191724 0.00175011 -0.000620653 0.0136634 0.000156228 -0.00829048 0.0247495 0.0308883 -0.00656942 -0.0136577 0.000189036 -0.000810951 -0.00180276 -0.00530729 -0.00958911 0.00207327 0.000600912 0.000440479 -0.000384677 -0.00152314 -0.0037767 -0.0084614 -0.0119274 -0.0243116 0.00122482
internal_weight=45678 24750.7 17161.2 478.828 96.6564 63.2498 7589.53 20927.2 40.0879 16682.4 382.171 54.3414 42.315 335.848 102.001 16646.7 4855.98 3613.7 691.294 363.464 1242.28 11790.7 11312.4 5512.98 3265.38 1614.21 534.506 326.048 55.2322 5799.39
internal_count=44779 22174 15194 433 217 142 6980 22605 42 14761 216 122 95 190 58 14741 4704 2038 388 204 2666 10037 9746 4730 2870 1293 687 570 52 5016
is_linear=0
shrinkage=0.03


Tree=111
num_leaves=31
num_cat=0
split_feature=18 33 24 7 47 24 4 21 24 4 25 46 11 33 25 18 49 34 21 4 22 46 25 46 47 30 7 43 49 22
split_gain=15.9361 22.5641 11.8534 11.5251 17.5246 34.6477 20.7438 15.4919 10.8899 19.9733 25.4526 13.541 11.4422 10.3701 15.0254 9.68515 9.39792 9.2846 8.80828 9.6498 8.62461 9.33859 8.70729 17.3515 10.6858 8.72417 8.63162 9.20172 8.23938 8.95094
threshold=-0.77339302708437418 0.64304433491530533 -0.78856175031405207 31.918050000000004 13.885650000000002 0.13930990466364487 21.279750000000003 1.9012448047714436 -0.64578423485557612 24.611450000000001 -0.97111920233974802 0.23273842726593322 29.498450000000002 1.0074146081264985 -0.9575230291762723 -1.5601711881188114 30.730200000000004 15.757922314050022 -5.3259909715279434 29.723050000000004 0.25881904510252091 0.10066060892367683 -0.98801846520836312 0.22824123353928102 10.849700000000002 12.984551652893227 31.869350000000001 0.046546007184305148 31.702450000000002 -0.37940952255126065
decision_type=2 2 2 10 2 2 10 2 2 10 2 2 2 2 2 2 2 2 2 8 2 2 2 2 2 2 10 2 2 2
left_child=1 2 -1 4 20 6 -6 28 12 15 -11 -12 16 18 -15 17 -8 -10 -2 -20 21 26 23 25 -24 -23 -4 -28 -7 -30
right_child=13 -3 3 -5 5 7 8 -9 9 10 11 -13 -14 14 -16 -17 -18 -19 19 -21 -22 22 24 -25 -26 -27 27 -29 29 -31
leaf_value=0.0032249302498461711 0.011125842993116556 -0.0065318137600643743 -0.00096004901550338919 0.0016168595985207525 0.038103119059477344 -0.020403379083895359 0.013417407539529261 -0.036430935616746013 -0.029989768703724322 -0.056481373672770757 -0.0033874161368427714 -0.017781842105378885 -0.010745123346501366 0.03498171000662257 0.0023481418022289623 0.0025810943265556535 -0.00033161456100732706 0.0017154355844922313 -0.00045751447339084026 -0.010931571768026145 0.0013874495262825057 -0.011833614742084747 0.0035785313146167036 -0.0097146422717936196 -0.00030612359233979998 0.0019590711186397171 -0.022210808082154754 -0.005182444889892595 0.019245150582388067 -0.010173565121833782
leaf_weight=1726.8984121978283 57.904770076274872 378.16269072890282 686.83965736627579 6218.0814635753632 10.690111398696898 52.559714376926422 92.202210813760757 30.734070271253586 16.035167098045349 9.3538474738597852 169.70551845431328 89.529682964086533 40.087917745113373 16.926009714603424 44.09670951962471 285.96047991514206 85.966312497854233 16.035167098045349 27638.837600022554 78.394150257110596 4091.6401378512383 44.987552136182785 935.83016869425774 220.92896890640259 1992.8149332404137 401.7700200676918 30.288648962974548 347.42862045764923 11.135532706975935 39.197075128555298
leaf_count=2161 88 321 609 5191 24 118 207 69 36 21 381 201 90 26 42 642 193 36 29015 164 2673 32 556 124 1264 239 20 231 25 88
internal_value=1.44295e-05 0.000709367 0.000864904 0.000608714 -3.75317e-05 -0.00390709 -0.00157757 -0.0180076 -0.00215123 -0.00427797 -0.0102854 -0.00840791 0.00355838 -0.000435576 0.0118179 0.000811878 0.00681868 -0.0145647 -0.000462921 -0.000487532 0.000382512 -0.000499797 0.00023101 -0.002858 0.000935991 0.00054685 -0.00296654 -0.00660297 -0.0122068 -0.00341688
internal_weight=45861 18024.9 17646.7 15919.8 9701.72 949.193 815.566 133.626 804.876 586.62 268.589 259.235 218.256 27836.2 61.0227 318.031 178.169 32.0703 27775.1 27717.2 8752.53 4660.89 3596.33 667.687 2928.65 446.758 1064.56 377.717 102.892 50.3326
internal_count=44887 15552 15231 13070 7879 2131 1831 300 1807 1317 603 582 490 29335 68 714 400 72 29267 29179 5748 3075 2215 395 1820 271 860 251 231 113
is_linear=0
shrinkage=0.03


Tree=112
num_leaves=31
num_cat=0
split_feature=24 4 22 42 24 42 24 9 41 24 8 24 23 6 48 20 9 34 24 5 22 24 42 33 24 3 9 27 33 30
split_gain=14.9743 34.0477 28.4896 18.2767 22.6555 34.5495 20.0505 24.15 22.6829 18.9771 15.9444 51.8377 53.5182 21.4976 22.9666 17.7122 15.9326 14.909 14.4258 14.002 13.4656 12.1076 11.7939 11.4157 11.1686 22.9481 16.6817 15.6941 11.8226 11.2063
threshold=0.30675521904633613 20.492750000000004 -0.5 0.31441150459491679 0.35544221683359195 0.37982274003152999 0.43442111757849838 8.2920500000000015 8.6097500000000018 0.53946920585801694 9.8388000000000009 0.24059136628141839 -0.60355339059327384 13.421200000000001 0.16398764037477576 27.107105165274351 8.6465500000000013 14.730253994490612 0.3873823162447298 31.741650000000003 0.25881904510252091 0.3714672281037254 0.50301457299957708 0.02013951340027911 0.48030317736429479 7.2535000000000007 8.6641000000000012 15.594150000000001 0.15027175383284755 9.011750000000001
decision_type=2 8 2 2 2 2 2 10 2 2 10 2 2 8 2 2 8 2 2 10 2 2 2 2 2 2 10 2 2 2
left_child=10 3 -3 6 16 -6 7 21 9 -8 13 22 -13 14 19 -15 -5 -14 -9 -1 -4 -2 -12 -11 25 -10 27 -27 -26 -28
right_child=1 2 20 4 5 -7 8 18 24 23 11 12 17 15 -16 -17 -18 -19 -20 -21 -22 -23 -24 -25 28 26 29 -29 -30 -31
leaf_value=0.044348504321141027 0.041436742467013225 0.0096044489403451349 -0.05197526042457027 -0.0081479283388993743 -0.0072803338026018434 -0.039546614164174147 0.0071838255042320463 -0.0024378968592763308 -0.0035768644454222598 0.00080950993594520093 -0.00020531397232317509 -0.041958434121968043 -0.0013001130389950204 0.00062576813115254625 0.0046116552439184116 0.020630301987995446 0.0026266072300051781 -0.033926437641975171 0.0052355680469623354 0.0044485780061795342 -0.017930147169266032 0.012913533056775825 0.0013121099565250069 -0.0014523305840408404 -0.00438330079326098 0.0051840698804142054 -0.013909512241469543 -0.019085402424036606 0.0017625549961377527 -0.036566328789863906
leaf_weight=20.489380180835724 16.926009714603424 16.926009714603424 21.825644105672836 176.38683807849884 432.05866903066635 31.179491579532623 302.88648962974548 360.34583839774132 485.95464733242989 3600.785856127739 21654.602323293686 50.778029143810272 103.78316482901573 4433.723702609539 1164.331299841404 39.197075128555298 405.77881184220314 13.362639248371122 565.23964020609856 12.917217940092085 22.271065413951874 60.131876617670059 5855.5085186362267 4538.3977100551128 759.4433306157589 45.432973444461823 39.197075128555298 48.996343910694122 446.75757220387459 42.760445594787598
leaf_count=43 38 38 43 99 547 70 455 203 419 2525 25987 108 233 2964 958 82 410 30 318 17 38 135 4230 3370 1021 27 22 35 376 24
internal_value=-1.82398e-05 -0.00090739 -0.0230795 -0.000796054 -0.00458933 -0.00953261 -0.000445161 0.00360276 -0.000839108 -0.000176945 0.000312914 1.59744e-05 -0.016552 0.00176199 0.00532981 0.000805644 -0.000646278 -0.0052774 0.00224875 0.0294982 -0.0355596 0.0196293 0.000117705 -0.000451713 -0.00382906 -0.00695651 -0.0161949 -0.00747662 -0.0021074 -0.0260287
internal_weight=45768.4 12419.7 61.0227 12358.7 1045.4 463.238 11313.3 1002.64 10310.6 8442.07 33348.7 27678 167.924 5670.66 1197.74 4472.92 582.166 117.146 925.585 33.4066 44.0967 77.0579 27510.1 8139.18 1868.54 662.341 176.387 94.4293 1206.2 81.9575
internal_count=44865 10213 119 10094 1126 617 8968 694 8274 6350 34652 30588 371 4064 1018 3046 509 263 521 60 81 173 30217 5895 1924 527 108 62 1397 46
is_linear=0
shrinkage=0.03


Tree=113
num_leaves=31
num_cat=0
split_feature=18 33 21 24 18 21 9 3 21 34 9 25 11 16 24 3 24 25 23 24 24 24 23 23 33 21 21 41 23 25
split_gain=15.3418 14.3698 11.6975 11.7918 10.5476 8.48632 8.07255 8.02463 8.26546 13.1962 7.81298 23.7656 34.6671 20.4764 35.7156 24.4153 19.4006 18.7739 31.0493 23.8886 15.5047 16.5467 14.8018 13.9344 13.7857 13.5269 11.8783 11.7701 12.7357 12.2361
threshold=-0.71296183484705 0.017867363170518579 -5.3259909715279434 -0.61913973745509387 -2.0442262277227718 -3.6470673344219589 8.6012000000000022 7.8425000000000002 2.5328062699740959 15.909346969697634 8.5879500000000011 -0.99052477729077237 20.813450000000007 15.6197 -0.25309334970420783 6.6705000000000014 0.24059136628141839 -0.97507822412530132 -0.12940952255126037 0.27383534524298775 0.27383534524298775 0.32308142426531927 0.1294095225512602 -0.60355339059327384 0.25887020686050383 0.93476925845567138 1.4435475929564465 8.6869000000000014 0.60355339059327384 -0.99938741687870725
decision_type=2 2 2 2 2 2 10 2 2 2 10 2 2 2 2 2 2 2 2 2 2 2 2 2 2 2 2 2 2 2
left_child=1 4 3 -2 -1 6 -6 10 -9 -10 11 12 -3 16 -15 26 -13 25 -19 -20 -18 22 -22 -14 27 -17 -16 28 -12 -29
right_child=2 7 -4 -5 5 -7 -8 8 9 -11 24 13 23 14 15 17 20 18 19 -21 21 -23 -24 -25 -26 -27 -28 29 -30 -31
leaf_value=0.0060726072188031681 0.02100780891612386 0.041191269874812975 -0.00053042132070609069 -0.0034213275224301157 0.0058464857296338579 0.0015835957105591399 -0.017931356832405886 0.0015253341913237782 -0.032237566147331115 0.0011945152948002018 -0.0023316637817077891 0.027807813936772705 0.014393200943239077 0.0017338061080071508 0.0068279458838451188 0.0025505603218561258 -0.014988148253065612 -0.031946634319279181 -0.024779023335291174 0.0063358827315213835 0.034625632724323799 0.0018363095078029346 0.0043670867753435776 0.0015127441606203251 -0.0039999219467480567 -0.016006278738332273 -0.013374667091587763 -0.0055404197101588488 -0.023487738666726675 0.00017458378332496925
leaf_weight=485.50922602415085 44.09670951962471 25.389014571905136 26316.381735742092 28.952385038137436 18.707694947719574 5429.6857479214668 37.415389895439148 3272.5103519260883 16.035167098045349 28.061542421579361 71.267409324645996 25.834435880184174 108.68279922008514 584.83817777037621 97.10184520483017 80.175835490226746 45.432973444461823 95.32015997171402 38.306232511997223 50.332607835531235 25.834435880184174 1050.3034449219704 32.515755504369736 244.09087693691254 1065.8931907117367 61.913561850786209 34.742862045764923 356.33704662322998 39.197075128555298 5974.4360079467297
leaf_count=328 84 57 27804 17 24 5086 21 2481 36 42 40 58 244 1313 215 180 96 202 86 80 58 1284 49 548 599 139 78 200 22 3369
internal_value=-2.61462e-05 0.000614391 -0.000496937 0.0114101 0.00183861 0.00146285 -0.0100418 6.97539e-05 0.00134999 -0.0114079 -0.000350408 0.00106636 0.00800829 -0.000117817 -0.00317926 -0.00944451 0.00258807 -0.0138383 -0.0201441 -0.00723718 0.00199994 0.00270899 0.0181217 0.00551043 -0.000841316 -0.00559069 0.00144368 -0.000318092 -0.00998203 -0.000147918
internal_weight=45785.3 19395.9 26389.4 73.0491 5971.32 5485.81 56.1231 13424.6 3316.61 44.0967 10107.9 2600.82 378.163 2222.65 1042.73 457.893 1179.92 326.048 183.959 88.6388 1154.09 1108.65 58.3502 352.774 7507.13 142.089 131.845 6441.24 110.464 6330.77
internal_count=44840 16935 27905 101 5459 5131 45 11476 2559 78 8917 4687 849 3838 2293 980 1545 687 368 166 1487 1391 107 792 4230 319 293 3631 62 3569
is_linear=0
shrinkage=0.03


Tree=114
num_leaves=31
num_cat=0
split_feature=3 48 24 47 5 24 47 21 25 24 4 3 5 22 35 16 33 33 14 43 3 4 9 3 25 37 21 5 23 15
split_gain=14.6734 13.8534 12.625 12.8294 12.3251 12.0249 26.2389 23.6636 18.3551 19.5388 27.7777 23.4889 18.9346 16.4474 13.6821 13.6091 14.3421 11.9082 11.4399 10.8179 10.7442 10.6032 10.1577 10.5459 10.0475 14.1466 13.4521 12.1766 9.83387 9.60678
threshold=6.2885000000000009 0.32395840255166464 0.27383534524298775 14.916150000000002 31.964150000000004 -0.72696319516528884 13.885650000000002 -1.9433295131784349 -0.99983123799342477 -0.25309334970420783 23.620650000000001 6.8275000000000015 30.927900000000005 0.91597561503675362 1.0000000180025095e-35 15.045247107438241 0.3710318045666714 0.32889374575993252 3.3675000000000002 0.53660771852261235 8.3445000000000018 27.260350000000006 7.1201500000000015 7.9095000000000004 -0.98932651372861458 0.22132018656408914 1.5774463697828953 31.737550000000002 -0.3794095225512602 21.703339772277232
decision_type=2 2 2 2 8 2 2 2 2 2 10 2 10 2 2 2 2 2 2 2 2 10 8 2 2 2 2 10 2 2
left_child=2 5 -1 -4 -3 14 22 15 29 12 17 -12 13 -10 28 -8 -17 20 -14 -19 24 -15 23 -7 -11 -26 27 -27 -2 -9
right_child=1 4 3 -5 -6 6 7 8 9 10 11 -13 18 21 -16 16 -18 19 -20 -21 -22 -23 -24 -25 25 26 -28 -29 -30 -31
leaf_value=-0.00040384183638899598 0.0067291696389349025 0.00086550085896333292 -0.0026739795607655745 -0.02274061241484009 0.0040424088908178162 -0.0026386427974230734 -0.025506523787474693 0.0419445225729713 -0.0044563384183579045 -0.00027252449254108827 0.0014411171099768059 -0.032321287794828991 -0.0019776755572355883 -0.0036174706925678505 0.0011208491389367011 0.0040536212228632846 0.036711983185013904 0.013806018115514684 0.0052913984980217429 -0.015133808993077669 -0.027575031533979069 -0.023697680289843762 0.00015378456089719925 -0.020969598889915869 -0.0039144088290846164 -0.017273307077888999 -0.028412828987911289 0.0023171604077932262 0.039532630476221339 0.0044950557290512286
leaf_weight=7842.5329748690128 21.380222797393799 4625.7002864778042 2280.1116770803928 28.061542421579361 1440.9379322826862 96.211002588272095 12.471796631813048 10.244690090417864 485.95464733242989 155.45203658938408 24.943593263626099 70.376566708087921 755.43453884124756 35.188283354043961 6105.8352938890457 335.84766644239426 11.580954015254973 44.542130827903748 261.462307959795 14.698903173208235 22.271065413951874 73.939937174320221 20604.298878371716 39.197075128555298 201.33043134212494 76.167043715715408 51.22345045208931 44.987552136182785 12.917217940092085 14.253481864929197
leaf_count=8505 48 2618 2350 63 814 54 10 23 1091 349 56 158 1696 79 9139 754 26 100 587 33 50 166 15193 22 452 171 115 101 29 32
internal_value=2.82783e-05 0.000314819 -0.000977971 -0.00292768 0.00162062 4.69833e-05 -0.000262581 -0.00304252 -0.0041429 -0.00441962 -0.00857852 -0.023563 -0.00259398 -0.0068394 0.0012287 0.00411112 0.00524447 -0.00620488 -0.000105305 0.00649344 -0.00757836 -0.0173145 9.97726e-05 -0.0080598 -0.00668633 -0.00934644 -0.0156317 -0.0100395 0.0198537 0.0211866
internal_weight=45799.6 35648.8 10150.7 2308.17 6066.64 29582.2 23442.1 2702.37 2342.47 2317.97 705.993 95.3202 1611.98 595.083 6140.13 359.9 347.429 610.673 1016.9 59.241 551.432 109.128 20739.7 135.408 529.161 373.708 172.378 121.155 34.2974 24.4982
internal_count=44884 33966 10918 2413 3432 30534 21318 6049 5259 5204 1585 214 3619 1336 9216 790 780 1371 2283 133 1238 245 15269 76 1188 839 387 272 77 55
is_linear=0
shrinkage=0.03


Tree=115
num_leaves=31
num_cat=0
split_feature=18 49 25 22 34 47 4 21 47 18 43 25 45 12 47 4 25 47 4 6 49 15 18 21 49 7 24 16 41 34
split_gain=18.4749 11.6433 12.3025 12.1859 9.601 12.6787 11.1404 10.8327 15.0251 17.5573 9.54919 9.3056 9.07299 12.7298 8.96356 8.27796 8.35014 30.6149 34.0282 18.1812 14.056 13.384 10.8319 9.25692 8.2561 17.1049 10.487 16.117 9.34096 8.52851
threshold=-1.3240509075907594 31.936250000000005 -0.67801649466304881 0.12940952255126045 9.0935166666666678 8.6797500000000021 15.650100000000002 -0.86328359141202415 11.855950000000002 -2.6696350990098998 -0.032118441314856937 -0.99907307217758434 -0.44034101191274116 8.2489500000000024 11.517068595041559 29.723050000000004 -0.99052477729077237 10.390050000000002 19.43355 12.952150000000001 31.483350000000005 17.87551900106379 -0.77339302708437418 -2.6937830870683439 31.914150000000003 31.927850000000003 0.33931202449298198 13.869716942148782 12.566600000000003 13.674363223140501
decision_type=2 2 2 2 2 2 10 2 2 2 2 2 2 2 2 10 2 2 10 10 2 2 2 2 2 8 2 2 2 2
left_child=1 2 4 -3 5 -1 -6 24 9 14 -2 -10 -5 -14 -9 16 17 19 -19 21 -20 -12 -18 -23 26 29 28 -28 -8 -26
right_child=10 3 -4 12 6 -7 7 8 11 -11 15 -13 13 -15 -16 -17 22 18 20 -21 -22 23 -24 -25 25 -27 27 -29 -30 -31
leaf_value=-0.01555125867594135 0.010882651413082292 0.00059281085022306202 0.0036198655600736926 0.0080126565260888565 0.015942676244185348 0.0048983491429868339 0.0044568172332262405 -0.024346564514428907 0.010046027102928618 0.00068982352581283598 -0.021520126662948301 -0.0075172339293839967 -0.066853902417528296 0.0032714285274086292 -0.0014188773925691612 -0.010055986066077554 0.00082065668247894446 0.04393918690746778 0.017963102018527913 0.0015310004794645683 -1.4743266976903696e-05 -0.016808091355198004 -0.00040591775786440079 -0.0057540498703805062 -0.020915072402806472 0.0046987423559263237 0.0011277403589736101 -0.014236332773579472 8.357102432291482e-05 -0.0036185385109841393
leaf_weight=78.394150257110596 68.594881474971771 1220.8998059928417 927.81258514523506 480.1641703248024 38.306232511997223 40.978760361671448 1054.7576580047607 38.306232511997223 28.061542421579361 1152.750345826149 62.358983159065247 445.42130827903748 1.3362639248371113 1212.882222443819 25.389014571905136 76.167043715715408 8515.1191503703594 15.58974578976631 39.642496436834335 219.14728367328644 1059.2118710875511 76.612465023994446 27098.096131771803 588.84696954488754 55.232242226600647 92.647632122039795 204.00295919179916 86.857155114412308 753.20743229985237 48.105501294136047
leaf_count=50 154 743 808 316 62 53 784 44 63 932 38 640 3 713 18 171 8071 26 89 123 1310 43 28317 347 31 52 179 93 530 27
internal_value=5.71027e-05 0.00136819 0.000499356 0.00287856 -0.000200276 -0.00854887 4.95088e-05 -0.000107238 -0.00192937 -0.000163071 -0.00021976 -0.00645735 0.00452426 0.0031393 -0.0153708 -0.000240221 -0.00022011 -0.00207602 0.00129399 -0.00603922 0.000649572 -0.0083176 -0.000112629 -0.00704998 0.00123486 -0.00463875 0.00178528 -0.00349336 0.00263595 -0.0129751
internal_weight=45804.9 7985.51 5070.23 2915.28 4142.42 119.373 4023.05 3984.74 1689.93 1216.45 37819.4 473.483 1694.38 1214.22 63.6952 37750.8 37674.6 2061.41 1114.44 946.966 1098.85 727.818 35613.2 665.459 2294.81 195.985 2098.83 290.86 1807.97 103.338
internal_count=44830 6141 4366 1775 3558 103 3455 3393 1697 994 38689 703 1032 716 62 38535 38364 1976 1425 551 1399 428 36388 390 1696 110 1586 272 1314 58
is_linear=0
shrinkage=0.03


Tree=116
num_leaves=31
num_cat=0
split_feature=3 33 9 15 18 5 24 47 5 11 25 25 15 22 22 24 32 5 3 33 42 46 23 24 3 27 42 24 45 4
split_gain=13.9574 11.4452 33.2596 15.5118 13.4525 13.4145 13.29 28.7432 16.7846 26.2113 14.5835 12.6004 16.5606 12.1015 11.5479 11.3865 26.4202 19.6622 16.3023 15.1029 13.8268 12.7444 11.4042 28.9374 13.6159 10.4395 9.42361 9.16387 8.86154 8.72148
threshold=6.2885000000000009 0.64304433491530533 7.1201500000000015 19.003518082153708 -0.28354141428685503 32.039550000000006 -0.72696319516528884 12.695087603305796 31.903250000000003 20.724900000000002 -0.99273797715557011 -0.79904327102181261 15.446816224422443 0.78656609248549325 0.37940952255126054 -0.25309334970420783 23.265383333333336 30.958950000000005 6.9715000000000016 0.13712943034506425 0.31016264851770686 0.2433360547394908 -0.70710678118654757 0.22386011952790016 7.5025000000000004 21.696900000000003 0.48752066751259276 0.27383534524298775 -0.42962272640637905 29.493550000000003
decision_type=2 2 10 2 2 10 2 2 10 2 2 2 2 2 2 2 2 10 2 2 2 2 2 2 2 2 2 2 2 10
left_child=27 4 3 11 5 6 29 14 10 -10 25 12 -3 -11 -8 17 20 21 -18 -19 -17 -12 23 -22 -25 -9 -24 -1 -16 -2
right_child=1 2 -4 -5 -6 -7 7 8 9 13 15 -13 -14 -15 28 16 18 19 -20 -21 22 -23 26 24 -26 -27 -28 -29 -30 -31
leaf_value=-0.00048765197080478755 0.0019801791288409439 0.059297666694250586 -0.0079903876751317941 -0.0050309998479326412 -0.00064561985656754134 0.0034051110455726986 -6.0426127693014088e-05 0.020648794043224287 0.0099526241851546158 -0.041220661969011509 -0.0020235745804391132 -0.0078086846611183387 0.017250080858286835 -0.0048621497108661963 0.0045775994022176419 0.0050630709600774778 -0.0065439019449564954 0.0019251849054117177 -0.033175784129371284 0.024820437387641534 -0.0020538222447593828 -0.0098411742035381493 -0.002947539141672572 -0.04222435894906152 -0.003809794348947754 0.0019207537695965986 -0.02989217000319697 -0.0026393425583815934 0.0011538899031998239 -0.0085789774768579418
leaf_weight=7838.0787617862225 5313.430786460638 10.24469009041786 401.7700200676918 32.070334196090698 9074.5683135688305 1546.0573610365391 10064.294460564852 29.397806346416473 19.598537564277649 30.288648962974548 617.79935458302498 11.135532706975935 40.087917745113373 11.580954015254973 767.46091416478157 112.24616968631744 36.079125970602036 404.88796922564507 49.44176521897316 26.725278496742249 65.031511008739471 269.03447020053864 327.38466158509254 34.297440737485886 11.135532706975935 228.05570983886719 11.135532706975935 2304.6098490357399 5951.2740999162197 70.376566708087921
leaf_count=8483 5626 23 227 72 10497 1002 6794 66 44 68 1102 19 90 26 667 252 81 903 111 60 146 505 735 77 25 512 25 2417 3995 158
internal_value=4.84739e-06 0.000284797 -0.00423905 0.0117879 0.000348805 0.000695932 0.000524496 0.000152808 -0.00300378 -0.0183437 -0.00257149 0.0205031 0.0267969 -0.0315121 0.000582564 -0.0034512 -0.00670884 -0.00184932 -0.0221459 0.00339694 -0.00432131 -0.00440358 -0.00667344 -0.0150027 -0.0330938 0.00413087 -0.00391931 -0.000976769 0.00154559 0.00184058
internal_weight=45709.6 35566.9 495.308 93.5385 35071.6 25997 24451 19067.1 2284.12 61.4681 2222.65 61.4681 50.3326 41.8696 16783 1965.2 646.752 1318.45 85.5209 431.613 561.231 886.834 448.985 110.464 45.433 257.454 338.52 10142.7 6718.74 5383.81
internal_count=44808 33908 431 204 33477 22980 21978 16194 4738 138 4600 132 113 94 11456 4022 1452 2570 192 963 1260 1607 1008 248 102 578 760 10900 4662 5784
is_linear=0
shrinkage=0.03


Tree=117
num_leaves=31
num_cat=0
split_feature=18 35 25 33 3 33 44 3 50 21 9 36 35 21 8 17 23 33 8 24 22 42 24 32 22 9 15 9 8 24
split_gain=12.363 12.0128 12.2258 11.8253 23.0624 10.7069 9.67878 9.64022 11.0844 10.0974 18.8754 14.5498 9.24672 8.96683 8.99428 8.74374 7.53724 7.12505 8.99652 32.4242 26.0923 27.7746 19.7686 27.7118 14.3946 10.6042 36.4735 16.9935 13.5295 12.0731
threshold=-0.71296183484705 0.020604271401824522 -0.99052477729077237 1.0074146081264985 6.6305000000000005 0.31360837148690174 0.072406033989255936 7.8425000000000002 30.597600000000003 1.6264215378782814 11.347450000000002 7.6779000000000002 2.0196790876302182 -5.3259909715279434 8.7503500000000027 0.78901980198019805 -0.3794095225512602 0.0060418540207102965 9.9271000000000011 0.24059136628141839 -0.78656609248549292 0.32363209905025575 0.30675521904633613 17.522483333333337 0.91597561503675362 8.5744500000000023 19.223770677495033 8.4516500000000025 9.473650000000001 0.1051661082335764
decision_type=2 2 2 2 2 2 2 2 2 2 8 2 2 2 10 2 2 2 10 2 2 2 2 2 2 10 2 10 8 2
left_child=1 2 5 13 -5 -1 -4 8 -3 15 -11 12 -12 14 16 -9 -2 -10 22 -20 -21 -22 25 -24 -25 26 27 -19 -28 -30
right_child=3 7 6 4 -6 -7 -8 9 17 10 11 -13 -14 -15 -16 -17 -18 18 19 20 21 -23 23 24 -26 -27 28 -29 29 -31
leaf_value=-0.006094314024075999 0.007288701282481414 -0.025130337646905587 -0.0037994659468487246 0.035632259306283803 -0.0050070464228049666 -0.026889599104642843 0.0013373305268320993 0.0021047011867656612 0.0022271266366467517 0.0050979466030809774 -0.0032295433992564288 -0.034480976888101839 -0.032053973451987294 -0.00045887694737733727 -0.0099147909495245524 0.0089296445903546823 0.033583117443546681 0.037339067524520535 -0.00010464853544206564 0.0052596850552512741 -0.008318999082045404 -0.041298496240967375 0.0013971461091559457 -0.0082665197623140729 0.018610927522213602 0.0028621574832303214 -0.0054049965989637384 0.0082494928648807163 0.014832244018813558 -0.0066536417326621654
leaf_weight=187.07694947719574 24.052750647068024 14.253481864929197 578.60227945446968 22.716486722230911 26.279857188463211 24.498171955347061 766.12465023994446 3798.5529170036316 1779.4581265747547 96.211002588272095 72.158251941204071 21.825644105672836 10.690111398696898 26013.940667420626 12.471796631813048 175.9414167702198 16.480588406324387 48.996343910694122 8209.1147115826607 39.642496436834335 50.332607835531235 42.31502428650856 1645.3863127827644 415.57808062434196 17.816852331161499 1097.5181035995483 97.10184520483017 29.397806346416473 93.093053430318832 30.734070271253586
leaf_count=174 48 32 387 33 26 16 670 3005 1706 54 144 43 21 27479 7 104 34 110 6991 68 89 95 1528 462 31 625 218 18 209 69
internal_value=2.01653e-05 0.000595024 -0.00193162 -0.000405602 0.0141706 -0.00861736 -0.000874085 0.000816204 0.000429293 0.00207704 -0.00447015 -0.0132297 -0.00728675 -0.000433543 0.0117782 0.002409 0.018531 0.000457933 0.000191355 -0.000342982 -0.0150207 -0.0236619 0.00147348 -0.000381391 -0.00712129 0.0042322 0.00922942 0.0266718 0.0029479 0.00948884
internal_weight=45458.4 19342.4 1556.3 26115.9 48.9963 211.575 1344.73 17786.1 13610.7 4175.38 200.885 104.674 82.8484 26066.9 53.0051 3974.49 40.5333 13596.5 11817 8341.4 132.29 92.6476 3475.62 2078.78 433.395 1396.84 299.323 78.3942 220.929 123.827
internal_count=44496 16869 1247 27627 59 190 1057 15622 12251 3371 262 208 165 27568 89 3109 82 12219 10513 7243 252 184 3270 2021 493 1249 624 128 496 278
is_linear=0
shrinkage=0.03


Tree=118
num_leaves=31
num_cat=0
split_feature=24 4 22 42 24 42 9 25 47 41 27 6 45 24 3 19 26 22 24 3 23 23 22 23 27 25 4 9 4 6
split_gain=12.6953 34.3948 22.4083 19.6134 19.3847 32.4883 18.1914 16.3369 24.1296 23.8185 17.9898 14.8634 13.921 13.7806 31.0724 16.9839 11.5695 11.1733 11.0027 9.99598 12.4445 9.79332 9.61552 13.4022 9.36726 9.59674 25.1318 16.5054 28.0146 22.681
threshold=0.30675521904633613 20.492750000000004 -0.5 0.31441150459491679 0.35544221683359195 0.37982274003152999 8.6465500000000013 -0.89787881968372518 8.9294000000000029 8.6629500000000021 14.612210520841179 9.6618000000000013 -0.52704526440485977 0.48030317736429479 7.5535000000000005 2.6184394059405931 16.258800000000004 0.91597561503675362 0.3873823162447298 7.0005000000000015 0.1294095225512602 0.78656609248549303 0.60355339059327384 -0.3794095225512602 29.723850000000002 -0.98932651372861458 17.359250000000007 10.388400000000003 19.362700000000004 11.055700000000002
decision_type=2 8 2 2 2 2 8 2 2 2 2 10 2 2 2 2 2 2 2 2 2 2 2 2 2 2 8 8 10 10
left_child=12 3 -3 7 6 11 -5 8 18 10 -9 -6 -1 14 15 21 -12 -8 -2 -10 -21 -11 -13 -24 25 26 -14 29 -29 -28
right_child=1 2 -4 4 5 -7 17 9 19 13 16 22 24 -15 -16 -17 -18 -19 -20 20 -22 -23 23 -25 -26 -27 27 28 -30 -31
leaf_value=0.0037948970038161407 -0.0019437138436302313 0.0073290026883346239 -0.033930794428075964 -0.0090211957128085388 -0.0013497190482534493 -0.038335217266789678 0.0014170771576439325 -0.00044548899605153808 0.0074762396787059248 -0.0074613602276891542 0.0068014556481709046 -0.0091335547305824161 -0.025370398397839684 -0.0019765156841189684 -0.028852526102969223 -0.0035941018166916043 -0.0071266014355797829 0.023675895933905837 0.0047470589454691372 0.01574747776199183 0.051133523139353779 -0.032803580476246111 -0.044265202804312682 -0.011183618494074943 -0.010291972790981816 0.00039052673160745548 -0.0068198870361021431 0.034673368226968988 0.00086627940511882224 -0.00035401996382799594
leaf_weight=986.16277652978897 375.04474157094955 15.58974578976631 44.542130827903748 172.82346761226654 211.5751214325428 31.179491579532623 369.25426456332207 8086.6238518059254 32.961176812648773 26.725278496742249 474.37369331717491 174.60515284538269 37.415389895439148 1041.3950187563896 55.677663534879684 473.92827200889587 59.686455309391022 20.489380180835724 536.73267647624016 24.052750647068024 14.698903173208235 28.952385038137436 17.816852331161499 28.952385038137436 75.721622407436371 28429.905843526125 767.90633547306061 21.380222797393799 1550.0661528110504 1338.0456100702286
leaf_count=1056 218 35 79 97 280 70 355 5534 74 27 891 197 21 1231 32 389 110 46 311 54 33 17 25 47 170 30083 431 36 1965 751
internal_value=-1.94443e-05 -0.000841968 -0.0232889 -0.000729959 -0.00469688 -0.00922826 -0.000948665 -0.000366927 0.00332445 -0.000721497 -9.30448e-05 -0.00704857 0.000285679 -0.00404991 -0.00772945 -0.00545858 0.00523445 0.00264485 0.0019958 0.0199574 0.0301184 -0.0209856 -0.0124646 -0.024449 0.000178159 0.000203143 -0.00123065 -0.000978211 0.001348 -0.00271383
internal_weight=45524.3 12317.7 60.1319 12257.5 1026.7 464.129 562.567 11230.9 983.49 10247.4 8620.68 432.95 33206.6 1626.68 585.284 529.606 534.06 389.744 911.777 71.7128 38.7517 55.6777 221.374 46.7692 32220.4 32144.7 3714.81 3677.4 1571.45 2105.95
internal_count=44665 10152 114 10038 1117 619 498 8921 690 8231 6535 549 34513 1696 465 433 1001 401 529 161 87 44 269 72 33457 33287 3204 3183 2001 1182
is_linear=0
shrinkage=0.03


Tree=119
num_leaves=31
num_cat=0
split_feature=24 8 11 27 22 9 22 24 22 21 24 42 8 4 23 22 7 21 24 11 22 3 34 47 30 23 4 33 18 22
split_gain=10.9574 24.0864 15.9644 26.439 13.6376 13.5963 17.8017 18.5767 15.5131 13.2666 42.4617 22.7213 20.633 19.7728 15.7281 21.2017 12.9919 22.1994 12.6006 23.6099 18.7668 12.2793 11.8406 11.6046 10.8248 11.2672 9.96908 9.55409 9.26731 8.9028
threshold=0.43442111757849838 8.6809000000000012 16.258800000000004 14.612210520841179 -0.25881904510252113 8.6311500000000017 0.91597561503675362 0.46514529268026444 0.25881904510252091 1.5286945550527353 0.13930990466364487 0.42296112585073259 9.3896000000000015 9.3229500000000005 -0.3794095225512602 -0.25881904510252113 31.918050000000004 -2.2407821182848378 0.35544221683359195 18.161200000000004 0.25881904510252091 7.4815000000000014 12.981569834711076 8.8950000000000014 11.95739008264494 -0.78656609248549325 21.654050000000005 0.01879687917396201 -0.41009977211353549 0.60355339059327384
decision_type=2 10 2 2 2 10 2 2 2 2 2 2 10 10 2 2 10 2 2 2 2 2 2 2 2 2 8 2 2 2
left_child=9 2 3 27 23 -6 7 8 -7 13 12 -12 26 14 15 -1 -15 -18 28 -20 -21 -16 -13 -3 25 -14 -11 -2 -19 -9
right_child=1 4 -4 -5 5 6 -8 29 -10 10 11 22 24 16 21 -17 17 18 19 20 -22 -23 -24 -25 -26 -27 -28 -29 -30 -31
leaf_value=0.034248180785542238 0.00062058186564172945 0.00061045600104239056 -0.011062390203647137 0.0062887200728627421 -0.0019537315546586916 -0.036695077192341156 1.3251208799269833e-05 -0.0049025534684765453 -0.011493991590435048 0.0093340765850685337 -0.006839916948628154 -0.0064983806311266438 0.020411016161149462 7.611248833007739e-05 0.05667887812268587 -0.014995982013903222 0.005458133701703928 0.0018011045374893683 -0.0013505753117915304 -0.013405124085922903 -0.061645149516886003 0.014269769785709195 -0.036800386898843483 -0.0085487699293850788 -0.00069990717623317491 0.0023523540574322201 -0.015078592734250176 -0.0014550920003267634 -0.00094740618930229717 -0.016484841540618706
leaf_weight=11.580954015254976 3439.5433425307274 525.15172246098518 121.60001716017723 535.84183385968208 253.44472441077232 49.887186527252197 106.90111398696899 146.09818911552429 40.978760361671448 16.480588406324387 91.75678950548172 15.58974578976631 42.31502428650856 25020.651149958372 11.580954015254976 20.043958872556686 1099.2997888326645 3957.1229027509689 117.14580407738686 22.716486722230911 10.24469009041786 13.80806055665016 50.778029143810272 162.13335621356964 3221.286901473999 111.35532706975937 121.60001716017723 4752.1999380290508 1530.4676152467728 101.55605828762054
leaf_count=20 2385 297 201 960 407 28 60 82 23 37 179 35 80 23185 26 36 1067 3700 152 39 23 22 114 343 4109 169 273 3427 3280 57
internal_value=-2.35122e-05 -0.000888216 -0.000312017 -0.000160983 -0.0045638 -0.00751183 -0.0106629 -0.0140245 -0.0255787 0.000225916 -0.00148144 -0.0166392 -0.000794633 0.000422972 0.0179212 0.00353411 0.000390994 0.00156025 0.00079937 -0.00774728 -0.0297723 0.035029 -0.0298846 -0.00155952 -0.000327877 0.00742484 -0.0121187 -0.00058359 0.00103452 -0.00969932
internal_weight=45721.2 10235.3 8849.19 8727.59 1386.15 698.866 445.421 338.52 90.8659 35485.8 3671.16 158.125 3513.04 31814.7 57.0139 31.6249 31757.6 6737 5637.7 150.107 32.9612 25.389 66.3678 687.285 3374.96 153.67 138.081 8191.74 5487.59 247.654
internal_count=44816 8270 6973 6772 1297 657 250 190 51 36546 4996 328 4668 31550 104 56 31446 8261 7194 214 62 48 149 640 4358 249 310 5812 6980 139
is_linear=0
shrinkage=0.03


Tree=120
num_leaves=31
num_cat=0
split_feature=3 24 33 9 21 5 25 9 25 24 4 24 25 4 43 21 28 23 18 25 4 24 5 33 9 21 3 6 25 30
split_gain=12.138 12.735 12.3138 24.3025 45.5532 14.6991 14.6217 13.7557 15.6838 15.8497 29.4772 23.0771 16.3071 37.2888 15.638 18.858 15.3343 12.3321 12.1808 13.6958 25.933 15.0128 11.6104 11.5635 11.9634 11.2412 12.3263 12.709 24.6672 13.4266
threshold=6.1545000000000014 0.27383534524298775 0.21869445961584758 12.942850000000002 -2.3475783598605147 31.947450000000003 -0.91249077947840473 8.0088000000000026 -0.99983123799342477 -0.69057362043749781 27.611250000000002 -0.61913973745509387 -0.58481178939031186 29.168200000000002 0.45251812251992063 -1.9644845269881797 21.378950000000007 -0.60355339059327384 -2.6696350990098998 -0.98801846520836312 21.279750000000003 0.1051661082335764 31.878550000000001 0.34970457627355567 9.2342500000000012 -3.7197568937921504 7.166500000000001 8.7823000000000011 -0.98667386918526234 11.509912396694416
decision_type=2 2 2 8 2 8 2 10 2 2 8 2 2 10 2 2 2 2 2 2 10 2 10 2 10 2 2 10 2 2
left_child=1 23 7 5 6 -4 -5 8 16 12 14 -12 13 -10 18 -16 -2 -13 -11 20 -20 -22 -17 -1 -25 -9 -27 28 29 -28
right_child=2 -3 3 4 -6 -7 -8 25 9 10 11 17 -14 -15 15 22 -18 -19 19 -21 21 -23 -24 24 -26 26 27 -29 -30 -31
leaf_value=-0.000586532782775844 0.044764524800039313 -0.0032407904785690502 -0.0041984786518675307 0.034961221727765952 0.00086168880257236847 0.00037272304713863077 0.006271212770285921 -0.0038859678114262185 0.017098169301757303 -0.020237606445248101 -0.0035707724221698029 -0.0037934127991291642 0.0004122692172031997 -0.0016370748730628153 0.0029117122404676635 -0.0057156469969083003 0.0071141776243689309 -0.02484790682373816 0.037516653065774765 -0.00052952966725981852 0.0066957192047051792 -0.023948852470094172 -0.019115073690282456 0.017274374006411106 -0.0045972658475945758 0.00019060593923195211 -0.024020885835056252 0.0027013891010781665 0.0011721630592700964 -0.0048779695254353101
leaf_weight=6182.4477589130402 11.135532706975935 1874.7782865464687 1890.368032336235 49.887186527252197 535.39641255140305 951.41991448402405 24.052750647068024 447.20299351215363 175.05057415366173 26.725278496742249 204.89380180835724 33.852019429206848 3403.0187952518463 208.90259358286858 231.61908030509949 648.53342485427856 52.114293068647385 99.774373054504395 22.271065413951874 6576.2001954317093 132.29012855887413 15.144324481487272 63.249825775623322 64.140668392181396 33.852019429206848 10759.597122788429 35.633704662322998 5174.4593382775784 5519.6608521938324 342.08356475830078
leaf_count=6599 25 1980 1064 109 1193 534 51 251 390 60 460 70 7640 469 520 1456 117 224 50 8521 297 34 142 144 19 6117 20 2914 3119 192
internal_value=-2.24759e-05 -0.00107167 0.000204901 -0.00150269 0.00392963 -0.00266846 0.0258365 0.000377337 -0.000445901 -0.000526062 -0.0012786 -0.00993001 0.00107442 0.00692686 -0.0008978 -0.00451431 0.0143363 -0.0195819 -0.000393442 -0.000311837 0.00807758 0.0034078 -0.00693148 -0.000423749 0.0097486 0.000817242 0.000913758 0.00161643 0.000664181 -0.00674256
internal_weight=45789.8 8155.22 37634.5 3451.12 609.336 2841.79 73.9399 34183.4 11904.8 11841.5 8054.55 338.52 3786.97 383.953 7716.03 943.402 63.2498 133.626 6772.63 6745.91 169.706 147.434 711.783 6280.44 97.9927 22278.6 21831.4 11071.8 5897.38 377.717
internal_count=44781 8742 36039 2951 1353 1598 160 33088 20475 20333 11834 754 8499 859 11080 2118 142 294 8962 8902 381 331 1598 6762 163 12613 12362 6245 3331 212
is_linear=0
shrinkage=0.03


Tree=121
num_leaves=31
num_cat=0
split_feature=18 33 9 25 5 9 23 33 7 18 7 25 33 9 21 25 15 5 33 20 21 21 6 20 15 9 26 20 45 27
split_gain=13.3577 16.3369 12.0007 9.51594 11.6249 13.2274 16.4634 9.24865 11.1181 8.60602 10.3695 10.6034 8.4026 29.0615 11.7777 10.3611 15.4371 9.11416 11.2281 8.22821 8.2197 8.05662 7.12567 6.34165 9.39422 6.25753 6.95433 12.873 13.7653 8.90129
threshold=-0.77339302708437418 1.0074146081264985 8.3671500000000023 -0.61236746317008228 31.947450000000003 8.0088000000000026 -0.78656609248549325 1.0074146081264985 32.110650000000007 -2.2463686732673263 31.881550000000001 -0.97507822412530132 0.12558793997301923 1.0000000180025095e-35 -2.0335041269284377 -0.98521978256641018 20.921700792079211 31.98235 0.56666910332809517 27.107105165274351 -5.3259909715279434 -0.91479823885397049 11.717050000000002 27.107105165274351 28.309801477838761 8.4516500000000025 22.456950000000003 22.813904250355044 0.15680910502327056 22.271850000000004
decision_type=2 2 10 2 10 10 2 2 8 2 10 2 2 10 2 2 2 10 2 2 2 2 10 2 2 10 2 2 2 2
left_child=1 3 21 4 -1 6 22 12 -9 10 -7 -12 20 14 19 16 -16 18 -15 -14 -2 -3 -6 -17 -25 -11 27 -27 29 -29
right_child=7 2 -4 -5 5 9 -8 8 -10 25 11 -13 13 17 15 23 -18 -19 -20 -21 -22 -23 -24 24 -26 26 -28 28 -30 -31
leaf_value=-2.0527596260951251e-06 0.012879112698705175 0.028498554449514914 -0.015909150671016694 0.0028928000999724713 -0.011897631824045216 0.014520704845097175 -0.002684235912749361 0.027911616289841547 0.00072474818287404706 0.0061764966601408787 -0.002628080484088116 0.0069458443441218981 0.0095865024126786085 -0.0046015197345964437 0.028108875929667557 -0.0014293751396507253 -0.010567528293983938 -0.00024003081179867612 -0.015394087345694659 0.035811099957144356 -0.00026832944079386044 -0.0048903033158795087 -0.048215949635783906 0.009462492748986551 -0.0071727254395918486 0.00076443798754202068 0.0023331323100385807 0.00061450504462928909 -0.02218815114789368 -0.015869511343412933
leaf_weight=11350.671198874712 41.869602978229523 8.9084261655807513 87.747997730970383 1676.120383054018 9.7992687821388262 94.429317355155945 82.402942031621933 21.825644105672836 33.406598120927811 244.09087693691254 158.56998574733734 299.76854047179222 61.022719234228134 1225.3540190756321 28.506963729858398 383.9531677365303 12.917217940092085 408.00591838359833 92.647632122039795 12.471796631813048 25479.88051879406 18.262273639440536 10.690111398696898 128.28133678436279 39.197075128555298 1415.1034964025021 2188.3548875749111 126.49965155124664 42.760445594787598 37.415389895439148
leaf_count=10390 79 20 50 2113 22 53 185 25 39 137 89 169 134 690 64 862 29 229 52 28 26724 41 24 288 88 795 1235 71 24 21
internal_value=2.80263e-05 0.000669152 -0.0105568 0.000742478 0.000517898 0.0017707 -0.0088169 -0.000381185 0.0117733 0.00200902 0.00551753 0.00363507 -0.000405656 -0.00210531 0.00321288 0.00179689 0.0160837 -0.00415915 -0.00537127 0.0144577 -0.000246257 0.0066799 -0.0322083 0.000696482 0.00554968 0.00152942 0.00123017 -0.000258645 -0.00723363 -0.00322156
internal_weight=45820.9 17851.6 114.919 17736.7 16060.6 4709.88 102.892 27969.3 55.2322 4606.99 552.768 458.339 27914.1 2392.36 666.35 592.856 41.4242 1726.01 1318 73.4945 25521.8 27.1707 20.4894 551.432 167.478 4054.22 3810.13 1621.78 206.675 163.915
internal_count=44770 15439 111 15328 13215 2825 231 29331 64 2594 311 258 29267 2464 1493 1331 93 971 742 162 26803 61 46 1238 376 2283 2146 911 116 92
is_linear=0
shrinkage=0.03


Tree=122
num_leaves=31
num_cat=0
split_feature=24 42 24 42 4 21 48 3 24 8 27 11 22 24 48 5 33 3 8 24 23 6 48 24 16 24 8 45 5 5
split_gain=10.6718 24.1706 20.2628 25.2054 15.152 15.0295 13.3691 13.1009 11.9546 21.2665 17.3718 14.3555 13.5832 12.5359 13.2693 12.3222 12.2001 12.0961 11.9269 37.4017 49.5252 13.2218 22.6141 12.3023 13.015 12.0188 11.7352 11.2085 10.7631 14.0861
threshold=0.30675521904633613 0.33252393586342138 0.35544221683359195 0.37339754681431919 20.492750000000004 3.4170773775016516 0.1857443462467053 8.0935000000000006 0.43442111757849838 8.6573500000000028 14.612210520841179 16.258800000000004 -0.25881904510252113 0.3714672281037254 0.17251423128890078 31.900350000000007 0.64304433491530533 6.6095000000000015 9.9271000000000011 0.24059136628141839 -0.60355339059327384 13.938500000000003 0.16703324694885599 0.29033824002281988 16.063097933884492 0.27383534524298775 9.6327000000000016 -0.52704526440485977 31.628850000000003 31.745950000000004
decision_type=2 2 2 2 10 2 2 2 2 8 2 2 2 2 2 8 2 2 10 2 2 8 2 2 2 2 8 2 8 8
left_child=7 5 4 -4 6 8 -3 18 13 10 16 -12 -11 14 15 -2 -10 -16 21 -20 25 22 26 24 -22 -21 -1 -9 -14 -30
right_child=1 2 3 -5 -6 -7 -8 27 9 12 11 -13 28 -15 17 -17 -18 -19 19 20 23 -23 -24 -25 -26 -27 -28 -29 29 -31
leaf_value=0.043608884654713319 0.016144539722823325 0.013687856709231576 -0.0087670227663634373 -0.034973250485414366 -0.020788484574702146 -0.01548102444231406 -0.0026090908146566014 0.0093180092151453828 -0.00031259890066762 -0.0009543030894131687 0.0069965454802854458 -0.0069655666290084203 -0.00030354807022232047 0.0044367418116391761 0.0021667031331534612 -0.00675761969383865 -0.011128032823887682 -0.009272195518954883 -0.00010079677559819015 -0.028706736859113114 -0.00012177589335345602 0.00061434018857336949 0.003610549025531656 0.021087105580220481 -0.024298485483481878 -0.06311011278102352 0.0036424840407875674 0.0016640417828769271 -0.016864709770180616 -0.0060003333816737369
leaf_weight=18.707694947719578 60.131876617670059 50.332607835531235 229.83739507198334 37.860811203718185 35.633704662322998 58.350191384553909 384.84401035308838 181.73189377784729 8001.1029606163502 799.53124836087227 475.26453593373299 76.167043715715408 202.66669526696205 869.46239376068115 141.64397603273392 31.624912887811661 93.983896046876907 199.54874610900879 24611.308967649937 32.515755504369736 64.586089700460434 4117.0291524231434 1044.9583892226219 14.698903173208235 28.061542421579361 14.253481864929197 10.24469009041786 3007.484673500061 134.07181379199028 537.1780977845192
leaf_count=39 63 113 291 85 80 128 309 114 5492 805 887 111 374 665 84 20 64 112 27351 67 142 2763 888 33 63 32 20 2921 94 447
internal_value=-5.68344e-06 -0.000755698 -0.00601545 -0.0125898 -0.00225859 -0.000422666 -0.000697123 0.000275352 -0.00034574 -0.000687601 -8.83188e-05 0.0050589 -0.00378212 0.00236152 -0.00180662 0.00826332 -0.000439525 -0.00453096 8.07158e-05 -0.000193355 -0.0148784 0.00138806 0.00435094 -0.00353582 -0.0076258 -0.0402932 0.0300607 0.00210297 -0.0063652 -0.00819218
internal_weight=45564.8 12419.2 738.509 267.698 470.81 11680.7 435.177 33145.6 11622.4 10320 8646.52 551.432 1673.45 1302.41 432.95 91.7568 8095.09 341.193 29956.4 24765.4 154.116 5190.94 1073.91 107.347 92.6476 46.7692 28.9524 3189.22 873.917 671.25
internal_count=44657 10224 878 376 502 9346 422 34433 9218 8274 6554 998 1720 944 279 83 5556 196 31398 27688 337 3710 947 238 205 99 59 3035 915 541
is_linear=0
shrinkage=0.03


Tree=123
num_leaves=31
num_cat=0
split_feature=18 11 24 21 5 23 33 18 8 10 23 16 5 24 22 5 43 33 9 21 33 10 24 15 14 11 24 11 10 34
split_gain=15.8705 9.49629 10.015 16.9752 15.5892 21.0565 13.4463 13.9816 10.8412 14.2519 8.34888 8.26733 18.7836 12.0156 8.95543 6.97411 6.5694 6.5638 18.3335 35.5199 21.8014 20.5366 32.5512 29.0843 26.2202 32.9399 20.5601 20.3406 18.7806 18.3922
threshold=-2.4783585214521433 29.498450000000002 -0.72101013194340913 3.7511450528144734 29.875650000000004 1.0000000180025095e-35 1.0000000180025095e-35 -0.41009977211353549 9.3480500000000024 0.10867986798679866 -0.3794095225512602 26.364800000000006 30.871750000000002 -0.61913973745509387 0.91597561503675362 31.869050000000005 0.015031776733904458 0.022824781853654445 1.0000000180025095e-35 -2.7866624606038015 0.24670903915341427 0.19501650165016501 0.22386011952790016 20.533589130076653 2.3508719008262156 19.332200000000004 0.17328881712428665 18.589100000000006 0.14069306930693068 13.359733333333386
decision_type=2 2 2 2 8 2 2 2 8 2 2 2 10 2 2 10 2 2 10 2 2 2 2 2 2 2 2 2 2 2
left_child=15 2 6 4 5 -4 10 -8 -5 -10 -2 17 13 14 -13 -1 -17 -6 19 20 -19 22 23 24 -21 -26 -27 -23 -20 -24
right_child=1 -3 3 8 11 -7 7 -9 9 -11 -12 12 -14 -15 -16 16 -18 18 28 21 -22 27 29 -25 25 26 -28 -29 -30 -31
leaf_value=-0.0001380324779290307 0.0055018959978850764 -0.0075146926143889363 -0.0055326073479043938 -0.022568452180536144 0.00020054715879339125 0.039889862520097914 0.0017631946617506029 -0.0004887764484281541 -0.027443993883243815 0.00030821104000680594 0.035700704982754836 -0.0024656122800978263 0.0032951764170400634 -0.022559782146559553 -0.021756949733530997 -0.018269786308853342 0.0064527882560246001 0.0075288432721423125 -0.003509568926310035 -0.00051694872989512777 0.028956497759193844 0.0019159786071088838 0.00030592201716961754 0.0029160440458418754 0.041761664605062046 0.021948754880288714 -0.0011639060412272431 -0.0072176057142173582 -0.0005988387713289318 -0.010418997673751419
leaf_weight=234.73702946305275 18.262273639440536 153.22493004798889 16.480588406324387 44.542130827903748 16473.907086700201 19.153116255998611 5325.011740475893 4644.8534027338028 19.598537564277649 86.857155114412308 14.698903173208235 114.02785491943359 143.8710825741291 56.123084843158722 25.834435880184174 8.9084261655807477 547.86820918321609 187.96779209375381 2387.4582123756409 75.276201099157333 54.786820918321609 388.40738081932068 770.57886332273483 710.00156539678574 47.66007998585701 89.084261655807495 56.123084843158722 502.43523573875427 12115.459585189819 175.9414167702198
leaf_count=176 41 344 37 100 14668 43 5622 7302 26 138 33 256 242 126 58 5 342 422 1346 169 111 872 1730 1594 107 200 126 1128 6818 395
internal_value=-8.70935e-06 -8.32881e-05 -5.75688e-05 -0.000299516 -0.000255321 0.0193044 0.000778347 0.000714082 -0.0103031 -0.00500883 0.0196236 -0.000276158 -0.00492512 -0.0109457 -0.00615814 0.00419951 0.00602518 -0.000229592 -0.000633089 0.00147743 0.0124638 0.000526094 0.00226896 0.00610406 0.0145032 0.020338 0.0130688 -0.00323768 -0.00107821 -0.00169654
internal_weight=45509.1 44717.6 44564.4 34561.6 34410.6 35.6337 10002.8 9969.87 150.998 106.456 32.9612 34374.9 339.856 195.985 139.862 791.514 556.777 34035.1 17561.2 3058.26 242.755 2815.51 1924.67 978.145 268.144 192.867 145.207 890.843 14502.9 946.52
internal_count=44577 44054 43710 30712 30448 80 12998 12924 264 164 74 30368 682 440 314 523 347 29686 15018 6854 533 6321 4321 2196 602 433 326 2000 8164 2125
is_linear=0
shrinkage=0.03


Tree=124
num_leaves=31
num_cat=0
split_feature=3 48 5 5 23 24 47 21 24 3 42 3 33 31 21 47 33 33 42 47 48 4 24 24 27 21 22 24 4 18
split_gain=10.0617 10.8071 10.8378 12.4589 10.675 10.5834 21.393 24.3856 14.6891 13.2083 18.2361 12.0516 11.1123 10.3353 10.0265 9.2181 20.4714 11.7077 9.47148 8.98272 11.7081 8.41595 23.3871 14.361 13.177 12.8179 9.06751 8.94333 19.1802 8.11065
threshold=6.2885000000000009 0.32395840255166464 31.872150000000001 31.417050000000007 -0.3794095225512602 -0.72696319516528884 13.438550000000001 -2.1680342672823785 -0.21966676340184951 7.166500000000001 0.2804975583496751 8.1785000000000014 1.0000000180025095e-35 18.879250000000003 0.71563474134405081 13.147232231405729 0.25887020686050383 0.087348684401487561 0.24971738378128966 9.3019500000000015 0.35372006999357658 24.720200000000002 -0.23641503605938965 0.13930990466364487 21.696900000000003 -0.54273972361198275 0.91597561503675362 -0.25309334970420783 23.620650000000001 -0.40403174917491741
decision_type=2 2 10 8 2 2 2 2 2 2 2 2 2 2 2 2 2 2 2 2 2 10 2 2 2 2 2 2 10 2
left_child=14 5 3 -3 19 12 -7 8 13 -9 -11 21 -2 -8 15 17 -17 -1 -18 -5 -21 23 26 24 -12 -25 -23 -26 -29 -14
right_child=1 2 -4 4 -6 6 7 9 -10 10 11 -13 29 -15 -16 16 18 -19 -20 20 -22 22 -24 25 27 -27 -28 28 -30 -31
leaf_value=-0.00038959315997952034 0.018895163568955379 0.0018490323315528254 0.0028711823557711256 -0.018812247863645232 2.5561153763395806e-05 -4.4775076220441438e-06 0.039350118098317469 -0.0015932765021764075 0.0022016690049416034 -0.0014641744220662898 0.027013448098341011 -0.018398588038632514 0.0018867334805762414 0.010554532511203663 -0.0024277111557790302 0.0010459881647920208 0.036680233518066624 -0.0047091448766589782 0.010541315707858297 -0.008158121646928378 0.001180010252648446 -0.0072380130584487074 -0.055918479010515852 0.0044718180761264634 0.0044312009793144947 -0.018657428591250927 -0.023797510122891146 -0.0023818508628890346 -0.030212738326952791 -0.00034776055760083109
leaf_weight=5174.4593382775784 30.288648962974548 2056.064759016037 2460.061885625124 39.197075128555298 1093.063890516758 20461.318638414145 15.58974578976631 1309.9840676486492 235.18245077133179 502.88065704703331 13.362639248371122 102.00147959589958 3560.2525170743465 38.306232511997223 2761.1666900217533 1517.1049759984016 17.816852331161499 632.94367906451225 40.978760361671448 272.59784066677094 216.02933451533318 203.55753788352013 9.3538474738597852 27.616121113300323 104.22858613729477 92.202210813760757 34.297440737485886 144.76192519068718 25.389014571905136 2479.6604231894016
leaf_count=3577 68 1169 1392 22 621 14881 35 2941 522 1129 30 229 4432 77 3487 3121 40 566 92 153 122 457 21 62 234 207 77 325 57 4565
internal_value=-5.25435e-05 0.000185401 0.00133033 0.000298916 -0.0016673 -5.37099e-05 -0.000344164 -0.00277463 0.00547322 -0.00370426 -0.00589659 -0.00883615 0.00106201 0.0194489 -0.000885791 -0.000308901 0.00172531 -0.000861107 0.0189432 -0.00516645 -0.00403562 -0.00732071 -0.0116819 -0.00465327 -0.00100503 -0.0133336 -0.00971544 -0.00246271 -0.00668689 0.000969466
internal_weight=45671.7 35527.2 6137.01 3676.95 1620.89 29390.2 23320 2858.71 289.078 2569.64 1259.65 756.771 6070.2 53.896 10144.5 7383.3 1575.9 5807.4 58.7956 527.824 488.627 654.769 247.209 407.56 287.742 119.818 237.855 274.38 170.151 6039.91
internal_count=44711 33828 3479 2087 918 30349 21284 6403 634 5769 2828 1699 9065 112 10883 7396 3253 4143 132 297 275 1470 555 915 646 269 534 616 382 8997
is_linear=0
shrinkage=0.03


Tree=125
num_leaves=31
num_cat=0
split_feature=21 42 18 8 4 24 27 32 49 21 24 23 33 32 27 8 24 22 40 49 37 23 24 23 47 23 44 24 42 24
split_gain=9.6307 13.5043 13.0186 12.3573 9.28674 9.93599 48.2708 20.6824 23.1048 17.3422 15.0858 12.8403 11.7631 11.2316 8.90047 12.2851 18.1417 8.69525 8.20217 8.28714 8.16026 12.9922 7.89133 7.56338 7.13369 9.47945 7.13101 9.32506 39.4052 17.9769
threshold=0.86422784876024228 0.56527281116622452 -2.6696350990098998 7.2402500000000005 29.723050000000004 0.1051661082335764 20.422800000000006 22.199633333333338 32.000050000000009 3.4170773775016516 0.17328881712428665 -0.3794095225512602 0.062071013095896806 21.096050000000002 14.587400000000001 8.554800000000002 0.52490632455031438 0.60355339059327384 18.857936378846521 30.454450000000005 1.0000000180025095e-35 -0.60355339059327384 -0.75579217237767959 0.91597561503675351 9.3019500000000015 -0.5 3.5073748662880093 0.33931202449298198 0.33467143461375787 0.13930990466364487
decision_type=2 2 2 8 8 2 2 2 2 2 2 2 2 2 2 10 2 2 2 2 2 2 2 2 2 2 2 2 2 2
left_child=1 20 -2 -4 5 -5 9 8 10 14 11 17 -9 -12 -7 16 -16 -8 -3 22 21 -1 -20 -13 25 -21 27 29 -29 -22
right_child=2 18 3 4 -6 6 7 12 -10 -11 13 23 -14 -15 15 -17 -18 -19 19 24 26 -23 -24 -25 -26 -27 -28 28 -30 -31
leaf_value=-0.0049532988104934181 -0.018234102247000686 0.011556293134737817 -0.010248582660969272 8.5518015791642845e-05 -0.0096678642821565082 -0.0020536498144489296 0.0012940570893878215 -0.056362286996696653 -0.038010194879956612 -0.016672285479293367 -0.011537384353634451 -0.012537886807472897 -0.018037120603308344 -0.035772852353146707 0.023368196629982695 -0.00042769108184467921 0.0038120946261912684 0.025818880159828191 0.0038153448401527846 -0.013769304188060265 0.00016349229934389738 0.025413399001459794 0.034210729630393615 0.0065143307566226452 0.0024439230859530877 0.00017520279782247175 -0.0013952707474715271 -0.00026561716449555916 -0.010297134749846438 0.0028053087820330939
leaf_weight=22.271065413951874 38.306232511997223 83.739205956459045 124.71796631813049 5089.3838683962822 102.89232221245766 854.31806927919388 44.987552136182785 13.362639248371126 24.052750647068024 56.123084843158722 83.293784648180008 86.857155114412308 17.371431022882462 21.380222797393799 49.887186527252197 562.56711235642433 269.03447020053864 17.371431022882462 17.816852331161499 55.232242226600647 20280.923008561134 27.616121113300323 12.917217940092089 23.161908030509949 1925.556315690279 199.54874610900879 3003.0304604172707 9638.0262685418129 364.80005148053169 2616.4047648310661
leaf_count=41 65 47 70 6443 231 949 83 30 51 126 178 132 39 48 103 666 571 27 40 31 18340 53 29 31 1263 112 5548 6824 486 2061
internal_value=-2.9166e-05 0.000163364 -0.00101365 -0.000922563 -0.000762202 -0.000633844 -0.00235695 -0.0128488 -0.0103795 -0.00040793 -0.00785262 -0.00236653 -0.0359512 -0.0167793 0.000127235 0.00224083 0.00693463 0.00842564 0.0023941 0.00204203 2.09187e-05 0.0120259 0.0172657 -0.00850434 0.00181962 -0.00288975 3.90338e-06 0.000131654 -0.000632456 0.000465474
internal_weight=45727 38247.9 7479.07 7440.76 7316.04 7213.15 2123.77 331.839 301.105 1791.93 277.052 172.378 30.7341 104.674 1735.81 881.489 318.922 62.359 2294.81 2211.07 35953.1 49.8872 30.7341 110.019 2180.34 254.781 35903.2 32900.2 10002.8 22897.3
internal_count=44718 34875 9843 9778 9708 9477 3034 619 550 2415 499 273 69 226 2289 1340 674 110 1522 1475 33353 94 69 163 1406 143 33259 27711 7310 20401
is_linear=0
shrinkage=0.03


Tree=126
num_leaves=31
num_cat=0
split_feature=11 7 35 21 8 25 21 9 5 25 11 9 34 33 9 3 33 41 33 6 33 34 45 19 45 9 33 3 47 11
split_gain=8.63626 7.96221 14.5128 9.5357 9.66277 8.70424 7.404 9.84828 8.4016 12.0339 14.6688 14.4291 11.532 11.1432 14.4789 17.1563 22.5296 16.7416 11.1211 9.90574 14.6412 12.9608 11.9238 14.0133 9.8682 9.28229 9.93008 9.77777 8.96806 10.1642
threshold=29.498450000000002 31.918050000000004 0.010431235145785216 3.7511450528144734 10.382250000000001 -0.99996069798976184 -5.3259909715279434 10.147800000000002 31.712050000000001 -0.99052477729077237 21.123150000000006 9.3562500000000011 15.757922314050022 0.034650291004067919 10.576350000000001 6.6915000000000004 0.64304433491530533 12.002700000000003 0.10488038901529657 11.461350000000001 0.34970457627355567 10.621120661157139 -0.36896301514649932 2.9256907964154322 0.22364518047442461 9.9977000000000018 0.12186987596080441 7.6495000000000006 10.948000000000002 21.378950000000007
decision_type=2 10 2 2 8 2 2 8 8 2 2 10 2 2 8 2 2 2 2 10 2 2 2 2 2 10 2 2 2 2
left_child=1 5 -3 -4 -5 -1 7 -7 9 10 11 -8 13 -10 17 16 24 19 -19 20 -15 -22 -23 -24 -16 26 -21 -27 -17 -30
right_child=-2 2 3 4 -6 6 8 -9 12 -11 -12 -13 -14 14 15 28 -18 18 -20 25 21 22 23 -25 -26 27 -28 -29 29 -31
leaf_value=-0.0063792589175149647 -0.0071330775653365925 -0.0013317622784740578 0.0011793182222573186 -0.019308169339862409 -0.00022052589172225369 -0.010062524999255926 0.033099314616533461 0.014958263977010253 -0.00049199518146903235 6.6932580192941395e-05 0.0019709604843038899 0.0022061888339756897 0.00050279134134525755 -0.0028608305419706419 0.0072521920718586251 0.0040736025597360821 0.039743318482223705 -0.0033629769050170801 -0.02377652922059512 -0.0017060411865407034 -0.0019380793312117764 -0.00095145336545413787 -0.0046897421745964165 -0.021452123837202689 -0.017543469301085517 -0.0012638622614988683 0.0081026005800831254 -0.015979112029785116 -0.002064851274283231 -0.017047711633595974
leaf_weight=207.56632965803146 152.77950873970985 2791.9007602930069 10712.382464110851 40.087917745113373 57.013927459716797 17.816852331161499 32.515755504369736 58.350191384553909 4682.714213937521 19073.385841816664 119.81833192706108 23.161908030509949 3840.8679412901402 2159.4025025367737 187.52237078547478 113.13701230287552 17.816852331161499 40.978760361671448 58.350191384553909 178.16852331161499 151.44324481487274 58.795612692832947 65.922353625297546 144.31650388240814 14.698903173208235 236.96413600444794 192.42200517654419 48.105501294136047 138.08060556650162 57.013927459716797
leaf_count=163 343 2740 10466 90 116 10 70 95 3880 19340 254 13 4345 1212 325 101 37 23 35 100 85 33 37 81 33 133 108 27 307 101
internal_value=-3.5626e-05 -1.16489e-05 0.000596137 0.00109416 -0.00821724 -0.000270648 -0.000230464 0.00905089 -0.000253096 0.000139091 0.00793662 0.0205134 -0.000862513 -0.00147613 -0.00266861 0.00194304 0.00832269 -0.00339949 -0.0154723 -0.0030242 -0.00386073 -0.00897684 -0.0129172 -0.0162432 0.00537241 0.00026823 0.00339501 -0.00379424 -0.0026234 -0.00650801
internal_weight=45673.5 45520.7 13601.4 10809.5 97.1018 31919.3 31711.8 76.167 31635.6 19248.9 175.496 55.6777 12386.7 8545.85 3863.14 528.27 220.038 3334.87 99.329 3235.54 2579.88 420.478 269.034 210.239 202.221 655.66 370.591 285.07 308.232 195.095
internal_count=44703 44360 13412 10672 206 30948 30785 105 30680 19677 337 83 11003 6658 2778 904 395 1874 58 1816 1448 236 151 118 358 368 208 160 509 408
is_linear=0
shrinkage=0.03


Tree=127
num_leaves=31
num_cat=0
split_feature=21 9 42 22 4 4 3 25 25 25 49 18 47 9 41 24 11 23 24 33 32 4 32 42 49 15 4 23 42 24
split_gain=9.53314 12.6233 10.6811 10.193 9.56499 9.33008 13.6052 9.2174 15.9382 17.6754 19.4093 14.0358 13.9352 19.6235 56.2068 35.8779 42.6489 39.7024 21.6924 20.3369 20.287 16.9555 16.145 14.6483 13.8293 21.6969 19.7308 16.476 15.6736 25.6445
threshold=0.86422784876024228 7.3436000000000012 0.60026915830353367 -0.78656609248549292 29.723050000000004 1.0000000180025095e-35 7.4615000000000009 -0.99966479353140603 -0.93845867424155849 -0.80417042486635371 31.94725 -0.28354141428685503 19.347050000000007 11.386050000000003 9.5216000000000012 0.24059136628141839 19.409250000000004 -0.78656609248549325 0.29033824002281988 0.46537767888030995 20.125100000000003 16.823800000000002 18.58398333333334 0.2651651478448111 31.459350000000004 27.30040862376238 15.650100000000002 0.78656609248549303 0.32154035451993701 0.43442111757849838
decision_type=2 8 2 2 8 10 2 2 2 2 2 2 2 8 2 2 2 2 2 2 2 10 2 2 2 2 10 2 2 2
left_child=2 3 5 -2 -3 6 -1 -7 12 10 24 -11 13 19 20 16 23 22 21 -9 -15 -19 -17 -16 25 26 -10 -28 29 -26
right_child=1 4 -4 -5 -6 7 -8 8 9 11 -12 -13 -14 14 15 17 -18 18 -20 -21 -22 -23 -24 -25 28 -27 27 -29 -30 -31
leaf_value=0.023187498587797631 0.003424005264495795 -0.00066821726050082537 0.00369427784499717 -0.012747612582325188 -0.0098369443056166624 -0.0032934450761968907 -0.0046721260620908927 0.0014183623179041059 0.018423170490825133 0.00092682694783183174 0.0025900016872776144 -0.00053251078713811308 -0.0036873380928623112 0.039246836128848286 0.061193481546546108 -0.013369504588615196 0.0039572365475873455 0.02766181923679574 0.026918560953476837 -0.0078303963202646602 0.0049912284298901308 -0.011326295446674758 -0.057995199174016646 0.022095355430972557 0.0021976570102571649 -0.019863288921539039 -0.0019305101609161449 0.0047559490390969078 -0.0064047482547443576 -0.0048114427581594822
leaf_weight=36.524547278881073 46.323816061019897 7175.2918550670147 759.88875192403793 138.97144818305969 102.89232221245766 712.22867193818092 26.725278496742249 5397.1699924170971 50.778029143810272 12021.475689142942 837.83748087286949 11707.008245497942 449.43010005354881 56.123084843158722 9.7992687821388227 13.362639248371126 778.15102556347847 10.24469009041786 18.707694947719574 221.81981152296066 21.825644105672836 95.765581279993057 17.371431022882462 58.795612692832947 791.51366481184959 48.996343910694122 1406.1950702369213 432.94951164722443 1127.8067525625229 1153.195767134428
leaf_count=73 26 9557 497 78 231 573 30 3051 111 10744 477 11241 1009 126 22 30 1450 23 42 126 49 215 39 132 499 110 2158 600 831 678
internal_value=-1.59544e-05 -0.000996663 0.000175368 -0.00870803 -0.00079917 0.000103968 0.0115263 8.43637e-05 0.000149957 -0.000157296 -0.00163424 0.000206836 0.00142109 0.0017643 0.00546572 0.00354209 0.00597506 -0.00966379 -0.00202393 0.00105192 0.02984 -0.00733525 -0.0396254 0.0284798 -0.00234085 -0.000356684 0.000159262 -0.000354734 -0.00359243 -0.00195901
internal_weight=45725.2 7463.48 38261.7 185.295 7278.18 37501.8 63.2498 37438.6 36726.3 29577.8 5849.27 23728.5 7148.57 6699.14 1080.15 1002.2 846.746 155.452 124.718 5618.99 77.9487 106.01 30.7341 68.5949 5011.44 1938.92 1889.92 1839.14 3072.52 1944.71
internal_count=44828 9892 34936 104 9788 34439 103 34336 33763 27449 5464 21985 6314 5305 2128 1953 1604 349 280 3177 175 238 69 154 4987 2979 2869 2758 2008 1177
is_linear=0
shrinkage=0.03


Tree=128
num_leaves=31
num_cat=0
split_feature=10 48 24 47 21 25 11 25 24 11 23 5 25 8 47 10 5 23 8 25 48 11 24 24 23 25 40 5 47 15
split_gain=9.8543 10.9836 11.4623 28.6642 17.9594 16.0645 23.9 14.6848 15.0727 30.4822 13.2415 12.6137 10.0069 14.2563 9.75895 19.6711 9.73074 9.49628 9.21122 9.20942 19.4957 15.5162 8.94697 8.67983 17.7446 8.67342 20.7432 10.9613 11.5707 35.9284
threshold=0.16775577557755775 0.32395840255166464 -0.72696319516528884 13.885650000000002 -2.1680342672823785 -0.7614016681079937 27.550550000000005 -0.99983123799342477 -0.25309334970420783 23.704100000000004 -0.3794095225512602 31.831750000000003 -0.94703994556331683 13.523050000000001 9.1743500000000022 0.25679867986798677 31.872150000000001 0.60355339059327384 13.251000000000003 -0.58481178939031186 0.096964360865616786 29.346900000000005 -0.23641503605938965 -0.15207348400340251 -0.60355339059327384 -0.95998493203694346 15.494243358136659 31.177250000000004 11.140150000000002 20.533589130076653
decision_type=2 2 2 2 2 2 2 2 2 2 2 8 2 10 2 2 10 2 10 2 2 2 2 2 2 2 2 10 2 2
left_child=25 2 19 -4 11 6 7 -6 18 -10 -8 12 -5 -14 15 -3 23 -12 -9 20 21 -2 -11 -16 -25 26 -1 -28 -29 -30
right_child=1 14 3 4 5 -7 10 8 9 22 17 -13 13 -15 16 -17 -18 -19 -20 -21 -22 -23 -24 24 -26 -27 27 28 29 -31
leaf_value=0.030560573037162551 0.017351687200766928 -0.021289407577778592 0.00013103950580949474 0.0029262537427324473 0.020472687408615381 -0.00039612223536065436 -0.0020321419134301326 0.0074634543769339498 -0.006266780300653519 -0.015507740281756912 -0.026580054204747478 -0.027809488087747896 0.049190774381061134 0.0083971197309051747 0.0010243047428678289 0.0015561145458199519 0.003538658472782793 -0.0027941825076890389 -0.0034142673807079742 0.00089981050606071863 0.0010216383460425829 -0.0084147760405448285 -0.03855659381553149 -0.023540564662342906 0.0057219563336047543 -0.00087244600279291382 -0.011765363087941622 -3.5420948195667406e-05 0.017126300095704768 0.00046660390403917599
leaf_weight=20.043958872556686 141.64397603273392 48.996343910694122 15772.813947468996 167.92383322119713 19.153116255998611 575.48433029651642 36.96996858716011 81.957520723342896 522.47919461131096 30.734070271253586 93.983896046876907 9.3538474738597852 9.7992687821388227 28.952385038137436 2808.3813486993313 105.11942875385284 1864.5335964560509 18.262273639440536 450.76636397838593 4219.030632019043 334.51140251755714 24.052750647068024 33.852019429206848 37.415389895439148 35.633704662322998 15155.905435502529 61.468140542507172 2350.9336650967598 153.22493004798889 476.6007998585701
leaf_count=27 306 29 11477 377 43 1292 83 184 1173 69 211 9 22 65 1589 59 1051 41 1012 6478 283 54 76 21 20 15681 123 1486 344 1034
internal_value=-3.72096e-05 0.00032157 4.2053e-05 -0.000305545 -0.0036152 -0.0045645 -0.00642497 -0.00493634 -0.00538882 -0.00870044 -0.0176789 0.00455753 0.00614927 0.0196907 0.00160887 -0.00579734 0.00185054 -0.022769 -0.00172992 0.00135677 0.00520158 0.0135834 -0.0279922 0.000757333 -0.00938166 -0.000578214 0.00087782 0.000672275 0.000932619 0.00454032
internal_weight=45690 27471.8 22571.7 17852.5 2079.67 1863.64 1288.16 1138.94 1119.79 587.065 149.216 216.029 206.675 38.7517 4900.08 154.116 4745.96 112.246 532.724 4719.24 500.208 165.697 64.5861 2881.43 73.0491 18218.2 3062.27 3042.23 2980.76 629.826
internal_count=44719 26024 23255 16134 4657 4184 2892 2557 2514 1318 335 473 464 87 2769 88 2681 252 1196 7121 643 360 145 1630 41 18695 3014 2987 2864 1378
is_linear=0
shrinkage=0.03


Tree=129
num_leaves=31
num_cat=0
split_feature=18 23 41 9 43 9 5 9 10 24 7 16 5 46 35 24 9 22 18 4 9 5 46 24 18 22 9 23 29 27
split_gain=8.53263 10.3382 9.55369 8.38995 8.08766 7.97745 9.78586 7.93646 7.67488 7.96142 13.256 10.6754 14.8046 10.0696 8.57053 7.77097 7.55683 7.40185 6.65829 6.55324 6.52508 12.3235 6.56764 6.46699 9.65147 11.0273 12.2216 9.23599 6.71728 6.42363
threshold=-2.3471022376237616 -0.70710678118654757 9.8060500000000008 9.1915500000000012 -0.032118441314856937 7.1201500000000015 31.815650000000002 10.196650000000002 0.13765676567656765 -0.72696319516528884 31.918050000000004 26.364800000000006 30.871750000000002 0.010242226405110159 1.0000000180025095e-35 -0.61913973745509387 8.9638000000000009 -0.37940952255126065 -0.40403174917491741 29.080050000000004 11.861950000000002 31.875750000000004 0.19324947461292305 0.27383534524298775 -0.63600605280528011 0.12940952255126045 8.7277500000000021 0.91597561503675351 15.145300000000002 17.43205
decision_type=2 2 2 10 2 8 10 10 2 2 10 2 10 2 2 2 8 2 2 8 10 10 2 2 2 2 8 2 2 2
left_child=1 2 -1 16 -2 6 -6 -5 23 14 11 19 15 -12 17 -13 -3 -10 -16 -11 -15 22 -22 -7 25 27 -27 -25 -26 -29
right_child=4 3 -4 7 5 8 -8 -9 9 10 13 12 -14 20 18 -17 -18 -19 -20 -21 21 -23 -24 24 28 26 -28 29 -30 -31
leaf_value=-0.021413895104437738 0.0095407021556597853 0.0094054118396568829 -0.0012018221627907116 0.0088171512919941169 -0.017500584516014821 -0.00041546814384620979 -0.00098353808368956282 0.0023722203180039118 0.03383462552702645 -0.00048134363540739143 -0.00089572625772297513 -0.0080687752427840292 0.0021805506240400252 0.0015646841135086526 0.0015840220702984529 -0.022980800601366893 -0.0043856760241924283 0.0046366696645367637 -0.00030999519648847754 -0.011310218816971172 -0.018120269408059827 0.0036832982896777885 -0.0039973856694450515 0.0014779918212256642 -0.0011748793215726821 -0.029053263126217786 -0.008300597791526693 -5.9543473973316449e-05 -0.016677107282007525 -0.020294712343275487
leaf_weight=24.943593263626099 77.057886332273483 44.542130827903748 112.24616968631744 324.26671242713928 51.668871760368347 7779.2831490933895 83.739205956459045 367.02715802192688 12.02637532353401 17653.382711023092 2330.8897062242031 106.01027137041092 100.66521567106247 6551.7020234763622 4742.400669246912 44.987552136182785 165.69672667980194 20.489380180835724 2578.0985323190689 49.44176521897316 51.668871760368347 110.46448445320129 69.485724091529846 157.67914313077927 1920.6566812992096 32.070334196090698 118.92748931050301 23.161908030509949 24.498171955347061 35.188283354043961
leaf_count=35 173 25 66 182 29 8372 47 206 27 15336 1600 238 118 5655 5121 101 183 46 4657 90 29 62 39 198 1918 18 174 25 49 37
internal_value=-4.50252e-05 0.00264164 -0.00500511 0.00380954 -0.000107479 -0.000124344 -0.00736819 0.00540373 -0.000102143 0.000111153 -0.000126648 -0.000599645 -0.00672273 0.000805094 0.000986471 -0.0126336 -0.00143314 0.0161232 0.000917045 -0.000512224 0.00138958 -0.00354905 -0.0101194 -0.000829631 -0.00222229 -0.00667781 -0.0128704 -0.00231002 -0.00137859 -0.0123988
internal_weight=45764.4 1038.72 137.19 901.533 44725.6 44648.6 135.408 691.294 44513.2 34421.7 27068.7 17954.5 251.663 9114.21 7353.01 150.998 210.239 32.5158 7320.5 17702.8 6783.32 231.619 121.155 10091.5 2312.18 367.027 150.998 216.029 1945.15 58.3502
internal_count=44856 697 101 596 44159 43986 76 388 43910 33119 23268 15883 457 7385 9851 339 208 73 9778 15426 5785 130 68 10791 2419 452 192 260 1967 62
is_linear=0
shrinkage=0.03


Tree=130
num_leaves=31
num_cat=0
split_feature=11 4 21 27 5 22 35 15 3 23 3 7 46 21 22 47 47 24 5 24 23 18 46 15 16 22 32 24 47 24
split_gain=8.09811 8.92635 9.71833 15.782 14.3179 12.9878 8.47644 8.41672 8.57298 7.16251 10.4814 10.4401 11.9074 8.92096 10.3632 11.0502 9.04627 11.4165 29.1673 13.7946 12.3332 8.80221 7.21396 6.43703 9.47766 6.08536 6.68289 13.0167 6.04974 27.315
threshold=29.498450000000002 28.388850000000001 -3.5720357350769709 14.824800000000002 30.263050000000003 -0.60355339059327362 0.0077973930828617501 27.781936928238455 6.7565000000000008 -0.70710678118654757 6.557500000000001 31.918050000000004 0.0086754206764417044 2.7694140741711606 -0.78656609248549292 13.608782231405312 14.458250000000001 -0.67166439702596292 30.263050000000003 0.25725141817891134 0.25881904510252057 -0.16024134323432279 0.20665402093852267 23.429798731091363 20.828650000000003 -0.60355339059327362 22.025516666666668 -0.54939360607974019 11.08717438016552 0.22386011952790016
decision_type=2 8 2 2 10 2 2 2 2 2 2 10 2 2 2 2 2 2 10 2 2 2 2 2 2 2 2 2 2 2
left_child=1 9 5 6 7 -3 -4 -5 -9 28 13 -12 -13 16 15 -15 -11 -18 -19 22 -21 23 25 -14 -25 -20 -27 -28 -1 -30
right_child=-2 2 3 4 -6 -7 -8 8 -10 10 11 12 21 14 -16 -17 17 18 19 20 -22 -23 -24 24 -26 26 27 -29 29 -31
leaf_value=-0.00020891319223732371 -0.0069158559491994667 0.034666930868197658 -0.0085507223261416694 0.034824467748688095 0.0012935213808832366 0.0045592731250241776 -0.041436908680968436 -0.0089939464697530568 0.014321697959747004 -0.00086834901182478337 6.3605563194173072e-05 -0.0010203969856938477 0.0032467500980779083 -0.0075808869675896579 -0.0028598831666286507 -0.034273757017006475 -0.00057027937863752089 0.043970729147552831 0.0027624743248699669 0.017162992061710219 -0.021150410348654308 -0.00060072733443678947 -0.00013679028865033109 -0.010491263752247432 0.0013792044868296692 0.02174388235447728 0.022534177743404504 0.0037727869397144237 -0.00097968518513983521 -0.010617055012163333
leaf_weight=6799.8016921877861 150.55240219831467 17.371431022882462 24.498171955347061 12.917217940092085 2285.0113114714622 44.542130827903748 9.3538474738597852 17.371431022882462 64.586089700460434 8254.1022637188435 15127.84389308095 1417.7760242521763 3490.7667929828167 45.87839475274086 300.21396178007126 19.598537564277649 876.14371338486671 15.58974578976631 170.15093976259232 8.9084261655807477 32.961176812648773 949.6382292509079 179.95020854473114 62.358983159065247 1359.8712541759014 37.415389895439148 41.869602978229523 151.44324481487274 3545.1081925928593 285.06963729858398
leaf_count=4475 338 27 55 29 2229 76 12 39 145 6405 14421 966 2818 91 437 44 1898 35 382 20 74 1586 404 41 1322 84 94 340 5235 640
internal_value=7.42401e-06 3.04087e-05 0.00178192 0.00147787 0.00177066 0.0134235 -0.0185659 0.0131289 0.00933095 -7.00677e-05 0.000150783 0.00051285 0.00144619 -0.000649772 -0.00524367 -0.015966 -0.000477278 0.00165334 0.0047017 0.00364965 -0.0127884 0.00204276 0.00485454 0.00255375 0.000851727 0.00708986 0.0102554 0.00793137 -0.000746127 -0.00169955
internal_weight=45798.7 45648.1 2475.65 2413.74 2379.89 61.9136 33.852 94.8747 81.9575 43172.5 32542.5 22408.3 7280.41 10134.2 365.691 65.4769 9768.53 1514.43 638.289 622.699 41.8696 5862.64 580.829 4913 1422.23 400.879 230.728 193.313 10630 3830.18
internal_count=44762 44424 2612 2509 2442 103 67 213 184 41812 31462 21154 6733 10308 572 135 9736 3331 1433 1398 94 5767 1304 4181 1363 900 518 434 10350 5875
is_linear=0
shrinkage=0.03


Tree=131
num_leaves=31
num_cat=0
split_feature=18 24 7 30 21 9 8 3 43 5 22 36 3 43 5 47 22 24 24 35 22 48 7 24 33 16 24 8 24 42
split_gain=9.29044 8.8381 10.1502 8.56593 8.85862 7.49829 8.88048 10.991 8.03748 7.2962 7.01353 12.9677 8.89475 10.8492 8.6853 8.72357 15.1614 15.5032 13.1511 9.07942 8.34517 9.98412 8.04947 9.80439 7.92242 7.47684 6.90519 49.5467 17.6947 17.272
threshold=-0.46022815181518156 -0.77786766366919291 31.918050000000004 8.9291500000000017 3.7511450528144734 8.4516500000000025 8.5328500000000016 6.2765000000000013 0.00031316201528964045 31.862450000000006 -0.70710678118654735 8.9042500000000029 6.8795000000000011 0.06963710048816435 30.122900000000005 19.280059504132488 0.78656609248549325 -0.25309334970420783 -0.53493989022977317 3.3184288921084821 0.78656609248549325 0.11261382697145972 31.021250000000006 -0.60554068365937697 0.13328226688752839 25.784450000000003 0.22386011952790016 10.010700000000002 0.30675521904633613 0.32154035451993701
decision_type=2 2 10 2 2 10 10 2 2 10 2 2 2 2 8 2 2 2 2 2 2 2 8 2 2 2 2 10 2 2
left_child=1 -1 10 5 -5 8 -7 -8 -4 -6 11 22 -13 -14 20 19 17 24 -18 26 21 -12 23 -3 -17 -22 -16 28 -28 -29
right_child=-2 2 3 4 9 6 7 -9 -10 -11 14 12 13 -15 15 16 18 -19 -20 -21 25 -23 -24 -25 -26 -27 27 29 -30 -31
leaf_value=0.0017357744272749366 -0.00049821854360681433 0.0019466827999296043 -0.0069298464912141682 0.0015470670317715557 4.5243684053231587e-05 -0.017265644661432503 -0.014282657216833887 -0.00051956645194936655 0.00098260431789425843 -0.026254869963901733 0.030035871355078608 -0.0019402099819537735 -0.046317961711911916 -0.01208750326781728 0.00069775312924075651 -0.00050066833962881152 -0.016225223040570322 -0.017120280850419483 -0.0013004653887364187 -0.013874319316074616 0.01864247429161775 0.0058561786188538025 -0.00094264901352622652 -0.032878822007448558 0.0099308941052655923 -0.010732116002342607 0.0051852098669357251 -0.007112611140164136 -0.0014736239937654888 -0.0278329713445725
leaf_weight=3647.5550934970379 19563.349280923605 13.362639248371126 127.39049416780472 6577.9818806648254 19.153116255998611 42.760445594787598 62.358983159065247 297.54143393039703 1153.6411884427071 17.816852331161499 24.052750647068024 78.394150257110596 8.4630048573017103 86.41173380613327 7451.898487508297 374.59932026267052 123.38170239329338 44.09670951962471 93.093053430318832 40.087917745113373 9.7992687821388227 41.424181669950485 3451.5697178542614 14.698903173208235 78.394150257110596 27.170699805021286 458.33852621912956 69.931145399808884 1645.8317340910435 76.167043715715408
leaf_count=4271 21193 24 94 5573 43 24 35 167 820 40 54 59 7 71 5159 841 277 99 209 33 22 39 2949 33 176 61 321 148 1706 165
internal_value=-3.74162e-06 0.000366087 0.000144072 0.00097766 0.00146389 -0.000932378 -0.00449783 -0.00293723 0.00019097 -0.0129872 -0.000342738 -0.0014756 -0.00946203 -0.0155922 4.93072e-05 -3.62702e-05 -0.00323574 -0.000344645 -0.00984246 0.000198381 0.00869933 0.0150567 -0.00107531 -0.0167989 0.0013225 -0.00266016 0.000257951 -0.00119814 -2.13969e-05 -0.0180308
internal_weight=45720.7 26157.4 22509.8 8298.64 6614.95 1683.69 402.661 359.9 1281.03 36.97 14211.2 3652.9 173.269 94.8747 10558.3 10455.8 713.565 497.09 216.475 9742.25 102.447 65.4769 3479.63 28.0615 452.993 36.97 9702.17 2250.27 2104.17 146.098
internal_count=44713 23520 19249 6796 5656 1140 226 202 914 83 12453 3143 137 78 9310 9134 1602 1116 486 7532 176 93 3006 57 1017 83 7499 2340 2027 313
is_linear=0
shrinkage=0.03


Tree=132
num_leaves=31
num_cat=0
split_feature=33 9 42 25 25 24 40 6 22 9 8 16 24 24 3 27 3 9 24 4 25 4 22 25 25 25 42 25 6 4
split_gain=8.17964 34.1933 13.1969 29.2746 16.4614 14.9396 13.3008 11.9549 14.5158 11.5452 27.827 13.5681 17.8988 11.2189 10.9828 10.5402 9.95651 11.129 14.7997 40.7159 16.6025 17.447 13.2383 13.0492 24.548 25.9133 16.947 14.7443 12.9837 12.8712
threshold=0.21045791503291117 12.942850000000002 0.36315415080555241 -0.98521978256641018 -0.78858226040708135 0.35544221683359195 14.243716256469741 13.862250000000001 0.60355339059327384 10.324250000000001 11.658050000000001 14.950553512396842 0.13930990466364487 0.58218302397213695 5.5695000000000006 27.839200000000002 6.7965000000000009 7.8619000000000012 -0.69057362043749781 27.024100000000004 -0.58481178939031186 29.168200000000002 0.78656609248549325 -0.99907307217758434 -0.96234030595689413 -0.97507822412530132 0.51150074979813132 -0.97315270831292444 11.839350000000001 21.279750000000003
decision_type=2 8 2 2 2 2 2 8 2 10 10 2 2 2 2 2 2 10 2 8 2 10 2 2 2 2 2 2 8 10
left_child=16 7 3 -3 6 -4 13 9 15 10 11 12 -2 -5 -8 -9 -1 18 20 23 21 -18 -21 29 25 26 28 -27 -25 -20
right_child=1 2 5 4 -6 -7 14 8 -10 -11 -12 -13 -14 -15 -16 -17 17 -19 19 22 -22 -23 -24 24 -26 27 -28 -29 -30 -31
leaf_value=-0.00045181067120403514 -0.016878802232874881 0.035214700408757307 0.00091010814914598069 0.028845307579479833 -0.0028206086123229472 -0.027562729092846565 0.026501552402467654 -0.0073160327400116432 -0.00034299979634807339 0.0090946976505039273 -0.023380219330541616 0.0042903113451202143 -0.0014382825228424472 -0.0021926629228198901 0.0042966255031413525 0.0044322253765078264 0.015460908668195978 0.00095526328501154077 0.042036285003183974 -0.0077593818446229888 0.00058919724111667336 0.00071672545008331532 -0.021659575121895834 0.020066559712818989 -0.00015983931276808836 -0.042450241028466847 -0.018271418651471031 -0.01386598654896549 -0.0023935633589744396 0.006144713683789221
leaf_weight=17983.885321766138 71.267409324645996 30.288648962974548 322.93044850230217 45.432973444461823 154.11577266454697 16.480588406324387 20.934801489114761 1019.1239533424377 497.09018003940582 96.211002588272095 49.887186527252197 354.55536139011383 1044.0675466060638 13.362639248371122 242.75461301207542 73.049094557762146 145.65276780724525 15544.31281632185 8.9084261655807477 184.84984293580055 2412.847226947546 142.53481864929199 93.093053430318832 23.607329338788986 4455.9947680234909 18.262273639440536 57.904770076274872 120.70917454361916 394.6432791352272 104.67400744557381
leaf_count=18208 40 68 722 102 337 37 47 572 282 54 28 199 586 30 542 41 324 8783 20 412 5417 320 209 53 5840 41 130 271 886 235
internal_value=-4.45964e-05 -0.00133131 0.00402904 0.00708975 0.00523238 -0.000549339 0.00907773 -0.00274744 -0.00459415 -0.000929565 -0.00156972 -0.000814096 -0.00243913 0.0218725 0.00615298 -0.00652692 8.04731e-05 0.000484243 -0.000412625 -0.00131074 0.00140357 0.00819627 -0.012476 -0.000709903 -0.000935939 -0.00654864 -0.00320543 -0.0178987 -0.00108101 0.00930204
internal_weight=45743.4 4051.55 846.3 506.889 476.601 339.411 322.485 3205.25 1589.26 1615.99 1519.78 1469.89 1115.33 58.7956 263.689 1092.17 41691.9 23708 8163.68 5462.65 2701.03 288.188 277.943 5184.7 5071.12 615.127 476.155 138.971 418.251 113.582
internal_count=44836 3687 1885 1126 1058 759 721 1802 895 907 853 825 626 132 589 613 41149 22941 14158 8097 6061 644 621 7476 7221 1381 1069 312 939 255
is_linear=0
shrinkage=0.03


Tree=133
num_leaves=31
num_cat=0
split_feature=18 43 26 26 5 5 15 21 12 25 25 23 8 42 24 24 16 48 35 5 22 43 21 22 12 33 18 5 25 25
split_gain=9.97917 9.25535 7.00577 6.70224 7.28985 12.8562 13.5335 12.0257 14.9514 12.4339 15.8664 22.2986 12.1646 13.4952 10.8392 8.54359 8.46119 8.3248 7.673 6.80498 6.63278 9.33419 7.03674 6.4025 6.26172 6.11451 8.47118 7.01919 12.8277 21.2554
threshold=-1.5601711881188114 -0.032118441314856937 29.498450000000002 28.436750000000004 31.927750000000007 31.916950000000003 21.337706613861389 -1.1643530489301053 10.837000000000002 -0.99907307217758434 -0.99700296666818056 -0.5 9.5524000000000022 0.49457069250586377 0.33931202449298198 0.32308142426531927 13.63095526042059 0.22608478968702242 2.835733536289367 31.855350000000005 0.60355339059327384 0.012800440284176135 -3.9639236726700369 0.12940952255126045 20.33509338843054 0.02013951340027911 -0.032117081908187732 31.677850000000003 -0.97507822412530132 -0.97315270831292444
decision_type=2 2 2 2 10 8 2 2 2 2 2 2 8 2 2 2 2 2 2 10 2 2 2 2 2 2 2 8 2 2
left_child=3 -2 25 4 5 7 17 15 12 19 11 -11 13 14 -9 -1 -17 -7 24 -10 21 -6 -23 -4 -12 26 -3 28 -27 -30
right_child=1 2 23 -5 20 6 -8 8 9 10 18 -13 -14 -15 -16 16 -18 -19 -20 -21 -22 22 -24 -25 -26 27 -28 -29 29 -31
leaf_value=0.0032319838363723667 0.010320960372655955 0.00053290803464340827 -0.0014675755100810304 0.0053955197846829554 -0.030357650375502327 -0.0027628381212570921 0.0022670273280826578 0.016386578438075533 0.028430990177366687 -0.055143997404803052 -0.0031973285089808901 -0.0049283255297872348 0.025129293907288221 -0.023382874046833986 -0.0069152251187396107 0.0010222601714504728 -0.013412455100803687 -0.022909639419685532 -0.01933721918524714 -0.001126398776261145 0.0041620230869351205 -0.0089889737944701589 0.0015578842250542899 -0.014134030069665271 0.0033469344355644593 0.0040471572291646126 -0.00092112642559136334 -0.0010125660072318769 -0.026427890806203488 -0.00010964978248905678
leaf_weight=1212.43680113554 75.276201099157333 17144.711576968431 88.638840347528458 330.50261074304581 7.5721622407436362 27.616121113300323 58.795612692832947 48.105501294136047 16.48058840632439 11.580954015254973 885.94298216700554 22.271065413951874 28.506963729858398 13.80806055665016 27.616121113300323 101.11063697934151 56.123084843158722 56.568506151437759 23.161908030509949 11.580954015254973 950.97449317574501 58.795612692832947 1192.8382635712624 59.686455309391022 153.67035135626793 697.52976876497269 4565.5684098601341 10744.452798306942 26.725278496742249 7161.9292158186436
leaf_count=904 169 15610 199 208 8 20 39 63 37 23 756 41 55 31 62 92 63 40 19 23 590 33 698 134 126 810 6884 8396 54 8696
internal_value=4.0527e-05 -0.000119385 -0.00013905 0.00126514 0.000989198 -4.04011e-05 -0.00876771 0.000440429 -0.00169572 -0.00276367 -0.0032742 -0.0231967 0.00841773 0.00287783 0.00790891 0.00237842 -0.00418228 -0.0164107 -0.00261841 0.0166137 0.00227221 0.000842822 0.00105566 -0.00662511 -0.0022277 -0.000115038 0.000227103 -0.000513726 0.000165956 -0.000211155
internal_weight=45860.6 40564.5 40489.2 5296.06 4965.56 2755.38 142.98 2612.4 1242.73 1124.69 1096.63 33.852 118.037 89.5297 75.7216 1369.67 157.234 84.1846 1062.78 28.0615 2210.18 1259.21 1251.63 148.325 1039.61 40340.9 21710.3 18630.6 7886.18 7188.65
internal_count=44883 40952 40783 3931 3723 2394 99 2295 1236 1025 965 64 211 156 125 1059 155 60 901 60 1329 739 731 333 882 40450 22494 17956 9560 8750
is_linear=0
shrinkage=0.03


Tree=134
num_leaves=31
num_cat=0
split_feature=18 9 24 5 43 46 44 9 21 24 5 46 18 24 24 9 15 21 32 24 22 24 26 22 6 4 45 22 35 31
split_gain=9.31868 11.556 6.8191 10.2395 9.10664 11.6165 6.88748 8.76598 29.1419 16.9372 18.126 15.1013 13.9782 13.0745 20.0038 11.9892 13.6049 11.8705 11.772 11.3454 16.5327 10.9883 15.0295 9.9059 8.90186 8.07032 7.69324 7.34084 7.30001 12.203
threshold=-2.1015810165016497 9.2641500000000025 0.79184907943689831 31.712050000000001 0.06963710048816435 0.25541616105774556 3.5073748662880093 8.4719000000000033 -3.6470673344219589 0.43442111757849838 31.843850000000007 0.23084263966612042 -1.4031762706270621 0.3873823162447298 0.35544221683359195 8.3301500000000015 13.996623003027654 3.134797850976065 13.297083333333335 0.3714672281037254 0.60355339059327384 0.1051661082335764 16.735950000000003 -0.9159756150367534 10.722550000000002 29.493550000000003 -0.42962272640637905 0.91597561503675362 1.8038873383426623 13.782410330578944
decision_type=2 10 2 8 2 2 2 10 2 2 8 2 2 2 2 10 2 2 2 2 2 2 2 2 10 8 2 2 2 2
left_child=1 -1 6 -4 -5 -6 7 8 15 13 11 12 -11 14 27 16 -2 25 -12 20 -16 23 -23 24 -19 -10 -20 28 -9 -30
right_child=2 -3 3 4 5 -7 -8 9 17 10 18 -13 -14 -15 19 -17 -18 21 26 -21 -22 22 -24 -25 -26 -27 -28 -29 29 -31
leaf_value=-0.0019767179572982934 0.046085318813449253 0.0035889644000330605 -0.024159891405433367 -0.00058891269977691331 -0.0033060070688294462 -0.017862502131426341 -0.0010003041710320351 7.7900466769636773e-05 0.0010046153149351326 -0.01833225859332227 -0.014652114357271089 -0.023861420225246698 -0.0040063803249360749 0.0050820133578246907 -0.0075297467374792863 -0.0021389987864079856 0.014514351609844503 -0.0030390749500253849 -0.010777356528555736 -0.0019354151873564188 -0.030029998333879735 -0.0016981758197006775 -0.025892569120841872 0.00085962148533120933 -0.035073979972613877 -0.0061026938531626215 0.00084305252531834401 0.0016630638151480955 -0.0058357182530928333 0.00020462376390717937
leaf_weight=448.53925743699074 13.362639248371122 1327.8009199798107 16.480588406324387 3296.1176812648773 409.78760361671448 55.232242226600647 4670.687838613987 17942.906561404467 10707.482829719782 69.485724091529846 49.887186527252197 44.542130827903748 479.27332770824432 465.46526715159416 130.06302201747894 32.070334196090698 103.33774352073669 18.26227363944054 53.450556993484497 185.29526424407959 37.415389895439148 47.214658677577972 44.542130827903748 214.24764928221703 12.917217940092085 144.76192519068718 878.3708199262619 2464.5160987079144 513.57076844573021 725.14588987827301
leaf_count=476 30 746 31 1850 230 31 8491 10181 17874 39 28 25 269 262 73 18 223 41 30 104 21 106 100 481 29 316 493 1399 289 416
internal_value=5.37513e-05 0.00218327 -3.26096e-05 -0.00125087 -0.00114409 -0.00506956 8.23332e-05 0.000225291 0.00091287 -9.90299e-05 -0.00310538 -0.00724047 -0.00585042 0.000111878 6.49102e-06 0.0140586 0.0184902 0.000736848 -0.000601483 -0.00706962 -0.0127048 -0.00479834 -0.0135956 -0.00146753 -0.0169882 0.000909255 0.000165651 0.000122134 -7.59262e-05 -0.00230238
internal_weight=45602.2 1776.34 43825.9 3777.62 3761.14 465.02 40048.3 35377.6 11338.2 24039.4 1575.01 593.301 548.759 22464.4 21998.9 148.771 116.7 11189.4 981.709 352.774 167.478 337.184 91.7568 245.427 31.1795 10852.2 931.821 21646.1 19181.6 1238.72
internal_count=44702 1222 43480 2142 2111 261 41338 32847 19218 13629 884 333 308 12745 12483 271 253 18947 551 198 94 757 206 551 70 18190 523 12285 10886 705
is_linear=0
shrinkage=0.03


Tree=135
num_leaves=31
num_cat=0
split_feature=24 42 43 3 25 35 50 9 25 25 24 25 5 21 25 4 25 48 32 25 40 8 24 5 24 16 5 21 25 9
split_gain=7.83603 13.8029 6.99674 7.45992 11.1198 15.111 12.416 12.0585 54.3203 20.9637 23.0079 19.6365 17.265 14.3695 15.0331 12.8139 12.5588 11.2291 11.0935 10.3811 57.9765 20.3783 38.8529 19.0355 14.0719 18.0222 16.7866 11.9142 9.91579 16.2955
threshold=0.79184907943689831 0.088416580151497684 -0.032118441314856937 6.7965000000000009 -0.98801846520836312 0.0042861015698034011 32.156850000000006 11.192500000000001 -0.96234030595689413 -0.97507822412530132 -0.25309334970420783 -0.95502570686053045 31.862450000000006 -3.5720357350769709 -0.88220415136009767 9.917600000000002 -0.97315270831292444 0.12923782311117024 17.522483333333337 -0.93845867424155849 16.163659663984319 11.356050000000002 0.29033824002281988 31.969450000000005 -0.64578423485557612 25.708300000000005 30.784700000000004 -2.1680342672823785 -0.95998493203694346 9.2231000000000023
decision_type=2 2 2 2 2 2 2 8 2 2 2 2 8 2 2 10 2 2 2 2 2 8 2 10 2 2 10 2 2 10
left_child=2 -2 -1 28 5 -5 18 11 9 12 -11 -6 -9 14 -10 -15 -12 -8 -7 20 -17 22 -22 -24 -21 -26 -27 -23 29 -4
right_child=1 -3 3 4 7 6 17 8 13 10 16 -13 -14 15 -16 19 -18 -19 -20 24 21 27 23 -25 25 26 -28 -29 -30 -31
leaf_value=0.0090377458047579892 -0.00060337874185489274 -0.0058075896835280642 0.0039068036254760498 -0.020009206167915836 0.0039512607050950135 -0.014543365297070119 0.0064485752338057185 -0.0029206468164420778 0.031754578461405433 0.0031128370146571967 -0.042576527004632693 0.00072971524784376301 -0.039741498443850463 -0.021817189748183283 0.005390913017238444 0.037500531492153877 -0.019539570376522923 -0.0047015998952612695 0.00074124816320962714 0.00096989819959186633 -0.035414484713461938 0.026811547464554792 0.015681490693479922 -0.022598409813890233 -0.00092739715220393874 -0.016331897073812576 0.0011066297873531783 0.0029732148118731634 -0.00072854750176233499 -0.00049313436727288528
leaf_weight=77.503307640552521 3297.8993664979935 531.83304208517075 1185.2661013305187 37.415389895439148 2093.0347276031971 42.760445594787598 88.19341903924942 211.12970012426376 22.716486722230911 33.852019429206848 27.170699805021286 9119.5558657050133 11.135532706975935 22.716486722230911 112.24616968631744 42.31502428650856 108.68279922008514 930.48511299490929 1827.1182065606117 5346.8373845815659 35.633704662322998 18.707694947719574 38.75165382027626 15.58974578976631 3297.4539451897144 134.07181379199028 78.394150257110596 458.33852621912956 14541.669451385736 2095.7072554528713
leaf_count=174 1851 324 1998 39 1177 24 198 474 48 76 61 5159 25 42 144 95 244 643 1558 7930 41 42 87 35 4883 301 71 456 15631 1189
internal_value=-2.84446e-05 -0.00132741 8.9876e-05 7.31403e-05 0.000416669 -0.00131682 -0.00106786 0.000655652 -0.000100874 -0.0110337 -0.0189454 0.00133137 -0.00493512 0.000345513 0.0100293 0.000206735 -0.0244244 -0.00373088 0.000384132 0.000261886 0.0040462 0.00148798 -0.0115295 0.00448965 1.10209e-06 -0.00147457 -0.00992251 0.00396218 -0.000392427 0.00109707
internal_weight=45884.2 3829.73 42054.5 41976.9 24154.3 2925.97 2888.56 21228.3 10015.7 391.971 169.706 11212.6 222.265 9623.77 134.963 9488.81 135.853 1018.68 1869.88 9466.09 609.336 567.021 89.9751 54.3414 8856.76 3509.92 212.466 477.046 17822.6 3280.97
internal_count=45020 2175 42845 42671 23853 2462 2423 21391 15055 880 381 6336 499 14175 192 13983 305 841 1582 13941 756 661 163 122 13185 5255 372 498 18818 3187
is_linear=0
shrinkage=0.03


Tree=136
num_leaves=31
num_cat=0
split_feature=3 21 25 5 9 25 5 33 24 4 11 36 24 47 21 24 4 24 5 33 9 4 3 21 27 24 5 43 6 21
split_gain=8.26639 9.01786 14.5653 17.1658 7.79282 13.668 29.4417 12.3081 9.09844 25.3311 10.1876 7.51914 7.06966 16.5586 11.491 12.9648 17.9704 10.267 8.31066 6.93072 26.9971 15.7368 8.54818 8.34324 10.9519 8.53974 7.46528 7.20021 7.71321 6.8699
threshold=6.2885000000000009 0.70043874632799252 -0.99966479353140603 31.843850000000007 7.2388000000000012 -0.73284120334876357 29.711350000000003 0.066666953332754353 0.3714672281037254 18.868900000000004 16.871750000000002 10.033500000000002 -0.72696319516528884 19.347050000000007 -1.9644845269881797 -0.64578423485557612 27.543850000000003 -0.54939360607974019 30.263050000000003 0.64304433491530533 7.1201500000000015 18.237350000000003 6.6205000000000007 -3.3504502600271819 16.258250000000004 0.48030317736429479 31.890650000000004 0.0017543619266848292 7.775500000000001 -1.2014943318586615
decision_type=2 2 2 10 10 2 10 2 2 10 2 2 2 2 2 2 10 2 10 2 10 8 2 2 2 2 8 2 8 2
left_child=1 4 3 -3 5 6 -1 -6 9 -8 -10 12 -2 19 -15 -16 17 -17 -18 27 21 -21 -23 -22 25 -25 -24 -14 -29 -13
right_child=11 2 -4 -5 7 -7 8 -9 10 -11 -12 29 13 14 15 16 18 -19 -20 20 23 22 26 24 -26 -27 -28 28 -30 -31
leaf_value=0.044048203182815722 0.00096067759180347293 0.00017748609325878354 -0.0020123269991326239 -0.054578842582156728 -0.00026079368489612028 -0.00062191485002958307 0.026991276766427645 -0.0047282018055000855 0.003055866703353696 0.0035232066496843173 -0.013261362001975851 0.0044516276587666858 -0.0014697338164411931 0.0055374949098431605 0.0017128357153921487 0.0081684495777134686 -0.036652234419773687 -0.0047876665758064428 -0.012256080680149261 0.030759808811337632 -0.00042496937050615221 0.020667502417808799 0.0029238677133797352 -0.026260345140347464 -0.0039947150900564235 -0.009866104404626647 -0.0271322146245777 0.006274512359945186 0.00025823912173715525 -7.5698238318162885e-05
leaf_weight=15.58974578976631 7388.2032404243946 10.244690090417864 2778.9835423529148 9.3538474738597852 4669.3515746891499 1173.2397260069847 43.651288211345673 628.93488729000092 90.420525580644608 575.92975160479546 54.341399610042572 706.88361623883247 2248.0413428843021 118.48206800222397 260.12604403495789 58.795612692832947 12.917217940092085 705.9927736222744 175.49599546194077 26.725278496742249 128.28133678436279 15.144324481487272 25.834435880184174 46.769237369298935 141.19855472445488 76.612465023994446 9.3538474738597852 192.42200517654419 22744.99368596077 525.59714376926422
leaf_count=35 9885 23 3500 21 2656 2514 98 353 203 1293 122 483 2086 266 584 132 29 1585 394 60 72 34 58 27 80 43 15 108 17506 514
internal_value=6.6175e-06 -0.000753158 -0.00219938 -0.0273371 -0.000194787 0.00142453 0.00449982 -0.000791891 0.00363668 0.00521743 -0.00311833 0.000221073 0.00013849 -8.66247e-05 -0.00334688 -0.00421829 -0.00583698 -0.00378226 -0.0141133 8.27441e-05 -0.00352317 0.0126063 0.00255589 -0.00671087 -0.0097455 -0.0162417 -0.0055947 0.000150162 0.000308981 0.00252243
internal_weight=45657.9 10050 2798.58 19.5985 7251.46 1953.17 779.933 5298.29 764.343 619.581 144.762 35607.9 34375.4 26987.2 1331.81 1213.33 953.202 764.788 188.413 25655.4 469.919 77.0579 50.3326 392.862 264.58 123.382 35.1883 25185.5 22937.4 1232.48
internal_count=44779 10818 3544 44 7274 4265 1751 3009 1716 1391 325 33961 32964 23079 2990 2724 2140 1717 423 20089 389 167 107 222 150 70 73 19700 17614 997
is_linear=0
shrinkage=0.03


Tree=137
num_leaves=31
num_cat=0
split_feature=35 18 41 25 29 43 9 19 25 16 21 23 25 4 22 48 9 16 5 25 4 21 21 3 3 42 25 40 5 35
split_gain=8.37418 7.86013 7.59528 12.2062 8.73189 20.4033 8.64287 8.23542 7.56134 9.43768 9.40926 9.94434 7.75351 6.64617 6.53409 8.2016 6.48634 14.235 8.63067 9.62763 16.3083 7.21722 6.99188 6.86442 8.47193 10.1049 6.69889 9.94537 6.40614 6.36054
threshold=0.12233292686210413 -1.7900057095709554 9.6007500000000014 -0.98801846520836312 11.80091735537191 0.072487795892051218 9.2641500000000025 6.1343834917491753 -0.78324956448884031 25.784450000000003 -4.597843699634228 -0.3794095225512602 -0.80417042486635371 29.723050000000004 0.12940952255126045 0.24826788047932313 10.618150000000002 12.932842975206626 31.944750000000003 -0.99052477729077237 18.237350000000003 3.7511450528144734 2.260406314814944 7.8185000000000011 6.2325000000000008 0.33879340177644479 -0.84774213365954088 13.112110711037205 30.023400000000002 0.027472361869098117
decision_type=2 2 2 2 2 2 8 2 2 2 2 2 2 8 2 2 8 2 10 2 10 2 2 2 2 2 2 2 8 2
left_child=8 2 3 7 6 -6 -4 -2 9 16 11 -10 -11 -12 15 -7 18 26 19 -1 23 28 -20 24 -21 -26 27 -18 -19 -25
right_child=1 -3 4 -5 5 14 -8 -9 10 12 13 -13 -14 -15 -16 -17 17 21 22 20 -22 -23 -24 29 25 -27 -28 -29 -30 -31
leaf_value=-0.0088647754899423489 -0.023983481728695882 0.00012335383646885578 -0.0095865873514471549 0.0013432997142444367 -0.015640891138802456 -0.011395667121079778 0.010145253930945265 -0.0054286297503229651 7.0146526398771905e-05 -0.0069114516976675642 -0.00016259989017860163 0.030991875792877922 -0.032943974429970983 -0.012054985083707222 0.0038927736462359419 0.0011359370868469765 0.03957284328502382 0.018650181085060252 0.00015140559143341726 -0.008029727939813663 0.0031097094592098663 -0.016933707580450354 -0.013160161677055689 -0.014661981895844934 -0.0010208639810360665 -0.015051389298936638 0.0041614069760433281 0.0087510257868418807 -0.00058765867164378976 -0.00314251006409857
leaf_weight=260.12604403495789 26.279857188463211 24114.66420891881 21.380222797393799 363.46378755569458 56.568506151437759 49.44176521897316 201.33043134212494 106.90111398696899 19.598537564277649 39.197075128555298 13786.234912544489 16.926009714603424 13.362639248371122 41.424181669950485 1159.8770867586136 688.62134259939194 14.253481864929197 14.698903173208235 1159.4316654503345 261.90772926807404 346.53777784109116 23.161908030509949 35.633704662322998 99.774373054504395 784.38692387938499 48.105501294136047 55.232242226600647 26.725278496742249 2039.5841706097126 76.612465023994446
leaf_count=146 26 24421 12 273 46 72 161 162 44 67 13575 38 30 93 759 388 32 33 653 147 196 52 20 56 441 27 124 60 2743 43
internal_value=-4.80226e-05 0.000294504 0.00183743 -0.00150798 0.00260089 0.00195712 0.00821661 -0.00924141 -0.000526843 -0.00149067 -0.000158398 0.0148438 -0.0140214 -0.000199096 0.00248959 0.00028218 -0.00136248 -0.00010819 -0.00224951 -0.00351752 -0.00265254 -0.00063294 -0.000256181 -0.00422508 -0.0033339 -0.0018487 0.0111125 0.020159 -0.000441 -0.0097045
internal_weight=45951.4 26788.5 2673.86 496.645 2177.22 1954.51 222.711 133.181 19162.9 5298.73 13864.2 36.5245 52.5597 13827.7 1897.94 738.063 5246.17 2173.66 3072.52 1877.45 1617.32 2077.44 1195.07 1270.79 1094.4 832.492 96.211 40.9788 2054.28 176.387
internal_count=44940 26320 1899 461 1438 1265 173 188 18620 4870 13750 82 97 13668 1219 460 4773 3044 1729 1056 910 2828 673 714 615 468 216 92 2776 99
is_linear=0
shrinkage=0.03


Tree=138
num_leaves=31
num_cat=0
split_feature=43 3 7 24 47 26 21 24 25 35 33 9 33 27 21 24 21 3 6 30 49 26 24 30 27 49 7 15 33 21
split_gain=7.84832 7.7202 8.32173 10.5659 18.5343 27.907 12.3692 13.5006 13.9799 10.5471 10.4022 17.9358 10.3748 9.75655 17.1691 9.71296 9.53157 8.89152 8.93299 8.49277 7.74825 7.24511 7.05991 12.2372 7.82994 6.95981 6.82727 10.4811 6.32909 6.16997
threshold=-0.032118441314856937 6.2885000000000009 31.918050000000004 -0.61913973745509387 13.885650000000002 27.550550000000005 -1.9236988104387842 -0.55657520495441892 -0.99983123799342477 0.010431235145785216 0.64304433491530533 11.741050000000001 0.11458866727022742 16.136750000000003 -2.4455155454794171 0.43442111757849838 -0.84717367433610657 8.1975000000000016 20.319450000000003 10.38642603305798 31.272350000000007 22.727150000000005 0.27383534524298775 15.145300000000002 18.914650000000005 30.549250000000004 31.863350000000001 18.890391818481852 0.64304433491530533 -2.5434395362821509
decision_type=2 2 10 2 2 2 2 2 2 2 2 8 2 2 2 2 2 2 8 2 2 2 2 2 2 2 8 2 2 2
left_child=-1 22 3 -3 10 6 15 -8 21 28 29 13 25 14 -12 -6 -13 18 20 -20 -10 -9 -2 -24 -25 -7 -15 -28 -4 -5
right_child=1 2 9 4 5 12 7 8 17 -11 11 16 -14 26 -16 -17 -18 -19 19 -21 -22 -23 23 24 -26 -27 27 -29 -30 -31
leaf_value=0.0090771177133380926 -0.00031158041560336324 0.00069847090534872738 -0.00075911115261502514 -0.0013380873883918293 0.0040212384645186127 -0.036839959722575095 0.0070448611622034108 0.036873171548567001 -0.00011281139423313695 0.0013338732385556951 -0.0046387562280022143 0.025905646072464223 -0.0013585913805016475 -0.014430291175081857 -0.032661573050544339 -0.02620251158465824 -0.00021736797500872693 -0.015072677659601765 0.014036369474501351 -0.0038235629143071582 -0.016450945077579236 0.0011281445648763631 -0.0019509160243787419 -0.005918163590243595 -0.037309415167395964 -0.017198431030909178 0.004775342918196205 -0.013811110248654982 -0.01529535115323514 0.00023309926953070422
leaf_weight=84.63004857301712 7672.3820351064205 8988.1565797626972 2309.9549047350883 2859.1593778431416 287.74216514825821 22.716486722230911 95.765581279993057 9.7992687821388262 36.524547278881073 8960.0950373411179 42.760445594787598 20.043958872556686 27.170699805021286 48.105501294136047 36.079125970602036 8.9084261655807477 31.179491579532623 73.494515866041183 23.607329338788986 968.79134550690651 90.865946888923645 9.7992687821388227 2296.1468441784382 15.144324481487276 13.362639248371122 66.367774933576584 84.184627264738083 39.197075128555298 26.279857188463211 10533.323098182678
leaf_count=190 8276 9790 2135 1736 643 51 215 22 82 8401 24 42 61 27 21 11 58 165 53 2175 204 22 2359 25 30 149 48 22 17 7766
internal_value=3.29863e-06 -1.37041e-05 0.000192643 -0.000118988 -0.000595627 -0.00352851 -0.00249483 -0.00374828 -0.00460557 0.000865819 -0.000226687 -0.00572758 -0.017659 -0.00903622 -0.0177112 0.00302864 0.010305 -0.00502478 -0.00435245 -0.00338501 -0.0118039 0.0199231 -0.00075053 -0.0021985 -0.0213986 -0.0225604 -0.00496841 -0.00119294 -0.000929101 -0.000102408
internal_weight=45781.7 45697.1 35700.1 24403.7 15415.6 1721.55 1605.3 1308.65 1212.88 11296.3 13694 301.55 116.255 250.327 78.8396 296.651 51.2235 1193.28 1119.79 992.399 127.39 19.5985 9997.04 2324.65 28.507 89.0843 171.487 123.382 2336.23 13392.5
internal_count=44820 44630 33940 23387 13597 3853 3592 2938 2723 10553 9744 242 261 142 45 654 100 2679 2514 2228 286 44 10690 2414 55 200 97 70 2152 9502
is_linear=0
shrinkage=0.03


Tree=139
num_leaves=31
num_cat=0
split_feature=21 42 5 24 41 24 24 11 24 21 41 23 24 5 5 8 5 23 15 8 42 15 9 5 23 24 8 3 3 23
split_gain=7.1831 9.98707 7.80723 7.53013 15.7024 16.9345 12.9792 39.966 10.9116 10.329 9.87985 15.0163 9.93261 19.9961 14.8401 10.7195 11.1099 10.9771 10.6082 9.71025 9.18574 7.96021 7.82097 12.1271 9.92929 11.7306 9.4032 8.94491 10.1918 6.94655
threshold=0.86422784876024228 0.55782097127696384 30.705050000000004 0.59608197715088396 8.4977500000000017 0.52490632455031438 0.12225609522135446 21.123150000000006 0.56811179347017271 2.89127383020702 9.2164500000000018 -0.5 0.070897839638973045 31.881550000000001 31.942050000000005 9.514050000000001 31.869050000000005 1.0000000180025095e-35 20.819055624908078 10.087600000000002 0.42510285692313615 21.952341997790707 10.062750000000001 32.000750000000004 -0.70710678118654757 0.17328881712428665 9.3154000000000021 6.4025000000000007 7.3225000000000007 0.25881904510252057
decision_type=2 2 10 2 2 2 2 2 2 2 2 2 2 10 10 10 10 2 2 10 2 2 8 10 2 2 10 2 2 2
left_child=1 -1 -3 4 5 9 10 8 22 -2 11 -6 15 18 -15 16 17 -12 -14 21 -9 -17 -8 24 25 -24 -25 -27 -29 -20
right_child=3 2 -4 -5 6 -7 7 20 -10 -11 12 -13 13 14 -16 19 -18 -19 29 -21 -22 -23 23 26 -26 27 -28 28 -30 -31
leaf_value=4.1955603466629824e-05 0.03062724421479044 0.012929523684812079 0.0017132784453960134 -0.0037942630065811579 -0.042485902958401316 0.0030302666184877734 -0.00037684569928960924 -0.0097163845035218507 0.011129513078128477 -0.0010510756189842456 -0.038242964519200277 -0.0042642436253337284 0.021729878333249585 -0.0170866239091906 0.0030737726264712232 0.013895927576895704 0.0052428824390306347 -0.0098927550728854056 0.012997566153412717 -0.00054457216460573475 -0.027945968674606511 0.0010198464294390969 0.010312046441881136 -0.0035717897216412651 -0.0013997953970876023 0.0019887600000818959 -0.037637910530438343 -0.030555684064885461 -0.0044720827808578702 -0.01397055666353641
leaf_weight=35587.380846261978 34.297440737485886 56.123084843158722 2573.6443192362785 705.54735231399536 11.135532706975935 287.74216514825821 553.21326488256454 41.869602978229523 53.450556993484497 12.471796631813048 15.58974578976631 40.087917745113373 73.939937174320221 37.415389895439148 226.27402460575104 75.721622407436371 28.506963729858398 52.114293068647385 18.707694947719574 4519.2445937991142 66.367774933576584 99.328951746225357 16.035167098045349 12.471796631813051 269.92531281709671 16.926009714603424 17.371431022882462 42.760445594787598 20.043958872556686 14.253481864929197
leaf_count=33123 71 126 1635 1038 25 409 312 91 105 28 35 90 166 33 127 143 61 111 42 5805 149 106 24 28 513 38 33 96 45 32
internal_value=8.50334e-06 0.000173812 0.00195747 -0.000849451 -0.000536832 0.00578779 -0.000872305 -0.00381559 -0.0019354 0.0223345 -0.000244654 -0.0132277 -0.00011326 0.00461176 0.00015943 -0.000479671 -0.0103403 -0.0168824 0.0154909 -0.000275416 -0.0210477 0.00663695 -0.00268239 -0.00589796 -0.00436106 -0.012607 -0.0239787 -0.017287 -0.0224317 0.0012677
internal_weight=45580 38217.1 2629.77 7362.81 6657.27 334.511 6322.76 1110.44 1002.2 46.7692 5212.32 51.2235 5161.1 370.591 263.689 4790.51 96.211 67.704 106.901 4694.3 108.237 175.051 948.747 395.534 365.691 95.7656 29.8432 79.7304 62.8044 32.9612
internal_count=44640 34884 1761 9756 8718 508 8210 1434 1194 99 6776 115 6661 400 160 6261 207 146 240 6054 240 249 1089 777 716 203 61 179 141 74
is_linear=0
shrinkage=0.03


Tree=140
num_leaves=31
num_cat=0
split_feature=33 47 40 3 27 18 15 47 16 11 25 23 7 4 43 33 22 5 25 24 4 47 4 5 23 7 46 7 6 40
split_gain=7.56725 23.0744 10.2602 9.63045 9.60115 8.0828 7.25947 15.4671 15.4643 6.50751 6.46496 14.7585 13.3281 12.6482 9.67102 9.59783 6.16559 6.15973 10.5562 20.2237 16.2474 15.3358 10.6909 9.85549 8.08543 6.78561 5.91429 5.9415 7.79965 6.03004
threshold=0.64304433491530533 12.963129338843343 17.996783415546883 7.2335000000000003 12.744950000000001 -2.2463686732673263 18.890391818481852 10.355833471074376 14.439000000000002 29.498450000000002 -0.98521978256641018 0.91597561503675351 31.889650000000007 20.492750000000004 0.39122883739556774 0.22706010364365473 1.0000000180025095e-35 30.454450000000005 -0.61236746317008228 -0.70898476237405783 27.408000000000005 20.904247933884434 28.862700000000004 30.263050000000003 1.0000000180025095e-35 31.382450000000002 0.24062063402717107 32.009550000000011 11.461350000000001 12.501748445410453
decision_type=2 2 2 2 2 2 2 2 2 2 2 2 10 10 2 2 2 8 2 2 10 2 10 10 2 8 2 10 10 2
left_child=5 4 3 -3 -2 10 7 26 -9 17 11 12 15 -14 -15 -1 -11 18 19 22 21 -21 -7 -22 -23 -19 27 28 29 -6
right_child=1 2 -4 -5 6 9 -8 8 -10 16 -12 -13 13 14 -16 -17 -18 25 -20 20 23 24 -24 -25 -26 -27 -28 -29 -30 -31
leaf_value=0.0035425838770619974 -0.017739605487866936 0.044170075155241482 0.0030760672214665322 0.0049210933932853362 0.0027868368198417505 0.023987284552372753 -0.0099351014392023707 0.039174475770303079 0.0022338978903341479 -0.00026342398427322633 0.0040767075020385806 -0.022119426125875447 -0.033289841677193656 0.0010213497514407819 -0.012833503598475132 0.02018049501836441 -0.012247380378376001 -0.0023418826320323258 -0.00067361311806574044 0.00087690432348060717 -0.035451070648504404 0.010289476743563852 0.0065663347108435481 -0.005333076610654945 0.035845447524134787 1.461438005952577e-07 0.0063404916353384895 0.0038210932840291932 0.0041105187343558917 -0.013845473421503954
leaf_weight=120.26375323534012 50.778029143810272 14.253481864929201 29.397806346416473 9.3538474738597852 22.716486722230911 66.813196241855621 132.73554986715317 14.253481864929197 31.179491579532623 78.394150257110596 785.27776649594307 25.389014571905136 10.690111398696898 250.32677525281906 54.341399610042572 41.424181669950485 75.276201099157333 1142.9510770440102 470.81032285094261 209.34801489114761 13.362639248371122 34.297440737485886 61.468140542507172 32.070334196090698 16.480588406324387 41675.399287819862 39.197075128555298 43.205866903066635 35.633704662322998 130.06302201747894
leaf_count=87 33 29 66 18 18 150 103 29 52 176 470 18 6 223 35 27 169 1714 1054 119 30 77 138 72 37 39681 22 37 20 79
internal_value=-6.32686e-06 -0.00349195 0.0151505 0.0294506 -0.00549548 3.64101e-05 -0.00407439 -0.00159097 0.0144172 -3.23689e-05 0.00237815 -0.000279431 0.000926761 -0.00266373 -0.00148374 0.00790303 -0.00617506 -1.06389e-05 0.00243773 0.00580799 0.00159418 0.00449686 0.0157551 -0.014764 0.0191161 -6.24229e-05 -0.00431971 -0.00614325 -0.00843633 -0.0113704
internal_weight=45717.2 552.768 53.0051 23.6073 499.763 45164.4 448.985 316.249 45.433 43876.7 1287.71 502.435 477.046 315.358 304.668 161.688 153.67 43723 904.651 433.84 305.559 260.126 128.281 45.433 50.778 42818.4 270.816 231.619 188.413 152.78
internal_count=44789 506 113 47 393 44283 360 257 81 43417 866 396 378 264 258 114 345 43072 1677 623 335 233 288 102 114 41395 176 154 117 97
is_linear=0
shrinkage=0.03


Tree=141
num_leaves=31
num_cat=0
split_feature=18 9 3 21 8 27 5 24 24 40 48 32 18 9 44 9 21 25 4 24 25 18 33 24 23 4 27 27 33 24
split_gain=7.72106 6.99136 7.55769 6.13863 14.0451 5.79274 6.60578 16.7971 20.1832 11.7574 8.46695 7.20529 6.90975 6.51927 5.92663 8.72096 33.4156 18.9233 92.0892 24.4891 18.8045 27.16 17.9695 17.01 31.199 19.5132 18.674 16.1651 16.0509 15.7035
threshold=-2.4783585214521433 9.5270500000000009 8.0935000000000006 3.7511450528144734 9.3480500000000024 29.493550000000003 30.263050000000003 -0.78856175031405207 -0.60554068365937697 25.697164795768838 0.10715662170243873 27.611900000000002 -0.60966663366336504 11.701500000000001 3.5073748662880093 12.942850000000002 -3.2464538422438785 -0.98372925196996197 20.893350000000005 0.12225609522135446 -0.9575230291762723 -0.3984608140086347 0.046424160376585817 0.24059136628141839 -0.3794095225512602 17.744450000000004 19.747200000000003 20.813450000000007 0.066666953332754353 -0.25309334970420783
decision_type=2 10 2 2 8 2 8 2 2 2 2 2 2 10 2 8 2 2 10 2 2 2 2 2 2 10 2 2 2 2
left_child=1 -1 -3 5 -5 6 7 -2 10 13 11 -9 -11 -10 15 22 28 18 27 -20 21 23 -8 26 25 -25 -19 -18 -17 -28
right_child=3 2 -4 4 -6 -7 14 8 9 12 -12 -13 -14 -15 -16 16 17 20 19 -21 -22 -23 -24 24 -26 -27 29 -29 -30 -31
leaf_value=-0.00027982337446553053 -0.00086995502595659912 0.0016644623123969417 0.0092931174745396507 -0.019188992708189311 -0.0016027441895976773 -0.0056796514346439189 0.00038466791500566189 0.045440127804573557 0.019855706245730406 -0.033913718135057315 0.0057361555059577789 0.018830176462241912 0.00055569238438468542 0.0013366591629110282 -0.0010819624231501485 0.0057420170510974478 0.041416987961079878 0.012576063234480656 0.003618229195391039 -0.013359414179821144 0.00065207471601778694 0.034216752775941904 -0.0011386473958906469 -0.001845575612005325 -0.0046045966926423114 -0.044013946407836291 0.0052622040584684197 0.013930332717989919 0.022053293323489251 -0.0085773094093706762
leaf_weight=354.10994008183479 413.35097408294678 245.87256217002869 222.71065413951874 46.323816061019897 301.55022570490837 159.90624967217445 20170.013102799654 10.24469009041786 19.598537564277649 11.580954015254976 40.978760361671448 78.839571565389633 8.9084261655807477 102.00147959589958 4288.5163561105728 137.18976294994354 63.695247083902359 60.131876617670059 491.29970303177834 89.529682964086533 6925.8559224307537 14.698903173208235 10647.796374410391 13.362639248371122 100.21979436278343 37.860811203718185 96.656423896551132 29.397806346416473 89.97510427236557 303.33191093802452
leaf_count=285 928 138 125 104 596 359 11434 23 44 26 59 177 17 58 7639 299 143 135 1103 201 13308 33 5998 30 225 85 217 66 190 681
internal_value=2.40149e-05 0.00290219 0.00530232 -2.89583e-05 -0.00399287 2.18463e-06 2.28473e-05 0.00294274 0.00871552 0.000877182 0.0172066 0.0223608 -0.0195986 0.00445902 -2.317e-05 9.2478e-05 0.000946024 0.00063183 0.00544472 0.000982813 0.000201682 -0.00477232 -0.000141669 -0.00576375 -0.0144513 -0.0332595 -0.00287921 0.0329773 0.0122709 -0.00522823
internal_weight=45575.5 822.693 468.583 44752.8 347.874 44404.9 44245 685.503 272.152 142.089 130.063 89.0843 20.4894 121.6 43559.5 39271 8453.21 8226.04 673.922 580.829 7552.12 626.262 30817.8 611.563 151.443 51.2235 460.12 93.0931 227.165 399.988
internal_count=44726 548 263 44178 700 43478 43119 1332 404 145 259 200 43 102 41787 34148 16716 16227 1513 1304 14714 1406 17432 1373 340 115 1033 209 489 898
is_linear=0
shrinkage=0.03


Tree=142
num_leaves=31
num_cat=0
split_feature=7 35 24 5 32 23 8 21 3 8 5 24 3 45 41 21 40 21 3 9 21 33 49 9 21 29 5 33 30 8
split_gain=8.54089 11.6523 11.1073 7.69462 9.80598 10.2334 7.69579 7.20561 6.9023 6.40374 7.88383 6.16457 7.07813 5.71108 7.70911 12.8097 8.20053 7.34041 5.33838 8.60559 6.17679 5.31267 5.20438 8.2283 23.5601 9.24596 8.9999 15.5143 10.3145 9.58449
threshold=31.918050000000004 0.010431235145785216 -0.59869031648930193 30.939150000000001 27.764133333333337 1.0000000180025095e-35 22.112650000000006 3.7511450528144734 8.1245000000000029 10.382250000000001 31.862450000000006 0.88469195212971963 7.9855000000000009 -0.61196350030139757 9.4836000000000009 2.3071158109760224 19.437238871861716 -2.0723421013733048 7.5965000000000016 10.388400000000003 -1.9078648461750392 0.64304433491530533 32.038950000000007 11.144150000000002 -1.5043993928638135 18.973120247934492 31.831750000000003 0.56666910332809517 17.471190495867774 11.407150000000001
decision_type=10 2 2 10 2 2 10 2 2 8 10 2 2 2 2 2 2 2 2 8 2 2 2 10 2 2 10 2 2 10
left_child=2 21 8 4 6 -6 18 13 -1 10 -9 22 -13 14 15 -3 17 -16 19 -4 -21 -2 23 26 -25 -26 -5 28 -28 -29
right_child=1 7 3 11 5 -7 -8 9 -10 -11 -12 12 -14 -15 16 -17 -18 -19 -20 20 -22 -23 -24 24 25 -27 27 29 -30 -31
leaf_value=0.0001675876629455531 -0.00097048738352242391 0.0020672980251642058 -0.022523555621278953 0.00018873291810853751 -0.0041588586291713345 -0.027920964860352285 0.01542046060858944 -0.00054144277356291657 0.0024802499468366745 -0.00010772252454366513 -0.026120399141546461 -0.0020486367281062111 -0.010778089130860511 0.00099124651105729033 0.0070561436121549578 -0.0271448327749843 0.0012221111869502063 0.020391942175534274 -0.0085486320305690686 0.01715368815165403 -0.0017090193203481794 -0.013149404407652021 0.0015932414695391667 -0.011433744392619618 -0.011515393382991273 -0.0006248085230139514 -0.0014733709227451285 -0.0062654698759013559 0.002279691306362722 -0.023114202194509267
leaf_weight=11803.664669394493 2761.6121113300323 72.158251941204071 16.480588406324387 8802.4158942103386 37.415389895439148 28.506963729858398 19.598537564277649 18.707694947719574 1287.2675809264183 54.786820918321609 24.943593263626099 397.31580698490143 105.11942875385284 10436.666674286127 142.08939734101295 15.58974578976631 146.98903173208237 50.332607835531235 133.18097117543221 15.144324481487272 487.290911257267 31.624912887811661 983.93566998839378 235.18245077133179 73.049094557762146 1339.3818739950657 5336.592694491148 187.52237078547478 750.98032575845718 35.633704662322998
leaf_count=12682 2726 111 10 9559 84 64 44 42 1282 114 56 223 59 10102 130 35 195 95 257 31 998 20 739 132 41 754 3758 130 450 23
internal_value=-8.9084e-06 0.000616442 -0.000277098 -0.000740657 -0.00374259 -0.014698 -0.00264713 0.00105718 0.00039517 -0.00698261 -0.0154156 -0.000619109 -0.00389279 0.00113067 0.00452683 -0.00337006 0.00657232 0.0106318 -0.00321293 -0.0018297 -0.00110752 -0.00111303 -0.000526202 -0.000650711 -0.00266323 -0.0011958 -0.000431147 -0.00129567 -0.00101008 -0.009047
internal_weight=45831.2 13755.5 32075.7 18984.7 737.618 65.9224 671.695 10962.3 13090.9 98.4381 43.6513 18247.1 502.435 10863.8 427.159 87.748 339.411 192.422 652.097 518.916 502.435 2793.24 17744.7 16760.8 1647.61 1412.43 15113.1 6310.73 6087.57 223.156
internal_count=44946 13626 31320 17356 1488 148 1340 10880 13964 212 98 15868 282 10668 566 146 420 225 1296 1039 1029 2746 15586 14847 927 795 13920 4361 4208 153
is_linear=0
shrinkage=0.03


Tree=143
num_leaves=31
num_cat=0
split_feature=18 5 22 3 47 27 45 7 5 25 3 48 42 47 21 47 12 47 24 22 15 24 27 4 25 5 8 4 18 8
split_gain=8.69824 15.0142 7.30142 10.0394 8.93941 6.92532 6.91507 11.6609 9.57255 10.7182 18.8558 6.71947 6.30066 13.6184 9.97474 11.93 22.0065 10.1589 24.0022 30.1206 14.2689 11.1754 22.2973 15.3549 10.9784 16.3443 13.294 13.3023 12.6778 9.86879
threshold=-0.70604749234916475 32.223050000000008 0.25881904510252091 6.2655000000000003 8.8627500000000001 28.066150000000004 -0.42962272640637905 31.703650000000007 31.927750000000007 -0.99761278905001471 7.8565000000000014 0.24322103351274724 0.31441150459491679 8.6612500000000008 -2.8890864837557833 11.662050000000002 16.854300000000006 11.140150000000002 0.24059136628141839 -0.60355339059327362 18.760757630363042 0.1051661082335764 21.696900000000003 22.225050000000007 -0.98932651372861458 31.653050000000004 9.6327000000000016 19.160950000000003 -1.6130952412239628 9.7095500000000019
decision_type=2 8 2 2 2 2 2 8 10 2 2 2 2 2 2 2 2 2 2 2 2 2 2 10 2 10 8 10 2 10
left_child=1 2 5 4 -4 12 7 -5 9 10 11 -9 -1 -14 15 16 -15 24 20 -20 -19 22 -22 -23 25 -16 28 -28 -27 -21
right_child=-2 -3 3 6 -6 -7 -8 8 -10 -11 -12 -13 13 14 17 -17 -18 18 19 29 21 23 -24 -25 -26 26 27 -29 -30 -31
leaf_value=0.0011918437136528739 -0.00032011701766791604 -0.018555037819134364 -0.014564945205881591 -0.016320836372053768 -0.0016388355304987918 0.0020807942085987376 0.0010666628776373913 0.014867126858124692 0.0069409529314877396 0.0033356683156958323 -0.031522858833883817 -0.005987581055480971 -0.0077235433363111094 -0.0045764566793982022 0.017769357532332993 0.0023143556358283476 -0.02654984911089258 0.020318964056218858 0.00066255552736979952 -0.014810237414117904 0.029737595141804522 -0.0058336152125981833 -0.00095676948029799875 -0.037510338324527624 0.0022540350140339517 -0.028846106575818004 -0.022903732744997237 -0.00064548783674079214 -7.887370046213254e-05 -0.04057291292130373
leaf_weight=2050.7197033166885 26165.383912235498 36.079125970602036 58.350191384553909 24.498171955347061 257.00809487700462 1280.5862613022327 7671.0457711815834 18.262273639440536 533.16930601000786 348.76488438248634 22.271065413951874 48.996343910694122 238.74582123756409 313.57660102844238 39.197075128555298 162.13335621356964 46.323816061019897 27.170699805021286 57.013927459716797 24.943593263626099 20.489380180835724 117.59122538566589 2421.3102318048477 14.698903173208235 2189.6911514997482 29.843227654695511 23.607329338788986 1350.0719853937626 24.943593263626099 32.961176812648773
leaf_count=1847 27702 36 50 43 310 1216 6734 35 342 417 20 74 134 194 64 190 26 61 128 56 46 264 2418 33 1376 31 14 787 26 74
internal_value=3.72298e-05 0.000517107 0.000553441 0.00118083 -0.00406901 1.49049e-05 0.0013723 0.00372295 0.00424467 0.000956412 -0.0082465 -0.000190196 -0.000273319 -0.00069458 -0.00045013 -0.00443286 -0.00747044 -0.000123274 -0.00151279 -0.0148699 -0.000917217 -0.00114918 -0.000687142 -0.00960826 0.000908801 -0.0010984 -0.0016282 -0.00104439 -0.015985 -0.029915
internal_weight=45649.4 19484.1 19448 8982.37 315.358 10465.6 8667.01 995.962 971.464 438.295 89.5297 67.2586 9185.03 7134.31 6895.57 522.034 359.9 6373.53 2716.18 114.919 2601.26 2574.09 2441.8 132.29 3657.35 1467.66 1428.47 1373.68 54.7868 57.9048
internal_count=44748 17046 17010 8025 360 8985 7665 931 888 546 129 109 7769 5922 5788 410 220 5378 3080 258 2822 2761 2464 297 2298 922 858 801 57 130
is_linear=0
shrinkage=0.03


Tree=144
num_leaves=31
num_cat=0
split_feature=18 5 16 21 3 5 18 46 9 22 24 35 25 24 27 42 35 42 9 43 16 27 5 3 48 3 21 22 24 8
split_gain=6.70363 6.60772 9.02559 11.7707 11.8497 14.5213 7.28521 6.7812 7.40673 6.90889 7.528 6.81307 6.73181 7.99681 11.3719 7.7033 7.15695 8.17468 7.75097 6.38796 6.25939 6.24612 6.16998 9.4605 8.73793 5.7571 5.62454 5.50084 6.95976 5.22654
threshold=-1.5601711881188114 31.936350000000001 23.577725000000004 -0.25966717370034592 7.0005000000000015 31.672050000000002 -3.0291378448844859 0.25855770090000502 9.2134500000000017 0.60355339059327384 0.13930990466364487 0.0020943984321234112 -0.98932651372861458 0.33931202449298198 18.270050000000001 0.28850694043911257 0.040101275002917415 0.33671703772061379 10.353600000000002 -0.032118441314856937 17.563172314049595 29.493550000000003 31.653050000000004 7.4815000000000014 0.34527432609032721 7.0995000000000008 0.68314208355641359 -1.0000000180025095e-35 -0.76694339346796603 10.646050000000001
decision_type=2 10 2 2 2 10 2 2 8 2 2 2 2 2 2 2 2 2 8 2 2 2 10 2 2 2 2 2 2 8
left_child=1 2 3 12 5 -5 -6 8 -8 10 22 -11 16 29 15 -15 -1 -18 20 -2 -19 -21 23 -10 -24 -20 -9 -23 -29 -14
right_child=19 -3 -4 4 6 -7 7 26 9 11 -12 -13 13 14 -16 -17 17 18 25 21 -22 27 24 -25 -26 -27 -28 28 -30 -31
leaf_value=-0.011955738859613209 0.0085495552608956509 0.0023504949991610298 0.0031721297045505621 0.030786448089195301 -0.023205012547358975 0.00056126328315319804 -0.017310129196304806 -0.0049478459238613262 0.022363908403140051 -0.045773864044119802 -0.018682848702091449 0.0014643539102056906 0.0049197762090069982 0.01331253810324156 -0.023684477004656205 -0.0043213260480145579 0.014522248618520811 -0.012959684686614509 -0.0055667019255625887 -9.2077339715756956e-05 -0.0021842699258884028 -0.00011572150503485675 -0.012120017038279881 -0.0039979971263124471 0.00014113638641366375 0.010768065941700721 -0.025903179384403688 0.00093094742487696651 -0.017600526916835647 0.00071941067611575418
leaf_weight=60.131876617670059 75.721622407436371 2087.2442505955696 700.20229661464691 16.035167098045349 19.153116255998611 89.529682964086533 33.852019429206848 23.161908030509949 17.371431022882462 1.7816852331161488 36.079125970602036 227.61028853058815 527.82425031065941 26.279857188463211 22.271065413951874 121.15459585189819 27.616121113300323 60.577297925949097 27.616121113300323 40288.802755147219 231.61908030509949 72.603673249483109 113.58243361115456 36.079125970602036 96.211002588272095 60.577297925949097 23.161908030509949 27.170699805021286 53.895978301763535 538.51436170935631
leaf_count=45 170 1254 486 36 22 132 19 13 39 1 81 238 318 20 47 110 17 34 56 40429 130 163 114 45 54 85 31 61 121 438
internal_value=3.16512e-05 0.00104285 0.0001726 -0.000689897 -0.00386439 0.00539825 -0.00542741 -0.00483107 -0.00390549 -0.00301617 -0.00601069 0.000900369 0.00067811 0.00183822 -0.00419359 -0.00110962 -0.00238237 -0.000945668 -0.00210376 -9.87762e-05 -0.00445478 -0.00011518 -0.00420977 0.00482299 -0.00652307 0.00564807 -0.0157515 -0.00613233 -0.0114538 0.0028012
internal_weight=45743.4 5225.24 3137.99 2437.79 733.609 105.565 628.044 608.891 562.567 528.715 299.323 229.392 1704.18 1236.04 169.706 147.434 468.138 408.006 380.39 40518.2 292.196 40442.5 263.244 53.4506 209.793 88.1934 46.3238 153.67 81.0667 1066.34
internal_count=44809 3865 2611 2125 825 168 657 635 591 572 333 239 1300 933 177 130 367 322 305 40944 164 40774 252 84 168 141 44 345 182 756
is_linear=0
shrinkage=0.03


Tree=145
num_leaves=31
num_cat=0
split_feature=4 21 8 4 34 3 22 18 33 9 9 25 4 42 25 21 25 3 3 25 27 8 40 25 49 25 14 8 21 34
split_gain=7.14118 7.18519 16.444 6.25168 20.2476 16.0298 7.8973 6.22324 9.08584 10.2464 10.7581 16.6892 41.6517 15.5728 27.119 25.5247 14.5574 17.768 12.2873 12.1803 12.0571 11.2706 16.9559 10.9122 19.547 19.309 18.6299 24.5402 12.1486 10.672
threshold=29.723050000000004 3.5978575752204667 9.5524000000000022 1.0000000180025095e-35 11.55642341597828 6.9615000000000009 -0.37940952255126065 -0.28354141428685503 0.019778034954633626 7.165750000000001 8.4719000000000033 -0.99052477729077237 20.893350000000005 0.37339754681431919 -0.98521978256641018 2.0678859089221491 -0.96687281075841669 6.9295000000000009 6.2765000000000013 -0.97507822412530132 21.696900000000003 9.4349500000000024 18.47382941471778 -0.98932651372861458 31.939050000000005 -0.9575230291762723 4.4520297520652399 10.432600000000003 0.93476925845567138 11.094371074380341
decision_type=10 2 10 10 2 2 2 2 2 8 10 2 10 2 2 2 2 2 2 2 2 8 2 2 2 2 2 10 2 2
left_child=1 3 -3 4 -1 -6 -7 8 -5 -10 11 12 -11 14 20 16 17 -15 -12 -19 -13 -14 -23 24 28 -25 27 -26 -20 -28
right_child=-2 2 -4 7 5 6 -8 -9 9 10 18 13 21 15 -16 -17 -18 19 23 -21 -22 22 -24 25 26 -27 29 -29 -30 -31
leaf_value=-0.02101704995835595 -0.0088531087051007557 -0.014741723713491582 -0.0008337440920363695 0.00092300385249341954 0.0445955516503534 0.02690704378169714 -0.00062074840711170336 -0.00047579035432253016 -0.0086003289776506158 0.034365369802523131 -0.0029306500671876048 0.038346865379781735 -0.0050240760249596087 0.0027375958295351313 0.0010936126049389593 -0.022965029678176336 0.0003610534260291891 -0.0082408757228157794 -0.0044713577373945339 -0.026051529291902454 -0.0013345486537798678 0.024964010639741525 0.0036831935791406378 0.0031445291644272345 -0.029392014169081139 -0.00041069646302970914 -0.014768899416206863 -0.00040746633058091105 -0.016245870569663728 0.0012528055924768346
leaf_weight=15.144324481487272 80.621256798505783 94.874738663434982 379.49895465373993 12290.064738035202 13.362639248371122 12.471796631813044 30.734070271253589 13870.864961117506 126.49965155124664 42.760445594787598 1710.4178237915039 24.498171955347061 102.44690090417862 91.311368197202682 4566.9046737849712 52.114293068647385 794.18619266152382 114.91869753599167 726.92757511138916 49.44176521897316 9.3538474738597852 37.860811203718185 257.8989374935627 1720.2170925736427 42.760445594787598 6832.3174476921558 37.415389895439148 65.922353625297546 87.747997730970383 1443.1650388240814
leaf_count=13 181 213 672 11182 21 25 57 15478 71 96 963 55 230 205 6296 117 1741 258 408 111 21 85 579 973 24 3858 21 37 50 810
internal_value=1.26642e-05 2.85174e-05 -0.0036405 6.71293e-05 0.00885664 0.0170805 0.00775434 5.29565e-05 0.00028783 -0.000124422 -6.6968e-05 0.000963104 0.00657926 0.000527754 0.00129504 -0.00267397 -0.00164584 -0.0078569 -0.00056661 -0.0137237 0.0276586 0.0035169 0.00648234 -0.000197325 -0.00198266 0.000304669 -4.50059e-05 -0.0119752 -0.00575794 0.00083823
internal_weight=45724.7 45644.1 474.374 45169.7 71.7128 56.5685 43.2059 45098 31227.2 18937.1 18810.6 6143.7 440.967 5702.73 4600.76 1101.97 1049.86 255.672 12666.9 164.36 33.852 398.207 295.76 10956.5 2403.94 8552.53 1589.26 108.683 814.676 1480.58
internal_count=44851 44670 885 43785 116 103 82 43669 28191 17009 16938 9794 990 8804 6372 2432 2315 574 7144 369 76 894 664 6181 1350 4831 892 61 458 831
is_linear=0
shrinkage=0.03


Tree=146
num_leaves=31
num_cat=0
split_feature=18 5 49 23 8 3 9 11 48 5 21 5 41 22 33 25 20 5 21 25 35 25 9 40 47 21 22 42 43 28
split_gain=6.83919 10.461 7.24324 6.87156 6.54444 7.60191 6.8076 14.3518 19.0238 16.5951 8.58082 10.7938 8.43585 8.00979 8.90722 7.83878 11.7038 13.1959 7.68862 7.60672 6.875 10.885 6.58578 6.57195 6.34813 6.00033 7.24204 9.68723 6.02187 11.2754
threshold=-0.3553075107600962 32.223050000000008 32.038950000000007 0.1294095225512602 7.2402500000000005 8.1245000000000029 9.9700000000000006 22.206650000000007 0.25364697543579867 31.942050000000005 3.7511450528144734 31.872150000000001 11.472900000000001 0.91597561503675362 0.13712943034506425 -0.99907307217758434 22.813904250355044 31.766350000000006 -3.5720357350769709 -0.85225707553516283 0.070411050621592655 -0.82899557272681157 9.9203500000000009 18.857936378846521 10.749050000000002 2.6779629971530761 -0.78656609248549292 0.39753143384473416 0.12380491848576956 18.270050000000001
decision_type=2 8 2 2 8 2 10 2 2 10 2 10 2 2 2 2 2 10 2 2 2 2 8 2 2 2 2 2 2 2
left_child=1 2 4 -3 5 -1 10 8 24 -10 15 -12 -11 14 18 16 17 -6 -9 -16 21 -17 -18 -20 -8 28 27 -27 29 -22
right_child=-2 3 -4 -5 6 -7 7 13 9 12 11 -13 -14 -15 19 20 22 -19 23 -21 25 -23 -24 -25 -26 26 -28 -29 -30 -31
leaf_value=-0.00094838631357473417 -0.00044598810288673068 -0.023526084925933406 0.0022600024659549995 -0.0013591518732630806 0.041507932664318882 -0.012754975629193961 -0.0013615785437449731 -0.011443472466121395 -0.025995330815769425 0.0007527828567081105 -0.00027739686926457819 -0.020015816034711243 -0.01593545760822181 0.0024561276617503808 -0.00065568894215876927 -0.0020859350635321458 0.023052472890036584 0.0095118575869260601 0.014389189026654044 -0.0056162308826870067 0.0012169338666327939 0.00078570706595670057 -0.00040192916867414391 0.00019892637836414637 -0.011402560174680738 0.003568328164708695 -0.00087329811388573548 -0.023825721432877225 0.00070419472915427841 0.0055435410374087054
leaf_weight=146.09818911552429 16325.581791043282 26.279857188463211 1673.8932765126228 23.607329338788986 13.80806055665016 73.049094557762146 1095.2909970581532 49.887186527252197 55.232242226600647 67.704038858413696 64.586089700460434 39.642496436834335 44.542130827903748 1124.2433820962906 679.71291643381119 1921.1021026074886 10.690111398696898 58.350191384553909 28.506963729858398 470.36490154266357 2202.6083694398403 3109.4861530959606 137.18976294994354 6510.7232631146908 58.795612692832947 17.816852331161499 156.78830051422119 31.179491579532623 8518.2370995283127 718.46457025408745
leaf_count=82 18148 26 1070 23 31 41 620 28 31 38 145 89 25 631 383 1817 6 86 16 264 1918 2559 287 3679 33 40 337 70 11042 1040
internal_value=4.55369e-05 0.000321032 0.000344804 -0.0132692 0.000227742 -0.00492398 0.000269451 -0.000343862 -0.00325905 -0.0126769 0.000636898 -0.00790361 -0.00595177 9.11191e-05 -0.00025271 0.000690048 0.00630265 0.0161182 0.000172623 -0.00268759 0.000615616 -0.000311124 0.00143702 0.000262978 -0.00188255 0.00101595 -0.00404939 -0.0139921 0.00110742 0.00228264
internal_weight=45453.5 29127.9 29078 49.8872 27404.1 219.147 27185 10185 1321.57 167.478 16999.9 104.229 112.246 8863.44 7739.2 16895.7 220.038 72.1583 6589.12 1150.08 16675.7 5030.59 147.88 6539.23 1154.09 11645.1 205.785 48.9963 11439.3 2921.07
internal_count=44605 26457 26408 49 25338 123 25215 5748 747 94 19467 234 63 5001 4370 19233 410 117 3723 647 18823 4376 293 3695 653 14447 447 110 14000 2958
is_linear=0
shrinkage=0.03


Tree=147
num_leaves=31
num_cat=0
split_feature=3 21 7 16 44 33 18 35 45 6 35 22 28 18 6 35 8 21 44 8 47 15 5 18 33 34 48 28 15 41
split_gain=5.69232 7.54661 5.29531 5.41241 5.02857 5.91488 5.78311 5.6496 8.49983 7.71663 9.73347 6.70988 7.15309 6.33857 5.02848 6.93937 6.52047 5.41412 8.95384 5.95805 5.3441 7.4072 5.7484 5.01971 5.65849 4.86399 6.11994 12.4745 9.42051 7.13247
threshold=6.1545000000000014 0.76685556495372353 30.742100000000004 24.771820041322567 3.5073748662880093 0.019778034954633626 -0.073744470992539654 0.010431235145785216 -0.21503731224186254 10.860400000000002 0.0042861015698034011 -0.78656609248549292 14.705400000000003 -1.4231866237623751 12.747100000000001 3.3184288921084821 8.0187500000000025 -3.8350280052815413 0.24618711663662338 11.836450000000001 10.355833471074376 19.675665132013204 31.843850000000007 -0.19615069225100432 0.17578180413988528 12.933831404958907 0.14332403038961614 14.612210520841179 14.191556032730558 8.6629500000000021
decision_type=2 2 8 2 2 2 2 2 2 10 2 2 2 2 8 2 8 2 2 10 2 2 10 2 2 2 2 2 2 2
left_child=1 2 3 -1 5 6 -2 8 9 11 -11 -7 13 -13 25 16 23 18 19 -18 21 22 -20 24 -16 26 27 -9 29 -28
right_child=4 -3 -4 -5 -6 7 -8 14 -10 10 -12 12 -14 -15 15 -17 17 -19 20 -21 -22 -23 -24 -25 -26 -27 28 -29 -30 -31
leaf_value=0.028157917810714507 0.00093091718759890382 -0.0022582279392423434 -0.00026622350123746001 0.0028033900396302615 -0.00092578801692486069 -0.011441359930166857 -0.00059892410023243078 0.00066305457117055893 -0.00057457132023759595 -0.027998026339581917 -0.0038850531887084667 -0.016872932430461968 0.0050999158135869357 -0.0023009519845319341 -0.004499521981584524 -0.010694069670896714 -0.023248820575742027 3.8756677751205919e-05 -0.0089507352339817745 -0.005221408599518803 0.0055757860116607705 -0.016117913388235629 0.0037095382204857794 -0.001233033398703237 -0.016829780083819735 0.00329836009006478 -0.0019281582681799404 0.0070622221312848094 -0.00029692052209165718 -0.02164529542877908
leaf_weight=10.690111398696898 12941.716112047434 2182.1189892590046 5988.2440685033798 22.271065413951874 3694.7697521746159 78.839571565389633 2684.5542249977589 1887.6955044865608 1246.2888205647469 28.061542421579361 32.070334196090698 32.515755504369736 93.983896046876907 137.63518425822258 189.30405601859093 56.568506151437759 30.288648962974548 10566.284274995327 49.887186527252197 36.524547278881073 71.267409324645996 35.633704662322998 87.302576422691345 432.94951164722443 40.087917745113373 628.48946598172188 33.406598120927811 319.81249934434891 2123.7687978744507 32.070334196090698
leaf_count=24 10905 2724 5974 50 6747 54 2886 1442 893 21 27 19 70 93 122 49 20 9364 28 22 55 20 49 243 27 589 36 484 1747 18
internal_value=-3.12318e-05 -0.000747173 -0.000199274 0.0116135 0.000125018 0.000239579 0.000668073 -0.000126912 -0.001801 -0.00558198 -0.0154117 -0.00381879 -0.00150901 -0.00516796 3.93128e-05 -0.00030419 -0.000252335 -7.62286e-05 -0.00397168 -0.0136162 -0.00128698 -0.00413278 -0.000925654 -0.00313994 -0.00671802 0.000831873 0.000478633 0.00159291 -0.000645154 -0.0117659
internal_weight=45795.1 8203.32 6021.21 32.9612 37591.8 33897 15626.3 18270.7 1649.4 403.106 60.1319 342.974 264.135 170.151 16621.3 11596.1 11539.5 10877.2 310.904 66.8132 244.091 172.823 137.19 662.341 229.392 5025.24 4396.75 2207.51 2189.25 65.4769
internal_count=44802 8772 6048 74 36030 29283 13791 15492 1177 284 48 236 182 112 14315 9999 9950 9558 194 42 152 97 77 392 149 4316 3727 1926 1801 54
is_linear=0
shrinkage=0.03


Tree=148
num_leaves=31
num_cat=0
split_feature=42 5 43 30 4 24 5 5 18 8 27 9 18 33 9 5 3 3 9 9 22 18 43 24 42 16 16 24 7 24
split_gain=6.50241 5.56669 5.4113 5.07451 11.832 13.6466 11.9103 18.8352 9.0621 5.94684 5.55821 9.01585 6.07275 5.9344 11.0272 6.80201 10.0916 8.06209 7.9367 11.5055 8.58211 5.49226 5.86191 9.14528 17.4132 6.51789 6.34412 6.24585 4.97514 6.39045
threshold=0.59528972968816096 30.549250000000004 -0.032118441314856937 9.1860500000000016 15.143700000000001 0.43442111757849838 31.628850000000003 31.759650000000004 -1.4031762706270621 8.729000000000001 14.587400000000001 8.6913500000000017 -0.90000600163634903 0.021223948737726858 8.5744500000000023 31.969450000000005 7.8185000000000011 7.166500000000001 7.2388000000000012 8.2333500000000015 0.25881904510252091 -0.028947046968330167 0.39122883739556774 0.35544221683359195 0.37982274003152999 15.323000000000002 15.6197 0.41886391893847991 31.86035 -0.72696319516528884
decision_type=2 10 2 2 8 2 8 10 2 8 2 10 2 2 10 10 2 2 8 8 2 2 2 2 2 2 2 2 8 2
left_child=2 -2 -1 4 10 -6 -7 8 -8 -10 13 12 -12 14 -4 16 17 -15 -18 -20 -21 22 -5 25 26 -24 27 -25 29 -27
right_child=1 -3 3 21 5 6 7 -9 9 -11 11 -13 -14 15 -16 -17 18 -19 19 20 -22 -23 23 24 -26 28 -28 -29 -30 -31
leaf_value=0.0078541204738338481 0.015361261475524435 0.0016888708660568862 0.00074052913175737928 0.00059497369421617375 0.0034171798320031272 0.0063311943503934114 -0.035481673111596418 -0.00525639342504067 -0.0031238943520638363 -0.021427751331900551 0.019644222790831736 -0.0021943736379833184 0.0045976963479488269 -0.0025944289247041168 -0.015095960924381807 0.00025193591440865975 -0.013296855423357191 0.0020235865453365146 -0.0009787334875775535 -0.024707747809259613 -0.0071136721037965613 -0.00081136751336976034 -0.011387992077981079 0.00567364015696116 -0.033511009701639984 0.00063767840571205957 -0.010353534341654463 -0.0056820907758514203 0.00034867039539847501 -0.0017362525469660172
leaf_weight=77.503307640552521 26.279857188463211 1592.381177097559 2549.1461472809315 18778.96235704422 117.59122538566589 42.760445594787598 28.061542421579361 206.23006573319435 24.943593263626099 45.432973444461823 40.087917745113373 92.647632122039795 60.577297925949097 1156.3137162923813 39.197075128555298 1391.4961670637131 105.11942875385284 481.05501294136047 315.35828626155853 32.070334196090698 107.79195660352707 5043.0600523352623 44.987552136182785 81.957520723342896 17.816852331161499 1587.0361213982105 82.84836333990097 90.865946888923645 8565.8971795141697 2856.0414286851883
leaf_count=174 56 989 1526 17581 141 69 21 184 35 27 36 52 55 781 22 781 59 297 177 18 89 7983 26 76 40 1781 126 171 8650 2761
internal_value=5.33544e-05 0.0019202 -1.52666e-05 -2.93109e-05 -0.000780427 -0.0053949 -0.0083787 -0.0104572 -0.0211906 -0.015075 -0.000442815 0.00455326 0.010724 -0.000599868 0.000494969 -0.00138932 -0.00242814 -0.00123726 -0.00589961 -0.00416604 -0.0112947 0.000108919 0.000253493 -0.000227678 -0.00564693 -0.000113717 -0.00358219 -0.000295239 -7.38561e-05 -0.000888348
internal_weight=45681.5 1618.66 44062.9 43985.4 6835.88 465.02 347.429 304.668 98.4381 70.3766 6370.86 193.313 100.665 6177.55 2588.34 3589.2 2197.71 1637.37 560.34 455.221 139.862 37149.5 32106.4 13327.5 273.489 13054 255.672 172.823 13009 4443.08
internal_count=44784 1045 43739 43565 4370 477 336 267 83 62 3893 143 91 3750 1548 2202 1421 1078 343 284 107 39195 31212 13631 413 13218 373 247 13192 4542
is_linear=0
shrinkage=0.03


Tree=149
num_leaves=31
num_cat=0
split_feature=7 46 33 5 47 34 41 33 25 47 25 48 3 47 23 25 5 45 42 12 22 25 18 5 33 41 4 35 5 26
split_gain=6.03975 9.25464 6.15186 8.40353 11.0394 14.5483 14.4387 19.4852 10.1194 15.1842 12.7135 11.3767 9.12369 9.44447 10.0165 16.294 12.6595 9.00875 9.70043 11.3837 7.87993 10.0905 7.72245 9.84876 7.95237 8.52491 14.6265 15.1102 9.15799 7.43478
threshold=31.918050000000004 0.010242226405110159 0.019778034954633626 31.712050000000001 10.390050000000002 11.834984435261985 12.002700000000003 0.10488038901529657 -0.97507822412530132 16.03115 -0.97315270831292444 0.098478240136389547 7.2825000000000015 17.652897107438577 0.78656609248549303 -0.6523320455745395 30.263050000000003 -0.21503731224186254 0.35901872572768873 19.621250000000007 -0.60355339059327362 -0.98932651372861458 -2.3471022376237616 31.927750000000007 0.34970457627355567 10.167150000000001 16.444300000000002 0.29826303532285831 31.944750000000003 18.480950000000004
decision_type=10 2 2 8 2 2 2 2 2 2 2 2 2 2 2 2 10 2 2 2 2 2 2 10 2 2 8 2 10 2
left_child=2 -2 -1 8 6 -6 22 -8 9 11 -10 29 13 17 -15 16 -16 18 -12 -20 -13 -22 23 -5 -24 26 -26 -28 -29 -4
right_child=1 -3 3 4 5 -7 7 -9 10 -11 12 20 -14 14 15 -17 -18 -19 19 -21 21 -23 24 -25 25 -27 27 28 -30 -31
leaf_value=0.00015144937606465382 -0.00091743429918102648 0.00093863673318816357 0.044570758811131199 -0.0089405714388046242 0.011406287576512009 -0.00025383643561538785 -0.0019430054933226642 -0.022881263675121326 -0.021707555191234375 -0.009413819736284447 -0.0044739041580197647 -0.0011429403985458921 0.0010533634446107578 -0.00031379302099166856 0.042831900887686382 -0.0023119099857937322 0.010520395916896273 -0.0015765736224336809 -0.034974789041183875 -0.0030544287084842644 0.016880509635995807 0.0041730251655109612 -0.0017191490254378932 0.0085349137894848645 -0.0027405407648764548 -0.00048403802883476525 -0.025634119075707444 0.0008168991859164379 -0.018242176385214876 0.010899912223118311
leaf_weight=17148.720368742943 3127.3030054271221 10645.123846560717 8.9084261655807513 36.96996858716011 99.774373054504395 2170.5380352437496 92.202210813760757 69.931145399808884 24.052750647068024 76.612465023994446 119.81833192706108 203.55753788352013 2738.8956246078014 738.95395043492317 11.135532706975935 102.89232221245766 126.94507285952568 3134.8751676678658 22.716486722230911 17.816852331161499 64.140668392181396 422.25940024852753 3748.2203091681004 123.38170239329338 191.97658386826515 190.64031994342804 68.149460166692734 55.232242226600647 37.415389895439148 16.926009714603424
leaf_count=16834 2395 11191 20 23 212 2527 57 43 51 172 206 205 2786 1659 25 231 285 2712 30 10 114 381 2130 70 110 107 39 31 21 38
internal_value=-7.78624e-06 0.000517143 -0.000234685 -0.000684665 -0.00144918 0.000263392 -0.00229171 -0.011059 -1.24165e-05 0.00319947 -0.000374439 0.00456074 -0.000298198 -0.00116413 0.00142053 0.00671824 0.0134154 -0.00193294 -0.00884703 -0.0213552 0.00380933 0.00587993 -0.00197001 0.0044754 -0.00221182 -0.00560061 -0.00835644 -0.0150029 -0.00699264 0.0237388
internal_weight=45636.1 13772.4 31863.7 14714.9 6884.43 2270.31 4614.12 162.133 7830.51 792.405 7038.1 715.792 7014.05 4275.15 979.927 240.973 138.081 3295.23 160.352 40.5333 689.958 486.4 4451.99 160.352 4291.63 543.414 352.774 160.797 92.6476 25.8344
internal_count=44715 13586 31129 14295 5370 2739 2631 100 8925 930 7995 758 7944 5158 2200 541 310 2958 246 40 700 495 2531 93 2438 308 201 91 52 58
is_linear=0
shrinkage=0.03


Tree=150
num_leaves=31
num_cat=0
split_feature=49 24 10 42 10 5 14 26 27 5 21 8 24 8 24 24 10 41 27 15 33 35 5 24 35 25 9 24 42 24
split_gain=5.92182 6.45932 9.36733 8.19689 9.52172 6.65541 5.62125 5.48955 5.67875 11.7027 6.69767 11.7868 8.27133 6.08978 13.7466 10.9583 13.6489 16.1361 10.8489 10.5218 10.3371 9.7534 13.0256 9.6739 8.25193 8.92171 14.4603 8.04204 27.6435 14.0739
threshold=32.042750000000005 0.79184907943689831 0.25778877887788781 0.088416580151497684 0.11607260726072605 31.862450000000006 1.061235950413119 29.498450000000002 28.390850000000004 30.263050000000003 3.134797850976065 9.473650000000001 0.1051661082335764 8.554800000000002 0.43442111757849838 0.48030317736429479 0.19501650165016501 8.6629500000000021 14.505550000000001 14.612432798068902 0.64304433491530533 0.014761507930601062 31.806950000000004 0.40318277172597511 2.4014077947953605 -0.84774213365954088 8.3301500000000015 0.33931202449298198 0.33467143461375787 0.35544221683359195
decision_type=2 2 2 2 2 10 2 2 2 10 2 10 2 10 2 2 2 2 2 2 2 2 8 2 2 2 10 2 2 2
left_child=1 7 3 -3 -5 -4 -2 8 10 -10 13 -12 -13 18 23 16 -16 -18 20 24 -1 -19 -23 27 25 26 -20 -15 -29 -30
right_child=6 2 5 4 -6 -7 -8 -9 9 -11 11 12 -14 14 15 -17 17 21 19 -21 -22 22 -24 -25 -26 -27 -28 28 29 -31
leaf_value=0.00058507420084410403 -0.00018399015659106068 7.5536391044144206e-06 -0.018316408975654407 -0.022642522779078505 -0.0034264886459898997 -0.0047055281891961176 0.0024217979815258904 -0.0055101962630386449 0.012123536238635728 0.0010497474986361187 -0.010378476585054742 -6.2234670277478744e-05 -0.021076821737979007 3.2672674842176398e-05 -0.0026626035791229978 -0.000847661189097429 0.00091420449174742875 -0.0040511125611506086 0.028249879167278249 0.0014906626929876462 -0.013519682398805808 -0.027483257955834131 -0.0056917958533333904 0.0042435068642253789 -0.014432206771962807 0.0066350227704568849 0.00027358966686762484 0.00087189526145096182 -0.0022035305068956799 -0.015181873166570657
leaf_weight=3956.6774814426899 1306.866118490696 1954.5087007284164 35.633704662322998 23.607329338788986 424.48650678992271 290.41469299793243 1731.7980465888977 159.46082836389542 88.19341903924942 2329.553442299366 150.9978235065937 472.59200808405876 16.480588406324387 28814.304432570934 436.51288211345673 1056.0939219295979 64.586089700460434 40.978760361671448 48.996343910694122 421.36855763196945 46.323816061019897 84.184627264738083 35.633704662322998 477.49164247512817 12.02637532353401 188.41321340203285 24.943593263626099 622.69898897409439 125.16338762640953 188.85863471031189
leaf_count=3330 1530 1097 20 23 245 163 1140 358 198 2272 336 893 37 28966 398 1120 55 23 110 670 35 54 20 418 12 384 14 444 155 241
internal_value=2.21276e-05 -6.91711e-05 -0.00148099 -0.00083222 -0.00448703 -0.00624451 0.00130141 2.75047e-05 4.98842e-05 0.00145854 -4.14958e-05 -0.00308143 -0.000811939 1.16843e-05 -0.000136643 -0.00274623 -0.00576966 -0.0117489 0.00101997 0.00447487 0.000418514 -0.0168095 -0.0211033 1.17548e-05 0.00903571 0.0101622 0.0189417 -5.63034e-05 -0.0027904 -0.0100324
internal_weight=45629.8 42591.2 2728.65 2402.6 448.094 326.048 3038.66 39862.5 39703.1 2417.75 37285.3 640.07 489.073 36645.3 31946.5 1717.99 661.896 225.383 4698.75 695.748 4003 160.797 119.818 30228.5 274.38 262.353 73.9399 29751 936.721 314.022
internal_count=44761 42091 1548 1365 268 183 2670 40543 40185 2470 37715 1266 930 36449 31894 1670 550 152 4555 1190 3365 97 74 30224 520 508 124 29806 840 396
is_linear=0
shrinkage=0.03


Tree=151
num_leaves=31
num_cat=0
split_feature=3 21 19 49 47 5 19 25 35 6 33 22 25 27 48 3 3 5 41 3 22 35 46 27 18 25 25 4 41 42
split_gain=5.27953 7.13639 5.14234 6.23902 7.59488 6.61619 4.95212 4.91271 5.1273 6.74785 9.96899 10.4725 8.04851 22.1648 19.3763 8.05439 9.01895 7.85239 7.75296 8.30273 7.66341 7.59692 7.48377 7.34385 7.07838 6.59452 6.21737 16.3217 8.27117 13.031
threshold=6.1545000000000014 0.80259116007108677 0.62402876243072847 32.034450000000007 7.199250000000001 31.815650000000002 1.7340287692494816 -0.43733099657705293 0.10562041690754137 13.551150000000002 0.21045791503291117 0.60355339059327384 -0.94426098523567992 17.608650000000001 0.11350588078942127 6.456500000000001 6.9095000000000004 31.944750000000003 12.002700000000003 7.5745000000000013 0.78656609248549325 0.46233605328183741 0.0086754206764417044 26.957150000000002 -1.7900057095709554 -0.93845867424155849 -0.98932651372861458 19.309650000000001 9.3584000000000014 0.49885992232860388
decision_type=2 2 2 2 2 10 2 2 2 8 2 2 2 2 2 2 2 8 2 2 2 2 2 2 2 2 2 8 2 2
left_child=1 -1 -2 4 5 6 -4 8 26 12 -11 23 14 22 -10 -15 -17 21 20 -20 -16 -13 -14 24 -12 -18 27 -6 29 -29
right_child=2 -3 3 -5 7 -7 -8 -9 9 10 11 17 13 15 18 16 25 -19 19 -21 -22 -23 -24 -25 -26 -27 -28 28 -30 -31
leaf_value=-0.00016127441287153147 -0.00059261366127508718 -0.0021799948501925364 -0.019819994010330844 0.0019285150650738599 -0.018979480859111567 -0.0020592970997647744 -0.0041607622033736262 0.0011440488488826885 0.035415262781387187 0.00029077084985198103 -0.014864041064333509 -0.0028429269463689029 -0.0028134888710524223 0.0055842611021330408 0.0016676588428853006 -0.022041339333211979 0.0050038615308692523 -0.0071700265857322122 0.0021437350331250976 -0.022612949854961314 0.0059234876701864886 0.0056153749331862481 0.001692728645977898 0.0014815059954718342 -0.0044968328875963871 -0.011048629756888927 -0.00029225746061322966 0.0085960300428443298 -0.0013697888484070025 -0.035139761288878607
leaf_weight=5866.6440513432026 6951.6903583109379 2154.0574468374252 35.633704662322998 2004.8413085639477 53.450556993484497 340.30187952518463 37.415389895439148 4685.8321630954742 15.144324481487272 10971.172244220972 63.695247083902359 142.53481864929199 392.86159390211105 27.616121113300323 1582.1364870071411 52.114293068647385 29.843227654695511 84.184627264738083 25.834435880184174 21.825644105672836 501.09897181391716 285.96047991514206 2102.3885750770569 172.3780463039875 745.63527005910873 93.093053430318832 5467.546559125185 9.3538474738597888 724.25504726171494 15.144324481487272
leaf_count=5971 8926 2661 20 1309 33 191 21 4991 31 9688 38 137 258 35 1305 57 25 51 31 13 420 258 1975 153 651 107 4637 21 570 34
internal_value=-4.86705e-06 -0.000703631 0.000144067 0.000310985 0.000197844 -0.00383433 -0.0119639 0.000256945 8.06123e-05 0.000346857 -2.24058e-05 -0.00232027 0.00129694 0.00020607 0.0026676 -0.00931018 -0.0116783 0.00115355 0.00241835 -0.00942516 0.0026937 0.00280173 0.00098241 -0.00413374 -0.00533008 -0.0071429 -0.000654374 -0.003119 -0.00196298 -0.0187584
internal_weight=45655.7 8020.7 37635 30683.3 28678.5 413.351 73.0491 28265.1 23579.3 17309.5 12465.6 1494.39 4843.96 2697.92 2146.04 202.667 175.051 512.68 2130.9 47.6601 2083.24 428.495 2495.25 981.709 809.331 122.936 6269.75 802.204 748.753 24.4982
internal_count=44618 8632 35986 27060 25751 232 41 25519 20528 15233 10976 1288 4257 2457 1800 224 189 446 1769 44 1725 395 2233 842 689 132 5295 658 625 55
is_linear=0
shrinkage=0.03


Tree=152
num_leaves=31
num_cat=0
split_feature=4 24 22 39 27 5 7 39 6 5 11 9 27 42 24 34 24 4 22 8 23 8 24 23 9 4 39 27 8 25
split_gain=6.31684 5.67575 7.35273 5.2829 5.17581 7.04992 7.60966 5.81159 6.69614 5.45031 7.57539 8.06029 6.69219 7.18246 15.6625 11.8856 6.1935 35.3441 21.6882 16.1127 19.0512 11.5474 28.4364 26.7954 12.6473 47.9163 22.5567 17.1597 14.815 12.4018
threshold=29.493550000000003 -0.76694339346796603 -1.0000000180025095e-35 0.53643226263220389 28.123500000000003 30.263050000000003 30.980650000000001 0.53445274428432954 24.135450000000002 31.969450000000005 22.456950000000003 10.971000000000002 22.531300000000005 0.42722343984311922 0.27383534524298775 12.981569834711076 0.33931202449298198 17.856350000000003 -1.0000000180025095e-35 9.0247500000000027 -0.3794095225512602 10.087600000000002 0.24059136628141839 -0.60355339059327384 10.800350000000002 19.517700000000005 0.74735276062259681 20.422800000000006 9.2887500000000021 -0.98801846520836312
decision_type=10 2 2 2 2 10 8 2 8 10 2 10 2 2 2 2 2 8 2 8 2 10 2 2 8 8 2 2 8 2
left_child=4 -2 -3 -4 9 7 -7 -6 -9 16 11 12 13 -11 -15 -16 21 -18 -19 20 -20 24 -23 -24 29 28 -27 -28 -26 -1
right_child=1 2 3 -5 5 6 -8 8 -10 10 -12 -13 -14 14 15 -17 17 18 19 -21 -22 22 23 -25 25 26 27 -29 -30 -31
leaf_value=-0.0041964818864070634 0.0040008264986295828 -0.0016945440334752426 -0.02709183272977508 -0.0088581280493704381 -0.0033940590995230934 -0.012242417841738056 0.001042592363857937 -0.012118111485560457 0.014178958538504741 0.00025442069025109082 0.0018977458454657696 -0.015219947485850011 -0.01349604332229838 0.0026733932830948432 -0.0030632518469299362 -0.042950506601390111 -0.00062474231538040795 -0.0045467889097059082 -0.044206327595110777 -0.0066001895730530124 -0.010256632652951425 -0.00030924193685429198 -0.033160274450827379 -0.0052763753662278109 0.045450834964649668 0.0044330419993058277 0.014484227973764781 -0.021742144877094326 0.016892024718566091 0.00097957241436718396
leaf_weight=446.31215089559555 38.75165382027626 61.468140542507172 24.052750647068024 36.96996858716011 29.843227654695511 38.306232511997223 3066.725707501173 8.9084261655807477 87.302576422691345 5341.4923288822174 2729.9871984422207 30.288648962974548 31.624912887811661 38.75165382027626 11.580954015254976 15.58974578976631 8239.8487818539143 139.86229079961777 40.087917745113373 36.524547278881073 24.498171955347061 18344.231160163879 42.760445594787598 108.23737791180611 26.725278496742249 452.10262790322304 14.253481864929197 53.450556993484497 44.987552136182785 6071.9832744598389
leaf_count=252 87 138 54 83 67 86 2943 20 196 4759 1755 17 23 24 26 35 7381 194 75 46 55 21390 90 240 60 1015 32 114 101 3456
internal_value=-1.96452e-05 -0.00592868 -0.00907697 -0.0163661 1.41749e-06 0.00115853 0.000874809 0.00808539 0.0116444 -8.70248e-05 0.000607371 -3.69417e-05 5.03909e-05 0.000132097 -0.00963512 -0.0266616 -0.000254074 -0.000956683 -0.0122576 -0.0227747 -0.0316816 -2.13295e-05 -0.000416334 -0.0133389 0.00100613 0.00520261 0.00200782 -0.0140157 0.0280138 0.000624575
internal_weight=45677.5 161.243 122.491 61.0227 45516.3 3231.09 3105.03 126.054 96.211 42285.2 8199.32 5469.33 5439.04 5407.41 65.9224 27.1707 34085.9 8480.82 240.973 101.111 64.5861 25605 18495.2 150.998 7109.81 591.519 519.807 67.704 71.7128 6518.3
internal_count=44814 362 275 137 44452 3312 3029 283 216 41140 6639 4884 4867 4844 85 61 34501 7751 370 176 130 26750 21720 330 5030 1322 1161 146 161 3708
is_linear=0
shrinkage=0.03


Tree=153
num_leaves=31
num_cat=0
split_feature=14 21 16 15 33 9 4 3 25 6 5 5 27 15 22 34 46 18 40 25 47 11 23 27 32 41 24 11 24 32
split_gain=5.75036 5.17828 13.4784 5.02226 4.91324 21.5704 13.4457 10.902 8.90747 6.93915 6.38928 6.34748 6.15833 7.40278 6.47208 7.19617 5.30498 4.85552 5.78162 5.4119 15.138 15.3821 10.5586 11.3033 6.74862 8.79654 8.92642 15.0712 12.986 27.9307
threshold=12.626250000000002 3.5978575752204667 17.427125000000004 29.139999950849685 0.64304433491530533 12.752850000000002 19.892850000000003 6.4465000000000012 -0.9260227363677036 11.717050000000002 31.720750000000006 31.949750000000005 15.680950000000001 14.856660828082843 0.25881904510252091 13.845669146005802 0.15816406392743224 -0.3984608140086347 8.2634416385598808 -0.78858226040708135 23.254050000000003 27.956450000000004 -0.12940952255126037 28.436150000000001 12.861333333333336 8.5596000000000014 0.43442111757849838 17.004400000000004 0.35544221683359195 18.030966666666668
decision_type=2 2 2 2 2 8 8 2 2 10 8 8 2 2 2 2 2 2 2 2 2 2 2 2 2 2 2 2 2 2
left_child=1 3 -3 4 17 12 8 10 9 -7 -8 -9 13 -6 15 -14 -16 18 -1 20 24 -22 -23 -24 -20 -26 27 -27 -29 -30
right_child=-2 2 -4 -5 5 6 7 11 -10 -11 -12 -13 14 -15 16 -17 -18 -19 19 -21 21 22 23 -25 25 26 -28 28 29 -31
leaf_value=-0.0063213278041783557 0.0048066943829539631 -0.01549120395307603 -0.0010180447005146977 -0.0075297968850973774 -0.006760100811887498 0.032796266925873112 -6.199800777948658e-05 -0.0014403451599860301 -0.00048927192519326716 0.005839190298480206 0.032318749832178105 -0.025317835788699599 0.007646001181342006 -0.021318868837915641 -0.013538485671038634 -0.0061615536354781668 -0.0010484925350210282 -0.00035429309765149761 -0.0067917414191127953 0.00088101941351471664 -0.0016846745099486995 -0.0067978900994358936 -0.041083887918854513 -0.001866354953637365 0.0027982069425374939 0.0041619669780613971 -0.0023187870833261304 0.00011735770157679409 -0.0011176462711643329 -0.019265429147020049
leaf_weight=117.59122538566589 220.03812628984451 67.704038858413696 369.6996858716011 78.839571565389633 128.28133678436279 30.734070271253586 11.135532706975939 28.061542421579361 16.480588406324387 12.471796631813048 9.7992687821388227 14.698903173208235 74.830779790878296 41.424181669950485 68.149460166692734 60.577297925949097 55.232242226600647 17422.654473334551 126.49965155124664 9759.1808643937111 101.55605828762054 29.397806346416473 25.834435880184174 8.9084261655807477 1046.7400744557381 807.54883190989494 1408.4221767783165 13106.967417418957 350.10114830732346 96.656423896551132
leaf_count=66 176 152 674 177 72 69 22 57 37 28 19 24 42 24 39 34 31 18823 71 9691 228 66 58 20 1174 565 1089 10757 342 148
internal_value=-2.03635e-05 -4.38246e-05 -0.00328851 -1.22407e-05 1.10887e-06 -0.00280953 0.00819909 -0.00140744 0.0183051 0.025323 0.0158773 -0.0100392 -0.00599107 -0.0104179 -0.0030592 0.00146905 -0.00800068 3.61002e-05 0.000288155 0.000317316 -4.2664e-06 -0.0090006 -0.0203805 -0.0313617 8.4241e-05 0.000136366 -4.04849e-05 0.000183096 -5.426e-05 -0.00507819
internal_weight=45696.2 45476.2 437.404 45038.8 44959.9 551.877 123.382 63.6952 59.6865 43.2059 20.9348 42.7604 428.495 169.706 258.79 135.408 123.382 44408.1 26985.4 26867.8 17108.6 165.697 64.1407 34.7429 16942.9 16816.4 15769.7 14361.3 13553.7 446.758
internal_count=44775 44599 826 43773 43596 498 256 122 134 97 41 81 242 96 146 76 70 43098 24275 24209 14518 372 144 78 14146 14075 12901 11812 11247 490
is_linear=0
shrinkage=0.03


Tree=154
num_leaves=31
num_cat=0
split_feature=3 21 25 9 25 24 4 33 45 8 25 15 24 45 8 8 47 3 25 21 43 47 11 30 9 21 34 42 25 36
split_gain=5.1383 7.12068 11.8481 5.75612 10.7296 13.3496 14.3287 10.5747 6.46036 7.92376 6.35788 24.6795 9.99886 5.08801 6.42606 7.58674 7.37214 8.23834 6.82036 6.31288 5.7341 9.87628 7.59819 5.34259 4.89773 4.57687 4.41057 4.40084 4.22788 4.15571
threshold=6.1545000000000014 0.71563474134405081 -0.99966479353140603 7.2388000000000012 -0.73284120334876357 -0.54939360607974019 26.493900000000004 0.087348684401487561 -0.35174925881645897 14.539450000000002 -0.9292178835113839 18.293088336633666 0.24059136628141839 -0.5094503988392759 10.729750000000001 9.5912500000000023 10.894050000000002 7.6185000000000009 -0.99273797715557011 -0.31083176561620979 0.072487795892051218 10.423551652892577 23.860000000000003 14.888850000000001 9.591050000000001 -1.2205468484426658 12.605459504132609 0.31016264851770686 -0.99818570902816506 0.70168264462803187
decision_type=2 2 2 10 2 2 10 2 2 10 2 2 2 2 8 10 2 2 2 2 2 2 2 2 10 2 2 2 2 2
left_child=1 3 -3 4 5 6 -1 -5 -9 -10 11 12 -7 14 15 16 23 -18 19 -17 21 22 -16 26 -21 -22 -2 -12 -4 -15
right_child=13 2 28 7 -6 10 -8 8 9 -11 27 -13 -14 29 20 18 17 -19 -20 24 25 -23 -24 -25 -26 -27 -28 -29 -30 -31
leaf_value=0.034978598959887336 0.0027562724148944089 -0.027040816639168262 0.0044497513578187148 -0.00023085796391842924 -0.00060426143376919627 0.050469681849697461 0.007764915810033299 -0.017484582557309333 -0.0025911461517638484 -0.017294537394219628 0.0014667954409076699 0.0026535719574577394 0.014616088147136476 -0.00058712181002340427 -0.015381090200214109 -0.0013483232670472862 0.00022082710517127546 -0.036125707538603322 0.0045236556023680128 0.026261155915940842 0.0044030664013427808 0.0032788725472662388 0.00022498076235252456 -0.0096373160823954498 0.010704186099921263 -0.0032803144081792264 0.018972511098647435 -0.007824831893693809 -0.0021868923529921409 0.00024110100877147215
leaf_weight=23.161908030509949 175.05057415366173 16.035167098045349 89.084261655807495 3815.478926718235 936.72101131081581 12.917217940092089 65.476932317018509 35.633704662322998 304.66817486286163 36.079125970602036 232.06450161337852 219.59270498156548 16.480588406324387 6666.6207210123539 74.830779790878296 18.262273639440536 12.917217940092089 8.9084261655807477 182.17731508612633 35.633704662322998 256.56267356872559 95.765581279993057 44.542130827903748 28.061542421579361 40.978760361671448 94.874738663434982 15.58974578976631 56.123084843158722 2157.1753959953785 29917.61301317811
leaf_count=52 225 36 104 2164 2022 29 147 20 171 21 521 493 37 8673 45 38 29 20 133 71 171 182 31 39 23 75 20 126 2686 26307
internal_value=3.43639e-06 -0.000686174 -0.00211174 -0.000125455 0.00142807 0.00446617 0.0151869 -0.000704743 -0.0054953 -0.00419403 0.00267223 0.00617325 0.031512 0.000150216 0.00217464 0.00458771 0.000683324 -0.0155472 0.00796272 0.0144503 -3.39438e-05 -0.00388099 -0.00960444 0.00236647 0.0181851 0.00232542 0.00417445 -0.000363503 -0.00192183 9.01649e-05
internal_weight=45685.1 8016.69 2262.29 5754.4 1562.54 625.817 88.6388 4191.86 376.381 340.747 537.178 248.991 29.3978 37668.4 1084.16 517.58 240.528 21.8256 277.052 94.8747 566.576 215.138 119.373 218.702 76.6125 351.437 190.64 288.188 2246.26 36584.2
internal_count=44711 8629 2826 5803 3427 1405 199 2376 212 192 1206 559 66 36082 1102 598 333 49 265 132 504 258 76 284 94 246 245 647 2790 34980
is_linear=0
shrinkage=0.03


Tree=155
num_leaves=31
num_cat=0
split_feature=43 3 33 4 20 5 9 21 5 33 3 8 42 6 32 7 45 3 22 12 8 43 23 21 22 21 22 42 42 8
split_gain=6.41358 5.6314 9.05862 8.78328 18.0381 7.97136 7.26322 8.31387 17.6983 12.5421 7.96077 9.20111 9.77604 8.09181 9.3061 11.1773 7.10041 13.6774 10.1046 12.3662 7.95467 7.09747 6.9485 6.83567 6.50735 10.2785 12.4296 13.8251 17.955 12.7785
threshold=-0.032118441314856937 6.7445000000000013 0.76677324288214521 1.0000000180025095e-35 11.622170150199674 31.628850000000003 7.8619000000000012 -2.2173909870896629 31.806950000000004 0.24670903915341427 8.2995000000000019 11.885250000000001 0.39073326412119819 10.195250000000001 14.7064 32.135450000000006 -0.24028118738925572 7.0405000000000006 0.78656609248549325 12.559394628099627 10.050300000000002 0.087989315648890162 0.25881904510252057 -3.5720357350769709 0.25881904510252091 -2.8890864837557833 -1.0000000180025095e-35 0.19074479947706385 0.2764601837966702 11.931950000000002
decision_type=2 2 2 10 2 8 10 2 10 2 2 10 2 8 2 10 2 2 2 2 10 2 2 2 2 2 2 2 2 10
left_child=-1 3 6 4 -2 -4 7 8 9 23 13 12 -12 14 -9 -16 17 21 19 20 -19 -15 -11 -3 25 26 29 -28 -29 -8
right_child=1 2 5 -5 -6 -7 24 10 -10 22 11 -13 -14 16 15 -17 -18 18 -20 -21 -22 -23 -24 -25 -26 -27 27 28 -30 -31
leaf_value=0.0083377852829597011 -0.0089871688796435301 0.011708091440840821 0.007317890368351493 -0.00046665822123314596 0.047036974469686355 -0.0073166541935478051 0.0011290805731746067 0.00086993514881508044 -0.00044606209674699881 0.010293215528359835 -0.005398422774575899 -0.00021736877800490555 -0.020068652579874613 0.018852031107687458 0.014058879334991043 -0.011620244989895926 -0.00076257287553828802 -0.011952144925594032 0.0025440557678810391 -0.0031462079368749685 -0.029248031365423404 -0.00049968343878530475 0.035777962817930463 0.0028740283136738779 0.0012366261524576088 0.0004638227158930797 0.001074108838547202 -0.027723225646127794 -0.0068778457457765521 -0.0076728632279473019
leaf_weight=81.512099415063858 9.7992687821388262 97.992687821388245 38.306232511997223 18055.598152399063 9.3538474738597852 231.61908030509949 679.71291643381119 919.79500159621239 1369.6705229580402 22.716486722230911 279.72458159923553 287.29674383997917 47.214658677577972 22.271065413951874 94.429317355155945 17.371431022882462 5134.816841840744 58.350191384553909 49.44176521897316 71.267409324645996 42.760445594787598 63.695247083902359 17.371431022882462 392.86159390211105 8599.7491989433765 8319.1337747275829 97.10184520483017 51.668871760368347 130.06302201747894 188.85863471031189
leaf_count=183 22 217 56 18459 18 163 383 751 933 48 286 645 106 50 212 39 10793 131 111 160 96 143 39 774 4856 4703 56 29 73 106
internal_value=-1.86013e-05 -3.37878e-05 0.000237951 -0.00044459 0.0193498 -0.00522046 0.000292599 -0.000404217 0.00135726 0.0060014 -0.000876646 -0.00413783 -0.00757175 -0.000566652 0.00186828 0.0100013 -0.00102843 -0.00544691 -0.00937219 -0.012785 -0.0194815 0.00467284 0.0219386 0.00465785 0.000639309 9.66119e-05 -0.00256389 -0.00806268 -0.0129238 -0.000791401
internal_weight=45481.5 45400 27325.3 18074.8 19.1531 269.925 27055.3 8989.05 1900.61 530.942 7088.43 614.236 326.939 6474.2 1031.6 111.801 5442.6 307.786 221.82 172.378 101.111 85.9663 40.0879 490.854 18066.3 9466.54 1147.41 278.834 181.732 868.572
internal_count=44641 44458 25959 18499 40 219 25740 15534 2011 1078 13523 1037 392 12486 1002 251 11484 691 498 387 227 193 87 991 10206 5350 647 158 102 489
is_linear=0
shrinkage=0.03


Tree=156
num_leaves=31
num_cat=0
split_feature=33 9 18 25 11 24 3 25 8 11 25 24 3 47 40 40 8 23 4 9 41 11 40 11 49 9 7 25 24 4
split_gain=6.23125 8.33846 15.1932 14.0865 48.1101 11.9354 11.0979 10.6086 18.4384 26.6759 17.8389 17.302 14.4698 11.8126 10.6889 10.5244 10.1319 9.44384 9.15008 14.3164 14.4101 8.01295 7.75399 7.67209 24.1203 13.7359 8.31951 7.57187 6.87884 8.8635
threshold=0.021998545406463409 12.942850000000002 -2.6696350990098998 -0.98801846520836312 20.813450000000007 0.13930990466364487 6.3225000000000007 -0.98932651372861458 10.125750000000002 19.532050000000002 -0.9575230291762723 0.12225609522135446 8.3685000000000027 9.2427500000000027 15.228357631904325 20.341857335849692 9.4349500000000024 -0.60355339059327384 22.703400000000006 9.6627500000000008 11.848600000000003 23.704100000000004 18.594847620462051 21.696900000000003 31.944650000000006 10.222450000000002 31.892550000000004 -0.99983123799342477 0.12225609522135446 20.100300000000001
decision_type=2 8 2 2 2 2 2 2 8 2 2 2 2 2 2 2 8 2 8 10 2 2 2 2 2 10 8 2 2 10
left_child=-1 6 -3 4 -4 15 -2 8 9 11 -9 14 18 -11 -8 17 -17 22 23 20 21 -20 -6 28 25 -25 -27 -18 -10 -30
right_child=1 2 3 -5 5 -7 7 10 12 13 -12 -13 -14 -15 -16 16 27 -19 19 -21 -22 -23 -24 24 -26 26 -28 -29 29 -31
leaf_value=0.00026199153610092753 -0.0025491228249987356 -0.023120029180009941 0.029192811905289891 0.0001809984194655275 0.028737796026741803 -0.018018792404578952 -0.017574241021436742 0.0028654533548384156 -0.00046931051846790919 -0.014811411457162629 -0.0005331351212373792 -0.0046802691380837119 0.0094033140982764662 0.0020865386215815052 -0.03999203924854159 -0.024781890957927578 -0.017141072132873646 0.0030649202990316528 -0.012526023409204364 0.0054234165677726912 -0.018759069897606256 0.0006646097900243396 0.008764861400208851 -0.005318921237880231 -0.0022185669777212416 -0.015462329817068072 -0.036587379748705705 0.002201267656847335 -0.017548467366708377 0.0019121217229156125
leaf_weight=24116.445894151926 2644.0208859443665 23.161908030509949 65.476932317018509 4582.4944195747375 24.943593263626099 24.498171955347061 46.323816061019897 1615.5430851280689 607.55466449260712 48.105501294136047 9917.3054288327694 46.323816061019897 108.68279922008514 153.22493004798889 35.633704662322998 16.035167098045349 20.043958872556686 204.89380180835724 46.323816061019897 329.61176812648773 44.987552136182785 333.17513859272003 58.350191384553909 46.323816061019897 301.10480439662933 35.633704662322998 35.633704662322998 134.51723510026932 49.887186527252197 35.633704662322998
leaf_count=24623 1493 52 147 9544 56 55 26 915 341 27 5588 26 61 86 20 36 45 460 26 185 26 187 131 26 169 20 20 302 28 20
internal_value=-6.96158e-05 -0.000439245 0.000613805 0.000725421 0.0052631 0.00196743 -0.000768601 -0.000428214 -0.00228615 -0.00884346 -5.68473e-05 -0.0194786 -0.00118762 -0.00200427 -0.0276857 0.00307152 -0.00282389 0.00655909 -0.00180923 0.0007412 -0.00289872 -0.000974203 0.015016 -0.00353826 -0.00673994 -0.0182011 -0.026385 -0.000401169 -0.00159715 -0.00951151
internal_weight=45751.9 21635.4 5154.42 5131.25 548.759 483.282 16481 13837 2304.16 329.612 11532.8 128.281 1974.55 201.33 81.9575 458.784 170.596 288.188 1865.87 754.098 424.487 379.499 83.2938 1111.77 418.696 117.591 71.2674 154.561 693.076 85.5209
internal_count=44741 20118 10828 10776 1232 1085 9290 7797 1294 185 6503 72 1109 113 46 1030 383 647 1048 424 239 213 187 624 235 66 40 347 389 48
is_linear=0
shrinkage=0.03


Tree=157
num_leaves=31
num_cat=0
split_feature=43 33 22 25 23 48 25 48 25 11 3 24 9 42 3 8 21 24 21 3 7 25 4 5 25 47 30 32 24 6
split_gain=5.93756 6.09251 5.37396 9.2174 8.99795 8.83077 11.431 25.9747 9.14701 17.2572 8.30946 15.8089 14.3294 9.94482 8.12319 8.65368 8.30564 7.70656 8.43104 7.12955 7.00455 12.8469 11.0628 6.43396 8.21052 10.3907 9.12893 7.00923 5.74898 5.74362
threshold=-0.032118441314856937 0.17578180413988528 0.60355339059327384 -0.99996069798976184 0.78656609248549303 0.21346158105743465 -0.98932651372861458 0.20707909717146214 -0.94703994556331683 16.871750000000002 8.5425000000000022 0.29033824002281988 8.4905500000000025 0.38857038489637408 8.1245000000000029 10.087600000000002 0.12890217442922672 -0.26969676895496814 -1.5043993928638135 7.4715000000000016 31.921850000000003 -0.81925291736142503 27.146000000000004 31.927750000000007 -0.99273797715557011 10.423551652892577 14.612360520841181 26.188116666666669 -0.066607572871769438 10.590800000000003
decision_type=2 2 2 2 2 2 2 2 2 2 2 2 10 2 2 10 2 2 2 2 8 2 8 10 2 2 2 2 2 8
left_child=1 -1 3 4 -2 6 7 14 9 -8 11 13 -13 -11 16 -16 -4 -15 -19 -20 21 22 -10 24 25 26 -7 -26 -17 -25
right_child=2 -3 5 -5 -6 23 8 -9 20 10 -12 12 -14 17 15 28 -18 18 19 -21 -22 -23 -24 29 27 -27 -28 -29 -30 -31
leaf_value=0.0045338663029557925 -0.011249848163595554 0.027427866372663385 -0.0035580864937462481 -0.00016761469076045143 0.0033464656436127008 -0.0041927551483597007 0.022751823649597776 -0.040571295745554438 -0.005803378556509445 0.0035657881484588488 -0.016195757553580409 0.038185544747849069 0.0070551786947625717 0.0078653466176868466 -0.017104680190481843 -0.0091126920630152132 0.012444744732926066 0.0010635454951980496 -0.0068897565997433621 -0.028243386899744601 0.00024914389367028823 -0.00033466091903164882 -0.027525401082144078 0.015032221281236007 0.0031340898532562348 0.0027972308077867927 -0.021549217077233351 1.4508334237829492e-05 0.01005378152963457 0.0029199952143966084
leaf_weight=65.922353625297546 127.39049416780472 11.580954015254973 92.647632122039795 32154.073402047157 53.450556993484497 71.712830632925034 38.75165382027626 17.371431022882462 299.76854047179222 400.87917745113373 20.043958872556686 19.153116255998611 40.978760361671448 26.279857188463211 60.577297925949097 31.179491579532623 41.424181669950485 36.079125970602036 29.843227654695511 27.170699805021286 6786.884474247694 857.43601843714714 21.825644105672836 35.188283354043961 1058.321028470993 86.857155114412308 43.651288211345673 1670.3299060463905 24.052750647068024 1447.1738305985928
leaf_count=148 115 26 172 31451 51 62 39 12 478 438 12 43 23 59 64 70 90 81 67 61 6738 1781 46 46 654 135 35 942 24 828
internal_value=1.71854e-05 0.00826062 3.00009e-06 -0.00020571 -0.00694099 0.000510943 -3.45876e-05 -0.00613313 0.000155508 0.00360556 0.00233408 0.00300078 0.0174332 0.0013024 -0.00358686 -0.00937104 0.00144184 -0.00626501 -0.0102952 -0.0173775 -0.000121739 -0.00225506 -0.00735834 0.00160744 0.000792308 -0.00502561 -0.0108888 0.00122516 -0.000735644 0.00321746
internal_weight=45698 77.5033 45620.5 32334.9 180.841 13285.6 8872.35 267.253 8605.09 639.18 600.428 580.384 60.1319 520.252 249.881 115.81 134.072 119.373 93.0931 57.0139 7965.91 1179.03 321.594 4413.23 2930.87 202.221 115.364 2728.65 55.2322 1482.36
internal_count=44791 174 44617 31617 166 13000 10298 432 9866 823 784 772 66 706 420 158 262 268 209 128 9043 2305 524 2702 1828 232 97 1596 94 874
is_linear=0
shrinkage=0.03


Tree=158
num_leaves=31
num_cat=0
split_feature=36 3 24 11 8 9 31 7 24 47 11 23 21 25 19 27 3 23 33 25 25 27 24 23 4 24 11 4 21 33
split_gain=4.96523 4.59651 5.94535 13.3302 6.35666 5.52314 5.88923 4.82195 7.22354 14.5575 26.0066 13.0827 11.1985 12.0874 9.91663 9.69818 8.97824 8.92804 10.1934 7.66658 22.9313 19.1155 14.9377 9.08459 7.10081 9.41213 13.2896 6.53455 6.37404 10.8293
threshold=12.716250000000004 6.2425000000000006 0.3714672281037254 17.004400000000004 8.7503500000000027 8.6913500000000017 8.9291500000000017 31.918050000000004 -0.61913973745509387 13.885650000000002 27.956450000000004 -0.3794095225512602 -1.9236988104387842 -0.99983123799342477 5.6578892211221135 28.488050000000005 8.2365000000000013 0.1294095225512602 0.17061782634493972 -0.98521978256641018 -0.9575230291762723 20.649850000000004 0.24059136628141839 -0.60355339059327384 19.579000000000004 -0.23641503605938965 23.419050000000002 22.703400000000006 -1.1441888564434464 0.13712943034506425
decision_type=2 2 2 2 10 10 2 10 2 2 2 2 2 2 2 2 2 2 2 2 2 2 2 2 10 2 2 10 2 2
left_child=1 2 -1 5 -5 -4 -7 8 -3 28 12 -12 17 27 16 -13 19 -11 -19 21 22 -15 24 -24 -21 -26 -27 -14 29 -10
right_child=-2 7 3 4 -6 6 -8 -9 9 10 11 15 13 14 -16 -17 -18 18 -20 20 -22 -23 23 -25 25 26 -28 -29 -30 -31
leaf_value=-0.00023694323359695567 0.0047494191495051031 0.00056705987555115119 -0.0010963082754736643 -0.029345250849148699 -0.0088520299036642242 -0.014535554676521123 -0.0027924971245298722 0.00064667196325728972 -0.00022673139291049711 -0.0018206872431664315 -0.0029460687520488998 -0.038339701231698359 0.036262676755251591 0.035316140142541495 -0.026540580450535527 -0.0093029516466121079 -0.012689004709403415 0.0059275667326005813 0.034790731597173233 0.012037638640382408 -0.0015639874919795688 -7.359595916579299e-05 -0.046884612483967081 -0.017595172461423475 0.0017184942768175837 -0.0088323695131332664 -0.032721785467630063 0.0018809511816496442 0.00044823147092717556 -0.0032652041471012616
leaf_weight=7572.1622407436371 196.43079695105553 9164.5434178411961 1602.6258671879768 19.598537564277649 44.542130827903748 57.013927459716797 115.80954015254974 11375.614792138338 5163.7692268788815 164.80588406324387 26.279857188463211 32.961176812648773 9.3538474738597888 13.80806055665016 16.035167098045349 16.035167098045349 88.19341903924942 128.72675809264183 11.135532706975935 13.362639248371122 827.59279078245163 189.74947732686996 14.253481864929197 31.624912887811661 44.09670951962471 91.311368197202682 26.725278496742249 9.7992687821388227 7202.907976180315 1326.0192347466946
leaf_count=8174 156 9985 1747 29 88 32 65 10707 3202 358 59 74 21 31 36 36 198 289 25 30 1858 426 32 71 99 205 60 22 5743 874
internal_value=2.18036e-06 -1.84633e-05 -0.0006087 -0.00213797 -0.0154682 -0.00164796 -0.00672783 0.000135908 -0.000100173 -0.000496006 -0.0030669 -0.0202017 -0.00228784 -0.00343993 -0.00377995 -0.0292129 -0.00348815 0.00290932 0.00845626 -0.00283069 -0.00386418 0.00248793 -0.0124176 -0.0275008 -0.00834103 -0.0100841 -0.0144707 0.0196382 -0.000166134 -0.000847972
internal_weight=45596.9 45400.5 9411.75 1839.59 64.1407 1775.45 172.823 35988.7 24613.1 15448.5 1755.85 75.2762 1680.57 1375.91 1356.75 48.9963 1340.72 304.668 139.862 1252.52 1048.97 203.558 221.374 45.8784 175.496 162.133 118.037 19.1531 13692.7 6489.79
internal_count=44732 44576 10135 1961 117 1844 97 34441 23734 13749 3930 169 3761 3089 3046 110 3010 672 314 2812 2355 457 497 103 394 364 265 43 9819 4076
is_linear=0
shrinkage=0.03


Tree=159
num_leaves=31
num_cat=0
split_feature=5 24 48 23 24 40 21 32 18 5 49 24 47 21 48 42 24 23 24 24 3 6 41 11 23 24 27 4 22 4
split_gain=4.48751 11.497 16.0218 5.87547 5.45331 8.87162 13.0965 5.80302 4.72158 7.22445 5.33843 5.52537 6.35797 15.2047 11.3166 9.3303 14.8439 28.1724 19.6112 30.4463 19.3331 15.2544 15.0859 13.3617 12.3016 8.13847 22.5171 20.7276 7.98687 7.72241
threshold=30.263050000000003 -0.78856175031405207 0.070072208563138214 0.78656609248549303 -0.60554068365937697 25.416446002070167 -0.59017932777771509 29.25021666666667 -0.63600605280528011 32.223050000000008 32.038950000000007 -0.79902248885025529 11.194900000000002 -3.1406655907693239 0.11089662657540923 0.3023243742069443 0.22386011952790016 -0.78656609248549325 0.29033824002281988 0.33931202449298198 6.8995000000000006 12.306000000000003 9.6007500000000014 19.747200000000003 0.60355339059327384 0.13930990466364487 21.796650000000003 21.279750000000003 -0.9159756150367534 24.611450000000001
decision_type=8 2 2 2 2 2 2 2 2 8 2 2 2 2 2 2 2 2 2 2 2 8 2 2 2 2 2 10 2 10
left_child=1 -1 3 -3 7 -6 -7 -4 9 10 11 -2 -13 14 -14 -15 23 20 21 24 -18 -19 -22 -17 -20 27 28 -25 -27 -29
right_child=8 2 4 -5 5 6 -8 -9 -10 -11 -12 12 13 15 -16 16 17 18 19 -21 22 -23 -24 25 -26 26 -28 29 -30 -31
leaf_value=-0.00091149987206484869 0.0016843264801808949 0.01464934094427525 0.012662186663540811 0.037504761885424169 0.0033965378203480519 0.0012642108073844028 -0.036208245862333399 -0.0023801201617177593 -0.00030602530189852481 -0.012539143156273035 0.0020824900222125987 0.00046740186889221598 0.024423797204472169 0.0026042425973716032 0.0042197667024900321 0.016495346136760326 -0.051103201624303173 0.00079229916321802546 0.032575523034305873 -0.0075154638700400712 0.0010605026584604418 -0.026090633150725788 -0.027958215039787453 0.024717229707189797 0.0029859353291144344 -0.019147367566005373 -0.030216423094764432 0.0019515411965572863 0.00073751924963714891 -0.0015384507107166379
leaf_weight=412.01471015810966 2030.6757444441319 61.913561850786209 71.712830632925034 12.02637532353401 95.765581279993057 20.043958872556686 13.362639248371122 33.406598120927811 23888.390184313059 38.306232511997223 1461.872733771801 11060.701927185059 27.170699805021286 579.93854337930679 225.38318198919296 37.860811203718185 16.480588406324387 34.297440737485886 34.297440737485886 73.049094557762146 28.952385038137436 41.424181669950485 35.188283354043961 27.170699805021286 20.043958872556686 20.489380180835724 31.179491579532623 654.32390186190605 117.59122538566589 4419.4702207446098
leaf_count=925 2519 139 125 27 68 18 27 75 25026 38 912 7522 61 993 272 85 37 77 77 164 65 93 79 61 45 46 70 1442 264 3394
internal_value=2.02119e-05 0.0023678 0.00674003 0.0188176 0.00286469 -0.00126582 -0.0143415 0.00790441 -1.74944e-05 0.000310473 0.000334534 0.000203499 3.14315e-05 -0.000719132 0.00648115 -0.00101478 -0.00139051 -0.0080639 -0.00207118 0.00511062 -0.0229512 -0.0140626 -0.0150443 -0.00103235 0.0219125 -0.00116137 -0.00761394 -0.000945809 -0.0023296 -0.00108808
internal_weight=45624.5 720.246 308.232 73.9399 234.292 129.172 33.4066 105.119 44904.3 21015.9 20977.6 19515.7 17485 6424.31 252.554 6171.76 5591.82 283.733 203.112 127.39 80.6213 75.7216 64.1407 5308.09 54.3414 5270.22 169.26 5100.96 138.081 5073.79
internal_count=44746 1404 479 166 313 113 45 200 43342 18316 18278 17366 14847 7325 333 6992 5999 637 456 286 181 170 144 5362 122 5277 380 4897 310 4836
is_linear=0
shrinkage=0.03


Tree=160
num_leaves=31
num_cat=0
split_feature=35 44 22 25 9 4 19 33 3 41 35 24 33 23 21 42 24 5 21 21 17 7 5 33 24 25 21 33 3 5
split_gain=6.01961 7.84107 6.81228 6.48885 11.5902 16.3634 6.62207 6.24865 9.08087 6.15144 7.11745 5.86887 10.7927 7.15755 7.08515 6.08299 8.8989 5.74044 5.10869 6.13409 4.73156 4.72842 7.6243 4.58735 4.44777 4.35337 5.42079 7.50076 13.8256 4.55248
threshold=0.12233292686210413 1.5509410394432657 0.91597561503675362 -0.98521978256641018 10.531450000000001 20.251800000000003 4.1993230798075691 0.3710318045666714 7.6185000000000009 9.3201500000000017 0.051719371491466305 0.32308142426531927 0.51291209448273423 0.60355339059327384 -3.2934151689271451 0.37982274003152999 0.35544221683359195 31.553150000000006 3.7511450528144734 4.0828319276672795 0.51610891089108912 31.912050000000004 31.944750000000003 0.01590505160845344 0.12225609522135446 -0.99966479353140603 -2.5434395362821509 0.25887020686050383 7.3425000000000002 31.98235
decision_type=2 2 2 2 8 10 2 2 2 2 2 2 2 2 2 2 2 10 2 2 2 10 10 2 2 2 2 2 2 10
left_child=3 2 18 4 6 -6 23 21 -9 10 -7 20 15 14 -14 -13 -17 -11 -2 -20 25 -8 -23 -1 -19 26 27 28 29 -3
right_child=1 11 -4 -5 5 9 7 8 -10 17 -12 12 13 -15 -16 16 -18 24 19 -21 -22 22 -24 -25 -26 -27 -28 -29 -30 -31
leaf_value=-0.0022300688243835007 0.00066757947728191176 0.0028761180627291799 0.0028228173931503504 -0.00024498916623231061 0.032199127501221517 7.2198394213614974e-05 -0.00084753160722576013 -0.020527542513836497 -0.0025429974586655591 0.017023072985748948 -0.033721566035256716 -0.00077688237425721539 0.009954621402085681 -0.022184748008397863 -0.0094947290337065796 -0.00063406688892369992 -0.032490309438351107 0.0012776480777908462 -0.00066477360207854437 -0.027664514663393067 -0.0094517987394781879 -0.015784261998952609 -0.00051159123466153244 -0.014362224403613776 -0.015293678673433916 0.00026072984929101058 0.0017209131483798816 0.0028066282482908226 -0.027836930934775333 -0.014739343015457502
leaf_weight=40.978760361671448 9559.1866969764233 36.079125970602036 1466.3269468545914 17761.620088934898 14.253481864929197 12.917217940092089 488.18175387382507 42.760445594787598 60.577297925949097 19.153116255998611 8.9084261655807477 2773.1930653452873 20.043958872556686 30.288648962974548 85.966312497854233 19.153116255998615 12.471796631813048 328.27550420165062 19.153116255998615 11.580954015254973 44.987552136182785 53.450556993484497 64.140668392181396 90.865946888923645 14.253481864929197 12628.584932327271 87.747997730970383 40.087917745113373 32.961176812648773 19.598537564277649
leaf_count=23 8444 36 1222 17403 29 29 274 24 34 43 20 2371 12 20 64 43 28 461 43 26 35 30 36 51 32 13889 110 24 32 11
internal_value=1.72634e-05 0.000306103 0.000919102 -0.000391468 -0.0024899 0.00172662 -0.00448395 -0.00332662 -0.0101103 0.000513284 -0.0145942 -0.000122038 -0.00133104 -0.0095439 -0.00575867 -0.000928679 -0.0138079 0.00146267 0.000627754 -0.0113898 0.000153901 -0.00215465 -0.00752827 -0.0106366 0.000545562 0.000188277 -0.00402021 -0.0079168 -0.0127438 -0.00347518
internal_weight=45887.7 26887.4 11056.2 19000.3 1238.72 397.761 840.955 709.111 103.338 383.508 21.8256 15831.2 2941.12 136.299 106.01 2804.82 31.6249 361.682 9589.92 30.7341 12890 605.773 117.591 131.845 342.529 12845.1 216.475 128.727 88.6388 55.6777
internal_count=44899 26410 9735 18489 1086 614 472 398 58 585 49 16675 2538 96 76 2442 71 536 8513 69 14137 340 66 74 493 14102 213 103 79 47
is_linear=0
shrinkage=0.03


Tree=161
num_leaves=31
num_cat=0
split_feature=49 33 24 43 46 5 18 30 18 35 47 47 36 33 48 5 29 14 4 42 24 40 24 41 47 24 30 48 29 18
split_gain=4.66186 5.02699 8.66098 8.10209 6.37148 6.3687 6.06806 6.06001 6.38177 5.79856 5.76053 8.4121 10.0624 8.22208 8.45061 6.98108 6.06414 6.51618 5.71313 5.61707 12.6718 9.43717 7.84707 11.1535 9.62568 8.14962 5.8901 6.581 8.02746 5.88501
threshold=32.042750000000005 0.019778034954633626 0.78122766944679256 0.39529510990741806 0.24802262513541135 31.712050000000001 -1.9478821708532548 20.164100000000005 -0.8825978904889612 0.055472431055683766 10.061500000000002 10.390050000000002 5.4126400826440957 0.15481605429239706 0.25364697543579867 31.969450000000005 13.335392561983474 10.685 11.913000000000002 0.43343330641750305 0.13930990466364487 19.267538366812669 0.17328881712428665 10.465050000000002 14.916150000000002 0.3873823162447298 17.290416528925629 0.10715662170243873 17.198202680047292 -0.86450364716463024
decision_type=2 2 2 2 2 10 2 2 2 2 2 2 2 2 2 8 2 2 10 2 2 2 2 2 2 2 2 2 2 2
left_child=1 6 3 9 5 18 -1 10 -9 -3 16 12 13 -12 15 -15 -5 -18 -4 22 -21 -22 23 -13 25 29 27 28 -25 -24
right_child=-2 2 4 7 -6 -7 -8 8 -10 -11 11 19 -14 14 -16 -17 17 -19 -20 20 21 -23 24 26 -26 -27 -28 -29 -30 -31
leaf_value=0.0032849089434448205 0.0010989634196618204 -0.0008580185113548016 -0.027348377434495197 -0.0078352045961652753 -0.0087529132072395495 -0.0016167079341802167 0.00012902206786936625 0.0010956276924734864 -0.0013223433327403712 0.00067149020781610543 -0.00478404162480603 0.020361547491113772 0.0040405396025855909 -0.00067674453822441508 -0.028143322200052411 -0.019346615770136421 0.0004338892071517 -0.011810153978978421 -0.0050298295084384289 -0.0027098147418212646 -0.00047191930282370069 -0.034636026748788497 -0.0022342546773962443 0.033482481575017958 -0.011742423113885356 -0.0062453529788837484 -0.0016361862643000389 0.0023871094129762752 0.0047237379152473098 0.016433499160907885
leaf_weight=562.12169104814529 3068.0619714260101 3054.25391086936 15.144324481487272 90.865946888923645 133.62639248371124 1530.4676152467728 20894.713571369648 1926.001736998558 2003.0596233308315 8266.1286390423775 115.80954015254974 27.170699805021286 53.450556993484497 35.633704662322998 35.633704662322998 35.633704662322998 1457.4185206890106 39.197075128555298 30.288648962974548 1514.4324481487274 11.580954015254976 18.707694947719574 25.834435880184174 13.80806055665016 97.10184520483017 70.376566708087921 311.3494944870472 172.82346761226654 22.271065413951874 35.188283354043961
leaf_count=395 2667 2762 28 51 78 859 21473 1561 2643 8526 65 58 30 20 20 20 818 22 68 1249 26 42 58 31 218 158 456 154 50 79
internal_value=-3.02932e-05 -0.000111646 -0.000439933 -0.000259785 -0.00248649 -0.00194992 0.000211849 -0.000983282 -0.000137092 0.000258787 -0.00177763 -0.00264769 -0.00758885 -0.0103855 -0.0163532 -0.0101502 -0.000353627 0.00010554 -0.0128981 -0.00205666 -0.00310216 -0.0220059 2.60382e-05 0.00197514 -0.0046317 0.000672007 0.000977667 0.0048626 0.0163363 0.00862176
internal_weight=45668.2 42600.1 21143.3 19433.7 1709.53 1575.9 21456.8 8113.35 3929.06 11320.4 4184.29 2596.81 276.161 222.711 106.901 71.2674 1587.48 1496.62 45.433 2320.65 1544.72 30.2886 775.924 547.423 228.501 131.399 520.252 208.903 36.0791 61.0227
internal_count=44685 42018 20150 19117 1033 955 21868 7829 4204 11288 3625 2734 155 125 60 40 891 840 96 2579 1317 68 1262 749 513 295 691 235 81 137
is_linear=0
shrinkage=0.03


Tree=162
num_leaves=31
num_cat=0
split_feature=44 40 9 33 27 4 25 18 33 25 4 25 25 23 18 36 3 49 8 22 27 6 3 33 25 49 4 25 42 49
split_gain=4.74629 4.60788 4.58317 18.0473 15.8732 22.0077 12.1609 10.4149 9.85234 8.39352 29.5395 14.6848 26.0423 27.3808 20.8608 17.0453 14.4782 16.2846 13.8574 8.05311 7.95679 8.24832 7.8034 10.6176 7.03076 15.7919 16.9602 25.7891 13.5783 9.09878
threshold=3.2260936372203721 28.67881299282659 12.942850000000002 0.10488038901529657 14.612210520841179 15.650100000000002 -0.89787881968372518 -2.6696350990098998 0.64304433491530533 -0.98372925196996197 21.766750000000005 -0.9575230291762723 -0.93845867424155849 -0.78656609248549325 -0.39292614876029214 9.0387000000000004 6.8695000000000013 31.297950000000004 9.2637500000000017 -0.78656609248549292 19.185750000000002 11.772800000000002 6.7345000000000015 0.038290895351535195 -0.72694848937061807 31.878550000000001 27.543850000000003 -0.78324956448884031 0.30047294959049492 30.388250000000003
decision_type=2 2 8 2 2 10 2 2 2 2 10 2 2 2 2 2 2 2 8 2 2 10 2 2 2 2 10 2 2 2
left_child=1 2 8 24 -5 6 -6 -7 22 10 18 14 13 -13 16 -15 -11 -18 -9 -12 21 -19 23 -1 25 26 29 -28 -27 -4
right_child=-2 -3 3 4 5 7 -8 9 -10 11 19 12 -14 15 -16 -17 17 20 -20 -21 -22 -23 -24 -25 -26 28 27 -29 -30 -31
leaf_value=5.3182323393342162e-05 -0.00081047197824774323 -0.0094169994997810834 0.022409919391789254 -0.0044400331151416431 0.043642968903312603 -0.022512879139207315 0.013854842067509159 -0.0055544531460918912 -0.0044504384277953349 0.0016625421173874437 -0.012506691826280546 -0.014797561690888535 0.0028494718153139857 0.036880752567657424 0.03992433984037598 0.0069854611065744499 0.0032766373044269097 -0.052659622372151077 0.021884652936819009 0.0033075468907039335 -0.013823403505356668 -0.013468734874469776 0.00043736757446732308 -0.0019123718921537443 0.00085886429176086003 -0.0016134989708446402 -0.019497641688013947 -0.00027363020143518675 -0.015030250205917228 0.00039901879697199985
leaf_weight=8185.9528035521507 5016.3347738385201 44.09670951962471 16.035167098045349 191.97658386826515 14.253481864929197 12.471796631813048 76.167043715715408 18.707694947719574 438.73998865485191 159.46082836389542 38.75165382027626 16.480588406324387 648.9788461625576 51.668871760368347 8.9084261655807477 26.279857188463211 42.31502428650856 10.690111398696901 122.93628108501434 106.01027137041092 64.140668392181396 9.7992687821388227 19620.808629691601 3543.3265073597431 4618.5735455453396 145.20734649896622 98.88353043794632 169.26009714603424 126.94507285952568 2179.8918827176094
leaf_count=4659 8898 99 36 428 29 28 168 42 247 358 87 37 1373 116 20 59 95 24 276 238 144 22 11068 1997 8260 320 222 380 285 4885
internal_value=6.02565e-05 0.000167309 0.000177908 0.000776545 0.00364194 0.00473079 0.0189765 0.00375434 8.87825e-06 0.00401835 0.00855799 0.00275961 0.00500593 0.0196413 -0.00289297 0.0270179 -0.00435904 -0.0118769 0.0182471 -0.000982562 -0.0194034 -0.0354151 7.14257e-05 -0.000540709 0.000144991 -0.00105986 -0.000301049 -0.00740899 -0.00790384 0.000569875
internal_weight=45824.1 40807.7 40763.6 8974.79 1620 1428.02 90.4205 1337.6 31788.8 1325.13 286.406 1038.72 743.408 94.4293 295.314 77.9487 286.406 126.945 141.644 144.762 84.63 20.4894 31350.1 11729.3 7354.8 2736.22 2464.07 268.144 272.152 2195.93
internal_count=44900 36002 35903 17932 3544 3116 197 2919 17971 2891 643 2248 1585 212 663 175 643 285 318 325 190 46 17724 6656 14388 6128 5523 602 605 4921
is_linear=0
shrinkage=0.03


Tree=163
num_leaves=31
num_cat=0
split_feature=11 22 36 21 34 3 3 4 41 5 35 24 3 18 43 44 3 21 6 24 4 22 36 41 3 33 41 24 23 24
split_gain=4.6239 5.34627 4.57005 4.91127 10.2133 6.06936 4.8279 4.60245 7.15834 10.706 10.935 12.3344 4.55272 4.47075 4.10619 4.01937 6.02595 5.2898 4.87312 7.09088 12.8268 13.6834 9.49273 9.5394 9.30838 9.23352 8.31018 26.8383 30.8739 18.9633
threshold=29.498450000000002 1.0000000180025095e-35 12.716250000000004 3.5978575752204667 15.201711983471244 5.900500000000001 8.0935000000000006 28.435350000000003 11.260650000000002 30.122900000000005 2.4014077947953605 0.019350803001866129 6.767500000000001 -2.1712146600660058 -0.032118441314856937 0.0083711949278289875 8.2755000000000027 -0.969602920517591 9.8831000000000007 0.30675521904633613 20.492750000000004 -0.5 6.0615483471068439 8.9667000000000012 6.7765000000000013 0.64304433491530533 9.8060500000000008 0.24059136628141839 -0.60355339059327384 0.27383534524298775
decision_type=2 2 2 2 2 2 2 8 2 10 2 2 2 2 2 2 2 2 8 2 10 2 2 2 2 2 2 2 2 2
left_child=2 -2 3 7 5 -5 -4 14 -9 10 11 -10 -7 -11 -1 16 -16 -18 -17 26 22 -22 25 -24 -23 -21 -20 -28 29 -29
right_child=1 -3 6 4 -6 12 -8 8 9 13 -12 -13 -14 -15 15 18 17 -19 19 20 21 24 23 -25 -26 -27 27 28 -30 -31
leaf_value=0.0070931067124054524 0.00023096615324859747 -0.010846120954294925 0.00053237759686532214 -0.026845693150352144 -0.00061210153902367225 -0.0026257656020812325 0.010020333581357236 -0.021221999252506413 0.0094233588072273351 0.0083562021752054683 -0.013953804514517316 0.043168610140201 -0.016922761206186288 0.00066828243635930424 -0.00081313944376863961 0.00084043763262589631 0.0025563539043080737 -0.0090349673968478546 0.0011592302565175162 -0.00036939727908153342 0.0054970918391659043 -0.046152953748542058 -0.0075640220365478811 0.00038489157101055026 -0.008215412665181606 -0.0095856097106798033 -8.869102256626046e-05 -0.018706835365279038 -0.0037224014694718656 -0.05966207303844983
leaf_weight=71.267409324645996 80.621256798505783 75.276201099157333 114.02785491943359 17.816852331161499 337.62935167551041 55.677663534879684 82.84836333990097 11.580954015254973 115.36411884427071 69.485724091529846 15.144324481487272 9.7992687821388227 30.734070271253586 2004.3958872556686 2125.9959044158459 5445.7209150195122 45.87839475274086 149.21613827347755 5116.9999895095825 4783.8248509168625 13.80806055665016 14.253481864929201 364.80005148053169 216.02933451533318 10.24469009041786 98.88353043794632 24115.555051535368 33.406598120927811 114.91869753599167 14.698903173208235
leaf_count=160 181 169 103 40 611 125 48 11 250 39 13 16 69 2025 2268 3994 40 86 3355 4308 31 32 318 185 23 75 25821 69 255 33
internal_value=-1.14387e-05 -0.00515272 6.25099e-06 -1.35753e-05 -0.00315739 -0.0113182 0.00455551 1.73902e-05 0.00134707 0.00147465 0.00946484 0.0123866 -0.0078462 0.000929771 -5.1893e-05 -6.39941e-05 -0.00127769 -0.00631002 5.86404e-06 -0.000124391 -0.00111275 -0.0181898 -0.000989715 -0.00461198 -0.0312326 -0.000557967 6.0628e-05 -0.000170954 -0.012265 -0.0321811
internal_weight=45755.9 155.897 45600 45403.1 441.858 104.229 196.876 44961.3 2225.77 2214.19 140.308 125.163 86.4117 2073.88 42735.5 42664.2 2321.09 195.095 40343.1 34897.4 5501.84 38.3062 5463.54 580.829 24.4982 4882.71 29395.6 24278.6 163.024 48.1055
internal_count=44753 350 44403 44252 845 234 151 43407 2354 2343 279 266 194 2064 41053 40893 2394 126 38499 34505 4972 86 4886 503 55 4383 29533 26178 357 102
is_linear=0
shrinkage=0.03


Tree=164
num_leaves=31
num_cat=0
split_feature=7 24 42 24 9 8 3 42 22 42 28 24 8 19 44 7 8 24 23 24 22 25 34 5 24 48 22 48 4 5
split_gain=5.4658 6.20398 12.6692 12.0885 21.047 10.6831 14.3283 9.10125 7.25283 10.2457 6.69485 10.6237 6.54706 6.07345 5.87238 5.50905 5.19706 31.3913 28.0685 12.4396 11.1144 13.5418 10.0328 12.7452 9.7762 22.8699 17.3279 6.66503 6.53965 5.56451
threshold=31.918050000000004 0.30675521904633613 0.31221017418387359 0.35544221683359195 8.7554500000000015 8.729000000000001 7.5435000000000008 0.37982274003152999 0.78656609248549325 0.42083477525281654 14.705400000000003 0.48030317736429479 8.4955500000000015 3.3590905775577569 0.0213354577180856 31.829150000000002 9.8388000000000009 0.24059136628141839 -0.3794095225512602 0.27383534524298775 -0.25881904510252113 -0.96466008222729416 14.730253994490612 31.30705 0.24059136628141839 0.16113584512813703 0.37940952255126054 0.37192172237357973 18.446950000000005 31.866050000000005
decision_type=10 2 2 2 10 10 2 2 2 2 2 2 10 2 2 10 10 2 2 2 2 2 2 10 2 2 2 2 10 10
left_child=1 16 10 5 7 6 -4 15 9 13 11 -3 -12 -7 -2 -5 24 -18 19 20 -19 -22 23 28 27 26 -26 29 -20 -1
right_child=14 2 3 4 -6 8 -8 -9 -10 -11 12 -13 -14 -15 -16 -17 17 18 22 -21 21 -23 -24 -25 25 -27 -28 -29 -30 -31
leaf_value=0.00098615991133239162 -0.0007856326046989621 -0.014756483791859081 -0.024253866132855184 -0.0037199899872660314 -0.04012110252980227 -0.0086235483296569389 -0.00062281714245476512 -0.024965941942425976 0.017005860740818876 -0.015931713396030424 0.0070287652810590079 -0.001008021055413073 0.00051015133793109774 0.0032839696053068683 0.00079465846818922042 -0.015302550969438106 -0.00013242716125147375 -0.00040398314855375671 -0.0037450571205030468 -0.053189730924080962 -0.052400276879202519 -0.0084144997749332831 -0.027670500647411427 0.010871495571387665 0.0020422454287616328 0.0029418276915349588 0.042896416674265268 -0.013121501555980894 -0.028803540911756007 -0.0019570027312921239
leaf_weight=3439.5433425307274 2615.5139222145081 50.332607835531235 38.75165382027626 221.81981152296066 17.816852331161499 44.542130827903748 55.232242226600647 23.161908030509949 22.271065413951874 32.961176812648773 160.79709228873253 3501.9023256897926 971.46387335658073 250.7721965610981 11072.282881200314 43.651288211345673 21588.679969668388 15.144324481487272 29.843227654695511 15.144324481487272 13.362639248371121 12.026375323534015 12.917217940092085 44.542130827903748 15.58974578976631 485.50922602415085 22.716486722230911 31.624912887811661 12.917217940092085 693.96639829874039
leaf_count=2352 2053 29 24 261 10 25 40 52 26 74 331 3197 906 179 11493 47 22365 28 67 34 30 27 29 97 35 280 48 23 29 463
internal_value=-8.72851e-06 -0.000224083 -0.00114705 -0.00476174 -0.00933597 -0.00159448 -0.0105192 -0.00730369 0.000821405 -0.000324902 -0.000566674 -0.00120693 0.00144127 0.00146492 0.000492655 -0.00567478 -3.42592e-05 -0.000229604 -0.0136 -0.0304785 -0.0209167 -0.0326733 -0.00401463 -0.000240805 0.00087149 0.00473016 0.0267447 0.000385198 -0.0118 0.000491685
internal_weight=45556.8 31869 5435.48 750.98 306.45 444.53 93.9839 288.633 350.547 328.276 4684.5 3552.23 1132.26 295.314 13687.8 265.471 26433.5 21744.6 155.897 55.6777 40.5333 25.389 100.22 87.3026 4688.95 523.815 38.3062 4165.13 42.7604 4133.51
internal_count=44654 31108 5201 738 370 368 64 360 304 278 4463 3226 1237 204 13546 308 25907 22706 341 119 85 57 222 193 3201 363 83 2838 96 2815
is_linear=0
shrinkage=0.03


Tree=165
num_leaves=31
num_cat=0
split_feature=23 25 10 21 9 25 49 8 45 25 49 40 25 4 9 41 9 4 8 32 25 15 25 9 15 10 8 10 25 10
split_gain=4.09925 10.4645 8.07256 9.83525 8.51756 14.3075 18.3373 7.13476 6.66998 6.65638 14.3596 6.41959 6.24096 13.7262 37.99 20.1139 14.9276 11.6959 10.7565 11.7605 9.75814 12.5998 8.4155 20.4543 20.0232 16.5931 21.3001 22.7719 33.6026 8.77336
threshold=-0.60355339059327384 -0.99996069798976184 0.15475247524752472 1.8493119803641209 7.1799500000000007 -0.75581183015052977 30.122900000000005 9.0247500000000027 -0.23058210197919463 -0.99966479353140603 31.843850000000007 12.718201891737676 -0.97696767110351213 21.654050000000005 8.7277500000000021 9.2164500000000018 9.2836500000000015 17.592400000000005 10.304550000000003 23.504333333333339 -0.98667386918526234 19.841623264053855 -0.91249077947840473 12.543450000000002 16.182198950495053 0.14445544554455444 11.556000000000003 0.21640264026402639 -0.96904977397942549 0.2184488448844884
decision_type=2 2 2 2 10 2 2 8 2 2 2 2 2 10 10 2 8 8 10 2 2 2 2 8 2 2 8 2 2 2
left_child=1 -1 3 4 5 6 -2 -8 11 10 -5 -6 13 14 20 -15 -17 -16 19 -18 21 -3 23 -14 -25 -26 27 28 -27 -28
right_child=2 12 -4 9 8 -7 7 -9 -10 -11 -12 -13 22 15 17 16 18 -19 -20 -21 -22 -23 -24 24 25 26 29 -29 -30 -31
leaf_value=-0.011641267383888378 0.03968575141252955 0.0427376416418732 0.00047995061244601441 0.0026950484789486826 -0.011466217964221745 -0.00050043682841729932 -0.0024982437662054995 0.0049627949801567869 -0.00038751265566305029 -0.0028046888415729672 -0.044357300675264243 -0.0024074507292297562 -0.00092818614802033851 -0.041738780087102079 -0.012103080044778962 -0.019891571247097953 0.015256613986103397 0.0028434323251397479 -0.0022235669466060854 0.0015723395186425565 0.012285447863446894 0.00902081833721953 -0.00031059004431275422 0.024828377482836218 0.0023653501717179641 -0.00086678507737950581 -0.0024793515791320096 0.0021616779942615042 -0.037565305358756892 -0.02842472913921849
leaf_weight=73.939937174320221 12.02637532353401 30.288648962974548 22350.795828133821 12.471796631813051 76.612465023994446 1434.2566126585007 135.85349902510643 743.85358482599258 5668.4315691590309 1146.9598688185215 9.7992687821388227 772.36054855585098 1416.8851816356182 9.7992687821388227 49.887186527252197 33.852019429206848 69.040302783250809 637.84331345558167 653.87848055362701 294.42348477244377 50.332607835531235 15.58974578976631 9634.4628980755806 14.253481864929197 72.603673249483109 30.734070271253586 120.70917454361916 28.506963729858398 82.84836333990097 12.02637532353401
leaf_count=67 27 68 21442 28 43 3052 305 1670 3219 1486 22 441 799 22 28 19 155 358 673 202 98 35 9768 29 163 69 268 64 186 27
internal_value=-1.95382e-05 -0.000462228 0.000162833 -0.000545032 -0.000202994 0.00135513 0.00433682 0.00380906 -0.000759193 -0.00312963 -0.0190245 -0.00323745 -0.000399009 0.00121945 0.00422721 -0.0010048 -0.00058577 0.00174323 7.55323e-05 0.00420641 0.0217825 0.0317173 -0.000660719 -0.00255612 -0.00891338 -0.0103649 -0.0137244 -0.0217592 -0.0277293 -0.00502507
internal_weight=45695.3 13331.9 32363.4 10012.6 8843.39 2325.99 891.733 879.707 6517.4 1169.23 22.2711 848.973 13258 1844.94 783.942 1060.99 1051.19 687.73 1017.34 363.464 96.211 45.8784 11413 1778.57 361.682 347.429 274.825 142.089 113.582 132.736
internal_count=44833 13098 31735 10293 8757 5054 2002 1975 3703 1536 50 484 13031 1658 587 1071 1049 386 1030 357 201 103 11373 1605 806 777 614 319 255 295
is_linear=0
shrinkage=0.03


Tree=166
num_leaves=31
num_cat=0
split_feature=7 44 24 47 37 5 43 9 19 7 25 8 24 4 3 5 11 41 24 27 47 34 6 22 48 21 5 24 24 19
split_gain=4.62396 6.40996 5.9855 11.7982 6.86709 5.87918 6.46629 5.8231 5.36027 7.12003 5.22811 5.08709 30.3461 16.4331 11.0908 11.428 8.127 7.35582 7.1875 11.2103 19.8249 18.8249 8.00842 5.19241 5.03847 5.96577 4.82244 4.73224 14.9398 8.00915
threshold=31.918050000000004 0.0213354577180856 0.30675521904633613 15.108950000000002 0.40066006600656123 32.013550000000002 0.14005250069079858 8.6465500000000013 4.4416033088940887 31.255600000000005 -0.95242240592625282 9.8388000000000009 0.24059136628141839 19.892850000000003 6.8485000000000005 31.169750000000004 17.775300000000005 10.340000000000002 0.12225609522135446 21.123150000000006 10.992300000000002 13.91578539944908 11.181250000000002 0.60355339059327384 0.017479987779130086 4.0828319276672795 31.922550000000005 0.43442111757849838 0.48030317736429479 2.5265089024354501
decision_type=10 2 2 2 2 10 2 10 2 10 2 10 2 10 2 10 2 2 2 2 2 2 8 2 2 2 10 2 2 2
left_child=2 10 11 4 27 6 7 26 9 -5 -2 18 -13 14 15 -14 -16 -18 22 20 -20 23 -1 -22 -3 -26 -6 -4 29 -29
right_child=1 24 3 8 5 -7 -8 -9 -10 -11 -12 12 13 -15 16 -17 17 -19 19 -21 21 -23 -24 -25 25 -27 -28 28 -30 -31
leaf_value=-0.014005464495997745 0.0064071985613356839 -0.00069345309043632706 0.0013875873628834516 0.0053413418396705556 -0.0032104282649666267 0.0044137556558879829 -0.011624189188494487 0.0036714529648515346 -0.036559250914330696 -0.022850902629953988 -0.001111462757828704 -9.8379561064568721e-05 -0.02316721175157526 -0.033317810755739377 0.0011770935223977509 0.0057331030458029298 -0.041281187243515892 -0.014832077752666968 0.0025320233543421077 -0.014688448644580849 0.020861474599131465 -0.0044394833134716134 0.00035637584497817719 0.045975073753789765 0.0010975337803990227 -0.01411251294804979 -0.017403313607675028 -0.015625388704740225 -0.00059333957240212192 -0.0045573844572892857
leaf_weight=34.297440737485886 85.075469881296158 1749.1694776117802 827.59279078245163 13.808060556650164 76.167043715715408 50.778029143810272 129.17217940092087 73.049094557762146 8.9084261655807477 17.371431022882462 2533.5564014911652 21619.414039939642 14.698903173208235 28.952385038137436 14.698903173208235 56.123084843158722 14.698903173208235 28.952385038137436 1103.3085806071758 30.734070271253586 18.262273639440536 16.926009714603424 3488.0942651331425 16.480588406324387 9364.5375852584839 22.271065413951874 29.397806346416473 79.284992873668671 3918.8166702389717 225.828603297472
leaf_count=29 155 3144 700 31 63 33 122 41 20 39 1884 22440 33 65 33 117 33 65 629 69 41 38 2371 37 8349 50 24 64 3845 231
internal_value=1.06067e-05 0.000470452 -0.000187455 -0.00109274 -0.000970927 -0.00497687 -0.0065354 -0.002811 -0.0171085 -0.0105878 -0.00086484 -1.13254e-06 -0.000194458 -0.0132475 -0.00852758 -0.000504125 -0.0180934 -0.0244635 0.000892954 0.0029122 0.00339285 0.0213775 0.0002126 0.0337273 0.000784496 0.00105995 -0.0072891 -0.000685651 -0.00109209 -0.0074751
internal_weight=45690.4 13754.6 31935.8 5450.18 5410.09 358.564 307.786 178.614 40.0879 31.1795 2618.63 26485.6 21777.5 158.125 129.172 70.822 58.3502 43.6513 4708.1 1185.71 1154.98 51.6689 3522.39 34.7429 11136 9386.81 105.565 5051.52 4223.93 305.114
internal_count=44795 13582 31213 5213 5123 283 250 128 90 70 2039 26000 22786 346 281 150 131 98 3214 814 745 116 2400 78 11543 8399 87 4840 4140 295
is_linear=0
shrinkage=0.03


Tree=167
num_leaves=31
num_cat=0
split_feature=18 5 35 21 18 4 5 25 48 24 47 32 5 48 22 4 3 7 30 9 5 27 4 7 14 9 22 3 23 5
split_gain=5.05395 7.05585 6.43651 4.36617 6.24596 4.35084 4.47106 7.17345 16.4778 7.1226 15.3338 10.9801 7.09079 6.64081 6.01554 5.12668 5.03664 4.78306 4.68087 11.5113 11.5663 9.91117 14.3428 10.7359 9.7209 11.2197 12.9595 11.183 11.2297 6.25916
threshold=-2.4783585214521433 31.872150000000001 2.4742399401297779 -1.0980242382600947 -2.6696350990098998 29.723050000000004 30.454450000000005 -0.61236746317008228 0.066183799588012515 -0.70898476237405783 23.748715702479448 29.25021666666667 30.263050000000003 0.091704115500009578 0.91597561503675362 29.168200000000002 6.6095000000000015 31.41985 9.1860500000000016 8.3671500000000023 31.952050000000003 16.604250000000004 15.987050000000002 32.03905000000001 2.4460061983468671 8.6641000000000012 -0.37940952255126065 5.932500000000001 0.37940952255126048 31.191750000000003
decision_type=2 10 2 2 2 10 8 2 2 2 2 2 10 2 2 10 2 8 2 10 8 2 10 10 2 10 2 2 2 10
left_child=1 2 3 -1 -5 6 7 8 15 11 13 14 -12 -11 16 -2 -10 -8 19 29 21 22 23 24 -21 -26 -27 -28 -29 -19
right_child=5 -3 -4 4 -6 -7 17 -9 9 10 12 -13 -14 -15 -16 -17 -18 18 -20 20 -22 -23 -24 -25 25 26 27 28 -30 -31
leaf_value=0.0039441599049235831 0.01835156732316218 0.0041435934436523858 -0.015474403835087623 -0.011153461978697788 0.0037183614511785558 -0.0070927014451953466 -0.0018335213138073966 -0.0006131837570490324 0.00072472215218031904 0.020874649951185657 -0.041159812211130742 -0.0063279142984039392 -0.008767925295991132 0.0004400141511476626 -0.0042631259306439755 -0.0030625362663807255 0.025817433164656272 -0.012343432662577038 8.751365348161176e-05 -0.016044449785373865 0.00045768765064471055 0.0064578025067060394 -0.01797080126608273 -0.017743605596472322 0.0013918354905362714 0.0021661156593585844 0.0010342068214860046 -0.009200919043467445 -0.029286562534755478 -0.00012188316105401625
leaf_weight=109.12822052836418 82.84836333990097 565.68506151437759 27.170699805021286 57.013927459716797 44.542130827903748 78.394150257110596 1396.8412227630615 461.45647537708282 8.9084261655807477 14.253481864929197 9.7992687821388245 26.725278496742249 15.589745789766312 232.9553442299366 9.7992687821388227 11.135532706975935 37.860811203718185 36.96996858716011 35728.133979678154 51.668871760368347 432.94951164722443 55.232242226600647 87.302576422691345 53.450556993484497 288.63300776481628 78.394150257110596 37.415389895439148 58.795612692832947 44.542130827903748 5605.6271646916866
leaf_count=71 186 352 25 47 43 176 2062 1030 20 32 22 60 35 169 22 25 85 74 36055 29 243 31 49 30 162 44 21 33 25 3645
internal_value=-3.38693e-05 0.00232286 -0.00200655 -0.00020479 -0.00465808 -7.60538e-05 -6.36362e-05 0.00201506 0.00470633 0.00173831 -0.000616228 0.00935995 -0.022356 0.00169758 0.0167527 0.0158088 0.0211531 -0.000106778 -5.00627e-05 -0.000769537 -0.00345173 -0.00568991 -0.00665597 -0.00501761 -0.00377226 -0.00249443 -0.00759601 -0.0130101 -0.0180562 -0.000204131
internal_weight=45749.2 803.54 237.855 210.684 101.556 44945.7 44867.3 911.332 449.876 355.892 272.598 83.2938 25.389 247.209 56.5685 93.9839 46.7692 43956 42559.1 6830.98 1188.38 755.435 700.202 612.9 559.449 507.78 219.147 140.753 103.338 5642.6
internal_count=44903 538 186 161 90 44365 44189 1686 656 445 258 187 57 201 127 211 105 42503 40441 4386 667 424 393 344 314 285 123 79 58 3719
is_linear=0
shrinkage=0.03


Tree=168
num_leaves=31
num_cat=0
split_feature=27 43 20 44 44 6 20 21 10 9 21 25 26 7 42 25 25 7 4 8 46 43 21 23 27 9 42 45 21 25
split_gain=5.23349 4.82703 4.73513 4.39432 4.63606 5.48846 5.29237 5.29268 4.49577 8.39661 15.8983 12.945 50.8735 8.13987 8.02578 7.92979 7.76846 14.9075 12.5462 11.4707 21.2236 12.3351 11.2931 7.63796 8.19977 7.09897 7.95253 6.31738 5.74651 23.3816
threshold=29.723850000000002 -0.032118441314856937 19.760757267963069 3.5073748662880093 0.011126428867393541 7.775500000000001 27.107105165274351 -5.3259909715279434 0.18069306930693069 14.501250000000001 -3.7197568937921504 -0.96904977397942549 19.747200000000003 31.69275 0.2804975583496751 -0.99966479353140603 -0.98801846520836312 32.135450000000006 17.359250000000007 10.087600000000002 0.266659390432817 0.48269783671581473 -1.5776077136804021 -0.78656609248549325 23.417600000000004 9.1619500000000027 0.49457069250586377 -0.69903573548844211 0.40201641885093059 -0.88620506325989179
decision_type=2 2 2 2 2 8 2 2 2 8 2 2 2 8 2 2 2 8 10 10 2 2 2 2 2 8 2 2 2 2
left_child=1 2 -1 4 6 -6 7 -3 9 -7 -11 12 13 -12 -15 27 17 18 -10 20 21 22 -19 24 -21 26 -20 -14 -13 -30
right_child=-2 3 -4 -5 5 8 -8 -9 16 10 11 28 15 14 -16 -17 -18 19 25 23 -22 -23 -24 -25 -26 -27 -28 -29 29 -31
leaf_value=0.024715844271652125 -0.0076499460206884261 -0.020697359073958886 0.0042279120765235283 -0.00086313978503910975 0.003683732557747049 -0.00054721368423821378 0.0086585458156208314 -0.0011892306573659062 -0.020036564665110519 0.029572132317976698 0.0030469333810625924 0.0012132758517915279 -0.027526355100002269 0.055217457025360704 0.026484068914411879 0.0030912300532517718 0.00068051323043831437 0.0011174424396896395 -0.01754297303967697 -0.0026318357439590666 -0.038589573958275482 -0.0016207852238584064 -0.023475884553483737 -0.00035543683571939044 -0.016884173566763458 0.0014602414369276457 0.0018445351266117812 -0.003495493321272036 -0.014621926193923756 -0.00018970301812926675
leaf_weight=11.135532706975935 79.284992873668671 11.580954015254973 66.367774933576584 4719.2387612164021 399.09749221801758 13740.801939100027 48.105501294136047 2623.5315057635307 24.943593263626099 16.480588406324387 9.7992687821388227 1886.8046618700027 11.135532706975935 11.580954015254973 48.550922602415085 502.88065704703331 17580.33361646533 23.607329338788986 37.415389895439148 98.438109129667282 20.043958872556686 141.19855472445488 56.568506151437759 510.00739797949791 57.013927459716797 1472.5628451704979 37.415389895439148 54.341399610042572 108.68279922008514 1281.0316826105118
leaf_count=25 178 11 149 8534 224 7746 102 2650 14 37 22 4050 25 26 109 1129 14824 14 21 74 24 176 46 389 32 1119 21 122 244 2639
internal_value=2.80944e-06 1.62796e-05 0.00744892 3.46502e-06 0.000103688 0.000188515 -0.00110139 -0.00128279 0.000151448 -0.000197435 0.00102495 0.000897253 0.00480225 0.0287589 0.0328306 0.00180926 0.000458802 -0.00111301 0.000653945 -0.00417389 -0.00976215 -0.00699023 -0.01631 -0.00213494 -0.00793356 0.0010002 -0.00795273 -0.00793497 0.0001353 -0.00132808
internal_weight=45690 45610.7 77.5033 45533.2 40814 38130.7 2683.22 2635.11 37731.6 17672.1 3931.29 3914.81 638.289 69.9311 60.1319 568.358 20059.5 2479.22 1572.34 906.878 241.418 221.374 80.1758 665.459 155.452 1547.39 74.8308 65.4769 3276.52 1389.71
internal_count=44776 44598 174 44424 35890 33127 2763 2661 32903 16149 8403 8366 1433 157 135 1276 16754 1930 1175 755 260 236 60 495 106 1161 42 147 6933 2883
is_linear=0
shrinkage=0.03


Tree=169
num_leaves=31
num_cat=0
split_feature=43 33 33 9 21 5 23 12 36 21 27 21 25 25 3 5 25 21 46 23 27 21 24 20 3 32 19 6 44 24
split_gain=4.3502 5.22148 4.5058 17.721 29.0624 10.3033 8.45113 7.50671 13.5178 11.4431 6.59437 7.35413 14.3389 6.96906 17.0724 14.6495 11.5195 10.1974 8.02203 7.6569 7.17873 7.07315 6.56476 8.22567 5.81279 5.70074 6.44986 13.2021 12.7343 6.62452
threshold=-0.032118441314856937 0.17578180413988528 0.19561147887245439 12.942850000000002 -2.2407821182848378 31.954550000000001 0.1294095225512602 13.697458264463121 4.4558500000000008 -2.1680342672823785 12.744950000000001 0.70043874632799252 -0.98521978256641018 -0.95502570686053045 7.0505000000000004 31.354750000000006 -0.93845867424155849 0.034604818869999228 0.21687326761749956 0.60355339059327384 26.383400000000005 -0.67149979237019142 0.40318277172597511 19.760757267963069 6.7565000000000008 27.611900000000002 4.9958370137458461 20.559500000000003 0.014221416228879919 0.35544221683359195
decision_type=2 2 2 8 2 10 2 2 2 2 2 2 2 2 2 10 2 2 2 2 2 2 2 2 2 2 2 8 2 2
left_child=1 -1 -2 5 6 25 -5 -7 -9 -10 -6 12 -12 14 18 -16 21 -17 19 24 -18 -15 23 -8 -14 26 27 28 -4 -28
right_child=2 -3 3 4 10 7 22 8 9 -11 11 -13 13 16 15 17 20 -19 -20 -21 -22 -23 -24 -25 -26 -27 29 -29 -30 -31
leaf_value=0.0037759848597133808 3.001088417718778e-05 0.025941174228863002 -0.0065819872944268406 0.0092796382515903143 -0.015038979067102769 0.0020772172484147897 0.044832658986788024 -0.016101939303679955 -0.014439211405006655 0.00339302556163338 0.023067537391151551 -0.0023041791616248654 -0.0017401009199157526 0.039759153532533759 0.0074439511970293571 -0.039902793767867172 -0.0017811347525987582 -0.0019332591319104863 -0.019435487451032497 0.025170883621177052 0.0081250218046969025 0.010236853863514002 0.003386257633584916 0.016942278325202165 0.023426267836139346 0.0029301352049707738 -0.0041767625233136811 -0.0047700616437972307 0.0032522378091056556 -0.010968660130036769
leaf_weight=67.704038858413696 41038.892238289118 10.24469009041786 153.67035135626793 63.249825775623322 22.271065413951874 757.21622407436371 19.598537564277649 60.577297925949097 39.197075128555298 165.69672667980194 30.734070271253586 321.59418457746506 48.996343910694122 11.135532706975935 13.362639248371122 22.271065413951877 148.77071696519852 8.9084261655807477 10.24469009041786 16.480588406324387 116.70038276910782 20.934801489114761 9.7992687821388227 21.380222797393799 8.9084261655807477 135.40807771682739 665.45943456888199 803.09461882710457 505.99860620498657 160.35167098045349
leaf_count=152 40511 23 87 136 50 425 44 34 22 93 69 722 110 25 30 50 334 20 23 37 247 47 22 45 20 76 375 453 284 90
internal_value=-5.52011e-05 0.00698081 -6.74347e-05 -0.000984024 0.00272446 -0.0019694 0.0168259 0.0005555 -0.00377648 -7.19197e-05 0.000699341 0.00116797 0.00360865 0.00215647 -0.00364323 -0.0184625 0.00467807 -0.0294516 0.00428091 0.00776173 0.00258773 0.0213799 0.0258648 0.0310314 0.00246362 -0.00303445 -0.00338849 -0.00218938 0.000954853 -0.00550725
internal_weight=45478.9 77.9487 45400.9 4362.01 915.341 3446.67 114.028 1022.69 265.471 204.894 801.313 779.042 457.448 426.714 129.172 44.5421 297.541 31.1795 84.63 74.3854 265.471 32.0703 50.778 40.9788 57.9048 2423.98 2288.57 1462.76 659.669 825.811
internal_count=44656 175 44481 3970 2031 1939 247 574 149 115 1784 1734 1012 943 290 100 653 70 190 167 581 72 111 89 130 1365 1289 824 371 465
is_linear=0
shrinkage=0.03


Tree=170
num_leaves=31
num_cat=0
split_feature=9 3 21 18 7 25 4 25 9 48 5 8 4 41 3 22 48 42 41 21 8 23 8 7 4 25 27 5 42 24
split_gain=6.01331 9.74832 4.503 10.8585 11.3239 5.10039 11.4262 8.77603 24.2064 15.9664 12.9856 12.4952 19.2874 13.09 11.5199 9.54932 15.4013 34.6967 11.9393 12.7838 17.2975 13.7285 11.0296 10.5392 9.32649 8.44979 19.7802 14.0899 17.5493 16.6812
threshold=7.1201500000000015 7.9095000000000004 2.3071158109760224 -2.2463686732673263 32.068250000000006 -0.93845867424155849 15.987050000000002 -0.98932651372861458 10.388400000000003 0.17517110771479835 31.354750000000006 10.271650000000001 21.279750000000003 9.1076000000000015 5.7355000000000009 0.25881904510252091 0.21653819744390551 0.34730841696466336 9.8060500000000008 -2.8890864837557833 11.931950000000002 0.91597561503675351 10.087600000000002 31.872350000000001 25.325200000000002 -0.87810534180523914 15.104150000000002 31.949750000000005 0.31924481870265692 0.35544221683359195
decision_type=8 2 2 2 10 2 10 2 8 2 10 10 10 2 2 2 2 2 2 2 10 2 10 8 10 2 2 10 2 2
left_child=1 -1 5 4 -4 6 -2 8 9 -8 14 12 -10 -14 -9 18 17 22 -11 20 21 -20 -17 -21 -16 26 -7 28 -28 -30
right_child=2 -3 3 -5 -6 25 7 10 11 15 -12 -13 13 -15 24 16 -18 -19 19 23 -22 -23 -24 -25 -26 -27 27 -29 29 -31
leaf_value=-0.0014086547649177158 0.018007575169949094 -0.019124190252005135 -0.039030669257363079 -0.0011043117542358851 0.0010358542326840898 -0.011096398006472222 -0.021623973939834895 0.020958293475702713 0.022867412937026259 -0.015586925332478895 0.0017401019258789425 0.0013945538045055678 -0.020738598988651234 0.0066478762550805995 -0.0029073117199805666 -0.010180632744869638 0.0013262648567075428 -0.034436869950038168 0.0048494510760729113 0.0038142117958785172 -0.025363047740484247 -0.014795750957214387 0.0099265405651524953 -0.0035134463583235036 -0.021201006814308712 3.2736566435398504e-05 0.00029690342148405718 0.0037350304893908389 -0.0023710416581335558 -0.010005778507968407
leaf_weight=103.33774352073669 32.961176812648773 37.415389895439148 12.917217940092089 2281.4479410052299 11.580954015254973 181.73189377784729 37.415389895439148 16.480588406324387 64.140668392181396 73.049094557762146 5452.4022346436977 1302.8573267161846 17.371431022882462 107.79195660352707 523.37003722786903 48.105501294136047 933.60306215286255 35.633704662322998 65.922353625297546 228.05570983886719 49.887186527252197 60.577297925949097 48.105501294136047 772.36054855585098 25.389014571905136 29464.619542658329 1746.0515284538269 492.19054564833641 1080.1466725766659 337.62935167551041
leaf_count=58 35 21 29 3445 26 114 21 31 144 41 4549 1461 39 242 785 27 524 20 37 128 28 34 27 435 57 28779 1940 277 817 482
internal_value=-5.02314e-05 -0.00621954 -3.10121e-05 -0.0013224 -0.0207923 3.79524e-05 0.00063593 0.000576053 -0.000543425 -0.00243873 0.0012913 0.00244457 0.00962584 0.00271265 -0.00303338 -0.0021195 -3.23469e-05 -0.00959035 -0.00389726 -0.00315901 -0.0105825 -0.00460037 -0.000128353 -0.00184089 -0.00379072 -0.000139745 -0.00146365 -0.000981922 -0.00171668 -0.00419495
internal_weight=45644.5 140.753 45503.8 2305.95 24.4982 43197.8 9895.48 9862.52 3844.88 2352.72 6017.64 1492.16 189.304 125.163 565.24 2315.3 1065.45 131.845 1249.85 1176.8 176.387 126.5 96.211 1000.42 548.759 33302.4 3837.75 3656.02 3163.83 1417.78
internal_count=44653 79 44574 3500 55 41074 8665 8630 3208 1322 5422 1886 425 281 873 1301 598 74 703 662 99 71 54 563 842 32409 3630 3516 3239 1299
is_linear=0
shrinkage=0.03


Tree=171
num_leaves=31
num_cat=0
split_feature=18 5 46 41 24 18 24 4 3 47 46 21 24 27 4 47 15 8 35 47 18 8 24 7 4 48 11 24 46 5
split_gain=4.78047 5.15537 5.15778 8.67744 11.6905 14.2058 8.02625 7.80447 7.29158 6.8106 6.67094 5.99377 5.70069 10.7204 8.6292 8.34536 12.0484 6.72171 5.68919 5.44621 7.48637 7.42826 5.06314 4.9492 7.82057 4.80472 9.52031 5.06897 11.649 4.80439
threshold=-0.3984608140086347 32.047750000000008 0.010242226405110159 8.5596000000000014 0.43442111757849838 -1.4589169966996705 0.40318277172597511 8.6525000000000016 7.8305000000000016 9.5454000000000025 0.24197967433003661 -4.2703693614171483 0.58218302397213695 16.489150000000006 17.661450000000006 8.966050000000001 14.124767091645614 8.4955500000000015 1.7716705185273278 8.6612500000000008 -1.6901501650165007 8.9304500000000022 0.49531893261080817 30.597600000000003 27.469550000000002 0.16398764037477576 16.137100000000004 0.48030317736429479 0.22570483177851433 31.430850000000003
decision_type=2 10 2 2 2 2 2 10 2 2 2 2 2 2 10 2 2 10 2 2 2 8 2 8 10 2 2 2 2 10
left_child=1 2 7 12 6 -6 8 -1 23 11 18 22 13 15 17 -4 -17 -15 25 -13 -21 -22 -9 24 -5 26 27 28 -7 -14
right_child=-2 -3 3 4 5 10 -8 9 -10 -11 -12 19 29 14 -16 16 -18 -19 -20 20 21 -23 -24 -25 -26 -27 -28 -29 -30 -31
leaf_value=-0.056189848125974162 -0.00032174297105771939 0.0020574193026771034 0.0034377442498769169 0.0039531544221623853 -0.017399111374042809 -0.0014331374809594564 0.0042455013126878926 -0.0012406767993666835 0.0013153249282437428 0.0042737115710027194 -0.011983203651941126 -0.001696503042381428 -0.0034051448982833237 -0.01595770628400044 0.0058411122051506507 0.027239262549434123 0.0078909781852655701 -0.00095612924892850195 -0.0081406356205467774 -0.032963618686387308 -0.0088042201094701115 0.0039362995340921818 0.010819993959476672 -4.0685337250160118e-05 -0.020263037077244809 0.004821196440547397 -0.011142195244811448 0.0014447020567522337 -0.020827148404189422 0.0016976480361451719
leaf_weight=1.3362639248371113 17651.155604481697 1438.710825741291 310.90407317876816 20.934801489114761 56.123084843158722 230.72823768854141 453.88431313633919 67.704038858413696 4317.4687411487103 175.05057415366173 56.568506151437759 1162.5496146082878 187.96779209375381 44.987552136182785 77.057886332273483 34.297440737485886 171.48720368742943 65.031511008739471 102.89232221245766 8.4630048573017103 163.02419883012772 54.341399610042572 57.013927459716797 16530.03017154336 26.279857188463211 120.70917454361916 82.84836333990097 457.44768360257149 30.734070271253586 1371.8976294994354
leaf_count=3 19369 923 212 47 36 173 362 38 3615 366 49 747 422 47 47 77 385 71 81 10 135 86 32 15451 59 70 171 538 21 1016
internal_value=6.45752e-05 0.000309174 0.00021397 0.000323462 0.000145195 -0.00281609 0.00030318 -0.00138929 0.000217344 -0.00131268 -0.00204426 -0.00196136 0.0020935 0.00433303 -0.00181333 0.00655764 0.0112318 -0.00717886 -0.00148479 -0.00252787 -0.00678133 -0.00561565 0.00431498 -6.86823e-05 -0.00966638 -0.000734383 -0.00157577 -0.000459375 -0.00378351 0.00108096
internal_weight=45529.6 27878.5 26439.8 24750.3 22486.6 1138.05 21348.6 1689.48 20894.7 1688.15 1081.93 1513.1 2263.63 703.766 187.077 516.689 205.785 110.019 1025.36 1388.38 225.829 217.366 124.718 16577.2 47.2147 922.468 801.758 718.91 261.462 1559.87
internal_count=44659 25290 24367 22950 20673 1139 19534 1417 19172 1414 1103 1048 2277 839 165 674 462 118 1054 978 231 221 70 15557 106 973 903 732 194 1438
is_linear=0
shrinkage=0.03


Tree=172
num_leaves=31
num_cat=0
split_feature=36 33 9 21 33 25 4 24 25 39 21 39 21 8 22 25 25 24 39 45 21 24 39 25 32 5 30 17 22 8
split_gain=5.29576 4.21201 6.95166 19.7842 15.573 9.56881 62.8045 18.6429 16.8197 17.8659 16.4831 15.599 13.4299 10.3127 11.8504 13.7417 10.2005 14.3693 9.17494 9.13971 9.0134 8.99549 8.82916 8.57473 31.0062 12.9219 9.32013 8.5996 8.53519 8.23624
threshold=12.716250000000004 0.019778034954633626 12.942850000000002 -2.2407821182848378 0.24670903915341427 -0.98521978256641018 21.654050000000005 0.13930990466364487 -0.9575230291762723 0.59385669814506203 1.8493119803641209 0.36747638248973402 1.6597751972132342 9.4349500000000024 -0.70710678118654735 -0.99983123799342477 -0.97507822412530132 -0.25309334970420783 0.47253097190907206 -0.34306052672136506 1.4899301627641608 0.19020386523577326 0.34438109553529606 -0.94137724084408114 20.125100000000003 31.969450000000005 12.817792975206785 0.63950165016501648 0.12940952255126045 9.2637500000000017
decision_type=2 2 8 2 2 2 10 2 2 2 2 2 2 8 2 2 2 2 2 2 2 2 2 2 2 10 2 2 2 8
left_child=1 -1 18 4 -4 6 12 13 9 10 11 -7 -5 -8 15 -15 21 -18 19 22 -16 -11 -3 24 -10 -26 -27 -25 -24 -14
right_child=-2 2 3 5 -6 8 7 -9 23 16 -12 -13 29 14 20 -17 17 -19 -20 -21 -22 -23 28 27 25 26 -28 -29 -30 -31
leaf_value=0.00023682986547128614 0.0047471338764416629 0.0021363520068820177 0.0038172779811380172 0.026294501693883449 0.017722328484849354 0.037475020656596456 -0.0091166165857723552 -0.023792649360298103 0.025970145115896133 -0.012519357836392568 -0.025188859041885597 -8.452564017424831e-05 -0.015695730277985081 -0.034787521078902213 -0.002383872155049723 -0.00012407906793665153 0.0082936696286397289 -0.021711056004421234 -0.00034617677086560113 -0.0017178706098575848 0.014239184951725889 0.0065997741007201389 -0.0045874936941421047 2.1018379321463424e-05 0.004572328695401643 -0.00079698099973633449 -0.031702400619864027 -0.023990633458433597 -0.017719773414154993 0.01299494211400128
leaf_weight=22910.244991332293 207.12090834975243 59.241034001111984 420.03229370713234 95.765581279993057 86.857155114412308 9.3538474738597852 94.429317355155945 36.079125970602036 51.668871760368347 50.778029143810272 21.825644105672836 256.11725226044655 9.7992687821388227 12.471796631813048 45.87839475274086 43.651288211345673 16.035167098045349 106.90111398696899 14448.576397955418 2326.4354931414127 79.284992873668671 37.860811203718185 89.97510427236557 3770.9367958903313 87.302576422691345 16.926009714603424 17.371431022882462 12.471796631813048 89.084261655807495 56.568506151437759
leaf_count=23469 159 34 937 215 186 21 212 81 116 114 49 575 22 28 103 98 36 240 8144 1314 178 85 52 7653 196 38 39 28 50 127
internal_value=-2.74269e-05 -4.93325e-05 -0.000341363 0.000592461 0.00623016 1.16011e-05 0.00405966 -0.00382024 -0.000419797 -0.00560502 -0.000723818 0.00137455 0.0191438 -0.00113019 0.003057 -0.00830121 -0.0121986 -0.0177621 -0.000639771 -0.00229297 0.00817544 -0.00437037 -0.00787681 0.000235225 0.00674166 -0.00157387 -0.0169051 -6.44531e-05 -0.0111831 0.00858863
internal_weight=45567 45359.9 22449.7 5436.37 506.889 4929.48 473.928 311.795 4455.55 498.872 287.297 265.471 162.133 275.716 181.286 56.1231 211.575 122.936 17013.3 2564.74 125.163 88.6388 238.3 3956.68 173.269 121.6 34.2974 3783.41 179.059 66.3678
internal_count=44599 44440 20971 11377 1123 10254 1064 700 9190 1120 645 596 364 619 407 126 475 276 9594 1450 281 199 136 8070 389 273 77 7681 102 149
is_linear=0
shrinkage=0.03


Tree=173
num_leaves=31
num_cat=0
split_feature=35 25 33 22 23 24 25 47 25 24 22 14 45 11 5 21 41 45 12 37 47 11 21 22 15 24 21 42 5 47
split_gain=4.20538 4.95058 6.19684 7.27879 8.69144 11.2595 9.92359 6.80645 7.34081 9.59531 8.82655 6.53395 5.9424 5.87537 10.0888 5.93037 8.75942 6.45828 5.93756 5.92753 5.26184 5.39273 5.05074 4.73147 8.27906 4.7185 9.09476 4.71648 4.69742 6.47427
threshold=0.10562041690754137 -0.93845867424155849 0.25887020686050383 0.60355339059327384 0.25881904510252057 0.40318277172597511 -0.9292178835113839 18.005000000000003 -0.83849291496497236 0.49531893261080817 -1.0000000180025095e-35 3.2922500000000015 -0.35981209458331842 16.735950000000003 31.859050000000007 -3.8350280052815413 11.947550000000001 -0.52704526440485977 12.984191735537825 0.23805280528052808 19.347050000000007 22.597750000000001 -1.9433295131784349 0.98296291314453421 15.906280821618578 -0.31799228562170639 -1.7850892817913981 0.26764524935594269 31.884350000000001 11.194900000000002
decision_type=2 2 2 2 2 2 2 2 2 2 2 2 2 2 10 2 2 2 2 2 2 2 2 2 2 2 2 2 8 2
left_child=-1 13 -3 7 6 27 -5 8 9 10 -4 -12 -8 14 19 16 17 -15 -19 -2 23 -22 -9 25 -25 26 -17 -6 -27 -30
right_child=1 2 3 4 5 -7 12 22 -10 -11 11 -13 -14 15 -16 20 -18 18 -20 -21 21 -23 -24 24 -26 28 -28 -29 29 -31
leaf_value=-0.00033480317721825353 0.029242638224959178 0.0001343478226170971 -0.0011938844840906375 -0.018645718578372907 0.030753110050143213 -0.0016432867041898905 -0.016382400799329646 0.02523399816237544 -0.0080704589819540953 0.0079162322537335156 -0.022873089844801697 -0.0065770013808235167 0.0013558187506351386 0.011748030736600811 -0.0072813247622804797 0.029925875346220678 -0.016470815110390124 -0.012004726763618639 0.00093853215450208393 0.0087521591049090734 0.0037652241599345324 -0.0049798293322811755 0.0020841251554392041 -0.018486212979158652 0.0055604254614871097 0.0016321498509336558 0.003435532313458175 0.011232583811618986 0.00039488152045813468 -0.0044292879532961092
leaf_weight=18054.707309782505 17.816852331161499 18183.434067875147 310.90407317876816 27.616121113300323 13.362639248371122 69.040302783250809 17.371431022882462 8.9084261655807477 299.76854047179222 72.158251941204071 29.397806346416473 86.857155114412308 226.27402460575104 28.061542421579361 24.943593263626099 11.135532706975935 40.978760361671448 49.44176521897316 86.41173380613327 43.651288211345673 84.184627264738083 249.43593263626099 60.577297925949097 12.471796631813048 315.80370756983757 3063.6077583432198 318.92165672779083 62.804404467344284 3670.2715802192688 267.69820627570152
leaf_count=17608 25 18761 236 26 21 50 15 20 226 51 18 81 172 36 14 25 23 36 62 38 189 560 136 7 265 3536 182 57 2144 316
internal_value=2.15676e-05 0.000253406 -7.9823e-06 -0.0020205 0.00123816 0.00713567 -0.00193341 -0.00358262 -0.00436667 -0.00213138 -0.00384321 -0.0108578 2.9325e-05 0.000867566 0.00860463 0.000784978 -0.00424252 -0.00110411 -0.00382526 0.0150645 0.000914359 -0.00276848 0.00536795 0.0010751 0.00459348 0.000916961 0.00441696 0.0150114 0.000751363 6.58994e-05
internal_weight=45808 27753.3 19468.5 1285.04 416.469 145.207 271.262 868.572 799.086 499.317 427.159 116.255 243.645 8284.84 86.4117 8198.42 204.894 163.915 135.853 61.4681 7993.53 333.621 69.4857 7659.91 328.276 7331.63 330.057 76.167 7001.58 3937.97
internal_count=44936 27328 19870 1109 341 128 213 768 612 386 335 99 187 7458 77 7381 157 134 98 63 7224 749 156 6475 272 6203 207 78 5996 2460
is_linear=0
shrinkage=0.03


Tree=174
num_leaves=31
num_cat=0
split_feature=42 21 5 47 5 24 26 25 42 24 8 42 24 48 32 24 32 8 47 21 27 25 21 33 41 22 8 5 26 41
split_gain=3.87162 4.83163 5.17854 3.7676 3.54093 6.19622 10.0661 18.8765 20.1342 24.0091 19.0975 17.0318 17.5438 15.8524 13.3645 13.1509 19.4183 12.3316 9.46423 9.32854 9.07499 24.9787 10.8498 10.7513 8.84646 11.7647 11.7106 12.654 22.7569 9.39803
threshold=0.60026915830353367 1.4435475929564465 30.549250000000004 9.3019500000000015 31.969450000000005 -0.59869031648930193 19.747200000000003 -0.95242240592625282 0.22428961433460223 0.1051661082335764 10.050300000000002 0.33053600953589418 0.35544221683359195 0.13560356645791374 18.903433333333336 0.1051661082335764 22.708016666666669 8.9304500000000022 12.645100000000001 3.4170773775016516 14.612210520841179 -0.88220415136009767 -0.99079505180249672 0.76677324288214521 9.2164500000000018 0.91597561503675362 10.334450000000002 31.819350000000004 21.559550000000005 9.5216000000000012
decision_type=2 2 10 2 10 2 2 2 2 2 10 2 2 2 2 2 2 10 2 2 2 2 2 2 2 2 10 10 2 2
left_child=4 2 -2 -4 5 -1 7 8 13 10 -10 19 17 -7 18 24 -17 -13 -14 20 21 -9 -22 -23 25 -8 27 28 -26 -30
right_child=1 -3 3 -5 -6 6 15 11 9 -11 -12 12 14 -15 -16 16 -18 -19 -20 -21 22 23 -24 -25 26 -27 -28 -29 29 -31
leaf_value=0.00028396380374278986 0.017819559393374849 -0.0010316878736270063 -0.00090315190096722665 0.003546183084079248 0.00049408540480052482 0.04012584308172952 -0.027825154738435585 -0.023866101358342714 -0.026265291997180869 0.0026956113704839028 -0.00022587239292837312 -0.0050291780358023485 -0.012768491692182802 -0.0019323364382856948 -0.03354304585683987 -0.004749404791578692 -0.040059866999163501 0.0084563842156369414 0.00150975449464731 -0.011054638254859627 0.00042237723582661766 -0.00047050550458881726 0.0055728264494922988 -0.01327906561348324 0.028869945903918282 0.008802857811414452 -0.0014010726488525786 -0.00077781338141108558 -0.0064547846327652775 0.0073009805349065525
leaf_weight=14260.608605861664 19.153116255998611 444.5304656624794 228.05570983886719 682.83086559176445 8009.1205441653728 21.380222797393799 23.161908030509949 40.53333905339241 45.87839475274086 2225.7702774703503 55.232242226600647 184.40442162752151 172.3780463039875 12.471796631813048 21.825644105672836 626.70778074860573 13.362639248371122 89.97510427236557 54.786820918321609 71.267409324645996 1868.9878095388412 9495.9368712007999 457.44768360257149 58.350191384553909 37.860811203718185 11.135532706975935 5728.563445776701 388.85280212759972 57.013927459716797 195.53995433449745
leaf_count=16308 43 263 128 450 6515 36 52 25 28 1649 31 144 201 16 49 1041 30 88 123 160 1601 7534 880 41 85 25 6285 381 128 340
internal_value=-2.79606e-05 0.00153943 0.00276813 0.00243245 -7.67068e-05 -0.000202935 -0.000519138 -7.59325e-05 0.00238406 0.00204415 -0.0121826 -0.000540088 -0.00583234 0.0250199 -0.0115812 -0.00144998 -0.00554791 -0.000592315 -0.00933339 -0.00030866 -0.000243496 -0.000651087 0.00143707 -0.000550112 -0.00104202 -0.0160205 -0.000959362 0.00276236 0.0074889 0.00418241
internal_weight=45603.1 1374.57 930.04 910.887 44228.6 36219.4 21958.8 14876.6 2360.73 2326.88 101.111 12515.9 523.37 33.852 248.991 7082.2 640.07 274.38 227.165 11992.5 11921.3 9594.82 2326.44 9554.29 6442.13 34.2974 6407.83 679.267 290.415 252.554
internal_count=44680 884 621 578 43796 37281 20973 12606 1760 1708 59 10846 605 52 373 8367 1071 232 324 10241 10081 7600 2481 7575 7296 77 7219 934 553 468
is_linear=0
shrinkage=0.03


Tree=175
num_leaves=31
num_cat=0
split_feature=43 33 3 9 9 5 45 5 44 24 47 22 26 24 33 3 35 9 24 26 22 24 5 40 3 23 43 26 25 26
split_gain=4.60555 6.0152 4.15158 5.49958 8.02814 5.91197 4.41084 7.08134 5.99151 5.72067 12.857 13.0652 7.50389 6.79315 6.07723 5.47517 5.3204 9.07368 5.27976 5.98855 11.3209 11.1634 5.79039 4.91929 4.62431 4.70815 4.66682 4.4612 4.31045 4.26344
threshold=-0.032118441314856937 0.14144135180349596 6.1545000000000014 7.3436000000000012 7.2887500000000012 31.840150000000005 -0.046933641388454843 32.223050000000008 0.0083711949278289875 -0.72101013194340913 19.537300000000005 0.78656609248549325 26.899350000000002 -0.68430824382591204 0.14144135180349596 8.2575000000000021 3.0340362584660587 9.5657000000000014 -0.64578423485557612 27.617900000000002 -0.78656609248549292 -0.53493989022977317 30.388250000000003 21.417018782652871 6.7565000000000008 -0.3794095225512602 0.37604420958565282 26.738350000000001 -0.5129677127369543 26.791350000000005
decision_type=2 2 2 8 10 10 2 8 2 2 2 2 2 2 2 2 2 8 2 2 2 2 10 2 2 2 2 2 2 2
left_child=1 -1 3 4 5 -2 7 8 15 -8 16 18 -13 -14 24 -4 -11 -18 -12 21 22 27 -21 -19 -15 -26 -27 -20 -10 -23
right_child=2 -3 6 -5 -6 -7 9 -9 28 10 11 12 13 14 -16 -17 17 23 19 20 -22 29 -24 -25 25 26 -28 -29 -30 -31
leaf_value=0.0030791576891013644 -0.0085763476975166519 0.024226753902021232 -0.00049595759880223891 -0.0005216345662806723 -0.017899278585766235 0.0028915344830429111 0.00059595204649236179 -0.012337202778365362 0.00074492074667943187 -0.00013802581052336997 0.0034471003874687093 -0.0045571776000172181 -0.00032498824493842361 -0.00012103923884127289 0.0016802958109293613 -0.006088177296423903 -0.024693508435498078 -0.014246567794975596 0.021696717229113868 -0.036536755370998146 0.00072865409666922148 -0.0024395167957417876 -0.012883397503861522 0.0014900247973861657 -0.006947522037819019 -0.0099169478648958899 -0.029894705062739033 0.0049421613922815133 0.0038592822278664535 -0.016350123214152058
leaf_weight=60.577297925949097 76.612465023994446 14.253481864929197 972.80013728141785 7767.7021950781345 37.415389895439148 83.739205956459045 7406.9109353721142 36.96996858716011 9826.8849032521248 17305.508669257164 155.00661528110504 168.8146758377552 25.834435880184174 9.3538474738597852 12.917217940092085 187.07694947719574 19.598537564277649 23.161908030509949 18.262273639440536 11.580954015254973 55.232242226600647 563.90337628126144 45.432973444461823 68.149460166692734 15.58974578976631 14.698903173208235 53.00513568520546 59.241034001111984 416.023501932621 19.598537564277649
leaf_count=136 43 32 738 8442 21 47 10104 35 7842 13949 348 379 58 21 29 114 11 31 41 26 124 1266 102 45 35 33 119 133 364 44
internal_value=-1.352e-05 0.00737364 -2.58425e-05 -0.000647795 -0.00557544 -0.00260676 0.000106311 0.000597334 0.000640349 -0.000109319 -0.000389514 -0.00335448 -0.00878404 -0.014139 -0.0174849 -0.0014024 -0.000180198 -0.00670039 -0.00159091 -0.00260398 -0.00897962 -0.0015094 -0.018235 -0.00261279 -0.0201464 -0.0223671 -0.0257649 0.00911616 0.000871777 -0.00293392
internal_weight=45531.9 74.8308 45457 7965.47 197.767 160.352 37491.6 11439.8 11402.8 26051.8 18644.9 1228.47 300.214 131.399 105.565 1159.88 17416.4 110.91 928.258 773.251 112.246 661.005 57.0139 91.3114 92.6476 83.2938 67.704 77.5033 10242.9 583.502
internal_count=44712 168 44544 8553 111 90 35991 9093 9058 26898 16794 2758 674 295 237 852 14036 87 2084 1736 252 1484 128 76 208 187 152 174 8206 1310
is_linear=0
shrinkage=0.03


Tree=176
num_leaves=31
num_cat=0
split_feature=9 34 44 27 30 9 30 3 33 8 22 48 18 33 7 35 46 25 33 35 35 22 22 46 34 45 33 3 45 18
split_gain=4.96762 6.18079 4.36419 4.31627 4.5726 5.33103 7.86706 6.26089 6.13402 4.07327 3.83966 8.39668 8.13572 6.32238 9.69125 5.9336 8.207 12.2338 7.28028 14.4268 6.152 6.02344 5.35077 9.72706 5.28897 4.89739 4.6387 4.61989 4.43098 4.42838
threshold=7.1201500000000015 7.5241771349862843 3.5073748662880093 29.723850000000002 21.791950000000003 11.036350000000002 15.644558264463265 7.1575000000000015 0.097186062100831569 11.836450000000001 0.91597561503675362 0.21933683301216031 -1.6633479372937285 0.39778120954447987 31.889650000000007 1.8038873383426623 0.23018300381904 -0.98212955754013376 0.22706010364365473 1.8737651335714076 2.835733536289367 0.25881904510252091 0.37940952255126054 0.18227088827788018 10.418516666666671 -0.36896301514649932 0.016163250499614357 8.2165000000000017 -0.040553458689333993 -1.3867180066006595
decision_type=8 2 2 2 2 10 2 2 2 10 2 2 2 2 8 2 2 2 2 2 2 2 2 2 2 2 2 2 2 2
left_child=1 -1 3 4 5 10 9 8 -8 -7 15 12 13 14 25 -2 18 20 21 -20 26 24 -21 -24 -17 -12 -18 -16 -14 -28
right_child=2 -3 -4 -5 -6 6 7 -9 -10 -11 11 -13 28 -15 27 16 17 -19 19 22 -22 -23 23 -25 -26 -27 29 -29 -30 -31
leaf_value=-0.0011471991337665911 0.00012980742972874525 -0.01537214683144747 -0.00085267008082551125 -0.0074253512979286455 0.00095098724913435457 -0.01442794326339847 -0.0011067464676621772 0.00034404739836639585 -0.005093944961838918 -0.0024353809987377492 -0.031327074495329336 0.0035292615314276039 0.0023400283192291436 0.0038448692308760057 0.0073397539122211832 -0.012932434019176564 -0.016958366943611823 2.1953340665756338e-05 -0.022869947434993054 0.00027486837646944953 -0.021604999005737976 0.0034010936347790154 -0.0021259823380700409 -0.030876954549445636 -0.00060098041523490493 -0.012049354686047601 -0.016874698924028087 -0.0080360730388768439 -0.00014466880615095285 -0.0026437876542667839
leaf_weight=80.175835490226746 25376.097353965044 40.978760361671448 4701.8673301935196 67.258617550134659 5253.744331151247 57.013927459716797 1589.7086492478848 2145.5944419801235 443.63962304592133 46.323816061019897 17.816852331161499 913.11368197202682 937.16643261909485 42.760445594787598 28.061542421579361 31.624912887811661 39.197075128555298 192.86742648482323 34.742862045764923 168.36925452947617 36.079125970602036 399.09749221801758 35.188283354043961 14.253481864929197 776.36934033036232 38.75165382027626 23.161908030509949 43.651288211345673 2073.4361900389194 109.12822052836418
leaf_count=45 21931 23 8522 151 6398 32 896 1208 249 26 16 604 787 36 51 29 34 145 30 192 33 389 40 20 765 39 22 59 1955 80
internal_value=-3.32259e-06 -0.00604503 1.2849e-05 0.000112284 0.000124871 2.97735e-06 -0.000989714 -0.000786363 -0.00197876 -0.00912683 0.000138685 0.000995092 0.000266919 -0.0060783 -0.00939018 9.89845e-06 -0.00162515 -0.00542405 -0.000579972 -0.00520126 -0.0104602 0.000390422 -0.0022913 -0.0108624 -0.00109902 -0.0185598 -0.00800382 -0.00200125 0.000629309 -0.0052433
internal_weight=45757.2 121.155 45636.1 40934.2 40867 35613.2 4282.28 4178.94 2033.35 103.338 31330.9 4094.76 3181.64 171.042 128.281 27236.2 1860.08 400.434 1459.65 252.554 207.566 1207.09 217.811 49.4418 807.994 56.5685 171.487 71.7128 3010.6 132.29
internal_count=44807 68 44739 36217 36066 29668 2411 2353 1145 58 27257 3547 2943 201 165 23710 1779 314 1465 282 169 1183 252 60 794 55 136 110 2742 102
is_linear=0
shrinkage=0.03


Tree=177
num_leaves=31
num_cat=0
split_feature=18 11 46 5 5 16 9 21 18 12 16 24 5 23 4 44 24 16 25 11 43 18 5 12 47 43 22 15 47 7
split_gain=4.04903 4.80561 4.98493 4.27387 8.92472 12.3317 10.4217 9.51401 10.4534 10.9799 9.47593 8.66576 8.41999 9.44465 6.05469 5.96243 5.77481 10.2723 6.5423 6.7831 7.39267 5.87724 5.31812 6.92017 6.67567 4.90126 4.43613 6.39265 6.92075 8.9771
threshold=-1.5601711881188114 28.436750000000004 0.053968587549264098 31.93055 31.916950000000003 18.426900000000003 10.222450000000002 -1.1833827594762398 -2.6696350990098998 11.509912396694416 20.96378057851252 0.33931202449298198 31.823050000000006 0.37940952255126048 19.096950000000003 0.10509607837231151 0.33931202449298198 13.5645402892562 -0.99938741687870725 21.559550000000005 0.11522059500782895 -1.6383331228212101 31.843850000000007 20.249818595041855 14.199350000000001 0.09405193891742987 0.37940952255126054 21.337706613861389 9.2631500000000013 31.918050000000004
decision_type=2 2 2 10 8 2 8 2 2 2 2 2 10 2 10 2 2 2 2 2 2 2 10 2 2 2 2 2 2 10
left_child=1 3 -3 4 7 6 -6 16 10 11 15 12 -10 -14 -13 -9 18 21 19 -1 -21 -18 23 24 -11 -24 -5 28 29 -28
right_child=-2 2 -4 26 5 -7 -8 8 9 22 -12 14 13 -15 -16 -17 17 -19 -20 20 -22 -23 25 -25 -26 -27 27 -29 -30 -31
leaf_value=0.0074808081295689435 -0.00011467558353016835 -0.035846270883324649 0.0045613133435496028 0.00013847877724607841 -0.0071722098029110126 0.0023751418250344005 -0.027905980873375331 -0.001719988798893735 0.016374449079172695 -0.0043463471400991965 -0.00019679800665918921 0.0042636495310223637 0.0088914489819373142 -0.015970137861767618 -0.021242178954058617 -0.025258014482962755 -0.0033630431909764877 -0.014484104661678047 0.0031183986038665801 -0.021483013757133972 0.00033134287418222058 0.0127032018672666 -0.03012086145602574 0.0025464178916874765 -0.016499374778055628 0.0011768237155340385 -0.0095395128434289655 0.00060600303526419416 0.0073303562259733222 0.0051370446922107248
leaf_weight=23.607329338788986 40419.311198472977 1.7816852331161488 333.17513859272003 1057.875607162714 78.394150257110596 80.175835490226746 29.843227654695511 12.917217940092085 72.158251941204071 436.51288211345673 39.197075128555298 17.371431022882462 44.542130827903748 18.707694947719574 14.698903173208235 39.642496436834335 57.013927459716797 50.778029143810272 1169.2309342324734 29.397806346416473 25.834435880184174 30.734070271253586 3.5633704662322989 119.81833192706108 44.09670951962471 344.31067129969597 57.013927459716797 563.90337628126144 386.62569558620453 105.11942875385284
leaf_count=20 40884 4 211 623 44 51 31 11 123 395 22 39 58 18 33 47 56 60 822 39 31 27 5 95 99 257 32 324 250 71
internal_value=-1.25389e-05 0.00076802 0.00424032 0.000532394 -0.000245942 -0.00653248 -0.0130921 0.000212994 -0.00173309 -0.000927758 -0.0114105 0.00613122 0.00944319 0.00140391 -0.00771536 -0.0196134 0.00190779 -0.00388413 0.00255325 -0.00576234 -0.0114551 0.00234395 -0.00217958 -0.00388741 -0.00549335 0.000770814 0.00152984 0.00285139 0.00515344 -5.07827e-05
internal_weight=45707.4 5288.04 334.957 4953.08 2782.55 188.413 108.237 2594.13 1207.54 1115.78 91.7568 167.478 135.408 63.2498 32.0703 52.5597 1386.6 138.526 1248.07 78.8396 55.2322 87.748 948.302 600.428 480.61 347.874 2170.54 1112.66 548.759 162.133
internal_count=44782 3898 215 3683 2383 126 75 2257 1202 1122 80 271 199 76 72 58 1055 143 912 90 70 83 851 589 494 262 1300 677 353 103
is_linear=0
shrinkage=0.03


Tree=178
num_leaves=31
num_cat=0
split_feature=49 9 42 3 47 3 28 7 4 9 30 23 15 5 9 3 18 21 23 3 3 5 46 5 28 3 44 3 28 42
split_gain=3.97883 4.14732 4.35282 9.09427 3.58083 3.88359 3.57551 4.1209 3.62973 5.63489 9.36002 8.65266 14.573 7.54517 6.35338 5.89929 6.53902 5.5646 13.5631 7.89497 12.2414 4.91544 7.2899 5.59158 4.78099 4.57932 4.42034 4.58246 7.12434 3.97887
threshold=32.023450000000004 7.8446000000000007 0.42924789479755449 6.9615000000000009 7.199250000000001 8.0935000000000006 29.723850000000002 31.586850000000002 28.435350000000003 11.067350000000003 19.701893388429774 -0.60355339059327384 24.313585686468652 31.878550000000001 12.243550000000001 7.166500000000001 -1.2277245775577545 -1.0543715430789147 -0.9159756150367534 7.1755000000000004 6.8065000000000007 30.263050000000003 0.19984151744047182 30.949850000000001 28.488050000000005 7.0605000000000002 0.2845048802445686 7.1575000000000015 25.195800000000002 0.59528972968816096
decision_type=2 10 2 2 2 2 2 8 8 10 2 2 2 8 10 2 2 2 2 2 2 8 2 10 2 2 2 2 2 2
left_child=4 2 -2 -4 5 -1 8 -8 9 24 11 12 -11 -13 15 16 -14 18 -10 20 -20 22 -19 -23 29 -24 -12 28 -28 -6
right_child=1 -3 3 -5 6 -7 7 -9 17 10 26 13 14 -15 -16 -17 -18 21 19 -21 -22 23 25 -25 -26 -27 27 -29 -30 -31
leaf_value=-0.0013208068181232312 -1.7497356675908473e-05 0.0017276235304229664 -0.034796270839479455 0.003457721760553411 -8.0973335865852137e-05 -0.0078562061965740081 0.0038349484198566381 -0.010712577374272782 -0.014750254352442618 -0.023460447483873489 -0.014338117918237593 -0.0035214225949724673 -0.023106177476072434 0.0038814279307689426 0.001112920784601454 -0.0037282218068970334 -0.0054868946737978196 -0.0092265234318461824 0.048026360113602909 0.0048556327722421551 0.009480001750694269 -0.0025495517002774499 -0.0045033622463909349 0.0012283195202031191 0.011788590663611525 0.014775519852586096 -0.014971193085646442 0.00070441895750114072 -0.001048293077290804 0.0020311570210771856
leaf_weight=408.00591838359833 1940.7006401717663 2199.9358415901661 8.9084261655807513 12.471796631813048 32182.134944468737 101.55605828762054 24.498171955347061 57.013927459716797 16.926009714603424 44.542130827903748 19.598537564277649 515.35245367884636 39.197075128555298 162.13335621356964 96.211002588272095 105.11942875385284 37.415389895439148 18.262273639440536 12.026375323534014 35.633704662322998 18.707694947719574 439.63083127140999 12.917217940092085 1764.3138020932674 29.843227654695511 63.249825775623322 32.515755504369736 1916.6478895246983 2572.7534766197205 822.24773508310318
leaf_count=229 2263 1240 20 28 34460 57 55 128 23 25 14 290 22 91 54 59 21 41 18 32 42 978 29 1318 58 142 19 1078 1453 517
internal_value=-5.06382e-05 0.000833583 -0.000169208 -0.013324 -0.000139231 -0.00263615 -0.000108164 -0.00634688 -9.55934e-05 -0.000165777 -0.00105096 -0.003677 -0.00771433 -0.00174669 -0.00511585 -0.00840148 -0.014683 0.00104076 0.00861161 0.0147002 0.0256015 0.000762766 0.00742881 0.000473916 -1.72613e-05 0.01149 -0.000472059 -0.000408805 -0.00122774 -2.82933e-05
internal_weight=45710.5 4162.02 1962.08 21.3802 41548.5 509.562 41038.9 81.5121 40957.4 38575.7 5541.49 999.971 322.485 677.486 277.943 181.732 76.6125 2381.67 83.2938 66.3678 30.7341 2298.37 94.4293 2203.94 33034.2 76.167 4541.52 4521.92 2605.27 33004.4
internal_count=44804 3551 2311 48 41253 286 40967 183 40784 38161 3126 562 181 381 156 102 43 2623 115 92 60 2508 212 2296 35035 171 2564 2550 1472 34977
is_linear=0
shrinkage=0.03


Tree=179
num_leaves=31
num_cat=0
split_feature=43 33 48 21 24 11 22 4 46 32 22 24 23 25 24 5 32 24 34 5 27 5 33 7 6 3 18 33 22 43
split_gain=3.88416 4.24016 3.56489 3.61386 4.70925 13.2625 8.25171 8.24212 5.19403 4.80922 3.64607 5.61569 3.63291 10.061 4.96806 9.07246 5.1557 5.07118 8.08682 8.27232 4.34589 4.22433 6.39312 4.08514 6.05985 7.12053 7.12073 5.69622 8.51514 8.99815
threshold=-0.032118441314856937 0.089749934076153559 0.38258245287616016 2.6779629971530761 0.053729698564148505 16.360800000000001 -0.37940952255126065 22.141050000000003 0.26059400369310121 22.26228333333334 -0.9159756150367534 0.13930990466364487 -0.70710678118654757 -0.99996069798976184 0.79184907943689831 31.799050000000005 10.228266666666668 0.48030317736429479 9.0935166666666678 31.745950000000004 29.723850000000002 31.65915 0.27139285301323973 31.886850000000006 11.526700000000002 8.5425000000000022 -1.9052651683168305 0.13328226688752839 0.12940952255126045 0.081769768827978845
decision_type=2 2 2 2 2 2 2 10 2 2 2 2 2 2 2 10 2 2 2 8 2 8 2 10 8 2 2 2 2 2
left_child=1 -1 3 12 -5 -6 9 -8 -9 10 -7 -12 13 -2 17 -16 -17 18 19 -15 23 -19 -23 24 25 26 -14 -28 -29 -30
right_child=2 -3 -4 4 5 6 7 8 -10 -11 11 -13 20 14 15 16 -18 21 -20 -21 -22 22 -24 -25 -26 -27 27 28 29 -31
leaf_value=0.0023950148908544445 -0.012539768040476114 0.018222878165260054 0.003206055088409967 -0.00058633520999247469 0.0024761350259821123 -0.0022677546120978094 -0.012370171843379697 0.010379235064893445 -0.014144205017118874 -0.028491918080075774 -0.0033658938119274727 -0.026338919781050959 0.0060852690122122277 -0.022088388412373299 -0.01414452732928499 -0.0011961249006114552 -0.011758810402828659 -0.0022984252912344669 -0.00037210895845216633 -0.0012075285015167427 -0.0092177043987578412 0.0016464336910912418 0.010940553231127812 0.00067220971898466 7.6707563814243769e-05 -0.015443166425131443 -0.00092154978489107761 -0.00068548073084482685 0.0014706340860326846 -0.014407134781714775
leaf_weight=56.568506151437759 60.577297925949097 20.043958872556686 309.12238794565201 1051.1942875385284 130.06302201747894 22.271065413951874 48.105501294136047 36.079125970602036 8.9084261655807477 22.716486722230911 16.035167098045349 24.052750647068024 94.429317355155945 30.288648962974548 55.232242226600647 848.08217096328735 42.760445594787598 221.81981152296066 8503.0927750468254 37.860811203718185 43.205866903066635 1107.7627936899662 69.931145399808884 10846.899699211121 21096.934845328331 34.297440737485886 676.14954596757889 155.89745789766312 42.760445594787598 126.05423024296761
leaf_count=127 52 45 175 1427 268 50 102 72 20 51 30 54 68 29 31 476 24 492 8674 22 97 729 49 10474 20079 23 786 167 57 112
internal_value=1.18852e-05 0.00671746 5.12671e-07 -2.13578e-05 -0.00154426 -0.0047987 -0.0100935 -0.00385509 0.00532114 -0.0167958 -0.0121526 -0.0174553 2.56274e-05 -0.000447316 -0.000379073 -0.00245552 -0.00171575 -0.000181823 -0.000455247 -0.0106731 0.000182406 0.00149188 0.00220713 0.000194964 -3.79588e-05 -0.00217772 -0.00174862 -0.00249307 -0.00575257 -0.0104003
internal_weight=45839.2 76.6125 45762.6 45453.5 1359.43 308.232 178.169 93.0931 44.9876 85.0755 62.359 40.0879 44094 10977.4 10916.8 946.075 890.843 9970.76 8571.24 68.1495 33116.6 1399.51 1177.69 33073.4 22226.5 1129.59 1095.29 1000.86 324.712 168.815
internal_count=44862 172 44690 44515 2074 647 379 194 92 185 134 84 42441 10578 10526 531 500 9995 8725 51 31863 1270 778 31766 21292 1213 1190 1122 336 169
is_linear=0
shrinkage=0.03


Tree=180
num_leaves=31
num_cat=0
split_feature=4 44 9 21 33 21 25 11 25 41 22 5 5 33 5 25 25 7 36 35 5 25 43 43 4 3 21 33 14 40
split_gain=4.74565 3.67395 4.06759 23.2379 10.2817 9.68957 11.0634 16.7902 13.2312 12.0374 13.7602 8.41737 8.31945 8.26106 8.17 12.1575 19.6656 11.2453 7.93134 8.06966 7.94523 8.11164 8.02433 7.90688 7.69227 7.65585 7.63701 7.50837 7.50094 7.01141
threshold=29.723050000000004 3.1023409460499463 12.942850000000002 -3.5720357350769709 0.10219512056198579 -0.50678351095386531 -0.98372925196996197 20.146750000000001 -0.98049353344232182 9.4444000000000017 -0.60355339059327362 31.862450000000006 31.866050000000005 0.035992925230765881 31.964150000000004 -0.98932651372861458 -0.95502570686053045 31.84065 4.6867661157015581 0.24487582703620789 31.900350000000007 -0.99907307217758434 0.21445188654617434 0.081769768827978845 15.321150000000001 8.2165000000000017 -4.597843699634228 0.11458866727022742 4.3167921487599079 18.11472482176686
decision_type=10 2 8 2 2 2 2 2 2 2 2 10 10 2 8 2 2 8 2 2 10 2 2 2 8 2 2 2 2 2
left_child=1 2 13 24 -5 -6 7 -7 -8 12 -11 29 -9 26 15 17 -17 -15 28 20 -20 -22 23 -23 -4 -21 -1 -25 -19 -12
right_child=-2 -3 3 4 5 6 8 9 -10 10 11 -13 -14 14 -16 16 -18 18 19 25 21 22 -24 27 -26 -27 -28 -29 -30 -31
leaf_value=-0.012432022404071137 -0.0072223486430892407 -0.00073621756131271858 0.03449628523048217 -7.8387479229551609e-07 0.0057122080217349288 0.028273061691178568 -0.018145870929183155 -0.012469938671789983 1.6704933161173382e-05 -0.0059668310828009203 0.034235869614179577 -0.0046354764737368903 0.008922929287451687 0.0037027671992844189 0.00059063354095248281 0.003364658092678767 -0.0012340626016771889 -0.0048529860911058816 -0.0010512698074055928 -0.0030943381066554088 -0.019195717521390692 -0.0022704660544087506 -0.00074324927832612026 -0.0085077841891315117 0.010390418427169828 0.0076624328718058847 0.00037808217548874145 -0.028194434670882278 -0.021350746889888576 0.013459052337027457
leaf_weight=40.978760361671448 80.621256798505783 5155.3062220215797 12.471796631813048 7130.3043029308319 589.73781216144562 27.170699805021286 36.96996858716011 52.559714376926422 732.27263081073761 39.197075128555298 19.598537564277649 16.035167098045349 22.716486722230911 155.00661528110504 3498.3389552235603 951.86533579230309 6877.3049998283386 51.668871760368347 122.93628108501434 542.07773217558861 67.704038858413696 42.760445594787598 94.429317355155945 35.633704662322998 127.39049416780472 65.922353625297546 18945.104505032301 35.633704662322998 48.105501294136047 60.577297925949097
leaf_count=23 181 9006 28 13932 1276 61 83 118 1605 88 44 36 51 87 1968 538 3875 29 69 305 38 24 53 20 277 37 10739 20 27 136
internal_value=5.00196e-06 1.79387e-05 0.000114089 0.0006818 0.000486639 0.00266175 0.000871565 0.00651178 -0.000878618 0.00358506 0.00890831 0.0149676 -0.00598176 -4.53522e-05 -0.000641232 -0.00111528 -0.000674595 -0.00384677 -0.00490639 -0.00409843 -0.00740804 -0.0102238 -0.00723214 -0.0125526 0.0127696 -0.00191737 0.00034978 -0.018605 -0.0129402 0.018897
internal_weight=45678.4 45597.8 40442.5 8867 8727.14 1596.84 1007.1 237.855 769.243 210.684 135.408 96.211 75.2762 31575.5 12589.4 9091.05 7829.17 1261.88 1106.87 1007.1 399.097 276.161 208.457 114.028 139.862 608 18986.1 71.2674 99.7744 80.1758
internal_count=44774 44593 35587 17735 17430 3498 2222 534 1688 473 304 216 169 17852 7090 5122 4413 709 622 566 224 155 117 64 305 342 10762 40 56 180
is_linear=0
shrinkage=0.03


Tree=181
num_leaves=31
num_cat=0
split_feature=47 49 3 49 24 48 23 24 15 15 44 49 9 33 27 15 25 33 43 3 12 18 50 19 26 24 15 17 3 6
split_gain=3.41927 7.49745 4.72422 3.24839 9.57969 12.2915 12.8054 4.7183 12.7294 5.02494 3.79598 3.54006 4.01982 15.9586 13.6602 24.6095 10.9745 9.61775 9.42623 9.23524 8.01725 7.05402 6.16554 16.9035 6.04389 6.02022 6.37997 5.77312 7.18198 6.52768
threshold=7.1629000000000014 31.815650000000002 8.0935000000000006 30.263050000000003 -0.78856175031405207 0.091704115500009578 0.78656609248549303 -0.61913973745509387 26.750610563074577 28.515353471947197 3.2260936372203721 32.042750000000005 12.942850000000002 0.31360837148690174 14.612210520841179 15.80332584264797 -0.9260227363677036 0.25887020686050383 0.5500760829933109 7.783500000000001 22.282150000000005 -3.0291378448844859 31.687150000000006 6.5255377260726082 22.973750000000003 0.35544221683359195 17.178217731500428 0.38401320132013206 8.2575000000000021 19.852150000000005
decision_type=2 2 2 2 2 2 2 2 2 2 2 2 8 2 2 2 2 2 2 2 2 2 2 2 2 2 2 2 2 8
left_child=1 -1 -3 4 -2 6 7 9 -9 -6 11 12 17 21 -15 16 -16 -5 22 -18 27 -14 23 -17 25 26 -24 28 29 -19
right_child=3 2 -4 10 5 -7 -8 8 -10 -11 -12 -13 13 14 15 18 19 20 -20 -21 -22 -23 24 -25 -26 -27 -28 -29 -30 -31
leaf_value=-0.012004611362873887 -0.0009376738533948913 0.0015531052964199237 -0.0080852455247607622 1.4934571203648848e-05 0.018366604496532733 0.0010948477130863774 0.033039694568126173 0.010928155022021603 -0.029561909251067126 0.00068123136248928774 -0.00079509320113015721 0.0011395453977592522 -0.023938060123247017 -0.0087139668568937904 0.046501655085357904 0.0058526433980107045 0.02842869001249243 0.0020276254495812896 -0.010335336039977279 -0.0033124078724465927 -0.015877228564839651 0.00032495614866995552 0.027712176396207534 -0.032254625038357139 -0.0027319321836652552 -0.0010881092587745143 0.010539715941161642 -0.0032681895646039898 0.0061894559067294684 -0.003214430864192899
leaf_weight=65.922353625297546 411.12386754155159 194.20369040966034 58.795612692832947 26702.116588711739 46.323816061019897 180.39562985301018 23.161908030509949 22.716486722230915 8.9084261655807477 20.934801489114761 4760.6629428863525 2749.5857360064983 9.7992687821388227 48.996343910694122 16.926009714603424 52.559714376926422 20.934801489114761 350.99199092388153 31.624912887811661 12.917217940092085 36.079125970602036 7827.8340716958046 21.825644105672836 12.02637532353401 35.188283354043961 33.406598120927811 161.6879349052906 1147.8507114350796 137.18976294994354 543.85941740870476
leaf_count=37 923 109 33 15107 104 198 52 51 20 47 8342 2123 22 107 38 118 47 197 71 23 21 15369 49 27 79 75 363 645 77 306
internal_value=1.58836e-05 -0.00307471 -0.000709806 3.76481e-05 0.00204439 0.0060878 0.013399 0.00851378 -0.00103401 0.0129525 5.57869e-06 0.000101001 2.42173e-05 0.000606749 0.00610662 0.00794335 0.0272522 -0.000142707 0.00505854 0.0165694 -0.00204142 0.00029157 0.00662346 -0.00162679 0.00873511 0.0105993 0.0127212 -0.00180525 -0.000176552 -0.00115835
internal_weight=45746.6 318.922 252.999 45427.6 713.565 302.441 122.045 98.8835 31.6249 67.2586 44714.1 39953.4 37203.8 8285.73 448.094 399.097 50.778 28918.1 348.319 33.852 2215.97 7837.63 316.695 64.5861 252.108 216.92 183.514 2179.89 1032.04 894.851
internal_count=44780 179 142 44601 1395 472 274 222 71 151 43206 34864 32741 16388 997 890 108 16353 782 70 1246 15391 711 145 566 487 412 1225 580 503
is_linear=0
shrinkage=0.03


Tree=182
num_leaves=31
num_cat=0
split_feature=11 35 33 19 35 37 7 30 33 22 21 8 45 48 23 40 47 30 32 44 22 7 23 44 21 33 22 35 23 23
split_gain=4.06749 4.37453 4.70743 8.92596 8.79294 6.17114 5.11427 4.48319 4.50157 4.08966 3.89964 10.0834 7.18184 6.37277 6.58355 4.82147 6.34641 4.58243 3.97856 3.90043 4.2326 3.85679 3.78876 3.74029 3.7384 6.08664 8.70701 4.9028 4.69493 3.20686
threshold=29.346900000000005 0.12233292686210413 0.56666910332809517 5.0384951753806808 0.018177201838210463 0.30990429042904294 31.874950000000002 7.9892359504132893 0.048438111716569761 -1.0000000180025095e-35 -3.9639236726700369 11.356050000000002 -0.44034101191274116 0.14123086805324833 0.91597561503675351 17.996783415546883 10.355833471074376 14.505753305785486 14.7064 2.6820041303122548 0.98296291314453421 32.055350000000011 0.1294095225512602 1.5667286143250692 -4.597843699634228 0.28538723283753703 -0.60355339059327362 0.011980428484267636 -0.3794095225512602 0.25881904510252057
decision_type=2 2 2 2 2 2 10 2 2 2 2 8 2 2 2 2 2 2 2 2 2 8 2 2 2 2 2 2 2 2
left_child=1 2 24 5 -5 21 -6 8 -3 22 11 12 -9 14 18 17 -17 -13 -14 20 -12 -4 -2 -10 25 26 -1 28 -28 -11
right_child=9 7 3 4 6 -7 -8 10 23 29 19 15 13 -15 -16 16 -18 -19 -20 -21 -22 -23 -24 -25 -26 -27 27 -29 -30 -31
leaf_value=0.017040401853691281 0.0067572173133208747 -0.00013501594673728768 -0.015221554664008881 -0.026068338168603874 -0.016732291352319257 0.0072683874725165054 0.0019310534700212798 0.014749543561707559 -0.00068587126430358597 -0.010739874256446619 0.00049809604247801423 0.0053346078332320405 0.00082008489281297839 -0.010262529055669056 -0.010126079052660223 -0.023686014529884496 -0.0055868602342056366 -0.0099237659352966173 0.010360878351253317 -0.00050766024166499395 0.0026062632258419234 -0.00085998737937125716 -0.0045946745112369807 -0.0071622532743800156 -0.00027679033392054541 0.011193446822303508 -0.0019833371031449955 -0.0080648437641044103 0.014849564548883991 -0.0010341636904228645
leaf_weight=23.161908030509949 47.66007998585701 563.90337628126144 24.052750647068024 27.170699805021286 20.489380180835724 59.241034001111984 33.852019429206848 28.506963729858398 135.40807771682739 85.966312497854233 21025.222014695406 30.288648962974548 134.07181379199028 51.22345045208931 36.524547278881073 33.852019429206848 36.524547278881073 40.087917745113373 54.786820918321609 3401.6825313270092 892.6243017911911 51.668871760368347 57.013927459716797 196.87621825933456 18465.385756015778 65.922353625297546 48.105501294136047 69.040302783250809 20.489380180835724 47.66007998585701
leaf_count=28 107 321 27 22 22 46 28 37 76 193 19429 17 76 37 22 19 22 27 48 4961 819 32 128 118 17936 37 54 41 31 86
internal_value=4.77755e-05 6.82591e-05 -0.00028076 -0.00466909 -0.0124422 8.25138e-05 -0.00528114 0.000315787 -0.00176894 -0.00385322 0.000388365 -0.0023898 0.000679695 -0.000818246 0.00136403 -0.00900145 -0.0145027 -0.00337414 0.00362781 0.00043738 0.000584068 -0.00556084 0.000589091 -0.00453306 -0.000229691 0.0035907 0.000423862 -0.00247519 0.0031858 -0.00731157
internal_weight=45808.5 45570.2 18908.6 216.475 81.5121 134.963 54.3414 26661.6 896.188 238.3 25765.4 445.867 305.114 276.607 225.383 140.753 70.3766 70.3766 188.859 25319.5 21917.8 75.7216 104.674 332.284 18692.1 226.719 160.797 137.635 68.5949 133.626
internal_count=44847 44333 18304 177 72 105 50 26029 515 514 25514 305 220 183 146 85 41 44 124 25209 20248 59 235 194 18127 191 154 126 85 279
is_linear=0
shrinkage=0.03


Tree=183
num_leaves=31
num_cat=0
split_feature=31 48 4 9 27 27 24 43 47 18 21 49 14 9 9 40 19 49 24 45 22 35 19 21 32 34 49 39 25 8
split_gain=3.27203 11.7627 10.4722 11.6755 11.1827 8.44927 8.97062 8.29031 7.07199 5.43895 5.4666 6.12942 5.75408 5.52479 5.23314 7.18832 4.22952 4.21999 4.08228 4.06837 7.43302 4.06173 4.97709 4.60136 3.72534 6.10928 3.62492 3.60025 5.21258 14.0186
threshold=9.1860500000000016 0.14123086805324833 16.565100000000005 8.5879500000000011 16.136750000000003 14.612210520841179 0.48030317736429479 0.02043770367139636 8.5229000000000017 -1.4231866237623751 0.70043874632799252 31.823050000000006 4.9429500000000015 8.3671500000000023 8.6913500000000017 12.977569223010034 0.17744837083704826 32.010150000000003 0.90020122560647942 0.091523893694175643 0.25881904510252091 0.006351692687779689 1.5615572691267594 -0.95158796334487927 13.654550000000002 8.1973938016529555 31.490150000000003 0.59217233168861438 -0.98801846520836312 10.125750000000002
decision_type=2 2 10 10 2 2 2 2 2 2 2 2 2 8 10 2 2 2 2 2 2 2 2 2 2 2 2 2 2 10
left_child=1 5 3 8 7 6 -1 -5 -3 -8 12 -12 13 -11 15 -7 -2 -16 19 20 24 23 -23 -15 25 -13 -4 -18 29 -29
right_child=16 2 26 4 -6 14 9 -9 -10 10 11 18 -14 21 17 -17 27 -19 -20 -21 -22 22 -24 -25 -26 -27 -28 28 -30 -31
leaf_value=-0.011735539049516587 -0.00069437752581049804 -0.013345382574290509 0.018850437800363242 -0.017365287560450741 -0.027991934384750342 0.016739447574890626 -0.010072361422531637 -0.0030495401177209939 0.0040630779977055944 0.00011284859564466102 -0.0071430969742164088 0.00038667671095923649 0.0053083740687620744 0.0025494382609985364 -0.0062987876728370475 0.0030228530021976837 -9.5961291026382394e-05 0.0068097920147428374 0.0044751160378319384 0.0027778949246465316 -0.012905516966882922 -0.016252489825118784 -0.0012317748836943435 -0.016445295847147004 0.00293380206809713 -0.0096951689875127093 0.00073815824342052228 -0.004656171394082035 0.00073741913135737182 0.00050917399711237598
leaf_weight=62.358983159065247 5124.1267304420471 27.616121113300323 10.24469009041786 64.140668392181396 35.633704662322998 59.686455309391022 50.778029143810272 83.739205956459045 77.948728948831558 4849.74720454216 200.8850100338459 124.71796631813049 179.05936592817307 15.58974578976631 48.105501294136047 80.621256798505783 16007.10555562377 39.197075128555298 97.992687821388245 113.58243361115456 64.140668392181396 20.489380180835724 264.13483580946922 40.087917745113373 102.00147959589958 94.429317355155945 86.857155114412308 618.24477589130402 15174.613130450249 1999.9416741728783
leaf_count=35 8168 20 17 36 20 50 30 47 121 2722 151 70 117 17 27 148 15711 22 55 66 39 25 341 42 58 53 90 695 14295 1490
internal_value=2.00947e-06 -0.000600353 -0.00568043 -0.0085362 -0.0130887 -0.00029806 -0.000504215 -0.00933371 -0.000573531 -0.000389702 -0.000308355 -0.00262393 3.61206e-05 -0.000146762 0.00536728 0.00893502 0.000108706 -0.000402835 -0.00109352 -0.00219412 -0.00366326 -0.00383605 -0.00236619 -0.0111756 -0.00178304 -0.00398184 0.00282176 0.000230472 0.000524132 -0.000711856
internal_weight=45817.8 6893.79 386.18 289.078 183.514 6507.61 6280 147.88 105.565 6217.64 6166.86 797.75 5369.11 5190.05 227.61 140.308 38924 87.3026 596.865 498.872 385.289 340.302 284.624 55.6777 321.149 219.147 97.1018 33799.9 17792.8 2618.19
internal_count=44778 4419 351 244 103 4068 3821 83 141 3786 3756 492 3264 3147 247 198 40359 49 341 286 220 425 366 59 181 123 107 32191 16480 2185
is_linear=0
shrinkage=0.03


Tree=184
num_leaves=31
num_cat=0
split_feature=9 5 44 9 21 33 21 24 11 25 42 42 8 23 24 42 24 42 4 24 5 24 15 24 8 41 25 5 15 24
split_gain=3.73488 8.17353 3.37198 4.5356 21.558 12.0967 10.016 17.452 20.2612 15.8412 14.73 14.1398 12.5068 10.5475 8.91854 37.8563 12.8912 12.7008 12.6506 10.023 10.5031 9.62277 8.8522 8.83143 8.82837 8.39684 8.0177 7.50258 7.50122 7.49344
threshold=7.1201500000000015 31.815650000000002 3.5073748662880093 12.942850000000002 -3.6470673344219589 0.10219512056198579 -0.54273972361198275 0.3873823162447298 18.161200000000004 -0.98667386918526234 0.22699850040373751 0.49457069250586377 9.7095500000000019 0.25881904510252057 0.1051661082335764 0.3778924904833314 0.19020386523577326 0.30047294959049492 22.068550000000005 0.3714672281037254 32.00735000000001 0.59608197715088396 13.996623003027654 0.08804500090241206 9.2381500000000027 9.2688500000000023 -0.96904977397942549 31.741650000000003 20.819055624908078 -0.75579217237767959
decision_type=8 8 2 8 2 2 2 2 2 2 2 2 8 2 2 2 2 2 10 2 10 2 2 2 10 2 2 10 2 2
left_child=1 -1 3 -2 22 14 7 8 10 11 -7 25 -12 -10 23 16 -16 21 19 20 27 -18 -5 -6 -25 -8 -15 -17 -20 -28
right_child=2 -3 -4 4 5 6 9 -9 13 -11 12 -13 -14 26 15 18 17 -19 28 -21 -22 -23 -24 24 -26 -27 29 -29 -30 -31
leaf_value=-0.013088544665017689 -4.8215258115455033e-05 0.0012330645526734451 -0.00072629771112180314 0.036151763424142648 0.00044200983447172635 0.053815579624051042 -0.0041571977547324133 -0.003091722908593436 0.0014674063958229702 -0.0007254750840658006 0.025052648293137952 -0.00324175811636142 0.00066077338333839783 0.0019625771215836356 0.026080546134111857 -0.014394162068284966 0.0047502666901415493 -0.0071864815890744921 -0.052267438326329053 -0.04006612289080879 -0.036332795076663468 -0.0012667300149887773 0.0099253290996043405 -0.0044216022958290056 0.026101167451358136 0.016820176473308038 0.00086257066853903392 -0.00099277229202784619 -0.01755075734381677 0.021624309423735055
leaf_weight=60.577297925949097 31646.293110609055 85.520891189575195 4703.2035941183567 12.02637532353401 5862.6352595686913 10.24469009041786 19.598537564277649 144.76192519068718 219.14728367328644 843.18253657221794 53.895978301763535 62.358983159065247 28.952385038137436 47.66007998585701 15.58974578976631 69.040302783250809 364.80005148053169 213.80222797393799 10.690111398696901 9.3538474738597852 11.135532706975935 690.40302783250809 125.16338762640953 12.917217940092085 22.716486722230911 120.26375323534012 20.043958872556686 81.512099415063858 13.80806055665016 71.712830632925034
leaf_count=34 17891 48 8510 27 11035 23 44 322 456 1854 121 140 65 107 35 155 813 480 24 21 25 1550 269 29 51 270 45 183 31 161
internal_value=1.8827e-05 -0.00475377 3.42534e-05 0.000121933 0.000709876 0.000529661 0.00285779 0.00595667 0.00885722 0.00108583 0.0212579 0.00860467 0.0166381 0.00558749 1.12952e-05 -0.00206998 -0.000193821 -0.000536884 -0.0143317 -0.0113103 -0.00941069 0.000815967 0.0124694 0.000533842 0.015218 0.013872 0.0120072 -0.00719281 -0.0341556 0.0171472
internal_weight=45653 146.098 45506.9 40803.7 9157.42 9020.23 1641.82 596.419 451.657 1045.4 93.0931 202.221 82.8484 358.564 7378.4 1480.14 1284.6 1269.01 195.54 171.042 161.688 1055.2 137.19 5898.27 35.6337 139.862 139.417 150.552 24.4982 91.7568
internal_count=44819 82 44737 36227 18336 18040 3608 1300 978 2308 209 454 186 769 14432 3317 2878 2843 439 384 363 2363 296 11115 80 314 313 338 55 206
is_linear=0
shrinkage=0.03


Tree=185
num_leaves=31
num_cat=0
split_feature=42 43 5 33 19 19 49 3 18 8 43 33 42 35 11 3 22 40 33 32 48 12 33 23 34 46 33 40 21 12
split_gain=3.87298 3.95828 4.38629 3.21693 4.53807 4.22383 6.69182 5.84875 4.2722 3.32682 5.59902 7.6174 4.5068 6.93542 8.02416 9.38488 7.22966 5.28685 5.22188 10.018 17.2855 9.84341 6.33027 7.71603 5.87862 7.83964 7.72634 7.03303 8.04045 6.06347
threshold=0.60026915830353367 0.27386018237082077 30.549250000000004 0.011309111371274709 0.17744837083704826 8.9895264686468668 32.013150000000003 7.0995000000000008 -1.8273919132911478 8.0187500000000025 0.053602200507427734 0.12943510343025236 0.31221017418387359 1.7716705185273278 16.489150000000006 7.6295000000000011 -0.70710678118654735 14.576750158182291 0.15027175383284755 14.576916666666669 0.13752189129832926 22.646539669421902 0.64304433491530533 -0.3794095225512602 11.995823278236953 0.20992879321457597 0.51291209448273423 12.657376469750252 -0.969602920517591 13.782310330578943
decision_type=2 2 10 2 2 2 2 2 2 8 2 2 2 2 2 2 2 2 2 2 2 2 2 2 2 2 2 2 2 2
left_child=3 -2 -3 4 -1 8 7 -7 -6 10 -5 -12 13 18 15 16 17 -15 -11 22 21 24 -20 -24 27 26 -26 -21 -29 -27
right_child=1 2 -4 9 5 6 -8 -9 -10 12 11 -13 -14 14 -16 -17 -18 -19 19 20 -22 -23 23 -25 25 29 -28 28 -30 -31
leaf_value=-0.0006492144786926238 0.01243082643401029 0.014227105770555045 0.0010829167092945629 -0.00056079914155668376 0.0037640042609963626 -0.0051736276285154394 0.0026384599508902065 -0.027352581772492546 0.00047446243680256735 0.00012931403626623337 -0.0019731203196845927 -0.0099755066348248805 -0.00051542424861867827 -0.004487862998828784 0.00023668335796742332 -0.022431787262495367 1.7450161444109801e-05 -0.025278193236841457 0.00029735975925905154 0.014967247525733095 0.00072447430586813195 0.00085449078320394751 0.0018793401679278359 -0.014982783495014531 0.014943518507973231 0.018369703866813573 0.034839446899457095 -0.0037443459128790914 0.011830474695833617 -0.0041313943710125298
leaf_weight=3856.4576870799065 28.506963729858398 22.271065413951874 1290.8309513926506 2523.3117114007473 364.80005148053169 28.061542421579361 41.424181669950485 16.926009714603424 12441.507982850075 8260.33816203475 489.51801779866219 136.29892033338547 13634.791667729616 23.161908030509949 210.23885750770569 33.852019429206848 89.97510427236557 20.934801489114761 704.21108838915825 71.712830632925034 693.07555568218231 116.70038276910782 42.31502428650856 56.123084843158722 62.804404467344284 17.371431022882462 25.389014571905136 67.258617550134659 52.114293068647385 25.389014571905136
leaf_count=5844 16 50 792 1474 279 51 24 14 11261 9374 295 84 12731 25 277 28 103 17 573 53 479 262 35 36 138 36 45 85 84 48
internal_value=-2.55443e-05 0.00156175 0.00131651 -7.38606e-05 0.000253568 0.000523637 -0.00604886 -0.0139315 0.000568455 -0.00027433 -0.00119141 -0.00372912 -0.000154984 0.00030984 -0.00367419 -0.00854298 -0.00489606 -0.0146997 0.000457968 0.00186056 0.00367739 0.00832984 -0.000702742 -0.00778835 0.0110277 0.0159245 0.0209975 0.00760647 0.0030969 0.00522057
internal_weight=45447.7 1341.61 1313.1 44106.1 16749.2 12892.7 86.4117 44.9876 12806.3 27356.9 3149.13 625.817 24207.8 10573 378.163 167.924 134.072 44.0967 10194.8 1934.46 1131.82 438.74 802.649 98.4381 322.04 130.954 88.1934 191.086 119.373 42.7604
internal_count=44613 858 842 43755 17473 11629 89 65 11540 26282 1853 379 24429 11698 450 173 145 42 11248 1874 1230 751 644 71 489 267 183 222 169 84
is_linear=0
shrinkage=0.03


Tree=186
num_leaves=31
num_cat=0
split_feature=18 21 35 41 9 5 5 35 33 45 9 5 3 33 3 21 3 3 23 23 6 33 18 31 16 23 18 33 6 34
split_gain=4.2759 6.69271 5.7714 4.10435 3.41337 9.39196 3.3522 3.21946 7.20085 5.58484 6.36627 6.57714 10.0274 5.78616 5.4628 4.79394 4.55247 6.80301 4.43388 4.17653 4.17297 4.13442 4.72706 4.12489 5.00662 5.10464 5.62699 10.3041 3.44534 7.68727
threshold=-2.4783585214521433 -3.0196096128983441 0.085749985160172917 9.5216000000000012 7.1201500000000015 31.815650000000002 32.000750000000004 0.020604271401824522 1.0074146081264985 -0.25088826116654195 8.2208500000000022 31.952050000000003 7.8185000000000011 0.027343262425289231 6.3225000000000007 -5.3259909715279434 7.3425000000000002 7.5435000000000008 -0.3794095225512602 0.25881904510252057 9.8831000000000007 0.07322520513229587 -1.4231866237623751 10.769950000000001 12.75798016528937 0.37940952255126048 -0.53586763415421934 0.18905322707287117 10.344400000000002 11.93974187327855
decision_type=2 2 2 2 8 10 10 2 2 2 10 8 2 2 2 2 2 2 2 2 8 2 2 2 2 2 2 2 8 2
left_child=1 6 3 -3 5 -2 -1 8 9 10 21 12 16 -13 -15 18 23 -18 -11 -14 -9 -6 -23 24 25 -12 27 -27 29 -22
right_child=4 2 -4 -5 7 -7 -8 20 -10 15 11 13 19 14 -16 -17 17 -19 -20 -21 28 22 -24 -25 -26 26 -28 -29 -30 -31
leaf_value=0.012148034621968021 -0.013963954035830634 -0.018858203268691701 0.0021124028183685988 -0.0027531451497392711 -0.0016408906891657137 0.0016570454822965694 0.0010955549987476968 0.001029165992499868 -0.01784350824933632 0.0019844159190074914 -0.0012916851610803798 -0.011123041600205068 -0.020423452244285621 -0.007801869072583463 0.004457160279154224 -0.00028704996924791722 0.0097228398865305925 -0.0055631516390537861 0.019825337940940307 -0.0068476054524953742 -0.00075568165484414811 0.022024144779962805 0.0035602285626137038 -0.014195780678891799 0.0050463103717735391 -0.026669858834549514 -0.00089487003902445205 -0.0038837084930796193 4.4329511421735082e-05 -0.010631356083092071
leaf_weight=81.066678106784821 57.013927459716797 17.371431022882462 572.81180244684219 65.476932317018509 69.040302783250809 85.520891189575195 35.633704662322998 4041.307530015707 20.489380180835724 33.852019429206848 101.55605828762054 33.852019429206848 51.668871760368347 39.642496436834335 167.47841191291809 8711.1045260131359 48.105501294136047 55.232242226600647 19.153116255998611 35.633704662322998 404.44254791736603 16.926009714603424 42.760445594787598 43.205866903066635 42.760445594787598 35.633704662322998 35.633704662322998 35.633704662322998 30308.247500538826 85.075469881296158
leaf_count=56 32 24 383 39 140 48 20 3178 16 55 57 19 29 23 94 8682 27 31 37 20 464 38 78 25 24 20 20 20 30814 95
internal_value=1.2082e-05 0.00222371 0.00103958 -0.00631465 -2.62489e-05 -0.00464511 0.00881121 -1.13433e-05 -0.000496543 -0.000457741 -0.00277098 -0.00386085 -0.00586995 0.000190878 0.0020846 -0.00023184 -0.00382844 0.00157773 0.00867886 -0.0150226 0.000122913 0.0033584 0.0090729 -0.00572484 -0.00421745 -0.00613272 -0.0106771 -0.0154882 3.96476e-06 -0.00249019
internal_weight=45393.3 772.361 655.66 82.8484 44621 142.535 116.7 44478.4 9639.36 9618.87 854.763 726.037 485.064 240.973 207.121 8764.11 397.761 103.338 53.0051 87.3026 34839.1 128.727 59.6865 294.423 251.218 208.457 106.901 71.2674 30797.8 489.518
internal_count=44608 522 446 63 44086 80 76 44006 9455 9439 665 409 273 136 117 8774 224 58 92 49 34551 256 116 166 141 117 60 40 31373 559
is_linear=0
shrinkage=0.03


Tree=187
num_leaves=31
num_cat=0
split_feature=43 39 4 24 25 4 5 25 21 32 47 12 5 11 40 22 24 23 25 35 7 39 8 40 5 23 42 22 47 25
split_gain=3.4256 3.38064 5.29857 9.93485 5.14665 6.71244 6.22383 5.45587 10.6741 8.93192 8.71268 6.88986 6.28346 8.35719 5.3891 5.09433 4.88112 4.8546 4.82466 13.879 9.99615 7.92639 14.2571 7.6838 7.89415 7.50108 15.0107 11.946 9.62669 9.59706
threshold=-0.032118441314856937 0.61215468635972503 29.723050000000004 -0.76694339346796603 -0.95998493203694346 16.823800000000002 31.177250000000004 -0.99052477729077237 2.1192504139836577 20.125100000000003 9.7255500000000019 10.971516528925664 31.672050000000002 21.378950000000007 17.534657889658664 -0.78656609248549292 0.12225609522135446 0.1294095225512602 -0.98801846520836312 0.0042861015698034011 31.853950000000001 0.66175986232286599 11.931950000000002 14.612382410050474 31.952050000000003 -0.70710678118654757 0.52391087015034421 -0.78656609248549292 10.316950000000002 -0.99938741687870725
decision_type=2 2 8 2 2 10 10 2 2 2 2 2 10 2 2 2 2 2 2 2 8 2 10 2 10 2 2 2 2 2
left_child=-1 4 18 -4 5 -2 14 9 -9 10 -8 -12 13 -11 -7 -16 -15 -10 19 -3 23 -22 25 -21 -25 26 28 -27 -23 -29
right_child=1 2 3 -5 -6 6 7 8 17 12 11 -13 -14 16 15 -17 -18 -19 -20 20 21 22 -24 24 -26 27 -28 29 -30 -31
leaf_value=0.0062418551140769312 0.014742661716173755 -0.018671399804862022 0.012479285169390546 -0.014631336545418596 -0.00045850447442082612 -0.017932983052753756 -0.021329674259111881 0.002058688717047404 -0.0017076619390707349 0.022363909916691196 0.015289772964393553 -0.0062572109972863351 -0.0002101551335319678 0.0053259829118085461 -0.015338974837661369 0.0052244164106159067 -0.017279265319650808 -0.02731820422619672 0.00044483044097540968 -0.016930571133416741 0.0016233634675197751 -0.0078756009125463839 -0.013352184475599955 0.00071363078771485454 0.0083903100735638961 -0.0067675718648258255 -0.024635037811166351 0.0082443180362216061 0.0047597163273169754 -0.00054039459818179189
leaf_weight=77.948728948831558 29.397806346416473 38.306232511997223 15.144324481487272 49.887186527252197 19883.607201576233 28.506963729858398 30.734070271253586 2085.4625653624535 11.580954015254976 24.498171955347061 14.253481864929197 108.23737791180611 1743.8244219124317 64.586089700460434 15.144324481487272 32.070334196090698 8.9084261655807477 15.144324481487272 19095.211485922337 16.035167098045349 459.67479014396667 161.6879349052906 107.79195660352707 325.60297635197639 190.64031994342804 224.04691806435585 34.297440737485886 137.63518425822258 80.621256798505783 580.38396468758583
leaf_count=175 36 35 28 73 20454 46 18 1904 26 52 20 78 1533 145 34 69 20 31 18066 9 372 93 68 413 107 155 41 120 79 487
internal_value=-1.84029e-06 -1.26469e-05 0.000260658 -0.00822453 -0.000256701 0.000695758 0.000593536 0.000751501 0.00181378 -0.0003735 -0.00730865 -0.00364642 0.000207104 0.00755954 -0.00787277 -0.00155273 0.00239078 -0.0166822 0.000286763 -0.000993611 -0.000693604 -0.00176894 -0.00294485 0.00291139 0.00355925 -0.00201412 -0.00634828 -0.000736158 -0.00366929 0.00115265
internal_weight=45690.9 45612.9 21517 65.0315 24096 4212.35 4182.95 4107.23 2112.19 1995.04 153.225 122.491 1841.82 97.9927 75.7216 47.2147 73.4945 26.7253 21451.9 2356.72 2318.42 1786.14 1326.46 532.278 516.243 1218.67 276.607 942.066 242.309 718.019
internal_count=44787 44612 20146 101 24466 4012 3976 3827 1961 1866 116 98 1750 217 149 103 165 57 20045 1979 1944 1415 1043 529 520 975 213 762 172 607
is_linear=0
shrinkage=0.03


Tree=188
num_leaves=31
num_cat=0
split_feature=5 24 48 23 24 40 4 19 7 4 33 9 25 4 21 18 42 24 4 11 40 24 27 5 47 3 23 5 33 19
split_gain=3.59823 9.46801 9.45123 12.296 4.25272 12.8337 6.39212 3.99958 3.62421 4.07393 3.70784 14.5346 12.4267 13.9857 5.60655 4.30486 5.26611 18.6146 16.1204 7.30633 7.64871 27.1273 22.4639 15.9246 8.27385 13.2579 7.14722 7.09304 7.01049 9.54861
threshold=30.263050000000003 -0.78856175031405207 0.11261382697145972 0.78656609248549303 -0.61913973745509387 25.637260435916719 29.168200000000002 3.5549045132960848 31.396800000000002 29.493550000000003 0.64304433491530533 11.386050000000003 -0.71502926860092908 16.444300000000002 -3.3504502600271819 -0.77339302708437418 0.31924481870265692 0.35544221683359195 17.856350000000003 17.322600000000005 17.534657889658664 0.1051661082335764 22.037950000000006 32.004250000000006 9.1743500000000022 8.0935000000000006 0.37940952255126048 31.815650000000002 0.29920087343900992 3.1423254123772932
decision_type=8 2 2 2 2 2 10 2 8 10 2 8 2 10 2 2 2 2 10 2 2 2 2 10 2 2 2 10 2 2
left_child=1 -1 3 4 6 -6 -3 -8 -2 10 15 14 13 -13 -12 16 -10 19 -19 -18 28 24 23 -23 25 -22 -20 -24 -21 -30
right_child=8 2 -4 -5 5 -7 7 -9 9 -11 11 12 -14 -15 -16 -17 17 18 26 20 21 22 27 -25 -26 -27 -28 -29 29 -31
leaf_value=-0.00085576487143105586 -0.0015475254500055403 0.016317571248680711 0.00091920629883022781 0.030812607059825345 0.015902453202895815 -0.019147546501275241 -0.0066588554383008357 0.015974510113776267 0.0015302092281034498 -0.0056576432014801845 -2.2943665803496229e-05 0.030729513955086676 -0.013750585275689032 0.0045272561765281804 -0.0079095388340816447 -0.00015054491991237177 -0.009667219003971118 -0.0019629094017707153 -0.020723700427523233 0.0014375434924064458 -0.018337012374284086 -0.0036344074319800608 -0.016513637311213268 -0.031630987251912011 0.00049389887411300029 7.7492540761627056e-05 0.0027200520730178267 -0.042794926414928824 -0.014738509453411496 0.0082857414364791281
leaf_weight=414.68723800778389 1319.783336430788 63.249825775623322 160.35167098045349 23.607329338788986 18.262273639440536 17.371431022882462 23.161908030509949 8.9084261655807477 3345.1140251755714 111.35532706975937 115.80954015254974 20.934801489114761 25.389014571905136 114.91869753599167 269.92531281709671 25878.532589703798 64.140668392181396 161.6879349052906 82.402942031621933 1708.6361385583878 53.895978301763535 372.37221372127533 23.607329338788986 18.262273639440536 10892.778093963861 97.992687821388245 13.362639248371122 16.926009714603424 16.480588406324387 239.63666385412216
leaf_count=931 1985 142 132 53 41 39 52 20 3115 250 65 41 30 201 153 26143 36 195 134 1253 31 572 53 35 8756 55 18 38 10 226
internal_value=3.46501e-05 0.00212311 0.00603607 0.0113046 0.007581 -0.00124067 0.0108575 -7.88743e-05 7.15642e-07 4.75683e-05 6.22916e-05 -0.00238988 0.00515263 0.00876002 -0.00554792 9.35494e-05 0.000462783 0.000203236 -0.00777197 0.000355839 0.000404386 0.000108192 -0.00726516 -0.00502068 0.000396668 -0.00653389 -0.0174582 -0.0282544 0.00213348 0.00675262
internal_weight=45693.5 729.6 314.913 154.561 130.954 35.6337 95.3202 32.0703 44963.9 43644.2 43532.8 546.977 161.243 135.853 385.735 42985.8 17107.3 13762.2 257.454 13504.7 13440.6 11475.8 431.168 390.634 11044.7 151.889 95.7656 40.5333 1964.75 256.117
internal_count=44805 1410 479 347 294 80 214 72 43395 41410 41160 490 272 242 218 40670 14527 11412 347 11065 11029 9540 698 607 8842 86 152 91 1489 236
is_linear=0
shrinkage=0.03


Tree=189
num_leaves=31
num_cat=0
split_feature=48 24 24 9 4 8 23 33 3 21 8 3 7 19 8 8 32 23 5 5 22 46 46 6 14 30 5 14 25 48
split_gain=4.31409 3.5925 7.29733 17.0817 18.6885 14.8206 10.9698 8.23676 5.62768 5.5754 6.42299 7.66439 5.22763 6.46986 5.33101 7.23397 5.52783 5.02762 4.26968 3.83253 3.74489 3.67072 3.59891 6.1378 5.38482 6.60054 5.65778 8.1809 5.10582 6.63305
threshold=0.38258245287616016 -0.59869031648930193 -0.55657520495441892 10.866250000000003 27.543850000000003 19.194850000000002 1.0000000180025095e-35 0.081022811602659492 8.1245000000000029 3.7511450528144734 9.3480500000000024 5.884500000000001 31.567350000000001 3.7576450462046194 9.5912500000000023 10.571450000000002 18.903433333333336 -0.9159756150367534 31.519950000000005 30.629750000000005 0.60355339059327384 0.33621448796725578 0.0086754206764417044 18.852100000000004 7.7429925619827076 20.084050000000001 31.872150000000001 8.0092000000000017 -0.9260227363677036 0.16975989545263256
decision_type=2 2 2 10 10 10 2 2 2 2 8 2 8 2 10 10 2 2 10 10 2 2 2 8 2 2 8 2 2 2
left_child=1 8 3 4 5 -3 -6 17 -1 12 -11 -12 13 21 -15 16 -16 -5 -9 -8 -7 -4 28 -24 -25 26 27 -26 29 -14
right_child=-2 2 9 7 6 20 19 18 -10 10 11 -13 22 14 15 -17 -18 -19 -20 -21 -22 -23 23 24 25 -27 -28 -29 -30 -31
leaf_value=0.00014109091222125366 0.0035092890940915909 0.00023435435236817268 -0.00050026729019938556 -0.014134395255123397 -0.0029264649725395868 0.018060138578481384 -0.013526439291436246 -0.017038117326515223 0.0021322170667395644 -0.01458525460854326 -0.016163045635643709 0.0027279520467936853 0.015509547412407334 0.0014698171446291871 -0.0081652645193064696 -0.0069747200337221182 -0.037498776996665928 -0.0026151224111187936 -0.0076421622944242238 -0.033154886227577611 -0.0012138744547144744 -0.0068429999317772792 0.00057775806981234096 -0.00027158275004528454 -0.023380182630998312 0.00066353236424381002 -0.001116265896890894 -0.0062207292001980287 -0.0012416330650967655 0.0010912041652221154
leaf_weight=13571.987263262272 307.34070271253586 851.20012012124062 590.18323346972466 37.415389895439148 44.09670951962471 54.786820918321609 18.707694947719574 78.394150257110596 1409.3130193948746 49.44176521897316 24.052750647068024 83.739205956459045 34.742862045764923 31.179491579532623 10.244690090417864 57.904770076274872 14.698903173208235 311.79491579532623 103.33774352073669 21.380222797393799 10.690111398696898 94.429317355155945 12008.113049894571 12094.524783700705 37.415389895439148 140.75313341617584 67.704038858413696 74.830779790878296 3139.3293807506561 146.98903173208237
leaf_count=16250 174 747 1142 21 99 123 42 44 1538 111 33 134 75 55 20 97 33 175 58 48 18 206 10465 9978 21 79 38 42 2650 246
internal_value=-2.72198e-05 -5.13365e-05 -0.000239581 -0.00225638 5.23841e-05 0.00130007 -0.0133893 -0.00660047 0.000328529 -0.000131864 -0.00574764 -0.00159722 -0.000100729 -0.00249215 -0.00907651 -0.0130158 -0.0262302 -0.00388617 -0.0117664 -0.0245471 0.0149424 -0.00138383 -3.18029e-05 9.42056e-05 -0.000373499 -0.00420423 -0.00799432 -0.0120965 -0.000958229 0.00391744
internal_weight=45520.7 45213.4 30232.1 1531.8 1000.86 916.677 84.1846 530.942 14981.3 28700.3 157.234 107.792 28543 798.64 114.028 82.8484 24.9436 349.21 181.732 40.0879 65.4769 684.613 27744.4 24423.3 12415.2 320.703 179.95 112.246 3321.06 181.732
internal_count=44762 44588 26800 1375 1077 888 189 298 17788 25425 278 167 25147 1553 205 150 53 196 102 90 141 1348 23594 20623 10158 180 101 63 2971 321
is_linear=0
shrinkage=0.03


Tree=190
num_leaves=31
num_cat=0
split_feature=42 5 9 3 47 47 27 16 11 22 24 3 4 31 5 20 24 5 22 32 24 5 5 9 5 32 22 5 4 24
split_gain=4.60475 4.00805 3.82989 5.25181 2.98104 3.26798 2.82962 3.8267 2.82717 5.28919 4.56116 5.38581 2.83525 10.3292 7.87735 7.63045 8.96904 4.1746 8.01214 4.01479 3.82608 5.31952 2.90729 4.91143 12.2281 7.91627 10.1071 10.4012 19.2813 9.87061
threshold=0.60026915830353367 30.549250000000004 7.1566500000000008 8.0165000000000024 11.754841322314336 12.148023140496196 25.269650000000002 19.593995867768783 29.498450000000002 0.12940952255126045 -0.76694339346796603 6.5375000000000005 28.435350000000003 11.257425206611982 30.122900000000005 11.622170150199674 -0.63255557784149707 30.927900000000005 0.91597561503675362 29.170333333333335 -0.68430824382591204 30.749350000000003 31.969450000000005 10.222450000000002 31.397950000000005 27.475516666666667 -0.60355339059327362 31.947450000000003 22.432150000000004 -0.44504625642270151
decision_type=2 10 8 2 2 2 2 2 2 2 2 2 8 2 10 2 2 10 2 2 2 10 10 10 10 2 2 10 10 2
left_child=2 -2 3 -1 6 -6 -3 -8 12 -10 -11 -12 22 -14 15 -15 19 18 -16 -17 -20 -22 23 -4 -25 26 27 28 -26 -28
right_child=1 4 8 -5 5 -7 7 -9 9 10 11 -13 13 14 17 16 -18 -19 20 -21 21 -23 -24 24 25 -27 29 -29 -30 -31
leaf_value=-0.0011945155614800883 0.014100226467574299 -0.0048937164910551299 1.8373528653945762e-05 -0.010871220561607026 -0.0046668872243864346 0.0017564692929297443 0.012144976597178506 0.0022550822756283568 0.00084243264433594902 0.003311744647812503 -0.031407246691273968 -0.008677209733201359 -0.022467646531839372 -0.0085617082692940483 -0.00050528792246653099 0.01072098302105111 0.037556020207314217 0.0014292321353714191 -0.0025801424848635969 -0.0038366013458733103 -0.0091881614627173161 -0.037287367297593167 0.00047680129682023831 0.00012853254134604169 -0.026138736645923928 -0.00015701346547589137 -0.0060558768700571825 0.00028912809076855537 -0.006858082254978721 -0.0003791391869143879
leaf_weight=206.67548704147339 22.271065413951874 46.323816061019897 26972.487322837114 65.922353625297546 130.06302201747894 155.45203658938408 35.633704662322998 954.98328495025635 82.84836333990097 15.58974578976631 12.471796631813048 35.188283354043961 15.58974578976631 20.934801489114761 286.4059012234211 98.438109129667282 9.3538474738597852 1518.8866612315178 15.58974578976631 20.043958872556686 15.144324481487276 10.24469009041786 7824.7161225378513 4236.4020630419254 53.450556993484497 899.30562141537666 401.32459875941277 128.28133678436279 338.52019429206848 876.14371338486671
leaf_count=116 50 26 30792 37 73 157 20 536 186 35 28 79 17 47 640 203 15 1142 35 45 34 23 6398 2392 30 510 226 72 190 494
internal_value=2.52806e-05 0.00175401 -2.74e-05 -0.00356581 0.0015356 -0.00117569 0.00228255 0.00262272 -5.3411e-06 -0.00415741 -0.0106177 -0.0151485 8.62177e-06 0.00110869 0.00130409 0.00792135 0.0106662 0.000766873 -0.00230111 0.00824674 -0.0145413 -0.0215098 -4.44062e-05 -0.0001647 -0.000876792 -0.00245539 -0.00360442 -0.00712582 -0.00954709 -0.00216586
internal_weight=45504.7 1344.73 44160 272.598 1322.46 285.515 1036.94 990.617 43887.4 146.098 63.2498 47.6601 43741.3 2010.63 1995.04 148.771 127.836 1846.27 327.385 118.482 40.9788 25.389 41730.6 33905.9 6933.43 2697.03 1797.72 520.252 391.971 1277.47
internal_count=44648 862 43786 153 812 230 582 556 43633 328 142 107 43305 2201 2184 310 263 1874 732 248 92 57 41104 34706 3914 1522 1012 292 220 720
is_linear=0
shrinkage=0.03


Tree=191
num_leaves=31
num_cat=0
split_feature=25 9 16 42 5 11 42 14 22 23 5 5 4 41 22 18 22 27 42 5 15 3 3 3 4 30 46 9 42 25
split_gain=3.97076 19.3586 30.7908 12.3847 11.5288 15.3678 15.3739 12.3963 15.006 11.5142 14.4832 11.2774 14.1281 10.5226 9.93964 9.30035 9.0945 13.6391 13.0382 14.4379 11.1182 9.43276 7.68753 12.2365 11.3304 14.08 7.6179 5.23138 5.5823 5.21058
threshold=-0.98932651372861458 10.388400000000003 15.323000000000002 0.49885992232860388 31.936350000000001 22.206650000000007 0.34541661860268397 4.5232045454541003 0.37940952255126054 0.78656609248549303 31.914150000000003 31.483350000000005 21.061900000000005 10.167150000000001 0.60355339059327384 -2.1015810165016497 -0.78656609248549292 23.699950000000005 0.52391087015034421 31.823050000000006 20.002188228050127 7.8305000000000016 7.6945000000000006 7.5235000000000012 20.774800000000003 14.013942148760732 0.26177945573763667 9.254150000000001 0.48752066751259276 -0.93237865822738086
decision_type=2 8 2 2 10 2 2 2 2 2 8 10 10 2 2 2 2 2 2 10 2 2 2 2 10 2 2 10 2 2
left_child=1 4 -3 11 5 6 13 8 -6 10 -8 12 -4 -1 22 -13 18 20 19 -5 -18 -19 23 -9 -25 -26 -22 28 -16 -2
right_child=29 2 3 16 7 -7 9 14 -10 -11 -12 15 -14 -15 27 -17 17 21 -20 -21 26 -23 -24 24 25 -27 -28 -29 -30 -31
leaf_value=-0.011987930413686438 0.00086009199064559681 0.039185237121651707 0.03911870255087941 -0.0032594822232536306 -0.0027923396462190761 -0.0023063391614306676 -0.030160121720112811 -0.0018566367042381498 -0.02465765755039144 -0.0047243393122444778 -0.01121509172310819 0.012738404473772502 0.0065247343170944955 0.0056461570052225409 -0.012900601379425124 0.00088452098801521052 -0.021032366649721565 -0.0078654102125822294 0.00026094315386240966 -0.048062398672004396 0.0099051867051030158 -0.044470061168711147 0.0031775700930103544 0.0016427543223606236 -0.029752749200964743 -0.0047644558389855953 -0.012200931319868527 0.0039938001942371043 0.0035013131145067507 -6.2802182671582111e-05
leaf_weight=51.668871760368347 6542.7935973107815 18.262273639440536 14.253481864929197 10.690111398696901 87.302576422691345 592.41034001111984 65.922353625297546 564.79421889781952 40.978760361671448 67.704038858413696 83.739205956459045 61.022719234228134 58.350191384553909 71.267409324645996 35.633704662322998 1513.0961842238903 14.698903173208235 19.153116255998615 21.380222797393799 16.035167098045349 81.066678106784821 8.9084261655807477 185.29526424407959 35.633704662322998 44.542130827903748 37.415389895439148 16.035167098045349 491.74512434005737 37.415389895439148 34711.68255418539
leaf_count=29 5971 35 32 24 49 334 37 317 23 38 47 71 131 40 20 1822 33 43 48 36 182 20 104 20 25 21 36 276 21 34916
internal_value=-7.29123e-06 -0.000869648 0.00145244 0.00105571 -0.00259514 -0.00523211 -0.0103037 -0.00101693 -0.0099138 -0.0150817 -0.0197047 0.00188943 0.0133681 -0.0018022 -0.000213835 0.00135185 -0.00621958 -0.00230214 -0.0173303 -0.0309052 0.00243665 -0.0206163 -0.00222908 -0.00369971 -0.0124617 -0.01854 0.00616748 0.00288061 -0.00456579 8.35824e-05
internal_weight=45600.9 4346.42 1852.95 1834.69 2493.47 932.712 340.302 1560.76 128.281 217.366 149.662 1646.72 72.6037 122.936 1432.47 1574.12 187.968 139.862 48.1055 26.7253 111.801 28.0615 867.681 682.385 117.591 81.9575 97.1018 564.794 73.0491 41254.5
internal_count=44801 3914 2513 2478 1401 525 191 876 72 122 84 2056 163 69 804 1893 422 314 108 60 251 63 487 383 66 46 218 317 41 40887
is_linear=0
shrinkage=0.03


Tree=192
num_leaves=31
num_cat=0
split_feature=24 21 3 47 8 5 4 34 24 24 22 24 9 12 5 3 42 3 30 18 9 6 4 9 22 15 22 48 3 11
split_gain=3.62538 6.32665 5.62459 5.32658 4.62619 3.68915 7.84912 7.35949 14.6152 7.24645 8.77461 4.19561 15.1968 14.4719 9.2218 6.97496 3.77421 3.68177 3.30479 5.92219 5.50556 5.53807 5.11508 4.59699 4.02442 4.0595 3.26721 4.76482 10.8015 10.1727
threshold=-0.59869031648930193 4.0828319276672795 5.932500000000001 25.207450000000005 9.7502500000000012 30.939150000000001 27.611250000000002 11.785196143250792 -0.16905184689101435 -0.55657520495441892 0.37940952255126054 -0.55657520495441892 11.144150000000002 20.975650000000005 31.169750000000004 7.2235000000000005 0.31441150459491679 8.3685000000000027 20.164100000000005 -0.74344327174528402 12.0174 19.956050000000001 22.364550000000005 12.202050000000002 0.25881904510252091 23.211112731636842 0.60355339059327384 0.21653819744390551 8.2755000000000027 16.871750000000002
decision_type=2 2 2 2 8 10 8 2 2 2 2 2 10 2 10 2 2 2 2 2 10 8 10 10 2 2 2 2 2 2
left_child=17 3 -3 5 -4 6 9 -8 16 10 -2 12 14 15 -7 -14 -9 -1 20 -20 26 23 -21 -22 -24 -26 -13 28 -28 -30
right_child=1 2 4 -5 -6 11 7 8 -10 -11 -12 18 13 -15 -16 -17 -18 -19 19 22 21 -23 24 -25 25 -27 27 -29 29 -31
leaf_value=0.000179045207199977 0.015522598230285147 -0.024131643104899202 -0.013040057573674043 -0.013521228869216632 0.00483792009317558 0.028903711138501653 -0.029725032464348437 -0.0072085700415920762 0.028121294711847458 -0.0022784359957348467 -0.0029949831967210228 -0.00041047937462195981 -0.02113205412294037 -0.0028699933516954596 -0.00018559794599445404 -0.0059965638057644039 -0.02293565761559287 0.0025113058690219739 0.0019626377354183839 0.0086320747025856095 -0.013650015592299869 -0.00010706178002308875 -0.00015365494861022504 -0.0013652822309147925 -0.008721941720749405 -0.0014440724233291847 0.00043329070173211504 0.001468210466863958 -0.001563409065619191 -0.0095861792529757951
leaf_weight=14364.837191998959 47.66007998585701 16.480588406324387 25.389014571905136 26.279857188463211 24.943593263626099 8.9084261655807477 13.362639248371122 73.494515866041183 8.9084261655807477 588.40154823660851 43.205866903066635 17992.793747931719 74.830779790878296 245.87256217002869 969.23676681518555 44.542130827903748 16.480588406324387 635.17078560590744 1679.6837535202503 46.769237369298935 76.612465023994446 115.80954015254974 669.46822634339333 42.760445594787598 115.36411884427071 170.59636107087135 4441.7412861585617 2308.6186408102512 686.39423605799675 178.61394461989403
leaf_count=17052 107 31 57 59 44 20 12 159 14 1201 58 15096 42 138 799 25 37 697 1122 105 43 65 930 24 256 263 4233 1493 452 200
internal_value=-0.000104396 -0.000290897 -0.00944413 -0.00027066 -0.00425853 -0.000258862 -0.00227908 -0.00959167 -0.00660059 -0.00105838 0.00678091 -0.000205252 -0.00184304 -0.00705559 0.000108581 -0.0155812 -0.0103097 0.000277965 -0.000128059 0.000874128 -0.000232091 -0.00479148 -0.000950353 -0.00929741 -0.00142796 -0.00440032 -0.000190032 0.000330803 -0.000164192 -0.00322917
internal_weight=45753.2 30753.2 66.8132 30686.4 50.3326 30660.1 791.514 112.246 98.8835 679.267 90.8659 29868.6 1343.39 365.245 978.145 119.373 89.9751 15000 28525.2 2681.88 25843.3 235.182 1002.2 119.373 955.429 285.96 25608.2 7615.37 5306.75 865.008
internal_count=44834 27085 132 26953 101 26894 1588 222 210 1366 165 25306 1024 205 819 67 196 17749 24282 2676 21606 132 1554 67 1449 519 21474 6378 4885 652
is_linear=0
shrinkage=0.03


Tree=193
num_leaves=31
num_cat=0
split_feature=7 24 18 6 35 21 11 40 24 41 27 24 49 8 9 3 42 22 6 43 21 7 35 48 34 9 49 8 3 40
split_gain=2.98953 4.63497 7.9633 4.30639 5.92309 5.81052 10.4951 4.12627 5.23208 5.13508 4.04461 6.64926 5.55169 3.79378 4.34199 3.28232 2.89255 2.81121 2.78254 8.00623 6.61673 6.3422 4.60752 4.19007 6.46178 6.42846 10.1276 4.6415 5.02786 4.09716
threshold=31.918050000000004 0.79184907943689831 -0.19615069225100432 11.461350000000001 0.16765024621319274 -2.2658354422425107 16.360800000000001 15.494243358136659 0.12225609522135446 9.3584000000000014 20.298700000000004 0.13930990466364487 31.366600000000002 10.125750000000002 9.8228500000000025 6.2765000000000013 0.3408601530357212 -0.9159756150367534 13.938500000000003 0.14618192018404305 -1.1833827594762398 31.915050000000004 0.10886198660502298 0.18037632622322639 13.984365151515718 10.937450000000002 31.862350000000003 12.047600000000001 6.424500000000001 16.747602794425649
decision_type=10 2 2 8 2 2 2 2 2 2 2 2 2 8 10 2 2 2 8 2 2 10 2 2 2 8 2 10 2 2
left_child=1 3 17 4 5 6 -1 8 -7 -9 11 -11 -13 14 -6 -2 -10 -3 19 21 22 23 -21 24 29 27 -27 28 -25 -5
right_child=15 2 -4 18 13 7 -8 9 16 10 -12 12 -14 -15 -16 -17 -18 -19 -20 20 -22 -23 -24 25 -26 26 -28 -29 -30 -31
leaf_value=0.0040469166024767805 -0.0006336258459670183 -0.0010393169672994293 -0.00073609901795854561 -0.00070530244745956115 -0.00034643953808748639 -0.013382567537993139 -0.016370043879940059 -0.015330350755188869 -0.00099579387942807357 -0.015307036110289071 0.0040746462643641143 -0.016586981655322412 0.002827895384761081 0.0045741921941566286 -0.013743405076707696 0.00058844712165558337 0.0064892785438223069 -0.0086851744274504469 -7.6449230743939824e-05 0.01166601534324203 0.0010775978046346697 -0.015833087940669809 0.0039527152027382176 -0.0077556995789998034 0.023858762922389733 -0.0050776868135847687 -0.038879273187156435 -0.008564922325563492 0.00122287365583679 0.013139801876162274
leaf_weight=32.515755504369736 2394.5849533081055 57.013927459716797 904.20525580644608 110.46448445320129 805.32172536849976 27.616121113300323 71.267409324645996 40.978760361671448 420.47771501541138 45.87839475274086 44.987552136182785 15.58974578976631 65.031511008739471 142.53481864929199 21.380222797393799 11349.780356258154 51.22345045208931 182.62273639440536 27159.56427231431 90.420525580644608 885.4975608587265 25.389014571905136 302.44106832146645 64.140668392181396 12.02637532353401 36.524547278881073 9.3538474738597852 64.140668392181396 404.88796922564507 22.271065413951874
leaf_count=22 2961 35 509 233 881 20 43 29 524 28 32 11 53 122 12 10628 31 107 26874 71 980 18 250 36 27 79 12 36 228 50
internal_value=5.26353e-06 -0.000153192 -0.00202771 -8.39e-05 -0.001514 -0.00339634 -0.00999574 -0.00242142 -0.000926951 -0.00591279 -0.00358653 -0.00632169 -0.00108359 7.17698e-05 -0.000709098 0.000375503 -0.000170959 -0.00687796 3.59986e-06 0.00107538 0.00251784 -0.00138595 0.00575311 -0.000858046 0.00369064 -0.00199962 -0.0126516 -0.00106106 -1.88536e-05 0.00169858
internal_weight=45860.1 32115.8 1143.84 30971.9 1784.8 815.566 103.783 711.783 499.317 212.466 171.487 126.5 80.6213 969.237 826.702 13744.4 471.701 239.637 29187.1 2027.56 1278.36 749.199 392.862 723.81 144.762 579.048 45.8784 533.169 469.029 132.736
internal_count=44942 31353 651 30702 1808 793 65 728 575 153 124 92 64 1015 893 13589 555 142 28894 2020 1301 719 321 701 310 391 91 300 264 283
is_linear=0
shrinkage=0.03


Tree=194
num_leaves=31
num_cat=0
split_feature=42 47 21 47 5 4 4 21 22 23 12 5 42 5 34 21 23 11 47 41 18 23 31 4 3 31 41 27 27 33
split_gain=3.54504 4.8342 5.58661 4.5416 4.14548 3.05856 2.88944 6.26979 7.7569 8.66339 7.4352 3.02185 6.71732 8.68792 8.94342 6.44659 5.22093 4.60525 6.49835 13.5082 15.5238 11.086 6.63348 10.6015 6.99938 4.19387 5.95616 10.0361 11.2349 10.3027
threshold=0.60026915830353367 9.0761000000000021 -1.3550725497127141 9.2000000000000011 30.586450000000003 29.723050000000004 28.388850000000001 -1.0543715430789147 -0.60355339059327362 -0.3794095225512602 14.611860520841178 31.969450000000005 0.57590456415580438 31.827550000000006 20.490368044078497 -0.60509666710886367 0.25881904510252057 26.043850000000003 10.948000000000002 11.574200000000003 -1.3093539246376584 -0.60355339059327384 13.129766115702767 22.303450000000002 7.2535000000000007 9.1860500000000016 8.6097500000000018 16.604250000000004 16.258250000000004 0.0063000529098527153
decision_type=2 2 2 2 10 10 8 2 2 2 2 10 2 8 2 2 2 2 2 2 2 2 2 10 2 2 2 2 2 2
left_child=5 -2 -3 -4 -5 6 11 8 -8 -10 -9 12 25 14 15 -14 -17 18 -13 20 21 -20 -22 24 -24 26 -1 28 29 -28
right_child=1 2 3 4 -6 -7 7 10 9 -11 -12 17 13 -15 -16 16 -18 -19 19 -21 22 -23 23 -25 -26 -27 27 -29 -30 -31
leaf_value=-0.00056598622004205618 -0.010879682750494049 0.0094282918254225759 -0.0082153380262055854 0.013388273655048128 0.0013590537089193124 -0.0061775651825262132 0.022562772775303223 -0.052835308762146919 -0.0088355073257362759 0.011153182686333788 0.00071441194425974025 0.00064818723605098794 -0.0041961346565458756 0.00036769646610222126 0.00078071191660652084 -0.019957201569557811 -0.0073481111051910877 0.002922232830708942 -0.028732616262778732 -3.3944481509361984e-05 0.00070739905317165365 -0.0034187603079671139 -0.034847842938338008 -0.0030965743821473372 -0.003440570397258464 -3.4506481978244917e-05 -0.027794183550257968 0.005381711563216574 -0.02272366222142231 -0.0034254124049255905
leaf_weight=3475.1770471930504 26.725278496742249 79.730414181947708 42.760445594787598 25.389014571905136 1158.5408228337765 72.158251941204071 24.498171955347061 1.3362639248371113 30.734070271253586 49.887186527252197 2141.5856502056122 5979.3356423377991 95.32015997171402 296.20517000555992 97.547266513109207 70.376566708087921 53.450556993484497 615.57224804162979 43.205866903066635 1051.6397088468075 138.52602687478065 24.498171955347061 18.707694947719578 71.267409324645996 9.7992687821388227 29336.783627182245 15.144324481487272 92.647632122039795 30.288648962974548 503.77149966359138
leaf_count=2354 15 47 24 57 720 162 28 3 45 55 2402 3794 55 191 99 41 30 368 34 1860 308 34 36 40 22 31540 10 112 26 324
internal_value=-2.71652e-06 0.00152096 0.00178277 0.00127856 0.0016281 -4.85619e-05 -3.84319e-05 0.0010092 0.00812742 0.00351829 0.000656391 -9.45031e-05 -0.000217424 -0.00332715 -0.00677324 -0.0101239 -0.0146169 0.000432019 0.00022272 -0.00165022 -0.00718664 -0.0197561 -0.00354787 -0.00940425 -0.0245341 -0.000160353 -0.00105688 -0.00370968 -0.00525034 -0.0041887
internal_weight=45672.6 1333.15 1306.42 1226.69 1183.93 44339.5 44267.3 2248.04 105.119 80.6213 2142.92 42019.3 34066.7 612.9 316.695 219.147 123.827 7952.55 7336.98 1357.64 306.004 67.704 238.3 99.7744 28.507 33453.8 4117.03 641.852 549.204 518.916
internal_count=44836 863 848 801 777 43973 43811 2533 128 100 2405 41278 34782 416 225 126 71 6496 6128 2334 474 68 406 98 58 34366 2826 472 360 334
is_linear=0
shrinkage=0.03


Tree=195
num_leaves=31
num_cat=0
split_feature=4 21 22 22 4 5 3 25 24 7 22 22 18 21 27 8 12 9 48 32 48 4 9 32 22 9 33 24 8 3
split_gain=2.78673 5.43137 11.4244 4.95675 4.76934 6.56363 5.64888 4.26819 7.14318 6.07686 3.60757 3.30002 4.62397 8.77882 8.69946 5.61806 8.80281 7.84415 6.61947 4.59185 6.16169 9.913 4.65917 5.1579 4.1414 4.10291 8.63522 11.0719 6.22554 5.97775
threshold=28.435350000000003 -1.0543715430789147 -0.60355339059327362 0.78656609248549325 29.345750000000006 30.263050000000003 6.5775000000000015 -0.6905596507703472 -0.76694339346796603 31.586850000000002 0.25881904510252091 0.37940952255126054 -1.9928895841584156 -3.5720357350769709 22.236450000000001 9.4349500000000024 11.601767355372173 9.1778500000000012 0.25364697543579867 22.173266666666667 0.30115511551155122 23.815850000000001 11.217750000000001 26.4404 -0.9159756150367534 9.8228500000000025 0.099613131664456747 0.12225609522135446 10.087600000000002 6.6395000000000008
decision_type=8 2 2 2 8 10 2 2 2 8 2 2 2 2 2 8 2 10 2 2 2 10 10 2 2 10 2 2 10 2
left_child=11 2 -2 10 5 6 -3 -6 -9 -10 -4 12 13 14 -1 18 24 -18 -15 -19 -21 -22 -23 -24 -17 -14 27 -27 -28 -30
right_child=1 4 3 -5 7 -7 -8 8 9 -11 -12 -13 25 15 -16 16 17 19 -20 20 21 22 23 -25 -26 26 28 -29 29 -31
leaf_value=-0.0014517590756308748 0.025811305101110828 -0.0093919617852925574 0.0051645407716318188 0.010010916613954752 0.0031812699586702214 0.0008347594400064948 0.013069384438861527 0.0025770664738921428 0.0023101796097042908 -0.012606854401367162 -0.013614741419783123 0.00025240293228280308 7.6068440078570362e-06 -0.00013627537041730102 -0.024339515848549102 -0.00021216126962360438 -0.017537033792281189 -0.012118319317536777 -0.023250159137952257 0.0071566485239457252 -0.01771036727246747 0.00098735042253130477 -0.015167608480742313 -0.0018542948244839586 0.017307136691124752 -6.6789431084977557e-05 -0.015337611273029485 -0.0096984542048768486 -0.0051721421122589853 -0.0012016426419878547
leaf_weight=28.506963729858398 23.161908030509949 11.135532706975935 15.144324481487272 33.406598120927811 73.494515866041183 2023.1035822033882 65.476932317018509 69.931145399808884 31.624912887811661 105.11942875385284 20.934801489114761 16358.988389164209 19141.089880675077 21.825644105672836 30.734070271253586 19.153116255998611 26.725278496742249 32.070334196090698 21.825644105672836 78.394150257110596 32.070334196090698 365.69089409708977 35.633704662322998 93.093053430318832 32.070334196090698 5193.612454533577 33.852019429206848 108.68279922008514 507.78029143810272 1039.1679122149944
leaf_count=19 31 25 25 36 165 1926 147 133 71 236 26 15832 21637 31 21 13 45 18 25 44 18 206 20 53 48 2933 19 61 285 584
internal_value=-2.73805e-05 0.000951929 0.008039 0.00183275 0.000672772 0.00116364 0.00972571 -0.00299705 -0.00519882 -0.00916526 -0.00580539 -8.34503e-05 -0.00028814 -0.00250796 -0.0135328 -0.00163026 -0.000984019 -0.00191452 -0.0119551 -0.00123257 -0.000636364 -0.00180811 -0.000742948 -0.00562815 0.0108778 -0.00021829 -0.000846391 -0.000266004 -0.00279172 -0.00250744
internal_weight=45673.5 2472.53 92.6476 69.4857 2379.89 2099.72 76.6125 280.17 206.675 136.744 36.0791 43201 26842 817.794 59.241 758.552 714.901 663.678 43.6513 636.952 604.882 526.488 494.418 128.727 51.2235 26024.2 6883.1 5302.3 1580.8 1546.95
internal_count=44733 2821 118 87 2703 2098 172 605 440 307 51 41912 26080 561 40 521 465 404 56 359 341 297 279 73 61 25519 3882 2994 888 869
is_linear=0
shrinkage=0.03


Tree=196
num_leaves=31
num_cat=0
split_feature=35 6 33 9 23 21 21 23 23 3 35 15 29 6 17 43 9 21 40 4 46 28 30 33 8 19 24 9 16 24
split_gain=3.66238 3.53032 6.49295 10.1469 10.5928 8.44781 7.08609 11.3836 8.10045 6.40273 6.1819 5.64158 5.48612 5.46845 5.29608 5.18152 4.94463 4.74847 4.22789 4.1415 4.12762 4.05167 6.16946 5.68308 3.37356 3.34011 4.65979 3.70621 5.00772 10.2976
threshold=0.10562041690754137 16.615900000000003 0.21869445961584758 12.942850000000002 0.25881904510252057 -1.6703648857193636 -0.70570749648519271 0.78656609248549303 1.0000000180025095e-35 7.8305000000000016 1.2462174265659585 25.041119735973599 17.519150000000003 21.528850000000002 0.2488679867986798 -0.0041826996636213877 8.8020500000000013 3.7511450528144734 18.11472482176686 28.435350000000003 0.23592343373742938 14.612210520841179 13.409309504132349 0.64304433491530533 9.8388000000000009 2.4251510015544642 0.78122766944679256 10.426150000000002 16.161392148760552 0.22386011952790016
decision_type=2 8 2 8 2 2 2 2 2 2 2 2 2 8 2 2 10 2 2 8 2 2 2 2 10 2 2 8 2 2
left_child=25 15 -3 6 13 12 7 8 9 20 -11 -10 -6 -5 -7 18 -9 19 -2 -17 -4 -15 23 -23 -24 -1 27 -27 29 -29
right_child=1 2 3 4 5 14 -8 16 11 10 -12 -13 -14 21 -16 17 -18 -19 -20 -21 -22 22 24 -25 -26 26 -28 28 -30 -31
leaf_value=-7.6750229882152548e-05 0.020304670011368171 0.00013090927464502028 -0.0064494088733560101 -0.016470280922119735 0.010775988458805093 0.014632740287806268 -0.00068044806171172075 -0.020726718723403953 0.0030772997976974167 0.006677156378424939 -0.009261987742198009 -0.0081495455650052642 0.03817240486355724 -0.012589460057509175 0.00072777770165933218 0.00065701071567843673 -0.0082061388775368609 -0.010134251174751304 0.0030405868123017038 0.013983570951922096 -0.015280201388406869 0.0047140569772728472 -0.017558246120142017 0.02869795081431115 -0.00099348116927461868 -0.0015783600547671348 -0.0083352308343371193 0.017150004962121872 -0.0005916504557625168 0.0013975202413205516
leaf_weight=12187.172415822744 20.489380180835724 17749.148292303085 156.78830051422119 19.153116255998611 15.589745789766313 35.633704662322998 581.27480730414391 49.887186527252197 192.42200517654419 53.450556993484497 35.633704662322998 49.887186527252197 12.02637532353401 19.598537564277649 75.721622407436371 8239.8487818539143 69.485724091529846 35.633704662322998 32.515755504369736 20.043958872556686 69.485724091529846 53.895978301763535 11.580954015254973 9.7992687821388227 93.093053430318832 3024.4106832146645 74.830779790878296 40.53333905339241 2398.5937450826168 373.2630563378334
leaf_count=12328 46 18194 88 43 32 80 327 28 108 30 20 28 27 41 167 7279 39 80 73 12 39 121 23 22 206 1702 90 79 2589 838
internal_value=-2.87348e-05 0.000188101 -3.43385e-05 -0.00186138 0.00268221 0.00905832 -0.0031122 -0.0051959 -0.00338286 -0.00654449 0.000269458 0.000741896 0.0236237 -0.00161892 0.005268 0.000703702 -0.0135673 0.000643322 0.0099665 0.000691039 -0.00921653 -2.64806e-05 0.00150157 0.00879044 -0.00297499 -0.000360616 -0.000945711 -0.000849562 -6.55379e-05 0.00297818
internal_weight=45800.9 27702.1 19353.6 1604.41 346.092 138.971 1258.32 677.04 557.667 315.358 89.0843 242.309 27.6161 207.121 111.355 8348.53 119.373 8295.53 53.0051 8259.89 226.274 187.968 168.369 63.6952 104.674 18098.8 5911.63 5836.8 2812.39 413.796
internal_count=44779 27153 19663 1469 762 306 707 380 313 177 50 136 59 456 247 7490 67 7371 119 7291 127 413 372 143 229 17626 5298 5208 3506 917
is_linear=0
shrinkage=0.03


Tree=197
num_leaves=31
num_cat=0
split_feature=42 5 44 33 9 4 8 25 50 6 40 27 42 3 3 40 3 5 9 33 18 5 25 25 44 4 5 5 33 5
split_gain=3.03779 3.40449 2.92238 2.712 9.97622 9.97349 7.15569 6.63946 5.37498 6.95771 5.23107 4.57464 8.39926 8.17739 7.10465 3.55632 3.48472 2.70559 4.32754 7.12343 7.7169 7.27464 7.04615 13.7663 10.168 8.73397 16.277 7.74966 7.2525 7.13611
threshold=0.60026915830353367 30.549250000000004 3.5073748662880093 0.64304433491530533 12.752850000000002 18.868900000000004 9.1740500000000029 -0.91939278948206182 31.872350000000001 11.839350000000001 17.577740215602372 15.680950000000001 0.27221709539739303 7.8965000000000005 7.3225000000000007 16.045417057906743 6.5475000000000003 31.969450000000005 12.942850000000002 0.10219512056198579 -2.3471022376237616 31.869050000000005 -0.99052477729077237 -0.95502570686053045 0.072406033989255936 19.309650000000001 31.869050000000005 31.207150000000002 0.035992925230765881 31.866050000000005
decision_type=2 10 2 2 8 8 10 2 2 10 2 2 2 2 2 2 2 10 8 2 2 10 2 2 2 8 8 10 2 8
left_child=2 -2 3 17 8 7 -7 15 9 -5 -8 13 -13 14 -10 -6 -12 18 22 -20 21 -21 24 27 -1 26 -26 -24 -25 -27
right_child=1 -3 -4 4 5 6 10 -9 11 -11 16 12 -14 -15 -16 -17 -18 -19 19 20 -22 -23 23 28 25 29 -28 -29 -30 -31
leaf_value=-0.016340799525894008 0.012916756293054547 0.0012270286798377417 -0.00073956816773002997 -0.020038587499962113 0.029368433087734933 -0.018450302976740062 0.016747446538372433 -0.001677798861517186 -0.0032003220175777945 -0.002906592132607968 0.0051163369238266046 0.011308586251007616 -0.003138657994388509 0.0022136551871707946 -0.019075365647331546 0.0095809766805795612 -0.010807928967661397 0.00061862717607391528 0.00014448718260659058 -0.026226943369385868 0.0026970564471129684 0.0060250591115966401 -0.019033057029874765 7.3640000284070205e-05 0.0057546873647165561 -0.0082288026584041735 -0.018711794451975315 0.0024398910759530794 -0.0011472063675617653 -0.00058308432278364117
leaf_weight=42.760445594787598 21.825644105672836 1318.4470725059509 4581.6035769581795 39.197075128555298 22.271065413951874 16.480588406324387 17.371431022882462 14.698903173208235 49.887186527252197 46.323816061019897 26.725278496742249 48.550922602415085 133.62639248371124 64.586089700460434 51.668871760368347 14.698903173208235 21.380222797393799 7136.0947799384594 6707.5994813740253 15.144324481487276 1496.6155958175659 9.7992687821388227 14.253481864929197 13380.456100702286 37.415389895439148 117.59122538566589 67.704038858413696 1996.378303706646 6508.9415778815746 1496.6155958175659
leaf_count=24 49 818 8336 22 50 28 36 33 28 26 57 28 75 37 29 33 45 5167 12956 34 3267 22 8 7600 21 66 38 1134 3669 840
internal_value=2.03564e-05 0.00142688 -2.23475e-05 6.06602e-05 -0.00199653 0.0051448 -0.0013848 0.0153317 -0.00420289 -0.0108996 0.00312353 -0.00253219 0.000752302 -0.00611664 -0.0113843 0.0219607 -0.00203708 9.06226e-05 -2.75411e-05 0.000565009 0.00241751 -0.0138127 -0.000233632 -8.67435e-05 -0.00205814 -0.00169364 -0.0100312 0.00227828 -0.000325928 -0.00114481
internal_weight=45516.7 1340.27 44176.4 39594.8 567.467 133.626 81.9575 51.6689 433.84 85.5209 65.4769 348.319 182.177 166.142 101.556 36.97 48.1055 39027.4 31891.3 8229.16 1521.56 24.9436 23662.1 21900 1762.09 1719.33 105.119 2010.63 19889.4 1614.21
internal_count=44576 867 43709 35373 527 282 166 116 245 48 138 197 103 94 57 83 102 34846 29679 16279 3323 56 13400 12411 989 965 59 1142 11269 906
is_linear=0
shrinkage=0.03


Tree=198
num_leaves=31
num_cat=0
split_feature=27 22 35 21 46 21 8 9 24 22 35 24 3 5 44 3 22 35 9 41 4 21 8 23 24 4 23 3 34 22
split_gain=3.36438 4.22717 3.19302 3.86943 5.37721 3.51722 8.05762 5.80076 6.53664 4.90028 5.2227 3.41057 5.24045 4.17223 3.65152 3.84641 4.36216 4.29564 3.51963 7.66538 8.46732 3.89392 7.57589 4.07866 3.95326 34.8266 32.5423 24.0194 12.9181 12.4859
threshold=29.723850000000002 0.12940952255126045 0.11203249826129395 4.0828319276672795 0.18535842059796451 -3.9639236726700369 12.047600000000001 7.4742000000000006 0.48030317736429479 1.0000000180025095e-35 1.0442689787441404 0.79184907943689831 7.9095000000000004 32.010550000000002 3.5073748662880093 7.8425000000000002 0.98296291314453421 3.3184288921084821 8.5879500000000011 8.7103500000000018 9.3229500000000005 -1.9800801854714487 20.545200000000005 0.37940952255126048 0.22386011952790016 19.008500000000002 -0.78656609248549325 6.8895000000000008 15.069100000000004 -0.78656609248549292
decision_type=2 2 2 2 2 2 8 10 2 2 2 2 2 10 2 2 2 2 10 2 10 2 10 2 2 8 2 2 2 2
left_child=2 -2 -1 5 -5 6 7 -4 9 -9 -11 14 -13 -14 15 16 18 -17 21 -20 -21 22 23 -7 28 -26 27 -27 29 -23
right_child=1 -3 3 4 -6 11 -8 8 -10 10 -12 12 13 -15 -16 17 -18 -19 19 20 -22 24 -24 -25 25 26 -28 -29 -30 -31
leaf_value=-0.00029997775377844726 -0.00040661841692069109 -0.01520986547318904 0.011483920793818126 -0.021001758293151561 -0.0023187507632291492 0.00078870886714238128 -0.014168317624240074 -0.012050613166896674 0.0023148920876056704 0.0037628718859910619 -0.0078745596279931763 -0.00029639665259089586 -0.0084530714938551316 -0.00065486838151404732 -0.00071394476558005974 0.0014832620848246796 0.0028693307209519299 -0.0065366958420041248 -0.0063354507292106774 0.052345087633670823 -1.8247257921932089e-06 -0.0041036784100277508 0.025552464673654518 0.0045998971639549047 0.00060591875416120657 -0.063180882324908941 -0.0053523264460091759 -0.018132852374163282 0.00033353777004134445 0.0084808120205609218
leaf_weight=18501.019460678101 42.31502428650856 28.506963729858398 29.843227654695511 16.480588406324387 68.594881474971771 718.46457025408745 45.87839475274086 69.485724091529846 169.26009714603424 65.922353625297546 71.267409324645996 1089.9459413588047 142.53481864929199 108.68279922008514 2589.2340650260448 3688.9792751669884 576.37517291307449 60.131876617670059 172.82346761226654 1.7816852331161488 11857.560647696257 88.19341903924942 11.580954015254973 389.29822343587875 2406.6113286316395 15.58974578976631 146.09818911552429 33.406598120927811 2241.3600232601166 351.43741223216057
leaf_count=17950 95 64 67 37 142 1010 31 39 95 37 40 620 80 61 4148 3056 565 39 97 1 6725 198 26 631 2784 35 325 75 5032 774
internal_value=-6.06593e-06 -0.00649397 4.12414e-06 0.000210769 -0.00613992 0.000230901 -0.00239144 -0.00102836 -0.00204946 -0.00561766 -0.00229578 0.000275365 -0.00119843 -0.00509535 0.000353385 0.000474834 0.000301603 0.00135292 0.000221168 -8.12156e-05 1.04524e-05 0.000789399 0.00239592 0.00213101 0.000448607 -0.000384425 -0.0125417 -0.0334433 0.00125684 0.00595268
internal_weight=45798.7 70.822 45727.8 27226.8 85.0755 27141.7 451.657 405.779 375.936 206.675 137.19 26690.1 1341.16 251.218 25348.9 22759.7 19010.6 3749.11 18434.2 12032.2 11859.3 6402.04 1119.34 1107.76 5282.7 2601.71 195.095 48.9963 2680.99 439.631
internal_count=44879 159 44720 26770 179 26591 309 278 211 116 77 26282 761 141 25521 21373 18278 3095 17713 6823 6726 10890 1667 1641 9223 3219 435 110 6004 972
is_linear=0
shrinkage=0.03


Tree=199
num_leaves=31
num_cat=0
split_feature=23 25 3 21 25 22 7 9 33 24 15 33 35 30 47 9 9 43 41 9 9 33 21 8 21 33 35 28 35 3
split_gain=3.86599 7.9051 5.56754 5.5506 6.81977 17.722 5.26092 5.21243 9.6691 14.5631 13.3123 5.86786 4.90765 4.61325 4.99161 4.43159 4.35272 4.32894 6.02444 7.06762 6.40446 5.90912 8.34271 5.08772 6.16128 4.77004 8.68077 9.813 4.20003 4.1956
threshold=-0.70710678118654757 -0.99996069798976184 6.4975000000000014 0.86422784876024228 -0.99966479353140603 -0.78656609248549292 31.918050000000004 7.9458000000000011 0.25887020686050383 0.24059136628141839 18.6000113033577 0.075135876916426245 0.26212351287131569 10.971516528925664 10.112500000000002 7.1201500000000015 8.8020500000000013 0.0075733597625639226 10.242750000000003 9.1915500000000012 9.7007500000000011 0.34970457627355567 0.73164503939126668 7.7908500000000007 -0.91479823885397049 0.035321608117428384 0.0085722031396061205 13.659050000000002 1.3501273291759845 8.2755000000000027
decision_type=2 2 2 2 2 2 10 10 2 2 2 2 2 2 2 8 10 2 2 8 8 2 2 10 2 2 2 2 2 2
left_child=1 12 3 7 5 -5 -4 8 -2 10 -10 -9 -1 16 28 -3 -13 23 20 -20 -19 -22 -23 29 -25 -26 27 -27 -15 -8
right_child=2 15 6 4 -6 -7 17 11 9 -11 -12 13 -14 14 -16 -17 -18 18 19 -21 21 22 -24 24 25 26 -28 -29 -30 -31
leaf_value=-0.0022138158832659045 0.00066270205261160164 -0.0077108388642625819 0.000125904565741234 -0.042563527728174032 -0.0015691865364931968 0.0070026373542477092 0.0029462429461281094 -0.00016253784086256337 0.043741952217525443 -8.2514624889383988e-05 0.011234192557415488 -0.0043082099969655591 -0.018893492715137902 0.0033812810691488003 -0.0048709027989886468 -0.0003472628299410854 -0.014161013291522985 0.0018752701311262393 -0.010344063981505492 0.00074773755391203283 0.0048837111102357014 0.030009409580847728 -0.0040077905869045942 -2.8353465274534379e-05 -0.00079232693731912064 -0.027566949226457603 -0.002798141930231526 -0.005005194055887746 -0.0050956825082754892 -0.0024788621357734741
leaf_weight=30.734070271253586 2219.5343791544437 73.049094557762146 16824.899077624083 11.580954015254976 2168.7563500106335 12.917217940092085 628.04404467344284 4460.4489811062813 14.698903173208235 72.603673249483109 44.987552136182785 179.95020854473114 32.515755504369736 206.67548704147339 212.02054274082184 11136.423549592495 51.668871760368347 2317.972488284111 51.668871760368347 2823.9710944890976 412.90555277466774 18.707694947719578 9.3538474738597852 1026.2506942749023 153.67035135626793 33.852019429206848 113.58243361115456 35.633704662322998 69.485724091529846 160.35167098045349
leaf_count=21 4143 41 16236 26 2613 29 369 2544 33 133 101 101 34 116 119 10977 29 1301 29 3601 714 39 21 738 276 25 78 20 39 90
internal_value=2.59099e-05 -0.000456112 0.000184168 -0.000423501 -0.00175129 -0.017179 0.000424305 -3.66814e-05 0.0011343 0.00898236 0.0198287 -0.000568422 -0.0109492 -0.00307988 -0.00141985 -0.000395933 -0.00655757 0.00106903 0.00150606 0.000544916 0.00250731 0.00581789 0.0189226 -7.57616e-05 -0.00118507 -0.00469976 -0.0079576 -0.016232 0.00123768 0.00184109
internal_weight=45608.9 11272.7 34336.2 9725.33 2193.25 24.4982 24610.9 7532.07 2351.82 132.29 59.6865 5180.25 63.2498 719.801 488.182 11209.5 231.619 7785.96 5634.58 2875.64 2758.94 440.967 28.0615 2151.38 1362.99 336.739 183.068 69.4857 276.161 788.396
internal_count=44636 11073 33563 10026 2668 55 23537 7358 4410 267 134 2948 55 404 274 11018 130 7301 5705 3630 2075 774 60 1596 1137 399 123 45 155 459
is_linear=0
shrinkage=0.03


end of trees

feature_importances:
sin_doy=674
diff_to_surf=431
surf_temp_roll_std_6=428
climatology_diff_linear=367
cos_doy=330
deep_temp_8=305
surf_psal=283
effective_depth=273
surf_temp=263
deep_temp_8_val=206
sin_hour=179
deep_temp_6=177
bot_psal=158
gradient_surf_to_deep6=150
cos_hour=136
gradient_surf_to_deep8=112
surf_temp_val=101
surf_temp_lag2=101
bot_temp_roll_std_6=97
grad_deep_5_6=95
bot_temp=83
vertical_mean_boundary=83
deep_temp_6_val=81
vertical_linear_interp=78
climatology_temp=73
curved_profile_estimate=72
surf_psal_val=62
depth_rel_thermocline=56
surf_temp_roll_mean_6=51
bot_temp_roll_mean_6=51
thermocline_sharpness=50
bot_temp_lag2=45
bot_temp_val=44
stratification_index=44
thermocline_intensity_proxy=40
vertical_temp_diff_span=38
diff_to_bot=35
grad_ratio_deep_shallow=35
rel_depth_pos=24
surf_temp_lag1=22
surf_temp_lag6=16
bot_psal_val=14
mid_layer_curvature_weight=11
bot_temp_lag1=9
vertical_gradient=8
bot_temp_lag6=8
is_thermocline_season=1

parameters:
[boosting: gbdt]
[objective: regression]
[metric: rmse]
[tree_learner: serial]
[device_type: cpu]
[data_sample_strategy: bagging]
[data: ]
[valid: ]
[num_iterations: 200]
[learning_rate: 0.03]
[num_leaves: 31]
[num_threads: 10]
[seed: 42]
[deterministic: 0]
[force_col_wise: 0]
[force_row_wise: 0]
[histogram_pool_size: -1]
[max_depth: -1]
[min_data_in_leaf: 20]
[min_sum_hessian_in_leaf: 0.001]
[bagging_fraction: 0.8]
[pos_bagging_fraction: 1]
[neg_bagging_fraction: 1]
[bagging_freq: 1]
[bagging_seed: 400]
[bagging_by_query: 0]
[feature_fraction: 0.8]
[feature_fraction_bynode: 1]
[feature_fraction_seed: 30056]
[extra_trees: 0]
[extra_seed: 12879]
[early_stopping_round: 0]
[early_stopping_min_delta: 0]
[first_metric_only: 0]
[max_delta_step: 0]
[lambda_l1: 0]
[lambda_l2: 1]
[linear_lambda: 0]
[min_gain_to_split: 0]
[drop_rate: 0.1]
[max_drop: 50]
[skip_drop: 0.5]
[xgboost_dart_mode: 0]
[uniform_drop: 0]
[drop_seed: 17869]
[top_rate: 0.2]
[other_rate: 0.1]
[min_data_per_group: 100]
[max_cat_threshold: 32]
[cat_l2: 10]
[cat_smooth: 10]
[max_cat_to_onehot: 4]
[top_k: 20]
[monotone_constraints: ]
[monotone_constraints_method: basic]
[monotone_penalty: 0]
[feature_contri: ]
[forcedsplits_filename: ]
[refit_decay_rate: 0.9]
[cegb_tradeoff: 1]
[cegb_penalty_split: 0]
[cegb_penalty_feature_lazy: ]
[cegb_penalty_feature_coupled: ]
[path_smooth: 0]
[interaction_constraints: ]
[verbosity: -1]
[saved_feature_importance_type: 0]
[use_quantized_grad: 0]
[num_grad_quant_bins: 4]
[quant_train_renew_leaf: 0]
[stochastic_rounding: 1]
[linear_tree: 0]
[max_bin: 255]
[max_bin_by_feature: ]
[min_data_in_bin: 3]
[bin_construct_sample_cnt: 200000]
[data_random_seed: 175]
[is_enable_sparse: 1]
[enable_bundle: 1]
[use_missing: 1]
[zero_as_missing: 0]
[feature_pre_filter: 1]
[pre_partition: 0]
[two_round: 0]
[header: 0]
[label_column: ]
[weight_column: ]
[group_column: ]
[ignore_column: ]
[categorical_feature: ]
[forcedbins_filename: ]
[precise_float_parser: 0]
[parser_config_file: ]
[objective_seed: 16083]
[num_class: 1]
[is_unbalance: 0]
[scale_pos_weight: 1]
[sigmoid: 1]
[boost_from_average: 1]
[reg_sqrt: 0]
[alpha: 0.9]
[fair_c: 1]
[poisson_max_delta_step: 0.7]
[tweedie_variance_power: 1.5]
[lambdarank_truncation_level: 30]
[lambdarank_norm: 1]
[label_gain: ]
[lambdarank_position_bias_regularization: 0]
[eval_at: ]
[multi_error_top_k: 1]
[auc_mu_weights: ]
[num_machines: 1]
[local_listen_port: 12400]
[time_out: 120]
[machine_list_filename: ]
[machines: ]
[gpu_platform_id: -1]
[gpu_device_id: -1]
[gpu_use_dp: 0]
[num_gpu: 1]

end of parameters

pandas_categorical:[]
