tree
version=v4
num_class=1
num_tree_per_iteration=1
label_index=0
max_feature_idx=50
objective=regression
feature_names=layer nominal_depth layer_num effective_depth surf_temp surf_psal bot_temp bot_psal deep_temp_6 deep_temp_8 rel_depth_pos surf_temp_val bot_temp_val bot_boundary_is_observed vertical_temp_diff_span vertical_linear_interp vertical_mean_boundary vertical_gradient diff_to_surf diff_to_bot climatology_temp climatology_diff_linear sin_hour cos_hour sin_doy cos_doy surf_temp_lag1 surf_temp_lag2 surf_temp_lag6 bot_temp_lag1 bot_temp_lag2 bot_temp_lag6 surf_temp_roll_mean_6 surf_temp_roll_std_6 bot_temp_roll_mean_6 bot_temp_roll_std_6 stratification_index thermocline_intensity_proxy is_thermocline_season mid_layer_curvature_weight curved_profile_estimate deep_temp_6_val gradient_surf_to_deep6 grad_deep_5_6 grad_ratio_deep_shallow thermocline_sharpness depth_rel_thermocline deep_temp_8_val gradient_surf_to_deep8 surf_psal_val bot_psal_val
feature_infos=none none none [5.8479999999999999:12.372] [7.3228999999999997:30.677499999999998] [27.997299999999999:32.382300000000001] [7.0111999999999997:29.565300000000001] [29.717199999999998:32.858800000000002] [7.0220000000000002:26.822500000000002] [7.0481999999999996:14.8957] [0.10858085808580854:0.53920792079207913] [7.3228999999999997:30.677499999999998] [7.0111999999999997:29.565300000000001] [0:1] [-12.096178958317646:16.148099999999999] [7.2702166732673268:29.873131009900987] [7.2551000000000005:29.704799999999999] [-0.798427654014366:1.0658811881188117] [-6.9260959603960401:4.3346637336439944] [-7.7615152246736514:10.596093359735974] [7.9072518712574853:26.942941077363894] [-12.330820035681539:6.054410758540822] [-1:1] [-1:1] [-0.9999994220246925:0.94319646595658657] [-0.99997919295908233:0.95629427721977189] [7.3228999999999997:30.677499999999998] [7.3228999999999997:30.677499999999998] [7.3228999999999997:30.677499999999998] [7.0111999999999997:29.565300000000001] [7.0111999999999997:29.565300000000001] [7.0111999999999997:29.565300000000001] [7.3426499999999999:30.6313] [0:7.8165918654079034] [7.0128499999999994:29.406149999999997] [0:5.8024530626843038] [0:16.148099999999999] [0:1.0658811881188117] [0:1] [0.38716422137263218:0.99999998257251466] [7.1946095080592096:29.657023793155961] [7.0220000000000002:27.854500000000002] [-0.46217475903862981:0.70908986042219391] [-0.76604955328359603:1.5161738970249607] [-2643.4558349450899:301851.34014921257] [-1.4224389922274905:1.4789644386931091] [-0.54831018366291795:0.63167516309899951] [7.0481999999999996:29.565300000000001] [-0.26792874295784097:0.40305446652047755] [27.997299999999999:32.382300000000001] [29.717199999999998:32.858800000000002]
tree_sizes=3372 3494 3474 3476 3486 3482 3495 3498 3483 3479 3480 3486 3475 3485 3494 3485 3483 3488 3490 3484 3467 3481 3472 3493 3486 3498 3489 3479 3483 3507 3501 3481 3479 3493 3487 3498 3491 3486 3484 3478 3465 3485 3506 3494 3483 3494 3489 3473 3481 3498 3501 3487 3491 3493 3490 3509 3496 3498 3515 3473 3515 3503 3532 3512 3498 3483 3464 3504 3510 3517 3503 3495 3470 3475 3495 3511 3480 3490 3499 3500 3507 3506 3515 3515 3506 3473 3503 3491 3511 3497 3487 3472 3471 3502 3494 3500 3500 3501 3485 3511 3479 3524 3479 3501 3487 3503 3530 3508 3503 3454 3460 3486 3504 3509 3497 3492 3499 3455 3483 3485 3485 3477 3489 3494 3490 3507 3496 3505 3521 3490 3493 3437 3479 3474 3480 3487 3490 3495 3492 3440 3509 3480 3494 3505 3444 3487 3503 3490 3486 3465 3485 3483 3486 3522 3508 3461 3441 3504 3482 3455 3482 3489 3460 3483 3474 3438 3509 3500 3494 3429 3478 3466 3492 3495 3485 3462 3440 3423 3478 3479 3422 3488 3441 3491 3453 3478 3454 3509 3486 3507 3449 3507 3502 3492 3507 3492 3478 3520 3488 3461

Tree=0
num_leaves=31
num_cat=0
split_feature=37 7 4 33 4 20 42 33 24 18 18 18 24 46 20 24 6 18 24 24 6 5 6 7 24 15 7 24 18 24
split_gain=11096.5 2343.01 2138.79 1420.13 1273.05 3312.09 1075.26 1241.28 551.92 539.126 532.291 448.06 390.221 418.102 311.508 305.246 293.443 275.761 239.338 205.414 269.044 194.755 190.13 248.237 175.654 172.042 153.181 150.287 138.021 128.885
threshold=0.37457398467115749 32.049950000000003 24.012450000000005 0.080131810163009576 24.012450000000005 19.263580471054485 0.094885992232860414 0.084130184833143676 -0.16905184689101435 -1.0486571254125401 -0.56427177129519979 -3.7571067194719467 -0.015050995721668367 0.32647714087384211 26.821530443686584 0.88469195212971963 7.8930500000000006 -2.3395070562960778 -0.77786766366919291 0.29033824002281988 7.8741500000000011 31.737750000000002 9.1690000000000023 31.917650000000005 -0.15207348400340251 21.338156597959934 31.642150000000004 0.053729698564148505 -3.209361959195602 -0.78856175031405207
decision_type=2 10 8 2 10 2 2 2 2 2 2 2 2 2 2 2 10 2 2 2 10 8 10 10 2 2 8 2 2 2
left_child=2 3 6 12 5 -4 15 10 25 18 19 24 17 26 -7 -1 21 29 -6 -8 -21 -9 -10 -24 -3 -5 -14 -13 -27 -2
right_child=1 11 4 8 9 14 7 16 22 -11 -12 27 13 -15 -16 -17 -18 -19 -20 20 -22 -23 23 -25 -26 28 -28 -29 -30 -31
leaf_value=0.67955780813894329 0.75317481214959348 0.77411572599580269 0.60076481389799163 0.79070254839270093 0.71763074873921884 0.85092633648045068 0.70264687974311757 0.68058238786688374 0.67464754971276497 0.69029298878565304 0.68400369662988492 0.74447306931621371 0.66141241295788489 0.61354409998354265 1.0341027664536362 0.66494026228780745 0.68372830913810556 0.72018264091712447 0.70325438728308198 0.6830236541389143 0.69954141707931583 0.65954930214197149 0.69039687605117062 0.71368315478748923 0.74140067189196945 0.73695242029928743 0.71663711092258009 0.72500511938885315 0.71089688555616704 0.73315894281423544
leaf_weight=8461.2231720685959 335.84766644239426 609.33634972572327 35.188283354043961 26.725278496742249 1457.4185206890106 14.698903173208235 4803.8688097894192 577.71143683791161 420.92313632369041 2471.642839640379 3084.9879811406136 1316.6653872728348 45.432973444461823 36.079125970602036 32.515755504369736 1517.9958186149597 1564.3196346759796 1694.8280780017376 3655.5726770460606 1426.239029109478 2346.4794520139694 1279.6954186856747 1511.7599202990532 565.23964020609856 201.33043134212494 217.81101974844933 1848.4984293580055 496.64475873112679 1131.3701230287552 2248.9321855008602
leaf_count=8544 352 369 67 36 2093 12 4281 787 333 3674 3959 1192 84 81 64 852 1532 1183 3719 1318 2106 923 1306 540 269 135 1483 692 779 1530
internal_value=0.69845 0.722242 0.689212 0.715667 0.703077 0.819645 0.68497 0.690026 0.701412 0.701795 0.694688 0.74749 0.724558 0.713348 0.981419 0.677331 0.674141 0.729609 0.707355 0.698533 0.693295 0.666078 0.693008 0.696738 0.766054 0.716662 0.715293 0.739159 0.715129 0.73578
internal_weight=45437 12707.4 32729.6 10083.4 7667.04 82.4029 25062.5 15083.3 3873.83 7584.63 11661.6 2623.98 6209.62 1930.01 47.2147 9979.22 3421.73 4279.61 5112.99 8576.59 3772.72 1857.41 2497.92 2077 810.667 1375.91 1893.93 1813.31 1349.18 2584.78
internal_count=44295 10364 33931 7842 9629 143 24302 14906 3129 9486 11664 2522 4713 1648 76 9396 3242 3065 5812 7705 3424 1710 2179 1846 638 950 1567 1884 914 1882
is_linear=0
shrinkage=1


Tree=1
num_leaves=31
num_cat=0
split_feature=37 7 20 11 33 42 33 18 18 18 24 24 47 24 8 24 18 6 40 6 7 24 6 37 33 24 24 24 5 18
split_gain=11169.8 2123.14 1954.9 4191.78 1313.46 1035.81 1069.09 575.999 466.743 428.876 386.482 324.84 459.614 321.023 318.884 306.141 231.526 220.132 217.162 215.799 209.262 204.805 236.365 201.87 196.859 183.606 180.593 177.492 156.483 130.079
threshold=0.37457398467115749 32.049950000000003 22.546463746066948 18.464550000000006 0.075914346470966579 0.094885992232860414 0.084130184833143676 -0.94703740484948262 -3.3780340066006587 -0.56427177129519979 -0.16905184689101435 -0.032247759394263838 12.145800000000001 -0.72101013194340913 7.5132500000000011 -0.77786766366919291 -2.5766539603960381 7.8930500000000006 18.947812670000513 9.1690000000000023 31.917650000000005 0.29033824002281988 7.8741500000000011 1.0000000180025095e-35 0.057401324026542112 -0.049434980436038223 0.019350803001866129 -0.15207348400340251 31.677850000000003 -3.209361959195602
decision_type=2 10 2 2 2 2 2 2 2 2 2 2 2 2 10 2 2 10 2 10 8 2 10 2 2 2 2 2 8 2
left_child=2 4 5 13 11 14 9 15 27 21 18 16 -13 -4 23 -5 -2 28 -6 -12 -21 -7 -23 -1 -17 -26 -14 -3 -8 -20
right_child=1 8 3 7 10 6 17 -9 -10 -11 19 12 26 -15 -16 24 -18 -19 29 20 -22 22 -24 -25 25 -27 -28 -29 -30 -31
leaf_value=-0.10661561380671952 0.039171038630254458 0.069468778880103041 0.34098638705071654 0.017604826183085124 0.093916015156274402 0.0042951872617872956 -0.016214208588195181 -0.0106524581907586 0.036660425250391725 -0.013857918200563101 -0.021708687512070609 0.020772100632484077 0.031315096813742047 0.158911105584532 -0.018470562932573542 0.006941182015471334 0.024941575314707028 -0.015177493457707053 0.03625258973898967 -0.004652256104620868 0.015923820896923166 -0.015099769308213492 0.00034247774095883692 -0.031081479004568716 -0.0027734992692967282 -0.037445478989043469 -0.045145072684745595 0.043016528203942382 -0.036814888118155524 0.011098403248794735
leaf_weight=31.624912887811661 1803.9562985301018 833.38326779007912 30.734070271253586 1601.7350245714188 31.179491579532623 4162.9075471758842 459.22936883568764 2535.3380867242813 1491.2705401182175 2853.8143221437931 439.63083127140999 1767.8771725594997 33.852019429206848 16.035167098045349 8168.5813725292683 3013.2751505076885 2419.0831252634525 1438.265404433012 218.7018623650074 1528.6859300136566 626.26235944032669 1405.7496489286423 2438.2362415194511 1751.8420054614544 1480.5804287195206 150.55240219831467 140.3077121078968 323.82129111886024 1218.6726994514465 1185.7115226387978
leaf_count=65 1302 539 66 2243 43 3262 647 4108 1593 3521 351 1281 76 12 8259 3273 1690 1345 131 1314 569 1317 2171 1053 1623 110 315 433 876 817
internal_value=0.000160993 0.0238717 -0.00913616 0.00292937 0.0176518 -0.0135875 -0.00831972 0.00140463 0.0477995 -0.00387446 0.00433222 0.0263568 0.0161888 0.283194 -0.0209841 0.00629958 0.0310278 -0.0238065 0.0168159 -0.00257884 0.00133209 -0.00031487 -0.00530723 -0.0324799 0.00239775 -0.00599468 -0.0301893 0.0621102 -0.0311897 0.0150385
internal_weight=45600.9 12843.7 32757.2 8828.25 10195.2 23928.9 13976.9 8781.48 2648.48 10860.7 4030.17 6165.08 1942.04 46.7692 9952.05 6246.14 4223.04 3116.17 1435.59 2594.58 2154.95 8006.89 3843.99 1783.47 4644.41 1631.13 174.16 1157.2 1677.9 1404.41
internal_count=44405 10454 33951 11435 7889 22516 13139 11357 2565 10271 3225 4664 1672 78 9377 7249 2992 2868 991 2234 1883 6750 3488 1118 5006 1733 391 972 1523 948
is_linear=0
shrinkage=0.03


Tree=2
num_leaves=31
num_cat=0
split_feature=37 21 9 7 18 33 33 34 18 28 18 18 25 9 20 47 20 12 6 46 37 33 9 49 18 36 12 6 42 25
split_gain=10217 2197.33 2365.9 2189.03 1977.07 1621.07 1328.84 500.164 452.945 380.011 357.087 336.929 300.222 291.253 290.227 641.314 278.717 271.863 271.819 231.905 210.196 185.802 169.645 159.596 141.768 132.442 131.253 130.998 130.016 128.805
threshold=0.35844276245802881 -5.7239223525402076 10.836450000000001 32.071050000000007 -0.56427177129519979 0.084130184833143676 0.074161634286558489 17.228913429752414 -1.0486571254125401 24.449150000000007 -3.4411098316831654 -2.2006503778739339 -0.62587551141915865 7.4647500000000013 19.263580471054485 11.99996446281023 26.821530443686584 7.8830500000000008 7.8930500000000006 0.31329251265171237 1.0000000180025095e-35 0.21654211310966817 8.307050000000002 31.677850000000003 -3.209361959195602 0.70183016528911868 12.179488842975756 9.2960000000000012 0.35372784250394124 -0.61236746317008228
decision_type=2 2 8 10 2 2 2 2 2 2 2 2 2 8 2 2 2 2 10 2 2 2 10 2 2 2 2 8 2 2
left_child=1 2 -1 6 5 8 11 18 12 19 -5 14 -3 -6 15 -2 -4 -10 23 21 -15 -8 26 -7 -11 -22 -23 -13 -24 -16
right_child=3 4 16 10 13 7 9 -9 17 24 -12 27 -14 20 29 -17 -18 -19 -20 -21 25 22 28 -25 -26 -27 -28 -29 -30 -31
leaf_value=-0.028581449633822538 0.024695955507848411 0.0033950598852140945 0.13979683589118574 0.061829084104300963 -0.031887349474066885 -0.01696529123175863 0.0059762109450456685 -0.0034660541074267239 -0.026708969240927173 0.033744051224142868 0.038079972195158615 -0.011360199547825902 0.016996998924426861 -0.08995764484255897 0.031817489023082297 -0.043858292956763988 0.31610119131142295 -0.0022915231948654464 -0.014087973248715472 -0.057410149057009335 -0.018783384792197585 0.028526805507568608 -0.023144731433629179 -0.037123921204858891 0.01107293407048977 -0.012184494090671339 -0.016439349097015797 0.017260051705922652 -0.0023042035339193336 0.049510108076638824
leaf_weight=42.760445594787598 1107.7627936899662 5636.3612349629402 13.362639248371122 995.51662400364876 1270.3415712118149 469.02863761782646 1462.31815508008 1352.7445132434368 441.85793781280518 303.77733224630356 1352.2990919351578 153.67035135626793 1970.5438678264618 34.297440737485886 2856.9322713017464 137.18976294994354 36.96996858716011 5601.1729516088963 1205.7554815113544 67.258617550134659 8248.311786711216 164.36046275496483 647.19716092944145 1466.7723681628704 1350.5174067020416 4109.9024114906788 89.529682964086533 2133.5680666565895 461.45647537708282 429.38614118099213
leaf_count=24 873 5604 12 822 713 654 1279 1690 248 196 1512 102 2525 74 1998 308 71 5207 1120 100 10727 369 364 1007 926 3596 201 1556 259 454
internal_value=0.000150487 -0.00915852 0.135605 0.0218053 -0.00958646 -0.00309573 0.0163546 -0.018721 0.00204995 0.00379052 0.0481721 0.0247302 0.00692037 -0.0182053 0.0294691 0.0171124 0.27293 -0.00408102 -0.0252865 -0.00276954 -0.0168003 -0.00144872 -0.0094159 -0.0322509 0.0152539 -0.01659 0.012668 0.015333 -0.0144801 0.0341435
internal_weight=45612.9 31900.2 93.0931 13712.7 31807.1 18144.2 11364.9 4494.3 13649.9 4546.42 2347.82 6818.51 7606.91 13662.9 4531.27 1244.95 50.3326 6043.03 3141.56 2892.12 12392.5 2824.86 1362.54 1935.8 1654.29 12358.2 253.89 2287.24 1108.65 3286.32
internal_count=44591 33272 107 11319 33165 18055 8985 4471 13584 3694 2334 5291 8129 15110 3633 1181 83 5455 2781 2572 14397 2472 1193 1661 1122 14323 570 1658 623 2452
is_linear=0
shrinkage=0.03


Tree=3
num_leaves=31
num_cat=0
split_feature=37 21 7 20 36 24 24 6 47 12 24 7 8 3 6 24 37 21 14 4 24 5 24 47 45 35 48 24 21 9
split_gain=9759.15 2060.38 2044.67 1895.95 1779.8 1541.22 1164.23 632.449 562.23 368.949 354.585 324.099 306.314 286.502 270.778 251.568 256.763 240.641 236.663 204.304 181.211 177.187 175.804 163.069 166.175 161.968 154.42 148.823 147.473 133.392
threshold=0.35844276245802881 -5.7239223525402076 32.073750000000011 26.821530443686584 1.6848681818178506 -0.049434980436038223 -0.032247759394263838 7.8741500000000011 12.192015289256522 9.18862396694227 -0.15207348400340251 31.917650000000005 7.5132500000000011 10.103500000000002 16.243950000000002 -0.78856175031405207 0.43208899980902932 -1.3000661220513139 3.8627342975202823 1.0000000180025095e-35 -0.77786766366919291 31.733950000000004 0.019350803001866129 13.60791322314059 -0.25058490712293097 2.8566535622859024 0.21710523401333429 0.12225609522135446 -2.7668748132073575 8.9085000000000019
decision_type=2 2 10 2 2 2 2 10 2 2 2 10 10 2 10 2 2 2 2 10 2 8 2 2 2 2 2 2 2 8
left_child=1 3 6 -1 12 18 15 21 9 29 14 17 19 27 -4 -2 25 -11 -6 -3 -20 -7 -15 24 -9 -17 -23 -10 -28 -8
right_child=2 4 10 -5 5 7 8 23 13 11 -12 -13 -14 22 -16 16 -18 -19 20 -21 -22 26 -24 -25 -26 -27 28 -29 -30 -31
leaf_value=0.017204465997653996 0.039479368960052212 -0.1047569850576838 0.070477148203166473 0.30492394441818654 0.0011431981150476784 -0.011155949546736845 -0.017482587296165024 -0.014255200557075775 0.020980490345852348 -0.0059301416114436629 0.030948229996371562 0.023313851631802558 -0.015995613348607274 0.026916323278544693 0.044631140202543884 0.014059753882084929 0.026226598529706054 0.013369060650173197 0.021168071707950802 -0.029083660169864349 0.0065693004869979326 -0.028570752689566829 -0.066951776892281281 -0.040916374352332141 0.00049678058992350897 -0.045266255651532888 -0.039747864710668719 -0.029891989315555017 -0.0059647531084009355 0.029109030534030491
leaf_weight=48.996343910694122 838.28290218114853 32.070334196090698 630.71657252311707 34.742862045764923 6116.5254052877426 1211.5459585189819 587.95612692832947 903.75983449816704 98.88353043794632 1051.6397088468075 830.26531863212585 1318.89249381423 12365.340939134359 19.598537564277649 888.61551001667976 1829.3453131020069 3947.7690552771091 1298.4031136333942 1065.8931907117367 1343.390665769577 2712.1703461110592 2294.365158945322 164.80588406324387 104.22858613729477 2858.2685352265835 41.424181669950485 144.31650388240814 106.45569267868996 584.83817777037621 60.131876617670059
leaf_count=32 853 63 453 66 6379 1625 330 703 222 669 1045 1179 14423 44 828 1386 2545 1037 1493 829 2867 1551 370 234 2511 30 81 239 329 105
internal_value=0.000149622 -0.0089679 0.0213053 0.138767 -0.00936207 -0.00315383 0.0160351 -0.0128556 0.00461392 0.00773138 0.0467763 0.0114174 -0.017492 -0.0298483 0.0553998 0.0241086 0.0218877 0.00473386 0.00479014 -0.0309229 0.0106925 -0.0208632 -0.0568841 -0.0040811 -0.00304996 0.0127226 -0.024748 -0.00541079 -0.0126965 -0.0131215
internal_weight=45533.6 31820.5 13713.2 83.7392 31736.7 17995.9 11363.6 8101.32 4706.77 4317.02 2349.6 3668.94 13740.8 389.744 1519.33 6656.82 5818.54 2350.04 9894.59 1375.46 3778.06 4235.07 184.404 3866.26 3762.03 1870.77 3023.52 205.339 729.155 648.088
internal_count=44521 33186 11335 98 33088 17773 9009 7034 4195 3320 2326 2885 15315 875 1281 4814 3961 1706 10739 892 4360 3586 414 3448 3214 1416 1961 461 410 435
is_linear=0
shrinkage=0.03


Tree=4
num_leaves=31
num_cat=0
split_feature=37 7 21 47 42 33 33 36 24 24 24 8 24 24 47 40 14 7 47 37 40 3 7 46 33 24 5 24 24 46
split_gain=9032.96 1862.07 1826.15 2121.2 1796.91 1112.47 1071.11 791.92 412.228 398.271 368.013 320.181 307.849 288.887 450.897 287.928 264.838 228.932 215.763 202.414 182.672 173.146 159.711 158.267 155.964 144.426 141.467 126.627 120.772 120.613
threshold=0.37457398467115749 32.049950000000003 -5.7239223525402076 10.847150000000001 0.099850040373745522 0.075914346470966579 0.10894201668777799 1.7577363636361911 -0.083760455055074887 -0.032247759394263838 -0.15207348400340251 7.5132500000000011 -0.18598018461734842 -0.015050995721668367 12.145800000000001 18.324329566219003 3.9026578512392853 31.396650000000005 13.60791322314059 1.0000000180025095e-35 18.838553176461851 10.093500000000001 32.104450000000007 0.31073822972278026 0.21654211310966817 -0.78856175031405207 31.828250000000001 0.1051661082335764 -0.76694339346796603 0.34615141665044308
decision_type=2 10 2 2 2 2 2 2 2 2 2 10 2 2 2 2 2 10 2 2 2 2 8 2 2 2 8 2 2 2
left_child=2 5 3 -1 11 13 7 -6 -8 16 15 19 20 21 -15 -3 -9 26 22 -4 -7 -2 -11 24 -14 -18 -10 -20 -5 -16
right_child=1 10 4 28 6 12 8 9 17 18 -12 -13 23 14 29 -17 25 -19 27 -21 -22 -23 -24 -25 -26 -27 -28 -29 -30 -31
leaf_value=-0.029404598901785355 0.024677664994711551 0.07812906734330928 -0.10605379285817589 0.3031042551475544 -0.012459061165634463 0.084800861277267409 -0.0037895890373547936 0.0022194621182434694 -0.022179058489802294 0.0020241142590345525 0.029672541258431526 -0.01648922203185213 0.0057329640287647563 0.018309617792729539 -0.025764462616518588 0.046474577150633502 0.022355811744102446 -0.015114604679981223 0.0071487098221919721 -0.028907738654247565 0.01291565861031164 0.039083611346054536 -0.0087304489561713817 -0.046991640908079245 -0.0092979616405158422 0.0088854513522552258 -0.041192447073740916 -0.049022715233607239 0.17551408968416468 -0.112802580491337
leaf_weight=40.978760361671448 3227.0773784816265 326.49381896853447 30.288648962974548 30.734070271253586 4101.4394066333771 31.624912887811661 1207.5371667444706 5554.4037142395973 625.81693813204765 2703.2619199454784 996.85288792848587 8615.7843660414219 1258.7606171965599 1709.5269811749458 140.3077121078968 1294.3943218588829 1004.4250501692295 1172.7943046987057 47.66007998585701 1829.3453131020069 1351.8536706268787 983.93566998839378 2298.8193720281124 70.376566708087921 1224.9085977673531 2501.4860672950745 818.68436461687088 145.20734649896622 15.58974578976631 15.144324481487272
leaf_count=23 2220 232 62 69 5824 41 1514 5627 811 2277 1218 8771 1083 1231 315 1079 1403 1025 107 1113 920 796 1945 89 1061 2583 545 326 11 34
internal_value=-8.34171e-06 0.0215418 -0.00832181 0.127925 -0.00868995 0.0156496 -0.00385359 -0.000844009 -0.0182936 0.00249844 0.0440664 -0.0189295 0.0032269 0.0236982 0.0138572 0.0528949 0.0062952 -0.0249813 -0.00412328 -0.0302206 0.0146189 0.0280522 -0.00291915 -0.00294726 -0.00168082 0.0127499 -0.0329761 -0.0351767 0.264781 -0.0349106
internal_weight=45375.5 12631.3 32744.3 87.3026 32657 10013.5 22181.5 18356.7 3824.83 14255.3 2617.74 10475.4 3937.52 6075.99 1864.98 1620.89 9060.31 2617.3 5194.95 1859.63 1383.48 4211.01 5002.08 2554.05 2483.67 3505.91 1444.5 192.867 46.3238 155.452
internal_count=44355 10319 34036 103 33933 7790 23987 20092 3895 14268 2529 9946 3194 4596 1580 1311 9613 2381 4655 1175 961 3016 4222 2233 2144 3986 1356 433 80 349
is_linear=0
shrinkage=0.03


Tree=5
num_leaves=31
num_cat=0
split_feature=18 21 4 18 7 33 33 34 8 11 45 18 18 18 14 4 7 25 5 4 7 12 41 12 25 7 35 7 31 25
split_gain=8426.07 1962.88 1968.18 1848.45 1736.25 1383.46 1244.25 436.242 396.555 328.861 288.061 286.206 276.928 245.752 243.529 225.578 201.466 198.368 192.069 184.254 179.905 175.57 172.585 160.995 154.427 145.236 151.764 139.751 134.809 133.341
threshold=-2.0156343168316826 -5.7239223525402076 12.042250000000001 -0.72456875247524788 32.073750000000011 0.062988094113093168 0.1148300341810848 17.632007024793573 7.5132500000000011 24.208650000000002 0.21241547011350428 -1.4207929702970288 -3.4411098316831654 -3.1606652046204613 0.84292314049578565 24.012450000000005 32.112950000000005 -0.61236746317008228 31.724950000000003 1.0000000180025095e-35 31.677750000000007 7.8830500000000008 9.3599500000000013 9.18862396694227 -0.64580103137750788 31.659750000000006 0.06731510231738437 31.917650000000005 9.4080000000000013 -0.61236746317008228
decision_type=2 2 10 2 10 2 2 2 10 2 2 2 2 2 2 10 8 2 8 10 8 2 2 2 2 10 2 10 2 2
left_child=4 2 17 5 6 11 9 16 19 10 20 24 -6 -11 -10 25 -7 -2 -18 -5 -1 -13 -12 -22 -3 -8 -27 -25 -16 -15
right_child=1 3 -4 8 12 7 15 -9 14 13 22 21 -14 29 28 -17 18 -19 -20 -21 23 -23 -24 27 -26 26 -28 -29 -30 -31
leaf_value=-0.023058581726358763 0.16471150184377514 0.0077909450968701435 -0.028411973508733437 -0.10298268784656489 0.057001302385390772 -0.012098449847012098 -0.030061096412684955 -0.0018719736769476716 -0.01704843742991486 0.047213053937280633 -0.095941993736076356 -0.025226745019610631 0.035682937904008741 0.022940404152611716 -0.017782020777922087 0.011127430428292446 -0.012549088132197777 0.29747904043548334 -0.032867899633492091 -0.027733187628874556 -0.0047167497856893201 0.0018811175215128538 -0.0098429892079327629 0.015417291740484118 0.021550076997649267 -0.01777946372104974 0.001955553840839167 0.030091785669791166 -0.0067412999590399855 0.038885069810803509
leaf_weight=95.765581279993057 22.271065413951874 3229.7499063313007 40.978760361671448 28.952385038137436 978.59061428904533 1633.3599374592304 196.43079695105553 1835.5812114179134 8681.7067196667194 550.09531572461128 27.616121113300323 220.92896890640259 1268.1144646704197 2862.2773270010948 1270.3415712118149 1120.2345903217793 615.57224804162979 31.179491579532623 1320.2287577390671 1701.0639763176441 242.75461301207542 6918.7291814982891 79.284992873668671 1584.8090148568153 950.08365055918694 467.24695238471031 1396.3958014547825 928.70342776179314 4598.0841653645039 567.91216805577278
leaf_count=167 17 3003 23 59 814 1426 315 2105 11103 389 62 124 1464 1980 764 760 836 70 951 1041 176 6650 121 1314 1308 344 1233 885 4293 639
internal_value=8.89788e-06 -0.00788532 0.12798 -0.00827791 0.0211371 -0.00127292 0.0158375 -0.0137585 -0.0154735 0.0229581 0.0153749 0.00468927 0.0449897 0.0285902 -0.0138572 0.000298298 -0.0198693 0.2462 -0.0264165 -0.0290513 0.0171902 0.00103888 -0.0327683 0.0185965 0.0109228 -0.00559295 -0.00299923 0.0208491 -0.00913391 0.0255908
internal_weight=45465 33098.8 94.4293 33004.4 12366.2 16724.2 10119.5 5404.74 16280.1 6939.22 2958.93 11319.5 2246.71 3980.28 14550.1 3180.31 3569.16 53.4506 1935.8 1730.02 2852.03 7139.66 106.901 2756.27 4179.83 2060.07 1863.64 2513.51 5868.43 3430.19
internal_count=44436 33773 110 33663 10663 16403 8385 5318 17260 5733 2725 11085 2278 3008 16160 2652 3213 87 1787 1100 2542 6774 183 2375 4311 1892 1577 2199 5057 2619
is_linear=0
shrinkage=0.03


Tree=6
num_leaves=31
num_cat=0
split_feature=37 24 18 33 4 24 18 25 33 24 46 33 24 24 19 48 9 47 33 24 18 50 50 41 18 5 24 40 24 18
split_gain=8234.53 1571.48 1342.86 1312.11 1199.58 2371.51 1058.86 551.778 541.326 438.577 402.337 350.516 332.995 323.389 235.646 233.874 215.632 218.057 208.74 192.591 181.148 179.686 168.096 164.098 161.724 152.59 135.995 120.883 120.249 119.187
threshold=0.35844276245802881 -0.1350501201252472 -0.72456875247524788 0.084130184833143676 1.0000000180025095e-35 -0.48314718476766422 -3.209361959195602 -0.89787881968372518 0.19466059693733648 -0.083760455055074887 0.29697664247577543 0.048473446339282286 -0.72696319516528884 0.88469195212971963 0.76208969189638875 0.1731610073759054 8.307050000000002 12.052900000000003 0.20172621792915155 0.80223616854477187 -2.3595073306598731 31.921650000000003 32.112950000000005 8.5838500000000018 -1.4773331221122106 31.872750000000003 0.019350803001866129 18.947812670000513 -0.2028534878149206 -2.7110646402640248
decision_type=2 2 2 2 10 2 2 2 2 2 2 2 2 2 2 2 10 2 2 2 2 2 2 2 2 10 2 2 2 2
left_child=2 6 3 12 5 -4 18 -7 10 -5 15 20 24 14 -6 23 17 -10 25 -14 -8 -17 -11 -3 -1 -2 -12 -13 -16 -23
right_child=1 8 4 9 13 7 11 -9 16 22 26 27 19 -15 28 21 -18 -19 -20 -21 -22 29 -24 -25 -26 -27 -28 -29 -30 -31
leaf_value=0.021073573554164726 0.043947155636643052 0.025505616300484202 0.27680859049818068 -0.0022505543358366455 -0.015989931112889291 0.10367658590400371 0.035273610615193164 -0.10728213256746674 0.031131536943555166 -0.014303493661291508 -0.0063006818648107333 0.075870606129415208 0.00050285116240626163 -0.028391859382762372 -0.0041049970848921558 0.013114506933546993 -0.011766623253946121 -0.017618827471897108 0.024501540591449336 -0.030384595333402445 0.021891552222308028 0.034090054309181543 -0.029348911013079699 -0.0041706305836936297 0.0069806343863336347 0.064319167087739784 -0.05453065000223261 0.012241122706475455 -0.014025720335270921 0.017909639742246068
leaf_weight=983.49024868011475 612.00887757539749 216.47475582361221 36.524547278881073 1336.2639248371124 10198.366274356842 15.58974578976631 1846.2713228166103 33.406598120927811 238.74582123756409 1137.1606000363827 130.95386463403702 26.279857188463211 7337.8706325888634 1425.3481864929199 2910.8282496035099 1914.4207829833031 1286.3767383098602 125.16338762640953 235.62787207961082 185.29526424407959 1811.9738820791245 890.39719524979591 1632.0236735343933 731.82720950245857 2874.7491236329079 753.65285360813141 87.302576422691345 2004.8413085639477 1767.4317512512207 766.5700715482235
leaf_count=1362 507 399 70 1632 12639 11 1454 66 536 1041 141 50 7162 800 2521 1295 722 281 142 104 1416 958 1483 878 3022 438 169 1438 1355 467
internal_value=0.000189874 0.0196595 -0.00816588 -0.00183147 -0.0141517 0.0972698 0.029177 -0.0394278 0.00879465 -0.0163686 0.0139479 0.0231044 0.00341326 -0.0147421 -0.0134325 0.0158704 -0.00599973 0.0143619 0.0507252 -0.000261843 0.0286531 0.019386 -0.0231779 0.00262348 0.0105775 0.0552285 -0.0257534 0.0131013 -0.00785521 0.0266198
internal_weight=45553.2 13678.9 31874.3 15486.9 16387.5 85.5209 7290.66 48.9963 6388.23 4105.45 4737.95 5689.37 11381.4 16302 14876.6 4519.69 1650.29 363.909 1601.29 7523.17 3658.25 3571.39 2769.18 948.302 3858.24 1365.66 218.256 2031.12 4678.26 1656.97
internal_count=44559 11291 33268 15806 17462 147 5445 77 5846 4156 4307 4358 11650 17315 16515 3997 1539 817 1087 7266 2870 2720 2524 1277 4384 945 310 1488 3876 1425
is_linear=0
shrinkage=0.03


Tree=7
num_leaves=31
num_cat=0
split_feature=37 24 20 11 18 42 33 33 18 21 33 48 19 33 8 18 33 9 24 6 46 46 33 24 50 15 18 9 6 18
split_gain=7577.32 1409.89 1373.24 2539.41 1030.8 720.393 831.781 570.711 409.252 297.815 297.461 259.462 253.191 233.816 231.526 198.987 189.277 187.12 171.472 165.805 148.737 147.399 144.251 140.046 138.777 136.093 125.96 125.614 122.292 115.432
threshold=0.37066666666666664 -0.15207348400340251 22.546463746066948 18.464550000000006 -3.209361959195602 0.094885992232860414 0.10894201668777799 0.075914346470966579 -1.0007761728171836 0.40861426385653671 0.028536345246018422 0.1731610073759054 6.2500513465346552 0.057401324026542112 7.5132500000000011 -0.61486779464304042 0.22451147632136767 10.351950000000002 -0.76694339346796603 9.2960000000000012 0.34615141665044308 0.3071426353569176 0.00010954451156713369 0.29033824002281988 32.044750000000008 20.922416613125076 -1.8435335280528047 10.797450000000001 7.8741500000000011 -2.3395070562960778
decision_type=2 2 2 2 2 2 2 2 2 2 2 2 2 2 10 2 2 8 2 10 2 2 2 2 2 2 2 10 10 2
left_child=2 4 5 18 16 14 9 11 13 15 29 20 21 26 22 23 25 -15 -4 -8 -3 24 -1 -7 -9 -2 -5 -12 -25 -6
right_child=1 7 3 8 10 6 19 12 -10 -11 27 -13 -14 17 -16 -17 -18 -19 -20 -21 -22 -23 -24 28 -26 -27 -28 -29 -30 -31
leaf_value=-0.089444049835639194 0.076494653632006485 0.0026105230532493299 0.28984273679540701 0.019481194333723226 0.035708632839696539 0.0061253083040962641 -0.02616739541222924 -0.0053748829642877574 -0.0083609588192989914 -0.013005767780159175 0.027902058753145061 0.022178416759666423 0.021246322019093138 -0.041244982939472638 -0.015397780765209274 -0.0081175737782863012 0.023670878555615466 -0.00081661042391018999 0.14405518009129389 -0.0066701487124346251 -0.084153823598947797 -0.045121264352289761 -0.026036676218942845 -0.01163250936415554 0.012795406569243176 0.050485496907329563 0.0068791252032910288 0.011961457335707561 0.0012161770285388719 0.023033620728640174
leaf_weight=32.070334196090698 223.15607544779778 553.21326488256454 24.498171955347061 914.0045245885849 1383.9240048229694 3287.2092550992966 2067.645713031292 2163.411294311285 2683.2179610729218 2351.8245077133179 568.80301067233086 2582.9981667101383 435.62203949689865 108.68279922008514 8205.1059198081493 2539.3468784987926 202.66669526696205 1701.0639763176441 15.144324481487272 485.50922602415085 17.371431022882462 73.049094557762146 1802.1746132969856 962.55544719099998 457.44768360257149 1075.6924594938755 3257.8114487528801 2048.4925967752934 2163.411294311285 1231.5899173915386
leaf_count=60 153 846 55 1152 1121 2469 1735 1827 4335 3708 731 1902 489 61 8365 2083 125 1995 10 628 39 92 1094 778 496 753 3720 1152 1680 923
internal_value=5.89018e-06 0.0193542 -0.00772009 0.00248154 0.02889 -0.011436 -0.00700168 0.0091306 0.00137169 -0.00350778 0.0225951 0.0181354 5.36621e-05 0.00573824 -0.0175554 -0.00101149 0.0507982 -0.00326594 0.239063 -0.0224639 -0.000173622 -0.00337994 -0.0271934 0.00180304 -0.00219975 0.0550096 0.00964412 0.0154351 -0.00274268 0.0297513
internal_weight=45618.7 13017.4 32601.3 8704.42 6734.32 23896.9 13857.5 6283.11 8664.78 11304.3 5232.81 3153.58 3129.53 5981.56 10039.4 8952.52 1501.52 1809.75 39.6425 2553.15 570.585 2693.91 1834.24 6413.18 2620.86 1298.85 4171.82 2617.3 3125.97 2615.51
internal_count=44577 10649 33928 11328 4958 22600 13081 5691 11263 10718 3927 2787 2904 6928 9519 7010 1031 2056 65 2363 885 2415 1154 4927 2323 906 4872 1883 2458 2044
is_linear=0
shrinkage=0.03


Tree=8
num_leaves=31
num_cat=0
split_feature=37 7 21 20 36 24 33 33 36 24 48 24 4 8 6 3 37 42 33 33 24 44 36 24 24 48 37 7 5 31
split_gain=7308.99 1571.97 1285.61 1509.56 1301.26 1239.42 968.877 671.558 345.291 279.711 306.496 258.927 241.107 213.273 201.259 196.248 196.241 175.428 165.929 142.035 136.645 133.26 131.947 119.48 112.901 110.458 107.389 101.918 99.5369 93.967
threshold=0.35844276245802881 32.049950000000003 -5.7239223525402076 26.821530443686584 1.5293921487601818 -0.049434980436038223 0.10603908713366325 0.084130184833143676 10.027700000000003 -0.032247759394263838 0.1731610073759054 0.80223616854477187 26.965600000000002 7.5132500000000011 7.8930500000000006 10.093500000000001 0.25766042058748789 0.32008113200292232 1.0000000180025095e-35 0.05159546491698741 -0.78856175031405207 1.5129394150661268 8.1757000000000026 0.070897839638973045 -0.15207348400340251 0.1760039426761468 0.42838722963201187 31.917650000000005 31.724950000000003 13.414400000000002
decision_type=2 10 2 2 2 2 2 2 2 2 2 2 8 10 10 2 2 2 2 2 2 2 2 2 2 2 2 8 8 2
left_child=2 6 3 -1 13 16 9 11 19 15 17 21 22 18 28 26 -6 -11 -4 -3 -18 -7 -8 -19 -10 -23 29 -24 -9 -2
right_child=1 8 4 -5 5 7 12 14 24 10 -12 -13 -14 -15 -16 -17 20 23 -20 -21 -22 25 27 -25 -26 -27 -28 -29 -30 -31
leaf_value=0.008870293050685818 -0.053610618384242713 0.038578325821788335 -0.097007723589803765 0.27080181762809141 0.00081748810659944737 0.0018890320620035381 -0.007348066791523296 -0.017135254055900353 0.062036262368389786 0.0025288265949840083 0.017186145732587487 -0.02522927211010019 0.017131674017444747 -0.014186494949652049 -0.013236663629922847 0.033845277856731304 0.019020372076184219 0.0021247991381453026 -0.025385869901619961 0.021617723538711844 0.005973640060880814 -0.01425553432898348 -0.00086621806744547909 -0.051761869973761546 0.03788783627179778 -0.0015673423607738567 0.023723752737309145 0.022411700056802243 -0.032992636652819568 0.013994384107897877
leaf_weight=51.668871760368347 17.816852331161499 1091.2822052836418 28.952385038137436 31.179491579532623 6576.6456167399883 2454.2714086174965 2090.3621997535229 484.61838340759277 592.41034001111984 441.85793781280518 1871.6603373885155 523.81545853614807 620.91730374097824 11599.216288894415 1226.6902830004692 1244.5071353316307 985.2719339132309 55.677663534879684 1255.1972467303276 758.10706669092178 2707.7161330282688 1247.625084489584 476.6007998585701 109.12822052836418 256.11725226044655 1222.2360699176788 2487.6780067384243 261.462307959795 1384.3694261312485 1262.7694089710712
leaf_count=32 13 1139 56 64 6941 2042 1693 680 355 446 1307 294 452 13693 1152 1024 1399 125 781 784 2803 1574 407 245 353 686 1661 272 918 951
internal_value=6.59045e-05 0.018436 -0.00781805 0.109501 -0.00812814 -0.00309771 0.0133759 -0.0115392 0.0389427 0.0194333 0.011182 -0.00519727 0.000218974 -0.0154731 -0.0226949 0.0235097 0.00392549 -0.00733975 -0.0270749 0.0316412 0.00945865 -0.00306164 -0.00349857 -0.0336539 0.0548005 -0.00797983 0.0200882 0.00739926 -0.0288923 0.0130127
internal_weight=45417.8 13638.4 31779.5 82.8484 31696.6 18813.3 10940.4 8543.63 2697.92 7491.1 2478.32 5447.95 3449.34 12883.4 3095.68 5012.77 10269.6 606.664 1284.15 1849.39 3692.99 4924.13 2828.43 164.806 848.528 2469.86 3768.26 738.063 1868.99 1280.59
internal_count=44342 11227 33115 96 33019 18489 8596 7346 2631 5772 2123 4596 2824 14530 2750 3649 11143 816 837 1923 4202 4302 2372 370 708 2260 2625 679 1598 964
is_linear=0
shrinkage=0.03


Tree=9
num_leaves=31
num_cat=0
split_feature=18 21 9 24 18 24 18 46 6 48 8 9 50 9 24 24 24 50 5 24 47 48 20 8 5 36 19 24 21 24
split_gain=6691.42 1518.97 1523.61 1450.14 1315.47 919.341 909.978 491.449 463.91 289.628 261.637 241.344 213.791 230.793 204.61 261.642 202.007 257.729 236.018 183.457 243.714 171.594 170.257 164.795 152.451 138.921 134.548 224.998 131.391 130.77
threshold=-1.9520788052805285 -5.7239223525402076 10.836450000000001 -0.15207348400340251 -0.62662547721123463 -0.049434980436038223 -3.209361959195602 0.29697664247577543 7.8741500000000011 0.20772587325846678 7.5132500000000011 9.8593000000000028 31.677750000000007 8.1933500000000006 -0.78856175031405207 -0.36647417525074694 0.43442111757849838 31.914750000000002 31.788250000000001 0.036545658007091128 13.60791322314059 0.13990364259121307 26.821530443686584 10.608950000000002 31.724950000000003 0.74090000000000045 3.0065107854785489 0.13930990466364487 1.0258553676943756 -0.77786766366919291
decision_type=2 2 8 2 2 2 2 2 10 2 10 10 2 10 2 2 2 2 8 2 2 2 2 8 8 2 2 2 2 2
left_child=3 2 -2 6 5 29 23 9 24 12 28 -11 -5 -14 -8 -16 17 18 -15 21 -21 -9 -4 -1 -7 -12 27 -26 -6 -3
right_child=1 4 22 7 10 8 14 19 -10 11 25 -13 13 16 15 -17 -18 -19 -20 20 -22 -23 -24 -25 26 -27 -28 -29 -30 -31
leaf_value=0.064077656946210079 -0.025379940395377658 0.0086503796574703227 0.11219246784306974 -0.03292426541216599 -0.022578154965336432 -0.007806711357705891 0.035071440373271305 0.031591434464824208 -0.0026287327096459049 0.023535397089928307 -0.015323486591949697 0.0067395054576189599 0.019667964607310587 0.013133889938511979 0.014374167077696986 0.030001684408689534 -0.014325777337538939 0.022341599789219197 -0.023355795003704213 -0.0073412207175514591 -0.06923297041465705 -0.017280436976131117 0.25393098812578202 0.041978718005540497 -0.056269256406907005 -0.0088935254381491968 -0.0077885560489170322 -0.021322877072873128 -0.048414170660265939 0.0014147047438359979
leaf_weight=441.85793781280518 39.197075128555298 3675.6166359186172 12.471796631813048 139.86229079961777 1322.4558642804623 1142.5056557357311 894.85140833258629 85.966312497854233 4188.2965617477894 1839.5900031924248 8182.8348543941975 1325.5738134384155 699.31145399808884 302.88648962974548 3041.7821142375469 1413.7672324776649 628.93488729000092 523.81545853614807 334.95682382583618 110.46448445320129 118.48206800222397 251.21761786937714 38.306232511997223 1016.4514254927635 180.39562985301018 4805.6504950225353 564.34879758954048 1996.378303706646 204.89380180835724 5786.4682158529758
leaf_count=248 22 4352 13 302 794 1476 1160 193 3604 1613 10589 744 1561 170 2197 1116 353 294 188 68 266 162 71 764 105 4168 433 1284 190 5776
internal_value=7.83882e-05 -0.00730156 0.115112 0.0180878 -0.00764879 -0.0021185 0.027709 0.00778671 -0.00955535 0.0103937 -0.0143284 0.0165056 0.0030339 0.00506614 0.0219759 0.0193385 -0.000644352 0.00676887 -0.00603486 -0.0188694 -0.0395326 -0.0047638 0.221957 0.0487139 -0.0170228 -0.0129453 -0.0208598 -0.0242435 -0.0260735 0.00422607
internal_weight=45309.6 32139.8 89.9751 13169.8 32049.8 17534 6808.71 6361.06 8071.92 5794.93 14515.8 3165.16 2629.77 2489.91 5350.4 4455.55 1790.59 1161.66 637.843 566.13 228.947 337.184 50.778 1458.31 3883.63 12988.5 2741.12 2176.77 1527.35 9462.08
internal_count=44276 32877 106 11399 32771 17030 5485 5914 6902 5225 15741 2357 2868 2566 4473 3313 1005 652 358 689 334 355 84 1012 3298 14757 1822 1389 984 10128
is_linear=0
shrinkage=0.03


Tree=10
num_leaves=31
num_cat=0
split_feature=18 24 4 4 20 47 24 36 18 25 18 9 24 24 24 5 10 24 24 24 5 18 10 24 24 9 46 20 18 24
split_gain=6142.28 1295.09 1229.83 772.437 1982.57 736.291 629.866 498.322 493.9 348.044 314.815 299.115 353.315 292.177 272.993 253.658 260.883 226.137 221.812 170.769 161.542 160.644 157.977 150.29 188.188 150.217 148.889 146.67 145.151 140.934
threshold=-2.0499169801980179 -0.032247759394263838 24.775150000000004 24.775150000000004 19.263580471054485 12.192015289256522 0.79184907943689831 10.027700000000003 -0.28147312985838541 -0.77788789561442695 -1.3561854323432347 8.1629500000000021 0.43442111757849838 0.036545658007091128 -0.78856175031405207 31.84065 0.37211221122112209 -0.15207348400340251 0.15632249006386423 0.30675521904633613 32.020150000000008 -0.74993541968727573 0.38947194719471939 0.29033824002281988 0.3873823162447298 8.3979000000000017 0.31007593539508155 25.188137800746688 -5.0374517755775559 0.15632249006386423
decision_type=2 2 8 10 2 2 2 2 2 2 2 10 2 2 2 8 2 2 2 2 10 2 2 2 2 10 2 2 2 2
left_child=1 7 6 4 -4 11 8 14 9 15 -5 28 18 -7 -1 19 -17 -9 -13 26 -16 -11 -15 -20 -25 -21 -2 -6 -3 -30
right_child=2 5 3 10 27 13 -8 17 -10 21 -12 12 -14 22 20 16 -18 -19 23 25 -22 -23 -24 24 -26 -27 -28 -29 29 -31
leaf_value=0.038285560520421459 0.0077850356474625454 -0.052526743392241733 -0.066177853044609214 0.0084175424650153857 0.11692392875338978 0.019391916995507907 -0.021263511270419061 0.054220728395883634 -0.014417556194681156 0.0037880716063392571 -0.0036282045562385954 0.0014843614993709474 -0.016643584760984608 -0.017843851672821223 0.018126632115938488 -0.011312246274448975 -0.031863502635121894 0.025851776398151987 0.02925532158528198 -0.0014831050896628353 0.032863923648421028 -0.0046921674020689377 -0.06207589830161464 -0.00023103511629377559 0.031394293276545804 -0.02180001409645875 -0.0080809602380882313 0.23745837727602909 0.05048110727609572 0.020706301672482236
leaf_weight=877.92539861798286 1216.0001716017723 19.598537564277649 42.31502428650856 4039.0804234743118 16.035167098045349 75.276201099157333 3739.7573043107986 735.83600127696991 7114.7145571410656 3886.746336042881 3778.5089581310749 1432.4749274253845 539.85062563419342 114.91869753599167 4667.1244681477547 2358.0604060292244 727.3729964196682 389.74364474415779 622.25356766581535 587.06528431177139 783.05065995454788 4162.4621258676052 201.77585265040398 547.86820918321609 244.09087693691254 740.29021435976028 945.18401616811752 38.75165382027626 192.86742648482323 558.55832058191299
leaf_count=1089 1482 44 74 4067 15 169 2120 470 9454 3650 4892 804 303 258 3497 1481 472 272 350 1210 441 3093 453 309 137 417 1549 69 433 1254
internal_value=-6.72212e-05 0.0183377 -0.00668339 0.00364585 0.087304 0.00572274 -0.00989221 0.0260357 -0.00793502 -0.00478026 0.0025957 0.00943073 0.00558731 -0.0335312 0.0227575 -0.00990099 -0.0161658 0.0444294 0.00980758 -0.00435702 0.0202496 -0.000597326 -0.0461321 0.0182313 0.00954355 -0.0128221 0.000845587 0.204908 0.0262829 0.0284055
internal_weight=45395.6 12003.2 33392.3 7914.69 97.1018 4549.53 25477.7 7453.68 21737.9 14623.2 7817.59 4157.56 3386.54 391.971 6328.1 6573.97 3085.43 1125.58 2846.69 3488.54 5450.18 8049.21 316.695 1414.21 791.959 1327.36 2161.18 54.7868 771.024 751.426
internal_count=44328 10283 34045 9117 158 4514 24928 5769 22808 13354 8959 3634 1903 880 5027 6611 1953 742 1600 4658 3938 6743 711 796 446 1627 3031 84 1731 1687
is_linear=0
shrinkage=0.03


Tree=11
num_leaves=31
num_cat=0
split_feature=18 21 9 7 18 33 33 9 24 24 47 33 8 24 18 7 6 18 9 33 24 24 6 14 24 24 7 33 24 34
split_gain=6050.09 1342.37 1402.9 1331.99 1307.31 1140.45 950.778 318.107 312.781 271.38 463.971 257.137 230.065 219.229 218.534 201.129 194.164 184.838 175.574 151.728 148.817 129.082 120.209 119.172 117.414 113.177 127.231 108.467 103.453 92.0387
threshold=-2.0499169801980179 -5.7239223525402076 10.836450000000001 32.073750000000011 -0.62662547721123463 0.080131810163009576 0.10083572283670118 10.575250000000002 0.27383534524298775 -0.015050995721668367 12.192015289256522 0.27599739672685247 7.5132500000000011 -0.16905184689101435 -3.4411098316831654 31.672750000000004 7.8741500000000011 -1.4773331221122106 10.575250000000002 1.0000000180025095e-35 0.036545658007091128 -0.77786766366919291 7.8930500000000006 0.56721322314043932 -0.15207348400340251 -0.78856175031405207 31.970450000000003 0.20172621792915155 -0.76694339346796603 11.822609297520764
decision_type=2 2 8 10 2 2 2 8 2 2 2 2 10 2 2 10 10 2 8 2 2 2 10 2 2 2 10 2 2 2
left_child=3 2 -2 6 5 8 9 11 17 25 -11 22 19 -8 24 -15 -10 28 27 -6 -12 -4 -7 -14 -5 -1 -27 -17 -3 -20
right_child=1 4 21 14 12 7 13 -9 16 10 20 -13 23 15 -16 18 -18 -19 29 -21 -22 -23 -24 -25 -26 26 -28 -29 -30 -31
leaf_value=0.036018769365146829 -0.024642509681663188 0.020086098222889967 0.24342946319697356 0.055809819623897618 -0.091099917856470217 -0.021529120818026725 0.011651326381050289 -0.0054643712159087336 -0.012819873069736134 0.015959324556276862 0.021008496302759444 -0.034237417675389265 -0.014701022339329817 -0.031267937064851446 0.030781655188798843 0.0035356220780120317 0.00093341707163668202 0.0026811931539526537 0.033057633077507032 -0.02324145433104147 -0.045388649754085228 0.14122362987520096 -0.0063309921036460281 -0.0088950489634407708 0.032291075959583367 0.020212485129160771 0.036074883313370991 -0.012592265811128343 0.0082765982590412394 0.0040774125795407703
leaf_weight=662.34148541092873 44.542130827903748 893.06972309947014 30.288648962974548 739.84479305148125 29.397806346416473 1005.3158927857876 1069.901982486248 2254.2772412002087 1477.0170582532883 1827.1182065606117 36.96996858716011 862.33565282821655 7549.0003327131271 231.61908030509949 1245.8433992564678 612.89972019195557 2463.6252560913563 6250.1517977714539 163.46962013840675 1480.5804287195206 157.23372182250023 27.170699805021286 878.3708199262619 5511.6432686448097 264.58025711774826 3151.8011773824692 533.6147273182869 965.67339634895325 2648.9205203354359 247.2088260948658
leaf_count=725 25 1204 68 473 60 565 767 3297 1345 1393 83 484 9997 331 1423 344 2153 6157 364 912 353 19 493 4829 345 2246 448 542 2419 405
internal_value=8.3409e-05 -0.00646185 0.101675 0.0184407 -0.00679609 -0.00155389 0.0135958 -0.0138193 0.0029128 0.0203602 0.0112698 -0.0206736 -0.0135353 0.000501506 0.0392233 -0.00487273 -0.00422349 0.00578479 -0.00178523 -0.024622 -0.032706 0.198342 -0.0144493 -0.0122517 0.0496529 0.0245829 0.0225184 -0.00633215 0.011259 0.0156652
internal_weight=45315.8 33405.7 102.001 11910.1 33303.7 18733.1 9659.85 5000.3 13732.8 6369.08 2021.32 2746.02 14570.6 3290.77 2250.27 2220.87 3940.64 9792.14 1989.25 1509.98 194.204 57.4593 1883.69 13060.6 1004.43 4347.76 3685.42 1578.57 3541.99 410.678
internal_count=44269 34027 112 10242 33915 18117 8001 4839 13278 5248 1829 1542 15798 2753 2241 1986 3498 9780 1655 972 436 87 1058 14826 818 3419 2694 886 3623 769
is_linear=0
shrinkage=0.03


Tree=12
num_leaves=31
num_cat=0
split_feature=37 7 33 4 20 17 33 24 5 24 36 24 47 20 24 40 6 7 24 3 25 33 24 6 36 24 37 31 6 47
split_gain=5697.38 1408.86 1002.88 863.207 1566.97 880.935 978.748 317.971 302.421 233.783 224.235 211.179 404.81 203.5 171.143 163.436 162.126 214.533 156.535 153.128 138.397 135.8 129.709 129.59 129.395 116.527 105.651 107.965 96.6363 88.6535
threshold=0.34214916946236712 32.073750000000011 0.080131810163009576 1.0000000180025095e-35 19.263580471054485 0.09875247524752466 0.084130184833143676 0.79184907943689831 31.677850000000003 -0.16905184689101435 12.052200000000001 -0.015050995721668367 12.192015289256522 26.821530443686584 -0.72696319516528884 18.947812670000513 9.1690000000000023 31.917650000000005 -0.15207348400340251 10.093500000000001 -0.77788789561442695 0.20868229440951955 0.88469195212971963 9.1126500000000021 3.2854099173550488 0.036545658007091128 0.42838722963201187 13.618486363636793 24.433950000000006 13.143550000000003
decision_type=2 10 2 10 2 2 2 2 8 2 2 2 2 2 2 2 10 10 2 2 2 2 2 10 2 2 2 2 8 2
left_child=3 2 11 4 20 22 7 14 -8 15 18 19 23 -6 24 -4 -11 29 -3 26 -1 -10 -5 -13 -7 -14 27 -2 -16 -18
right_child=1 10 9 5 13 6 8 -9 21 16 -12 12 25 -15 28 -17 17 -19 -20 -21 -22 -23 -24 -25 -26 -27 -28 -29 -30 -31
leaf_value=0.016101409203650614 -0.042632836103555928 0.039526040897670783 0.06956456317362264 -0.012590666501019468 0.10305351824026832 0.0028436327063286805 -0.0067829665600698218 -0.020350308926036242 -0.016578842186966113 -0.016195185053122067 0.061165797916083425 -0.0030406887922819329 0.012388389021953085 0.23932925441465838 0.0019149967571216731 0.0082762252827246439 -0.0051835800113152397 0.01308695761909996 0.022344444013369578 0.029984782044477899 -0.10275734802382418 -0.031130409844222169 -0.023545901340689047 0.017478864570384438 0.01336769151024492 -0.043777743850641246 0.022262061244399552 0.013329928302738334 -0.0046455650935942625 -0.043549113759050934
leaf_weight=13.362639248371122 30.734070271253586 1302.4119054079056 39.197075128555298 11674.492489993572 17.371431022882462 3398.5645821690559 1851.1709572076797 616.46309065818787 1314.8837020397186 773.6968124806881 296.20517000555992 327.38466158509254 42.31502428650856 32.515755504369736 4584.2761048078537 1555.4112085103989 1526.9042447805405 731.38178819417953 761.22501584887505 1387.4873752892017 23.607329338788986 1035.1591204404831 1061.8843989372253 1789.2573953568935 1522.0046103894711 147.87987434864044 2436.899977594614 1491.2705401182175 3611.9213888347149 55.232242226600647
leaf_count=15 30 1181 52 13778 15 3187 2527 355 942 612 233 222 95 64 4298 1107 1253 691 944 1186 53 722 596 1335 2013 332 1652 1176 3525 124
internal_value=0.000137367 0.0155032 0.0114384 -0.00720412 0.0867 -0.00747287 -0.00318798 0.000688596 -0.0158571 0.000501175 0.0367365 0.0181282 0.0105346 0.194834 0.00167886 0.00982541 -0.0043166 -0.00033883 0.0332021 0.021402 -0.0605037 -0.0229991 -0.0135058 0.0143051 0.00610093 -0.0312823 0.0183872 0.0121726 -0.000976343 -0.00654958
internal_weight=45452.6 14694.9 12335.1 30757.7 86.8572 30670.8 17934.4 13733.2 4201.21 4681.82 2359.84 7653.23 2306.84 49.8872 13116.8 1594.61 3087.22 2313.52 2063.64 5346.39 36.97 2350.04 12736.4 2116.64 4920.57 190.195 3958.9 1522 8196.2 1582.14
internal_count=44315 12225 9867 32090 147 31943 17569 13378 4191 3839 2358 6028 1984 79 13023 1159 2680 2068 2125 4044 68 1664 14374 1557 5200 427 2858 1206 7823 1377
is_linear=0
shrinkage=0.03


Tree=13
num_leaves=31
num_cat=0
split_feature=18 21 9 24 18 24 12 7 24 9 7 47 24 24 5 24 3 35 35 5 5 24 18 35 47 18 15 24 45 9
split_gain=5336.13 1319.86 1207.91 1134.86 1059.21 815.003 651.506 439.694 417.967 347.486 327.798 241.577 371.327 188.601 208.545 175.911 173.177 165.566 148.93 139.952 136.815 133.214 136.417 120.336 119.011 117.643 116.897 114.679 114.547 110.451
threshold=-2.0156343168316826 -5.7239223525402076 10.836450000000001 -0.15207348400340251 -0.62662547721123463 -0.083760455055074887 16.662627272728304 31.908050000000006 0.43442111757849838 8.855850000000002 32.104450000000007 12.192015289256522 0.019350803001866129 -0.78856175031405207 31.930750000000007 0.88469195212971963 9.5465000000000018 1.0000000180025095e-35 0.014405103262386093 31.712150000000005 31.733950000000004 -0.77786766366919291 -1.1961105554372427 0.065028247473976938 25.066750000000003 -0.242294823582311 16.015013762376238 0.1051661082335764 -0.23014138070341988 10.836450000000001
decision_type=2 2 8 2 2 2 2 10 2 8 8 2 2 2 10 2 2 2 2 8 8 2 2 2 2 2 2 2 2 8
left_child=3 2 -2 6 5 21 -1 11 -9 -10 23 19 -13 -8 29 17 -14 -6 -4 -5 -12 22 -3 28 -23 -19 27 -21 -7 -15
right_child=1 4 18 7 15 10 13 8 9 -11 20 12 16 14 -16 -17 -18 25 -20 26 -22 24 -24 -25 -26 -27 -28 -29 -30 -31
leaf_value=0.048872922585290045 -0.023189809968931666 0.015471991950362961 0.24093531377756103 0.017140312152572102 -0.082720703734668999 -0.019210422169678356 0.03426079804441709 0.022401944314292401 -0.016042585984808195 0.027805722948591356 -0.0062625806062358699 0.031531364328828838 0.012288368656768266 0.028565358989283848 0.02963096785250605 -0.023277986191193759 -0.047631798090089973 -0.0079844918457614451 0.13250919451261997 -0.053202616146103339 -0.017929872805638958 0.0021558970303197063 0.0037196388365962558 0.00085270686520185044 -0.018359208520792591 -0.01377757702032085 0.0028507227750353206 -0.0083194903086163414 -0.0021042216711748274 0.012898542556210467
leaf_weight=921.1312655210495 39.197075128555298 1493.4976466596127 29.397806346416473 494.86307349801064 28.506963729858398 643.18836915493011 883.71587562561035 2183.4552531838417 552.32242226600647 229.3919737637043 1287.2675809264183 89.084261655807495 51.668871760368347 473.0374293923378 1231.5899173915386 1297.0668497085571 259.23520141839981 5137.9347909986973 26.725278496742249 58.795612692832947 3053.3630682528019 5873.7707922756672 2195.9270498156548 2814.6172470152378 265.0256784260273 8197.5337575674057 1791.9299232065678 362.12752363085747 778.15102556347847 2824.4165157973766
leaf_count=727 22 2051 66 502 61 427 1111 2082 310 491 1705 200 116 270 698 728 582 4527 21 33 2046 5468 2335 2560 595 10589 1143 222 595 2222
internal_value=-0.000111863 -0.0063913 0.104501 0.0166712 -0.00671412 -0.00192167 0.0255547 0.00740316 0.0156652 -0.00315633 -0.00867913 -0.00048242 -0.0222146 0.0215781 0.0190964 -0.0127298 -0.0376662 -0.0117044 0.192527 0.0027349 -0.014472 0.00397549 0.00847995 -0.00274106 0.00126737 -0.0115464 -0.000492884 -0.0147001 -0.00985323 0.015154
internal_weight=45567.9 33161.2 95.3202 12406.8 33065.9 18404.8 6333.89 6072.87 2965.17 781.714 8576.59 3107.7 399.988 5412.76 4529.04 14661 310.904 13364 56.1231 2707.72 4340.63 9828.22 3689.42 4235.96 6138.8 13335.5 2212.85 420.923 1421.34 3297.45
internal_count=44505 33796 109 10709 33687 17782 5028 5681 2883 801 7333 2798 898 4301 3190 15905 698 15177 87 1900 3751 10449 4386 3582 6063 15116 1398 255 1022 2492
is_linear=0
shrinkage=0.03


Tree=14
num_leaves=31
num_cat=0
split_feature=18 21 9 18 33 24 7 7 33 9 18 8 33 9 33 6 16 37 18 18 33 24 24 7 18 24 20 6 3 24
split_gain=5078.15 1257.23 1209.83 1188.64 1132.89 998.828 508.898 456.31 326.696 275.643 259.814 255.177 232.651 216.832 199.844 170.843 163.089 158.255 155.608 154.368 150.919 149.703 145.907 131.938 130.254 130.151 118.953 110.694 97.777 95.9007
threshold=-2.1460314186234686 -5.7239223525402076 10.836450000000001 -0.7363786012600525 0.084130184833143676 -0.032247759394263838 32.033750000000005 31.672750000000004 0.11819852791021429 10.460000000000003 -1.4469339754519479 7.5132500000000011 0.048473446339282286 10.862500000000002 0.25337645510188894 11.720300000000002 12.605550000000001 1.0000000180025095e-35 -4.5536275181518127 -0.242294823582311 0.15514241441344703 -0.74441730022405961 -0.77786766366919291 31.917650000000005 -2.5766539603960381 -0.44504625642270151 26.821530443686584 11.339950000000002 9.4525000000000023 -0.78856175031405207
decision_type=2 2 8 2 2 2 10 10 2 8 2 10 2 8 2 10 2 2 2 2 2 2 2 10 2 2 2 10 2 2
left_child=5 2 -2 4 10 6 8 24 29 14 22 17 -9 16 27 -15 -14 -5 -8 25 -20 -12 -3 -18 -7 -13 -4 -6 -17 -1
right_child=1 3 26 11 9 7 18 12 -10 -11 21 19 13 15 -16 28 23 -19 20 -21 -22 -23 -24 -25 -26 -27 -28 -29 -30 -31
leaf_value=0.035707478719800324 -0.021383721190515684 0.019158352405258088 0.10260569417477595 -0.085767329769277201 -0.016007720595885976 -0.051520097797229075 0.057870732228135213 0.019359644749315862 0.0049212585623035236 -0.005266563616547571 0.0061359143781283586 -0.0035394631503148362 -0.024165021961978846 0.029761016066448532 -0.029830885631164414 0.023078892065491238 -0.0039934972603879381 -0.021456919753157336 0.037659258187095604 -0.013289962059373727 0.0098928141932561817 -0.0026130088915669743 0.0065975073011775073 0.013500572583388316 -0.011553567056171905 -0.012063270966429633 0.21807916988032919 0.0067985553131896092 -0.021194886533334255 0.021927871970262962
leaf_weight=534.95099124312401 40.978760361671448 1025.8052729666233 13.362639248371122 34.297440737485886 1415.1034964025021 131.84470725059509 299.76854047179222 1316.2199659645557 1044.0675466060638 2301.9373211860657 2693.4626511633396 3843.5404691398144 240.52750647068024 428.49529856443405 1024.9144303500652 71.267409324645996 1098.4089462161064 1661.4214798808098 1458.7547846138477 8123.1483990848064 201.33043134212494 5075.575807839632 4406.9984241127968 598.64623832702637 165.69672667980194 2777.6472784280777 41.869602978229523 220.92896890640259 117.59122538566589 3128.1938480436802
leaf_count=601 23 1385 15 68 795 287 172 1230 712 3284 2807 3487 135 962 576 121 618 1015 1265 10479 143 4609 4095 336 267 2381 76 124 261 2229
internal_value=-4.23122e-05 -0.00564061 0.102097 -0.00594309 -0.000653469 0.0178848 0.0250864 0.00636399 0.0197309 -0.0128714 0.00394018 -0.0117872 0.00911792 0.00383621 -0.0194458 0.0193037 -0.00109948 -0.0228074 0.0379328 -0.0105184 0.0342998 0.000420571 0.0089723 0.00218196 -0.0293765 -0.00711656 0.192464 -0.0129257 -0.00445424 0.0239494
internal_weight=45536.8 34701 96.211 34604.8 18164.7 10835.8 6667.07 4168.7 4707.21 4962.88 13201.8 16440.1 3871.16 2554.94 2660.95 617.354 1937.58 1695.72 1959.85 14744.3 1660.09 7769.04 5432.8 1697.06 297.541 6621.19 55.2322 1636.03 188.859 3663.14
internal_count=44558 35219 114 35105 17675 9339 5122 4217 3542 4779 12896 17430 3663 2433 1495 1344 1089 1083 1580 16347 1408 7416 5480 954 554 5868 91 919 382 2830
is_linear=0
shrinkage=0.03


Tree=15
num_leaves=31
num_cat=0
split_feature=18 21 5 18 24 24 18 6 8 46 18 48 25 21 21 5 25 5 15 46 24 24 24 3 24 5 44 8 28 8
split_gain=4864.92 1091.25 1204.89 1141.53 958.253 707.998 585.988 356.841 317.163 301.688 228.077 176.027 171.382 169.521 168.945 156.258 154.8 174.195 144.941 144.332 136.67 128.872 156.873 125.958 125.608 123.204 118.726 117.864 138.358 115.422
threshold=-2.1647542088752183 -5.7239223525402076 31.696350000000006 -0.90682181916364513 -0.15207348400340251 -0.10088855117215338 -3.3139835742574255 7.8741500000000011 7.8594500000000007 0.31073822972278026 -0.28147312985838541 0.17865749662214545 -0.79382744783423187 -1.0342941769463889 1.0258553676943756 31.766450000000003 -0.62587551141915865 31.741950000000006 20.740193194719478 0.026974887217625958 -0.77786766366919291 -0.79902248885025529 -0.36647417525074694 9.7005000000000017 0.30675521904633613 32.023950000000006 0.08103878337849578 8.5556000000000019 14.612210520841179 9.213650000000003
decision_type=2 2 10 2 2 2 2 10 10 2 2 2 2 2 2 8 2 8 2 2 2 2 2 2 2 8 2 10 2 8
left_child=4 2 20 5 6 16 18 15 14 11 12 27 24 -11 -5 -7 17 -3 -1 -9 -2 -8 -23 -17 -10 26 -13 28 -6 -25
right_child=1 3 -4 8 9 7 21 19 10 13 -12 25 -14 -15 -16 23 -18 -19 -20 -21 -22 22 -24 29 -26 -27 -28 -29 -30 -31
leaf_value=0.065847818583174372 0.22640493663469571 0.00018530069682978092 -0.029393860399016744 -0.016759507606779495 -0.015664502346095975 -0.0052368888086615668 0.034022178469773817 -0.0086481592943670089 -0.0082303242996927487 0.0074044672307420579 -0.012446870175656575 0.030146130372662942 -0.0031329290013992431 -0.045076887082092468 -0.040963758488338803 -0.012660403270353102 0.011697636257812307 0.012857231703042985 0.039432762010119561 0.0027873578981229405 0.12272653309099756 0.014249594882185367 0.027628668435275061 -0.018771307168745584 -0.027801278771755419 -0.012972069002619853 0.012342091122885614 -0.0063094542254285351 0.03376026700028608 -0.041181103972448563
leaf_weight=229.3919737637043 31.179491579532623 4121.9287868142128 40.978760361671448 3345.1140251755714 74.385358482599258 1116.671219855547 588.84696954488754 1485.0346418023109 845.85506442189217 89.97510427236557 7673.2728777229786 373.70847764611244 6425.2023719251156 142.08939734101295 281.06084552407265 1132.2609656453133 2987.4407146275043 1278.3591547608376 1074.3561955690384 2995.012876868248 25.389014571905136 2307.2823768854141 1201.7466897368431 512.67992582917213 453.43889182806015 156.78830051422119 3420.3902262747288 803.54004013538361 157.67914313077927 349.65572699904442
leaf_count=146 70 4448 23 1942 71 1388 794 994 1269 118 10369 482 5590 232 238 805 3611 938 732 2887 18 1559 931 338 337 100 2576 1033 327 248
internal_value=-3.60596e-05 -0.00541896 0.0942726 -0.00569947 0.0177537 0.000211933 0.0266103 -0.00642544 -0.0106645 0.00858308 -0.00878365 0.0101406 -0.00514358 -0.0247846 -0.0186463 -0.0142287 0.00621914 0.00318683 0.0441273 -0.00100434 0.182812 0.0210278 0.0188381 -0.0192576 -0.0150765 0.0130257 0.0141032 -0.000868251 0.0179185 -0.0278951
internal_weight=45720.7 35100.5 97.5473 35003 10620.2 15979 5401.62 7591.32 19023.9 5218.56 15397.8 4986.49 7724.5 232.065 3626.17 3111.27 8387.73 5400.29 1303.75 4480.05 56.5685 4097.88 3509.03 1994.6 1299.29 3950.89 3794.1 1035.6 232.065 862.336
internal_count=44614 35513 111 35402 9101 15657 4162 6660 19745 4939 17565 4589 7196 350 2180 2779 8997 5386 878 3881 88 3284 2490 1391 1606 3158 3058 1431 398 586
is_linear=0
shrinkage=0.03


Tree=16
num_leaves=31
num_cat=0
split_feature=18 4 7 4 20 33 33 18 18 24 24 6 7 24 33 33 24 24 47 9 6 25 10 40 47 24 8 18 18 43
split_gain=4445.55 1032.36 890.161 739.788 1279.37 681.05 527.497 681.771 291.097 243.047 174.748 185.725 191.611 164.87 157.637 157.476 151.206 147.857 343.739 141.768 124.347 113.7 104.886 104.859 84.849 82.1425 80.7814 75.0316 73.9153 69.0029
threshold=-2.1647542088752183 24.170750000000002 32.076450000000008 24.170750000000002 22.546463746066948 0.074161634286558489 0.13367169015915445 -0.56427177129519979 -1.3561854323432347 0.79184907943689831 -0.16905184689101435 9.1126500000000021 31.917650000000005 -0.77786766366919291 0.066055340435123219 0.039874202186407449 -0.15207348400340251 -0.015050995721668367 11.99996446281023 10.386500000000002 7.4346500000000004 0.9483965485850524 0.39217821782178214 17.55908751290206 13.143550000000003 0.88469195212971963 12.114200000000002 -0.94703740484948262 -3.2640173267326724 0.1934565961557515
decision_type=2 8 10 10 2 2 2 2 2 2 2 10 10 2 2 2 2 2 2 8 10 2 2 2 2 2 10 2 2 2
left_child=2 6 5 4 21 17 7 9 14 15 28 -12 24 -6 -5 27 23 -1 -19 20 -8 -3 -20 -4 26 -9 -13 -2 -7 -22
right_child=1 3 16 8 13 10 19 25 -10 -11 11 12 -14 -15 -16 -17 -18 18 22 -21 29 -23 -24 -25 -26 -27 -28 -29 -30 -31
leaf_value=0.023222890883388494 0.0050516344983660647 0.0018722734540038647 0.059328493650559311 0.010827132317791751 0.22458852059189965 0.026870127366562462 -0.029411477745152178 -0.010920363606789349 -0.0034607750914156903 -0.01864381611015058 -0.021459589887017492 -0.0015496429229170166 0.014914030497223492 0.11596636130779678 -0.0010659575523929731 -0.0061671612155725286 0.023111076855549008 0.016787365735232842 0.0004255476378985799 -0.0077421158068648986 -0.018909717680389525 -0.097128385152910515 -0.050132229180982285 0.036469986085094476 -0.042465141167012624 -0.020271930293420757 -0.035668783104722025 -0.0010871263703012002 0.0083377474295212497 0.0021410419801216672
leaf_weight=3441.7704490721226 3976.7214403152466 22.716486722230911 216.92017713189125 3512.5924370884895 29.397806346416473 241.86377039551735 1334.9276609122753 11110.143692404032 4006.5646679699421 673.03159680962563 368.80884325504303 1310.4294889569283 663.2323280274868 28.952385038137436 1403.5225423872471 2730.8780410587788 724.25504726171494 1345.1723510026932 60.577297925949097 681.49460166692734 957.65581279993057 18.262273639440536 93.53847473859787 1168.3400916159153 50.332607835531235 915.78620982170105 64.586089700460434 3260.4839766025543 966.11881765723228 163.91504144668579
leaf_count=2684 3762 30 136 3563 66 159 750 12319 5377 386 309 1106 646 20 1336 2606 903 1031 136 1392 539 41 210 1021 113 514 40 2592 678 92
internal_value=-8.36243e-05 -0.0052828 0.0168127 0.00345225 0.0844617 0.0125293 -0.00833678 -0.00674028 0.00254107 -0.00120898 0.00272977 -0.00186343 0.00160554 0.173554 0.0074322 -3.00512e-05 0.0342741 0.0197967 0.0119214 -0.0198632 -0.0232213 -0.0435103 -0.0303852 0.0400897 -0.00459318 -0.0116341 -0.00317702 0.00228625 0.0120675 -0.015834
internal_weight=45543 34827 10715.9 9022.01 99.329 8606.43 25805 22667 8922.68 10641.1 3665.37 2457.39 2088.58 58.3502 4916.11 9968.08 2109.52 4941.06 1499.29 3137.99 2456.5 40.9788 154.116 1385.26 1425.35 12025.9 1375.02 7237.21 1207.98 1121.57
internal_count=44557 35385 9172 10433 157 7112 24952 22179 10276 9346 3051 2214 1905 86 4899 8960 2060 4061 1377 2773 1381 71 346 1157 1259 12833 1146 6354 837 631
is_linear=0
shrinkage=0.03


Tree=17
num_leaves=31
num_cat=0
split_feature=37 7 21 20 48 24 24 6 7 7 8 24 24 6 48 4 3 24 46 40 49 46 21 49 21 49 7 37 42 21
split_gain=4251.11 962.721 819.073 910.713 737.537 531.023 480.026 350.043 283.335 247.167 204.363 165.028 155.215 150.959 141.876 137.941 135.436 130.662 126.589 118.009 113.859 109.783 142.912 107.129 106.433 102.185 108.351 101.66 96.8529 95.0257
threshold=0.35844276245802881 32.063050000000011 -5.7239223525402076 26.821530443686584 0.063866914452268747 -0.15207348400340251 -0.72696319516528884 9.1690000000000023 31.369050000000005 31.917650000000005 7.5132500000000011 -0.049434980436038223 -0.15207348400340251 18.095400000000001 0.1898309965224711 1.0000000180025095e-35 9.6095000000000024 -0.78856175031405207 0.021709867258160355 20.177376984168287 31.925350000000005 0.30865511246261645 -3.3739925272923936 31.712150000000005 -2.4886904524256628 31.919750000000004 31.642150000000004 0.054435643564356435 0.37179413234898301 -2.7668748132073575
decision_type=2 10 2 2 2 2 2 10 10 8 10 2 2 8 2 10 2 2 2 2 2 2 2 2 2 2 10 2 2 2
left_child=2 5 3 -1 10 13 16 21 11 14 15 27 19 -2 25 -4 -6 -15 -10 -3 -19 22 -7 -16 -23 26 -9 -8 -25 -13
right_child=1 12 4 -5 6 7 8 9 18 -11 -12 29 -14 17 23 -17 -18 20 -20 -21 -22 24 -24 28 -26 -27 -28 -29 -30 -31
leaf_value=0.0059159882048393847 0.034176596440625796 0.044678690676339734 -0.079224119568544055 0.20197839490630742 0.00092886801031926227 -0.025442261284629016 -0.011129919411122575 -0.03605541675056171 -0.010009132940445076 0.016997719464641264 -0.010390502558893795 -0.028335371905264292 0.020834414455086495 0.026386776324479121 0.019677967826376961 -0.019975689344504784 0.010742889433891139 0.010321160943613879 0.0016344594055364573 0.028294967263046981 0.021523839306194389 0.015580875605786412 0.00066575220788308827 -0.0067892992304247673 -0.041496040570653779 -0.035721986025870137 0.0014712223241932553 -0.0019044273545032523 0.0074205604325829335 -0.012189345845086399
leaf_weight=53.00513568520546 416.46892324090004 780.82355341315269 35.188283354043961 34.742862045764923 2911.719092220068 265.0256784260273 1695.2734993100166 81.512099415063858 1018.6785320341587 1579.4639591574669 10566.284274995327 363.90920886397362 926.47632122039795 814.67557284235954 407.11507576704025 1845.3804802000523 2237.7966527938843 3120.6216858029366 4777.588952600956 820.46604984998703 1107.3173723816872 35.188283354043961 648.9788461625576 640.07041999697685 164.80588406324387 115.36411884427071 430.2769837975502 2936.6626854836941 1321.1196003556252 3320.6158532202244
leaf_count=35 353 604 73 66 2343 157 980 183 736 1422 15526 259 1135 836 305 1107 2387 2146 4357 717 629 67 536 369 208 91 645 2606 851 2673
internal_value=-5.24427e-05 0.0139336 -0.00606807 0.0849459 -0.0063226 0.0101416 -0.00264447 0.00372665 -0.00550512 0.0073988 -0.012014 -0.0090535 0.0306464 0.0168248 0.00233344 -0.0211258 0.00519495 0.0153852 -0.000413244 0.0363069 0.0132596 -0.0113471 -0.00692409 0.00569337 -0.031426 -0.0103434 -0.00456426 -0.0052826 0.00278181 -0.0137913
internal_weight=45472.6 13675.8 31796.8 87.748 31709.1 11148 19262.2 5688.92 14112.7 4574.92 12446.9 8316.46 2527.77 5459.08 2995.46 1880.57 5149.52 5042.61 5796.27 1601.29 4227.94 1114 914.005 2368.31 199.994 627.153 511.789 4631.94 1961.19 3684.53
internal_count=44402 11254 33148 101 33047 8798 16341 4834 11611 3866 16706 6518 2456 3964 2444 1180 4730 3611 5093 1321 2775 968 693 1525 275 919 828 3586 1220 2932
is_linear=0
shrinkage=0.03


Tree=18
num_leaves=31
num_cat=0
split_feature=37 33 21 4 18 33 7 7 24 18 18 6 4 24 8 24 46 45 20 4 21 24 18 34 7 8 24 9 7 16
split_gain=3914.42 847.029 792.911 1012.16 786.088 812.058 446.775 343.776 321.304 224.106 219.886 194.106 173.077 147.974 134.766 129.771 198.826 126.953 122.109 118.153 117.073 110.178 104.351 100.097 117.501 78.5148 155.088 71.0239 122.228 95.7518
threshold=0.37457398467115749 0.074161634286558489 -5.7239223525402076 12.042250000000001 -0.56427177129519979 0.057401324026542112 32.020450000000004 32.033750000000005 -0.11798679274379933 -1.0983206383546367 -3.209361959195602 7.8930500000000006 27.338900000000002 -0.72101013194340913 7.5132500000000011 -0.015050995721668367 0.32647714087384211 -0.4611735103601543 26.821530443686584 1.0000000180025095e-35 -3.1242935819840159 0.79184907943689831 -2.3837473810651439 9.2002636363637382 31.917650000000005 9.7142000000000017 0.29033824002281988 10.836450000000001 31.833250000000003 12.468152066115765
decision_type=2 2 2 10 2 2 10 10 2 2 2 10 8 2 10 2 2 2 2 10 2 2 2 2 10 10 2 8 8 2
left_child=2 6 3 18 5 9 15 12 -7 13 -8 25 23 -4 19 22 27 -9 -1 -6 -14 -11 -2 -3 -25 26 -10 29 -29 -17
right_child=1 7 4 -5 14 8 10 17 11 21 -12 -13 20 -15 -16 16 -18 -19 -20 -21 -22 -23 -24 24 -26 -27 -28 28 -30 -31
leaf_value=0.08576680547163068 0.023027279255426858 -0.023418695884076031 0.012692473439191677 -0.023475294809970366 -0.076874295668187487 -0.0011165622207696441 0.043680241810176421 0.035724969853190326 0.009522137528649291 -0.00059546329451707204 0.023534640219083355 -0.0082202448869568845 0.1173594695958583 0.0031205388789956228 -0.010340935316894661 -0.018422120101225802 -0.058896427087400435 0.012783180878316997 0.20962942141089383 -0.018958612697528285 0.013289508099107099 -0.016224273252733762 0.013361951097035557 -0.0045133492606351591 0.0085148843235636571 -0.030051719899921947 -0.020900882664882124 -0.026415542927448132 0.013944126246713979 0.015173466930523969
leaf_weight=11.580954015254973 2323.7629652917385 189.74947732686996 2149.6032337546349 40.978760361671448 31.624912887811661 2042.7021197676659 874.36202815175056 313.57660102844238 167.03299060463905 5862.1898382604122 1113.1078493893147 1789.7028166651726 8.9084261655807477 4487.6196809113026 12321.244229614735 80.175835490226746 36.96996858716011 707.32903754711151 33.852019429206848 1299.2939562499523 605.77297925949097 435.17661818861961 1782.1306544244289 2339.3527110815048 848.08217096328735 668.57738372683525 1503.2969154417515 117.59122538566589 155.89745789766312 1329.5826052129269
leaf_count=11 1656 117 2642 23 65 2474 757 419 126 5379 1110 1642 8 4579 14180 45 83 586 70 808 457 251 1253 1898 710 622 1260 246 326 747
internal_value=-9.55887e-05 0.0139583 -0.00558413 0.0846519 -0.00582474 -0.00189615 0.0201326 0.00433195 -0.0108493 0.00237604 0.032415 -0.0156632 0.000357254 0.00622205 -0.0113222 0.0159379 0.00901279 0.0198579 0.180584 -0.0203915 0.0149859 -0.00167789 0.0188364 -0.00230896 -0.00104534 -0.0213526 -0.0178547 0.0105384 -0.00344223 0.0132511
internal_weight=45670.8 12826.4 32844.5 86.4117 32758.1 19105.9 7813.58 5012.77 6171.31 12934.6 1987.47 4128.61 3991.87 6637.22 13652.2 5826.11 1720.22 1020.91 45.433 1330.92 614.681 6297.37 4105.89 3377.18 3187.43 2338.91 1670.33 1683.25 273.489 1409.76
internal_count=44550 10418 34132 104 34028 18975 6223 4195 6124 12851 1867 3650 3190 7221 15053 4356 1447 1005 81 873 465 5630 2909 2725 2608 2008 1386 1364 572 792
is_linear=0
shrinkage=0.03


Tree=19
num_leaves=31
num_cat=0
split_feature=18 18 21 33 24 47 7 8 33 18 24 33 33 33 47 40 10 24 21 33 48 35 6 24 5 32 33 8 18 24
split_gain=3863.77 867.927 1800.69 792.078 788.591 508.267 384.056 305.428 270.124 233.9 227.726 207.658 195.462 173.625 163.529 157.436 138.359 137.611 136.785 117.049 115.054 107.725 86.135 92.3742 84.4784 96.9032 82.213 84.7769 81.8577 77.834
threshold=-2.2006503778739339 -1.0614347543570444 -5.7239223525402076 0.066055340435123219 -0.032247759394263838 12.192015289256522 31.989850000000001 7.8594500000000007 0.20172621792915155 -0.242294823582311 0.019350803001866129 0.20868229440951955 0.11170801560320683 0.095632358540403112 10.597250000000003 17.55908751290206 0.38755775577557749 -0.77786766366919291 1.0258553676943756 0.15514241441344703 0.31530887988127682 0.09092194454585785 11.843100000000002 0.13930990466364487 31.672050000000002 18.458425000000002 0.032589492171964128 11.464400000000001 -3.209361959195602 -0.59869031648930193
decision_type=2 2 2 2 2 2 10 10 2 2 2 2 2 2 2 2 2 2 2 2 2 2 10 2 8 2 2 10 2 2
left_child=4 3 21 17 6 8 13 18 26 12 -7 -5 29 -1 22 -8 -12 -2 -4 28 -19 -3 23 -13 -10 -26 -6 -28 -17 -9
right_child=1 2 7 11 5 10 15 9 24 -11 16 14 -14 -15 -16 19 -18 20 -20 -21 -22 -23 -24 -25 25 -27 27 -29 -30 -31
leaf_value=0.020793938534087505 0.013192349145667174 0.20449466370808847 -0.015075526503361124 -0.0037641135102739892 0.021595975360773963 0.032954591483023647 0.051332648858969147 -0.00050017307431082304 0.014998426437217565 -0.011348654220215793 -0.0089206118356487101 -0.043528336366633599 -0.017826151292833617 0.0068541272620371973 -0.004829428446240981 0.039567430961560839 -0.052921771836053608 0.0019282952988268424 -0.037052986781626315 0.011094305201386328 0.01038019001461252 0.10780764968998768 0.002769063032617319 -0.021362183444780729 -0.020181602128256152 0.00026661460347089433 0.011996623547140676 -0.016276624448286706 0.026219126698813586 -0.0060334380534318591
leaf_weight=3072.9616058170795 2074.3270326554775 29.843227654695511 3457.3601948618889 3125.521320194006 887.72466740012169 44.987552136182785 338.07477298378944 5051.968478500843 177.27768069505692 7268.3849084973335 94.874738663434982 212.46596404910088 876.14371338486671 1090.8367839753628 687.28507867455482 745.1898487508297 201.77585265040398 4964.6659020781517 274.82494720816612 279.72458159923553 2046.7109115421772 22.271065413951874 103.78316482901573 847.63674965500832 339.41103690862656 538.51436170935631 1493.0522253513336 101.11063697934151 955.87412756681442 4181.1698208153248
leaf_count=2309 2575 67 2026 3057 781 101 276 4700 278 10006 213 120 917 727 988 533 453 5275 233 187 1154 20 59 574 219 471 1387 62 814 3954
internal_value=9.69438e-05 -0.00464008 -0.00847871 0.00113673 0.0161997 0.00549809 0.0226009 -0.00891725 0.00887545 -0.00724417 -0.0293926 -0.00848245 -0.0042923 0.0171445 -0.0164426 0.0323869 -0.0389266 0.00640599 -0.0167034 0.0291291 0.00439664 0.165983 -0.0232902 -0.0258416 -0.00383668 -0.00765275 0.0142795 0.0101943 0.0320865 -0.00300626
internal_weight=45585.8 35224.4 21162 14062.4 10361.4 3878.73 6482.66 21109.9 3537.09 17377.7 341.638 4976.69 10109.3 4163.8 1851.17 2318.86 296.651 9085.7 3732.19 1980.79 7011.38 52.1143 1163.89 1060.1 1055.2 877.925 2481.89 1594.16 1701.06 9233.14
internal_count=44536 35725 21923 13802 8811 3965 4846 21836 3198 19577 767 4798 9571 3036 1741 1810 666 9004 2259 1534 6429 87 753 694 968 690 2230 1449 1347 8654
is_linear=0
shrinkage=0.03


Tree=20
num_leaves=31
num_cat=0
split_feature=37 7 21 4 33 48 33 36 4 9 33 8 36 48 20 6 33 20 48 7 7 9 43 37 33 33 19 14 49 46
split_gain=3655.01 917.345 739.816 835.273 688.231 569.946 459.605 286.241 210.568 184.856 163.029 159.487 157.172 135.907 148.994 155.886 113.638 113.216 109.64 110.956 87.2868 84.0351 136.56 82.8861 77.3268 76.0125 75.4422 75.1314 67.9637 65.7096
threshold=0.32948932165937378 32.073750000000011 -5.7239223525402076 19.50375 0.049459346942722505 0.058575640968606062 0.13367169015915445 1.6419413223138906 26.965600000000002 10.575250000000002 0.20172621792915155 7.5132500000000011 12.052200000000001 0.17065918001196095 19.263580471054485 12.756100000000002 0.036806955864656425 26.821530443686584 0.18091678295346317 31.938950000000002 31.86035 11.375150000000001 0.13187812714805258 1.0000000180025095e-35 0.3724239529756373 0.080131810163009576 3.5938391683164785 3.5293500000000004 31.819850000000006 0.3049662393970225
decision_type=2 10 2 8 2 2 2 2 8 8 2 10 2 2 2 8 2 2 2 10 10 8 2 2 2 2 2 2 2 2
left_child=2 4 3 -1 13 11 7 -7 10 24 18 23 25 14 15 -2 27 -5 29 -20 -15 -12 -23 -4 -8 -3 -17 -9 -25 -6
right_child=1 12 5 17 8 6 9 16 -10 -11 21 -13 -14 20 -16 26 -18 -19 19 -21 -22 22 -24 28 -26 -27 -28 -29 -30 -31
leaf_value=-0.023644971924852341 0.0029396502144000015 0.029691682602006358 -0.069288626219422014 0.086224502417013738 -0.0027621099945287523 -0.0078260322438929754 -0.01781105593962921 0.00076923224022754414 0.012511786769887576 -0.0054181013933341619 -0.011063584062355174 -0.010023048221381432 0.049421379956807766 0.014691324740801894 0.017099813076045984 -0.067285924153020593 -0.0036040979403735491 0.19158800746596158 0.0034796483235053524 0.019614702768626844 0.022558383792546419 0.029888676269100516 -0.0053869103713047473 -0.036222012746901427 -0.03330320035915614 0.017495621986973322 -0.01621465080611343 0.0065360236413225812 -0.016903893780495699 -0.02972007571013759
leaf_weight=39.197075128555298 449.43010005354881 1503.7423367500305 28.952385038137436 16.035167098045349 774.14223378896713 4396.3083127140999 941.62064570188522 5442.1575445532799 1339.3818739950657 955.87412756681442 1503.2969154417515 9107.0840690732002 291.75095692276955 3495.6664273738861 550.54073703289032 43.205866903066635 3314.8253762125969 33.852019429206848 1785.6940248906612 487.73633256554604 2003.9504659473896 126.05423024296761 442.74878042936325 182.17731508612633 422.25940024852753 670.80449026823044 65.476932317018509 3245.339652121067 1647.1679980158806 89.97510427236557
leaf_count=22 457 1546 62 15 892 2520 530 4097 1003 1498 846 14356 232 2067 1236 97 3185 67 1117 393 1355 283 625 142 237 705 147 3551 956 202
internal_value=0.000198279 0.0119488 -0.00596813 0.0798765 0.00880019 -0.00622844 -0.00304648 -0.00127801 0.00190738 -0.0155421 -0.000820857 -0.0116594 0.0287359 0.0156299 0.00604064 -0.00487956 0.00112091 0.160081 0.00349164 0.00694833 0.0175615 -0.00734932 0.00246936 -0.0196692 -0.0226283 0.0259392 -0.0369459 0.002924 -0.0188464 -0.00560018
internal_weight=45396.4 15623.6 29772.9 89.0843 13157.3 29683.8 18718.4 16398.6 6549.03 2319.75 5209.65 10965.4 2466.3 6608.27 1108.65 558.113 12002.3 49.8872 3137.55 2273.43 5499.62 2072.1 568.803 1858.3 1363.88 2174.55 108.683 8687.5 1829.35 864.117
internal_count=44441 13203 31238 104 10720 31134 15618 13353 5361 2265 4358 15516 2483 5359 1937 701 10833 82 2604 1510 3422 1754 908 1160 767 2251 244 7648 1098 1094
is_linear=0
shrinkage=0.03


Tree=21
num_leaves=31
num_cat=0
split_feature=18 21 18 47 33 33 36 8 19 18 25 24 47 25 32 24 24 45 21 18 47 33 21 6 20 46 42 22 48 5
split_gain=3285.48 809.106 818.325 761.473 700.458 638.377 297.495 287.159 277.944 200.382 201.081 163.7 162.774 166.306 157.466 157.284 144.052 131.385 124.662 119.529 109.742 108.893 105.477 103.335 89.7355 86.168 83.3562 81.371 80.514 79.8926
threshold=-2.1460314186234686 -5.7239223525402076 -1.0486571254125401 10.847150000000001 0.074161634286558489 0.084130184833143676 10.027700000000003 7.8594500000000007 6.2500513465346552 -0.2009896147614558 -0.79382744783423187 0.30675521904633613 10.42135330578512 -0.99052477729077237 23.893924999999999 -0.15207348400340251 -0.77786766366919291 0.20620324613804389 0.80176173454518829 -3.209361959195602 22.439804958677993 0.27599739672685247 1.8611056056881889 12.887500000000001 26.821530443686584 0.34770410699842835 0.51572653516360989 0.60355339059327384 0.21710523401333429 31.819850000000006
decision_type=2 2 2 2 2 2 2 10 2 2 2 2 2 2 2 2 2 2 2 2 2 2 2 10 2 2 2 2 2 10
left_child=4 3 5 -2 6 16 15 18 14 10 11 -9 13 23 17 19 -3 -6 -4 -1 26 -15 -17 28 -5 -24 -18 -10 -7 -20
right_child=1 2 7 24 8 12 -8 9 27 -11 -12 -13 -14 21 -16 22 20 -19 29 -21 -22 -23 25 -25 -26 -27 -28 -29 -30 -31
leaf_value=0.036086448101720237 -0.019448213766615752 0.011975358323604001 -0.013900543655678744 0.085286873209568334 -0.002281393330772364 -0.060893998035580071 0.038076015057966844 -0.0061762008060340396 0.014879355072331285 -0.010920230101723521 -0.0022560901719071652 -0.023699006766678896 -0.0026741939489891686 -0.0056126923573745439 0.0094299581686737213 0.01373725738846609 0.0027564005923862256 -0.050637887533510555 -0.045212025892339219 0.019984577835712634 -0.01090520546683474 -0.021367612878369 -0.0049919361515436446 0.0049121114715780729 0.18090067089675979 -0.080720030132746173 0.012294586207105567 0.036111081796950446 -0.028708047692033844 -0.020748031961173398
leaf_weight=486.40006864070892 37.415389895439148 2137.5768584311008 3245.7850734293461 15.144324481487272 2172.3197204768658 102.00147959589958 769.24259939789772 1281.4771039187908 530.0513568520546 6912.4932831823826 8332.050992667675 767.01549285650253 1935.3555844724178 1212.43680113554 1400.8500145375729 2163.8567156195641 5922.7671361863613 50.778029143810272 189.74947732686996 2878.3124940991402 468.58321630954742 585.28359907865524 120.70917454361916 57.013927459716797 38.306232511997223 14.253481864929197 957.21039149165154 235.18245077133179 231.61908030509949 334.51140251755714
leaf_count=378 21 2636 1896 16 2027 58 710 1854 473 9642 7399 591 2539 853 967 1822 5182 102 186 2403 1052 378 181 32 71 32 556 216 130 202
internal_value=-0.000165643 -0.00465929 -0.00489473 0.0842566 0.0142686 0.000838804 0.0205725 -0.00859931 0.00502707 -0.00696304 -0.00432712 -0.0127456 -0.00901434 -0.0146177 0.00155568 0.0181887 0.00512256 -0.00340818 -0.016101 0.0223223 0.00312783 -0.010751 0.0121315 -0.0323394 0.155874 -0.0135245 0.00408504 0.0214432 -0.0387012 -0.0296717
internal_weight=45585.8 34763.8 34672.9 90.8659 10822 13609.8 6432.77 21063.1 4389.18 17293 10380.5 2048.49 4123.71 2188.35 3623.95 5663.53 9486.14 2223.1 3770.05 3364.71 7348.56 1797.72 2298.82 390.634 53.4506 134.963 6879.98 765.234 333.621 524.261
internal_count=44605 35294 35186 108 9311 13416 5526 21770 3785 19486 9844 2445 3990 1451 3096 4816 9426 2129 2284 2781 6790 1231 2035 220 87 213 5738 689 188 388
is_linear=0
shrinkage=0.03


Tree=22
num_leaves=31
num_cat=0
split_feature=37 33 4 21 33 36 36 32 24 47 24 37 50 37 6 3 21 4 24 22 35 12 3 33 40 24 46 21 24 9
split_gain=3200.29 680.082 661.065 1287.14 436.418 559.47 401.775 220.11 217.325 262.85 190.032 185.759 180.731 173.874 158.737 107.312 100.795 100.497 98.7369 97.4709 91.0715 87.8793 85.8422 81.4019 80.3593 80.1015 113.824 77.5361 76.4949 80.7106
threshold=0.39509592777455665 0.1148300341810848 25.130000000000003 -5.0385789653165221 0.084130184833143676 1.4166780991734138 10.027700000000003 15.290625000000004 -0.015050995721668367 12.099500000000001 0.79184907943689831 0.25766042058748789 31.921650000000003 0.55029702970297023 9.2323500000000021 10.093500000000001 0.40861426385653671 14.981400000000002 -0.1350501201252472 0.60355339059327384 0.14463904221225807 18.753909917356399 10.103500000000002 0.022511397116955507 16.988152182164107 0.036545658007091128 0.1103647398999744 -1.1465640932035652 0.43442111757849838 8.8409500000000012
decision_type=2 2 8 2 2 2 2 2 2 2 2 2 2 2 10 2 2 10 2 2 2 2 2 2 2 2 2 2 2 8
left_child=2 6 4 20 5 -1 8 -5 15 -10 16 -9 17 28 18 21 -7 -3 -6 -15 -4 24 -11 -13 -2 -8 -27 -19 -14 -30
right_child=1 12 3 7 14 10 25 11 9 22 -12 23 13 19 -16 -17 -18 27 -20 -21 -22 -23 -24 -25 -26 26 -28 -29 29 -31
leaf_value=-0.0098551871765322971 -0.0077640405947175381 0.10266461475163971 0.18895374104096821 -0.068721710318884882 0.0073317968483365909 0.0020818141528305988 0.039013217851203985 -0.0027290436178622102 0.010915129304934712 -0.0041020584339375174 -0.015480600553752924 0.011094215125056537 0.00526700898899796 0.010994471961386863 -0.0044096626225578897 0.026724911664034165 -0.0064374923431689242 -0.012489639651354517 -0.019107009504749809 0.033834147105874797 0.095213726138700203 0.013054546860793286 -0.046594273551663755 0.0027208499579710037 0.0240624624608437 0.025492231423397418 -0.056158229937743331 0.0011778310597131436 -0.023641734598672227 0.015152474697989107
leaf_weight=11079.855043441057 74.830779790878296 6.6813196241855612 29.843227654695511 38.306232511997223 131.39928594231606 8493.2935062646866 881.9341903924942 3424.3990180492401 2112.1878438591957 77.948728948831558 686.39423605799675 1985.24277099967 897.07851487398148 422.25940024852753 954.98328495025635 1265.8873581290245 1464.5452616214752 803.54004013538361 3517.937492787838 280.17000290751457 18.707694947719574 2368.3050961196423 94.429317355155945 2206.6171612143517 1384.8148474395275 83.293784648180008 17.816852331161499 697.08434745669365 183.51357901096344 64.586089700460434
leaf_count=12272 60 6 67 65 199 7338 681 4763 1622 175 395 2027 730 399 1268 1018 1917 511 2690 257 15 1639 212 2149 961 151 40 740 103 115
internal_value=1.96124e-06 0.0135243 -0.00465378 0.00307596 -0.00691536 -0.00513674 0.0181022 0.00208909 0.0156978 0.00800476 -0.000224718 0.00245421 0.00211294 0.00840006 -0.0153043 0.0191459 0.00082832 -0.00559408 -0.0181533 0.0201394 0.155484 0.0166332 -0.0275139 0.00668813 0.0224266 0.0361144 0.0106954 -0.00614414 0.00118809 -0.0135224
internal_weight=45747.9 11716.4 34031.5 7703.12 26328.4 21724.1 8361.45 7654.57 7378.4 2284.57 10644.2 7616.26 3354.91 1847.61 4604.32 5093.84 9957.84 1507.31 3649.34 702.429 48.5509 3827.95 172.378 4191.86 1459.65 983.045 101.111 1500.62 1145.18 248.1
internal_count=44585 9420 35165 9086 26079 21922 6559 9004 5687 2009 9650 8939 2861 1604 4157 3678 9255 1257 2889 656 82 2660 387 4176 1021 872 191 1251 948 218
is_linear=0
shrinkage=0.03


Tree=23
num_leaves=31
num_cat=0
split_feature=18 33 21 20 7 48 33 7 18 18 33 32 18 9 25 48 33 21 25 9 6 7 7 6 20 5 6 21 48 21
split_gain=2967.19 853.595 724.717 691.168 498.173 420.19 399.049 253.174 221.49 210.686 189.336 171.722 149.029 135.873 132.267 165.975 129.994 115.383 107.09 97.0961 94.8731 113.08 84.3273 79.8405 81.3728 78.1557 95.2719 75.1645 72.1885 70.9542
threshold=-1.6928017333822625 0.1148300341810848 -5.7239223525402076 25.188137800746688 32.097650000000009 0.056677077103683526 0.20868229440951955 32.082250000000009 -2.2782056928236032 -0.53942715587917156 0.023332980949729059 27.480400000000007 -3.209361959195602 12.875050000000002 -0.61236746317008228 0.18091678295346317 1.0000000180025095e-35 1.6722393743375792 -0.63257203029273779 7.4647500000000013 9.1690000000000023 31.917650000000005 31.892350000000004 10.126800000000001 22.546463746066948 31.677850000000003 7.8741500000000011 -3.3312975091370105 0.31740314971094435 -1.950958557578401
decision_type=2 2 2 2 10 2 2 10 2 2 2 2 2 8 2 2 2 2 2 8 10 8 10 10 2 10 10 2 2 2
left_child=1 4 3 -2 8 16 9 11 14 10 -7 20 -6 -8 15 17 -4 23 28 -18 -3 -22 -17 -1 -25 -12 -27 -9 -10 -15
right_child=2 7 5 -5 12 6 13 27 18 -11 25 -13 -14 29 -16 22 19 -19 -20 -21 21 -23 -24 24 -26 26 -28 -29 -30 -31
leaf_value=0.01327334891180324 0.0053664169561865142 -0.01163734762469512 -0.071040634974263481 0.16971194454245553 0.039584520230118943 0.0029789315502190996 -0.024432296650716029 0.043641739176784142 0.0018680361519411027 -0.0076850393549841777 -0.0010450421775000565 0.014794086206651326 0.021605651431557061 0.03299448852989896 0.031677265153290217 0.013404103758845003 -0.017169703249851318 -0.035352971672717545 0.017879452567522276 -0.0093694601627144092 -0.0059227008530878854 0.0079862899214766195 0.02217957997865572 -0.028425710385659844 0.012768478719128921 -0.014258598880781221 -0.0027264046259362568 0.013752594163715636 0.010291883518218746 -0.0076122523232782105
leaf_weight=344.31067129969597 52.559714376926422 1296.6214284002781 31.179491579532623 40.087917745113373 756.77080276608467 7326.7350998818874 1023.5781664252281 90.865946888923645 2314.4091178178787 4570.4680442512035 2975.4143393039703 436.06746080517769 929.59427037835121 44.542130827903748 457.00226229429245 2481.4421084225178 1712.1995090246201 72.158251941204071 710.44698670506477 8954.7499816417694 1694.8280780017376 761.67043715715408 1643.6046275496483 103.78316482901573 72.603673249483109 1221.3452273011208 1365.6617311835289 443.19420173764229 1514.4324481487274 257.8989374935627
leaf_count=467 34 1021 64 75 595 5991 576 90 2442 2620 3284 373 1214 97 486 1521 961 162 845 14131 1462 708 1263 203 163 876 939 482 853 570
internal_value=-0.000151595 0.0102012 -0.00579566 0.0775304 0.0146438 -0.00606012 -0.00335715 -0.000522797 0.0120286 -0.00215162 -0.000189033 -0.00300412 0.0296925 -0.0192167 0.0162712 0.0147725 -0.0108057 -7.01543e-05 0.00718946 -0.010623 -0.00507545 -0.00160854 0.0169052 0.00487773 -0.0114931 -0.00436161 -0.00817425 0.01891 0.00520176 -0.00154285
internal_weight=45700.2 16123.8 29576.4 92.6476 11400.6 29483.8 18785.6 4723.25 9714.19 17459.6 12889.2 4189.19 1686.37 1326.02 5174.9 4717.9 10698.1 592.856 4539.29 10666.9 3753.12 2456.5 4125.05 520.698 176.387 5562.42 2587.01 534.06 3828.84 302.441
internal_count=44568 14350 30218 109 10214 30109 14953 4136 8405 13710 11090 3564 1809 1243 4265 3779 15156 995 4140 15092 3191 2170 2784 833 366 5099 1815 572 3295 667
is_linear=0
shrinkage=0.03


Tree=24
num_leaves=31
num_cat=0
split_feature=18 24 21 18 33 4 18 33 47 8 9 33 14 24 24 33 33 9 7 21 47 25 18 47 24 7 47 18 9 24
split_gain=2760.55 693.239 643.378 677.349 645.612 586.96 337.231 272.659 224.909 207.676 195.413 166.759 154.733 152.006 148.973 143.845 138.137 135.081 130.258 127.958 109.013 103.315 100.784 88.9996 89.4335 86.1377 107.006 92.8229 86.1301 81.2196
threshold=-2.1460314186234686 -0.15207348400340251 -5.7239223525402076 -0.90682181916364513 0.084130184833143676 11.605300000000002 -3.209361959195602 0.048473446339282286 13.143550000000003 7.8594500000000007 8.1933500000000006 0.27599739672685247 0.53417272727267495 0.019350803001866129 0.27383534524298775 0.20172621792915155 0.037573767444857721 11.92055 31.754850000000001 1.0258553676943756 13.437900000000001 -0.80417042486635371 -5.0374517755775559 23.373400000000004 -0.69674959280705229 31.84065 10.597250000000003 -2.7110646402640248 10.757700000000002 0.29033824002281988
decision_type=2 2 2 2 2 10 2 2 2 10 10 2 2 2 2 2 2 8 10 2 2 2 2 2 2 10 2 2 10 2
left_child=1 6 5 4 14 -2 28 25 10 19 18 -6 -11 -10 23 -12 -8 -13 -9 -5 -16 29 -20 -4 -25 26 -3 -28 -1 -14
right_child=2 7 3 9 11 -7 16 8 13 12 15 17 21 -15 20 -17 -18 -19 22 -21 -22 -23 -24 24 -26 -27 27 -29 -30 -31
leaf_value=0.041057867764344724 0.13767063543865057 0.014118071966910348 0.0071035444541884332 -0.013101982497009033 -0.0056519590736795137 -0.020861716620542755 0.02074961331041237 -0.0069130024231520955 0.031376579262749116 -0.010142417532385786 0.0041142372529225551 -0.024523562172944796 -0.006811464815337823 -0.049381037593523795 -0.00079152029367800291 -0.010310441581332909 0.0095554496085925467 -0.0037718049316890767 -0.063907726162945377 -0.034322837990038164 -0.039764022576714277 -0.0026671072020625786 0.027354907412809493 0.0041233900519928287 -0.017937835664440828 0.018045459663666195 -0.032851927373519239 0.0060326512836746723 0.026417959309081303 -0.023071890996540275
leaf_weight=636.06162822246552 53.450556993484497 380.389797270298 7472.3878676891327 3323.7338023781776 3239.5491751134396 33.852019429206848 2340.2435536980629 151.88866612315178 24.498171955347061 6708.9357452988625 1499.7335449755192 932.26679822802544 890.39719524979591 123.82712370157242 2973.6326540708542 1061.8843989372253 1726.8984121978283 405.3333905339241 10.24469009041786 276.60663244128227 65.031511008739471 7269.2757511138916 441.85793781280518 447.64841482043266 261.01688665151596 1424.0119225680828 102.44690090417862 118.03664669394493 862.78107413649559 400.87917745113373
leaf_count=543 81 218 6672 1939 3178 19 1957 341 55 9497 844 524 1399 278 2653 596 1294 718 23 234 146 6309 992 1005 586 1289 179 214 485 309
internal_value=-8.56533e-05 0.0130826 -0.00421772 -0.0044236 0.000159656 0.0766588 0.0204898 0.00535776 5.74112e-05 -0.00826028 0.00175404 -0.00933458 -0.00673125 -0.0359219 0.00403337 -0.00186701 0.0160001 -0.0182427 0.0170892 -0.0147414 -0.00163839 -0.00405703 0.0251504 0.00613996 -0.00401607 0.014028 0.00449291 -0.0121017 0.0326539 -0.0118735
internal_weight=45658.8 10904.8 34754 34666.7 15796.9 87.3026 5565.98 5338.82 3313.93 18869.8 3165.61 4577.15 15269.5 148.325 11219.7 2561.62 4067.14 1337.6 603.991 3600.34 3038.66 8560.55 452.103 8181.05 708.665 2024.89 600.873 220.484 1498.84 1291.28
internal_count=44577 9308 35269 35169 15482 100 4279 5029 3129 19687 2796 4420 17514 333 11062 1440 3251 1242 1356 2173 2799 8017 1015 8263 1591 1900 611 393 1028 1708
is_linear=0
shrinkage=0.03


Tree=25
num_leaves=31
num_cat=0
split_feature=18 18 21 7 33 33 9 11 33 33 4 5 7 9 43 36 41 28 41 33 36 18 33 18 46 48 21 7 22 36
split_gain=2840.39 625.48 1206.54 543.195 519.903 403.357 210.779 160.381 150.466 148.504 134.309 115.983 111.802 146.348 131.984 109.247 104.495 128.882 93.6753 88.2842 81.1733 78.8765 76.5421 75.1584 71.9794 70.7231 113.43 64.3552 62.7439 61.0987
threshold=-2.1647542088752183 -1.0486571254125401 -5.7239223525402076 32.073750000000011 0.064603875657733581 0.048473446339282286 9.3274500000000025 24.037650000000003 0.19466059693733648 0.064603875657733581 1.0000000180025095e-35 31.851750000000006 31.667850000000005 10.896700000000001 0.12393481906408287 12.052200000000001 11.807000000000002 16.021000000000004 10.342650000000001 0.02371638674008086 1.045792561983369 -4.1299074686468638 0.062988094113093168 -3.209361959195602 0.0040306661685677652 0.18091678295346317 1.6722393743375792 31.829250000000005 -0.9159756150367534 4.9339152892552276
decision_type=2 2 2 10 2 2 10 2 2 2 10 8 10 8 2 2 2 2 2 2 2 2 2 2 2 2 2 10 2 2
left_child=3 4 -3 5 19 25 9 12 -6 10 -4 -10 -7 16 27 22 17 -14 -11 -2 -12 -16 -5 -9 -22 26 -1 -15 -19 -13
right_child=1 2 6 15 8 7 -8 23 11 18 20 29 13 14 21 -17 -18 28 -20 -21 24 -23 -24 -25 -26 -27 -28 -29 -30 -31
leaf_value=0.01182200243848378 0.0075443071305625435 0.14067208534652667 -0.071022806895301313 0.029247398891418159 -0.0025822788825138662 -0.021679011203010617 -0.0021788092062068999 0.021757230501338862 -0.0071980872270557047 -0.018768190168443399 -0.0096728165650955458 -0.029777575014481812 -0.02022550474786769 0.0092480952003172155 -0.050520582749897971 0.045040424918785224 -0.024191617248160071 -0.012935493572799073 -0.0025684608713323763 0.0013580774951895875 -0.016546315196631169 0.0070793940725988732 0.016554858419859202 0.0075755551856153455 -0.003787080408230756 0.018887716924499934 -0.033512987828294483 0.044901833627824607 0.005189767347574363 -0.013042228350525441
leaf_weight=568.80301067233086 5738.3627145588398 48.550922602415085 29.397806346416473 1186.1569439470768 3066.725707501173 204.89380180835724 5019.8981443047523 448.53925743699074 1169.6763555407524 1989.2515627741814 8483.4942374825478 426.7136133313179 245.87256217002869 66.813196241855621 22.716486722230911 272.1524193584919 175.05057415366173 194.20369040966034 383.50774642825127 3253.8026569783688 434.28577557206154 217.81101974844933 676.59496727585793 1344.2815083861351 4655.0980928242207 3443.9975556135178 53.450556993484497 146.54361042380333 1440.0470896661282 367.91800063848495
leaf_count=1019 5758 79 60 1178 2958 373 2873 284 1387 1385 11096 268 138 147 51 227 99 109 837 3162 273 447 676 930 5150 2203 120 329 809 226
internal_value=0.000207193 -0.00392241 -0.00719302 0.0137301 0.0009857 0.010356 -0.00754165 0.00417345 -0.00673607 -0.00922659 -0.00801743 -0.0132165 -0.000426896 0.00131653 0.0167141 0.0272679 -0.0020905 -2.0987e-05 -0.016152 0.00530623 -0.00787574 0.00145275 0.0246485 0.0111338 -0.00487888 0.0172056 0.00788028 0.033832 0.00302929 -0.0220552
internal_weight=45774.6 35066.7 21043.5 10707.9 14023.2 8573.02 20994.9 4506.77 5031.03 15975 13602.3 1964.31 2713.95 2509.06 453.884 2134.9 2055.17 1880.12 2372.76 8992.17 13572.9 240.528 1862.75 1792.82 5089.38 4066.25 622.254 213.357 1634.25 794.632
internal_count=44651 35512 21753 9139 13759 7058 21674 3716 4839 18801 16579 1881 2502 2129 974 2081 1155 1056 2222 8920 16519 498 1854 1214 5423 3342 1139 476 918 494
is_linear=0
shrinkage=0.03


Tree=26
num_leaves=31
num_cat=0
split_feature=37 7 21 4 33 48 33 24 28 8 24 47 48 36 9 35 24 36 34 20 21 47 24 9 43 33 8 22 33 43
split_gain=2468.41 681.144 587.461 507.049 490.345 383.839 367.325 203.076 162.529 128.845 119.467 220.298 108.247 105.35 99.6608 91.0533 89.6917 85.6947 99.7298 85.3291 82.2138 80.5856 270.71 129.933 94.3256 93.2742 88.8596 74.3065 71.9857 69.11
threshold=0.32948932165937378 32.071050000000007 -5.7239223525402076 12.042250000000001 0.074161634286558489 0.061640294596872772 0.18764974820126579 -0.77786766366919291 26.458200000000001 7.3584000000000005 -0.015050995721668367 11.99996446281023 0.19888918422043553 12.052200000000001 10.460000000000003 0.0060249481325574698 0.036545658007091128 7.0818500000000011 15.641796694215133 26.821530443686584 0.80176173454518829 13.143550000000003 0.12225609522135446 8.4484500000000029 0.12665561388965646 0.26276989696310354 9.4787500000000016 0.25881904510252091 0.022127991325697614 0.01889507245582837
decision_type=2 10 2 10 2 2 2 2 2 10 2 2 2 2 8 2 2 2 2 2 2 2 2 10 2 2 8 2 2 2
left_child=2 4 3 19 10 9 7 -7 15 20 17 27 -9 -3 -8 -6 -13 18 -2 -1 -4 23 26 24 -17 -25 -23 -12 -20 -29
right_child=1 13 5 -5 8 6 14 12 -10 -11 11 16 -14 -15 -16 21 -18 -19 28 -21 -22 22 -24 25 -26 -27 -28 29 -30 -31
leaf_value=0.070660010853996078 -0.024781741488727187 0.021866520608440385 -0.013612530678572387 -0.019945297194485772 -0.026882488738709596 0.0052014750139126667 -0.022628964317990618 -0.0046422845975772611 0.0094715200826725795 -0.0082931590806513359 0.004364327375254079 0.014970394148816233 0.0015432093934464313 0.04154069119940848 -0.0072492704110271936 0.023070055012637137 -0.033228680022207538 0.018684826216460188 0.015301952533490291 0.16285443611476555 -0.029492653505810377 -0.037482357875535381 -0.056123065372298192 0.00038653197411550236 -0.0023835528198429337 -0.010431434365104502 0.018179767048876763 -0.0073105333271250442 0.0061795221773053716 0.018704897438275404
leaf_weight=15.58974578976631 67.704038858413696 2167.8655073940754 1244.9525566399097 30.288648962974548 138.52602687478065 3454.2422457039356 938.948117852211 9491.0372368097305 1204.8646388947964 10202.820487439632 1335.3730822205544 43.205866903066635 3479.1858389675617 277.05205374956131 637.84331345558167 314.9128649532795 166.58756929636002 2164.3021369278431 2008.40467903018 32.961176812648773 384.84401035308838 31.624912887811661 102.00147959589958 2039.1387493014336 223.60149675607681 1105.535687148571 122.93628108501434 103.78316482901573 1274.3503629863262 771.02428463101387
leaf_count=14 65 2254 740 17 92 3333 527 8168 881 15142 955 97 1976 232 1003 539 374 1460 1743 65 297 71 229 1149 472 622 276 65 1043 570
internal_value=-7.95752e-05 0.00956852 -0.00513163 0.0761389 0.00687678 -0.00534894 -0.00258984 -0.00126156 -0.000204635 -0.00954586 0.0115912 0.00603065 -0.00298307 0.024112 -0.0164161 -0.00306493 -0.0232784 0.0140297 0.011018 0.135274 -0.0173781 -0.00222087 -0.018444 -0.0010861 0.0125164 -0.00341872 0.00662295 0.00882198 0.0117636 0.0156137
internal_weight=45575.5 15662.8 29912.7 78.8396 13217.9 29833.9 18001.3 16424.5 5283.14 11832.6 7934.74 2419.97 12970.2 2444.92 1576.79 4078.28 209.793 5514.76 3350.46 48.5509 1629.8 3939.75 256.563 3683.19 538.514 3144.67 154.561 2210.18 3282.76 874.807
internal_count=44471 13189 31282 96 10703 31186 15007 13477 4331 16179 6372 2061 10144 2486 1530 3450 471 4311 2851 79 1037 3358 576 2782 1011 1771 347 1590 2786 635
is_linear=0
shrinkage=0.03


Tree=27
num_leaves=31
num_cat=0
split_feature=18 33 21 9 18 18 33 32 37 46 18 5 5 33 50 42 34 46 50 33 6 8 21 47 25 25 25 21 3 25
split_gain=2403.65 745.951 585.278 506.81 372.882 336.356 461.193 214.301 200.559 175.344 167.76 138.523 136.955 123.51 110.427 101.634 94.7078 132.634 93.5781 86.8269 86.5323 85.6904 86.0582 79.2832 69.076 66.0651 64.8695 60.8468 71.4723 60.6957
threshold=-1.6928017333822625 0.1148300341810848 -5.7239223525402076 10.836450000000001 -2.630572699669965 -0.56427177129519979 0.060085164558318332 24.021100000000004 0.55029702970297023 0.27180410475888328 -3.209361959195602 31.696350000000006 31.720850000000002 0.018348705676680396 31.938950000000002 0.54525320106125286 17.632007024793573 0.31459132290414438 31.967850000000002 0.22451147632136767 7.8741500000000011 7.5132500000000011 1.0258553676943756 11.407250000000003 -0.61236746317008228 -0.9937528315903793 0.9483965485850524 -3.7713643697928796 10.265500000000001 -0.78324956448884031
decision_type=2 2 2 8 2 2 2 2 2 2 2 8 8 2 2 2 2 2 2 2 8 10 2 2 2 2 2 2 2 2
left_child=1 4 3 -2 7 6 20 9 11 14 -9 -3 -8 -6 23 -16 17 -13 27 -14 -4 22 -7 -1 -5 -25 -24 28 -10 -22
right_child=2 8 5 24 13 21 12 10 18 -11 -12 16 19 -15 15 -17 -18 -19 -20 -21 29 -23 26 25 -26 -27 -28 -29 -30 -31
leaf_value=0.0097621570373826703 -0.019021212556458104 0.0033464236765107748 -0.012948976808433363 0.085567948030698643 0.013656621330890151 -0.012790967888645361 -0.0049863009874908095 0.033775153151018054 -0.027202303021632332 -0.046147435654407556 0.018638151736921665 -0.0090065248415147001 -0.011519658151561425 0.0056210922166425262 0.024062741272043525 -0.048458785643860004 0.0035295084788993644 -0.034377486730540557 0.018409996901618302 -0.023819761198760427 -0.0019616715250730292 -0.0080620137201227338 -0.027453798751002616 0.02421319459644174 0.16060490269342956 -0.032054440361306662 -0.079834721320144575 0.0076287198365732074 0.013189778026965462 0.0028738733162912452
leaf_weight=852.09096273779869 33.852019429206848 1314.8837020397186 393.75243651866913 24.943593263626099 3018.620206207037 1168.7855129241943 2183.9006744921207 1215.5547502934933 114.02785491943359 44.542130827903748 1450.291779756546 1581.6910656988621 1662.3123224973679 4010.5734597444534 712.22867193818092 16.926009714603424 440.52167388796806 209.34801489114761 584.39275646209717 751.42574706673622 3409.7001148760319 12293.182687193155 182.17731508612633 24.052750647068024 28.952385038137436 75.721622407436371 23.607329338788986 427.60445594787598 59.241034001111984 7415.3739402294159
leaf_count=539 19 1506 221 17 2946 707 2839 842 64 100 1075 1124 1140 3625 831 38 281 191 568 508 3461 14168 136 54 65 170 53 396 34 6886
internal_value=-9.59955e-05 0.00921059 -0.00517943 0.0717482 0.0133601 -0.0054108 -0.0024319 0.0202181 -0.000805373 0.0119702 0.0255503 -0.00437609 -0.0104331 0.00907333 0.0135366 0.0223152 -0.00892582 -0.0119896 0.00987327 -0.0153571 0.000847732 -0.00885757 -0.0159615 0.00679566 0.128068 -0.0183843 -0.0338199 0.00155389 -0.0133957 0.00135072
internal_weight=45724.3 16152.3 29572 87.748 11420.6 29484.2 15816.5 4391.41 4731.71 1725.56 2665.85 3546.44 4597.64 7029.19 1681.02 729.155 2231.56 1791.04 1185.27 2413.74 11218.8 13667.8 1374.57 951.865 53.896 99.7744 205.785 600.873 173.269 10825.1
internal_count=44604 14384 30220 101 10220 30119 15055 3649 4164 1732 1917 3102 4487 6571 1632 869 1596 1315 1062 1648 10568 15064 896 763 82 224 189 494 98 10347
is_linear=0
shrinkage=0.03


Tree=28
num_leaves=31
num_cat=0
split_feature=18 24 18 4 38 46 24 18 33 33 33 24 47 24 31 47 7 24 47 3 47 33 47 8 24 5 5 42 8 5
split_gain=2284.92 678.071 491.278 467.969 674.225 390.177 321.987 274.814 315.235 255.786 142.102 132.528 131.772 213.625 134.152 105.816 101.01 125.708 105.822 164.034 96.0691 95.5436 101.991 91.927 89.7987 89.1943 87.0952 82.3666 97.665 76.6413
threshold=-1.6761892244224403 -0.15207348400340251 -3.209361959195602 1.0000000180025095e-35 1.0000000180025095e-35 0.29992000877031372 0.79184907943689831 -0.32347618511847992 0.064603875657733581 0.20172621792915155 0.038285806770975192 -0.77786766366919291 9.0418500000000019 0.1051661082335764 14.611860520841178 15.108950000000002 31.889450000000004 0.43442111757849838 9.8111000000000015 9.6585000000000019 10.795900413223171 0.22451147632136767 11.561383471074434 8.6344000000000012 0.30675521904633613 31.823650000000004 31.684150000000006 0.32675241281193518 11.621050000000002 31.183250000000005
decision_type=2 2 2 10 2 2 2 2 2 2 2 2 2 2 2 2 10 2 2 2 2 2 2 10 2 10 8 2 10 8
left_child=1 2 20 4 -2 9 7 8 -5 16 29 -6 -7 14 -14 -15 18 -18 24 -20 -1 -10 -23 -19 -3 -8 -11 -28 -29 -4
right_child=3 5 10 6 11 12 25 -9 21 26 -12 -13 13 15 -16 -17 17 23 19 -21 -22 22 -24 -25 -26 -27 27 28 -30 -31
leaf_value=0.040937158898182245 -0.066159293340729564 0.016004976588605151 0.0091838795478673026 0.00042801706982933566 0.15711727527014041 0.0071279267675927209 -0.027650277219220285 -0.008524736085313853 -0.0061718218256140434 0.008746667242109641 0.0066583774114353563 0.068041944921109557 -0.0264770559588774 -0.023902574961076929 0.0030567941012468423 -0.069334322005485838 0.016187733180914203 0.011740445335380429 0.0064801020339403199 -0.016848065451305915 0.024866885603617744 -0.022380751076320832 -0.0035304294019216503 -0.0077379355619718966 -0.0053459022857155194 -0.011844530568566009 -0.01575329320282199 0.003398015908019348 -0.024637104405561529 0.01807032151327758
leaf_weight=538.06894040107727 25.389014571905136 735.39057996869087 1273.0140990614891 13249.502236068249 32.070334196090698 183.51357901096344 354.55536139011383 8039.4091931283474 2873.4128597080708 354.10994008183479 2954.0341165065765 32.515755504369736 277.05205374956131 86.41173380613327 275.27036851644516 102.00147959589958 2082.3446162045002 465.01984584331512 694.85724091529846 443.63962304592133 908.65946888923645 800.86751228570938 381.72606119513512 408.8967610001564 232.9553442299366 3415.4905918836594 649.42426747083664 659.6689575612545 133.62639248371124 2807.4905060827732
leaf_count=305 57 415 1376 12601 72 103 217 10852 2971 552 2465 25 226 143 342 229 1822 612 621 555 687 553 653 330 187 1917 414 590 81 2454
internal_value=7.19232e-05 0.00908291 0.0149506 -0.00494681 0.06299 0.00268869 -0.00515892 -0.00394181 -0.00181241 0.00515457 0.0116731 0.113994 -0.0155993 -0.0212318 -0.0117788 -0.0487342 0.00860513 0.0121816 0.00358334 -0.00261702 0.0308679 -0.00912938 -0.0163042 0.00262828 0.0108684 -0.0133379 -0.00456781 -0.00783959 -0.00134942 0.0153009
internal_weight=45470.4 16265.4 8481.27 29204.9 89.9751 7784.18 29115 25344.9 17305.5 6859.93 7034.54 64.5861 924.249 740.736 552.322 188.413 5063.1 2956.26 2106.84 1138.5 1446.73 4056.01 1182.59 873.917 968.346 3770.05 1796.83 1442.72 793.295 4080.5
internal_count=44427 14509 7287 29918 154 7222 29764 27630 16778 6179 6295 97 1043 940 568 372 4542 2764 1778 1176 992 4177 1206 942 602 2134 1637 1085 671 3830
is_linear=0
shrinkage=0.03


Tree=29
num_leaves=31
num_cat=0
split_feature=18 33 21 4 18 33 7 7 32 31 18 18 33 18 33 18 33 35 46 35 33 47 45 33 19 48 21 41 47 5
split_gain=2093.68 640.832 540.971 416.03 300.462 404.732 295.978 268.527 151.052 139.001 123.745 108.007 101.769 84.7076 78.3852 72.3141 69.2214 62.2722 60.8618 59.6456 57.4273 55.699 53.3469 53.5942 52.7581 52.2294 69.1163 50.8662 50.6188 46.032
threshold=-1.6928017333822625 0.075914346470966579 -5.7239223525402076 12.117500000000001 -0.47636647011969208 0.044201210390667309 32.071050000000007 32.082250000000009 27.480400000000007 11.409314462809922 -3.209361959195602 -2.2986786012326248 0.2426137068469135 -0.94703740484948262 0.14607760608662554 -5.0374517755775559 1.0000000180025095e-35 0.1186921572062664 0.0040306661685677652 0.014405103262386093 0.030727235477651143 12.099500000000001 0.083129996543611126 0.23343935400870156 6.3943662376237631 0.31530887988127682 1.5536517362643425 7.515950000000001 24.565198347107611 31.816350000000003
decision_type=2 2 2 10 2 2 10 10 2 2 2 2 2 2 2 2 2 2 2 2 2 2 2 2 2 2 2 2 2 8
left_child=1 6 3 19 5 13 11 8 12 14 -8 20 17 28 -7 -9 -6 -3 -15 -2 -1 -16 -11 -24 -19 26 -13 -18 -4 -14
right_child=2 7 4 -5 16 9 10 15 -10 22 -12 25 29 18 21 -17 27 24 -20 -21 -22 -23 23 -25 -26 -27 -28 -29 -30 -31
leaf_value=0.017197071932067251 0.14866604274388925 -0.0064180687710568615 0.0039420702035848493 -0.017285860212497513 -0.051723115772446079 -0.009593576031008539 0.034278926181584596 0.041952299808806992 0.012305963859092502 0.0035520757475740361 0.017895554723889696 0.0058972099645753584 -0.0028765285012453388 -0.015833737591814574 -0.021705858021856074 0.014216020057108394 -0.014875125558840454 0.0018962119554697444 -0.0011126115798675796 0.080943283541118932 0.0098942729364586111 0.0094239950701480012 -0.0044347391056714291 -0.015261199554966349 0.020366670204855518 0.011436633737325938 -0.015615148154022322 -0.0079211225083071195 -0.010277507465537128 -0.012441431070858077
leaf_weight=2585.2252732515335 28.506963729858398 846.74590703845024 5582.0198353528976 32.070334196090698 32.515755504369736 1497.061017125845 717.12830632925034 96.211002588272095 658.77811494469643 574.59348767995834 994.62578138709068 2125.5504831075668 773.6968124806881 264.58025711774826 1040.9495974481106 676.14954596757889 1036.9408056735992 1973.216395676136 5240.8271132111549 28.061542421579361 1558.9745789766312 53.895978301763535 2130.0046961903572 509.56197667121887 148.77071696519852 1752.7328480780125 142.53481864929199 10963.154660671949 233.84618684649467 1093.509311825037
leaf_count=2123 61 683 5251 18 58 1213 593 60 573 678 1240 2444 879 183 762 747 582 1649 4617 24 1238 121 2355 553 151 989 200 12952 525 733
internal_value=1.46957e-06 0.00867345 -0.00478519 0.0688024 -0.00501123 -0.00245854 0.0134342 0.00116959 -0.00115973 -0.00889752 0.0247753 0.0110539 -0.00299626 0.000844157 -0.0140656 0.0177208 -0.00864424 0.000455587 -0.00182283 0.117061 0.0144529 -0.0201662 -0.00472688 -0.00652975 0.00320014 0.00754788 0.00453901 -0.00852321 0.00336866 -0.00848177
internal_weight=45392.4 16143.8 29248.6 88.6388 29160 17127.3 9876.77 6267.08 5494.72 5806.07 1711.75 8165.02 4835.94 11321.3 2591.91 772.361 12032.6 2968.73 5505.41 56.5685 4144.2 1094.85 3214.16 2639.57 2121.99 4020.82 2268.09 12000.1 5815.87 1867.21
internal_count=44255 14302 29953 103 29850 16258 8827 5475 4668 5682 1833 6994 4095 10576 2096 807 13592 2483 4800 85 3361 883 3586 2908 1800 3633 2644 13534 5776 1612
is_linear=0
shrinkage=0.03


Tree=30
num_leaves=31
num_cat=0
split_feature=18 18 21 33 24 7 18 24 36 33 24 9 43 25 33 24 21 5 47 24 12 18 5 33 24 34 33 21 10 33
split_gain=2041.07 497.948 944.036 439.897 393.905 228.402 213.314 190.999 171.237 152.124 150.083 145.402 178.275 133.958 111.529 110.824 109.03 104.525 100.803 200.708 101.541 96.3406 91.1566 87.6945 87.6361 84.0416 81.0125 79.9668 96.4997 73.6009
threshold=-2.2782056928236032 -1.0983206383546367 -5.7239223525402076 0.10083572283670118 -0.15207348400340251 31.672750000000004 -3.859099257425743 0.79184907943689831 0.40126115702471404 0.032589492171964128 -0.77786766366919291 8.4484500000000029 0.12393481906408287 -0.79382744783423187 0.098206654560676968 0.3714672281037254 -3.7028069356135531 31.84065 12.689828925620192 0.12225609522135446 19.350150000000003 -4.1299074686468638 31.823650000000004 1.0000000180025095e-35 -0.77786766366919291 13.977593181819085 0.20172621792915155 -2.0031437724695826 0.37085808580858082 0.034670837890077029
decision_type=2 2 2 2 2 10 2 2 2 2 2 10 2 2 2 2 2 8 2 2 2 2 10 2 2 2 2 2 2 2
left_child=4 3 24 10 6 27 -1 8 23 -7 -2 12 -11 15 -8 -10 -13 -5 29 20 -20 -14 -9 -4 -3 -21 -18 -6 -29 -12
right_child=1 2 7 17 5 9 14 22 13 11 18 16 21 -15 -16 -17 26 -19 19 25 -22 -23 -24 -25 -26 -27 -28 28 -30 -31
leaf_value=0.0343228187828091 0.011522568419159624 0.1458265318698507 -0.064233974386161088 -0.0032421268027477252 0.014330869325148125 0.017117300512700228 0.018751277520666524 -0.027063760629960965 -0.0045118170689250154 0.028027325157191883 0.0067277909668226644 -0.010917239105599049 -0.04917171041565159 -0.0014208286558504836 0.0069883074402525029 -0.018168940196796567 0.0091820938727521263 -0.01318312034822983 0.016100836281715419 -0.014918777073703432 -0.0042018858831972539 0.0040144870212658239 -0.011004940896704972 -0.0089302467820710843 0.06906154199457254 -0.055933010103398802 -0.0044100460225925831 0.0042791033000521067 -0.034408534588801505 0.00015508085458705315
leaf_weight=668.57738372683525 2144.7035993635654 32.070334196090698 24.943593263626099 2315.7453817427158 59.686455309391022 1223.5723338425159 3152.6920199990273 350.99199092388153 1479.2441647946835 444.08504435420036 4086.7405034601688 538.06894040107727 34.297440737485886 9636.2445833086967 944.29317355155945 837.39205956459045 1147.8507114350796 1616.433927744627 273.04326197504997 99.774373054504395 1159.8770867586136 232.06450161337852 3372.7301462888718 6037.685833722353 28.061542421579361 82.402942031621933 600.42792356014252 80.175835490226746 207.12090834975243 2453.8259873092175
leaf_count=421 2733 72 56 2688 86 1088 2491 212 2103 895 2788 302 77 8488 659 674 645 1031 610 224 1995 500 1893 8965 18 185 337 93 366 1699
internal_value=7.80991e-05 -0.00316055 -0.00601008 0.00120407 0.0125807 0.00628306 0.0186137 -0.00634085 -0.00506189 0.0082076 0.00446273 0.00456533 0.0164096 -0.00297846 0.0160425 -0.00945415 0.000879353 -0.00733097 0.00260501 -0.00410492 -0.000324668 -0.0029922 -0.0125255 -0.00916834 0.111719 -0.0336745 0.00451416 -0.0170815 -0.0236346 0.00426231
internal_weight=45364.8 36031.9 21799.4 14232.5 9332.91 4567.35 4765.56 21739.2 18015.5 4220.37 10300.4 2996.79 710.447 11952.9 4096.99 2316.64 2286.35 3932.18 8155.66 1615.1 1432.92 266.362 3723.72 6062.63 60.1319 182.177 1748.28 346.983 287.297 6540.57
internal_count=44394 36434 22481 13953 7960 4389 3571 22391 20286 3844 10234 2756 1472 11265 3150 2777 1284 3719 7501 3014 2605 577 2105 9021 90 409 982 545 459 4487
is_linear=0
shrinkage=0.03


Tree=31
num_leaves=31
num_cat=0
split_feature=18 18 33 33 4 20 7 33 18 18 33 11 42 9 41 46 8 22 12 19 20 7 41 47 48 9 6 18 6 32
split_gain=1878.86 438.328 407.616 404.237 350.755 587.867 311.653 181.741 185.493 131.05 123.743 120.848 165.124 105.902 88.347 86.5229 83.2298 80.1483 92.2794 78.7716 75.6554 75.0831 72.7023 135.417 72.5785 69.1645 133.764 63.8052 63.6767 59.7995
threshold=-2.2006503778739339 -1.0983206383546367 0.22451147632136767 0.057401324026542112 1.0000000180025095e-35 22.546463746066948 32.016150000000003 0.064603875657733581 -0.40286260469675378 -3.209361959195602 0.20868229440951955 24.037650000000003 0.47740223785903796 11.573750000000002 9.3599500000000013 0.005375134877122963 10.336850000000002 0.25881904510252091 9.0975500000000018 6.2500513465346552 11.416362539028013 31.651350000000004 9.3599500000000013 9.2821000000000016 0.30148514851485159 9.822750000000001 13.763950000000003 -3.1160084851485146 7.8741500000000011 14.697100000000002
decision_type=2 2 2 2 10 2 10 2 2 2 2 2 2 8 2 2 8 2 2 2 2 8 2 2 2 10 8 2 10 2
left_child=2 3 6 -2 5 20 11 8 15 22 -5 12 17 28 -14 -6 -9 18 -1 -4 -3 -20 23 -8 25 -23 -27 -13 -12 -11
right_child=1 4 19 10 7 -7 9 16 -10 29 13 27 14 -15 -16 -17 -18 -19 21 -21 -22 24 -24 -25 -26 26 -28 -29 -30 -31
leaf_value=-0.037664231527656952 0.0050965554253413585 -0.070652534914947052 -0.0049024932010363065 -0.002170369910116154 -0.013839671979793161 0.11838536137091718 0.024580337994185141 -0.01600455616008907 -0.007821295247891602 -0.014252176033341259 -0.025486053713866703 0.022993160364344026 -0.054422787541901073 -0.0016072561745556903 -0.0078895485734355314 -0.0010628274670555211 -0.0039063623157881621 0.013349119222587788 -0.033480387095835895 0.013285017188346876 0.014674675981666904 0.013368319309591883 0.032244580478745934 -0.042814394829137334 -0.030453195348170609 -0.0107481481535879 0.019294139328828636 0.012050296634756119 -0.011457036769794276 0.017320224831744328
leaf_weight=48.550922602415085 8211.7872394323349 22.271065413951874 1440.4925109744072 3461.3689866364002 506.44402751326561 51.22345045208931 127.39049416780472 2216.4164299964905 10315.06665712595 55.677663534879684 472.59200808405876 582.61107122898102 54.786820918321609 616.01766934990883 108.68279922008514 7957.8970937132835 666.35027718544006 1105.535687148571 45.432973444461823 250.7721965610981 15.144324481487272 665.90485587716103 1106.8719510734081 32.961176812648773 48.105501294136047 397.31580698490143 199.54874610900879 2740.6773098409176 764.78838631510735 1264.1056728959084
leaf_count=34 8188 50 1233 3382 336 79 103 1526 12157 47 266 408 123 1053 166 7174 1073 955 96 245 22 703 934 71 27 223 112 2016 430 1248
internal_value=-2.76432e-05 -0.00331592 0.0112608 0.000924553 -0.00595294 0.0532721 0.0139127 -0.00619773 -0.00512059 0.0226154 -0.00552131 0.0101555 0.00540483 -0.0117749 -0.0237212 -0.00182884 -0.0132104 0.00731013 0.00255171 -0.00219948 -0.0366324 0.00401798 0.0295096 0.0105475 0.00534215 0.0067288 -0.000688688 0.013975 -0.0168314 0.0159785
internal_weight=45552.8 35277.4 10275.4 13526.6 21750.8 88.6388 8584.16 21662.2 18779.4 2587.01 5314.77 5997.15 2673.86 1853.4 163.47 8464.34 2882.77 2510.39 1404.86 1691.26 37.4154 1356.31 1267.22 160.352 1310.87 1262.77 596.865 3323.29 1237.38 1319.78
internal_count=44480 35736 8744 13319 22417 151 7266 22266 19667 2403 5131 4863 2439 1749 289 7510 2599 2150 1195 1478 72 1161 1108 174 1065 1038 335 2424 696 1295
is_linear=0
shrinkage=0.03


Tree=32
num_leaves=31
num_cat=0
split_feature=18 33 18 4 20 24 7 18 33 32 7 7 9 26 24 24 48 24 5 47 31 33 8 24 16 24 32 33 9 16
split_gain=1767.92 574.844 304.129 265.458 514.349 247.008 230.802 213.844 259.318 150.898 142.204 140.804 137.61 122.782 122.184 94.5096 92.7894 86.5872 84.8885 77.3014 76.917 67.8976 65.7485 114.403 172.951 82.1073 75.7921 58.8323 69.9049 111.534
threshold=-1.6928017333822625 0.1148300341810848 -2.8724210924092399 1.0000000180025095e-35 22.546463746066948 0.79184907943689831 31.933150000000001 -0.30835718844608623 0.14607760608662554 24.670024999999999 31.63025 32.068250000000006 8.206450000000002 26.973800000000004 -0.79902248885025529 -0.72101013194340913 0.1731610073759054 -0.77786766366919291 31.819850000000006 24.444998760330851 11.903050000000002 0.036806955864656425 8.5811500000000027 0.019350803001866129 16.054941115702693 0.1051661082335764 24.575825000000002 0.2896356884087849 10.386500000000002 15.315750000000003
decision_type=2 2 2 10 2 2 10 2 2 2 10 10 10 2 2 2 2 2 8 2 2 2 10 2 2 2 2 2 8 2
left_child=1 2 6 4 -2 7 9 8 15 10 -1 13 -10 27 -4 -5 22 -6 -7 -17 -14 -18 -16 26 -25 -26 -24 -3 -29 -30
right_child=3 11 14 5 17 18 -8 -9 12 -11 -12 -13 20 -15 16 19 21 -19 -20 -21 -22 -23 23 24 25 -27 -28 28 29 -31
leaf_value=-0.05448340846876757 -0.034992690991685442 -0.0018252109973915707 0.01826892456845023 0.0028726990009697159 0.14595203288041894 -0.026923334273723901 0.026454556198885277 -0.0076198611398851897 -0.00094766141642921937 0.022141760465056042 0.0043981722137422918 0.012990834007469877 -0.024489697281862319 0.0087390311631208462 0.012375559829246747 -0.0016827610556614709 0.0116111022091925 0.06434062542683977 -0.010428353142736177 -0.02051239713946602 -0.010080054172316024 0.0048057253032931192 0.018715058758553612 -0.0032599086656226487 -0.0025576858195803364 -0.056431092577556456 -0.0015673984890793617 -0.014693686986774604 0.033423756909543016 -0.0065868893718799915
leaf_weight=37.860811203718185 39.197075128555298 1975.4435022175312 1024.4690090417862 5321.0029487013817 26.279857188463211 305.55901747941971 1819.5460443198681 7903.555694103241 697.08434745669365 536.73267647624016 736.28142258524895 573.70264506340027 677.04038858413696 682.83086559176445 357.67331054806709 10144.470296055079 3505.911117464304 25.389014571905136 3413.7089066505432 199.10332480072975 660.55980017781258 2118.8691634833813 265.91652104258537 477.93706378340721 34.742862045764923 95.32015997171402 437.4037247300148 929.14884907007217 72.158251941204071 437.84914603829384
leaf_count=67 70 1720 1412 5709 59 194 1637 10637 1352 380 570 625 380 537 533 8900 2030 18 1916 447 373 1244 597 494 78 214 982 523 162 551
internal_value=-3.14247e-05 0.00795338 0.0115718 -0.00440763 0.0465116 -0.004567 0.0195418 -0.00351726 -0.00168492 0.0099337 0.00145189 -0.000915702 -0.0117578 -0.00286552 0.00857045 -0.000375887 0.0072059 0.107833 -0.0117904 -0.00204716 -0.0173865 0.00904881 0.000993313 -0.00211835 -0.011639 -0.0421696 0.00611683 -0.00518801 -0.00979945 -0.000871665
internal_weight=45532.7 16119.8 11448.7 29413 90.8659 29322.1 3130.42 25602.8 17699.3 1310.87 774.142 4671.13 2034.68 4097.43 8318.24 15664.6 7293.77 51.6689 3719.27 10343.6 1337.6 5624.78 1668.99 1311.32 608 130.063 703.32 3414.6 1439.16 510.007
internal_count=44411 14356 10238 30055 147 29908 2654 27798 17161 1017 637 4118 2105 3493 7584 15056 6172 77 2110 9347 753 3274 2898 2365 786 292 1579 2956 1236 713
is_linear=0
shrinkage=0.03


Tree=33
num_leaves=31
num_cat=0
split_feature=18 33 21 47 36 24 18 33 18 24 46 47 24 47 33 18 24 33 5 33 24 8 24 47 24 7 47 22 41 6
split_gain=1730.59 516.75 453.269 385.666 251.704 249.373 224.943 259.951 197.487 172.98 197.223 128.13 106.828 105.393 93.8062 92 88.8497 84.7522 77.9243 75.9742 72.2891 76.4602 71.1335 70.4393 189.803 68.8987 93.4033 66.8281 126.267 99.4241
threshold=-1.6928017333822625 0.036806955864656425 -5.7239223525402076 10.847150000000001 10.027700000000003 0.79184907943689831 -0.29456975577557637 0.17061557666285934 -2.9830697227722758 -0.15207348400340251 0.29632005611742901 9.0058500000000024 -0.1350501201252472 11.561383471074434 0.023332980949729059 -0.90682181916364513 0.1051661082335764 0.20172621792915155 31.819850000000006 1.0000000180025095e-35 0.32308142426531927 8.5339000000000009 -0.79902248885025529 13.143550000000003 0.1051661082335764 31.837050000000001 10.643150000000002 0.78656609248549325 9.4473500000000019 11.597750000000003
decision_type=2 2 2 2 2 2 2 2 2 2 2 2 2 2 2 2 2 2 8 2 2 10 2 2 2 10 2 2 2 10
left_child=1 8 3 -2 9 6 7 14 12 -3 17 -12 -1 -9 15 -4 -13 -11 -7 -8 -16 -22 -10 -24 -25 26 -14 28 -6 -30
right_child=2 4 5 -5 27 18 19 13 22 10 11 16 25 -15 20 -17 -18 -19 -20 -21 21 -23 23 24 -26 -27 -28 -29 29 -31
leaf_value=0.029514321496275867 -0.017407459515301441 0.0067859741809821556 0.0045771885035036158 0.11344903261874228 -0.032274150740586816 -0.025355124258849025 -0.055716694894437251 -0.017653959976377059 0.019256953586185798 0.0037618632101339327 0.010059306043988745 -0.016332378149821938 0.017235472826296176 -0.0018864564422851583 -0.000676526603767933 -0.0012221300997261695 -0.04414069707464726 -0.0049607396732804778 -0.010271950724054376 -0.007465720381939084 -0.0033332127368975702 -0.014621173102491268 0.01127735761114863 0.0056708232784969176 -0.052409214227319735 0.018438090703208388 -0.035785103503812539 0.031671583432804615 0.044231378898105127 0.011256795977514427
leaf_weight=968.79134550690651 32.070334196090698 3348.2319743335247 4606.1017489135265 53.00513568520546 49.44176521897316 338.07477298378944 28.506963729858398 1174.5759899318218 864.56275936961174 2527.7659244835377 122.93628108501434 384.84401035308838 64.140668392181396 565.23964020609856 3785.1902777552605 5286.7055079638958 141.64397603273392 1660.0852159559727 3465.3777784109116 7719.5966937839985 1509.978235065937 840.51000872254372 4220.3668959438801 547.86820918321609 54.786820918321609 457.00226229429245 54.341399610042572 251.21761786937714 100.21979436278343 447.20299351215363
leaf_count=732 18 2741 4533 83 87 213 55 816 1200 2189 69 330 36 960 4076 4681 270 1468 1945 10575 1353 840 2728 1224 123 489 89 222 174 290
internal_value=9.12936e-05 0.00794298 -0.00425202 0.0644918 0.00315804 -0.00445368 -0.00338522 -0.001525 0.0139188 0.00154511 -0.00208314 -0.0174524 0.0234326 -0.0125354 -0.00032917 0.00147823 -0.0238833 0.000303821 -0.011619 -0.00765041 -0.00324308 -0.00737417 0.0113319 0.00990764 0.000312747 0.0131608 -0.00717821 0.0187056 0.0132044 0.0173633
internal_weight=45670.4 16265.4 29404.9 85.0755 9033.59 29319.9 25516.4 17768.3 7231.86 8185.51 4837.28 649.424 1544.28 1739.82 16028.5 9892.81 526.488 4187.85 3803.45 7748.1 6135.68 2350.49 5687.58 4823.02 602.655 575.484 118.482 848.082 596.865 547.423
internal_count=44609 14461 30148 101 7840 30047 27889 17259 6621 7067 4326 669 1346 1776 15483 9214 600 3657 2158 10630 6269 2193 5275 4075 1347 614 125 773 551 464
is_linear=0
shrinkage=0.03


Tree=34
num_leaves=31
num_cat=0
split_feature=18 33 21 25 48 33 19 18 33 7 18 33 35 9 8 5 9 12 11 18 25 22 21 8 22 23 10 10 21 48
split_gain=1624.94 477.41 328.981 361.057 230.315 237.733 229.271 210.833 182.107 144.623 108.206 126.557 101.182 100.478 88.4608 97.1518 77.8877 110.63 76.3873 72.4148 70.8631 69.6148 68.1082 71.6711 61.8691 61.041 83.3535 60.9637 60.6156 60.0605
threshold=-1.6928017333822625 0.036806955864656425 -5.7239223525402076 -0.79382744783423187 0.061640294596872772 0.20868229440951955 6.2500513465346552 -2.8334010033003305 0.23343935400870156 31.952450000000002 -0.68572515366977782 0.023332980949729059 0.1186921572062664 12.927750000000001 7.3584000000000005 31.819850000000006 10.493800000000002 11.854564049586788 25.141350000000003 -3.859099257425743 -0.59867820553660911 0.78656609248549325 -0.74034741742337207 9.5181500000000021 0.78656609248549325 1.0000000180025095e-35 0.35475247524752473 0.45910891089108907 -2.1451877771593435 0.16207499944625339
decision_type=2 2 2 2 2 2 2 2 2 10 2 2 2 8 10 10 8 2 2 2 2 2 2 8 2 2 2 2 2 2
left_child=1 7 3 -2 14 10 8 9 12 18 11 -6 -3 -7 15 -4 19 -18 25 -10 29 -14 -11 -24 -8 26 -1 -23 -15 -9
right_child=2 6 4 -5 5 13 24 20 16 22 -12 -13 21 28 -16 -17 17 -19 -20 -21 -22 27 23 -25 -26 -27 -28 -29 -30 -31
leaf_value=0.018642641494495394 -0.0057638454082563914 -0.0029250061572551433 -0.031310171206258473 0.11670318529059596 0.0036007510642639441 -0.019435362633871335 0.012340016486783617 0.0016940104038360593 0.029421965281685589 0.032995669909137354 -0.0045480712572007597 -0.0030025937416006091 0.0041266270397344344 0.038668393163061608 -0.0065667284186398485 -0.010964341384439306 0.023146403636973886 -0.0043553271204862971 0.021954010863902019 -0.012469439984199039 0.018389140983285993 0.01474247515912779 -0.017583033408297578 0.023394511439009568 0.030174343495141982 0.016579850275660054 -0.018101234541556318 -0.014772395477077434 -0.0041222106162562529 0.010519738386282057
leaf_weight=82.402942031621933 44.09670951962471 1410.6492833197117 249.43593263626099 41.424181669950485 5729.454288393259 959.88291934132576 859.66312497854233 862.78107413649559 37.415389895439148 860.99938890337944 5674.6674674749374 4799.4145967066288 3244.0033881962299 32.961176812648773 10193.912061274052 1367.8888377249241 158.1245644390583 761.22501584887505 409.78760361671448 1183.9298374056816 822.69315639138222 1014.2243189513683 48.996343910694122 167.03299060463905 220.03812628984451 192.86742648482323 165.69672667980194 66.367774933576584 241.86377039551735 3554.4620400667191
leaf_count=62 27 1220 236 75 4913 541 760 1670 21 754 3251 4466 2816 74 15176 791 352 830 287 666 1154 822 86 153 200 166 144 113 531 2079
internal_value=1.00507e-05 0.00766041 -0.00419493 0.0542194 -0.00436757 -0.00217648 0.00304156 0.0134302 0.00126341 0.0219125 -0.00120911 0.000590724 0.00405031 -0.0148603 -0.00760206 -0.0141196 -0.00620151 0.000394874 0.0126447 -0.0111631 0.0103059 0.00632575 0.0292146 0.0140624 0.0159991 0.00396348 -0.00587141 0.0129177 0.00113147 0.00879666
internal_weight=45458.4 16123.4 29335 85.5209 29249.5 17438.2 8955.64 7167.72 7875.94 1927.78 16203.5 10528.9 5735.24 1234.71 11811.2 1617.32 2140.69 919.35 850.755 1221.35 5239.94 4324.6 1077.03 216.029 1079.7 440.967 248.1 1080.59 274.825 4417.24
internal_count=44436 14355 30081 102 29979 13776 7800 6555 6840 1652 12630 9379 4971 1146 16203 1027 1869 1182 659 687 4903 3751 993 239 960 372 206 935 605 3749
is_linear=0
shrinkage=0.03


Tree=35
num_leaves=31
num_cat=0
split_feature=18 18 21 24 33 18 7 33 19 33 5 9 43 16 41 33 7 24 3 47 21 18 35 24 24 24 24 33 20 34
split_gain=1553.72 385.668 689.286 368.792 343.349 230.538 225.839 147.669 133.538 130.534 110.988 100.318 137.688 95.9642 97.0946 91.5009 89.5187 88.4287 85.709 85.346 80.9922 79.5483 76.8489 73.9193 72.0815 70.8402 90.4094 66.9614 66.8499 64.3293
threshold=-2.2377758216180843 -1.0486571254125401 -5.7239223525402076 -0.15207348400340251 0.062988094113093168 -3.7571067194719467 31.672750000000004 0.074161634286558489 0.76208969189638875 0.042284181439520875 31.84065 8.3628000000000018 0.12393481906408287 12.605550000000001 11.807000000000002 0.30376693039255565 31.758150000000004 -0.76694339346796603 9.4735000000000031 22.439804958677993 -1.0881755025576039 -2.7987103894389436 0.011010128732395168 0.80223616854477187 0.35544221683359195 -0.79902248885025529 -0.36647417525074694 1.0000000180025095e-35 26.821530443686584 17.632007024793573
decision_type=2 2 2 2 2 2 10 2 2 2 8 10 2 2 2 2 10 2 2 2 2 2 2 2 2 2 2 2 2 2
left_child=3 4 28 5 17 -1 21 8 27 -8 -6 12 -11 -13 -15 25 29 -2 -14 -19 -20 -5 -18 -10 -9 -7 -27 -4 -3 -12
right_child=1 2 7 6 10 15 9 24 23 11 16 13 18 14 -16 -17 22 19 20 -21 -22 -23 -24 -25 -26 26 -28 -29 -30 -31
leaf_value=0.031394416055083044 0.0095144280242979214 0.04783171199183589 -0.048122101162550696 -0.035523808171047236 -0.0016921937971632471 0.024506817019067647 0.013724611550393789 -0.0038300808103722216 -0.0011073176857069591 0.025128749132733455 -0.020679746484717883 -0.020999323922815054 0.027749045721329225 0.0040742773932689394 -0.016062830534969725 -0.0041553719391041266 -0.020755123408584847 0.0035286095092961546 0.014063523063549972 -0.010515787710903493 -0.027174657731274039 -0.0072469175389354252 -0.0010946269754075724 -0.011009618417081471 -0.015853461802926593 0.0092683455538521541 0.01927638968736094 -0.0069718153843216033 0.12390830952540492 0.00086575285284042037
leaf_weight=764.78838631510735 2268.0853017568588 16.926009714603424 34.742862045764923 135.85349902510643 3213.2693179249763 559.89458450675011 1525.1225595474243 602.6550301015377 7524.5021607577801 373.70847764611244 805.76714667677879 178.16852331161499 58.795612692832947 1940.2552188634872 241.41834908723831 248.09966871142387 220.92896890640259 6592.6807838380337 63.695247083902359 412.90555277466774 126.94507285952568 261.01688665151596 924.24921467900276 744.74442744255066 1765.2046447098255 2184.7915171086788 1296.1760070919991 10307.939916193485 36.524547278881073 147.4344530403614
leaf_count=487 2758 17 66 227 3773 738 1354 864 6684 809 555 100 132 1089 137 164 127 5480 137 927 285 382 557 418 1236 1437 981 12486 70 97
internal_value=6.38564e-05 -0.00286504 -0.00546447 0.0105386 0.000883682 0.0162255 0.00467718 -0.00574087 -0.00484263 0.00658811 -0.00519766 0.00293603 0.0136318 0.00010711 0.00183962 0.0135139 -0.0105623 0.00436706 -0.00362468 0.00269946 -0.013395 -0.0169914 -0.00490235 -0.00200036 -0.0127962 0.0145995 0.0129994 -0.00711469 0.101138 -0.0173498
internal_weight=45577.3 35618.6 21033.2 9958.73 14585.3 5053.75 4904.98 20979.8 18611.9 4508.11 5311.65 2982.99 623.144 2359.84 2181.67 4288.96 2098.38 9273.67 249.436 7005.59 190.64 396.87 1145.18 8269.25 2367.86 4040.86 3480.97 10342.7 53.4506 953.202
internal_count=44574 36115 21841 8459 14274 3807 4652 21754 19654 4043 5109 2689 1363 1326 1226 3320 1336 9165 554 6407 422 609 684 7102 2100 3156 2418 12552 87 652
is_linear=0
shrinkage=0.03


Tree=36
num_leaves=31
num_cat=0
split_feature=18 33 21 9 18 33 48 7 18 5 6 33 45 18 7 48 8 9 25 8 16 21 3 9 33 25 35 35 25 21
split_gain=1407.34 368.12 354.124 345.706 300.806 345.451 211.523 142.706 140.681 133.765 121.597 111.667 103.84 83.258 80.2405 101.549 89.1796 73.8076 73.3812 73.0566 81.4291 75.0154 106.192 70.8505 68.6452 63.256 62.0778 60.9276 59.7343 60.2493
threshold=-2.0499169801980179 0.030727235477651143 -5.7239223525402076 10.836450000000001 -0.72456875247524788 0.039874202186407449 0.32104015770704591 32.095250000000007 -3.3139835742574255 31.823650000000004 11.403150000000002 0.20868229440951955 -0.61109962911184723 -4.1299074686468638 31.921650000000003 0.21096307617338919 11.066850000000001 8.0033500000000011 -0.91939278948206182 8.5811500000000027 12.605550000000001 0.67590965679816117 10.1835 8.2603500000000007 1.0000000180025095e-35 -0.98932651372861458 0.011010128732395168 0.008215838362577943 -0.98667386918526234 -0.46991073754935181
decision_type=2 2 2 8 2 2 2 10 2 8 10 2 2 2 10 2 8 10 2 10 2 2 2 10 2 2 2 2 2 2
left_child=1 7 3 -2 5 -4 9 -1 -8 12 11 27 -3 -14 15 18 -17 24 -11 -15 -21 25 -23 28 -6 -22 -16 -7 -13 -30
right_child=2 6 4 -5 17 10 8 -9 -10 14 -12 23 13 19 26 16 -18 -19 -20 20 21 22 -24 -25 -26 -27 -28 -29 29 -31
leaf_value=0.012538006146705321 -0.013292518230325755 0.035277627874694226 0.0029777058716019319 0.10564764371330031 -0.05512632645722957 -0.017651677730843654 0.021088799936356536 0.025493034383996565 0.0063971013387437723 -0.025130042141906977 1.4952142696257651e-05 0.03375719371075285 -0.050733613745161665 0.024789088894154925 -0.020475921988028927 0.0051329982630026827 -0.011741413588816859 -0.0043125209124800839 0.026861664575560596 -0.022267868809790595 0.030278080764596753 0.0045807619970493554 -0.04728809607244415 -0.019392012832212622 -0.0081902304696206893 0.0055271254169399417 0.0048407895449181764 -0.0041048810124679385 0.0060412878216861083 -0.018274437339075481
leaf_weight=3770.4913745820522 37.415389895439148 103.78316482901573 9849.1559686660767 51.668871760368347 27.170699805021286 329.16634681820869 862.78107413649559 961.21918326616287 1832.4632622599602 363.01836624741554 2326.4354931414127 32.515755504369736 23.161908030509949 158.1245644390583 95.32015997171402 525.59714376926422 605.77297925949097 7977.9410525858402 25.389014571905136 102.44690090417862 98.438109129667282 93.53847473859787 56.123084843158722 1049.8580236136913 8312.8978764116764 1438.710825741291 917.5678950548172 3162.045867472887 157.67914313077927 216.92017713189125
leaf_count=3167 21 227 9578 83 55 211 488 991 1036 338 2565 73 49 274 64 316 343 4555 45 80 167 204 126 590 12684 1700 728 3034 255 400
internal_value=-0.000143321 0.00865709 -0.00330188 0.0560998 -0.00346179 -0.000684204 0.00443239 0.0151746 0.0111062 0.000526438 -0.00564182 -0.00830086 0.00617337 0.00462341 -0.00409918 -0.00845639 -0.00390451 -0.00637631 -0.0216712 0.00530752 0.00357297 0.00515465 -0.0150548 -0.015275 -0.00834973 0.00713082 0.00244046 -0.00538682 -0.00463679 -0.00805045
internal_weight=45564.8 12033.9 33530.9 89.0843 33441.8 17123.8 7302.24 4731.71 2695.24 4606.99 7274.62 4948.19 2074.33 1970.54 2532.67 1519.78 1131.37 16318 388.407 1947.38 1789.26 1686.81 149.662 1456.97 8340.07 1537.15 1012.89 3491.21 407.115 374.599
internal_count=44447 10343 34104 104 34000 16706 6185 4158 1524 4661 7128 4563 2827 2600 1834 1042 659 17294 383 2551 2277 2197 330 1318 12739 1867 792 3245 728 655
is_linear=0
shrinkage=0.03


Tree=37
num_leaves=31
num_cat=0
split_feature=18 24 4 21 33 18 18 7 18 24 12 24 9 9 3 9 4 9 33 6 43 33 6 21 3 33 22 21 41 4
split_gain=1420.58 360.445 330.708 557.825 215.688 226.542 185.19 159.034 138.563 120.711 125.753 112.13 166.872 97.9026 97.0701 156.509 93.9361 90.1416 89.1106 88.6559 87.8404 86.533 93.9692 84.6398 80.3052 79.8132 78.4803 76.2204 135.164 79.2435
threshold=-2.2561588991624215 -0.15207348400340251 24.170750000000002 -4.6699810456095117 0.1820082058589759 -0.56427177129519979 -3.859099257425743 31.917650000000005 -1.3561854323432347 0.29033824002281988 13.52048760330617 0.43442111757849838 8.8409500000000012 10.530200000000002 9.6095000000000024 9.822750000000001 29.500150000000001 9.822750000000001 0.31893884523525656 7.8741500000000011 0.050979449599113047 0.4952507364961713 10.434800000000001 -1.9117161520074377 8.5775000000000023 0.08626630280740509 -0.70710678118654735 -0.36801711890283245 9.485100000000001 22.279900000000005
decision_type=2 2 8 2 2 2 2 10 2 2 2 2 8 8 2 8 8 10 2 10 2 2 10 2 2 2 2 2 2 10
left_child=1 6 4 -4 5 9 -1 14 25 17 19 20 -13 -6 -3 21 -10 -2 -8 -11 -9 22 -16 -15 -21 -5 -17 -22 29 -29
right_child=2 7 3 8 13 -7 18 11 16 10 -12 12 -14 23 15 26 -18 -19 -20 24 27 -23 -24 -25 -26 -27 -28 28 -30 -31
leaf_value=0.03069781076840419 0.0047469213504671981 0.007315964549197581 0.095204183402165743 0.0065784624061118136 -0.015809706059691037 -0.0063845105793898828 0.014735192084681522 0.026616398929854155 -0.0019697709130256733 -0.0074696204081670667 -0.022984733096837153 -0.019291924872400435 0.02096138426342075 0.02301086725778102 -0.011543094705113367 -0.030318243539207024 -0.032729068945770871 -0.003643942548911561 -0.0045119517491496669 -0.0097309588921198256 0.014439190421772788 -0.025864670632449491 0.01439437272371677 -0.007312996761776539 0.002340527623078167 -0.0021382503029289917 -0.0087831825689899546 -0.0078983505173498524 0.009734459249298397 -0.059498462719759233
leaf_weight=667.68654111027718 4285.8438282608986 887.27924609184265 56.568506151437759 4268.0269759297371 1980.3431366086006 12268.684515237808 3981.621074706316 364.80005148053169 3970.040120691061 2104.170260310173 285.06963729858398 245.87256217002869 147.4344530403614 104.22858613729477 163.91504144668579 194.20369040966034 90.420525580644608 1575.0097460746765 228.50113114714622 595.5282891690731 1037.3862269818783 73.049094557762146 529.60593554377556 388.40738081932068 2941.5623198747635 1213.7730650603771 700.20229661464691 65.922353625297546 293.5326421558857 44.542130827903748
leaf_count=419 4309 696 88 4233 1113 12973 3098 459 5259 1802 334 138 316 195 92 247 188 899 150 494 856 41 298 845 2539 1144 900 103 296 100
internal_value=5.63653e-05 0.010297 -0.00267226 0.00209928 -0.00439874 -0.0035311 0.0160237 0.00441123 0.00153742 -0.00056084 -0.00357964 0.0103192 -0.00418774 -0.0128339 -0.00069022 -0.00496888 -0.00266263 0.00249178 0.0136897 -0.00259514 0.0134788 0.00497525 0.00825621 -0.000863661 0.000305915 0.00464838 -0.0134878 0.0101376 -0.000916419 -0.029052
internal_weight=45753.2 9625.55 36127.7 9598.83 26528.8 24055.9 4877.81 4747.75 9542.26 11787.2 5926.33 2199.49 393.307 2472.98 2548.26 1660.98 4060.46 5860.85 4210.12 5641.26 1806.18 766.57 693.521 492.636 3537.09 5481.8 894.406 1441.38 403.997 110.464
internal_count=44624 8209 36415 10912 25503 23350 3667 4542 10824 10377 5169 2268 454 2153 2274 1578 5447 5208 3248 4835 1814 431 390 1040 3033 5377 1147 1355 499 203
is_linear=0
shrinkage=0.03


Tree=38
num_leaves=31
num_cat=0
split_feature=36 7 4 21 33 33 36 21 25 6 47 12 7 34 46 21 9 21 47 25 25 21 25 21 25 44 8 47 21 33
split_gain=1235.15 314.497 285.844 523.62 215.824 212.145 207.935 103.763 102.333 101.975 99.8767 93.0689 88.6689 95.2664 85.6718 81.0811 72.2854 68.719 64.555 83.5087 84.5527 73.1414 78.806 68.3169 63.7847 62.599 61.0962 130.655 60.4316 50.9482
threshold=5.9655958677680099 32.033750000000005 25.130000000000003 -5.0385789653165221 0.030727235477651143 0.10603908713366325 1.3168884297518082 0.67590965679816117 0.9483965485850524 7.8930500000000006 24.444998760330851 9.18862396694227 31.921650000000003 17.632007024793573 0.31073822972278026 -3.1700120354340604 9.0245500000000014 -0.89529170355664778 10.597250000000003 -0.98932651372861458 -0.95502570686053045 -0.67046501285004989 -0.99168640063982161 1.2527778995477432 -0.72694848937061807 1.5667750457048002 9.4401500000000009 10.554750000000002 -2.7318134350542533 0.03609491653960397
decision_type=2 10 8 2 2 2 2 2 2 10 2 2 10 2 2 2 8 2 2 2 2 2 2 2 2 2 8 2 2 2
left_child=2 4 5 -4 -2 6 -1 29 10 18 -5 28 13 14 -13 16 -3 -16 19 23 -21 -20 -23 -7 -12 -24 27 -17 -6 -8
right_child=1 15 3 8 11 9 7 -9 -10 -11 24 12 -14 -15 17 26 -18 -19 21 20 -22 22 25 -25 -26 -27 -28 -29 -30 -31
leaf_value=-0.0062843608866915944 0.011474702560504811 -0.0014436408114001198 0.094144776008159903 0.0032657914003107161 -0.024665361430280378 -0.042805128001586673 0.0018476317777298354 -0.0075618214898150156 -0.061897546402972743 -0.0049355130156071023 -0.021784405422651348 -0.0017752066307750163 0.010142952924286993 0.0061615354691595499 -0.0057674180644409672 0.0099609049950459307 0.03321584960450058 -0.047671538763542944 0.01101594736510768 0.0088518442618733383 -0.016530786530125196 0.032402655842211803 -0.014341325452730473 -0.014755222844191222 -0.0030984595460258396 -0.062844159407757588 0.017606506529355095 -0.04941216874537243 0.0044253887604287813 -0.0031946425208088745
leaf_weight=10735.544372141361 3494.775584757328 62.358983159065247 54.341399610042572 6296.0301925241947 187.52237078547478 188.85863471031189 7606.459681481123 1606.1892376542091 21.825644105672836 1536.2580922544003 193.31284779310226 2152.7211829125881 1155.8682949841022 1664.9848503470421 73.939937174320221 501.09897181391716 406.66965445876122 66.813196241855621 167.47841191291809 128.28133678436279 1410.6492833197117 28.061542421579361 207.12090834975243 135.40807771682739 1071.6836677193642 26.279857188463211 1765.2046447098255 34.742862045764923 97.10184520483017 2362.9600404202938
leaf_count=12063 2542 35 86 6032 106 106 6487 1947 49 1496 434 1806 942 1131 43 606 490 93 310 72 815 54 465 76 2406 59 1419 78 77 2149
internal_value=1.17693e-06 0.00841759 -0.00290535 0.00220018 0.00566717 -0.00439705 -0.00327722 -0.00048801 0.00152894 -0.0109207 0.00172019 0.0019065 0.00283673 0.000701297 -0.00326361 0.017243 0.0286145 -0.0258546 -0.0149282 -0.0173431 -0.0144106 -0.00442268 -0.0143161 -0.0311734 -0.00596894 -0.0200473 0.0149137 0.00602641 -0.0147601 0.000652307
internal_weight=45440.5 11663.8 33776.7 7637.19 8893.73 26139.5 22311.2 11575.6 7582.85 3828.4 7561.03 5398.95 5114.33 3958.46 2293.47 2770.08 469.029 140.753 2292.14 1863.2 1538.93 428.941 261.462 324.267 1265 233.401 2301.05 535.842 284.624 9969.42
internal_count=44474 9368 35106 9007 6740 26099 22646 10583 8921 3453 8872 4198 4015 3073 1942 2628 525 136 1957 1069 887 888 578 182 2840 524 2103 684 183 8636
is_linear=0
shrinkage=0.03


Tree=39
num_leaves=31
num_cat=0
split_feature=18 24 47 7 24 41 4 24 24 24 9 24 3 18 25 24 9 9 9 40 25 22 42 3 16 47 3 34 19 5
split_gain=1218.28 396.902 365.143 295.622 238.159 191.47 188.013 420.103 162.978 130.867 127.469 207.172 159.803 124.521 165.288 152.785 124.02 114.825 114.304 113.465 107.732 104.11 98.3083 89.6742 71.7683 71.2614 78.1584 70.0202 67.4914 75.1468
threshold=-1.490501838283828 -0.032247759394263838 13.437900000000001 31.970450000000003 0.1051661082335764 9.4473500000000019 1.0000000180025095e-35 -0.30983472475487867 0.79184907943689831 -0.78856175031405207 9.822750000000001 0.30675521904633613 10.921500000000002 -0.1338023764830911 -0.79382744783423187 0.43442111757849838 9.3560000000000016 8.1784000000000017 8.3628000000000018 17.212541329803489 -0.89787881968372518 0.37940952255126054 0.49918675741146629 9.9795000000000016 13.887357024793518 11.941750000000003 9.5775000000000023 13.600008057851761 2.8573012093115602 31.84815
decision_type=2 2 2 10 2 2 10 2 2 2 10 2 2 2 2 2 10 10 10 2 2 2 2 2 2 2 2 2 2 10
left_child=1 3 10 9 5 -4 7 -2 13 -1 11 12 25 14 15 -8 -14 24 -17 -5 -9 23 -11 -12 -13 -3 -27 -6 -19 -30
right_child=6 2 4 19 27 -7 8 20 -10 22 21 17 16 -15 -16 18 -18 28 -20 -21 -22 -23 -24 -25 -26 26 -28 -29 29 -31
leaf_value=0.015202369766827437 0.10172362361034278 0.016212965650714523 -0.04262293750072374 0.034612073858615811 -0.014923611197708247 0.022242098358171508 -0.0033355860208103315 0.048434391835140207 -0.010006098627304717 0.0016999467805991751 -0.0057413540549398562 0.014220433747103522 -0.034516290554065542 -0.0069978635512934406 -6.2205799604764974e-05 -0.0040799493698365791 0.019024513418712651 -0.017824787131683971 -0.022047587372347431 0.015488461695540757 -0.053204386097482716 0.006461124117395035 0.0088702942922108778 -0.026379639408628395 -0.0061068891340832062 0.02225723695981412 -0.016723661357843929 -0.050149617343830881 -0.0093876912975533501 0.0025684297805614884
leaf_weight=1310.4294889569283 45.87839475274086 1724.6713056564331 59.241034001111984 311.3494944870472 67.258617550134659 126.94507285952568 3562.0342023074627 12.02637532353401 3770.9367958903313 3891.6459704339504 860.5539675951004 622.25356766581535 111.35532706975937 5975.3268505632877 11999.65004503727 516.24329629540443 58.795612692832947 274.37952589988708 833.82868909835815 2708.6069756448269 33.406598120927811 477.49164247512817 3084.9879811406136 242.30919170379639 208.0117509663105 71.267409324645996 127.83591547608376 220.92896890640259 763.0067010819912 1241.8346074819565
leaf_count=1637 82 1475 133 258 151 285 3992 9 2136 3631 483 1247 109 8747 11154 727 33 154 468 2457 66 268 1856 136 467 160 287 496 429 697
internal_value=1.78718e-05 0.00592219 0.00044715 0.00943635 -0.0249703 0.00148578 -0.00408004 0.0386624 -0.00422789 0.00650668 0.00222795 0.00449415 0.0117864 -0.00327547 -0.00195992 -0.00659483 -0.0160122 -0.000418643 -0.0151852 0.0174709 -0.0258363 -0.00523178 0.00487141 -0.0102956 0.00912648 0.0142521 -0.00272927 -0.0420084 -0.00389818 -0.00198427
internal_weight=45314.5 18565.2 7258.14 11307 474.374 186.186 26749.3 91.3114 26658 8287.06 6783.77 5203.41 2093.93 22887.1 16911.8 4912.11 170.151 3109.49 1350.07 3019.96 45.433 1580.35 6976.63 1102.86 830.265 1923.77 199.103 288.188 2279.22 2004.84
internal_count=44230 16849 7010 9839 1065 418 27381 157 27224 7124 5945 5058 2064 25088 16341 5187 142 2994 1195 2715 75 887 5487 619 1714 1922 447 647 1280 1126
is_linear=0
shrinkage=0.03


Tree=40
num_leaves=31
num_cat=0
split_feature=18 24 7 21 9 18 48 24 9 43 43 24 16 24 9 24 34 5 31 24 24 21 22 42 19 7 24 9 24 47
split_gain=1198.91 356.87 304.592 288.064 287.334 271.249 170.334 146.88 109.445 223.136 183.468 138.982 167.838 107.528 95.9075 159.484 143.4 141.365 94.5468 92.8375 128.54 79.2933 114.976 82.7816 76 74.7708 83.3117 73.9089 65.9012 64.8776
threshold=-1.6928017333822625 -0.15207348400340251 31.647150000000003 -5.7239223525402076 10.836450000000001 -3.209361959195602 0.058575640968606062 -0.76694339346796603 8.1784000000000017 0.13429969011120182 0.19017109729263595 0.036545658007091128 17.221872933884331 0.15632249006386423 9.0046500000000016 0.1051661082335764 13.977593181819085 31.823650000000004 13.618486363636793 -0.78856175031405207 -0.35041564478062465 -3.5324698590815005 0.60355339059327384 0.3761179682393202 3.0568088720505409 31.944150000000004 0.43442111757849838 10.757700000000002 0.80223616854477187 18.929500000000004
decision_type=2 2 10 2 8 2 2 2 10 2 2 2 2 2 8 2 2 8 2 2 2 2 2 2 2 10 2 8 2 2
left_child=1 5 14 4 -2 27 -5 -8 9 13 21 -11 -13 -4 -3 17 -17 -16 -19 -7 -21 22 -10 -24 -23 -26 -27 -1 -9 -22
right_child=3 2 8 6 -6 19 7 28 10 11 -12 12 -14 -15 15 16 -18 18 -20 20 29 24 23 -25 25 26 -28 -29 -30 -31
leaf_value=0.03161923833690921 -0.018463104829114053 0.0071543078009202021 0.041711832690511506 -0.006651925030228688 0.08871098282996219 0.015797953885728081 0.0034117448019812323 -0.0030887196883520262 -0.015544776416843729 0.02659186068454613 0.011112496915121591 -0.0011615995735103854 -0.048710260714899235 0.015984708612107414 0.017807274024218351 -0.013854952063855907 -0.053975870226698502 -0.029367814641322054 -0.0045862313980416436 0.004027704098004941 0.015746663658055382 -0.018152260485780083 -0.0082242028309619832 0.022035224124833282 -0.0020586854434685403 0.015273769256933469 -0.0010102140730834312 0.017540119189031068 -0.024040069904312188 -0.011113074663784177
leaf_weight=533.16930601000786 35.633704662322998 208.90259358286858 194.20369040966034 11058.029399335384 58.795612692832947 1265.4419368207455 3688.5338538587093 14560.377146333456 657.44185101985931 106.90111398696899 1608.8617655038834 293.5326421558857 85.520891189575195 593.74660393595695 157.23372182250023 172.82346761226654 150.10698089003563 224.93776068091393 359.45499578118324 4086.7405034601688 1437.3745618164539 162.13335621356964 169.26009714603424 155.00661528110504 1260.096881121397 677.485809892416 484.61838340759277 920.68584421277046 135.40807771682739 85.075469881296158
leaf_count=303 20 118 436 15463 93 1704 3364 11128 369 240 903 659 192 1276 338 328 313 157 237 3178 1100 91 95 87 708 381 272 693 76 191
internal_value=4.50289e-05 0.00664451 0.00199851 -0.00354134 0.0484983 0.0109516 -0.00370988 -0.00194 0.00464642 0.01252 0.00270613 -0.00346499 -0.0119893 0.0223704 -0.0114036 -0.0150486 -0.0326133 -0.00736671 -0.0141587 0.0084595 0.00680142 -0.00108856 -0.00834219 0.00626374 0.00166904 0.00300275 0.00848802 0.0227215 -0.00328339 0.0142394
internal_weight=45587.5 16050.8 7722.27 29536.8 94.4293 8328.49 29442.3 18384.3 6448.81 1273.9 5174.9 485.955 379.054 787.95 1273.46 1064.56 322.93 741.626 584.393 6874.63 5609.19 3566.04 981.709 324.267 2584.33 2422.2 1162.1 1453.86 14695.8 1522.45
internal_count=44513 14369 7200 30144 113 7169 30031 14568 5709 2803 2906 1091 851 1712 1491 1373 641 732 394 6173 4469 2003 551 182 1452 1361 653 996 11204 1291
is_linear=0
shrinkage=0.03


Tree=41
num_leaves=31
num_cat=0
split_feature=18 31 21 18 33 33 7 9 6 31 31 22 18 7 47 5 7 34 21 25 9 9 25 8 32 9 22 43 3 47
split_gain=1021.86 273.594 364.007 258.807 252.734 200.208 134.128 133.457 127.368 121.446 115.183 105.951 104.746 98.9355 85.0529 77.3886 91.2854 66.7885 66.136 64.5609 61.344 60.4678 55.9694 55.4884 65.4741 55.3384 60.5599 54.0729 52.4539 49.106
threshold=-2.2782056928236032 9.2638008264464027 -5.7239223525402076 -0.33679066546717168 0.029549631977904414 0.057401324026542112 31.917650000000005 12.715250000000001 7.2271500000000009 9.0968500000000017 20.250450000000004 0.60355339059327384 -1.4469339754519479 32.123250000000006 12.888100000000001 31.84065 31.86035 17.632007024793573 0.67590965679816117 -0.63257203029273779 8.7752000000000017 8.3628000000000018 0.95370860977165395 9.2908500000000025 17.749125000000003 8.5991500000000016 -1.0000000180025095e-35 0.0075828748942882657 9.5055000000000032 12.689828925620192
decision_type=2 2 2 2 2 2 10 8 10 2 2 2 2 10 2 10 10 2 2 2 8 10 2 10 2 10 2 2 2 2
left_child=4 8 7 5 13 12 10 -3 21 20 14 -11 19 -1 -6 -7 17 23 -16 29 -8 -2 -5 -17 -25 27 -27 -10 -26 -4
right_child=1 2 3 22 6 15 9 -9 25 11 -12 -13 -14 -15 18 16 -18 -19 -20 -21 -22 -23 -24 24 28 26 -28 -29 -30 -31
leaf_value=0.012451185043660148 -0.011027445838821381 0.0088818341860824601 0.0057241078569555699 -0.0058336774545152733 -0.00064356615649374021 -0.0019326786674995608 -0.028550028795513108 0.094744992637656233 -0.0060665437054007818 0.0068731579806982608 0.012558354257386441 0.019739564753304489 0.00038839877023500629 0.025131755136580912 0.0041829404352321173 -0.0081008636881561673 0.00032271800509418917 0.001465558979516697 -0.037453695567117133 0.012110666929187702 0.011989905402105729 -0.023954484810146667 -0.058920398937800982 -0.049559794001008801 -0.010600508535924274 -0.0026382794132028026 -0.02526899678858878 0.0017502343260317973 -0.028320291492150079 -0.0021159816742824943
leaf_weight=2838.2245763540268 2524.2025540173054 24.943593263626099 3120.6216858029366 8123.1483990848064 2506.8311229944229 4077.3866559863091 106.90111398696899 47.214658677577972 2064.5277638733387 1675.2295404374599 600.87334486842155 878.3708199262619 9811.7405787706375 689.06676390767097 51.22345045208931 419.5868723988533 614.23598411679268 218.25644105672836 102.00147959589958 1100.6360527575016 48.105501294136047 374.15389895439148 16.926009714603424 69.040302783250809 327.38466158509254 203.11211657524109 223.15607544779778 1295.73058578372 280.17000290751457 933.60306215286255
leaf_count=2370 1590 14 2014 10941 1821 4981 60 82 1221 1463 488 796 9515 650 109 273 395 148 229 1505 93 210 38 41 219 114 126 935 197 1700
internal_value=-0.000180788 -0.00249755 -0.00124348 -0.00141138 0.00856902 0.000350879 0.00480574 0.065591 -0.00797156 0.00973853 0.000706712 0.0113049 0.00220768 0.0149348 -0.00197414 -0.00427572 -0.00922554 -0.0136843 -0.0235976 0.00566975 -0.0159725 -0.0127039 -0.00595129 -0.0166993 -0.0220117 -0.00434683 -0.0145171 -0.00305274 -0.018805 0.00391862
internal_weight=45366.6 35869.8 29184.9 29112.7 9496.83 20972.7 5969.54 72.1583 6684.88 2708.61 3260.93 2553.6 14966.6 3527.29 2660.06 6006.06 1928.67 1314.44 153.225 5154.86 155.007 2898.36 8140.07 1096.18 676.595 3786.53 426.268 3360.26 607.555 4054.22
internal_count=44338 36259 32063 31967 8079 20988 5059 96 4196 2412 2647 2259 14734 3020 2159 6254 1273 878 338 5219 153 1800 10979 730 457 2396 240 2156 416 3714
is_linear=0
shrinkage=0.03


Tree=42
num_leaves=31
num_cat=0
split_feature=18 33 18 21 33 7 33 17 24 33 47 24 28 49 20 9 18 24 25 48 35 25 25 35 3 21 4 12 25 9
split_gain=1085.66 301.301 255.866 500.371 242.31 158.199 127.451 106.49 89.8649 87.1161 78.4169 206.017 86.7322 77.6955 77.0432 75.7405 69.048 63.9962 62.8781 120.457 61.0668 59.0747 104.844 63.129 62.003 58.5138 58.1047 56.6251 55.3829 51.6237
threshold=-2.2782056928236032 0.20172621792915155 -1.0983206383546367 -5.7239223525402076 0.084130184833143676 32.016150000000003 0.057401324026542112 0.069428961077919002 -0.77786766366919291 0.013090569124374 13.296575206611982 0.12225609522135446 26.401700000000002 31.84815 26.821530443686584 10.351950000000002 -3.209361959195602 0.35544221683359195 -0.9292178835113839 0.21394998560258713 0.008215838362577943 -0.99052477729077237 -0.94426098523567992 2.0596731064468181 9.5775000000000023 -1.6991717217551103 1.0000000180025095e-35 10.772800000000002 -0.35846086284744721 10.685850000000002
decision_type=2 2 2 2 2 10 2 2 2 2 2 2 2 2 2 8 2 2 2 2 2 2 2 2 2 2 10 2 2 10
left_child=1 5 4 14 8 9 7 26 -2 -1 21 12 -12 -6 -4 -3 -7 -8 19 -15 -20 23 -23 -10 -25 29 -5 -17 -9 -21
right_child=2 15 3 6 13 16 17 28 10 -11 11 -13 -14 18 -16 27 -18 -19 20 25 -22 22 -24 24 -26 -27 -28 -29 -30 -31
leaf_value=0.015081464940268526 0.0088063732510444935 -0.0087489981358711937 0.022191532413864127 -0.047353532284870922 -0.0020034010351917559 0.022663033386026425 -0.0035208469860697582 -0.0035239886310919834 -0.0003884227170705076 0.0063150398365520669 0.0074871564624788564 -0.04261343274420263 -0.0098995841253277286 -0.031389352397732037 0.10999579238490435 0.023154001550520949 0.012577154230453426 -0.012932640382652056 -0.023507317322698486 -0.03694257173916389 -0.0010162841979749675 0.010959785808772415 0.0017411486431904645 -0.0071605558724320709 -0.046806119224976274 -0.0021405966097220314 -0.0057967340972906968 0.00080967061383096334 0.0012121568224308698 0.0053470726820885649
leaf_weight=1378.1335278153419 2113.0786864757538 848.52759227156639 12.471796631813048 29.397806346416473 2748.6948933899403 1270.7869925200939 913.11368197202682 4906.7611320018768 513.57076844573021 3933.5155734121799 523.81545853614807 118.92748931050301 507.33487012982368 295.31432738900185 37.860811203718185 117.14580407738686 1186.1569439470768 2265.4127739071846 126.94507285952568 92.647632122039795 721.13709810376167 1477.4624795615673 4461.3398237228394 92.647632122039795 57.013927459716797 417.35976585745811 9545.3786364197731 750.98032575845718 4060.0152249634266 35.633704662322998
leaf_count=1123 2653 477 13 60 3174 1113 1291 4494 289 3161 1176 267 1127 249 73 260 1148 1609 72 52 452 857 3302 52 32 235 11614 774 3280 20
internal_value=-3.76015e-05 0.00899317 -0.00241237 -0.00446022 0.000704748 0.0115063 -0.00468111 -0.00372924 0.0033236 0.00859194 0.00182816 -0.00539794 -0.00106857 -0.00511647 0.0890951 -0.00238006 0.0178009 -0.0102308 -0.0101784 -0.015987 -0.00440657 0.00308758 0.00403603 -0.00539848 -0.0224741 -0.00760872 -0.00592926 0.00384801 -0.00137964 -0.025245
internal_weight=45558.6 9485.25 36073.3 21770.4 14302.9 7768.59 21720.1 18541.6 9865.19 5311.65 7752.11 1150.08 1031.15 4437.73 50.3326 1716.65 2456.94 3178.53 1689.04 840.955 848.082 6602.03 5938.8 663.232 149.662 545.641 9574.78 868.126 8966.78 128.281
internal_count=44499 8056 36443 22434 14009 6545 22348 19448 9755 4284 7102 2570 2303 4254 86 1511 2261 2900 1080 556 524 4532 4159 373 84 307 11674 1034 7774 72
is_linear=0
shrinkage=0.03


Tree=43
num_leaves=31
num_cat=0
split_feature=18 33 21 18 33 20 19 24 47 18 33 33 24 46 9 47 3 43 3 49 6 43 47 24 49 9 33 24 24 48
split_gain=966.204 278.321 235.047 238.703 290.698 218.994 119.336 106.913 118.543 98.0478 92.4358 80.2425 76.72 114.171 68.6394 64.5304 88.3454 78.8952 80.2241 63.7607 61.7198 61.0806 58.2273 55.7571 52.6515 49.6911 47.7843 47.0559 46.6469 60.99
threshold=-2.1647542088752183 0.037573767444857721 -5.7239223525402076 -0.7363786012600525 0.084130184833143676 26.821530443686584 6.5188725412541286 0.27383534524298775 15.108950000000002 -3.5891574719471948 0.4952507364961713 0.2896356884087849 -0.15207348400340251 0.31073822972278026 10.575250000000002 10.005750000000001 9.9305000000000003 0.028716439178899874 10.036500000000002 31.900850000000002 7.8741500000000011 0.55891316643035982 25.066750000000003 0.88469195212971963 31.819850000000006 8.8006500000000027 1.0000000180025095e-35 -0.79902248885025529 0.13930990466364487 0.21982523755731284
decision_type=2 2 2 2 2 2 2 2 2 2 2 2 2 2 8 2 2 2 2 2 10 2 2 2 2 8 2 2 2 2
left_child=1 9 5 4 7 -2 10 22 20 -1 12 -6 -3 15 28 17 19 25 -19 -17 -9 -15 -4 26 -25 -14 -5 -11 29 -13
right_child=2 6 3 23 11 -7 -8 8 -10 27 -12 14 13 21 -16 16 -18 18 -20 -21 -22 -23 -24 24 -26 -27 -28 -29 -30 -31
leaf_value=0.023898991337778949 0.0030735606772375203 0.0076743961498254775 0.0042060387218684899 -0.039930923335350407 -0.0040276854687755423 0.095479703293018678 0.01432728494133589 -0.0073348245232988133 -0.064475886450931691 0.020293390955170541 -0.011729100821879068 -0.051855933316323405 -0.017637034088700668 0.0055846338612237159 -0.0036883735018372432 0.016830630000345251 -0.017191340237307222 0.0013253877133046952 0.015786809344294928 -0.0045358504363787111 0.00093018463198832866 -0.036769819951462501 -0.0095572820710849975 -0.028749996007036361 -0.0089294285562917224 0.0093980992070826167 -0.0045272909554208212 0.010381819134245466 -0.0141958227687596 -0.015485382466841344
leaf_weight=690.84844914078712 50.778029143810272 1964.3079695105553 9329.3493019044399 33.406598120927811 3623.9477641582489 41.424181669950485 812.89388760924339 1193.7291061878204 26.279857188463211 493.97223088145256 407.56049707531929 74.830779790878296 199.54874610900879 41.869602978229523 498.87186527252197 180.84105116128922 336.73850905895233 765.67922893166542 628.04404467344284 406.22423315048218 2545.5827768146992 110.90990576148033 284.17879468202591 131.84470725059509 1345.1723510026932 87.302576422691345 14991.544972747564 3423.9535967409611 696.63892614841461 94.429317355155945
leaf_count=591 36 1449 8975 63 3519 72 745 1102 59 677 369 42 112 46 805 337 489 501 483 252 2232 153 638 74 755 130 16551 2695 391 53
internal_value=-9.07225e-06 0.00794745 -0.00241032 -0.00253742 -0.000184683 0.0451684 0.00365521 0.00211994 -0.00216462 0.0134793 0.00196135 -0.00636458 0.00314535 -8.29342e-05 -0.0125624 0.0013997 -0.00496623 0.00489989 0.00784869 0.00206336 -0.00170957 -0.0252016 0.00379824 -0.005156 -0.0107169 -0.00940489 -0.00460866 0.0116363 -0.0176648 -0.0317751
internal_weight=45512.7 10550.7 34962 34869.8 18367.8 92.2022 5941.92 13379.1 3765.59 4608.77 5129.03 4988.72 4721.47 2757.16 1364.77 2604.38 923.804 1680.57 1393.72 587.065 3739.31 152.78 9613.53 16502 1477.02 286.851 15025 3917.93 865.899 169.26
internal_count=44396 9029 35367 35259 17816 108 5066 13006 3393 3963 4321 4810 3952 2503 1291 2304 1078 1226 984 589 3334 199 9613 17443 829 242 16614 3372 486 95
is_linear=0
shrinkage=0.03


Tree=44
num_leaves=31
num_cat=0
split_feature=18 33 21 8 7 33 18 18 33 9 33 21 8 24 46 21 21 9 9 21 7 23 21 9 4 24 8 12 33 24
split_gain=889.283 338.111 219 229.654 160.252 144.539 192.285 143.583 114.716 94.8954 89.5186 82.2386 84.9165 74.4897 145.973 69.7091 67.8339 65.4318 65.1439 87.1494 60.3947 59.5205 57.8981 56.5329 50.5019 49.6501 78.0806 54.8291 53.2743 48.1338
threshold=-1.6928017333822625 0.032589492171964128 -5.7239223525402076 17.310850000000006 32.073750000000011 0.13367169015915445 -0.6981774265607007 -2.9830697227722758 0.2896356884087849 12.927750000000001 0.021799357788705214 -0.75648450840043135 9.5181500000000021 -0.16905184689101435 0.31073822972278026 -2.0380102727078255 -3.7713643697928796 10.797450000000001 8.2603500000000007 0.67590965679816117 31.800750000000004 -0.60355339059327384 -3.288313281970408 9.0046500000000016 29.727150000000005 0.13930990466364487 9.3512500000000021 15.144397107438524 0.10335524660122652 -0.79902248885025529
decision_type=2 2 2 8 10 2 2 2 2 8 2 2 8 2 2 2 2 8 10 2 8 2 2 8 8 2 10 2 2 2
left_child=1 7 3 -2 8 6 10 11 13 -7 -4 21 -13 17 -15 -11 -6 -3 19 -10 -14 22 -1 -16 -8 26 -25 -27 -28 -9
right_child=2 4 5 -5 16 9 24 29 18 15 -12 12 20 14 23 -17 -18 -19 -20 -21 -22 -23 -24 25 -26 27 28 -29 -30 -31
leaf_value=-0.0069086579905197603 -0.0062650951482591966 0.019390086526161861 0.0027006749089194038 0.089478483635048928 0.033825969532683645 -0.012995061187922255 -0.0047876727249054202 0.014968113631147417 0.017121539153062408 0.024276895193456112 -0.0026927593155366331 -0.027241043062599384 -0.028799832515049365 0.001378023548399183 0.0043214177099762307 -0.0038795256562370612 0.0095168964650491333 0.0042428853468012154 -0.0095756649682478771 -0.019958727494056177 0.017728306193703323 0.026883275681423641 0.021121654721992587 -0.060293513915768926 -0.043504456591287939 -0.015234402211803579 0.004097939398394943 -0.072358072278320335 -0.025254175687857743 0.0071321304360656363
leaf_weight=103.33774352073669 43.205866903066635 284.62421599030495 6238.5708437561989 45.87839475274086 112.24616968631744 2109.0698947012424 15258.797757714987 843.18253657221794 196.43079695105553 90.420525580644608 4979.3648052513599 57.013927459716797 27.170699805021286 3299.2356304228306 81.957520723342896 587.95612692832947 1207.0917454361916 2544.6919341981411 1333.1459756791592 79.284992873668671 236.5187146961689 845.85506442189217 182.17731508612633 32.515755504369736 29.397806346416473 27.616121113300323 107.34653529524803 34.297440737485886 114.02785491943359 4337.0672787129879
leaf_count=82 25 165 5933 82 120 1186 16389 1179 438 197 4936 113 43 2793 46 1296 1231 2074 749 178 195 687 130 64 57 53 103 77 82 3689
internal_value=-0.000112073 0.00555783 -0.0032164 0.0434888 0.0019147 -0.00335991 -0.00267631 0.0107501 0.000341257 -0.00985708 0.000306636 0.0190861 0.00565469 0.0021102 -0.000693734 -9.63588e-05 0.0116091 0.00577298 -0.00683127 0.00642512 0.0128433 0.0228851 0.0109878 -0.0178383 -0.00486496 -0.0235847 -0.0175829 -0.0475256 -0.0110666 0.00841023
internal_weight=45469.5 16086.8 29382.7 89.0843 9454.51 29293.6 26506.1 6632.32 8135.17 2787.45 11217.9 1452.07 320.703 6526.31 3697 678.377 1319.34 2829.32 1608.86 275.716 263.689 1131.37 285.515 397.761 15288.2 315.804 253.89 61.9136 221.374 5180.25
internal_count=44392 14291 30101 107 8173 29994 27315 6118 6822 2679 10869 1250 351 5457 3218 1493 1351 2239 1365 616 238 899 212 425 16446 379 249 130 185 4868
is_linear=0
shrinkage=0.03


Tree=45
num_leaves=31
num_cat=0
split_feature=18 24 18 24 7 4 25 33 9 25 9 6 48 33 24 49 11 9 43 42 33 9 18 15 4 16 24 18 9 24
split_gain=934.363 231.952 227.416 214.273 146.893 145.821 338.107 122.469 120.481 120.276 128.039 124.363 119.661 95.3551 93.8495 87.205 91.1056 79.831 128.73 94.5056 72.8549 70.1688 89.5896 68.697 68.5438 68.1571 63.1682 63.096 92.817 162.711
threshold=-2.2782056928236032 0.30675521904633613 -0.33679066546717168 -0.15207348400340251 31.672750000000004 9.3085500000000021 -0.35846086284744721 0.039874202186407449 10.722800000000001 -0.99052477729077237 10.460000000000003 11.466300000000002 0.21710523401333429 0.046282556109276722 -0.78856175031405207 31.927750000000007 26.052800000000005 8.4222000000000019 0.12393481906408287 0.51572653516360989 0.14205184528896495 8.6201500000000024 -1.0614347543570444 13.564109488421712 29.500150000000001 15.612750000000002 0.053729698564148505 -1.4773331221122106 10.862500000000002 0.15632249006386423
decision_type=2 2 2 2 10 10 2 2 8 2 8 10 2 2 2 2 2 10 2 2 2 10 2 2 10 2 2 2 8 2
left_child=3 2 9 8 -5 6 -4 25 -1 10 11 12 -2 -6 -10 -16 20 18 -15 26 -17 22 -9 -19 27 -3 -20 28 -11 -30
right_child=1 7 5 4 13 -7 -8 21 14 24 -12 -13 -14 17 15 16 -18 23 19 -21 -22 -23 -24 -25 -26 -27 -28 -29 29 -31
leaf_value=0.02168271839728959 -0.045009207962934374 -0.0024062316430035389 0.079470301043400679 -0.014258614429338142 0.01139189191567622 -0.0051307379861292007 -0.050735991000079764 -0.001720125919296715 0.020832192382610096 0.011934937717064154 0.0035380099628324656 0.0060575338766360688 -0.013763002295400752 0.022090380409673364 0.0051762540573805126 0.0090984472643268425 0.023604414292217029 -0.020013069841706269 0.041587463543844599 -0.056491106501470843 -0.033371859787451837 -0.015530127717665515 -0.010737847787562269 0.00077799013943735261 -0.019266649320617602 -0.032087020888513396 -0.0053438562529726057 0.0008480244595561612 0.0039266102531593829 -0.025652818006232671
leaf_weight=1078.8104086518288 137.18976294994354 5800.721697717905 52.114293068647385 371.03594979643822 1531.8038791716099 7954.3337232470512 26.279857188463211 1627.5694604516029 631.60741513967514 1283.258789151907 659.22353625297546 215.58391320705414 555.88579273223877 388.85280212759972 2302.3827424943447 213.80222797393799 544.3048387169838 153.22493004798889 28.952385038137436 28.061542421579361 42.760445594787598 1171.0126194655895 2538.0106145739555 1969.6530252099037 131.84470725059509 69.485724091529846 185.74068555235863 9429.1236749589443 4514.3449594080448 172.82346761226654
leaf_count=610 77 4338 78 569 1363 10760 59 1779 785 724 877 121 312 798 1767 120 307 86 65 63 24 658 1840 1107 296 96 405 9415 4810 388
internal_value=2.2555e-05 -0.0021648 -0.000564206 0.00841447 0.00382572 -0.00472754 0.0357323 -0.00575388 0.0128525 0.00139177 -0.00652464 -0.0138209 -0.0200039 0.00539413 0.0102967 0.00814641 0.0166681 0.00205577 0.0114099 -0.00571883 0.00191798 -0.00904272 -0.00721571 -0.000731382 0.00219129 -0.00276297 0.00114852 0.00237624 0.00478922 0.00283073
internal_weight=45809.8 36338.8 25132 9470.99 4657.33 8032.73 78.3942 11206.8 4813.67 17099.3 1567.88 908.659 693.076 4286.29 3734.86 3103.25 800.868 2754.49 631.607 242.755 256.563 5336.59 4165.58 2122.88 15531.4 5870.21 214.693 15399.6 5970.43 4687.17
internal_count=44697 36628 27917 8069 4456 10897 137 8711 3613 17020 1387 510 389 3887 3003 2218 451 2524 1331 533 144 4277 3619 1193 15633 4434 470 15337 5922 5198
is_linear=0
shrinkage=0.03


Tree=46
num_leaves=31
num_cat=0
split_feature=18 7 21 20 48 24 24 48 7 25 21 44 24 8 7 5 15 41 3 35 25 9 24 5 3 35 35 21 21 4
split_gain=818.484 237.259 187.981 222.43 154.314 138.091 130.09 119.646 86.1747 78.8047 77.8259 91.0165 129.533 83.7955 73.8935 100.546 95.8871 116.68 104.335 81.2228 70.6615 61.0503 60.6592 74.1824 57.3296 60.0722 62.8931 55.6892 54.2849 53.521
threshold=-1.9520788052805285 32.079250000000009 -5.7239223525402076 26.821530443686584 0.063866914452268747 -0.76694339346796603 -0.78856175031405207 0.20772587325846678 31.911550000000002 -0.98801846520836312 1.6395643479260633 0.7960339462653464 0.13930990466364487 9.5181500000000021 31.369050000000005 31.862950000000001 21.02041956765677 9.4473500000000019 9.4835000000000012 0.010516273104100684 -0.99168640063982161 10.836450000000001 0.88469195212971963 31.819850000000006 9.4095000000000031 2.5470776041410486 0.022768962514466185 1.2884662274681029 -2.853845107230716 29.170750000000002
decision_type=2 10 2 2 2 2 2 2 10 2 2 2 2 10 10 8 2 2 2 2 2 8 2 8 2 2 2 2 2 8
left_child=1 6 3 -2 22 -6 -1 10 9 24 -8 -12 13 -13 15 20 17 -17 -19 -16 -7 -11 29 -24 -9 26 -26 -20 -3 -4
right_child=2 28 4 -5 5 14 7 8 -10 21 11 12 -14 -15 19 16 -18 18 27 -21 -22 -23 23 -25 25 -27 -28 -29 -30 -31
leaf_value=0.015913642068112941 -0.002261616783061823 0.023665751409002966 -0.0043903899544990429 0.090576052687908762 0.0038007439453343938 0.0229478433319481 -0.00035116311435012153 0.0055243934186927184 0.010960844718342584 0.012233761960133921 0.014763050688186473 -0.039680801347976469 -0.084596498276137355 0.013755854474211762 -0.011911315538970946 -0.0070248147893718733 0.0053955468787681921 -0.013692989675166658 -0.049298034081804026 0.0010350599930808405 -0.0028020081479048641 0.0035391452918789677 -0.028082793852767848 -0.008405140194601873 -0.028835010013241742 -0.027471094491272972 -0.001309575527898098 -0.016588488345174651 0.012519394780689235 -0.028981065051783526
leaf_weight=811.11220237612724 51.22345045208931 509.11655536293983 10785.876979976892 41.424181669950485 4042.6437939405441 96.211002588272095 2805.263399541378 609.7817710340023 1929.1196861565113 1028.4778008162975 48.550922602415085 59.241034001111984 32.070334196090698 46.323816061019897 469.91948023438454 1139.8331278860569 310.01323056221008 381.72606119513512 156.78830051422119 5904.0594412386417 7231.8603612184525 2476.9878953397274 194.20369040966034 1498.3972810506821 80.621256798505783 104.67400744557381 883.71587562561035 68.594881474971771 1750.5057415366173 79.284992873668671
leaf_count=924 34 552 15758 75 3781 195 3322 367 1433 587 106 133 72 104 335 696 177 242 100 5104 5595 1418 109 841 46 67 529 49 1746 169
internal_value=-0.000111933 0.00619372 -0.00267214 0.0397715 -0.00279489 -0.00114499 0.00436128 0.00343249 0.00554921 0.00353375 -0.00160103 -0.0203303 -0.0327267 -0.0163228 -0.00241388 -0.0041067 -0.00996613 -0.0126937 -0.023308 7.8874e-05 -0.00246085 0.00609284 -0.00539622 -0.0106781 -0.0018103 -0.00599539 -0.00363826 -0.0394602 0.0150401 -0.00457248
internal_weight=45627.6 13175.6 32452.1 92.6476 32359.4 19801.6 10915.9 10104.8 7113.38 5184.26 2991.45 186.186 137.635 105.565 15759 9385.03 2056.96 1746.94 607.109 6373.98 7328.07 3505.47 12557.8 1692.6 1678.79 1069.01 964.337 225.383 2259.62 10865.2
internal_count=44666 11406 33260 109 33151 16274 9108 8184 4447 3014 3737 415 309 237 12493 7054 1264 1087 391 5439 5790 2005 16877 950 1009 642 575 149 2298 15927
is_linear=0
shrinkage=0.03


Tree=47
num_leaves=31
num_cat=0
split_feature=18 33 7 33 18 18 33 31 4 4 20 35 24 16 7 8 25 49 35 31 8 47 8 16 24 19 49 24 47 24
split_gain=776.291 293.154 142.351 140.533 151.963 131.766 99.7479 83.1635 78.8428 73.9087 287.347 64.55 58.2151 99.3615 53.099 52.3901 53.7866 48.6201 47.5663 93.9298 51.0186 43.3506 81.1295 52.7337 64.5279 43.2741 43.1586 42.7293 63.9627 39.9471
threshold=-1.5898382413876175 0.032589492171964128 32.084950000000006 0.057401324026542112 -0.6981774265607007 -2.9830697227722758 0.25337645510188894 11.456350000000002 inf 1.0000000180025095e-35 25.188137800746688 0.12969459066305269 0.036545658007091128 17.019275000000004 31.921650000000003 8.5556000000000019 -0.61915584096709908 31.994250000000005 1.6538362668105504 14.245766115702985 11.795800000000002 10.388248347107446 11.795800000000002 15.822050000000003 0.13930990466364487 4.6395817293174728 31.62875 -0.72696319516528884 23.859250000000007 -0.79902248885025529
decision_type=2 2 10 2 2 2 2 2 8 10 2 2 2 2 10 10 2 2 2 2 10 2 8 2 2 2 2 2 2 2
left_child=1 5 6 4 27 12 11 15 -9 10 -6 -3 -1 -14 18 16 -5 -4 -13 20 -20 22 26 -23 -25 -26 -8 -2 -29 -7
right_child=3 2 17 7 9 29 21 8 -10 -11 -12 14 13 -15 -16 -17 -18 -19 19 -21 -22 23 -24 24 25 -27 -28 28 -30 -31
leaf_value=0.02020713871015321 0.0038932427001625879 -0.0026847859776767979 0.0076479160250984097 -0.0031796577052699958 -0.02641297699237247 0.013092584387379619 0.012149386320175291 -0.0039335629496711809 0.057710124719001978 -0.004122062650523485 0.093927583004944637 0.0038851933549469311 0.010647767777898168 -0.052343007383369798 0.0090281921642987994 -0.017786274595795445 -0.01273883745407935 0.021253119170923117 -0.012073473801269179 0.0042073437930271757 -0.048987794152471675 0.021088434035187613 -0.044598897026152134 0.00081721839213941131 -0.037724086429388633 0.00059100544642277041 -0.0091013073962554984 4.6006744364988355e-05 -0.0193692867545909 0.0064180493427293435
leaf_weight=1222.2360699176788 3117.5037366449833 1872.9966013133526 948.74738663434982 944.73859485983849 40.087917745113373 968.34592419862747 92.647632122039795 2507.276544302702 17.816852331161499 14228.092850357294 30.734070271253586 2748.6948933899403 193.31284779310226 24.498171955347061 1310.4294889569283 744.29900613427162 1207.5371667444706 314.9128649532795 314.02202233672142 491.29970303177834 36.96996858716011 91.75678950548172 54.341399610042572 641.40668392181396 71.267409324645996 41.869602978229523 1072.5745103359222 5191.8307693004608 156.34287920594215 4864.0006864070892
leaf_count=980 3255 1553 1104 801 66 1370 85 3025 16 15431 63 2316 212 55 1109 636 716 200 291 458 23 200 32 576 160 94 638 4519 351 4167
internal_value=-4.25989e-05 0.00494458 0.00163841 -0.00311717 -0.0020832 0.00953716 0.000291622 -0.00745742 -0.00347594 -0.0039691 0.0263909 0.00205145 0.0176625 0.00335608 0.00386151 -0.0109259 -0.00854627 0.0110526 0.00197409 -0.00425974 -0.0160898 -0.00547745 -0.00909525 -0.000259417 -0.00287991 -0.0236635 -0.00740268 0.00110225 -0.000525074 0.00752828
internal_weight=45562.6 17376.3 10103.9 28186.3 22764.6 7272.39 8840.28 5421.67 2525.09 14298.9 70.822 6774.41 1440.05 217.811 4901.42 2896.57 2152.28 1263.66 3590.99 842.292 350.992 2065.86 1219.56 846.3 754.544 113.137 1165.22 8465.68 5348.17 5832.35
internal_count=44502 15623 8839 28879 23685 6784 7535 5194 3041 15560 129 5750 1247 267 4197 2153 1517 1304 3088 772 314 1785 755 1030 830 254 723 8125 4870 5537
is_linear=0
shrinkage=0.03


Tree=48
num_leaves=31
num_cat=0
split_feature=18 33 14 4 20 33 24 18 48 8 24 34 4 33 33 9 24 41 4 42 9 16 24 24 8 18 26 24 5 24
split_gain=754.54 290.443 176.273 148.776 226.36 150.488 142.867 134.726 124.238 87.4097 134.371 229.253 89.0983 81.8324 79.9145 71.4972 68.6957 65.0555 77.7473 73.5567 63.12 73.082 76.0201 64.4281 58.7035 75.1822 50.4194 48.9017 45.9202 45.5387
threshold=-1.6045398528214869 0.20172621792915155 10.113850000000003 1.0000000180025095e-35 11.416362539028013 0.1820082058589759 -0.78856175031405207 -0.53942715587917156 0.1731610073759054 8.6344000000000012 0.036545658007091128 13.67054710743834 24.509250000000005 0.030727235477651143 0.022511397116955507 12.927750000000001 -0.77786766366919291 9.3599500000000013 25.425350000000005 0.44296535548121663 10.386500000000002 15.529016115702687 0.13930990466364487 0.24059136628141839 11.621050000000002 -3.5891574719471948 22.690250000000002 -0.36647417525074694 31.994250000000005 0.32308142426531927
decision_type=2 2 2 10 2 2 2 2 2 10 2 2 10 2 2 8 2 2 10 2 8 2 2 2 8 2 2 2 10 2
left_child=1 2 6 4 -2 7 -1 14 9 -8 12 -12 -11 27 -5 -7 -6 18 19 -4 24 23 -23 -22 25 -3 -19 -10 -28 -16
right_child=3 20 17 5 16 15 8 -9 13 10 11 -13 -14 -15 29 -17 -18 26 -20 -21 21 22 -24 -25 -26 -27 28 -29 -30 -31
leaf_value=0.014492079006590716 -0.050764018150546243 0.012694931689370926 0.022533664137223412 0.0015151999475803879 0.092944643039858388 -0.014852552266376849 0.008482761231376288 -0.0047564624863793217 0.0050829999714096441 0.01594766085952528 -0.0051999172607214966 -0.042657446186519093 -0.00339751901858506 0.0036149942956210414 -0.00069761388578104642 -0.00055728968932662354 0.033237946675232249 0.04081460167936285 0.034959781561464801 -0.045190771000622069 0.059064195208646246 0.0012552841051273584 -0.021606084996602465 0.01080479871456794 -0.027112038002486953 -0.0084242328173876301 0.013823898364613171 0.011747638848567202 0.028715598740873986 -0.0060168723440883285
leaf_weight=1503.2969154417515 20.934801489114761 171.04178237915039 20.489380180835724 7779.7285704016685 30.734070271253586 1369.6705229580402 615.12682673335075 12868.221596181393 1566.5467412173748 330.05718943476677 733.16347342729568 183.0681577026844 606.66382187604904 4862.6644224822521 3170.0634510219097 408.8967610001564 42.31502428650856 99.774373054504395 28.506963729858398 44.09670951962471 28.506963729858398 1017.7876894176006 149.21613827347755 164.36046275496483 127.39049416780472 1288.1584235429764 623.58983159065247 2706.8252904117107 267.69820627570152 2666.7373726665974
leaf_count=1998 47 96 28 7134 69 771 853 14349 895 741 791 411 1362 3075 3430 909 38 209 16 84 64 926 335 369 73 723 506 1703 151 2348
internal_value=6.21526e-06 0.00497576 0.00675522 -0.00299725 0.0344871 -0.00312311 0.00579269 -0.00255557 0.00466454 -0.00130736 -0.00456022 -0.0127225 0.00342857 0.0062778 -0.000475435 -0.0115682 0.0592744 0.0183762 -0.00554944 -0.0236898 -0.00359437 0.00114837 -0.00168383 0.0182057 -0.00765754 -0.00594173 0.0206269 0.00930625 0.0183238 -0.00312851
internal_weight=45495.3 17138 14191.6 28357.3 93.9839 28263.3 13107.4 26484.8 11604.1 2468.08 1852.95 916.232 936.721 9136.04 13616.5 1778.57 73.0491 1084.16 93.0931 64.5861 2946.46 1359.87 1167 192.867 1586.59 1459.2 991.062 4273.37 891.288 5836.8
internal_count=44504 15409 12823 29095 154 28941 11829 27261 9831 4158 3305 1202 2103 5673 12912 1680 107 994 128 112 2586 1694 1261 433 892 819 866 2598 657 5778
is_linear=0
shrinkage=0.03


Tree=49
num_leaves=31
num_cat=0
split_feature=18 24 46 9 21 9 24 35 24 18 25 24 9 49 9 24 49 7 43 9 23 49 9 42 24 21 24 22 12 3
split_gain=677.403 234.594 208.871 200.963 178.716 185.388 121.886 119.805 109.854 100.217 124.944 123.309 97.7529 96.0467 77.7945 123.231 126.564 75.0404 86.5476 112.009 71.2538 68.2882 66.3208 110.212 97.0311 84.5445 72.4521 66.1172 63.4439 60.9872
threshold=-1.5898382413876175 -0.15207348400340251 0.30064360140448271 10.797450000000001 -5.7239223525402076 8.5472500000000018 -0.79902248885025529 0.011010128732395168 0.79184907943689831 -0.097440746747382775 -0.79382744783423187 0.43442111757849838 8.2731000000000012 31.927750000000007 9.8419500000000024 0.070897839638973045 31.900850000000002 31.917650000000005 0.19017109729263595 11.061300000000001 -0.3794095225512602 31.819850000000006 8.1784000000000017 0.54525320106125286 0.43442111757849838 -3.7028069356135531 0.48030317736429479 0.37940952255126054 14.887800000000002 10.541500000000001
decision_type=2 2 2 8 2 10 2 2 2 2 2 2 10 2 8 2 2 8 2 8 2 2 10 2 2 2 2 2 2 2
left_child=1 3 7 -1 5 -2 -5 -3 9 10 11 -6 -13 -8 -4 16 -16 18 -9 -20 -18 -10 23 25 27 -19 -26 -24 -17 -15
right_child=4 2 14 6 8 -7 13 17 21 -11 -12 12 -14 29 15 28 20 22 19 -21 -22 -23 24 -25 26 -27 -28 -29 -30 -31
leaf_value=0.017681757110249569 0.081382004918090806 -0.011707019734845545 -0.0026973848462383877 0.013784139313368478 -0.0023569994083501387 -0.0062247569067146839 0.0021341777833247234 -0.0035624024882151238 -0.020745570990894437 -0.005860762141624171 0.00032268954553570464 -0.00095194212373616628 -0.017685031546020104 0.0093084662878046356 0.014075179808293771 -0.011275916160932258 -0.044335069937537185 0.037859664613332594 0.011710415601253766 -0.011068590706330655 -0.0072846157538004053 -0.0065484713012439345 0.0037956308238764852 -0.048849931134115523 -0.01628084869150714 0.011631172163919347 0.002228454810068471 0.015115886357746307 -0.045690426991771733 0.03167793934040776
leaf_weight=1580.800223082304 44.987552136182785 477.49164247512817 489.96343910694122 1428.9115569591522 4083.1771329939365 40.978760361671448 4814.113499879837 1912.1936764419079 334.06598120927811 5514.761217802763 13238.812124669552 455.66599836945534 1011.9972124099731 1100.1906314492226 142.53481864929199 69.040302783250809 81.066678106784821 129.61760070919991 906.8777836561203 246.31798347830772 109.57364183664322 3426.1807032823563 1227.1357043087482 23.607329338788986 286.85132253170013 736.28142258524895 561.23084843158722 746.97153398394585 165.2513053715229 121.15459585189819
leaf_count=897 83 364 275 2002 4544 23 4358 1602 210 8334 12520 738 568 619 296 152 56 291 509 529 66 1923 691 53 161 1572 315 420 320 68
internal_value=-3.67325e-05 0.00462441 0.000985905 0.00796751 -0.00291077 0.0400299 0.00590813 0.00280193 -0.00304373 -0.00230526 -0.00126146 -0.00503905 -0.0124941 0.00404149 -0.011464 -0.0190152 -0.0072526 0.00382577 0.000351749 0.00683954 -0.0231888 -0.00781494 0.00669399 0.0138332 0.00443975 0.0155965 -0.00404385 0.00808452 -0.0356403 0.0115516
internal_weight=45507.8 17357.2 8312.01 9045.17 28150.6 85.9663 7464.37 7254.58 28064.7 24304.4 18789.7 5550.84 1467.66 6035.46 1057.43 567.467 333.175 6777.09 3065.39 1153.2 190.64 3760.25 3711.7 889.506 2822.19 865.899 848.082 1974.11 234.292 1221.35
internal_count=44559 15616 7672 7944 28943 106 7047 6507 28837 26704 18370 5850 1306 5045 1165 890 418 6143 2640 1038 122 2133 3503 1916 1587 1863 476 1111 472 687
is_linear=0
shrinkage=0.03


Tree=50
num_leaves=31
num_cat=0
split_feature=18 24 37 24 47 47 6 24 33 8 9 33 37 25 18 24 18 24 6 3 18 15 23 9 18 7 9 24 24 22
split_gain=694.828 189.025 180.173 155.844 215.706 140.87 121.605 115.382 93.7468 97.093 90.8152 90.1159 85.2012 280.755 80.766 95.9255 78.4668 73.2746 106.107 68.437 62.6791 62.3237 60.8971 69.1719 59.809 57.268 54.1497 64.2633 53.8279 53.1179
threshold=-2.2986786012326248 0.29033824002281988 0.070082753729911559 -0.032247759394263838 12.192015289256522 15.108950000000002 7.4346500000000004 0.019350803001866129 0.08626630280740509 9.7992500000000025 9.822750000000001 0.22451147632136767 1.0000000180025095e-35 0.0096758544822447261 -5.0374517755775559 0.30675521904633613 -3.2640173267326724 -0.083760455055074887 10.938700000000003 9.9975000000000005 -0.93346467596750482 21.338156597959934 -0.60355339059327384 9.2636500000000019 -5.0374517755775559 31.889450000000004 8.5625500000000017 0.43442111757849838 0.79184907943689831 0.60355339059327384
decision_type=2 2 2 2 2 2 10 2 2 10 10 2 2 2 2 2 2 2 10 2 2 2 2 8 2 8 10 2 2 2
left_child=3 2 12 11 10 6 26 -6 20 -10 14 16 13 -2 -5 -16 22 21 -19 -9 -4 -11 23 -1 -13 -25 28 -28 -3 -12
right_child=1 5 8 4 7 -7 -8 19 9 17 29 24 -14 -15 15 -17 -18 18 -20 -21 -22 -23 -24 25 -26 -27 27 -29 -30 -31
leaf_value=-0.051900909025072189 0.078814388939107888 -0.0032582178269311203 0.0038904038424773767 -0.054695592665671776 0.026428997532110574 -0.052447027464189049 -0.0020158284874331953 -0.0023933069061023099 0.013050648299490283 0.02546269897227061 -0.0069048005223658008 0.034547644333703935 -0.004408049629496146 -0.037100372073357805 0.01486027216975455 0.0022634046538390069 0.0091093511780255074 -0.020563662887926479 0.002978797341315024 -0.038765590887775758 -0.00032314119291225831 -0.0030881070589792873 0.020458391646194295 -0.0090355569218489532 -0.0033689940864365213 0.016220298780165246 -0.0066174125724366159 -0.024039585384801151 -0.01003254757160035 0.0097134631434425394
leaf_weight=16.035167098045349 41.424181669950485 1922.8837878406048 8989.4928436875343 17.371431022882462 36.96996858716011 55.232242226600647 6166.4125918149948 61.913561850786209 291.30553561449051 70.376566708087921 744.74442744255066 39.197075128555298 7924.9359169006348 32.961176812648773 1076.5833021104336 1099.7452101409435 3514.3741223216057 527.82425031065941 255.22640964388847 188.41321340203285 4913.8878729343414 1917.5387321412563 1224.9085977673531 107.79195660352707 545.19568133354187 315.35828626155853 368.80884325504303 395.53412175178528 2343.3615028560162 224.49233937263489
leaf_count=9 72 1956 8917 39 83 124 4982 139 264 134 418 22 10841 68 1124 1200 2712 486 258 423 4627 2058 857 62 351 234 207 222 1319 126
internal_value=2.08578e-05 -0.00185043 -0.000395321 0.0073764 0.00233282 -0.00507851 -0.00484019 -0.0225108 0.0013547 -0.00339629 0.00459582 0.0103951 -0.00410662 0.0276402 0.00797365 0.00849877 0.0116551 -0.0051294 -0.0128963 -0.0298149 0.00240129 -0.00206505 0.0170227 0.00741571 -0.000771133 0.00978057 -0.00830117 -0.0156527 -0.0069807 -0.00304967
internal_weight=45430.3 36217.2 24965 9213.09 3450.23 11252.2 11197 287.297 16965.7 3062.27 3162.94 5762.86 7999.32 74.3854 2193.7 2176.33 5178.47 2770.97 783.051 250.327 13903.4 1987.92 1664.09 439.185 584.393 423.15 5030.59 764.343 4266.25 969.237
internal_count=44334 36535 27725 7799 3552 8810 8686 645 16744 3200 2907 4247 10981 140 2363 2324 3874 2936 744 562 13544 2192 1162 305 373 296 3704 429 3275 544
is_linear=0
shrinkage=0.03


Tree=51
num_leaves=31
num_cat=0
split_feature=18 33 18 21 33 33 14 18 33 9 41 21 18 11 22 3 16 7 12 33 41 34 4 21 16 48 22 7 31 47
split_gain=646.846 215.901 172.629 283.246 185.168 101.76 92.8821 73.0727 67.1797 64.8895 62.1557 94.4235 60.0076 59.9735 63.0264 82.6565 80.0613 75.519 64.0736 59.4875 51.2618 47.0447 45.7314 43.9384 41.4281 44.1992 60.8488 40.8332 49.0657 50.9129
threshold=-2.2986786012326248 0.14607760608662554 -1.1105818229549127 -5.7239223525402076 0.034670837890077029 0.061618787719344238 10.113850000000003 -0.26819467656765722 0.26276989696310354 8.2731000000000012 9.4473500000000019 -2.0983431886413295 -4.3038007986798652 27.424850000000003 0.60355339059327384 9.3045000000000027 16.470030991735648 31.911550000000002 11.55704545454571 0.013802608449127391 10.440300000000002 15.102750000000002 29.727150000000005 -2.4594497862182547 17.508650000000006 0.32104015770704591 0.60355339059327384 31.941650000000006 20.250450000000004 9.8440500000000011
decision_type=2 2 2 2 2 2 2 2 2 10 2 2 2 2 2 2 2 10 2 2 2 2 8 2 2 2 2 10 2 2
left_child=1 6 4 21 -2 7 19 -5 -6 23 11 -8 -13 14 15 -3 -17 18 -16 -1 -7 -4 -9 -10 -12 26 -26 28 29 -21
right_child=2 13 3 5 8 20 10 22 9 -11 24 12 -14 -15 17 16 -18 -19 -20 27 -22 -23 -24 -25 25 -27 -28 -29 -30 -31
leaf_value=0.012844559961012043 0.0042969031396929225 0.0081432045537137149 0.089033539054957783 -0.0011056606877180924 -0.001116180890978479 -0.010939988630656105 0.03210139072347163 -0.0047279880085348436 0.032685993868519114 -0.011929478819473939 0.037322882200513004 -0.050026030610743635 0.0047463874992736211 0.012283340873786531 -0.018063256334912941 -0.00023823185359142347 -0.01736044506089757 0.014935389119423451 0.0050381327072285204 0.0089848086121888937 -0.0017059409146718562 0.029821922582859258 -0.041074525078391301 -0.00084919873406662347 -0.0063117933002021127 0.021835100384243852 0.039675658155154135 0.010121612784511257 0.010896072743142719 -0.0017923407302094618
leaf_weight=1824.8911000192165 6967.7255254089832 270.81615543365479 30.734070271253586 10350.254940479994 5962.4096326231956 2283.2296262383461 42.760445594787598 8442.9608984291553 38.75165382027626 1089.5005200505257 119.37291061878204 36.524547278881073 34.297440737485886 279.72458159923553 173.71431022882462 411.12386754155159 610.22719234228134 336.29308775067329 282.39710944890976 564.79421889781952 709.5561440885067 21.825644105672836 30.288648962974548 304.2227535545826 118.48206800222397 617.35393327474594 32.070334196090698 1581.245644390583 676.59496727585793 1302.4119054079056
leaf_count=1559 7003 293 69 9095 5703 1595 24 10657 87 613 250 70 53 199 126 416 461 326 250 341 1149 19 62 641 122 348 48 1336 574 1094
internal_value=4.56145e-05 0.00709605 -0.0017672 -0.00344532 0.000788014 -0.00361432 0.00975944 -0.00279705 -0.00251832 -0.00834962 0.0182136 -0.00266095 -0.0238043 -0.000734868 -0.00248681 -0.00656984 -0.0104752 0.00417125 -0.00378052 0.00833451 -0.008752 0.0654615 -0.00486274 0.00302385 0.0208858 0.0182854 0.00368151 0.00633667 0.00398087 0.00147061
internal_weight=45546.6 9315.1 36231.5 21868.8 14362.6 21816.3 6950.8 18823.5 7394.88 1432.47 1000.86 113.582 70.822 2364.3 2084.57 1292.17 1021.35 792.405 456.111 5949.94 2992.79 52.5597 8473.25 342.974 887.279 767.906 150.552 4125.05 2543.8 1867.21
internal_count=44583 7890 36693 22646 14047 22558 5819 19814 7044 1341 915 147 123 2071 1872 1170 877 702 376 4904 2744 88 10719 728 768 518 170 3345 2009 1435
is_linear=0
shrinkage=0.03


Tree=52
num_leaves=31
num_cat=0
split_feature=18 24 7 9 21 20 24 24 5 14 25 24 5 9 9 24 47 5 5 26 40 33 9 3 3 22 18 4 41 16
split_gain=548.139 225.902 194.332 178.528 130.222 152.941 113.174 108.558 107.434 94.7229 115.886 126.744 86.9689 84.872 77.1927 133.663 109.549 101.592 65.308 61.7661 64.6436 61.0301 80.0821 61.2753 58.7454 56.5667 56.0801 55.1712 51.9943 47.8142
threshold=-1.6928017333822625 -0.15207348400340251 31.647150000000003 10.757700000000002 -5.7239223525402076 25.188137800746688 0.79184907943689831 -0.79902248885025529 31.927850000000003 0.33498099173547052 -0.79382744783423187 0.43442111757849838 32.010550000000002 8.2603500000000007 9.0046500000000016 0.12225609522135446 15.108950000000002 31.823650000000004 31.819850000000006 26.052800000000005 21.485766303972181 0.15067847556967276 8.1629500000000021 11.003500000000001 9.7115000000000027 0.78656609248549325 -2.8724210924092399 22.405600000000003 12.007350000000002 14.690957024793553
decision_type=2 2 10 8 2 2 2 2 8 2 2 2 8 10 8 2 2 8 10 2 2 2 10 2 2 2 2 10 2 2
left_child=1 3 14 -1 5 -2 9 26 -9 -6 11 24 21 29 -3 17 -17 -16 -8 -10 -21 23 -23 25 -11 -4 -5 -25 -24 -13
right_child=4 2 12 7 6 -7 18 8 19 10 -12 13 -14 -15 15 16 -18 -19 -20 20 -22 22 28 27 -26 -27 -28 -29 -30 -31
leaf_value=0.017357677791250883 -0.00010887278886978054 0.0067106936228989505 0.0047935272546780544 0.028199371516162267 -0.0052984075478046695 0.079339331571219002 -0.020382197322401808 0.0018488380812992492 0.001914586639118555 0.00024828338189023273 0.00066368752927000981 0.0033101332045159084 -0.0088425535295968069 -0.015775556695501174 0.014606719934468354 -0.017299331002278762 -0.056208113975200251 -0.011884430431327328 -0.0062412856169947167 0.029874788673903165 0.011224864333468686 0.011184671366288564 -0.0026377380054508994 -0.0059616390941643572 -0.0072740508354279913 0.013785553772298623 0.010954333971091431 -0.061118923286545189 -0.031199282414579102 -0.023258467500446616
leaf_weight=1456.9730993807316 51.22345045208931 214.69307059049606 3123.2942136526108 201.33043134212494 5680.903365790844 36.96996858716011 320.70334196090698 4425.2606977522373 376.38100549578667 3501.0114830732346 13555.952096164227 402.21544137597084 523.37003722786903 1165.222142457962 161.6879349052906 199.99416741728783 96.656423896551132 654.76932317018509 3442.2158703804016 234.73702946305275 584.39275646209717 409.34218230843544 1420.0031307935715 87.302576422691345 1273.4595203697681 788.39571565389633 1076.5833021104336 19.153116255998611 58.795612692832947 70.821988016366959
leaf_count=826 34 122 2746 260 8608 71 204 3923 212 3213 12722 642 353 654 345 383 217 450 1932 134 328 916 797 130 1920 654 1493 40 33 159
internal_value=-5.35427e-05 0.00439614 0.000709372 0.00781848 -0.002484 0.0337113 -0.00259368 0.00580161 0.00400577 -0.00188074 -0.000908226 -0.0042307 0.00286743 -0.0114281 -0.00973495 -0.0129101 -0.0301231 -0.00662678 -0.00745157 0.0119816 0.0165993 0.0039064 -0.000542189 0.00599642 -0.0017592 0.00660892 0.0136911 -0.0163618 -0.00379363 -0.000708325
internal_weight=45613.8 16113.1 7757.46 8355.66 29500.7 88.1934 29412.5 6898.69 5620.77 25649.6 19968.7 6412.73 6429.66 1638.26 1327.8 1113.11 296.651 816.457 3762.92 1195.51 819.13 5906.29 1888.14 4018.15 4774.47 3911.69 1277.91 106.456 1478.8 473.037
internal_count=44521 14362 7186 7176 30159 105 30054 6350 4597 27918 19310 6588 5669 1455 1517 1395 600 795 2136 674 462 5316 1746 3570 5133 3400 1753 170 830 801
is_linear=0
shrinkage=0.03


Tree=53
num_leaves=31
num_cat=0
split_feature=18 24 24 37 29 47 47 24 6 9 28 18 24 4 25 4 3 33 41 3 24 3 15 22 24 3 9 47 6 44
split_gain=530.295 169.845 150.587 141.165 121.372 117.276 104.278 277.309 95.2418 92.8345 101.151 88.2072 89.4936 79.6764 243.275 75.3748 67.5525 66.0419 96.5695 64.6329 64.0316 80.6613 62.4415 62.1141 84.1065 115.552 69.6703 78.4291 68.3423 70.5248
threshold=-2.2377758216180843 -0.15207348400340251 0.30675521904633613 0.070082753729911559 14.887800000000002 15.108950000000002 12.192015289256522 0.019350803001866129 7.2271500000000009 8.4484500000000029 16.021000000000004 -5.0374517755775559 0.15632249006386423 9.3085500000000021 0.39430939717889452 20.191100000000002 11.088500000000002 0.08626630280740509 9.5632500000000018 8.5775000000000023 -0.049434980436038223 9.8515000000000033 21.338156597959934 0.60355339059327384 0.1051661082335764 9.5885000000000016 8.6901000000000028 9.8111000000000015 14.517600000000002 0.46185878396826413
decision_type=2 2 2 2 2 2 2 2 10 10 2 2 2 10 2 8 2 2 2 2 2 2 2 2 2 2 10 2 10 2
left_child=1 4 3 13 -1 8 9 -8 -4 11 -11 -3 -13 14 -2 -14 -9 -5 -19 -10 22 -22 -20 24 25 -12 -26 -28 29 -27
right_child=2 6 5 17 -6 -7 7 16 19 10 23 12 15 -15 -16 -17 -18 18 20 -21 21 -23 -24 -25 26 28 27 -29 -30 -31
leaf_value=0.025335609855125289 0.074861735031634541 -0.046505465867289868 -0.0078459183227423367 0.0019702039730797797 0.0084903153124140512 -0.052539668127650298 0.027483572727893934 -0.022230060136789145 -0.0094662288752224034 -0.02130195584103806 0.0034061420442285774 0.029887143943222862 0.011646157330606402 -0.0040530624943908959 -0.044477391822197031 -0.021503312052967603 -0.064057597621871049 0.013088305384757831 0.021912516836169346 -0.00095239107736455131 -0.0050786880893827126 -0.025460932285440569 -0.0030358323916391443 0.0083448168537669388 -0.0060098316755419602 -0.013566541644063315 0.015696956147968965 -0.0091158828697730874 0.010825618024289234 -0.043774333909328673
leaf_weight=419.5868723988533 39.197075128555298 21.380222797393799 4563.3413033187389 13485.13010814786 4590.9574244320393 44.987552136182785 110.46448445320129 244.98171955347061 937.61185392737389 169.26009714603424 685.05797213315964 227.16486722230911 523.37003722786903 7928.4992873668671 24.052750647068024 69.040302783250809 40.087917745113373 302.88648962974548 93.983896046876907 5536.1414406001568 516.24329629540443 263.68941450119019 1827.5636278688908 1081.928357809782 304.66817486286163 502.43523573875427 603.99129402637482 140.75313341617584 85.520891189575195 80.175835490226746
leaf_count=321 70 48 3408 13229 3479 101 248 550 740 95 386 510 983 10831 54 155 90 245 142 4341 508 265 1988 608 171 282 339 79 48 45
internal_value=-0.000115813 0.00602443 -0.00182538 -0.000511884 0.00990573 -0.00472669 0.00204647 -0.0127019 -0.00452706 0.00334686 0.00127707 0.0123275 0.0139171 -0.00378391 0.0294933 0.00775315 -0.0283154 0.00107406 -0.00294762 -0.00218675 -0.00474972 -0.0119936 -0.00180483 0.00237964 -0.000308927 -0.00525025 0.00606172 0.0110015 -0.0141178 -0.0177915
internal_weight=45464.2 9900.82 35563.3 24481.2 5010.54 11082.1 4890.28 395.534 11037.1 4494.75 3653.79 840.955 819.575 7991.75 63.2498 592.41 285.07 16489.5 3004.37 6473.75 2701.48 779.933 1921.55 3484.53 2402.6 1353.19 1049.41 744.744 668.132 582.611
internal_count=44359 8437 35922 27332 3800 8590 4637 888 8489 3749 2053 1696 1648 10955 124 1138 640 16377 3148 5081 2903 773 2130 1958 1350 761 589 418 375 327
is_linear=0
shrinkage=0.03


Tree=54
num_leaves=31
num_cat=0
split_feature=18 33 21 9 6 7 33 18 18 31 7 35 5 6 48 21 9 41 21 21 35 7 46 33 44 46 24 30 48 24
split_gain=529.61 243.614 124.327 139.989 118.738 139.463 109.5 102.736 84.8454 72.6729 60.8411 56.5279 56.1452 54.5733 53.7553 51.9267 48.2076 45.6106 64.8257 40.1745 39.8478 51.0941 39.7845 38.2343 37.3675 42.852 45.8591 67.5034 47.0382 75.5705
threshold=-1.490501838283828 0.030727235477651143 -5.7239223525402076 12.715250000000001 9.2323500000000021 31.917650000000005 0.14607760608662554 -0.56427177129519979 -2.9446548652589626 20.250450000000004 31.872350000000001 0.12969459066305269 31.84065 7.2271500000000009 0.21710523401333429 -3.7713643697928796 12.927750000000001 9.485100000000001 -0.48637317160462284 -1.9311278574907023 0.011010128732395168 32.004850000000012 0.036986537580194774 0.020594368165187425 0.064828577765349296 0.30064360140448271 -0.15207348400340251 14.391438016528936 0.21710523401333429 0.019350803001866129
decision_type=2 2 2 8 10 8 2 2 2 2 8 2 8 8 2 2 8 2 2 2 2 10 2 2 2 2 2 2 2 2
left_child=1 8 3 -2 9 11 7 13 10 20 -1 12 -6 -4 -14 -7 -8 18 -12 -18 -3 24 -17 -15 -22 -26 -27 -28 29 -29
right_child=2 4 6 -5 5 15 16 -9 -10 -11 17 -13 14 23 -16 22 19 -19 -20 -21 21 -23 -24 -25 25 26 27 28 -30 -31
leaf_value=0.0016243812827623925 -0.0044145969638605146 -0.015689701372344919 -0.016169846471215294 0.07104116038421221 0.00019373391468426192 0.02078923992341792 -0.012012306080321467 -0.0040067343834471868 0.006557120078142244 0.0044519535017109139 0.013376897669469097 0.0019886415819057555 -0.027359485194051791 0.0015970076608954782 -0.0065613773236090382 0.022181626612648393 0.020163781379836966 0.019896025494703429 -0.028015212315000385 -0.0046488581452890062 -0.019315410804750445 0.0032603416679613125 0.0061925188042250365 -0.0019011834896176046 0.00115611945927479 -0.0011582661432010149 -0.00028124664409448486 0.017986420650663686 -0.012414999913857814 -0.038913260565888223
leaf_weight=268.5890488922596 44.542130827903748 298.43227654695511 187.07694947719574 42.760445594787598 626.26235944032669 269.92531281709671 1544.2756758034229 13097.613569945097 6014.9693470001221 890.39719524979591 147.4344530403614 2986.5498720109463 163.02419883012772 6665.7298783957958 354.55536139011383 146.98903173208237 67.704038858413696 1029.3686434328556 43.205866903066635 403.55170530080795 183.95900031924248 638.73415607213974 2681.4362758398056 4862.2190011739731 636.50704953074455 481.94585555791855 252.55388179421425 23.607329338788986 329.61176812648773 158.1245644390583
leaf_count=207 25 202 105 81 653 288 869 14609 5794 883 103 2577 105 6040 202 228 146 892 85 897 119 528 2303 4814 568 359 225 50 185 301
internal_value=8.04527e-05 0.0039693 -0.00261077 0.0329293 0.00115108 0.00342587 -0.00272765 -0.00218118 0.00814607 -0.00307173 0.0145578 -0.00018344 -0.00585149 -0.000139999 -0.0131524 0.00823592 -0.00945073 0.0174015 0.00389874 -0.00104894 -0.00530291 -0.00415162 0.00703099 0.000121516 -0.00644326 -0.0051757 -0.00840899 -0.012976 -0.0192332 -0.0314639
internal_weight=45541.7 18626.2 26915.5 87.3026 11122.6 7228.74 26828.2 24812.6 7503.57 3893.87 1488.6 4130.39 1143.84 11715 517.58 3098.35 2015.53 1220.01 190.64 471.256 3003.48 2705.04 2828.43 11527.9 2066.31 1882.35 1245.84 763.898 511.344 181.732
internal_count=44443 16857 27586 106 9776 6356 27480 25568 7081 3420 1287 3537 960 10959 307 2819 1912 1080 188 1043 2537 2335 2531 10854 1807 1688 1120 761 536 351
is_linear=0
shrinkage=0.03


Tree=55
num_leaves=31
num_cat=0
split_feature=18 24 21 18 24 7 47 25 4 18 7 46 4 3 5 3 47 46 21 45 18 47 24 12 25 21 3 21 24 34
split_gain=501.323 144.529 194.695 153.402 129.337 106.113 103.915 99.807 103.443 89.7467 76.1505 90.6674 75.6502 62.3515 61.5281 58.1204 90.513 69.5374 77.7022 67.1521 55.7435 97.6923 105.611 184.423 80.1647 54.7477 53.2858 50.8144 50.424 50.3663
threshold=-2.2377758216180843 0.30675521904633613 -5.7239223525402076 -0.16564374257425737 -0.15207348400340251 31.672750000000004 15.108950000000002 -0.99052477729077237 20.349000000000004 -3.859099257425743 31.784450000000003 0.01009134160880738 29.500150000000001 8.6575000000000006 31.756650000000004 9.6895000000000007 9.9578000000000024 0.036986537580194774 -3.4777792878208778 -0.61109962911184723 -0.82461596255071778 10.847150000000001 0.15632249006386423 13.52048760330617 -0.62587551141915865 -2.7668748132073575 9.4945000000000004 -1.472484575591287 -0.77786766366919291 9.7762822314050961
decision_type=2 2 2 2 2 10 2 2 10 2 10 2 10 2 8 2 2 2 2 2 2 2 2 2 2 2 2 2 2 2
left_child=4 2 28 7 9 27 10 8 14 -1 -3 13 20 -12 -4 19 17 18 -17 -7 21 -9 24 -24 -23 -13 -10 -6 -2 -19
right_child=1 6 3 -5 5 15 -8 12 26 -11 11 25 -14 -15 -16 16 -18 29 -20 -21 -22 22 23 -25 -26 -27 -28 -29 -30 -31
leaf_value=0.019448174962282894 0.079263069676083556 -0.0074242668985448354 0.03206749123586982 -0.0045955740248430667 0.0086438157847975004 0.024266006237006931 -0.049803895514387873 0.007528979962987732 0.0019674416788548724 0.0076969574443018713 -0.018046016457955099 -0.0046946818381671182 -0.020468908061026133 -0.0049119964502511299 -0.027138670116308449 -0.023536650360441256 -0.0079624727459170486 0.022487130295917427 0.0067928691916335831 0.0057768436360955428 -0.00068650014673476934 -0.00033401741231599356 0.025886152385083804 -0.035260060727175295 0.0063806432354456075 0.0025441597178334297 -0.010688227596492543 -0.017447565194680045 0.024781321779079421 0.005173924014829928
leaf_weight=675.70412465929985 30.288648962974548 4445.304656624794 16.035167098045349 6359.7254396080971 83.739205956459045 195.98537564277649 44.542130827903748 3025.3015258312225 774.58765509724617 4345.5302835702896 391.97075128555298 1384.3694261312485 138.97144818305969 1898.3856158852577 250.32677525281906 152.77950873970985 751.42574706673622 171.04178237915039 149.66155958175659 1740.2610514461994 5803.3942255675793 5091.1655536293983 59.686455309391022 165.69672667980194 2332.6713914573193 2925.9725740849972 486.84548994898796 328.27550420165062 32.515755504369736 1260.9877237379551
leaf_count=422 68 4046 21 9115 107 347 100 1725 680 3372 250 849 312 1133 145 91 982 216 144 1417 5592 5169 134 372 3425 2213 580 509 22 797
internal_value=-7.84271e-05 -0.00173373 -0.000450396 -0.000586647 0.00591019 0.00240683 -0.00457621 0.000818661 -0.00651669 0.00928187 -0.00438934 -0.00234463 0.00149344 -0.00716664 -0.0234678 0.00376429 0.000728199 0.00449568 -0.0085553 0.00765986 0.0016799 0.00296638 0.0011611 -0.0190244 0.0017764 0.000218683 -0.00292156 -0.0121366 0.0518867 0.00725606
internal_weight=45513.1 35657.8 24567.2 24504.4 9855.39 4834.16 11090.5 18144.7 1527.8 5021.23 11046 6600.7 16616.9 2290.36 266.362 4422.14 2485.9 1734.47 302.441 1936.25 16477.9 10674.5 7649.22 225.383 7423.84 4310.34 1261.43 412.015 62.8044 1432.03
internal_count=44355 35951 27360 27270 8404 4610 8591 18155 1426 3794 8491 4445 16729 1383 166 3994 2230 1248 235 1764 16417 10825 9100 506 8594 3062 1260 616 90 1013
is_linear=0
shrinkage=0.03


Tree=56
num_leaves=31
num_cat=0
split_feature=18 33 18 21 33 19 18 33 19 35 33 24 25 22 47 41 9 24 32 22 23 47 24 35 6 9 25 44 33 18
split_gain=531.165 141.445 126.634 165.086 113.51 98.5132 75.1385 68.5715 52.4461 48.7245 48.3009 46.6974 44.2585 43.7513 50.6767 48.8394 44.5017 40.1778 40.1559 41.9662 41.5067 45.2311 55.8202 40.6441 39.0821 37.7517 44.4516 36.2059 36.0471 35.3704
threshold=-2.1460314186234686 0.036806955864656425 -1.0983206383546367 -5.7239223525402076 0.035328104959117611 6.3943662376237631 -3.7571067194719467 0.057401324026542112 0.21371707034337731 0.01498089094267154 0.20868229440951955 -0.77786766366919291 -0.31186713686689865 0.78656609248549325 9.6782000000000021 9.4473500000000019 9.8419500000000024 0.35544221683359195 27.333800000000007 -0.70710678118654735 -0.5 10.058900000000001 0.22386011952790016 2.4774389812549962 11.339950000000002 8.2198500000000028 -0.98667386918526234 0.11431030049721809 0.54769517137729096 -4.3038007986798652
decision_type=2 2 2 2 2 2 2 2 2 2 2 2 2 2 2 2 10 2 2 2 2 2 2 2 10 10 2 2 2 2
left_child=1 6 4 11 -2 9 -1 8 -5 27 -6 -4 -10 14 -7 29 -17 -9 19 -11 21 23 -23 -21 25 26 -12 -3 -22 -16
right_child=2 5 3 7 10 13 -8 17 12 18 24 -13 -14 -15 15 16 -18 -19 -20 20 28 22 -24 -25 -26 -27 -28 -29 -30 -31
leaf_value=0.020602916760700599 0.0035296604334206462 -0.024492964718406871 0.07367940876524734 -0.0048083226469825806 -0.00054086917927724033 -0.0025831388015673893 0.0085257907065759315 -0.001889063960953516 -0.0030922307911522349 -0.0047428544254251963 0.032997159298040424 0.016107175104795843 0.00045720828829215525 0.023964914032602619 -0.065999870351119663 0.03181428858109047 0.010714241537819188 -0.0093824862560725458 0.0081309770219553604 0.0060555884451361612 0.0064494492594432233 -0.0042313561612949266 -0.033190467199675278 -0.030606066151596348 0.00086801456112608262 -0.011997850372438085 -0.0038634582664938163 -0.0010221663119506811 -0.0082230802901001373 0.00058146380421667616
leaf_weight=521.14293068647385 6426.9840571582317 109.57364183664322 29.843227654695511 5923.2125574946404 4781.5977443754673 248.99051132798195 4190.5236682891846 900.19646403193474 6585.5540429055691 952.75617840886116 32.515755504369736 22.716486722230911 6080.0008580088615 208.90259358286858 9.7992687821388262 124.27254500985146 326.04839766025543 2266.7490378320217 796.41329920291901 560.78542712330818 1763.8683807849884 611.11803495883942 65.476932317018509 27.616121113300323 479.71874901652336 966.11881765723228 241.41834908723831 127.39049416780472 163.91504144668579 21.380222797393799
leaf_count=456 6473 75 67 8579 4663 163 3588 1286 5863 813 73 15 5013 193 22 246 183 1600 621 413 1503 517 147 23 522 543 503 121 143 48
internal_value=0.000158718 0.00595927 -0.00164986 -0.00304446 0.000702674 0.00294984 0.00986569 -0.00317382 -0.00247837 0.00132756 -0.00209208 0.0495618 -0.00138845 0.0118826 0.00839933 0.0140721 0.0165947 -0.00725377 0.00196566 0.000779546 0.00242845 -0.00179335 -0.0070787 0.0042859 -0.0064022 -0.00921314 0.000615971 -0.0119325 0.00519826 -0.0217448
internal_weight=45566.6 10830 34736.6 21808.3 12928.4 6118.31 4711.67 21755.7 18588.8 5178.91 6501.37 52.5597 12665.6 939.394 730.491 481.5 450.321 3166.95 4941.95 4145.54 3192.78 1265 676.595 588.402 1719.77 1240.05 273.934 236.964 1927.78 31.1795
internal_count=44475 9275 35200 22423 12777 5231 4044 22341 19455 4376 6304 82 10876 855 662 499 429 2886 4180 3559 2746 1100 664 436 1641 1119 576 196 1646 70
is_linear=0
shrinkage=0.03


Tree=57
num_leaves=31
num_cat=0
split_feature=48 6 31 21 35 37 7 5 31 9 24 47 24 42 8 44 25 16 24 25 48 7 25 14 41 3 48 5 19 25
split_gain=444.779 158.996 137.245 111.01 166.592 119.305 99.3212 120.268 94.7985 86.7123 96.068 80.8132 215.986 120.4 119.771 65.9679 66.9769 89.202 63.0609 62.1469 90.6096 60.229 57.7184 56.3535 54.7361 72.6218 54.1117 68.6988 52.986 51.1063
threshold=0.32104015770704591 18.095400000000001 9.1869500000000013 0.67590965679816117 1.0000000180025095e-35 0.077881188118796463 31.895550000000004 31.84065 15.643300000000002 8.3628000000000018 0.75929452741351844 12.736450000000001 0.12225609522135446 0.43368323912792711 9.3512500000000021 1.7660530037367848 -0.97874870457683594 14.300925000000001 -0.8781231054254196 -0.91939278948206182 0.20772587325846678 31.815350000000006 -0.9937528315903793 4.7171000000000003 10.584700000000002 9.4945000000000004 0.11030522515338782 31.884950000000003 2.7234930198019813 -0.95502570686053045
decision_type=2 8 2 2 2 2 10 8 2 10 2 2 2 2 10 2 2 2 2 2 2 8 2 2 2 2 2 10 2 2
left_child=2 -2 9 4 -4 -6 7 15 19 10 -1 23 14 -14 -13 16 17 -7 -18 20 -9 -22 -16 -5 28 -26 -11 -28 -23 -8
right_child=1 -3 3 11 5 6 29 8 -10 26 -12 12 13 -15 22 -17 18 -19 -20 -21 21 24 -24 -25 25 -27 27 -29 -30 -31
leaf_value=0.002946389890920777 0.014943703709167396 0.0042777347358753633 0.06748964065025613 -0.0053780206961620168 -0.0033072043515530677 -0.027520787252506014 0.010364450595408551 -0.021372478153179456 0.0039872268447228272 -0.025998383546220565 -0.0060097471365231931 -0.038611658163925831 -0.022171947346991541 -0.068417272248955399 0.017669502001255083 -0.0037564016324486455 0.011360017336920087 0.012182274916155091 0.0010058018318250064 8.5286027074550775e-06 0.0097465596229425935 -0.033555579615783225 -0.0047674765578188298 0.004212897621508358 -0.0031635160705819712 -0.023900057353200374 -0.018585870058117626 -0.0027070605671111127 0.0046989377257373281 0.0032287816146680023
leaf_weight=1452.5188862979412 1564.3196346759796 6411.8397326767445 32.070334196090698 1103.3085806071758 6774.85809892416 53.00513568520546 1259.651459813118 538.95978301763535 754.98911753296852 219.14728367328644 4172.7068159580231 90.865946888923645 263.68941450119019 62.358983159065247 107.79195660352707 1805.2925624549389 564.34879758954048 913.11368197202682 8326.2605156600475 597.30997440218925 174.60515284538269 35.633704662322998 2011.9680494964123 1100.1906314492226 274.37952589988708 340.74730083346367 429.83156248927116 570.13927459716797 293.97806346416473 3192.7799377441406
leaf_count=1197 881 3637 69 1589 7872 32 1352 373 783 123 2495 204 592 140 242 2307 1267 1033 7659 378 104 20 4283 1075 154 192 242 320 168 3622
internal_value=-6.16847e-05 0.0063712 -0.00142948 -0.000572263 0.000199429 0.000113505 0.00132537 0.000134326 -0.00521034 -0.00527033 -0.00369702 -0.00479309 -0.00844281 -0.0311988 -0.0050739 0.0015144 0.00248005 0.0099778 0.00166426 -0.00828931 -0.0112763 -0.00640034 -0.00361874 -0.000589608 -0.00939174 -0.0146706 -0.0125209 -0.00954422 0.000474328 0.00524943
internal_weight=45492.7 7976.16 37516.5 30672.2 25932 25899.9 19125.1 14672.6 3010.6 6844.34 5625.23 4740.17 2536.67 326.048 2210.63 11662 9856.73 966.119 8890.61 2255.61 1658.3 1119.34 2119.76 2203.5 944.739 615.127 1219.12 999.971 329.612 4452.43
internal_count=44405 4518 39887 35510 27385 27316 19444 14470 2172 4377 3692 8125 5461 732 4729 12298 9991 1065 8926 1389 1011 638 4525 2664 534 346 685 562 188 4974
is_linear=0
shrinkage=0.03


Tree=58
num_leaves=31
num_cat=0
split_feature=18 33 24 47 37 6 25 47 4 36 24 46 4 35 10 49 25 23 32 49 8 23 24 4 20 10 25 4 10 22
split_gain=476.595 134.322 121.222 125.391 112.543 81.8271 81.1976 104.335 87.5786 73.2486 72.8326 62.3446 59.5772 59.4524 59.105 51.3247 54.9464 61.9994 74.254 51.1967 53.1202 48.7533 63.4415 47.3443 180.742 45.1881 42.8305 42.6151 42.4398 43.7383
threshold=-2.2986786012326248 0.14607760608662554 0.29033824002281988 15.108950000000002 0.079951558792234922 7.2271500000000009 -0.99052477729077237 11.356450000000002 20.349000000000004 10.027700000000003 -0.78856175031405207 0.37327291809689428 29.500150000000001 0.0077776603165742282 0.29712871287128717 31.612450000000006 -0.79382744783423187 -0.3794095225512602 27.614875000000008 31.951950000000004 10.460600000000001 -0.60355339059327384 0.070897839638973045 9.3085500000000021 22.546463746066948 0.29303630363036304 -0.98372925196996197 20.749150000000004 0.46821782178217819 -0.25881904510252113
decision_type=2 2 2 2 2 10 2 2 8 2 2 2 10 2 2 2 2 2 2 2 10 2 2 10 2 2 2 10 2 2
left_child=1 9 4 5 23 -4 7 8 19 10 -1 27 15 -3 -7 16 17 -8 25 -6 -21 22 -10 24 -2 26 -19 -9 29 -12
right_child=2 13 3 -5 6 14 12 11 21 -11 28 -13 -14 -15 -16 -17 -18 18 -20 20 -22 -23 -24 -25 -26 -27 -28 -29 -30 -31
leaf_value=0.016743802898177243 -0.041660511314968229 -0.030817560498140276 -0.0070047310818739167 -0.049928540638604572 -0.0080277886777947432 -0.0078506313253800201 -0.0089567508657562404 0.059882050301635008 -0.023980292301826734 0.01548451867796111 0.0022104412147852305 -0.016034711945748487 -0.017946953591500874 0.00064523837544640662 -0.00043915879544677695 0.0051149047677114482 0.0020977646830375469 -0.035024663932500671 -0.024777888778774938 -0.050206798656669036 -0.016912941735924419 -0.00094445598498609266 0.012158193871251515 -0.0033956398024093198 0.060728228603755603 0.0044170050640029044 -0.003627002607707137 0.013999539239957249 -0.024636793235175536 0.007971220079199837
leaf_weight=603.54587271809578 24.052750647068024 54.341399610042572 4549.0878214538097 52.559714376926422 116.70038276910782 1179.4756243228912 950.08365055918694 19.153116255998611 199.54874610900879 1048.0763383805752 1811.5284607708454 60.131876617670059 136.29892033338547 2320.1995948255062 5391.3795154094696 3451.1242965459824 8804.6430007517338 44.542130827903748 97.547266513109207 87.302576422691345 87.302576422691345 743.85358482599258 55.232242226600647 8388.6194988191128 40.087917745113373 1357.1987263262272 278.83373898267746 207.12090834975243 40.087917745113373 3440.4341851472855
leaf_count=728 54 44 3421 118 67 932 1275 43 112 934 1415 135 306 2059 4286 3518 7845 28 156 49 49 419 31 11333 69 1706 233 459 87 2648
internal_value=1.97342e-05 0.00607194 -0.00153306 -0.00413316 -0.000377853 -0.00391223 0.00105006 -0.00542719 -0.00906373 0.00817799 0.00687669 0.0109259 0.00172565 -8.74579e-05 -0.00177052 0.00190579 0.00094512 -0.00277418 0.000532466 -0.0235087 -0.033751 -0.00483078 -0.0161292 -0.00319818 0.0222823 0.00201544 -0.00804639 0.0181297 0.00574841 0.00598499
internal_weight=45640.1 9318.21 36321.9 11172.5 25149.4 11119.9 16696.6 1576.35 1289.94 6943.67 5895.6 286.406 15120.3 2374.54 6570.86 14984 11532.8 2728.21 1778.12 291.306 174.605 998.635 254.781 8452.76 64.1407 1680.57 323.376 226.274 5292.05 5251.96
internal_count=44559 7915 36644 8757 27887 8639 16431 1364 727 5812 4878 637 15067 2103 5218 14761 11243 3398 2123 165 98 562 143 11456 123 1967 261 502 4150 4063
is_linear=0
shrinkage=0.03


Tree=59
num_leaves=31
num_cat=0
split_feature=48 12 31 45 24 33 37 9 6 7 42 9 15 3 17 16 24 48 9 9 28 6 5 24 41 16 25 49 3 4
split_gain=406.233 133.851 117.833 108.937 116.505 175.307 89.6585 88.9001 81.5631 69.6493 75.2323 85.3013 67.5419 62.4751 61.476 60.1715 57.2413 64.4162 55.972 86.8367 56.9768 56.4311 53.2678 55.8375 52.7806 116.918 83.5295 52.7596 52.1306 61.9268
threshold=0.32104015770704591 18.016723140497025 9.1869500000000013 -0.019033205752186144 -0.66528616069191593 1.0000000180025095e-35 0.086582630990363188 8.3979000000000017 7.8930500000000006 31.933150000000001 0.54525320106125286 14.326850000000002 28.267033062706272 10.065500000000002 0.51140924092409257 14.49829896694215 0.48030317736429479 0.11219571621591688 9.822750000000001 10.386500000000002 17.892550000000004 13.763950000000003 31.84065 0.3873823162447298 9.5632500000000018 16.152675000000006 -0.99168640063982161 31.94725 9.5775000000000023 16.670000000000005
decision_type=2 2 2 2 2 2 2 10 10 8 2 8 2 2 2 2 2 2 8 8 2 10 10 2 2 2 2 2 2 8
left_child=2 27 7 9 5 -5 -7 8 -1 15 11 -11 13 -8 16 22 -9 -18 20 21 -6 -20 -4 -24 25 -13 -26 -2 -21 -30
right_child=1 -3 3 4 18 6 12 14 -10 10 -12 24 -14 -15 -16 -17 17 -19 19 28 -22 -23 23 -25 26 -27 -28 -29 29 -31
leaf_value=-0.0056914306584687543 0.0083249255762501088 0.00415340434691535 -0.0018339047376705652 0.072305617748483 -0.0027001223241116599 -0.0034799393012634378 0.001033794473055454 -0.024968734962518453 0.0021754391987793735 0.0033603323677863371 -0.030556529672404575 0.01157262247917514 -0.021458861335231456 0.0072548372755004533 0.025753880097761125 0.0020001753408501661 -0.024837655629161366 -0.004806273141110479 -0.020595481716684901 -0.0013093470651638986 0.0049768094677451807 0.012780996402709417 -0.022310550717964148 0.015296211579193602 0.037766851516987193 -0.039634052723166745 0.0118536341616128 0.018971988365877754 -0.0011244917111432459 -0.010389274636236396
leaf_weight=3952.2232683598995 836.50121694803238 6321.4192070960999 665.01401326060295 29.843227654695511 6039.9129402637482 3193.6707803606987 4674.6966303884983 299.76854047179222 1693.9372353851795 2399.0391663908958 49.44176521897316 396.87038567662239 102.44690090417862 2107.2882094681263 35.633704662322998 3212.3784753084183 188.85863471031189 607.55466449260712 463.23816061019897 2553.6003603637218 1015.5605828762054 49.887186527252197 255.22640964388847 40.53333905339241 169.26009714603424 43.651288211345673 331.39345335960388 843.62795788049698 990.61698961257935 1885.0229766368866
leaf_count=2381 474 3578 908 67 3435 5922 4612 169 1322 1381 75 891 212 2862 20 3072 106 341 260 4104 570 28 147 28 380 98 738 478 2224 3524
internal_value=1.96912e-05 0.00615504 -0.00129143 -0.000500231 -0.00152315 0.000892479 0.000673858 -0.00487081 -0.00333128 0.00262476 0.00581851 0.00636591 0.00260102 0.00296757 -0.0125412 2.98658e-05 -0.0138084 -0.00958164 -0.00340162 -0.00554655 -0.00159456 -0.017332 -0.00655316 -0.0171224 0.0140154 0.00642028 0.0206722 0.0136791 -0.0044297 -0.00719919
internal_weight=45448.1 8001.55 37446.6 30668.6 23105.8 10107.9 10078.1 6777.98 5646.16 7562.81 3389.66 3340.21 6884.43 6781.98 1131.82 4173.15 1096.18 796.413 12997.8 5942.37 7055.47 513.125 960.774 295.76 941.175 440.522 500.654 1680.13 5429.24 2875.64
internal_count=44407 4530 39877 35538 27820 13675 13608 4339 3703 7718 3563 3488 7686 7474 636 4155 616 447 14145 10140 4005 288 1083 175 2107 989 1118 952 9852 5748
is_linear=0
shrinkage=0.03


Tree=60
num_leaves=31
num_cat=0
split_feature=18 33 31 18 33 9 24 5 22 7 9 24 47 24 12 47 25 25 28 3 37 25 18 46 5 42 11 12 3 47
split_gain=382.187 139.383 110.463 81.3767 93.2672 77.2667 80.0165 70.6844 57.9209 61.1171 57.8779 55.3464 79.7226 153.02 99.9575 83.2788 67.0387 90.8157 76.4607 65.9694 51.8281 178.288 49.3089 49.143 48.8337 63.0171 48.6704 63.6146 79.6772 72.5743
threshold=-2.2782056928236032 0.027961236562487436 9.2638008264464027 -0.38828058205816779 0.2426137068469135 8.3628000000000018 0.79184907943689831 31.819850000000006 0.60355339059327384 31.917650000000005 8.4692000000000025 -0.77786766366919291 12.689828925620192 0.13930990466364487 19.061145041323378 14.916150000000002 -0.99052477729077237 -0.9575230291762723 19.436850000000003 9.1205000000000016 1.0000000180025095e-35 0.34638162064564726 -1.1961105554372427 0.3540410756483991 31.884950000000003 0.19214634521474988 26.694850000000006 11.854564049586788 9.3265000000000011 8.7554500000000015
decision_type=2 2 2 2 2 10 2 10 2 10 10 2 2 2 2 2 2 2 2 2 2 2 2 2 10 2 2 2 2 2
left_child=1 -1 5 4 11 6 -2 -8 26 -10 -6 22 16 14 -14 -15 18 -18 -13 -19 21 -5 -4 -16 -7 -26 27 29 -29 -3
right_child=2 8 3 20 10 24 7 -9 9 -11 -12 12 13 15 23 -17 17 19 -20 -21 -22 -23 -24 -25 25 -27 -28 28 -30 -31
leaf_value=0.010078609544090768 0.0013933080138116996 -0.0067157407780430297 0.0075693913426700538 0.058993219035513425 0.0016455554821609962 -0.019243905922208052 -0.019901633256375641 -0.0048133145901150063 0.0019575535159295772 0.012049767574373012 -0.01101571118063913 -0.046466190339658313 0.011851266980255713 -0.012266966384740698 -0.0016604617975165383 -0.044086264498246583 0.0080731616476705601 -0.0027061172048598548 -0.0044691961027426702 0.00270628482911311 -0.0032770998162341583 -0.03192423128251759 0.001330137968157116 -0.011616485461881727 -0.023956112775579231 -0.0014758735333123571 0.0064452306910036611 0.0062869375403714605 -0.0084690497338452166 0.0091876986630664102
leaf_weight=3507.6928026974201 1997.269146323204 383.06232511997223 1866.315281689167 45.432973444461823 483.28211948275566 483.28211948275566 303.77733224630356 3383.4202576875687 1205.3100602030754 978.1451929807663 989.28072568774223 39.642496436834335 397.76122829318047 204.00295919179916 1580.800223082304 116.25496146082878 1774.5584921836853 3300.1264730393887 987.49904045462608 5249.2901180684566 8598.8583563268185 32.515755504369736 2928.1996806263924 620.91730374097824 144.31650388240814 493.52680957317352 911.77741804718971 430.72240510582924 1389.7144818305969 787.95029434561729
leaf_count=2988 1568 233 2513 84 953 272 187 1899 984 882 556 23 893 458 2646 261 1044 2279 555 3853 11388 67 3223 1322 81 277 622 346 1149 965
internal_value=-4.18707e-06 0.00531623 -0.00142144 -0.000619531 0.000409626 -0.00486326 -0.0034424 -0.00606146 0.00257052 0.00648211 -0.0068621 0.000971607 3.4637e-05 -0.00438563 -0.00197086 -0.0239188 0.00117191 0.00189927 -0.00613369 0.000616993 -0.0030553 0.0211437 0.0037599 -0.00447221 -0.012058 -0.00659172 0.000381283 -0.00146851 -0.00497619 0.00398407
internal_weight=45614.7 9594.37 36020.3 29214.7 20537.9 6805.59 5684.47 3687.2 6086.68 2183.46 1472.56 19065.4 14270.9 2919.74 2599.48 320.258 11351.1 10324 1027.14 8549.42 8676.81 77.9487 4794.51 2201.72 1121.13 637.843 3903.23 2991.45 1820.44 1171.01
internal_count=44571 8169 36402 32118 20579 4284 3654 2086 5181 1866 1509 19070 13334 5580 4861 719 7754 7176 578 6132 11539 151 5736 3968 630 358 3315 2693 1495 1198
is_linear=0
shrinkage=0.03


Tree=61
num_leaves=31
num_cat=0
split_feature=18 24 18 46 21 48 12 24 48 22 24 14 25 24 41 24 24 34 36 42 4 35 5 35 41 42 48 4 44 46
split_gain=380.027 134.751 140.005 124.713 90.4249 97.9198 72.4297 143.379 80.8294 75.6325 59.0832 59.1792 77.6175 92.7288 72.2455 58.3796 82.8171 73.3759 57.4793 53.5747 49.4815 47.1124 51.8255 46.4741 45.7109 45.6253 43.5671 42.6132 42.3064 41.8449
threshold=-1.5599006414094416 -0.15207348400340251 -3.209361959195602 0.29992000877031372 -5.7239223525402076 0.041389239595100456 14.887800000000002 0.12225609522135446 0.14202095926491803 0.78656609248549325 0.79184907943689831 0.21788305785121767 -0.80417042486635371 0.43442111757849838 8.6098500000000016 -0.83847110675477832 -0.39826117949089107 19.803821694214886 2.446619008263982 0.077304187334179278 15.134400000000001 0.074654584587954029 31.98235 2.5470776041410486 9.2700500000000012 0.30684238858768798 0.2266008815646666 29.500150000000001 1.0000000180025095e-35 0.33857374768889731
decision_type=2 2 2 2 2 2 2 2 2 2 2 2 2 2 2 2 2 2 2 2 10 2 8 2 2 2 2 10 2 2
left_child=1 2 -1 21 5 -2 29 8 24 23 11 -6 13 20 18 -4 17 -17 -15 -12 -13 -3 28 -10 -8 -20 -9 -14 -23 -5
right_child=4 3 15 6 10 -7 7 26 9 -11 19 12 27 14 -16 16 -18 -19 25 -21 -22 22 -24 -25 -26 -27 -28 -29 -30 -31
leaf_value=0.014490536187413767 0.059776416945979446 -0.0021044799747446845 0.011448450936941655 0.007236959155276502 -0.0045139724753734452 -0.0038150431233783641 -0.037886410601294794 -0.049568211747001094 -0.016493103822767866 0.0040092075372702776 -0.003742105597051684 0.059971269815245309 0.00042124429773365157 -0.020206457056692797 -0.017987102051782163 -0.0080172168368258714 0.0085012517909659815 0.0027809838415022042 0.0031539712070143976 -0.01235398380525406 -0.0018466031007803737 0.028905983163749569 -0.0030727377030632819 -0.046183458231338036 0.017908650594031145 -0.035557380695957409 -0.0055314055936169348 -0.021807086950033576 0.0044709992308052966 -0.01690084093096492
leaf_weight=1484.5892204940319 43.205866903066635 1731.7980465888977 937.16643261909485 297.54143393039703 5063.9948538243771 42.760445594787598 13.80806055665016 112.24616968631744 242.75461301207542 143.42566126585007 2856.0414286851883 10.690111398696898 13838.794626921415 148.77071696519852 651.20595270395279 656.55100840330124 2048.9380180835724 4083.6225543022156 478.82790639996529 841.40085133910179 3797.6620743870735 63.695247083902359 892.6243017911911 58.795612692832947 126.05423024296761 28.061542421579361 24.943593263626099 77.057886332273483 4661.3339911401272 81.512099415063858
leaf_count=1017 82 1407 1642 245 7895 24 31 243 158 100 1603 12 12856 121 529 379 1657 3378 472 494 4254 143 585 39 283 39 14 173 4456 99
internal_value=0.000102679 0.0035457 0.00605546 0.000809734 -0.00207857 0.0284653 -0.00860133 -0.0141701 -0.0076616 -0.0139084 -0.00217407 -0.00163208 -0.000865037 -0.00402469 -0.0109167 0.00443301 0.00346306 0.00128397 -0.00387769 -0.00570466 -0.00165738 0.00222066 0.00355414 -0.0224156 0.0121704 0.000945109 -0.0416595 0.000296599 0.00480644 0.00201553
internal_weight=45539.9 17661.4 9210.87 8450.53 27878.5 85.9663 1101.08 722.028 584.838 444.976 27792.5 24095.1 19031.1 5115.22 1306.87 7726.28 6789.11 4740.17 655.66 3697.44 3808.35 7349.45 5617.65 301.55 139.862 506.889 137.19 13915.9 4725.03 379.054
internal_count=44430 15876 8073 7803 28554 106 1212 868 611 297 28448 26351 18456 5427 1161 7056 5414 3757 632 2097 4266 6591 5184 197 314 511 257 13029 4599 344
is_linear=0
shrinkage=0.03


Tree=62
num_leaves=31
num_cat=0
split_feature=48 6 21 37 33 36 45 24 5 25 42 20 48 25 10 25 33 8 47 5 25 5 19 25 42 24 33 4 24 35
split_gain=337.584 106.652 99.2834 124.143 103.067 143.347 78.6627 74.7863 69.1928 69.6493 57.7377 56.6056 56.5604 118.136 91.9828 104.364 52.1933 52.0306 50.3808 43.8211 66.0877 75.8073 43.0683 42.9961 43.0235 56.6434 42.7453 41.577 41.9395 41.2541
threshold=0.32104015770704591 18.095400000000001 0.69717335026708771 1.0000000180025095e-35 0.22451147632136767 2.3595500000000009 -0.19895515600192226 -0.87395131947920313 31.828250000000001 -0.91939278948206182 0.54865613104164279 26.821530443686584 0.22321305956098966 -0.89404254237865755 0.35204620462046204 -0.99966479353140603 0.02097777395245291 10.887950000000002 17.806750000000005 31.914450000000006 -0.9497838742125716 31.496850000000006 2.5400044988950961 -0.78324956448884031 0.34781020494482257 0.35544221683359195 0.015719637400668684 29.727150000000005 0.63670430569443026 0.050839064591703516
decision_type=2 8 2 2 2 2 2 2 8 2 2 2 2 2 2 2 2 10 2 8 2 10 2 2 2 2 2 8 2 2
left_child=2 -2 3 11 5 -5 10 -7 9 -6 -4 -1 13 14 -8 -16 -9 -17 -11 20 21 -18 -23 24 29 -26 -3 28 -15 -22
right_child=1 26 6 4 8 7 12 16 -10 18 -12 -13 -14 27 15 17 19 -19 -20 -21 23 22 -24 -25 25 -27 -28 -29 -30 -31
leaf_value=0.0018915658280994308 0.012538327896118537 0.0069539752995136997 0.0038042142942385912 -0.0023606271176592614 0.0064804136127223962 0.0091144171621836446 -0.0083923398335332342 0.0034138353177503634 -0.010673787039113107 -0.010801932779693746 -0.049892710417364781 0.06550519469577111 0.00097449868906911098 -0.0036253250985030529 0.037404839976230078 -0.042708225223517846 -0.0046295395567695968 -0.00058430150086868199 0.0093682818213521469 -0.0041937433286303345 -0.011127719396439457 -0.0070190444741449979 0.011859326585271732 0.0017629094895712926 -0.0076708880712514742 -0.037069307665548654 0.0018794584115765364 -0.025906158592559531 -0.011865771097543245 0.00049050316614586398
leaf_weight=19.153116255998611 1554.9657872021198 2386.1219484508038 954.09244233369827 14242.791753530502 586.61986300349236 1174.1305686235428 266.36194235086441 5717.8733343780041 1483.2529565691948 630.71657252311707 17.371431022882462 36.079125970602036 748.753219217062 2602.596704274416 16.926009714603424 228.94655245542526 436.06746080517769 29.843227654695511 134.51723510026932 1992.8149332404137 351.43741223216057 120.26375323534012 1080.5920938849449 2335.7893406152725 317.13997149467468 71.712830632925034 3995.8745565712452 90.420525580644608 706.43819493055344 1252.5247188806534
leaf_count=22 875 1352 1158 13541 768 2636 373 5091 942 546 39 72 421 5300 38 475 598 49 302 1168 288 174 1085 2154 352 119 2266 203 647 1411
internal_value=-0.000127008 0.00549526 -0.0013125 -0.000664215 -0.000742628 -0.000210447 -0.00497391 0.00185179 -0.00620173 -0.00129074 0.0027937 0.0438716 -0.00658302 -0.00801856 -0.0210134 -0.0331319 0.00122765 -0.0378715 -0.0072487 -0.000343297 0.000943451 0.00607622 0.00996442 -0.000998532 -0.00423449 -0.0131738 0.00377753 -0.00594083 -0.00538761 -0.00206046
internal_weight=45582.2 7936.96 37645.2 31983.5 31928.2 29093.1 5661.75 14850.3 2835.11 1351.85 971.464 55.2322 4690.29 3941.53 542.078 275.716 13676.2 258.79 765.234 7958.34 5965.53 1636.92 1200.86 4328.6 1992.81 388.853 6382 3399.46 3309.03 1603.96
internal_count=44465 4493 39972 31269 31175 28617 8703 15076 2558 1616 1197 94 7506 7085 935 562 12440 524 848 7349 6181 1857 1259 4324 2170 471 3618 6150 5947 1699
is_linear=0
shrinkage=0.03


Tree=63
num_leaves=31
num_cat=0
split_feature=18 31 24 47 46 21 18 22 3 24 40 3 23 41 24 47 41 23 3 24 22 50 42 44 42 21 18 25 25 50
split_gain=370.525 96.4432 87.0597 87.4763 84.0227 81.6422 86.2327 81.1334 83.4688 73.2929 68.2957 66.0632 65.1253 68.5347 58.9854 69.0255 57.2412 63.3655 56.4577 55.8565 54.3137 51.4026 49.2584 81.4017 48.4791 47.7886 47.0879 45.289 45.2666 59.548
threshold=-2.2782056928236032 9.2638008264464027 -0.15207348400340251 10.795900413223171 0.30931905131372217 -5.7239223525402076 -0.1338023764830911 0.25881904510252091 9.3465000000000007 -0.78856175031405207 14.548716747173442 10.921500000000002 1.0000000180025095e-35 11.807000000000002 -0.77786766366919291 25.066750000000003 8.6098500000000016 0.37940952255126048 9.8805000000000032 -0.76694339346796603 -0.60355339059327362 32.152150000000006 0.51572653516360989 1.5667690174090985 0.4533510208789942 -1.9311278574907023 -1.1961105554372427 -0.99818570902816506 -0.9955251950901236 31.917650000000005
decision_type=2 2 2 2 2 2 2 2 2 2 2 2 2 2 2 2 2 2 2 2 2 2 2 2 2 2 2 2 2 2
left_child=2 16 3 -1 7 19 14 8 -4 -5 -10 12 13 -9 26 22 21 -18 -12 -3 -11 -2 23 -16 -13 -6 -7 -20 -14 -30
right_child=1 5 4 9 25 6 -8 11 10 20 18 24 28 -15 15 -17 17 -19 27 -21 -22 -23 -24 -25 -26 -27 -28 -29 29 -31
leaf_value=0.014961845073215069 -0.00084295187983570948 0.060494807443693822 0.0070793580638464229 0.015015579517184718 0.0061349051312565512 0.0067716613367205664 -0.0038857965418122916 0.0071126580768870124 0.0018005272173687709 -0.003797579671440043 -0.0032437086687862643 -0.0014816132002737909 0.024590636220645667 -0.018288390292865008 0.001022644931787221 -0.015357955107190483 -0.0048318425262155358 -0.021380655537783896 -0.0069896393840423237 0.0059781931381162265 0.0059301826515354801 -0.0063880321994613087 0.0043639740680127739 -0.0032883415660875919 -0.039212085276790036 -0.026798364718917625 0.00081322717506211186 -0.027980465214531826 -0.0018172497590307458 0.01939240498046664
leaf_weight=1239.1620796322823 3064.0531796514988 31.624912887811661 827.59279078245163 626.70778074860573 55.677663534879684 1845.3804802000523 6135.6785215437412 930.93053430318832 751.42574706673622 667.68654111027718 425.37734940648079 233.40076553821564 322.03960588574409 105.56485006213188 8441.1792131960392 283.73337337374687 490.8542817234993 361.68210232257843 160.79709228873253 35.633704662322998 2272.5395148396492 2955.8158017396927 1712.6449303328991 7394.4391387403011 34.297440737485886 134.07181379199028 3377.6297806799412 219.59270498156548 212.91138535737991 269.03447020053864
leaf_count=703 1908 65 775 774 86 2487 8924 827 697 476 358 266 276 66 7260 637 316 230 142 23 1646 1851 1049 7553 65 205 4094 262 190 271
internal_value=-1.44569e-05 -0.00140004 0.005261 0.00809712 0.00234906 -0.000648779 -0.000725386 0.00317633 -0.000614291 0.00570877 -0.00470511 0.00746255 0.0094876 0.00451048 0.000115834 -0.000705434 -0.00459785 -0.0118694 -0.0107667 0.0321226 0.0037206 -0.00356625 -0.000467659 -0.00099045 -0.00644358 -0.0171533 0.00291934 -0.0191489 0.0158905 0.0100382
internal_weight=45619.2 36130.3 9488.81 4806.1 4682.71 29257.9 29190.7 4492.96 2384.79 3566.93 1557.19 2108.18 1840.48 1036.5 23055 17832 6872.41 852.536 805.767 67.2586 2940.23 6019.87 17548.3 15835.6 267.698 189.749 5223.01 380.39 803.985 481.946
internal_count=44482 36397 8085 3599 4486 32092 32004 4195 2234 2896 1459 1961 1630 893 23080 16499 4305 546 762 88 2122 3759 15862 14813 331 291 6581 404 737 461
is_linear=0
shrinkage=0.03


Tree=64
num_leaves=31
num_cat=0
split_feature=18 33 7 25 33 5 48 25 9 18 10 5 35 9 41 6 9 4 6 44 9 12 10 25 8 9 25 25 47 16
split_gain=311.263 157.523 87.2972 94.8375 82.8595 69.0507 111.686 82.666 65.5259 63.5139 60.3819 55.494 61.9622 52.5406 51.1926 63.128 50.5298 48.9229 47.9061 47.1573 43.5888 42.9711 42.6648 42.3324 56.1316 52.6558 85.1736 68.5276 93.2764 44.2284
threshold=-1.490501838283828 0.018951200489680738 31.917650000000005 -0.90892157495189674 0.14607760608662554 31.823650000000004 0.21394998560258713 -0.91939278948206182 8.855850000000002 -3.5133825346534659 0.28544554455445542 31.832350000000002 0.0095319568220576054 12.927750000000001 10.849350000000001 13.939650000000002 8.0033500000000011 24.012450000000005 12.310950000000002 0.15764168735942144 9.3020500000000013 14.887800000000002 0.40287128712871284 -0.99273797715557011 9.3512500000000021 10.836450000000001 -0.79382744783423187 -0.83375966452616657 12.465781404959026 14.35182830578524
decision_type=2 2 10 2 2 8 2 2 8 2 2 10 2 8 2 10 10 10 10 2 8 2 2 2 8 8 2 2 2 2
left_child=1 9 5 19 16 23 7 21 10 -1 -5 -12 -13 -6 -8 17 -2 -16 20 -4 -19 -7 -14 24 -3 29 27 28 -27 -25
right_child=4 2 3 8 13 6 14 -9 -10 -11 11 12 22 -15 15 -17 -18 18 -20 -21 -22 -23 -24 25 -26 26 -28 -29 -30 -31
leaf_value=0.017573517382799018 -0.0031836839328844729 -0.026962204901212976 0.015449176122203345 -0.042318851259432036 -0.010666948892860326 -0.015078897516242131 0.0042648745741741354 0.01598791214491178 0.0050406198609276674 0.006154045523581511 -0.014983746417442222 -0.015927634266330881 0.0084497042141573765 0.0006634014820867479 -0.013000583425716862 0.0052973322367551017 -0.00045722262780029913 -0.030833881419602194 0.02978204405114945 0.0058995822950794665 -0.00064763383047369621 -0.036539496519929174 -0.010293813220585639 -0.0062668627061487452 0.022287911891238202 0.0040711548279851921 0.0035461218334344748 -0.016380196438959646 -0.012994227557429844 0.010093909844125335
leaf_weight=478.38248509168625 10711.046200186014 23.161908030509949 594.19202524423599 37.415389895439148 1532.694721788168 486.84548994898796 928.2580064535141 67.704038858413696 1044.9583892226219 5173.5684956610203 302.88648962974548 171.04178237915039 498.87186527252197 484.61838340759277 722.47336202859879 436.95830342173576 14265.062818944454 46.769237369298935 40.978760361671448 2147.8215485215187 436.51288211345673 101.55605828762054 138.97144818305969 181.73189377784729 155.45203658938408 779.48728948831558 1909.0757272839546 409.78760361671448 456.11141967773438 803.09461882710457
leaf_count=411 17606 52 749 21 861 361 539 116 1278 4943 170 96 280 1061 410 246 8122 27 23 1672 251 207 78 102 307 787 1853 359 997 453
internal_value=-4.23841e-05 0.00294658 0.00111922 0.00425514 -0.00209911 -0.000819391 -0.00417048 -0.015226 -0.000393625 0.00712353 -0.00533508 -0.00405352 5.2737e-05 -0.00794608 -0.00138864 -0.00450623 -0.00162655 -0.0079437 -0.000963418 0.00797385 -0.00362652 -0.0188386 0.0043562 0.00150227 0.0157868 0.000936847 -0.000764386 -0.00576481 -0.00223381 0.00707153
internal_weight=45567.5 18574.1 12922.1 4936.16 26993.4 7985.96 3268.06 656.106 2194.15 5651.95 1149.19 1111.77 808.885 2017.31 2611.95 1683.69 24976.1 1246.73 524.261 2742.01 483.282 588.402 637.843 4717.9 178.614 4539.29 3554.46 1645.39 1235.6 984.827
internal_count=44438 16788 11434 4344 27650 7090 2180 684 1923 5354 645 624 454 1922 1496 957 25728 711 301 2421 278 568 358 4910 359 4551 3996 2143 1784 555
is_linear=0
shrinkage=0.03


Tree=65
num_leaves=31
num_cat=0
split_feature=42 28 33 36 9 3 45 43 32 35 22 36 33 3 43 33 36 5 8 45 22 9 33 31 36 3 33 9 31 46
split_gain=279.662 107.018 98.9026 145.506 109.026 72.4594 71.0415 60.2908 79.8662 54.765 50.8262 54.4009 42.8814 42.1339 39.5249 37.3664 44.9177 37.2354 51.1958 35.0153 33.7931 32.5137 31.1169 31.013 39.4132 35.7728 30.1029 49.2069 54.7314 73.7272
threshold=0.50328949898104358 23.211950000000005 0.20172621792915155 2.446619008263982 12.875050000000002 10.2445 -0.32689857070813461 0.13187812714805258 14.378525000000002 0.10237251464059628 0.78656609248549325 9.5172000000000008 0.4952507364961713 11.110500000000002 -0.010082081332302872 0.04327008204294152 9.8291500000000021 31.927850000000003 9.3512500000000021 -0.52673293864340842 -1.0000000180025095e-35 9.3274500000000025 0.81703773903045829 20.250450000000004 4.4503904958673299 9.6795000000000027 0.018348705676680396 9.822750000000001 13.788754545455026 0.30206471914374794
decision_type=2 2 2 2 8 2 2 2 2 2 2 2 2 2 2 2 2 10 10 2 2 8 2 2 2 2 2 10 2 2
left_child=2 13 3 -1 12 9 -3 8 -6 15 14 -12 -4 -2 -11 -5 -17 18 -8 -7 21 -19 -10 -20 -25 -26 -16 -28 29 -29
right_child=1 6 4 5 7 19 17 -9 22 10 11 -13 -14 -15 26 16 -18 20 23 -21 -22 -23 -24 24 25 -27 27 28 -30 -31
leaf_value=-0.0024212159669231227 -0.016952065450435132 0.016207411026563298 -0.006086422470429979 -0.00024914474783943992 -0.018757920841678141 0.022215580735481511 -0.034020192738258404 -0.001629954072392244 0.017629551596462848 0.025697605180489611 0.0054551274600285159 0.033566157673409112 -0.014207314993928888 -0.070234982518801087 0.0029805267996414141 -0.0071250759198066343 0.022053739105943725 -0.03684165391200428 0.00065365048982778421 0.0046548587126453347 0.01193931373718019 0.0049915566667983659 0.048418684123411417 -0.0015405987343955669 0.0047394284346049921 0.013831618504481117 0.0016232776292825328 -0.0094785187392552352 -0.0021365583487936044 -0.049115675715040448
leaf_weight=17255.621482729912 56.568506151437759 576.82059422135353 2205.7263185977936 2534.8926654160023 51.22345045208931 104.22858613729477 31.624912887811661 630.27115121483803 201.77585265040398 55.677663534879684 1494.8339105844498 63.695247083902359 797.30414181947708 16.926009714603424 2979.4231310784817 1477.0170582532883 48.105501294136047 16.035167098045349 1651.622211098671 3646.2188295722008 1120.2345903217793 937.61185392737389 34.297440737485886 465.9106884598732 983.04482737183571 645.86089700460434 3173.181400179863 308.23154532909393 1869.8786521553993 48.105501294136047
leaf_count=18349 124 410 1241 2058 112 108 38 1388 453 125 1391 86 449 38 2993 1243 60 9 1044 4406 661 545 68 629 734 607 3761 176 1060 27
internal_value=-2.73366e-06 0.00575654 -0.00096357 -0.00045816 -0.00548181 0.00144451 0.00616993 0.00356572 0.0149301 0.000455659 0.00164935 0.00662478 -0.00824653 -0.0300014 0.000729316 -0.0024821 -0.00619087 0.00517795 0.00340348 0.00514868 0.00840737 0.00425029 0.0222881 0.00372838 0.00615112 0.00835075 0.000560353 -0.000775419 -0.00419364 -0.014952
internal_weight=45482 6502.26 38979.7 35059.1 3920.6 17803.5 6428.77 917.568 287.297 14053 9993.03 1558.53 3003.03 73.4945 8434.5 4060.02 1525.12 5851.95 3778.06 3750.45 2073.88 953.647 236.073 3746.44 2094.82 1628.91 8378.82 5399.4 2226.22 356.337
internal_count=44393 4839 39554 35843 3711 17494 4677 2021 633 12980 9619 1477 1690 162 8142 3361 1303 4267 3052 4514 1215 554 521 3014 1970 1341 8017 5024 1263 203
is_linear=0
shrinkage=0.03


Tree=66
num_leaves=31
num_cat=0
split_feature=37 36 24 4 24 17 35 47 24 42 11 8 35 31 8 8 3 24 9 3 4 16 47 23 23 9 12 31 23 24
split_gain=306.076 111.411 82.6905 114.266 76.7637 64.9935 45.6269 41.5206 163.108 87.5631 84.2771 73.0815 61.123 54.7976 66.228 48.914 40.8283 108.299 66.9529 57.6324 63.4714 53.8616 44.1262 42.4882 54.3102 42.2305 41.3604 38.835 37.8379 36.714
threshold=0.32686812317592179 9.6603000000000012 -0.59869031648930193 12.461600000000002 -0.78856175031405207 0.0352589258925858 0.14073640582438363 11.704951652892563 0.12225609522135446 0.3761179682393202 22.628950000000007 9.4787500000000016 1.8781967799303485 15.525100000000002 10.835800000000001 9.3174500000000027 10.2445 0.019350803001866129 11.246750000000002 9.2615000000000016 24.012450000000005 16.152675000000006 9.2414500000000022 0.91597561503675351 -0.78656609248549325 10.995100000000003 12.938494628099448 11.603222314049857 -0.60355339059327384 0.88469195212971963
decision_type=2 2 2 10 2 2 2 2 2 2 2 8 2 2 10 8 2 2 8 2 10 2 2 2 2 10 2 2 2 2
left_child=2 4 3 -1 -2 -5 -6 12 10 -10 15 -12 -8 14 -14 -9 18 -18 19 -3 23 -19 -22 24 -21 -24 -26 -11 -16 -4
right_child=1 16 29 5 6 -7 7 8 9 27 11 -13 13 -15 28 -17 17 21 -20 20 22 -23 25 -25 26 -27 -28 -29 -30 -31
leaf_value=0.056324057958337462 0.0097971267835749842 0.01573682425801386 -0.0025317491138751778 -0.0035293652928638747 -0.0010010841089015629 0.0014507826583284797 0.0057356720625451009 -0.020881806282268343 -0.00068485859147478722 -0.0043482189011623843 -0.04720108195828504 0.0014052179904843756 -0.0011113854399279382 0.0069579674363777115 -0.035631926998854438 0.027553970346170315 0.023135722199666378 0.016353845237956091 0.01668910369400264 -0.029927786358377999 -0.020367929514325419 -0.037514600309405975 0.011923100290290436 -0.045790610214604871 -0.013782347196108165 -0.019547278476435368 0.027518811993660592 -0.042252501989386904 -0.0099058922924072628 -0.0072215070527413897
leaf_weight=31.624912887811661 1215.5547502934933 215.58391320705414 16051.647686451674 3232.422434180975 3513.9287010133266 8714.6678964793682 5260.8710720837116 20.489380180835724 106.01027137041092 29.843227654695511 27.170699805021286 2370.5322026610374 570.58469590544701 421.36855763196945 88.19341903924942 160.79709228873253 442.74878042936325 26.279857188463211 468.58321630954742 65.922353625297546 55.677663534879684 42.760445594787598 315.35828626155853 35.633704662322998 44.542130827903748 42.760445594787598 40.978760361671448 136.74434164166451 124.27254500985146 1656.9672667980194
leaf_count=65 1439 121 15406 5709 2756 9059 3441 46 238 67 61 2214 450 253 51 352 280 38 737 37 32 93 177 20 25 24 23 307 72 930
internal_value=0.000128068 0.00349499 -0.00166881 0.000256281 0.00259477 0.000103164 0.00191173 0.00301031 -5.32698e-06 -0.0220303 0.00233034 0.000834965 0.00434018 -0.00175499 -0.00644642 0.0219951 0.0105269 0.0176894 0.00766278 0.00246829 -0.00231049 -0.0170691 0.00424827 -0.0167633 -0.00967776 0.00812148 0.00609712 -0.0355286 -0.0207015 -0.00297095
internal_weight=45530.5 15843.2 29687.3 11978.7 14046.4 11947.1 12830.8 9316.88 2851.59 272.598 2578.99 2397.7 6465.29 1204.42 783.051 181.286 1796.83 511.789 1285.04 816.457 600.873 69.0403 413.796 187.077 151.443 358.119 85.5209 166.588 212.466 17708.6
internal_count=44523 13354 31169 14833 11747 14768 10308 7552 3285 612 2673 2275 4267 826 573 398 1607 411 1196 459 338 131 233 105 85 201 48 374 123 16336
is_linear=0
shrinkage=0.03


Tree=67
num_leaves=31
num_cat=0
split_feature=18 33 33 21 37 4 7 18 23 46 24 7 10 25 10 12 46 25 22 24 10 49 7 32 47 23 21 10 47 25
split_gain=273.436 143.895 75.1688 78.5331 58.0365 52.8251 52.6409 50.3218 47.5345 74.3409 54.0996 44.5506 43.8185 43.4625 62.3104 43.5037 41.6813 42.3229 40.425 47.5194 81.5977 54.9425 47.3392 40.4483 47.9679 45.5129 40.3905 39.4776 39.227 50.5468
threshold=-1.490501838283828 0.027961236562487436 0.1820082058589759 -5.7239223525402076 0.5584983498349837 29.500150000000001 32.016150000000003 -0.47636647011969208 0.25881904510252057 0.024325057919877758 0.41886391893847991 32.018350000000005 0.29990099009900989 -0.98521978256641018 0.4446534653465346 16.849403719009427 0.0084705320327373729 -0.80417042486635371 0.78656609248549325 -0.2028534878149206 0.37475247524752475 31.879150000000006 32.135450000000006 25.634125000000004 10.277300000000002 0.91597561503675351 -3.03617716849979 0.41429042904290425 11.657950000000001 -0.95502570686053045
decision_type=2 2 2 2 2 8 10 2 2 2 2 8 2 2 2 2 2 2 2 2 2 2 10 2 2 2 2 2 2 2
left_child=1 6 3 11 8 7 -1 16 -3 10 -10 -2 -11 14 15 -14 -5 -18 19 27 21 22 -21 24 25 -22 -23 -6 -15 -30
right_child=2 4 -4 5 18 -7 -8 -9 9 12 -12 -13 13 28 -16 -17 17 -19 -20 20 23 26 -24 -25 -26 -27 -28 -29 29 -31
leaf_value=0.0047048469066142684 -0.0060343686939736772 -0.0020582038929878328 -0.0082427344611151337 -0.0058957986594608755 0.0071882795066405131 -0.024840260908539826 0.010794653691965205 -0.0029547650164693895 0.021109680010092922 -0.0043060407755629087 -0.015078447755944566 0.057420906110812367 0.0063720929220075183 0.011000768024495719 -0.033454464432189204 -0.014049765335880267 -0.0025958653005032049 0.0013352361890859382 0.012111122331182767 0.026255625370028474 0.002875361734263645 -0.010458873572027436 -0.0050992260399191462 -0.041013421041556544 -0.024410847220212618 -0.034347043590319898 0.0061985892156402366 0.032991298688219824 -0.016019236556371618 0.0054741009263819026
leaf_weight=5467.101137816906 14.253481864929197 5696.0476902723312 1603.5167098045349 1086.8279922008514 508.22571274638176 86.857155114412308 1667.6573781967163 11890.076403200626 41.424181669950485 487.73633256554604 305.55901747941971 30.734070271253586 373.70847764611244 1194.6199488043785 50.332607835531235 124.27254500985146 3424.8444393575191 8785.9353058040142 539.85062563419342 160.79709228873253 249.88135394454002 203.11211657524109 58.795612692832947 36.079125970602036 115.36411884427071 32.515755504369736 364.80005148053169 58.795612692832947 113.58243361115456 700.20229661464691
leaf_count=4966 8 5102 1515 709 331 189 1764 13506 84 372 218 63 305 858 47 96 3543 8073 450 298 162 114 96 21 190 19 255 33 255 816
internal_value=-1.47527e-05 0.00278772 -0.00194574 -0.00154663 0.000698728 -0.00161784 0.00612957 -0.00153678 -0.000384122 0.00242734 -0.0107099 0.0376222 0.00392765 0.00549943 -0.00198371 0.00125782 -0.000268751 0.00023253 0.00492365 0.00274843 -0.000585143 0.00516907 0.0178754 -0.011018 -0.00820125 -0.00151657 0.000233184 0.00991722 0.00754237 0.00245823
internal_weight=45473.5 18550.5 26923 25319.5 11415.7 25274.5 7134.76 25187.7 9087.49 3391.44 346.983 44.9876 3044.45 2556.72 548.314 497.981 13297.6 12210.8 2328.22 1788.37 1221.35 787.505 219.593 433.84 397.761 282.397 567.912 567.021 2008.4 813.785
internal_count=44458 16852 27606 26091 10122 26020 6730 25831 8153 3051 302 71 2749 2377 448 401 12325 11616 1969 1519 1155 763 394 392 371 181 369 364 1929 1071
is_linear=0
shrinkage=0.03


Tree=68
num_leaves=31
num_cat=0
split_feature=18 33 18 21 33 33 32 6 9 24 25 22 39 43 39 9 21 5 32 21 48 25 25 18 25 33 33 18 35 25
split_gain=258.484 112.265 74.75 148.808 109.374 58.2632 49.0352 48.0986 62.8932 63.6699 62.074 61.9534 70.2099 52.6275 50.2493 46.3421 57.5327 45.1005 44.6042 44.3915 52.3834 58.1513 41.932 40.7286 40.5088 39.2471 38.6206 37.1842 36.5756 37.4577
threshold=-2.2986786012326248 0.070930071196919617 -0.86349918814600091 -5.7239223525402076 0.018951200489680738 0.2426137068469135 27.333800000000007 11.901050000000003 10.296400000000002 0.43442111757849838 -0.98667386918526234 0.60355339059327384 0.8886687536080341 0.058865286287482381 0.99394376586173483 8.2198500000000028 -1.5074799948688857 32.034850000000006 18.358725000000003 -0.70488375012339322 0.21096307617338919 -0.86548532668110156 -0.98932651372861458 -4.5536275181518127 -0.63257203029273779 0.4952507364961713 0.064603875657733581 -3.9775595214521444 0.099417076146425545 -0.7444366621422277
decision_type=2 2 2 2 2 2 2 8 8 2 2 2 2 2 2 10 2 10 2 2 2 2 2 2 2 2 2 2 2 2
left_child=1 19 4 -4 -2 28 7 8 9 10 25 12 -9 -14 -13 16 24 -15 -12 27 21 -21 -18 -22 -7 -3 -5 -1 29 -6
right_child=2 6 3 26 5 15 -8 11 -10 -11 18 14 13 17 -16 -17 22 -19 -20 20 23 -23 -24 -25 -26 -27 -28 -29 -30 -31
leaf_value=0.017538973913820356 0.0032889875073970096 -0.0019067318229027174 0.046266574285200424 -0.0021243990952966329 -0.0064033135947367268 0.02799092262974863 0.0090311829869725753 0.0074207865518985767 0.013477053249420093 -0.018737355900107402 0.003638688803119689 0.0051761500922368935 -0.045735627406085076 -0.011901941332507318 -0.03345054919644852 -0.0092261859446026127 0.03061319022885408 0.0069805486395908174 0.023576900265668027 -0.021660033116401873 -0.026423110605108779 0.0059904608352598782 -0.0079222301876981215 0.0064568270321442309 -0.012733384940045523 -0.027064052587114695 -0.0064972959311971655 0.0080390945465014484 0.00056286506378234145 0.0011347090337351061
leaf_weight=417.35976585745811 6703.145268291235 245.87256217002869 55.232242226600647 16322.463841885328 1624.0060899853706 97.992687821388245 538.06894040107727 230.72823768854141 408.00591838359833 146.09818911552429 352.77367615699768 678.82207381725311 36.524547278881073 901.08730664849281 30.734070271253586 1367.4434164166451 26.725278496742249 129.61760070919991 140.75313341617584 146.09818911552429 33.852019429206848 127.39049416780472 306.00443878769875 1289.0492661595345 27.616121113300323 71.267409324645996 2044.9292263090611 3334.8693350851536 6720.5166993141174 934.04848346114159
leaf_count=295 6619 138 85 17397 1387 202 386 191 856 82 198 516 25 730 48 769 60 75 79 316 61 274 627 848 47 40 1774 2705 6739 885
internal_value=2.03835e-05 0.00449351 -0.00112286 -0.00246254 0.000263152 -0.00156353 0.000629737 -0.000713045 0.00363075 -0.000577833 0.00271393 -0.00366643 -0.00756099 -0.0108039 0.00345833 -0.00646076 0.00179196 -0.00952289 0.00936122 0.00731765 0.00312491 -0.00880558 -0.00474456 0.00559613 0.0190075 -0.00762736 -0.00261158 0.00910016 -0.000599285 -0.00365151
internal_weight=45489.1 9258.97 36230.1 18422.6 17807.5 11104.4 3910.35 3372.28 1364.77 956.765 810.667 2007.51 1297.96 1067.23 709.556 1825.78 458.339 1030.7 493.527 5348.62 1596.39 273.489 332.73 1322.9 125.609 317.14 18367.4 3752.23 9278.57 2558.05
internal_count=44454 7863 36591 19256 17335 10716 3364 2978 1393 537 455 1585 1021 830 564 1705 936 805 277 4499 1499 590 687 909 249 178 19171 3000 9011 2272
is_linear=0
shrinkage=0.03


Tree=69
num_leaves=31
num_cat=0
split_feature=18 33 21 20 33 6 50 31 4 18 21 41 45 18 22 25 46 4 10 22 48 21 41 24 24 21 10 19 15 44
split_gain=257.162 148.655 77.943 71.5332 64.3521 64.2011 76.2288 65.2781 54.3381 53.5095 48.4573 49.4136 48.7938 43.2268 41.5792 40.9555 47.2245 39.9326 38.825 38.646 37.4258 37.2274 50.4607 45.1941 52.9989 36.5781 36.0087 35.5719 35.0902 34.0989
threshold=-1.4628491033465536 0.030727235477651143 -5.7239223525402076 22.546463746066948 0.13367169015915445 9.2323500000000021 31.917650000000005 19.558376033058497 29.500150000000001 -2.630572699669965 -0.12326122601787047 9.485100000000001 -0.52673293864340842 -0.47636647011969208 0.78656609248549325 -0.79382744783423187 0.0040306661685677652 20.349000000000004 0.34366336633663369 0.37940952255126054 0.1760039426761468 -3.9376448676960534 11.807000000000002 0.33931202449298198 0.3714672281037254 -2.7668748132073575 0.30775577557755773 6.5188725412541286 14.456057310231026 0.0083506953300731112
decision_type=2 2 2 2 2 10 2 2 8 2 2 2 2 2 2 2 2 10 2 2 2 2 2 2 2 2 2 2 2 2
left_child=1 9 3 -2 8 7 21 18 13 10 -1 17 -13 15 28 20 -17 -12 25 -20 -4 22 -7 27 -25 26 -3 -23 -8 -21
right_child=2 5 4 -5 -6 6 14 -9 -10 -11 11 12 -14 -15 -16 16 -18 -19 19 29 -22 23 -24 24 -26 -27 -28 -29 -30 -31
leaf_value=0.011588786663610235 -0.012819616257067797 -0.026000563971034108 -0.0061314562971301221 0.049879270158243477 -0.0069283735332321544 -0.0012762740214945741 0.01459608999530424 0.003596053281269421 -0.025920929134489325 0.004282459123728247 0.0067992347595535801 0.030671989241210125 -0.00056881015279052686 -0.0027100875563202827 0.012026750877222317 -0.0078777160954209367 0.0013899064565195257 -0.042899201877510035 -0.011444816135141193 -0.030531286318143169 0.00014746344056284683 0.00088046548388407081 -0.022793102070728901 -0.022165450008832778 0.0017543065451664527 0.0043538958487399498 -0.0015657945255522711 0.01539383139239651 0.0026237627345017125 -0.0020371261480507702
leaf_weight=1987.0244562327862 24.052750647068024 77.948728948831558 1704.1819254755974 48.105501294136047 2122.4325339496136 281.50626683235168 244.53629824519157 1133.5972295701504 80.621256798505783 5303.6315176784992 22.716486722230911 53.00513568520546 269.47989150881767 11757.340853333473 729.60010296106339 523.81545853614807 8668.3440804183483 38.306232511997223 981.26314213871956 38.306232511997223 1712.1995090246201 3203.4700491428375 149.66155958175659 163.02419883012772 169.26009714603424 614.68140542507172 174.15973153710365 158.56998574733734 2154.9482894539833 992.3986748456955
leaf_count=1578 15 55 2533 78 2023 170 261 1060 175 5250 48 80 215 13403 687 327 7770 83 826 38 973 2797 84 111 263 555 130 125 1916 869
internal_value=6.62968e-05 0.00273861 -0.00183368 0.0290901 -0.00191875 0.000545059 0.00222912 -0.00249962 -0.00148356 0.00595861 0.0097053 -5.81492e-05 0.00464502 -0.00140164 0.00575937 -0.000181401 0.000860991 -0.024587 -0.00490039 -0.00718619 -0.00298551 -0.000449235 -0.00878038 0.000525214 -0.0100124 0.000407515 -0.00919359 0.00156936 0.00384946 -0.00312468
internal_weight=45582.2 18941.1 26641.1 72.1583 26568.9 11266.9 7254.58 4012.36 24446.5 7674.16 2370.53 383.508 322.485 24365.9 3129.08 12608.5 9192.16 61.0227 2878.76 2011.97 3416.38 4125.49 431.168 3694.32 332.284 866.79 252.108 3362.04 2399.48 1030.7
internal_count=44498 17201 27297 93 27204 9947 6414 3533 25181 7254 2004 426 295 25006 2864 11603 8097 131 2473 1733 3506 3550 254 3296 374 740 185 2922 2177 907
is_linear=0
shrinkage=0.03


Tree=70
num_leaves=31
num_cat=0
split_feature=18 33 21 7 24 24 20 33 24 24 5 43 5 48 21 25 21 18 3 3 48 18 3 25 48 25 23 3 19 22
split_gain=205.423 151.232 80.3426 79.0587 81.8227 69.3256 67.6407 66.2244 65.1595 69.1551 60.1018 59.288 58.6796 122.234 66.3375 63.5027 60.4622 55.5761 55.4635 51.1437 49.682 45.8319 44.0231 57.123 48.8311 85.075 47.061 43.7428 43.2025 57.355
threshold=-1.490501838283828 0.018951200489680738 -5.7239223525402076 31.938950000000002 0.43442111757849838 0.46514529268026444 22.546463746066948 0.084130184833143676 -0.60554068365937697 -0.54939360607974019 31.634150000000002 0.10923367412729117 31.819850000000006 0.21710523401333429 -1.6539531976685333 -0.91939278948206182 0.80176173454518829 -2.8724210924092399 8.5275000000000016 9.4735000000000031 0.16494008461248813 -0.38828058205816779 10.074500000000002 -0.98212955754013376 0.19568188362460409 -0.95998493203694346 1.0000000180025095e-35 9.8215000000000021 4.1005086897689784 0.91597561503675362
decision_type=2 2 2 10 2 2 2 2 2 2 8 2 8 2 2 2 2 2 2 2 2 2 2 2 2 2 2 2 2 2
left_child=1 17 6 8 11 10 -2 21 -3 27 -6 -5 22 15 28 16 -14 -1 -7 -18 -21 -4 23 -11 25 -24 -25 -10 29 -15
right_child=2 3 7 4 5 18 -8 -9 9 12 -12 -13 13 14 -16 -17 19 -19 -20 20 -22 -23 24 26 -26 -27 -28 -29 -30 -31
leaf_value=0.012218396166299083 -0.011922636365843606 0.0037840753111532299 -3.0717931833130078e-05 0.014056354340979101 0.013250297779443167 -0.031560066880282255 0.047403005928354898 -0.0055809966149192947 -0.022242583319284054 0.014579206530226428 -0.024401294265620852 0.0042011485944413443 -0.013322650429622284 -0.024184092932542495 0.0021600414465357139 0.022525310703249517 -0.0088873884898158836 0.0049394701068661041 0.0020955488015121488 -0.039500174587450261 -0.10499512580018126 -0.00270760579197449 -0.021865500917849275 -0.0041524667848972727 0.0047803830740604999 0.0024728886453611412 0.0077034959895285887 -0.0038406227151439654 -0.0036134121775666232 0.011208772219096908
leaf_weight=1201.3012684285641 24.943593263626099 1872.9966013133526 13009.420150905848 696.19350484013557 46.769237369298935 44.987552136182785 53.00513568520546 3610.1397036015987 248.99051132798195 400.43375614285469 193.7582691013813 2599.4787551164627 612.00887757539749 222.71065413951874 1783.4669183492661 37.860811203718185 35.633704662322998 4411.4526371955872 1055.6485006213188 53.450556993484497 12.917217940092085 10323.975083291531 253.44472441077232 629.82572990655899 368.36342194676399 262.35315057635307 575.92975160479546 218.25644105672836 696.63892614841461 49.887186527252197
leaf_count=1038 17 1823 11897 885 84 32 83 3401 166 551 111 2137 444 125 1025 34 68 4309 903 120 20 12267 506 616 251 496 528 187 391 28
internal_value=-4.21096e-05 0.0023856 -0.00171186 0.000605319 0.00374496 -0.00250082 0.0285082 -0.00180034 -0.00114149 -0.00256948 -0.0170556 0.00628664 -0.00170191 -0.00420341 -0.00127326 -0.0149151 -0.0169292 0.00649928 0.000692505 -0.0382288 -0.0536168 -0.00121519 0.00181864 0.00477696 -0.00355485 -0.0095053 0.00151223 -0.0136734 -0.00758651 -0.0176897
internal_weight=45606.2 18584.8 27021.5 12972 4636.84 1341.16 77.9487 26943.5 8335.17 6462.17 240.528 3295.67 5994.93 3504.57 2752.7 751.871 714.01 5612.75 1100.64 102.001 66.3678 23333.4 2490.35 1606.19 884.161 515.798 1205.76 467.247 969.237 272.598
internal_count=44543 16878 27665 11531 4152 1130 100 27565 7379 5556 195 3022 5203 2255 1569 686 652 5347 935 208 140 24164 2948 1695 1253 1002 1144 353 544 153
is_linear=0
shrinkage=0.03


Tree=71
num_leaves=31
num_cat=0
split_feature=48 49 21 37 18 9 21 33 25 3 25 4 16 28 18 20 4 43 18 48 25 25 49 9 47 42 25 41 49 33
split_gain=226.232 94.0508 81.9946 87.7289 73.3639 103.199 159.361 124.775 75.4234 151.976 98.8299 82.5026 75.3839 65.4225 56.1193 52.9174 47.5369 54.7759 68.6243 47.1913 71.0049 79.0613 76.1257 46.1362 76.0785 60.7672 84.2284 69.7508 60.3873 47.4997
threshold=0.32104015770704591 31.94725 0.69717335026708771 1.0000000180025095e-35 -1.1601506039603959 8.3979000000000017 -2.853845107230716 0.20172621792915155 -0.76696334127844745 9.9305000000000003 -0.98372925196996197 17.542700000000004 12.605550000000001 21.851000000000003 -2.7404565855491927 22.546463746066948 10.078650000000001 0.38029347711084643 -2.7987103894389436 0.22321305956098966 -0.62587551141915865 -0.99168640063982161 31.956750000000003 9.822750000000001 10.277300000000002 0.44296535548121663 -0.95502570686053045 8.8417500000000011 31.869650000000004 0.095632358540403112
decision_type=2 2 2 2 2 10 2 2 2 2 2 10 2 2 2 2 10 2 2 2 2 2 2 10 2 2 2 2 2 2
left_child=2 -2 3 15 5 6 -5 12 9 10 13 -11 -7 -8 -3 -1 -4 -18 -19 20 21 -20 -23 25 -25 26 -14 28 29 -28
right_child=1 14 16 4 -6 7 8 -9 -10 11 -12 -13 23 -15 -16 -17 17 18 19 -21 -22 22 -24 24 -26 -27 27 -29 -30 -31
leaf_value=-0.01495103916954116 0.002668233627752667 0.015650155275061382 -0.012263339821861735 0.018768858014318334 -0.0016134319569190536 -0.010009036801809215 0.058071710601486665 -0.007573010874556127 0.0067797553305612313 0.0045077838141920059 0.0031466916125795683 -0.014938992117838789 0.01099764308696994 0.013705416613869797 0.0058051723893553769 0.05890572009457308 -0.00082727373300949306 -0.03885576752478373 0.00041588307697439195 8.3708384725717611e-05 -0.0018723418147580666 -0.018770347788454707 -0.059822810519543836 -0.011551176976592081 0.0015582165282175056 -0.01804780959252323 -0.024978080723397276 0.0058992581840618171 0.0025846708646625346 0.00074664440290050037
leaf_weight=11.135532706975935 5764.642571747303 915.78620982170105 594.19202524423599 638.73415607213974 18552.688332438469 495.30849480628967 48.996343910694122 1846.7167441248894 2044.038383692503 267.25278496742249 970.12760943174362 734.94515866041183 1375.4609999656677 76.612465023994446 1211.991379827261 34.297440737485886 3127.3030054271221 58.795612692832947 185.29526424407959 689.51218521595001 567.02132543921471 444.97588697075844 44.09670951962471 465.01984584331512 2745.576944231987 99.774373054504395 203.11211657524109 897.96935749053955 277.94289636611938 94.429317355155945
leaf_count=16 3264 517 380 1344 17271 278 110 1038 3749 345 1761 1647 775 172 687 68 5290 132 287 390 1273 918 81 261 1544 56 114 507 156 53
internal_value=4.15742e-05 0.00465876 -0.000927917 -0.000334836 -0.000394926 0.00130711 0.00483296 -0.000675986 0.00267989 -0.00131597 0.00640347 -0.00975386 0.00123886 0.0313334 0.0100478 0.0408714 -0.00423788 -0.00330374 -0.00719376 -0.00621004 -0.00970307 -0.0162748 -0.0225863 0.00214485 -0.000343541 0.00485347 0.00566157 0.000676285 -0.00746959 -0.0168388
internal_weight=45483.8 7892.42 37591.3 31880.1 31834.7 13282 4780.71 8501.31 4141.97 2097.93 1095.74 1002.2 6654.59 125.609 2127.78 45.433 5711.19 5117 1989.7 1930.9 1241.39 674.368 489.073 6159.29 3210.6 2948.69 2848.91 1473.45 575.484 297.541
internal_count=44484 4468 40016 31265 31181 13910 9128 4782 7784 4035 2043 1992 3744 282 1204 84 8751 8371 3081 2949 2559 1286 999 3466 1805 1661 1605 830 323 167
is_linear=0
shrinkage=0.03


Tree=72
num_leaves=31
num_cat=0
split_feature=18 33 18 21 33 21 3 33 3 7 43 47 11 8 3 3 47 41 14 35 22 7 40 3 32 16 3 32 47 3
split_gain=219.717 64.5309 62.0628 89.2786 72.988 53.3039 54.789 48.4918 44.2612 40.151 48.8385 64.7068 41.081 40.1468 37.1598 35.4738 34.6831 56.2197 33.8983 33.7233 34.9493 36.8307 35.4219 35.108 45.3891 35.0568 36.0961 34.4996 32.9152 32.8965
threshold=-2.2782056928236032 0.11819852791021429 -1.1105818229549127 -5.7239223525402076 0.039874202186407449 -0.75648450840043135 11.346500000000001 0.046282556109276722 10.3725 31.878050000000005 0.13429969011120182 9.9578000000000024 18.030850000000004 8.7704500000000021 9.8895000000000017 9.6095000000000024 11.657950000000001 11.023350000000002 0.31136363636360637 0.0048681671443702801 0.60355339059327384 31.917650000000005 10.405791996187043 9.3045000000000027 27.614875000000008 15.612750000000002 10.567500000000001 18.458425000000002 22.551892148760714 9.9205000000000023
decision_type=2 2 2 2 2 2 2 2 2 10 2 2 2 8 2 2 2 2 2 2 2 10 2 2 2 2 2 2 2 2
left_child=1 5 4 -4 28 8 16 18 9 10 11 12 -1 14 -11 -13 -7 -18 -5 -3 23 -22 -23 -21 25 26 27 -25 -2 -29
right_child=2 19 3 7 -6 6 -8 -9 -10 13 -12 15 -14 -15 -16 -17 17 -19 -20 20 21 22 -24 24 -26 -27 -28 29 -30 -31
leaf_value=-0.025579420223297299 0.0032620165190802371 -0.027875108232529647 0.034651974374033293 -0.0033099718549534137 -0.0016403457790994495 0.0052476755016458952 -0.043093580918941742 -0.0050945174722320068 0.012719825184418488 -0.017128760864465412 0.0044980689532471245 -0.0076973016299359594 0.012725161035832442 0.0099042616153359551 0.0111758433264149 -0.043757319767824397 -0.017697908025363054 0.0017142192732233627 -0.00052115347539322826 0.0058823442113491685 0.00011608748779953834 -0.024062427969275196 0.013320807643500637 -0.0074738521882771608 0.011827173836100288 -0.0095246732066395414 0.035052361312907419 0.026279148203315651 -0.0042106595457491579 -0.0065807027610251118
leaf_weight=32.515755504369736 6730.3159680962563 36.524547278881073 58.795612692832947 5737.9172932505608 6829.6449198424816 1331.8097117543221 23.161908030509949 3890.7551278173923 1138.9422852694988 98.88353043794632 1179.0302030146122 43.205866903066635 100.66521567106247 1837.8083179593086 70.821988016366959 57.459348767995834 174.15973153710365 574.59348767995834 12396.075009405613 405.3333905339241 594.19202524423599 23.161908030509949 439.18540996313095 238.74582123756409 141.64397603273392 826.70194816589355 25.834435880184174 65.031511008739471 575.03890898823738 46.323816061019897
leaf_count=19 6011 31 84 8307 6510 1055 52 3614 1066 72 778 34 58 1480 63 45 391 486 10697 400 491 19 419 182 105 689 40 80 1291 50
internal_value=0.000102295 0.00416136 -0.000963112 -0.00195662 0.000589102 0.00577566 0.00182431 -0.00205591 0.00759805 0.00588936 0.00201288 -0.010483 0.00325227 0.00861524 -0.00532033 -0.0285082 0.00234482 -0.00281862 -0.00140372 0.000376841 0.000754364 0.00506017 0.0114002 -0.00184718 -0.00418046 -0.00607407 0.00151913 -0.00104812 0.00267331 0.0126725
internal_weight=45724.3 9505.74 36218.5 22083.5 14135 6663.06 2103.72 22024.7 4559.33 3420.39 1412.88 233.846 133.181 2007.51 169.706 100.665 2080.56 748.753 18134 2842.68 2806.15 1056.54 462.347 1749.61 1344.28 1202.64 375.936 350.101 7305.35 111.355
internal_count=44619 8105 36514 22702 13812 5599 1984 22618 3615 2549 934 156 77 1615 135 79 1932 877 19004 2506 2475 929 438 1546 1146 1041 352 312 7302 130
is_linear=0
shrinkage=0.03


Tree=73
num_leaves=31
num_cat=0
split_feature=37 22 36 25 9 15 42 41 5 9 25 41 25 21 3 28 22 21 3 9 15 28 32 9 5 35 11 5 3 25
split_gain=203.693 82.3474 70.5821 67.1815 90.8536 87.598 55.8322 74.1201 63.6581 57.1552 121.197 119.773 110.368 139.019 143.666 84.2037 74.7549 74.1962 47.5885 49.3034 52.9841 46.6115 87.7123 46.5036 46.172 55.938 45.0871 44.7645 69.3205 44.6483
threshold=0.31139603960396051 0.78656609248549325 9.6603000000000012 -0.99052477729077237 10.460000000000003 18.735655775577563 0.5327719460145347 9.523200000000001 31.876450000000002 12.822350000000002 -0.99168640063982161 9.4473500000000019 -0.91249077947840473 1.6395643479260633 9.6585000000000019 21.851000000000003 -0.78656609248549292 -2.6932924592363752 10.490500000000003 10.757700000000002 22.116028983498353 19.898800000000005 18.137850000000004 8.7752000000000017 31.876450000000002 0.164888480962397 21.271600000000003 30.994750000000007 9.3155000000000019 -0.76696334127844745
decision_type=2 2 2 2 8 2 2 2 10 8 2 2 2 2 2 2 2 2 2 10 2 2 2 10 10 2 2 8 2 2
left_child=3 6 -3 4 -1 -6 9 8 -8 21 11 15 13 14 -12 -11 -13 -16 19 -9 -21 22 24 29 25 -2 -18 -23 -29 -5
right_child=1 2 -4 23 5 -7 7 18 -10 10 12 16 -14 -15 17 -17 26 -19 -20 20 -22 27 -24 -25 -26 -27 -28 28 -30 -31
leaf_value=-0.023606034832806568 -0.013898703397956534 0.0050112940503645375 0.01723096125422743 -0.0052115683132555176 0.074878955261694038 -0.0034227759929538839 -0.050256944393716314 0.0090875995451246087 -0.0033680332440503731 0.02257575627183013 0.01118379771302447 -0.00065572136012437374 0.0062953070509212958 -0.044204378314696591 0.025253673916986671 -0.042114492295606903 0.068106431465579417 -0.020915487165154838 0.018991924937705986 -0.031079443086566877 0.0023185478265257192 0.0033521965051341081 0.0091547989283017935 0.00026743617795593077 0.0031358179506093529 0.00021465395089626904 0.02906641458531601 0.00029181488805413597 -0.0084168900855058765 -0.0014420939890132239
leaf_weight=285.06963729858398 463.68358191847801 3280.082514166832 488.18175387382507 3585.1961103379726 12.471796631813048 281.50626683235168 37.415389895439148 1326.4646560549736 81.512099415063858 29.843227654695511 321.14876326918602 72.603673249483109 1414.212653785944 83.293784648180008 33.852019429206848 43.205866903066635 29.843227654695511 321.59418457746506 221.81981152296066 42.760445594787598 1856.5160129070282 788.84113696217537 985.71735522150993 10971.172244220972 887.27924609184265 554.10410749912262 241.41834908723831 1467.2177894711494 1871.2149160802364 13384.019471168518
leaf_count=160 261 2795 430 5145 22 470 48 971 72 67 721 163 2290 187 76 97 67 722 168 24 1042 445 554 6250 498 311 542 831 1057 17886
internal_value=8.32571e-05 0.00268838 0.00659851 -0.00146453 -0.01157 0.0001417 0.00156966 0.00477462 -0.0184157 0.000379734 0.00418671 0.0189828 0.00134192 -0.00787287 -0.00334156 -0.0157382 0.026383 -0.0164599 0.0055797 0.0046518 0.00155066 -0.00102617 0.00189479 -0.00125469 -0.0018645 -0.00622244 0.0335958 -0.003072 -0.00459053 -0.00223876
internal_weight=45463.3 16943.8 3768.26 28519.4 579.048 293.978 13175.6 3566.49 118.927 9609.07 2591.02 416.914 2174.1 759.889 676.595 73.0491 343.865 355.446 3447.56 3225.74 1899.28 7018.06 2890.78 27940.4 1905.07 1017.79 271.262 4127.27 3338.43 16969.2
internal_count=44372 14439 3225 29933 652 492 11214 2325 120 8889 4932 936 3996 1706 1519 164 772 798 2205 2037 1066 3957 1624 29281 1070 572 609 2333 1888 23031
is_linear=0
shrinkage=0.03


Tree=74
num_leaves=31
num_cat=0
split_feature=18 24 9 43 21 14 24 40 24 7 25 9 26 6 21 34 22 22 3 49 7 9 43 24 16 16 48 6 42 22
split_gain=204.251 71.549 80.5539 72.1621 69.0589 71.7959 63.1371 59.8674 59.5091 57.8813 48.8916 91.0635 67.0601 61.3298 77.1871 73.6194 51.09 48.7283 52.9323 46.9684 46.7751 45.681 95.7736 86.3096 65.5208 58.5525 45.1717 44.3944 44.1716 55.0884
threshold=-2.2986786012326248 0.30675521904633613 8.6201500000000024 0.45247206928237799 -5.7239223525402076 0.44194999999999857 -0.15207348400340251 17.124001382704012 0.79184907943689831 31.672750000000004 -0.99052477729077237 10.423950000000001 19.436850000000003 13.111400000000001 1.2884662274681029 15.641796694215133 0.60355339059327384 -1.0000000180025095e-35 9.959500000000002 31.951950000000004 31.992550000000005 10.896700000000001 0.12393481906408287 0.036545658007091128 17.298825000000004 12.605550000000001 0.041389239595100456 14.031500000000001 0.27743492136732428 0.91597561503675362
decision_type=2 2 10 2 2 2 2 2 2 10 2 8 2 10 2 2 2 2 2 2 10 8 2 2 2 2 2 8 2 2
left_child=6 4 3 8 -2 -6 7 -1 -3 -8 11 13 -13 14 15 19 -16 18 20 -7 -4 25 -23 -24 -25 -11 -10 -12 29 -19
right_child=1 2 17 -5 5 10 9 -9 26 21 27 12 -14 -15 16 -17 -18 28 -20 -21 -22 22 23 24 -26 -27 -28 -29 -30 -31
leaf_value=0.023555219554166871 0.030629546521560372 0.00030155389951879808 -0.0074319029332642712 -0.021577650142707967 -0.0030099033021082364 -0.01620678828714664 -0.01024403108581016 0.0057416011809901394 -0.0025468559866582735 -0.01728239926778688 0.00898045572550428 0.070745935309478161 0.002092672167473243 0.0053592781600907032 -0.0089318170857312171 -0.0076130721537313673 0.02305411603334959 -0.026233583316266931 -0.033563836891662258 -0.042101650931861523 0.008737014422198831 0.016928311928511332 0.015533724364085427 -0.0051330832535259677 -0.042050758266921485 0.001655042670645146 -0.0099191927013553404 0.00089651705756305848 -0.0058375352244769384 -0.001817678251776195
leaf_weight=175.49599546194077 64.586089700460434 5675.5583100914955 468.58321630954742 165.2513053715229 6147.2594755589962 105.11942875385284 350.10114830732346 4563.786724627018 2739.7864672243595 153.22493004798889 633.83452168107033 12.02637532353401 760.77959454059601 167.47841191291809 179.95020854473114 188.85863471031189 58.795612692832947 355.44620400667191 49.887186527252197 163.91504144668579 244.09087693691254 515.35245367884636 152.77950873970985 212.46596404910088 53.450556993484497 3111.2678383290768 1028.4778008162975 16576.799408912659 306.44986009597778 108.68279922008514
leaf_count=103 91 5359 263 332 9001 59 540 3430 1540 86 496 21 997 94 101 106 33 201 28 92 137 1151 238 477 120 1747 596 16660 172 61
internal_value=1.47257e-05 -0.00100352 -0.00300353 -0.00198412 -0.00011416 -0.000194824 0.00398321 0.00640607 -0.00163901 0.00145796 0.000723445 -0.00422944 0.0032511 -0.0109155 -0.0148302 -0.0220279 -0.00099138 -0.00938733 -0.00400296 -0.0320813 -0.00188957 0.00243595 0.00828226 -0.00237471 -0.0126835 0.000761159 -0.0045611 0.00119474 -0.0147036 -0.0205324
internal_weight=45489.5 36201.6 11142.2 9609.07 25059.4 24994.8 9287.93 4739.28 9443.82 4548.64 18847.6 1636.92 772.806 864.117 696.639 457.893 238.746 1533.14 762.561 269.034 712.674 4198.54 934.048 418.696 265.917 3264.49 3768.26 17210.6 770.579 464.129
internal_count=44332 36440 8689 7827 27751 27660 7892 3533 7495 4359 18659 1503 1018 485 391 257 134 862 428 151 400 3819 1986 835 597 1833 2136 17156 434 262
is_linear=0
shrinkage=0.03


Tree=75
num_leaves=31
num_cat=0
split_feature=42 24 33 36 9 21 21 3 15 3 7 24 47 23 42 25 21 21 47 25 24 21 42 22 9 25 42 24 22 9
split_gain=165.844 157.036 97.5528 97.8609 95.8688 106.102 65.4486 57.5902 56.165 55.4189 56.7741 77.4798 67.3356 65.9258 46.3957 41.8365 50.4877 40.8644 41.282 53.1592 48.6411 39.5929 41.3864 60.6988 41.2163 38.954 57.9274 52.9786 42.3175 41.9737
threshold=0.50328949898104358 0.036545658007091128 0.20172621792915155 2.446619008263982 12.875050000000002 -3.0749576111260866 -5.7239223525402076 9.9205000000000023 20.740193194719478 8.7045000000000012 31.843850000000007 -0.61913973745509387 23.981911157025053 -0.3794095225512602 0.39971930634060066 -0.98932651372861458 -0.18569964706621175 -2.4886904524256628 12.299500000000002 -0.9575230291762723 0.12225609522135446 -0.7733969299597766 0.36359633944707198 -0.9159756150367534 10.125950000000001 -0.99052477729077237 0.37834621448071676 0.29033824002281988 -0.78656609248549292 9.4284000000000017
decision_type=2 2 2 2 8 2 2 2 2 2 10 2 2 2 2 2 2 2 2 2 2 2 2 2 10 2 2 2 2 8
left_child=2 8 3 6 21 -6 -1 -3 -2 -5 11 -11 13 14 -13 -7 -17 -15 25 20 -20 -4 24 -24 -23 26 -19 -27 -29 -28
right_child=1 7 4 9 5 15 -8 -9 -10 10 -12 12 -14 17 -16 16 -18 18 19 -21 -22 22 23 -25 -26 27 29 28 -30 -31
leaf_value=0.036546381143407407 0.016980949901135748 0.0058272492660081509 -0.010531217985707492 -0.0024989025025216028 0.038342888536550698 0.020122085051608767 -0.001992794069420439 -0.044958797204457945 0.0042906629074201614 0.0036417775672470737 0.0043581968036937408 -0.0025834773584360446 -0.028097667913139942 0.0091666184708519404 -0.012219475441146417 0.0049912974941667349 -0.010566891452418977 -0.031342681819932883 -0.0027667493379483548 -0.00013017463087050166 -0.031747424996755619 -0.0050791280108829712 -0.022450616591247138 0.010722283700152654 -0.029016329443600317 0.0086761874014098257 -0.028976330123202346 -0.015885995155205345 0.0020418110109738409 0.0077716050710297203
leaf_weight=38.75165382027626 330.05718943476677 26.725278496742249 1886.3592405617237 2945.5711116492748 70.376566708087921 84.63004857301712 17414.191468477249 77.503307640552521 6105.8352938890457 4034.6262103915215 5687.1392641067505 1552.7386806607246 85.966312497854233 518.47040283679962 632.49825775623322 416.91434454917908 339.85645821690559 71.712830632925034 93.093053430318832 362.12752363085747 118.03664669394493 705.9927736222744 58.795612692832947 292.19637823104858 70.376566708087921 881.48876908421516 33.852019429206848 163.02419883012772 426.26819202303886 140.75313341617584
leaf_count=69 258 60 1061 2341 146 190 18504 174 4375 4018 5478 1593 193 516 649 909 760 41 209 774 265 397 33 164 41 569 19 189 483 82
internal_value=-7.12242e-05 0.00435035 -0.00081041 -0.000310098 -0.00529554 0.0032253 -0.00190513 -0.0320051 0.00494401 0.0012585 0.00200634 0.00053857 -0.00192627 -0.00147023 -0.00537685 0.00024596 -0.00200042 0.00156991 -0.000153013 -0.00711651 -0.0190423 -0.00787366 -0.00342152 0.00511741 -0.00728353 0.00217456 -0.00884388 0.00402461 -0.00293632 0.000522569
internal_weight=45665.9 6540.12 39125.8 35200.3 3925.5 911.777 17452.9 104.229 6435.89 17747.4 14801.8 9114.66 5080.03 4994.06 2185.24 841.401 756.771 2808.83 2290.36 573.257 211.13 3013.72 1127.36 350.992 776.369 1717.1 246.318 1470.78 589.292 174.605
internal_count=44560 4867 39693 35992 3701 2005 18573 234 4633 17419 15078 9600 5582 5389 2242 1859 1669 3147 2631 1248 474 1696 635 197 438 1383 142 1241 672 101
is_linear=0
shrinkage=0.03


Tree=76
num_leaves=31
num_cat=0
split_feature=18 33 33 18 21 9 21 33 33 24 7 46 31 5 47 3 24 9 16 3 9 32 7 41 46 48 47 15 41 32
split_gain=169.917 69.5604 54.0433 76.8051 67.0504 48.8122 78.5846 48.5886 45.2856 36.8416 36.0133 33.6894 32.4157 34.7065 34.9048 62.6673 76.2209 58.7184 53.8501 53.0224 63.0376 81.7988 44.9313 42.9871 53.9524 48.1453 36.8156 33.1642 50.5516 52.2557
threshold=-2.2782056928236032 0.027961236562487436 0.20868229440951955 -0.87878598019801923 -5.7239223525402076 12.875050000000002 -1.9311278574907023 0.018951200489680738 1.0767677757994056 -0.76694339346796603 31.624250000000004 0.16268415808492592 20.250450000000004 29.711350000000003 11.608050000000002 9.8405000000000005 0.019350803001866129 11.339400000000001 12.605550000000001 10.490500000000003 11.061300000000001 27.156075000000001 31.967850000000002 11.807000000000002 0.086714677761266609 0.36278933262453766 9.2414500000000022 13.733328508305434 9.3599500000000013 22.126750000000005
decision_type=2 2 2 2 2 8 2 2 2 2 10 2 2 10 2 2 2 8 2 2 10 2 10 2 2 2 2 2 2 2
left_child=1 -1 3 7 9 10 8 -2 -7 -5 -4 -12 13 -3 17 -16 -17 18 -15 20 23 -22 -21 25 -25 -20 -27 -19 29 -29
right_child=2 12 5 4 -6 6 -8 -9 -10 -11 11 -13 -14 14 15 16 -18 27 19 22 21 -23 -24 24 -26 26 -28 28 -30 -31
leaf_value=0.0070789530574729628 0.0030198962197424094 -0.043106023795546379 -0.011069495839773291 0.053461260301791116 -0.0019321024270745003 0.016831046189259891 -0.0025850510489895946 -0.00041119245076807543 0.069244908983755085 -0.0072424892727717396 -0.0062293656460015124 0.0060364239569797185 0.0068645756953954274 -0.016633176413795043 0.0060495698594637938 -0.002227786032888038 -0.024201624753699573 0.026352373011171677 0.003347820544106807 0.0032286701991851665 -0.040597494030345335 0.010428383811546439 0.01990950308337993 -0.02468218480872655 -0.0013095156930051841 -0.036589401973105291 -0.0033103599961333491 -0.0009201009824438707 0.0137961635549479 -0.063207906399129932
leaf_weight=3412.8180640339851 6469.2990814447403 15.144324481487272 1028.9232221245766 29.397806346416473 18047.58056885004 93.53847473859787 473.0374293923378 8721.3492161035538 16.926009714603424 12.471796631813048 827.14736947417259 265.47109973430634 939.39353916049004 155.00661528110504 347.42862045764923 412.01471015810966 216.02933451533318 97.992687821388245 2091.69846367836 404.44254791736603 74.830779790878296 44.542130827903748 226.27402460575104 124.27254500985146 306.44986009597778 46.323816061019897 81.957520723342896 175.05057415366173 378.16269072890282 12.02637532353401
leaf_count=2934 6424 10 579 66 18936 207 1047 8450 32 7 465 149 747 87 489 343 485 220 1174 227 42 25 127 75 172 26 46 393 501 27
internal_value=9.04743e-05 0.00364494 -0.000854081 -0.000522552 -0.00184319 -0.00493118 0.00274944 0.00105012 0.0254114 0.0356321 -0.00704393 -0.00324638 0.00173816 0.000812632 0.000948947 -0.00416266 -0.00981262 0.0021315 0.00060185 0.00139207 -0.000396384 -0.0216295 0.00923508 0.000567635 -0.00809458 0.00225117 -0.0155179 0.0103192 0.00749795 -0.0052391
internal_weight=45547 9561.86 35985.1 33280.1 18089.5 2705.04 583.502 15190.6 110.464 41.8696 2121.54 1092.62 6149.04 5209.65 5194.5 975.473 628.044 4219.03 3555.8 3400.79 2770.08 119.373 630.717 2650.7 430.722 2219.98 128.281 663.232 565.24 187.077
internal_count=44512 8150 36362 33883 19009 2479 1286 14874 239 73 1193 614 5216 4469 4459 1317 828 3142 2001 1914 1560 67 354 1493 247 1246 72 1141 921 420
is_linear=0
shrinkage=0.03


Tree=77
num_leaves=31
num_cat=0
split_feature=18 33 33 18 36 24 11 8 24 18 35 9 35 23 47 41 34 24 24 3 41 47 11 31 44 3 24 40 22 3
split_gain=173.632 70.9693 54.6683 76.0145 44.3947 43.9718 65.8317 60.5493 43.6069 43.0736 49.2911 41.9699 40.34 38.3198 43.387 87.2858 43.9944 42.1766 38.4928 37.8555 34.7788 59.4539 40.3039 34.1837 66.1684 37.6518 32.823 32.1071 28.9305 28.8782
threshold=-2.2986786012326248 0.22451147632136767 0.03609491653960397 -0.76073736044498552 10.027700000000003 0.35544221683359195 17.233000000000004 9.8451500000000021 -0.78856175031405207 -1.0983206383546367 0.0095319568220576054 12.367650000000003 0.054772255750517827 0.25881904510252057 9.8111000000000015 9.977800000000002 13.600008057851761 0.12225609522135446 -0.76694339346796603 9.8215000000000021 9.4473500000000019 10.192250000000001 22.690250000000002 13.338900000000002 1.5667716207991906 9.5055000000000032 0.25725141817891134 11.755143067449859 0.60355339059327384 10.2445
decision_type=2 2 2 2 2 2 2 10 2 2 2 8 2 2 2 2 2 2 2 2 2 2 2 2 2 2 2 2 2 2
left_child=1 4 3 -2 8 7 9 -4 -1 10 27 12 -3 14 -10 16 -16 -17 -15 -19 21 -6 -22 24 -9 -26 -25 -7 -14 -24
right_child=2 11 5 -5 20 6 -8 23 13 -11 -12 -13 28 18 15 17 -18 19 -20 -21 22 -23 29 26 25 -27 -28 -29 -30 -31
leaf_value=0.01170048971678107 0.0018439319510990717 -0.018203888461853383 0.0052608270440926584 -0.0015513650108647183 0.0099208961190520185 -0.0079855661340825241 -0.022257633240420793 0.0027231506536525745 0.0056382379037604406 -0.0062583876763761467 0.0013270032680302718 0.0074187324006821619 -0.0067618185459192648 -0.019614159566761477 -0.0074051995436564232 0.0014389396370815279 -0.037348820110185248 -0.0027880670621029226 0.0066647743262824915 -0.036752490468785599 0.029461306903514447 -0.034419114767859159 0.0066978187935021315 -0.0011838220974523988 -0.0051624800659938203 -0.023727486587659316 -0.032011340033982739 -0.037228692104386993 0.0034743799071605985 0.018402606616362741
leaf_weight=583.05649253726006 10360.054209262133 172.82346761226654 1160.7679293751717 13889.572656065226 79.730414181947708 267.69820627570152 183.0681577026844 279.2791602909565 1293.0580579340458 3035.1007946133614 1740.2610514461994 317.13997149467468 605.77297925949097 50.332607835531235 95.765581279993057 2106.8427881598473 81.957520723342896 72.603673249483109 2314.8545391261578 48.996343910694122 105.56485006213188 40.087917745113373 683.72170820832253 4810.9955507218838 166.14214798808098 242.30919170379639 30.288648962974548 37.860811203718185 420.03229370713234 262.79857188463211
leaf_count=724 10134 97 881 15076 77 178 210 231 911 2161 1678 676 340 32 182 1466 148 109 1855 83 210 90 527 5551 157 235 68 28 238 164
internal_value=2.13645e-05 0.00366918 -0.000919311 -0.000100792 0.00482076 -0.00257962 -0.00463055 -0.000965361 0.00387054 -0.00399118 -0.000626233 -0.0022707 -0.00483843 0.00311594 0.00120848 -0.0011734 -0.0213455 0.000444217 0.00609749 -0.0166615 0.0102029 -0.00507615 0.0119461 -0.00227321 -0.00852691 -0.016207 -0.00138326 -0.0117186 -0.00257114 0.00996361
internal_weight=45538.5 9335.14 36203.4 24249.6 7819.37 11953.8 5263.99 6689.78 6647.47 5080.92 2045.82 1515.77 1198.63 6064.41 3699.22 2406.17 177.723 2228.44 2365.19 121.6 1171.9 119.818 1052.09 5529.01 687.73 408.451 4841.28 305.559 1025.81 946.52
internal_count=44517 7929 36588 25210 6578 11378 4255 7123 5510 4045 1884 1351 675 4786 2899 1988 330 1658 1887 192 1068 167 901 6242 623 392 5619 206 578 691
is_linear=0
shrinkage=0.03


Tree=78
num_leaves=31
num_cat=0
split_feature=18 33 33 18 24 21 28 47 23 46 33 33 48 21 3 42 6 5 22 40 5 6 24 48 17 41 16 11 24 23
split_gain=164.077 82.0956 79.4617 62.9851 55.9453 54.5331 53.5791 47.317 67.0715 43.3402 41.2781 36.0431 35.0804 37.0703 33.7826 40.5574 34.8135 40.226 33.7822 35.0004 48.6981 33.3233 40.3638 34.8351 32.5588 34.5404 36.1354 43.5539 32.1747 31.2577
threshold=-2.2782056928236032 0.20868229440951955 0.20172621792915155 -0.86349918814600091 -0.77786766366919291 -5.7239223525402076 27.626350000000006 10.42135330578512 0.25881904510252057 0.1103647398999744 0.012433302055366732 0.018951200489680738 0.086852947039670461 -0.67046501285004989 8.4555000000000025 0.29160418348906064 7.8930500000000006 31.665650000000003 0.60355339059327384 13.521012130670931 31.84065 11.780850000000003 0.48030317736429479 0.12089830703630494 0.68548844884488436 9.485100000000001 17.356375000000003 24.037650000000003 -0.10088855117215338 0.60355339059327384
decision_type=2 2 2 2 2 2 2 2 2 2 2 2 2 2 2 2 10 10 2 2 8 10 2 2 2 2 2 2 2 2
left_child=2 3 10 4 -2 29 11 21 -9 -10 -1 -6 -8 -14 15 -13 17 -16 -4 20 -20 22 -3 -24 -12 -26 -27 28 -28 -5
right_child=1 7 18 5 6 -7 12 8 9 -11 24 14 13 -15 16 -17 -18 -19 19 -21 -22 -23 23 -25 25 26 27 -29 -30 -31
leaf_value=0.0085655918823121027 0.0044348867938302063 -0.015004771816230856 -0.0055540175834937946 0.052223105117151017 0.0028506974971171327 -0.0018398216866813511 -0.016991575145142865 -0.0071213647422398389 0.043098850221363678 0.0060283289507943932 0.0026396591826900939 -0.016889417021343313 -0.016974339657686282 -0.0011300534942041732 0.0017295452709717087 -0.0021300477756689509 0.00185145243417388 -0.0059767921583198935 0.0091938507891425204 0.0075139738932368753 -0.019126979709048801 0.0063235200233221905 -0.0092828151849161204 0.0037289924581186866 -0.0074143243476656306 0.02977660648340889 -0.032577610344502884 0.012622638608769676 0.0044447942019849532 -0.0056941819883142616
leaf_weight=1947.3819597959518 3122.4033710360527 761.22501584887505 1083.2646217346191 25.389014571905136 4044.4254791736603 17926.425972998142 216.02933451533318 573.25722375512123 29.843227654695511 364.35463017225266 4998.0725001990795 236.5187146961689 157.23372182250023 831.15616124868393 1057.875607162714 570.13927459716797 3800.3346022367477 1436.4837191998959 95.32015997171402 473.48285070061684 125.60880893468857 121.60001716017723 663.2323280274868 256.11725226044655 95.32015997171402 86.857155114412308 34.297440737485886 471.25574415922165 52.114293068647385 12.02637532353401
leaf_count=1687 3770 446 959 57 3536 18796 485 813 58 530 4111 186 128 1038 1136 362 3306 1110 100 409 87 69 463 155 133 189 20 290 60 9
internal_value=-4.69609e-05 -0.000966274 0.00347013 -0.000555047 0.000847894 -0.00176341 -5.92626e-05 -0.00592884 -0.000575876 0.00893675 0.00479218 0.000590485 -0.00606757 -0.00366518 -0.000696992 -0.00647317 4.41289e-05 -0.0027091 -0.00224485 0.00291793 -0.00692154 -0.00880054 -0.00989797 -0.0056578 0.00351026 0.00938014 0.0118715 0.00903451 -0.0104543 0.0339432
internal_weight=45669 36206.1 9462.98 33436.4 15472.6 17963.8 12350.2 2769.63 967.455 394.198 7685.3 11145.8 1204.42 988.39 7101.35 806.658 6294.69 2494.36 1777.68 694.412 220.929 1802.17 1680.57 919.35 5737.92 739.845 644.525 557.667 86.4117 37.4154
internal_count=44498 36453 8045 33919 15057 18862 11287 2534 1401 588 6490 9636 1651 1166 6100 548 5552 2246 1555 596 187 1133 1064 618 4803 692 559 370 80 66
is_linear=0
shrinkage=0.03


Tree=79
num_leaves=31
num_cat=0
split_feature=18 33 7 21 24 4 47 24 11 12 24 35 24 18 35 25 33 20 47 6 8 24 12 32 23 41 3 24 47 47
split_gain=140.462 102.828 63.9122 56.8821 50.0136 47.1053 45.2507 127.686 83.6072 60.0584 58.3803 52.3107 45.7066 43.269 43.0363 44.512 38.9604 37.8397 36.6234 39.678 81.1339 37.9033 34.1956 56.6058 57.3308 40.1364 35.766 38.2216 30.3743 30.0094
threshold=-1.3561854323432347 0.10603908713366325 31.878050000000005 -5.7239223525402076 -0.79902248885025529 29.500150000000001 9.8440500000000011 0.1051661082335764 22.064550000000001 15.014781818182145 0.30675521904633613 2.2494315864943806 0.3873823162447298 -2.6050262442244212 0.0077776603165742282 -0.98932651372861458 0.14607760608662554 26.821530443686584 21.618234710744378 13.763950000000003 10.788300000000001 -0.69674959280705229 13.199211157024797 27.333800000000007 1.0000000180025095e-35 11.807000000000002 9.5775000000000023 -0.53493989022977317 12.888100000000001 8.9654500000000024
decision_type=2 2 10 2 2 8 2 2 2 2 2 2 2 2 2 2 2 2 2 8 10 2 2 2 2 2 2 2 2 2
left_child=1 2 4 17 -1 16 10 18 9 -9 -6 -11 -12 -4 15 -3 -5 -2 19 20 -8 -20 25 24 26 -16 27 -24 -18 -26
right_child=3 14 13 5 6 -7 7 8 -10 11 12 -13 -14 -15 22 -17 28 -19 21 -21 -22 -23 23 -25 29 -27 -28 -29 -30 -31
leaf_value=0.0074145557152692819 0.00069066415105399214 -0.049778714599071711 0.0084676559733090125 -0.0011492897111707097 0.0079688140324413303 -0.022533088790990558 0.015794415065932554 -0.0065886374837315874 -0.072004667318815246 -0.042608537462004263 -0.015153672648990693 0.0098534678369536118 0.0075452073045684798 0.0032398246701657546 0.0022432565220918436 -0.0091511776533957801 -0.0075424703774464334 0.04193011910042841 0.0057100566869985525 0.0021890307636949552 -0.022305452781217448 -0.014150268221984903 -0.016188190030943468 0.0043390013096359006 0.016813137220660527 -0.021924892001636536 -0.013047081568648077 0.0022275147950337952 0.0038469922956626012 -0.0015531008183421191
leaf_weight=1156.7591376006603 36.079125970602036 26.725278496742249 2738.0047819912434 23565.459735810757 1295.285164475441 94.874738663434982 72.158251941204071 355.44620400667191 21.380222797393799 85.075469881296158 199.54874610900879 20.934801489114761 131.84470725059509 2974.0780753791332 2592.7974354922771 201.77585265040398 1436.0382978916168 44.09670951962471 125.60880893468857 4445.304656624794 160.79709228873253 273.48868328332901 139.86229079961777 744.29900613427162 85.520891189575195 62.358983159065247 845.40964311361313 361.68210232257843 246.31798347830772 1072.5745103359222
leaf_count=1622 27 18 2322 24163 733 195 63 651 48 167 112 26 161 2894 2455 147 1007 75 282 3245 91 614 92 690 48 50 749 317 538 950
internal_value=1.97204e-05 0.00188786 0.00330207 -0.00146382 0.00162793 -0.00154407 0.00069565 -0.000592122 -0.015318 -0.0125415 0.00509508 -0.0322531 -0.0061274 0.00574675 -0.00135324 -0.0140991 -0.00146431 0.0236095 0.000810988 0.00155572 -0.0104869 -0.00790094 -0.000857677 -0.00292105 -0.00507902 0.0016676 -0.00928489 -0.00292994 -0.00587362 -0.000183489
internal_weight=45611.6 20188.7 14055.7 25422.9 8343.63 25342.7 7186.87 5560.19 482.837 461.456 1626.68 106.01 331.393 5712.08 6133.01 228.501 25247.8 80.1758 5077.36 4678.26 232.955 399.097 5904.5 3249.35 2505.05 2655.16 1346.95 501.544 1682.36 1158.1
internal_count=44552 18547 13031 26005 7815 25903 6193 5187 892 844 1006 193 273 5216 5516 165 25708 102 4295 3399 154 896 5351 2846 2156 2505 1158 409 1545 998
is_linear=0
shrinkage=0.03


Tree=80
num_leaves=31
num_cat=0
split_feature=18 24 11 18 24 16 45 9 41 22 3 42 9 42 35 9 21 11 9 21 3 43 24 16 25 16 12 11 28 14
split_gain=125.681 55.0874 76.8333 56.8929 49.6204 41.0074 40.8689 52.6083 82.6534 44.4976 55.0618 43.6868 41.3371 40.1498 39.5884 38.0023 37.2001 36.343 36.3096 51.5539 42.9883 42.962 81.6358 74.7165 55.5034 62.2435 42.6678 34.9748 50.0094 35.0644
threshold=-2.2986786012326248 -0.77786766366919291 14.705400000000003 -0.82461596255071778 -0.79902248885025529 27.301683677686317 -0.61109962911184723 9.5416500000000024 9.485100000000001 -0.60355339059327362 9.8215000000000021 0.59521474987503376 9.3274500000000025 0.48461183527511825 1.3206638776919888 8.4868500000000022 -1.9311278574907023 22.815150000000006 7.8500500000000004 3.3413514698239646 9.0385000000000009 0.46498305925951983 0.12225609522135446 20.687275000000003 -0.8142754349318998 14.259179752066352 15.144397107438524 27.220050000000004 26.130750000000003 6.759640909090245
decision_type=2 2 2 2 2 2 2 8 2 2 2 2 10 2 2 10 2 2 10 2 2 2 2 2 2 2 2 2 2 2
left_child=4 2 -2 -4 -1 13 7 12 17 10 -8 -11 -6 14 18 16 -16 -9 19 21 -20 24 23 -23 25 -3 -24 28 -12 -30
right_child=1 5 3 -5 6 -7 9 8 -10 11 27 -13 -14 -15 15 -17 -18 -19 20 -21 -22 22 26 -25 -26 -27 -28 -29 29 -31
leaf_value=0.011794406094454058 0.048770267527616935 0.018726069419561071 0.0041015802855440368 -0.0013980450876846539 0.0059875669698437805 -0.014943323200781901 0.0029364932772921468 -0.0034566868977046195 0.021510253192511469 0.00227296419732715 -0.0067333993423650809 0.0099367126534285911 -0.028292076188005014 0.0022462304458371381 0.010270664667893796 -0.0076933285628845915 -0.0036017714265085903 -0.057919590729447579 -0.0023780355624505012 -0.031992321175492368 0.00085813704651199361 0.016776828177622469 -0.013190960922512828 -0.0096245751047500626 -0.0030568477876958835 0.00073484950698214733 -0.050625133732467312 0.003704509278091473 -0.0055576008118897215 -0.041987421160020889
leaf_weight=543.85941740870476 29.843227654695511 212.91138535737991 3336.6510203182697 3434.643708139658 94.874738663434982 200.8850100338459 1090.8367839753628 48.105501294136047 346.53777784109116 5267.1069703996181 720.2462554872036 766.12465023994446 46.323816061019897 2516.1849704682827 227.61028853058815 1796.8295575976372 726.92757511138916 13.362639248371122 6204.718824326992 53.450556993484497 9127.5734492540359 113.58243361115456 53.00513568520546 611.11803495883942 6534.7760137617588 906.8777836561203 57.904770076274872 228.05570983886719 37.415389895439148 65.922353625297546
leaf_count=720 67 478 4032 6013 54 427 829 108 454 4373 615 451 26 1626 415 1016 1236 30 3523 120 5168 255 119 1372 8476 2027 130 152 21 37
internal_value=-0.000105806 -0.000904996 0.00152756 0.00131218 0.00301057 -0.00146882 0.00246174 0.0103765 0.0158286 0.00192887 -0.00178454 0.00324762 -0.00537862 -0.00137543 -0.00171774 -0.00512473 -0.000286592 -0.0160341 -0.00132493 -0.00289205 -0.000451557 -0.0027051 -0.00916016 -0.00546926 -0.00199933 0.00416927 -0.0330126 -0.00667968 -0.00955613 -0.028977
internal_weight=45414.3 36145.5 6801.14 6771.29 9268.77 29344.4 8724.91 549.204 408.006 8175.71 2142.48 6033.23 141.199 29143.5 26627.3 2751.37 954.538 61.4681 23875.9 8543.63 15332.3 8490.18 835.61 724.7 7654.57 1119.79 110.91 1051.64 823.584 103.338
internal_count=44370 36500 10112 10045 7870 26388 7150 672 592 6478 1654 4824 80 25961 24335 2667 1651 138 21668 12977 8691 12857 1876 1627 10981 2505 249 825 673 58
is_linear=0
shrinkage=0.03


Tree=81
num_leaves=31
num_cat=0
split_feature=18 33 7 24 48 21 3 25 24 3 33 35 24 25 21 35 20 24 12 21 24 5 16 18 25 24 5 16 4 3
split_gain=126.85 76.787 53.1846 63.8957 53.5462 87.9036 60.4424 61.2764 45.8811 78.5993 45.077 43.9348 80.5402 42.3623 39.6592 42.2198 38.4044 37.1449 36.7327 49.7812 39.7535 36.3891 34.6813 34.1564 38.0855 63.3423 41.4439 46.3835 33.8486 33.642
threshold=-1.6327264212965138 0.2426137068469135 31.843850000000007 -0.61913973745509387 0.18091678295346317 -2.4886904524256628 9.6695000000000011 -0.96234030595689413 -0.54939360607974019 9.8615000000000013 0.22451147632136767 2.5470776041410486 -0.15207348400340251 -0.99966479353140603 0.69717335026708771 1.0000000180025095e-35 26.821530443686584 0.63670430569443026 9.2643500000000021 -2.7668748132073575 0.41886391893847991 31.443750000000005 24.058702066116012 -0.47636647011969208 -0.79382744783423187 0.43442111757849838 31.634150000000002 11.571975000000002 26.234200000000005 10.443500000000002
decision_type=2 2 10 2 2 2 2 2 2 2 2 2 2 2 2 2 2 2 2 2 2 10 2 2 2 2 10 2 10 2
left_child=1 2 3 29 5 -5 -7 13 9 21 14 -10 -13 -8 15 16 -2 -16 19 20 -4 -6 -9 24 25 28 -27 -28 -17 -1
right_child=10 -3 18 4 8 6 7 22 11 -11 -12 12 -14 -15 17 23 -18 -19 -20 -21 -22 -23 -24 -25 -26 26 27 -29 -30 -31
leaf_value=0.0026873455022871666 -0.0026629448981066984 -0.0029453060553203303 0.021198375725964815 0.012611946781108481 -0.0048774240202032245 0.0016036434823326685 0.033239717087484744 -0.00097486206361341765 0.0025454455877189147 0.0034190219417230875 -0.0064494233527352587 0.0038366226120458259 -0.033014642398915613 -0.030729931318137147 -0.002402810557136259 0.0012268039034188788 0.050235680326336227 -0.010111652829494605 0.0055158345294125206 0.0045502763725634773 -0.012979115752247587 -0.032173278155564838 -0.024059832834154242 -0.0018204002068056186 0.0015220040787711419 0.0055714752202300939 -0.0056283726098055294 -0.02355547866671737 -0.008046627085911329 0.010307756922479597
leaf_weight=1758.968746393919 21.825644105672836 2383.4494206011295 32.961176812648773 159.01540705561638 67.704038858413696 212.02054274082184 8.9084261655807477 199.54874610900879 3274.7374584674835 219.59270498156548 1416.8851816356182 129.61760070919991 89.529682964086533 236.5187146961689 3887.19175735116 2283.6750475466251 27.170699805021286 656.99642971158028 6279.1041828095913 577.71143683791161 319.81249934434891 126.49965155124664 81.957520723342896 9972.092249751091 9243.8284107148647 114.47327622771263 269.03447020053864 251.66303917765617 418.25060847401619 740.73563566803932
leaf_count=1648 16 2087 38 351 38 416 20 442 1970 124 1354 75 60 516 6123 2541 61 608 5376 589 217 71 184 9806 7838 209 151 142 513 877
internal_value=-1.58672e-05 0.00204433 0.00286381 0.00105956 -0.000964029 -0.00756568 -0.0119189 -0.0173526 0.000554552 -0.00887898 -0.00123474 0.00167403 -0.0113 -0.0282825 -0.000962338 -0.000448116 0.0270898 -0.00351933 0.00469162 -0.00087027 -0.00973487 -0.022731 -0.00775718 -0.00050914 0.000530274 -0.00221647 -0.0107331 -0.0143214 -0.000211143 0.00494872
internal_weight=45461.5 16898.4 14514.9 7305.35 4805.65 897.969 738.954 526.933 3907.68 413.796 28563.1 3493.88 219.147 245.427 27146.2 22602 48.9963 4544.19 7209.59 930.485 352.774 194.204 281.506 22553 12580.9 3337.1 635.171 520.698 2701.93 2499.7
internal_count=44461 15099 13012 6792 4267 1929 1578 1162 2338 233 29362 2105 135 536 28008 21277 77 6731 6220 844 255 109 626 21200 11394 3556 502 293 3054 2525
is_linear=0
shrinkage=0.03


Tree=82
num_leaves=31
num_cat=0
split_feature=48 5 21 9 23 9 9 24 21 18 43 24 47 24 8 28 5 24 11 3 24 25 8 3 24 48 25 42 24 24
split_gain=120.605 68.05 66.2831 54.5169 52.0845 75.5326 75.5589 49.2337 67.4689 48.8756 47.6707 44.939 53.6628 151.495 66.3633 62.0774 59.6816 45.8767 56.6818 44.3109 51.313 42.8793 129.923 84.2871 93.6723 73.4859 48.3296 61.6941 98.9095 98.0557
threshold=0.32104015770704591 31.903650000000003 0.69717335026708771 12.487450000000001 -0.3794095225512602 9.2636500000000019 11.032450000000003 -0.72696319516528884 -4.6699810456095117 -3.209361959195602 -0.032118441314856937 0.63670430569443026 12.833900000000002 0.12225609522135446 9.3512500000000021 20.61955 31.823650000000004 1.0000000180025095e-35 21.644650000000002 8.5935000000000006 -0.76694339346796603 -0.94426098523567992 9.7992500000000025 9.6375000000000011 0.22386011952790016 0.15323166544842406 -0.79382744783423187 0.33538854923674394 0.43442111757849838 0.3873823162447298
decision_type=2 10 2 10 2 10 10 2 2 2 2 2 2 2 10 2 8 2 2 2 2 2 10 2 2 2 2 2 2 2
left_child=2 3 7 4 5 -2 -7 8 -1 -3 -9 12 16 14 -14 -15 -4 -16 -19 -6 -21 22 25 -24 -25 -12 27 28 29 -23
right_child=1 9 11 -5 19 6 -8 10 -10 -11 21 -13 13 15 17 -17 -18 18 -20 20 -22 26 23 24 -26 -27 -28 -29 -30 -31
leaf_value=0.038547565087104836 -0.050251565643597312 0.013283946901786853 0.0087737971810433902 0.0066155890571550097 -0.0068592125223502888 0.0066046920768761067 -0.0094145671691136332 0.024529343344271093 0.001904267413749631 0.0045875165149501544 0.041622750547544766 -0.010306395464265117 -0.029356428768383101 -0.013713184720054776 -0.0030151437584686599 -0.041508705853663209 -0.0021193192183476431 0.055389015502609572 0.005177165720980462 -0.015808608774575517 0.0047408534542318194 -0.0025217793496721268 0.0029924038791968276 -0.0043482839963477644 -0.034353453793425998 0.0072471648708819164 -0.00061153590434897013 -0.011100243057386515 -0.0071889254591414875 0.011214787281725973
leaf_weight=44.542130827903748 32.070334196090698 818.23894330859184 598.64623832702637 1306.866118490696 430.2769837975502 388.85280212759972 827.14736947417259 65.922353625297546 6519.6316892802715 2012.4134708046913 57.013927459716797 789.73197957873344 81.512099415063858 168.36925452947617 1969.6530252099037 127.83591547608376 1845.8259015083313 24.943593263626099 93.093053430318832 114.47327622771263 2076.9995605051517 1384.3694261312485 1902.8398289680481 1894.8222454190254 97.547266513109207 1636.4778866171837 14599.128800153732 907.32320496439934 2021.7673182785511 705.10193100571632
leaf_count=88 18 460 1062 744 243 219 465 148 8829 1143 113 756 183 378 4176 287 1675 56 209 65 1180 1983 1881 2238 219 1082 11437 1089 1515 560
internal_value=2.37019e-05 0.00336596 -0.000689352 0.00132037 -0.000469107 -0.005511 -0.00429071 -0.000155901 0.00215875 0.00710514 -0.000757165 -0.00366851 -0.00259896 -0.00572101 -0.00296744 -0.0258084 0.00055088 -0.00192354 0.0161641 0.00193225 0.00366072 -0.000824267 0.00149379 -0.00152249 -0.00583385 0.00842835 -0.00148468 -0.00402405 -0.00246006 0.00211684
internal_weight=45543.4 8007.34 37536.1 5176.69 3869.82 1248.07 1216 31836.5 6564.17 2830.65 25272.3 5699.61 4909.88 2465.41 2169.2 296.205 2444.47 2087.69 118.037 2621.75 2191.47 25206.4 5588.7 3895.21 1992.37 1693.49 19617.7 5018.56 4111.24 2089.47
internal_count=44501 4537 39964 2934 2190 702 684 31182 8917 1603 22265 8782 8026 5289 4624 665 2737 4441 265 1488 1245 22117 5533 4338 2457 1195 16584 5147 4058 2543
is_linear=0
shrinkage=0.03


Tree=83
num_leaves=31
num_cat=0
split_feature=18 33 9 21 18 33 21 24 47 24 34 12 42 25 25 3 43 21 22 32 5 3 43 21 31 25 3 25 21 19
split_gain=124.117 57.9023 63.2123 61.3716 51.1619 50.5986 45.2155 42.1154 44.321 85.3606 83.3843 73.7988 48.1898 46.5804 74.179 62.2096 46.3654 42.2652 47.1995 39.6755 33.3194 33.5731 33.2677 32.8133 32.0525 29.6464 27.7303 28.8986 27.6998 27.3259
threshold=-2.2782056928236032 0.27599739672685247 1.0000000180025095e-35 -2.3393047470033568 -0.7363786012600525 0.047323228968593097 -5.7239223525402076 -0.77786766366919291 12.689828925620192 0.13930990466364487 13.600008057851761 19.146564876033718 0.43368323912792711 -0.99052477729077237 -0.9575230291762723 9.100500000000002 0.24580915538362355 -2.8094976192285332 0.25881904510252091 19.432600000000004 31.385250000000003 8.5455000000000023 -0.0041826996636213877 1.2144503507746622 20.250450000000004 -0.70289845916694649 9.0385000000000009 -0.93845867424155849 0.90826302826061511 6.2500513465346552
decision_type=2 2 10 2 2 2 2 2 2 2 2 2 2 2 2 2 2 2 2 2 10 2 2 2 2 2 2 2 2 2
left_child=5 4 3 25 7 -1 -6 -2 13 11 -11 -10 -12 17 20 -16 -13 18 -9 -19 21 -15 -7 -18 29 -3 27 -5 -28 -24
right_child=1 2 -4 26 6 22 -8 8 9 10 12 16 -14 14 15 -17 23 19 -20 -21 -22 -23 24 -25 -26 -27 28 -29 -30 -31
leaf_value=0.0052834420183720957 0.0034196005126370705 0.043115398600153232 -0.0087602804266200436 0.039263051650853274 0.030923013315403744 0.028405746469269005 -0.0018541982922723706 -0.03425429284384672 0.010730442777618098 -0.00163760647093585 -0.026521850040046206 0.0069546130681155264 -0.079553520019560439 -0.039280337700469091 -0.0031713230461444435 0.0020364756590090468 -0.0049480110969117403 -0.027670347522232155 -0.0044530275441856384 -0.00090091406941257752 0.0085935477101595631 -0.00016350456694524891 -0.0014795733574408353 -0.023462166147279848 0.0066826526008802421 -0.010380901263562264 0.0013659712249002877 0.0017609281105299625 -0.020378213376841526 0.0045323359610529197
leaf_weight=4579.8218917250633 3663.1448392868042 47.214658677577972 1493.9430679678917 27.616121113300323 36.96996858716011 38.306232511997223 16130.932679325342 87.302576422691345 363.01836624741554 152.33408743143082 161.24251359701157 293.08722084760666 16.480588406324387 21.380222797393799 3261.3748192191124 5620.7714891731739 1527.3496660888195 52.114293068647385 105.11942875385284 807.10341060161591 1456.9730993807316 167.92383322119713 3403.4642165601254 90.420525580644608 691.29387044906616 11.135532706975935 175.05057415366173 52.559714376926422 74.385358482599258 849.41843488812447
leaf_count=3880 4393 103 840 62 65 86 17168 49 815 342 362 613 37 12 2282 4246 2529 30 59 453 838 119 2844 203 526 22 393 118 167 773
internal_value=-2.94083e-05 -0.000838475 -0.0059595 0.00482039 -0.000554984 0.0030076 -0.00177734 0.000552399 -0.00018827 -0.00372393 -0.0179568 -0.00165102 -0.0318572 0.000607023 0.00120852 0.000124118 -0.0040076 -0.00541023 -0.0180812 -0.00255484 0.00705555 -0.0047646 0.000915045 -0.00599666 0.000696353 0.0329033 -0.000235527 0.0150029 -0.00517393 -0.000278045
internal_weight=45459.3 35896.9 1881.91 387.962 34015 9562.3 16167.9 17847.1 14184 2603.93 330.057 2273.88 177.723 11580.1 10528.4 8882.15 1910.86 1051.64 192.422 859.218 1646.28 189.304 4982.48 1617.77 4944.18 58.3502 329.612 80.1758 249.436 4252.88
internal_count=44429 36320 1705 865 34615 8109 17233 17382 12989 4901 741 4160 399 8088 7497 6528 3345 591 108 483 969 131 4229 2732 4143 125 740 180 560 3617
is_linear=0
shrinkage=0.03


Tree=84
num_leaves=31
num_cat=0
split_feature=48 18 21 24 45 18 4 3 24 33 9 21 49 9 33 18 4 3 24 43 24 33 49 24 32 49 46 24 48 9
split_gain=111.026 67.208 51.7841 48.7222 42.8319 75.9249 40.9478 61.4867 48.426 42.4837 100.343 51.4054 38.7863 56.7098 36.542 34.6578 34.187 33.0773 38.5364 31.7399 29.991 27.103 29.3396 30.898 94.7369 48.8188 34.6712 28.6538 74.6661 43.3551
threshold=0.32104015770704591 -2.8724210924092399 0.42732711443733612 -0.94705910369513524 -0.3515796515821793 -2.9830697227722758 1.0000000180025095e-35 9.7715000000000014 -0.30163705152652742 0.22451147632136767 12.927750000000001 -3.03617716849979 31.872750000000003 12.532500000000001 0.27599739672685247 -0.47636647011969208 29.727150000000005 9.6585000000000019 0.35544221683359195 0.24865524546375614 0.90755741412753221 0.018951200489680738 31.911850000000005 0.33931202449298198 17.558400000000002 31.574650000000002 0.31401229720032553 0.43442111757849838 0.14400231054220547 8.6808500000000013
decision_type=2 2 2 2 2 2 10 2 2 2 8 2 2 10 2 2 8 2 2 2 2 2 2 2 2 2 2 2 2 8
left_child=2 12 3 -1 19 -6 7 -5 -9 15 -11 -12 13 -2 -3 21 20 18 -13 -4 -7 -8 23 25 27 -23 -27 -25 -29 -30
right_child=1 14 4 6 5 16 9 8 -10 10 11 17 -14 -15 -16 -17 -18 -19 -20 -21 -22 22 -24 24 -26 26 -28 28 29 -31
leaf_value=0.005518858723685521 -7.3533757629134629e-05 0.0018628606517584151 0.0045291761444157157 0.051555618065769269 -0.030156255494399639 -0.0026467451915986335 0.0019722799481630385 0.027328560698005034 -0.036122025547444307 -0.0070563203376444606 0.036035101813782777 0.020406997497106564 0.011159636020296484 0.018450415852744137 -0.011757920261983312 -0.0016381383843508644 -0.021559076642043144 -0.0029601308191874107 -0.008211493129725092 -0.037986427812622285 -0.011877706179928 8.5670910846426181e-05 -0.0033222729095619299 0.0067379827510129515 -0.022987496590527654 0.0095770898547522399 -0.0024718033202607388 0.00058231731900839712 -0.027026389445296853 -0.0033017948307040358
leaf_weight=1284.149631768465 835.6103743314743 5504.5165277123451 764.34296500682831 32.961176812648773 95.765581279993057 6122.3158822953701 7698.2164709866047 21.825644105672836 19.598537564277649 2106.3973668515682 50.778029143810272 162.13335621356964 1222.2360699176788 179.95020854473114 182.17731508612633 9108.8657543063164 90.865946888923645 248.99051132798195 56.568506151437759 15.144324481487272 333.17513859272003 3470.277412801981 2360.2875125706196 396.42496436834335 182.62273639440536 991.06241092085838 273.93410459160805 1422.2302373349667 153.22493004798889 126.49965155124664
leaf_count=2883 472 3127 903 56 170 9380 6696 31 14 1183 114 361 689 101 103 8396 204 556 127 34 187 3726 1402 353 239 1007 426 1366 86 110
internal_value=-6.8644e-05 0.00315819 -0.000748995 -0.00019666 -0.00299377 -0.00377454 -0.000450957 0.0216305 -0.00283491 -0.000508722 -0.00414656 0.00766581 0.00756119 0.0032237 0.00142452 -0.00014389 -0.00338406 0.0045154 0.013001 0.00365555 -0.00312493 0.000653294 -0.000429696 0.000543707 -0.00232407 0.00192533 0.00696802 -0.000515632 -0.00220813 -0.0163474
internal_weight=45513.1 7924.49 37588.7 30167 7421.61 6642.12 28882.9 74.3854 41.4242 28808.5 2624.87 518.47 2237.8 1015.56 5686.69 26183.6 6546.36 467.692 218.702 779.487 6455.49 17074.8 9376.56 7016.28 2281 4735.27 1265 2098.38 1701.95 279.725
internal_count=44502 4492 40010 29132 10878 9941 26249 101 45 26148 2341 1158 1262 573 3230 23807 9771 1044 488 937 9567 15411 8715 7313 2154 5159 1433 1915 1562 196
is_linear=0
shrinkage=0.03


Tree=85
num_leaves=31
num_cat=0
split_feature=42 41 21 16 31 3 6 44 7 5 21 6 21 34 9 3 8 22 21 6 22 32 3 9 3 23 49 31 9 41
split_gain=95.7364 56.5779 119.65 47.5467 44.265 46.3091 50.0432 44.0533 57.5503 46.2094 42.3081 41.9936 43.9796 43.32 40.3729 34.3481 31.2553 49.2253 38.9194 35.4993 55.1078 41.7395 28.1206 27.8458 27.4353 35.6528 32.9888 28.879 31.2948 54.1352
threshold=0.49918675741146629 9.4473500000000019 -1.2225250661764659 19.658570661157274 9.1869500000000013 8.6905000000000019 7.1452500000000017 3.1181085551315517 31.917650000000005 31.84065 -5.7239223525402076 13.763950000000003 -1.8363747386573566 15.641796694215133 8.3628000000000018 9.959500000000002 11.841700000000001 0.78656609248549325 -3.7713643697928796 11.720300000000002 0.25881904510252091 17.009775000000005 10.554500000000003 8.700350000000002 9.1505000000000027 0.37940952255126048 32.034450000000007 20.250450000000004 9.8801500000000022 11.671950000000001
decision_type=2 2 2 2 2 2 10 2 10 10 2 10 2 2 10 2 10 2 2 10 2 2 2 10 2 2 2 2 8 2
left_child=4 2 -2 -3 5 23 -7 8 9 10 -6 12 13 16 -13 -4 19 18 -18 21 -21 -11 -12 -1 -5 26 27 28 -26 -30
right_child=1 3 15 24 7 6 -8 -9 -10 11 22 14 -14 -15 -16 -17 17 -19 -20 20 -22 -23 -24 -25 25 -27 -28 -29 29 -31
leaf_value=-0.0069163210775080117 0.011285642533752695 0.014780055263039341 -0.0055400335245363499 0.00061870383491292478 0.026509984421591002 -0.0055634548033780141 0.00030226380065373173 -0.0028347526048212784 0.0034557004465474673 -0.0048684144218610467 5.3020304696628501e-05 -0.02965832862149714 -0.0018415561553794633 0.0005001840352773986 0.0066138580530751365 -0.04163925700434791 -0.044687879948754908 0.0061269786237683494 -0.011240805129774762 -0.013374411644956849 0.011803018863704948 -0.023589129231304403 0.0040596573777603225 -0.023199319512540704 0.0048427713828555017 0.0090352499866550653 0.010728061255022757 0.0053255989820274238 -0.022050503094373498 -0.0015238394212612485
leaf_weight=888.17008870840073 110.46448445320129 342.08356475830078 32.961176812648773 2200.8266842067242 55.232242226600647 1966.0896547436714 3912.5807719230652 4326.82258862257 4671.133259922266 204.4483805000782 16040.957575052977 28.061542421579361 3333.5330711603165 354.55536139011383 562.12169104814529 86.857155114412308 81.957520723342896 39.197075128555298 51.668871760368347 163.91504144668579 147.87987434864044 225.828603297472 1747.387792378664 105.11942875385284 459.67479014396667 1229.8082321584225 408.00591838359833 996.40746662020683 137.18976294994354 709.5561440885067
leaf_count=596 62 303 32 1479 88 1234 2499 8151 5462 117 14815 63 2972 388 320 186 46 31 74 95 83 132 2288 59 258 976 229 974 101 420
internal_value=8.23508e-05 0.00339038 -0.0111919 0.00390997 -0.000488565 -0.00267317 -0.00166011 -1.98636e-05 0.000419792 -0.000195919 0.000528963 -0.00268622 -0.0036523 -0.00840207 0.00484197 -0.0318367 -0.0118488 -0.0233165 -0.0319346 -0.00915027 -0.00143356 -0.0147258 0.000446807 -0.00866114 0.00330219 0.00480036 0.00287652 0.00148136 -0.00145247 -0.00487166
internal_weight=45620.5 6713.84 230.283 6483.55 38906.7 6871.96 5878.67 32034.7 27707.9 23036.7 17843.6 5193.17 4602.98 1269.45 590.183 119.818 914.895 172.823 133.626 742.072 311.795 430.277 17788.3 993.29 6141.47 3940.64 2710.83 2302.83 1306.42 846.746
internal_count=44533 5020 280 4740 39513 4388 3733 35125 26974 21512 17191 4321 3938 966 383 218 578 151 120 427 178 249 17103 655 4437 2958 1982 1753 779 521
is_linear=0
shrinkage=0.03


Tree=86
num_leaves=31
num_cat=0
split_feature=18 33 45 25 33 48 41 22 25 19 21 25 34 41 25 23 25 25 3 49 25 33 49 21 19 33 3 3 25 25
split_gain=125.67 73.864 47.5845 47.5292 43.0955 42.3331 67.8969 43.6673 49.6472 52.1816 42.8212 49.0087 63.3244 56.3791 45.0722 40.043 40.127 64.9246 61.5201 75.1436 37.9507 37.7362 36.8052 35.7546 34.841 33.7239 33.148 44.7635 69.9186 38.1857
threshold=-1.3561854323432347 0.21654211310966817 -0.61109962911184723 -0.59867820553660911 0.045187110994398282 0.1731610073759054 8.6098500000000016 0.78656609248549325 -0.99938741687870725 3.4120786039327844 1.4187925717434278 -0.9937528315903793 13.977593181819085 9.485100000000001 -0.99168640063982161 0.60355339059327384 -0.95998493203694346 -0.98801846520836312 9.781500000000003 31.927750000000007 -0.99864786094873803 0.11170801560320683 31.961450000000003 -4.6699810456095117 3.5311496237620292 1.0767677757994056 8.4555000000000025 9.6205000000000016 -0.71502926860092908 -0.96234030595689413
decision_type=2 2 2 2 2 2 2 2 2 2 2 2 2 2 2 2 2 2 2 2 2 2 2 2 2 2 2 2 2 2
left_child=1 2 -1 5 23 6 -4 8 9 -7 14 13 -13 24 -8 16 17 18 20 -20 -10 -17 -21 -2 -12 -6 -16 -28 29 -29
right_child=4 -3 3 -5 25 7 10 -9 15 -11 11 12 -14 -15 26 21 -18 -19 19 22 -22 -23 -24 -25 -26 -27 27 28 -30 -31
leaf_value=0.01223597488525926 0.026000441046747067 -0.002394147043811959 0.0056112594158227629 0.0069819233910913747 -0.0039492875954664601 -0.030368429549724137 0.013509319786071066 0.0061930262435192273 0.020588270321649102 -0.0033346054707540126 -0.059768532607575607 -0.0013443585470334599 -0.039041676152974325 0.02546049135417312 -0.026987220552411786 0.0064608989649479528 -0.0013588072929863124 0.0087364801261172083 -0.032659489106570461 0.0093737416779405957 0.00063946423549020672 -0.0029263557047388561 -0.014782604175679523 -0.00074211016640036184 -0.0039828411558457217 0.022239737298448786 0.0027965527597239152 -0.020271934363777108 0.011826148101713242 -0.0063467769804465227
leaf_weight=450.76636397838593 44.09670951962471 3114.38578748703 958.54665541648865 1791.9299232065678 5227.4644739627838 76.612465023994446 147.87987434864044 2491.2413772046566 98.438109129667282 375.49016287922859 13.362639248371122 64.586089700460434 105.11942875385284 46.323816061019897 52.114293068647385 2521.0846048593521 3346.0048677921295 1161.6587719917297 107.79195660352707 116.70038276910782 627.5986233651638 454.32973444461823 108.68279922008514 20161.104676634073 34.297440737485886 43.651288211345673 748.753219217062 225.828603297472 160.79709228873253 819.12978592514992
leaf_count=577 75 2822 1258 2532 4944 43 329 1531 62 267 30 127 236 104 42 1559 1986 727 104 67 389 291 61 20936 77 44 1066 459 361 1488
internal_value=8.87864e-05 0.0018547 0.0026284 0.00236764 -0.00131276 0.00181087 -0.00114175 0.00267896 0.00170506 -0.00797262 -0.00381979 -0.0152079 -0.0247868 0.00216742 -0.00241958 0.00221813 0.000716187 0.00384162 -0.00152985 -0.0121828 0.00336878 0.00502701 -0.00228862 -0.000682462 -0.0205305 -0.00372823 -0.00359962 -0.00296254 -0.00653819 -0.00937268
internal_weight=45695.8 20219.5 17105.1 16654.3 25476.3 14862.4 3376.74 11485.6 8994.39 452.103 2418.19 263.689 169.706 93.9839 2154.5 8542.29 5566.88 2220.87 1059.21 333.175 726.037 2975.41 225.383 20205.2 47.6601 5271.12 2006.62 1954.51 1205.76 1044.96
internal_count=44594 18595 15773 15196 25999 12664 5577 7087 5556 310 4319 574 363 211 3745 5246 3396 1410 683 232 451 1850 128 21011 107 4988 3416 3374 2308 1947
is_linear=0
shrinkage=0.03


Tree=87
num_leaves=31
num_cat=0
split_feature=14 33 22 35 25 9 40 19 25 7 9 43 3 25 35 32 8 8 6 8 42 25 23 42 33 5 8 7 34 3
split_gain=92.7453 60.545 42.1867 44.1274 40.6631 46.9283 40.1722 33.0984 29.3124 29.6119 37.5919 46.1428 45.1882 41.6855 37.9663 37.5297 41.2754 36.0289 58.4977 35.9241 72.4343 40.9026 37.6866 30.5081 29.3686 29.1168 28.9462 28.0701 27.761 87.9949
threshold=4.6421553718999142 0.012433302055366732 0.78656609248549325 0.0060249481325574698 -0.99052477729077237 10.460000000000003 17.616989691469819 5.2349135874587462 -0.59867820553660911 31.677750000000007 12.367650000000003 0.12393481906408287 10.361500000000001 -0.98372925196996197 0.22051332798306073 21.222350000000002 9.4787500000000016 11.841700000000001 13.939650000000002 9.4401500000000009 0.3761179682393202 -0.99168640063982161 -0.60355339059327384 0.3498442726958127 0.42349908146299581 31.720850000000002 10.512550000000003 31.982450000000004 17.317850000000004 9.6795000000000027
decision_type=2 2 2 2 2 8 2 2 2 10 8 2 2 2 2 2 8 10 10 10 2 2 2 2 2 10 10 10 2 2
left_child=4 -2 8 25 5 -1 -7 -5 9 28 12 13 14 15 17 -12 -17 -11 -19 20 -13 -21 27 -15 -14 -4 -23 -22 29 -3
right_child=1 2 3 7 -6 6 -8 -9 -10 10 11 19 24 23 -16 16 -18 18 -20 21 22 26 -24 -25 -26 -27 -28 -29 -30 -31
leaf_value=-0.019380151234668862 0.0050694556735249178 0.0015592203563725038 0.014512451782982837 0.0029014514970784927 -0.00089517907039913039 0.047706806617610571 -0.0037795925399918243 0.010887091942134004 0.0072349569535030654 -0.0023399413419587156 0.056179967070333951 0.0096324828077555495 0.011551846447317243 0.011856693598503444 0.00083583137431155158 -0.03136431184916548 0.025346464105686712 -0.037199073484679754 -0.0071761600419760745 0.021956366319307568 -0.020469968437466041 -0.020235954689232082 -0.014574667054571595 -0.0089149249357367236 -0.010179691410027778 -0.030445715274725178 0.0030862145547160755 -0.080135089899292508 -0.00094243902974281096 -0.016432387757784685
leaf_weight=231.61908030509949 3827.9507233500481 510.45281928777695 16.480588406324387 2201.2721055150032 27950.632515817881 13.362639248371122 269.92531281709671 592.41034001111984 467.24695238471031 1558.0837363600731 29.843227654695511 67.704038858413696 404.44254791736603 290.41469299793243 3258.2568700611591 12.471796631813048 85.075469881296158 69.485724091529846 345.64693522453308 93.093053430318832 12.471796631813051 53.895978301763535 44.542130827903748 80.621256798505783 64.140668392181396 52.114293068647385 374.59932026267052 18.707694947719574 2095.7072554528713 468.58321630954742
leaf_count=130 3383 561 19 1894 29211 18 462 499 644 876 67 152 227 652 1831 28 191 39 194 209 28 121 100 178 36 36 481 42 1618 575
internal_value=-3.21067e-07 0.00174619 0.000787065 0.0040118 -0.00104926 -0.00939507 -0.00119172 0.00459812 -0.000100275 -0.000445834 0.000650255 0.00556211 -0.000353106 0.0124533 -0.0011531 0.0271979 0.0178511 -0.00443607 -0.0122788 0.000386228 -0.0128579 0.00404573 -0.0328305 0.00733146 0.00856184 -0.0195908 0.000112475 -0.0576468 -0.00289196 -0.00705985
internal_weight=45561.3 17095.7 13267.8 2862.28 28465.5 514.907 283.288 2793.68 10405.5 9938.24 6863.5 1163.44 5700.06 498.426 5231.47 127.39 97.5473 1973.22 415.133 665.014 143.426 521.588 75.7216 371.036 468.583 68.5949 428.495 31.1795 3074.74 979.036
internal_count=44502 14681 11298 2448 29821 610 480 2393 8850 8206 5452 2249 3203 1116 2940 286 219 1109 233 1133 322 811 170 830 263 55 602 70 2754 1136
is_linear=0
shrinkage=0.03


Tree=88
num_leaves=31
num_cat=0
split_feature=48 5 21 24 4 24 4 24 9 24 24 5 47 4 42 24 48 21 3 6 4 33 15 24 24 9 19 9 21 23
split_gain=93.8648 66.6239 50.8059 47.6419 76.7309 73.3623 71.5491 120.862 61.599 96.6629 132.357 60.7856 56.0569 58.2088 52.3087 42.2852 58.7616 40.0858 39.7861 42.4724 44.0558 40.2891 35.889 38.3022 57.0782 35.8873 35.3755 52.012 74.1104 47.9328
threshold=0.32104015770704591 31.944950000000002 0.67590965679816117 0.32308142426531927 9.3085500000000021 0.17328881712428665 17.719150000000003 0.35544221683359195 8.3979000000000017 0.43442111757849838 0.3873823162447298 31.997350000000001 14.612210520841179 19.825800000000005 0.19607028876840851 0.48030317736429479 0.11030522515338782 -3.7713643697928796 9.7315000000000023 25.472700000000003 25.208800000000004 0.27599739672685247 23.033892871287133 -0.59176244063315286 -0.52032787705993211 8.855850000000002 0.19689648850335575 9.822750000000001 -4.405824430663059 -0.60355339059327384
decision_type=2 10 2 2 10 2 8 2 10 2 2 10 2 10 2 2 2 2 2 8 10 2 2 2 2 10 2 10 2 2
left_child=2 18 3 4 -1 26 8 -8 14 10 11 -10 13 -7 -5 25 -17 -16 21 -20 -21 22 -2 -24 -25 -11 -6 28 -28 -29
right_child=1 -3 -4 6 5 12 7 -9 9 15 -12 -13 -14 -15 17 16 -18 -19 19 20 -22 -23 23 24 -26 -27 27 29 -30 -31
leaf_value=0.036898401748665717 0.010738837611450879 0.0074448550114533159 -0.0031294206195917459 -0.00070471591714898639 -0.0024369890054431916 0.0081356001395497465 0.0010052322141404604 -0.030027850388538915 -0.0064703425490194397 -0.018735430851338518 0.011901996629584206 -0.045747064595297475 -0.030896467510469205 -0.013114524950062056 0.03661068182139892 -0.020312961672754416 -0.0014276021660698127 0.0059643746448730679 0.0069544555513469091 -0.035305381825081909 3.703890540698591e-05 -0.016907625889232503 0.0033415937267992635 -0.011557700229208337 -5.9183648864730188e-05 0.011402809260700225 0.023892422392687705 -0.0055187724151150594 0.0017319781391498239 0.00036600787650545226
leaf_weight=51.668871760368347 248.54509001970291 2236.4603888690472 5747.2711407244205 6493.7972534000874 3986.5207090973854 1839.1445818841457 243.20003432035446 209.79343619942665 470.36490154266357 539.85062563419342 536.28725516796112 37.415389895439148 35.188283354043961 122.93628108501434 39.642496436834335 195.98537564277649 600.42792356014252 720.2462554872036 1656.0764241814613 32.070334196090698 791.06824350357056 134.07181379199028 1070.3474037945271 579.04770076274872 1176.803096473217 37.415389895439148 136.74434164166451 1854.288906365633 9765.8621840178967 3790.980754762888
leaf_count=83 141 1268 8838 4364 5323 1357 255 276 264 303 301 21 79 237 83 110 337 1152 931 18 447 76 615 325 668 21 250 1049 13096 2142
internal_value=9.31497e-05 0.00305921 -0.000534456 -6.40149e-05 0.000732434 0.000643938 -0.0017618 -0.0134015 -0.00121528 -0.00536124 0.00151905 -0.00944864 0.00611891 0.00679815 0.000167167 -0.0105879 -0.00609465 0.00760917 0.00133383 0.00418748 -0.00138111 -0.000871588 -0.000167079 -0.00112964 -0.00385561 -0.0167657 8.38719e-05 0.000730343 0.00204037 -0.00156759
internal_weight=45379.5 7924.49 37455 31707.8 21583.3 21531.7 10124.4 452.993 9671.43 2417.75 1044.07 507.78 1997.27 1962.08 7253.69 1373.68 796.413 759.889 5688.03 2479.22 823.139 3208.82 3074.74 2826.2 1755.85 577.266 19534.4 15547.9 9902.61 5645.27
internal_count=44430 4489 39941 31103 23616 23533 7487 531 6956 1357 586 285 1673 1594 5599 771 447 1235 3221 1396 465 1825 1749 1608 993 324 21860 16537 13346 3191
is_linear=0
shrinkage=0.03


Tree=89
num_leaves=31
num_cat=0
split_feature=48 5 21 43 24 4 24 4 24 4 47 9 24 24 36 24 22 3 24 47 24 8 4 5 5 22 5 9 6 16
split_gain=82.4816 58.0545 50.4762 45.2228 39.0563 81.2908 123.505 76.4087 69.975 65.8811 67.1478 55.6739 63.6697 85.2816 42.0711 40.238 64.569 39.9843 38.672 47.6227 129.343 69.7063 54.9742 54.9676 44.4956 38.4255 38.4052 76.6066 58.1925 65.305
threshold=0.32104015770704591 31.90915 0.80176173454518829 -0.032118441314856937 0.32308142426531927 17.719150000000003 0.35544221683359195 9.3085500000000021 0.17328881712428665 20.038500000000003 13.60791322314059 8.4692000000000025 0.43442111757849838 0.3873823162447298 4.9715499999999997 0.48030317736429479 0.60355339059327384 9.4635000000000016 0.63670430569443026 12.833900000000002 0.12225609522135446 9.3512500000000021 21.192550000000004 31.816350000000003 31.836950000000005 0.12940952255126045 31.869650000000004 10.351950000000002 14.517600000000002 14.300925000000001
decision_type=2 8 2 2 2 8 2 10 2 10 2 10 2 2 2 2 2 2 2 2 2 10 10 10 8 2 8 8 8 2
left_child=2 -2 3 -1 7 11 -7 -5 26 10 -10 14 13 -13 -6 16 -14 -12 19 24 21 -21 -22 -24 -4 -17 28 -28 29 -9
right_child=1 -3 18 4 5 6 -8 8 9 -11 17 12 15 -15 -16 25 -18 -19 -20 20 22 -23 23 -25 -26 -27 27 -29 -30 -31
leaf_value=0.022739415673166112 0.00087129871400456853 0.0062588053262464258 0.0075386421109501361 0.035525597825968092 -0.00064993887879133926 0.00053630188463515461 -0.030891360846619271 -0.015425929796657269 0.0082451833585032025 -0.0160795201290263 0.026983050361751127 -0.0088802403075448968 -0.023505356680330783 0.0097387263875819263 0.0077944128444355351 0.0015151444599881285 -0.0010486815674180874 -0.031339596685877651 -0.010693980221362682 -0.029475282427126229 -0.015931970932437589 -0.0015847968334966318 -0.029426930161930303 -0.085478446552804746 -0.0019363712252722966 -0.012302713811907354 -0.0077676598855876697 0.00046123566953132751 0.00019056411574133546 0.014809618280100917
leaf_weight=76.167043715715408 5241.272534519434 2741.1227311491966 605.77297925949097 54.786820918321609 7185.0911238491535 239.63666385412216 211.12970012426376 74.385358482599258 1796.8295575976372 116.25496146082878 12.02637532353401 431.16782641410828 352.77367615699768 452.99347051978111 572.36638113856316 368.80884325504303 171.04178237915039 59.241034001111984 579.93854337930679 83.293784648180008 209.79343619942665 1869.8786521553993 60.131876617670059 21.380222797393799 1683.2471239864826 354.55536139011383 1641.3775210082531 2678.7637479901314 15140.761111021042 441.41251650452614
leaf_count=171 2971 1552 1060 78 5241 262 282 47 1289 225 27 242 198 255 709 207 96 133 567 187 471 4006 135 48 1487 199 922 4343 16484 595
internal_value=-4.72227e-05 0.0027219 -0.000636019 -0.000199198 -0.000253898 -0.00177474 -0.0142196 0.000460401 0.000371309 0.00574286 0.00710878 -0.00120608 -0.00549931 0.000659274 -2.59672e-05 -0.00986234 -0.0161885 -0.0212605 -0.00340594 -0.00247148 -0.00557558 -0.00278867 -0.0241881 -0.0449867 0.000573321 -0.00526528 -0.000162525 -0.00266629 0.00052847 0.0104278
internal_weight=45527.4 7982.4 37545 32431.6 32355.4 10339.6 450.766 22015.8 21961.1 1984.35 1868.1 9888.8 2131.34 884.161 7757.46 1247.18 523.815 71.2674 5113.44 4533.5 2244.48 1953.17 291.306 81.5121 2289.02 723.364 19976.7 4320.14 15656.6 515.798
internal_count=44489 4523 39966 32005 31834 7691 544 24143 24065 1674 1449 7147 1197 497 5950 700 294 160 7961 7394 4847 4193 654 183 2547 406 22391 5265 17126 642
is_linear=0
shrinkage=0.03


Tree=90
num_leaves=31
num_cat=0
split_feature=42 8 9 45 3 43 33 14 9 21 33 3 6 5 46 21 45 32 31 41 3 8 4 22 42 3 21 4 3 9
split_gain=82.353 69.7246 98.6913 51.1744 42.0959 38.0908 37.7033 49.8699 46.2904 130.046 42.2532 36.7042 37.2645 61.3232 41.2876 39.2998 36.3034 37.8599 69.2904 39.2963 37.4767 48.0944 87.7371 34.9607 39.8451 33.8788 32.9036 32.8415 32.0295 30.0046
threshold=0.50328949898104358 9.4787500000000016 9.0426500000000019 -0.52673293864340842 10.902500000000002 -0.032118441314856937 0.037573767444857721 1.0518487603304731 13.394550000000001 -2.853845107230716 0.4952507364961713 8.7045000000000012 17.602250000000002 31.436750000000004 0.171937977150041 -1.855969035871526 0.22226262035652108 14.697100000000002 11.603222314049857 9.4473500000000019 9.5775000000000023 11.662550000000001 18.318450000000002 0.12940952255126045 0.47740223785903796 10.074500000000002 -4.1994689363225675 15.546850000000001 8.6905000000000019 11.032450000000003
decision_type=2 8 10 2 2 2 2 2 8 2 2 2 8 8 2 2 2 2 2 2 2 8 10 2 2 2 2 10 2 10
left_child=5 2 -2 -3 -4 -1 7 26 10 27 11 -8 14 -14 -13 29 17 -11 19 -19 -20 22 -22 24 -24 -25 -7 -10 -9 -15
right_child=1 3 4 -5 -6 6 8 28 9 16 -12 12 13 15 -16 -17 -18 18 20 -21 21 -23 23 25 -26 -27 -28 -29 -30 -31
leaf_value=0.019894734135123888 -0.033964388336743458 0.01624564964651673 -0.0056579209594786956 0.0031658383032955656 0.030764591383143497 0.0245974714698655 -0.0066059716237506921 -0.0015840852516029256 0.048615118158417285 -0.0071000438378838243 -0.0092833382220156562 -0.00090928357376487013 0.0013545808777235733 -0.0094592851644961055 0.0068120031583229629 -0.0039261755988950252 -0.0065980036633582822 0.0083200864051642589 0.0053089438452642683 0.029818022218428598 0.010151291676219103 0.0017448458169869925 -0.036568150145902485 0.010404353171700596 0.021142302668053732 -0.020745441856948845 -0.0017480585773825242 0.017260293489774849 0.0018271266146495334 -0.025093646080930145
leaf_weight=81.066678106784821 107.34653529524803 281.06084552407265 110.46448445320129 5948.1561507582664 37.415389895439148 41.869602978229523 1470.7811599373817 3078.752082824707 34.297440737485886 414.24181669950485 831.15616124868393 3841.3133625984192 1362.5437820255756 634.27994298934937 742.96274220943451 1569.6646903753281 681.94002297520638 270.37073412537575 760.77959454059601 106.45569267868996 115.36411884427071 608.89092841744423 124.71796631813049 46.769237369298935 11.135532706975935 91.75678950548172 9107.9749116897583 225.38318198919296 12665.554900914431 133.62639248371124
leaf_count=182 214 217 62 4288 21 73 830 2232 71 927 468 2162 773 356 417 887 1468 607 1603 239 259 1220 280 105 25 206 11082 506 12586 75
internal_value=-2.44877e-06 0.00312817 -0.0122109 0.00375851 0.00370216 -0.000522322 -0.000565301 0.000136423 -0.00180604 0.00118885 -0.00279399 -0.00224019 -0.0014644 -0.00370354 0.0003433 -0.00665118 -0.000454827 0.00118966 0.0027997 0.0144562 0.000296342 -0.00352385 -0.0117385 -0.0209455 -0.0317179 -0.0102294 -0.00162483 0.0215721 0.00116002 -0.012209
internal_weight=45538.1 6484.44 255.226 6229.22 147.88 39053.6 38972.6 24894.2 14078.4 3492.1 10586.3 9755.17 8284.39 3700.11 4584.28 2337.57 3232.42 2550.48 2136.24 376.826 1759.41 998.635 389.744 274.38 135.853 138.526 9149.84 259.681 15744.3 767.906
internal_count=44441 4802 297 4505 83 39639 39457 25973 13484 7516 5968 5500 4670 2091 2579 1318 6939 5471 4544 846 3698 2095 875 616 305 311 11155 577 14818 431
is_linear=0
shrinkage=0.03


Tree=91
num_leaves=31
num_cat=0
split_feature=18 11 7 3 24 47 8 24 16 25 11 9 48 18 5 3 8 43 5 8 47 9 24 24 48 43 8 6 11 24
split_gain=97.5603 47.3286 52.0468 50.2551 39.8244 68.3673 53.2213 66.798 55.6356 52.8531 56.061 47.262 56.9169 50.9455 46.0945 49.7679 54.2182 37.157 46.484 41.3234 63.8994 59.1239 36.4407 52.7023 35.7642 35.7262 49.8105 33.6606 33.0004 52.8788
threshold=-2.630572699669965 28.392750000000003 31.967850000000002 9.209500000000002 0.29033824002281988 15.108950000000002 9.9328000000000021 0.25725141817891134 15.822050000000003 -0.39036009226888674 16.352150000000005 8.3979000000000017 0.11030522515338782 -1.1601506039603959 31.884950000000003 10.567500000000001 9.7142000000000017 0.11225937183383992 31.869650000000004 9.4787500000000016 10.554750000000002 10.836450000000001 0.43442111757849838 0.49531893261080817 0.32692980707466723 0.14637606693173308 11.841700000000001 9.1690000000000023 16.727700000000002 0.35544221683359195
decision_type=2 2 10 2 2 2 10 2 2 2 2 10 2 2 10 2 10 2 10 10 2 10 2 2 2 2 10 10 2 2
left_child=1 2 3 -1 6 11 9 -8 -9 10 -2 13 -13 28 22 16 -16 -4 19 20 -19 -21 -14 27 -20 26 -5 -24 -6 -30
right_child=4 -3 17 25 5 -7 7 8 -10 -11 -12 12 14 -15 15 -17 -18 18 24 21 -22 -23 23 -25 -26 -27 -28 -29 29 -31
leaf_value=0.01367915993395977 0.038505983786155148 0.012929722763187915 0.012222899542346691 -0.0026673050408874991 0.0051238888004551215 -0.0335112259554411 -0.00040496844623738967 -0.0075330641857254254 -0.057086379744227922 0.00092328542232113535 0.006682716749646312 -0.01863941377441089 -0.0028539777793090576 -0.0018872428410416891 0.0030655665774845632 -0.02270889715139356 -0.028549848760810778 -0.0038758430180054651 0.00072093593458601147 0.0085105515549328756 -0.05234655908825829 -0.0099658102501283905 -0.020645177049278231 0.0022822825624357842 0.011392303577743261 0.0015931317203299142 -0.021995924790551034 -0.003793990416444066 0.01658208862228058 -0.016362290329848858
leaf_weight=233.84618684649467 50.778029143810272 440.9670951962471 637.39789214730263 934.49390476942062 1666.3211142718792 60.577297925949097 22402.46469989419 53.00513568520546 32.515755504369736 3312.5982696712017 1361.2075181007385 251.21761786937714 807.54883190989494 6772.6309923827648 1202.1921110451221 78.394150257110596 49.887186527252197 82.84836333990097 443.63962304592133 385.73485296964645 33.852019429206848 260.12604403495789 429.38614118099213 176.38683807849884 778.59644687175751 2070.7636621892452 136.74434164166451 142.53481864929199 59.686455309391022 157.67914313077927
leaf_count=204 93 333 888 730 2175 136 26379 116 73 1959 1007 141 454 4831 677 44 28 57 330 503 76 146 241 99 437 1649 94 80 131 327
internal_value=3.33069e-05 0.00345453 0.00275589 0.000292589 -0.000530652 -0.0019818 0.000101552 -0.000506595 -0.0268157 0.0029957 0.00785359 -0.00181702 -0.00497083 -0.000673461 -0.00377512 0.000324971 0.00178412 0.00592585 0.00389848 -0.00191258 -0.0182613 0.00106514 -0.00727922 -0.0120446 0.00752263 -0.000707753 -0.00515283 -0.0164595 0.00368927 -0.00728158
internal_weight=45506 6439.01 5998.04 3375.85 39067 11854.4 27212.6 22488 85.5209 4724.58 1411.99 11793.9 3137.55 8656.32 2886.33 1330.47 1252.08 2622.2 1984.8 762.561 116.7 645.861 1555.86 748.308 1222.24 3142 1071.24 571.921 1883.69 217.366
internal_count=44438 5447 5114 2677 38991 9364 29627 26568 189 3059 1100 9228 1764 7464 1623 749 705 2437 1549 782 133 649 874 420 767 2473 824 321 2633 458
is_linear=0
shrinkage=0.03


Tree=92
num_leaves=31
num_cat=0
split_feature=14 22 24 47 21 4 36 3 25 3 9 25 24 8 35 34 27 3 27 23 3 22 25 47 6 40 21 22 24 27
split_gain=70.3906 57.7558 52.627 48.9827 44.185 41.092 39.5698 45.2599 30.7591 52.1132 70.634 125.844 89.6043 67.4605 63.2187 55.8057 50.959 50.736 43.5008 43.2175 36.4084 35.4719 34.2842 61.333 63.7728 68.6772 52.3346 37.0106 32.919 42.3716
threshold=8.4605500000000013 0.78656609248549325 -0.72696319516528884 24.444998760330851 -4.6699810456095117 29.500150000000001 1.2878851239668159 10.396500000000001 -0.93845867424155849 9.8315000000000019 9.822750000000001 -0.96234030595689413 0.036545658007091128 12.348950000000002 3.009046273661423 12.937525000000003 15.895050000000003 10.830500000000002 20.254100000000005 1.0000000180025095e-35 10.0265 0.60355339059327384 -0.99052477729077237 10.42135330578512 11.780850000000003 17.212541329803489 2.1245167742181512 1.0000000180025095e-35 0.27383534524298775 19.898800000000005
decision_type=2 2 2 2 2 10 2 2 2 2 8 2 2 10 2 2 2 2 2 2 2 2 2 2 10 2 2 2 2 2
left_child=2 -2 4 8 -1 6 -6 -8 9 16 14 12 13 -12 17 21 -4 -11 -19 -17 -14 -13 23 24 25 27 28 -18 -24 -30
right_child=1 -3 3 -5 5 -7 7 -9 -10 10 11 15 20 -15 -16 19 22 18 -20 -21 -22 -23 26 -25 -26 -27 -28 -29 29 -31
leaf_value=0.035456513838232576 0.0018003217755321228 0.010669409281981426 0.049731753614563633 -0.013343476586699123 -0.0016742418841414312 -0.015344308548307463 0.0015300057342258503 0.007411630388496588 -0.0014102023288834493 0.0072130161411254525 -0.001124810027951695 0.0047491344755016159 -0.0068335214758071146 -0.025929324087079351 -0.031688538346882657 -0.0070521365969511774 -0.018968071646720711 -0.017925534295623581 0.012453286397739917 0.013008347161563827 -0.026666077906151515 0.070548459820780146 0.0060441508215399202 0.0047512839230262321 0.0021560783555717774 -0.0084408054131779112 -0.025598890041105899 -0.056958310380489326 8.9351074222584573e-05 -0.034734441541907829
leaf_weight=33.406598120927811 2685.890488922596 875.69829207658768 19.598537564277649 285.51505860686302 2440.0179267525673 129.17217940092087 5688.4755280315876 1484.1437991857529 24171.232715070248 967.00966027379036 623.58983159065247 12.026375323534014 110.46448445320129 116.25496146082878 44.542130827903748 168.8146758377552 49.887186527252197 146.09818911552429 58.795612692832947 223.60149675607681 348.76488438248634 18.707694947719574 2679.6545906066895 792.40450742840767 368.80884325504303 338.52019429206848 51.22345045208931 44.542130827903748 509.11655536293983 32.515755504369736
leaf_count=72 2244 739 20 641 5067 290 5559 2024 20834 545 860 27 137 234 25 247 28 82 33 265 567 42 2245 837 207 190 73 25 327 73
internal_value=-6.51744e-05 0.00398337 -0.00040893 -0.000994503 0.00151878 0.00139878 0.00162534 0.00274788 -0.000883547 0.000764317 -0.00246794 -0.00656415 -0.0115255 -0.00505219 0.00299557 0.00748874 0.00264221 0.00433975 -0.00918999 0.00438248 -0.0219207 0.0457619 0.0024424 -0.00116479 -0.00701048 -0.014806 0.00419942 -0.0372971 0.00468106 -0.00206138
internal_weight=45518.5 3561.59 41956.9 32181.7 9775.22 9741.81 9612.64 7172.62 31896.2 7724.94 2838.67 1622.22 1199.07 739.845 1216.45 423.15 4886.27 1171.9 204.894 392.416 459.229 30.7341 4866.67 1594.16 801.758 432.95 3272.51 94.4293 3221.29 541.632
internal_count=44559 2983 41576 28564 13012 12940 12650 7583 27923 7089 3064 2379 1798 1094 685 581 4025 660 115 512 704 69 4005 1287 450 243 2718 53 2645 400
is_linear=0
shrinkage=0.03


Tree=93
num_leaves=31
num_cat=0
split_feature=18 33 33 31 18 28 8 35 7 35 24 8 24 35 31 4 6 42 24 32 3 46 8 47 45 8 3 3 12 6
split_gain=74.7956 52.8412 38.5141 35.7194 34.5487 27.8732 38.4402 27.8453 36.8343 27.1547 25.078 23.4157 22.9822 26.5045 38.213 32.921 28.8481 30.7048 27.0052 54.742 25.7596 31.2691 33.9316 30.8449 22.7471 21.6753 25.9032 41.1553 40.2042 21.3593
threshold=-2.2986786012326248 0.022127991325697614 0.26276989696310354 20.250450000000004 -1.0983206383546367 14.612210520841179 8.5811500000000027 0.085006540924803892 31.863350000000001 0.12969459066305269 -0.77786766366919291 12.610500000000002 -0.84315017450793706 1.9131389894516708 20.084445041323622 26.197950000000002 20.958500000000004 0.49100819010266472 0.27383534524298775 18.711650000000002 9.5055000000000032 0.3166994038439267 8.963300000000002 15.108950000000002 -0.44000121653502716 11.621050000000002 9.5575000000000028 10.224500000000001 13.085934710744237 10.284700000000003
decision_type=2 2 2 2 2 2 10 2 10 2 2 10 2 2 2 10 8 2 2 2 2 2 10 2 2 10 2 2 2 10
left_child=1 -1 4 5 7 -3 -7 10 12 -8 -2 -5 -9 15 20 18 17 -17 -14 -20 -15 22 -22 -24 25 -11 -27 28 -28 -26
right_child=2 3 -4 11 -6 6 9 8 -10 24 -12 -13 13 14 -16 16 -18 -19 19 -21 21 -23 23 -25 29 26 27 -29 -30 -31
leaf_value=0.0058076746599598165 0.0040779264468841087 -0.018894362929881042 -0.0047069161947774192 0.013345589942179605 -0.0011667467973280159 0.013174633593640061 -0.0040790430821504037 0.0053021443190636739 0.0044494176387806141 0.0068868448221104557 -0.0030260467097937239 0.0031343281091564044 0.0042217034564920059 -0.0022266055721037333 0.0098411835759392007 -0.025264099964199111 -0.0011627668324892886 0.00077701604471788993 9.2228204371235876e-05 -0.029436663030205937 0.0029381328287287241 -0.0042551478412357433 -0.036958444582865999 -0.003025622748993081 -0.0054391544144542442 0.012847383565752879 -0.041228184645983039 0.014294273051651934 -0.0055896628746277413 0.00091332820225795521
leaf_weight=2809.2721913158894 545.64110264182091 69.040302783250809 1991.9240906238556 286.4059012234211 21099.607373178005 195.53995433449745 1304.1935906410217 771.91512724757195 2838.2245763540268 837.83748087286949 2460.061885625124 684.16712951660156 2335.7893406152725 324.26671242713928 124.27254500985146 93.983896046876907 2342.025238931179 71.267409324645996 746.08069136738777 60.131876617670059 36.524547278881073 155.00661528110504 108.23737791180611 31.179491579532623 613.79056280851364 62.804404467344284 44.09670951962471 46.323816061019897 78.394150257110596 2114.8603717088699
leaf_count=2419 523 53 1832 196 21843 298 1077 1307 2844 870 2196 579 1977 293 153 61 2132 40 940 93 31 132 63 70 457 78 27 29 62 1655
internal_value=-3.96318e-05 0.00238365 -0.000653057 0.000865162 -0.00041643 -9.30257e-05 0.000155509 0.000797201 0.0015556 -0.000345918 -0.0017355 0.0061582 0.000414515 -0.000173086 -0.00535511 0.000542751 -0.00202048 -0.0140963 0.00258817 -0.00214394 -0.00824795 -0.0141233 -0.022744 -0.0294452 0.000936698 0.00464295 -0.0034686 -0.00957857 -0.0186495 -0.000517087
internal_weight=45282.9 9146.73 36136.1 6337.45 34144.2 5366.88 5297.84 13044.6 10038.9 5102.3 3005.7 970.573 7200.68 6428.77 779.487 5649.28 2507.28 165.251 3142 806.213 655.215 330.948 175.941 139.417 3798.11 1069.46 231.619 168.815 122.491 2728.65
internal_count=44330 7800 36530 5381 34698 4606 4553 12855 10136 4255 2719 775 7292 5985 742 5243 2233 101 3010 1033 589 296 164 133 3178 1066 196 118 89 2112
is_linear=0
shrinkage=0.03


Tree=94
num_leaves=31
num_cat=0
split_feature=18 33 33 18 12 35 25 47 41 25 41 3 9 41 41 23 46 22 25 7 49 7 22 31 9 19 3 19 49 7
split_gain=86.9387 37.8599 34.2125 42.2809 32.3447 34.8838 30.7943 32.3863 64.4416 78.9874 62.7304 33.6401 41.4149 46.7586 50.6477 67.9124 63.9119 47.6872 37.8662 35.0783 33.8391 33.5242 30.412 29.9306 35.5431 51.377 30.8142 32.3235 28.6915 42.4954
threshold=-2.2986786012326248 0.4952507364961713 0.024209337041899825 -0.82461596255071778 13.199211157024797 0.010516273104100684 -0.59867820553660911 11.657950000000001 9.4473500000000019 -0.99168640063982161 10.491050000000001 10.224500000000001 11.420600000000002 8.819250000000002 10.797900000000002 -0.60355339059327384 0.051328836865009574 0.60355339059327384 -0.98667386918526234 31.872350000000001 31.213950000000001 32.135450000000006 -0.9159756150367534 11.456350000000002 9.5780000000000012 2.8792838478026819 9.0575000000000028 2.9335250820712671 32.038850000000004 32.087250000000004
decision_type=2 2 2 2 2 2 2 2 2 2 2 2 8 2 2 2 2 2 2 10 2 10 2 2 10 2 2 2 2 10
left_child=1 6 3 -2 5 -3 7 11 -9 -10 -11 12 13 -1 -15 17 19 28 -14 -17 -18 22 -13 24 26 -26 -4 -28 29 -16
right_child=2 4 23 -5 -6 -7 -8 8 9 10 -12 21 18 14 15 16 20 -19 -20 -21 -22 -23 -24 -25 25 -27 27 -29 -30 -31
leaf_value=-0.010423555690748538 0.0018672353671746471 -0.0441245085106945 -0.0062984896747637241 -0.0008956091279711595 -0.017526022556549004 0.0025697234823317135 0.0099477985973066667 -0.023159011136633267 0.021122640264852378 -0.024651855101956961 8.0492414418999254e-05 -0.014325398766652345 0.022771158964186015 0.0058568316565966458 -0.0059969340532755253 -0.0021692315308737883 -0.017430625950530607 -0.03570958794816987 0.0051376718717972246 -0.049051162476327612 0.0047377419111359481 0.016736585931428023 0.0062233226781101677 -0.00061605081664378074 -0.03881612914564575 -0.002682818910124527 -0.0025809865199003931 0.0053983899109985535 0.012262136390533635 -0.033159819637265969
leaf_weight=290.41469299793243 7957.8970937132835 14.253481864929197 1779.4581265747547 13340.813604265451 146.09818911552429 256.11725226044655 544.3048387169838 108.68279922008514 152.33408743143082 97.10184520483017 1559.8654215931892 66.813196241855621 148.77071696519852 1699.727712392807 395.53412175178528 25.834435880184174 64.140668392181396 57.013927459716797 412.01471015810966 31.624912887811661 1284.5950530767441 272.1524193584919 1503.7423367500305 8778.3631435632706 60.577297925949097 83.739205956459045 3658.2452048957348 521.14293068647385 60.577297925949097 58.795612692832947
leaf_count=163 7864 11 1322 14351 112 269 718 244 342 218 1456 60 331 954 222 22 36 32 565 20 721 188 1105 9691 34 47 2747 435 34 33
internal_value=2.91883e-05 0.00262443 -0.000634415 0.000136719 -0.00620496 -4.54439e-05 0.00304134 0.00258672 -0.000830689 0.000522601 -0.00138287 0.00361537 0.00222408 0.00114449 0.00206053 -0.00120281 0.00234287 -0.00990954 0.00984786 -0.0283701 0.00367137 0.00703185 0.0053406 -0.00173801 -0.0033514 -0.0180126 -0.00299335 -0.00158496 -0.00698911 -0.00957724
internal_weight=45430.7 9250.51 36180.2 21298.7 416.469 270.371 8834.04 8289.74 1917.98 1809.3 1656.97 6371.75 4529.04 3968.26 3677.84 1978.12 1406.2 571.921 560.785 57.4593 1348.74 1842.71 1570.56 14881.5 6103.16 144.317 5958.85 4179.39 514.907 454.33
internal_count=44347 7856 36491 22215 392 280 7464 6746 2260 2016 1674 4486 3133 2237 2074 1120 799 321 896 42 757 1353 1165 14276 4585 81 4504 3182 289 255
is_linear=0
shrinkage=0.03


Tree=95
num_leaves=31
num_cat=0
split_feature=18 33 35 22 23 47 25 47 34 3 25 33 48 33 33 25 12 34 3 47 25 45 21 8 5 23 47 23 47 32
split_gain=71.9862 48.5252 37.3568 39.0885 40.5507 67.0049 55.6518 45.5321 50.0881 36.911 36.4247 31.4585 31.8212 27.7255 27.6026 26.8111 34.0961 30.2391 62.2007 57.9173 60.8306 48.8886 40.3701 36.111 32.1183 29.8577 26.3011 26.246 25.6763 28.3449
threshold=-1.3561854323432347 0.012433302055366732 0.10237251464059628 0.37940952255126054 1.0000000180025095e-35 10.109000000000002 -0.9955251950901236 10.388248347107446 11.924225000000002 9.2505000000000006 -0.99465740988130902 0.68528307782258813 0.18091678295346317 0.045187110994398282 0.14205184528896495 -0.63257203029273779 12.352418595041634 15.641796694215133 9.5675000000000008 9.8790500000000012 -0.99818570902816506 -0.49173188169880827 -0.20470501141809103 11.186150000000001 31.984850000000005 -0.9159756150367534 8.7177500000000006 -0.60355339059327384 8.6984500000000029 23.052150000000005
decision_type=2 2 2 2 2 2 2 2 2 2 2 2 2 2 2 2 2 2 2 2 2 2 2 10 10 2 2 2 2 2
left_child=1 -1 11 15 5 -5 9 8 -7 -6 -8 -3 -13 -2 -10 16 26 18 23 28 21 -21 25 -18 -23 -22 27 -4 -20 -30
right_child=13 2 3 4 6 7 10 -9 14 -11 -12 12 -14 -15 -16 -17 17 -19 19 20 22 24 -24 -25 -26 -27 -28 -29 29 -31
leaf_value=0.0041375665774555813 -0.00048227831153627664 -0.0015813133007586758 0.0058494471099823416 0.006964774282372588 0.0043580741967264034 0.022109283097826667 -0.030399513802565815 -0.0018785952113712183 -0.016727602731170185 0.025236437201607377 0.0047676461053169274 -0.0047070640366342785 -0.036362752031053422 -0.002939495705033044 -0.047832260869963707 0.0063153082759044195 0.0064656001118393678 -0.00021440931987236692 -0.016146377638830041 -0.036758640328858415 -0.035485616541006959 0.010930214193876698 -0.034281430035325515 -0.0088652020712543141 -0.014813220284829688 -0.0031888942819249155 0.005640140882507025 -0.007445767573845837 0.0099971732132077239 -0.010786919174667698
leaf_weight=4555.7691410779953 20098.745693475008 3358.4766644239426 218.7018623650074 868.12612983584404 121.15459585189819 20.489380180835724 25.834435880184174 1193.2836848795414 73.494515866041183 206.67548704147339 2281.0025196969509 73.049094557762146 46.323816061019897 5201.6300380825996 40.087917745113373 563.45795497298241 451.21178528666496 3559.8070957660675 76.612465023994446 34.742862045764923 34.742862045764923 118.48206800222397 182.17731508612633 198.21248218417168 67.704038858413696 93.093053430318832 1191.5019996464252 340.30187952518463 185.29526424407959 85.520891189575195
leaf_count=4426 20946 2956 137 593 107 19 28 1311 42 176 2106 62 38 4964 27 773 401 2781 43 21 36 98 313 151 38 128 1418 206 104 48
internal_value=7.96034e-05 0.0014119 0.000621245 0.00140131 0.00350036 0.000488674 0.00600887 -0.00374892 -0.0202583 0.0175572 0.0043608 -0.0021219 -0.0171914 -0.000987566 -0.0280274 3.12237e-05 -0.000487431 -0.00173001 -0.00525896 -0.0104593 -0.0166815 -0.0046214 -0.0252336 0.00178001 0.00153984 -0.0121737 0.00312289 -0.00224306 -0.00092997 0.00341824
internal_weight=45565.7 20265.3 15709.6 12231.7 4830.15 2195.48 2634.67 1327.36 134.072 327.83 2306.84 3477.85 119.373 25300.4 113.582 7401.57 6838.11 5087.6 1527.8 878.371 530.942 220.929 310.013 649.424 186.186 127.836 1750.51 559.004 347.429 270.816
internal_count=44497 18587 14161 11105 4409 1992 2417 1399 88 283 2134 3056 100 25910 69 6696 5923 4162 1381 829 634 157 477 552 136 164 1761 343 195 152
is_linear=0
shrinkage=0.03


Tree=96
num_leaves=31
num_cat=0
split_feature=18 33 9 41 16 24 24 47 24 34 27 41 5 32 24 22 25 25 22 22 46 23 25 31 3 22 35 42 5 23
split_gain=70.191 55.1716 49.8387 71.992 45.1319 54.2572 36.5817 43.5431 118.535 102.048 76.1804 78.0952 46.6683 47.1287 80.668 40.4965 40.2456 80.7976 71.9297 67.0154 67.2397 65.8716 83.7777 60.4752 52.2694 51.4791 48.6763 39.9006 39.0097 32.6078
threshold=-1.3561854323432347 0.20172621792915155 10.386500000000002 11.807000000000002 15.529016115702687 0.17328881712428665 -0.79902248885025529 11.135950000000003 0.12225609522135446 13.67054710743834 22.628950000000007 9.485100000000001 32.034850000000006 24.670024999999999 -0.31799228562170639 -0.9159756150367534 -0.98932651372861458 -0.9575230291762723 -0.78656609248549292 0.37940952255126054 0.29992000877031372 1.0000000180025095e-35 -0.9955251950901236 13.414400000000002 8.6905000000000019 0.12940952255126045 0.1186921572062664 0.43368323912792711 31.882150000000006 1.0000000180025095e-35
decision_type=2 2 8 2 2 2 2 2 2 2 2 2 10 2 2 2 2 2 2 2 2 2 2 2 2 2 2 2 10 2
left_child=1 6 3 -3 5 -4 -1 16 10 -10 28 -12 13 -13 -15 -16 19 -18 -19 20 -8 22 -21 -22 25 -20 -25 -11 -9 -6
right_child=-2 2 4 -5 29 -7 7 8 9 27 11 12 -14 14 15 -17 17 18 24 21 23 -23 -24 26 -26 -27 -28 -29 -30 -31
leaf_value=0.0060532273502670198 -0.0010455032936165991 -0.0042302750664512685 0.061943188312829599 -0.032350497670151288 -0.0047160689179353947 0.0094049908145677329 -0.0018464341558397269 0.01799373453474987 -0.003691871512287827 -0.024530836181128238 -0.035755690614294004 0.0089950779229505205 0.0092070826695082614 -0.00069133631054779513 0.017746011552032665 -0.029234378585622455 0.0082815972459594454 -0.0072975443325064395 0.00065015093855927257 -0.014381473167027474 -0.042978162190276843 0.012924602379376865 0.013368481600137674 -0.031669302515339934 0.0045516127151539439 -0.026542044256766883 0.0081490634643358057 -0.058323270463295537 -0.034442569252577181 0.0048558732689847287
leaf_weight=1809.3013542294502 25244.252646714449 1721.1079351902008 18.262273639440536 85.075469881296158 719.80083417892456 226.27402460575104 1391.4961670637131 281.06084552407265 285.06963729858398 140.3077121078968 53.450556993484497 426.26819202303886 486.40006864070892 4339.2943852543831 18.262273639440536 127.83591547608376 2556.7183095216751 699.75687530636787 171.93262499570847 240.0820851624012 69.485724091529846 534.06014862656593 163.91504144668579 44.542130827903748 2824.8619371056557 97.547266513109207 69.485724091529846 40.978760361671448 12.471796631813048 575.48433029651642
leaf_count=2526 25841 966 41 50 785 508 871 631 640 315 120 930 273 3658 26 191 1450 602 131 152 39 344 98 25 2259 84 39 92 13 665
internal_value=9.59257e-06 0.00132616 -0.00219268 -0.00557197 0.00177221 0.0135649 0.00202357 0.00153957 -0.000386458 -0.0149155 0.000795336 -7.57199e-06 0.000352956 -0.000525561 -0.00143216 -0.0232811 0.00288913 0.00416057 0.0013821 -0.000324338 -0.00410429 0.00601985 -0.00311719 -0.0211217 0.00334665 -0.00925471 -0.00754508 -0.0324475 0.0156564 -0.00046287
internal_weight=45474.8 20230.6 3346 1806.18 1539.82 244.536 16884.6 15075.3 6211.4 466.356 5745.04 5451.51 5398.06 4911.66 4485.39 146.098 8863.88 6350.82 3794.1 2513.07 1575.01 938.057 403.997 183.514 3094.34 269.48 114.028 181.286 293.533 1295.29
internal_count=44365 18524 3015 1016 1999 549 15509 12983 6889 1047 5842 5198 5078 4805 3875 217 6094 4526 3076 1568 974 594 250 103 2474 215 64 407 644 1450
is_linear=0
shrinkage=0.03


Tree=97
num_leaves=31
num_cat=0
split_feature=18 33 9 32 43 24 7 25 22 3 22 25 9 18 25 35 41 31 41 14 22 41 33 44 3 43 9 24 11 48
split_gain=70.6221 34.4727 46.754 41.8593 46.9598 32.5233 32.3666 50.7698 39.5927 33.2252 38.9977 56.0425 34.8812 31.3172 29.7454 36.39 27.8017 26.802 32.2747 37.1565 56.1322 27.8484 26.4108 30.0314 27.2936 32.4963 25.6052 33.1572 28.2587 24.4718
threshold=-2.2986786012326248 0.3724239529756373 1.0000000180025095e-35 14.497325000000002 0.37627653104181819 -0.73282214301478099 31.921650000000003 -0.90892157495189674 0.60355339059327384 9.3155000000000019 -0.70710678118654735 -0.99628250747696534 8.6455500000000018 -1.0007761728171836 -0.16162967266680525 0.10237251464059628 8.5366500000000016 20.250450000000004 11.807000000000002 9.1796000000000006 0.78656609248549325 11.852550000000003 0.14205184528896495 0.42615825568685656 9.9795000000000016 0.42355459440045723 12.532500000000001 -0.76694339346796603 27.778600000000004 0.1898309965224711
decision_type=2 2 10 2 2 2 10 2 2 2 2 2 10 2 2 2 2 2 2 2 2 2 2 2 2 2 8 2 2 2
left_child=5 13 3 -3 -5 26 9 8 22 -7 11 -11 -13 14 15 -2 -17 18 29 21 -21 -20 -8 -24 -25 -26 27 28 -1 -12
right_child=1 2 -4 4 -6 6 7 -9 -10 10 17 12 -14 -15 -16 16 -18 -19 19 20 -22 -23 23 24 25 -27 -28 -29 -30 -31
leaf_value=-0.026021423400778964 -0.0024048570769173673 -0.0255812638244385 -0.0088921788563456738 0.024588719645779689 -0.0034674191003060536 0.0057916019894525776 0.0049227635723951679 -0.0023189052093991747 0.010085132571566921 -0.026224856953437091 -0.0053446618314869614 -0.017620314004337133 -3.0099900194545483e-05 -0.0011809292499469417 0.0054871863312468717 0.0057027522013262935 0.00061869505707235818 0.0072915703932607146 -0.038467956471399209 -0.032431546282642255 0.011950826073810799 -0.0017675621855561716 0.0036526448093542525 -0.0032144542581322719 -0.042846934588169773 -0.0041306323859819387 0.010045067421508281 0.01031457439120048 0.0034911676797834703 0.0032902373284099244
leaf_weight=62.804404467344284 3465.3777784109116 32.070334196090698 893.06972309947014 107.34653529524803 106.01027137041092 717.57372763752937 1507.7511285245419 971.46387335658073 1106.4265297651291 118.92748931050301 380.83521857857704 127.83591547608376 477.49164247512817 20088.50100338459 1053.4213940799236 1077.0287234187126 9491.9280794262886 420.47771501541138 18.262273639440536 95.765581279993057 34.297440737485886 552.76784357428551 255.67183095216751 131.39928594231606 42.760445594787598 35.633704662322998 776.36934033036232 110.46448445320129 53.450556993484497 1304.1935906410217
leaf_count=36 3127 69 502 235 238 540 1282 795 960 84 654 239 268 20854 1393 1155 9103 335 11 59 20 341 319 82 30 26 888 62 30 831
internal_value=2.58773e-05 -0.000571565 -0.00570704 0.00587221 0.0106974 0.00235793 0.00174074 0.00365892 0.00554475 -8.87866e-05 -0.00128516 -0.00748649 -0.00376782 -0.000405195 0.000627661 0.000262538 0.00113728 0.00031722 -0.000914326 -0.00631857 -0.0207261 -0.00300648 0.00299503 -0.0032465 -0.0116318 -0.0255223 0.00745776 -0.00140733 -0.0125384 0.00133664
internal_weight=45617.4 36314.8 1138.5 245.427 213.357 9302.62 8299.54 4051.11 3079.64 4248.43 3530.85 724.255 605.328 35176.3 15087.8 14034.3 10569 2806.6 2386.12 701.093 130.063 571.03 1973.22 465.465 209.793 78.3942 1003.09 226.719 116.255 1685.03
internal_count=44568 36676 1044 542 473 7892 6876 3494 2699 3382 2842 591 507 35632 14778 13385 10258 2251 1916 431 79 352 1739 457 138 56 1016 128 66 1485
is_linear=0
shrinkage=0.03


Tree=98
num_leaves=31
num_cat=0
split_feature=48 49 21 24 6 33 9 21 9 9 18 3 24 25 25 4 25 5 21 7 18 35 22 21 4 24 28 3 41 5
split_gain=55.5409 48.2788 45.9925 49.3056 40.1408 39.7851 101.156 66.2704 34.867 41.9056 32.0509 31.1843 39.0955 32.9128 42.2942 32.361 31.3256 30.0846 31.8449 33.2994 28.8207 40.4853 28.6488 28.3458 28.2548 37.7192 125.987 52.0236 43.3977 39.3522
threshold=0.32261833565906933 31.94725 0.80176173454518829 0.63670430569443026 10.728700000000002 0.22451147632136767 1.0000000180025095e-35 -3.5324698590815005 12.532500000000001 11.339400000000001 -2.5256701023102308 9.8895000000000017 0.35544221683359195 -0.95998493203694346 -0.97507822412530132 19.296950000000006 -0.93845867424155849 30.938550000000003 -0.84530723488101944 31.63025 -0.47636647011969208 1.0000000180025095e-35 0.12940952255126045 1.2884662274681029 29.500150000000001 0.1051661082335764 20.491200000000003 8.6905000000000019 9.3599500000000013 31.997350000000001
decision_type=2 2 2 2 8 2 10 2 10 10 2 2 2 2 2 10 2 10 2 8 2 2 2 2 8 2 2 2 2 10
left_child=2 8 5 4 -4 20 7 -7 9 -2 -10 12 15 14 -13 -9 22 -11 19 -19 -1 -22 -15 -5 25 28 -27 -28 -6 -29
right_child=1 -3 3 23 24 6 -8 11 10 17 -12 13 -14 16 -16 -17 -18 18 -20 -21 21 -23 -24 -25 -26 26 27 29 -30 -31
leaf_value=0.00082261252678026591 0.0021300549528983875 0.0060802212570003405 0.0068135108804158141 -0.0075411267699306266 -0.025207237076187522 0.04469568010399616 -0.0064570006973560766 0.033637626792676956 0.014088520829565958 0.0042543915369540166 0.0025297539170570362 -0.0034455704518114309 -0.0067830175524093948 -0.0065926306591852024 -0.050820802876090039 0.009605713563191811 -0.0021857277314480082 -0.0013962639582195779 -0.0021750459790973744 -0.016021985237949357 0.028575492640667572 -0.0012643341686135281 0.049670713349862956 -0.022594104896882572 -0.015733613948996264 -0.0018814479497473195 0.0021297419085966724 -0.028044603421774717 -9.6624505286978439e-05 -0.07574910124216519
leaf_weight=19525.043048411608 2491.6867985129356 2094.8164128363132 409.78760361671448 479.27332770824432 62.358983159065247 38.75165382027626 2277.4391492307186 72.603673249483109 285.06963729858398 350.10114830732346 882.82503300905228 49.44176521897316 82.84836333990097 12.471796631813048 24.943593263626099 164.36046275496483 151.44324481487274 217.36559844017029 1018.2331107258797 394.19785782694817 40.087917745113373 10168.523046702147 21.380222797393799 146.98903173208237 150.55240219831467 926.92174252867699 48.996343910694122 190.194898635149 2772.7476440370083 16.480588406324387
leaf_count=19250 1412 1187 593 404 140 84 1279 163 160 201 506 111 186 28 56 369 337 122 573 222 78 10199 48 192 338 1157 53 391 4698 34
internal_value=-0.000123907 0.0021924 -0.000597472 -0.00321627 -0.00213498 -0.000179694 -0.00353587 0.00721781 0.000747421 -0.000458426 0.00536075 0.00463893 0.0108958 -0.00307904 -0.0197953 0.0170793 0.0037018 -0.00371544 -0.00542902 -0.0108344 0.000147263 -0.00114437 0.0293477 -0.0111046 -0.00301614 -0.00253579 -0.00703407 -0.0256345 -0.000657633 -0.0321951
internal_weight=45567.9 7734.3 37833.6 5204.3 4578.04 32629.3 2895.68 618.245 5639.48 4471.58 1167.89 579.493 319.812 259.681 74.3854 236.964 185.295 1979.9 1629.8 611.563 29733.7 10208.6 33.852 626.262 4168.25 4017.7 1182.59 255.672 2835.11 206.675
internal_count=44571 4383 40188 8000 7404 32188 2661 1382 3196 2530 666 1298 718 580 167 532 413 1118 917 344 29527 10277 76 596 6811 6473 1635 478 4838 425
is_linear=0
shrinkage=0.03


Tree=99
num_leaves=31
num_cat=0
split_feature=36 24 21 39 14 47 6 47 45 9 31 35 23 24 21 39 19 19 9 21 39 39 47 41 31 8 39 9 24 48
split_gain=61.0041 35.2655 41.3556 36.4263 31.2085 30.0139 30.573 49.6924 57.3062 53.4512 40.3428 46.8676 37.7032 36.3174 34.5298 31.212 29.0592 28.6665 28.165 52.6425 28.037 27.5094 38.9712 28.8408 31.1734 39.9961 27.5058 49.3162 39.6182 36.7351
threshold=8.0856000000000012 -0.61237985104942771 -4.405824430663059 0.96557321395505891 1.8699000000000014 23.257950000000005 7.8741500000000011 11.082050000000001 -0.23014138070341988 8.1784000000000017 20.414750000000002 1.2734823323273867 -0.12940952255126037 0.58218302397213695 -2.5201752835255449 0.83835884499341018 3.5938391683164785 1.4770466798678419 11.498250000000001 -1.950958557578401 0.8750622444422661 0.924782860068185 11.941750000000003 10.208300000000003 13.522684297521065 11.795800000000002 0.94051552244333347 9.822750000000001 0.48030317736429479 0.11219571621591688
decision_type=2 2 2 2 2 2 10 2 2 10 2 2 2 2 2 2 2 2 8 2 2 2 2 2 2 10 2 10 2 2
left_child=1 2 -1 -4 -5 6 10 8 9 13 11 -3 18 16 -14 -11 -8 -10 19 -9 -19 22 -13 -23 25 -25 28 29 -17 -28
right_child=-2 5 3 4 -6 -7 7 12 17 15 -12 21 14 -15 -16 26 -18 20 -20 -21 -22 23 -24 24 -26 -27 27 -29 -30 -31
leaf_value=0.02758127078530774 0.0034922515070137578 -0.0014282984983823442 4.6457861091275831e-05 -0.00028683644185692518 0.006051062140222929 -0.010844788752094152 0.032353523676573459 -0.029128722319683008 -0.00038486478482023176 -0.0094222745787990968 0.00424180781710372 -0.0057818789591839656 0.016974417000008762 -0.0018319176999285027 -0.000708771294005479 -0.0025717824863731192 0.0093514818346798635 0.0012500839028683501 -0.0040634063195653033 -0.0037472067456116682 0.0064539101092311616 -0.0054112938300266266 0.0086582998953319626 -0.018362355813047057 -0.0063330055829674088 -0.056598796884200372 -0.017418602357549884 -0.026768060507034036 0.0074560497223987512 -0.00057275531239844933
leaf_weight=51.22345045208931 4272.9266103208065 10864.716551542282 11202.791324526072 1096.1818396747112 1929.5651074647903 269.92531281709671 62.358983159065247 122.93628108501434 1359.4258328676224 555.88579273223877 931.37595561146736 919.34958028793335 103.78316482901573 217.36559844017029 1927.7834222316742 1041.8404400646687 232.06450161337852 1430.6932421922684 1517.9958186149597 181.73189377784729 2674.309534907341 536.28725516796112 204.89380180835724 219.14728367328644 179.95020854473114 27.170699805021286 138.97144818305969 89.084261655807495 536.28725516796112 695.3026622235775
leaf_count=88 3539 7862 12455 2233 2370 606 125 69 1147 312 936 537 206 419 2963 587 521 953 2526 102 1909 490 433 201 140 19 78 50 301 391
internal_value=8.02082e-05 -0.000272706 0.000933294 0.000835429 0.0037556 -0.000909588 -0.000809011 0.000243219 0.00145999 -0.00149629 -0.00178577 -0.00221952 -0.00260829 0.0074677 0.000202486 -0.00299877 0.0143163 0.00339083 -0.00573962 -0.0140507 0.004641 -0.00633628 -0.00314479 -0.0100567 -0.0158748 -0.0227919 -0.00156813 -0.00567778 0.000838489 -0.00339639
internal_weight=45593.3 41320.4 14279.8 14228.5 3025.75 27040.6 26770.7 12887.8 9033.59 3569.16 13882.9 12951.5 3854.23 511.789 2031.57 3057.37 294.423 5464.43 1822.66 304.668 4105 2086.8 1124.24 962.555 426.268 246.318 2501.49 923.358 1578.13 834.274
internal_count=44568 41029 17146 17058 4603 23883 23277 12659 6793 2784 10618 9682 5866 1065 3169 1719 646 4009 2697 171 2862 1820 970 850 360 220 1407 519 888 469
is_linear=0
shrinkage=0.03


Tree=100
num_leaves=31
num_cat=0
split_feature=42 20 43 10 22 48 25 9 9 33 9 24 8 24 22 43 21 7 47 46 42 22 10 8 22 14 42 10 10 7
split_gain=63.3352 62.1467 35.224 33.001 29.6865 88.969 50.6093 57.8485 69.4753 33.2435 35.7503 62.4582 56.8655 68.1272 71.9067 40.6042 32.8403 32.6598 30.7256 28.4329 33.7365 27.89 27.5842 26.1266 47.0188 25.1364 24.4425 24.2224 24.2108 24.1104
threshold=0.5327719460145347 22.546463746066948 -0.032118441314856937 0.37996699669966999 0.78656609248549325 0.21710523401333429 -0.98932651372861458 10.147150000000002 9.3560000000000016 0.037573767444857721 9.822750000000001 0.30675521904633613 9.9720000000000031 0.24059136628141839 -0.78656609248549292 0.56385741917656829 0.75613129265231704 31.850250000000006 9.2821000000000016 0.033295927626260789 0.38900680585996078 -0.5 0.36953795379537951 10.274500000000002 0.25881904510252091 0.33498099173547052 0.30307224977890579 0.46108910891089111 0.31917491749174914 31.736350000000005
decision_type=2 2 2 2 2 2 2 10 8 2 10 2 10 2 2 2 2 10 2 2 2 2 2 8 2 2 2 2 2 10
left_child=2 3 -1 -2 9 6 7 8 -6 25 11 12 -11 15 -15 16 -14 -13 -17 -19 -21 -22 -7 24 -12 -4 -16 -10 -3 -30
right_child=1 28 4 -5 5 22 -8 -9 27 10 23 17 13 14 26 18 -18 19 -20 20 21 -23 -24 -25 -26 -27 -28 -29 29 -31
leaf_value=0.019511421582134467 0.018716497229849163 0.00047511058137363868 -0.0020445591462779278 -0.034790121630649082 -0.048563547725447694 0.002427085265923785 -7.1657197618714817e-05 -0.068342204214755467 0.0049635559097766209 0.0076984946658991719 -0.024901927727404811 -0.0060322861301502382 0.0047168699923995959 0.010122428956142238 -0.016426845098352676 -0.046655575004794045 -0.0063693667656372641 -0.0032638642438847067 -0.0056036776428998051 0.0038582344022651599 -0.002188915521732452 -0.054133489033512346 0.0095176197713868101 -0.0039803063643474136 0.0095527884071317983 0.00051418280946787204 -0.054669541100183433 -0.02381004877012758 0.0016986732824403473 0.0068548364163759879
leaf_weight=79.284992873668671 12.02637532353401 1567.4375838339329 4427.4878042936325 55.677663534879684 33.852019429206848 831.60158255696297 5987.7986471951008 16.035167098045349 116.25496146082878 1118.8983263969421 131.84470725059509 2036.0208001434803 1387.0419539809227 36.079125970602036 24.052750647068024 16.035167098045349 289.9692716896534 1950.9453302621841 468.13779500126839 1025.3598516583443 21.380222797393799 15.58974578976631 1217.7818568348885 3342.4414973258972 48.105501294136047 15723.372182250023 44.987552136182785 32.961176812648773 1291.7217940092087 2219.9798004627228
leaf_count=178 27 987 6454 125 19 535 6768 9 186 994 74 1934 2409 81 54 9 618 1278 928 919 45 35 751 1888 27 14519 98 74 971 1489
internal_value=5.90664e-05 0.00319309 -0.000340038 -0.0251516 -0.000379533 0.00122713 -0.000567642 -0.0154089 -0.0104263 -0.000791699 -0.00204479 -0.000984464 0.00216805 -0.000564584 -0.0240326 0.00058748 0.00279731 -0.00309801 -0.00705662 -0.00111403 0.00283345 -0.0249421 0.006643 -0.00458278 -0.0156894 -4.809e-05 -0.041771 -0.0015086 0.0035758 0.00495925
internal_weight=45570.2 5146.84 40423.3 67.704 40344 8236.29 6186.9 199.103 183.068 32107.7 11956.9 8434.5 3385.2 2266.3 105.119 2161.18 1677.01 5049.3 484.173 3013.28 1062.33 36.97 2049.38 3522.39 179.95 20150.9 69.0403 149.216 5079.14 3511.7
internal_count=44483 3599 40884 152 40706 8342 7056 288 279 32364 11391 9402 5191 4197 233 3964 3027 4211 937 2277 999 80 1286 1989 101 20973 152 260 3447 2460
is_linear=0
shrinkage=0.03


Tree=101
num_leaves=31
num_cat=0
split_feature=37 22 35 3 33 9 35 25 25 7 35 42 25 45 20 42 25 47 25 37 8 46 34 22 3 9 19 22 9 23
split_gain=70.7399 36.4552 46.7564 34.1158 41.9671 42.7588 55.5816 65.0953 48.5979 39.542 38.5117 37.8534 47.5385 31.6358 29.6556 50.7255 49.5494 39.7888 34.1521 33.0533 32.9636 44.0867 29.5088 28.4025 28.2568 27.9152 27.4672 33.7751 27.0835 27.9542
threshold=0.54252145214521452 0.78656609248549325 0.0026838405317850772 9.100500000000002 0.2896356884087849 8.0033500000000011 1.8781967799303485 -0.98801846520836312 -0.9575230291762723 31.881350000000001 0.074654584587954029 0.32450494097742916 -0.70289845916694649 -0.23994743000135868 19.263580471054485 0.3012381281962549 -0.99966479353140603 19.049450000000004 -0.70289845916694649 0.19164026402640258 9.753700000000002 0.35820955673933569 10.978778512397009 -0.9159756150367534 9.6795000000000027 8.7451500000000024 2.9825098486209325 0.78656609248549325 12.747100000000001 1.0000000180025095e-35
decision_type=2 2 2 2 2 10 2 2 2 8 2 2 2 2 2 2 2 2 2 2 10 2 2 2 2 8 2 2 8 2
left_child=3 -2 -3 25 5 9 8 26 10 11 -7 -5 -13 -11 15 19 -17 -16 -19 -15 21 -18 -9 24 -6 -1 -8 -28 -25 -30
right_child=1 2 -4 4 23 6 7 22 -10 13 -12 12 -14 14 17 16 20 18 -20 -21 -22 -23 -24 28 -26 -27 27 -29 29 -31
leaf_value=-0.0039434918878680633 0.0022413950460520088 -0.075342872795891386 0.009452503450605599 -0.001364690067258799 0.00085133092328490857 -0.0021854088889264769 -0.034541740304204427 -0.022248505384334049 0.0014043226692475148 0.009583317959138039 0.0084658218016479582 -0.013700102159208838 -1.7764553781575838e-05 -0.0014432975063305166 0.0096866277928100656 0.034288257975292578 -0.0049030630174631456 -0.0060253045998474959 0.0025854892898892652 0.008691221049954078 -0.032198559605589989 -0.052286438319685241 0.0019827480924157494 -0.0046354913274306644 -0.020442486895427908 -0.00078420162981822741 -0.018277079830196247 0.0086770115983628646 -0.0032396579318437124 0.013624056364951533
leaf_weight=3289.8817829489708 3014.6114144325256 4.8996343910694113 958.54665541648865 1908.6303059756756 83.739205956459045 375.93558418750763 62.358983159065247 48.105501294136047 11859.342332929373 314.02202233672142 1621.7789834439754 614.68140542507172 363.46378755569458 4297.4247822761536 533.6147273182869 17.371431022882462 174.15973153710365 536.28725516796112 1813.7555673122406 309.56780925393105 84.63004857301712 18.707694947719574 572.36638113856316 1264.1056728959084 168.36925452947617 10708.819093644619 183.51357901096344 53.450556993484497 186.18610686063766 167.03299060463905
leaf_count=1857 2514 5 787 4264 92 211 35 27 6717 705 911 1380 816 4686 1186 39 391 1204 4072 548 190 42 325 711 141 9750 103 30 406 351
internal_value=4.48706e-05 0.00386644 0.0089436 -0.000320382 0.000290877 0.000605868 0.00165965 -0.005478 0.00213379 -0.000811512 0.00646135 -0.00382558 -0.00862117 0.000263079 -0.000114027 -0.00153404 -0.0135753 0.00229952 0.000618752 -0.000760568 -0.0166839 -0.00974514 7.13099e-05 -0.0040481 -0.0133942 -0.00152691 -0.0169432 -0.0121863 -0.00258385 0.00475094
internal_weight=45609.4 3978.06 963.446 41631.3 27632.6 25763.2 14776.9 919.795 13857.1 10986.3 1997.71 2886.78 978.145 8099.54 7785.52 4901.86 294.869 2883.66 2350.04 4606.99 277.497 192.867 620.472 1869.43 252.108 13998.7 299.323 236.964 1617.32 353.219
internal_count=44496 3306 792 41190 29583 27882 8359 520 7839 19523 1122 6460 2196 13063 12358 5896 662 6462 5276 5234 623 433 352 1701 233 11607 168 133 1468 757
is_linear=0
shrinkage=0.03


Tree=102
num_leaves=31
num_cat=0
split_feature=18 33 45 47 8 41 11 33 47 24 12 18 41 9 9 5 11 24 5 41 10 9 43 32 24 5 10 41 24 25
split_gain=62.8421 46.7266 35.0061 47.1545 39.7102 38.3161 39.5503 31.5404 39.0391 54.9798 110.93 88.0151 54.9125 42.8602 37.9674 37.1535 36.8017 74.5625 34.7351 34.0924 33.7833 32.5799 49.3732 46.3242 37.0447 94.4778 42.6806 33.5199 31.0724 37.0023
threshold=-1.3561854323432347 0.012433302055366732 -0.61109962911184723 9.5445000000000011 11.662550000000001 9.485100000000001 21.851400000000002 0.4952507364961713 9.8440500000000011 0.12225609522135446 14.887800000000002 -2.8724210924092399 9.2177500000000023 9.4440000000000008 12.010150000000001 31.959150000000005 19.520150000000005 0.08804500090241206 31.911850000000005 9.8941500000000016 0.41429042904290425 12.822350000000002 0.14637606693173308 22.338050000000006 -0.52032787705993211 31.43055 0.37996699669966999 9.523200000000001 0.30675521904633613 -0.98932651372861458
decision_type=2 2 2 2 8 2 2 2 2 2 2 2 2 8 8 10 2 2 10 2 2 8 2 2 2 10 2 2 2 2
left_child=1 -1 3 4 -3 6 -5 8 13 12 11 -11 -10 28 -9 18 -14 20 -12 -17 21 22 -18 -23 25 -24 -27 -25 29 -4
right_child=-2 2 7 5 -6 -7 -8 14 9 10 15 -13 16 -15 -16 19 17 -19 -20 -21 -22 23 24 27 -26 26 -28 -29 -30 -31
leaf_value=0.0039581269125610911 -0.00095829228262021989 0.0021776618036528162 -0.0019626859980948026 0.022066038065846394 -0.035184261939167197 0.01770678799312651 -0.03518189182981326 -0.0091652223906099339 -0.03645613339079639 -0.02063302280659467 -0.030966317867132134 0.0026163521627453642 -0.023365676155109528 0.0079043256596695501 0.0059848514660264061 -0.030823400973529348 -0.012936253010526068 0.020917253308112369 0.013676887390012459 -0.10598879781792489 0.0045261546772416847 0.020775381541298359 -0.0011880214642053198 -0.04033347806838955 0.00090111130302256484 -0.023857340275243062 0.0029576599133036576 0.0019834475678815891 -0.0010740761234372177 0.0074679259403811413
leaf_weight=4549.5332427620888 25436.674651890993 118.48206800222397 562.12169104814529 17.371431022882462 31.624912887811661 317.13997149467468 25.834435880184174 615.12682673335075 35.633704662322998 192.42200517654419 105.11942875385284 603.99129402637482 57.459348767995834 1108.6536363065243 195.53995433449745 13.362639248371126 339.85645821690559 157.23372182250023 17.816852331161499 9.7992687821388227 1314.8837020397186 120.26375323534012 1449.4009371399879 16.035167098045349 3029.3103176057339 276.16121113300323 65.922353625297546 1533.140143096447 2253.8318198919296 1118.4529050886631
leaf_count=4415 25982 89 317 39 20 409 58 346 80 384 233 1149 36 1253 385 30 196 176 25 13 1488 270 818 36 1701 155 37 2521 1265 630
internal_value=3.44498e-05 0.00128136 0.00050558 0.00822528 -0.00587459 0.0140988 -0.0121862 0.000245665 0.000570368 -0.00057834 -0.00744463 -0.00301978 0.000193309 0.00269703 -0.00550802 -0.0313809 0.000353872 0.000520828 -0.0244381 -0.0656946 0.000124568 -0.000723334 -0.00190177 0.00291845 -0.00112134 -0.00453979 -0.0186963 0.0015197 0.00122806 0.00431427
internal_weight=45688.2 20251.5 15702 510.453 150.107 360.346 43.2059 15191.5 14380.9 9337.81 942.511 796.413 8395.3 5043.06 810.667 146.098 8359.67 8302.21 122.936 23.1619 8144.97 6830.09 5160.65 1669.44 4820.79 1791.48 342.084 1549.18 3934.41 1680.57
internal_count=44556 18574 14159 615 109 506 97 13544 12813 9348 1834 1533 7514 3465 731 301 7434 7398 258 43 7222 5734 2907 2827 2711 1010 192 2557 2212 947
is_linear=0
shrinkage=0.03


Tree=103
num_leaves=31
num_cat=0
split_feature=18 33 7 5 21 48 35 43 12 12 47 48 21 15 8 23 5 3 3 23 18 33 31 21 24 3 6 18 18 43
split_gain=41.1165 61.3202 31.6389 35.9945 53.9202 40.247 35.1981 32.8709 32.8005 34.9952 29.704 31.082 29.6709 28.677 46.6611 29.6611 35.6694 31.2481 48.1479 28.4576 26.5711 26.1234 25.5928 25.1997 27.8262 24.9368 24.7885 24.0599 23.6758 22.8579
threshold=-1.1718794471809655 0.018951200489680738 31.898350000000004 31.828250000000001 -1.2594837739775444 0.21710523401333429 0.011010128732395168 0.028716439178899874 11.755133884297551 10.641716115702527 9.8440500000000011 0.36278933262453766 -5.0385789653165221 16.26775382292783 10.512550000000003 1.0000000180025095e-35 31.876450000000002 9.4735000000000031 9.9405000000000019 0.78656609248549303 -4.1299074686468638 0.025469098924042002 9.1869500000000013 0.36685394895620288 0.90755741412753221 10.797500000000001 7.2271500000000009 -3.4411098316831654 -3.5133825346534659 0.032522796352583636
decision_type=2 2 10 8 2 2 2 2 2 2 2 2 2 2 10 2 10 2 2 2 2 2 2 2 2 2 10 2 2 2
left_child=1 28 3 19 7 13 22 -5 9 -9 11 -7 -2 -6 15 16 -15 -18 -19 -3 -10 -22 -4 -14 -25 -17 -26 -12 -1 -21
right_child=12 2 6 4 5 10 -8 8 20 -11 27 -13 23 14 -16 25 17 18 -20 29 21 -23 -24 24 26 -27 -28 -29 -30 -31
leaf_value=0.0095289569313627403 0.019244950084877657 -0.00080507999687765095 -0.0090066067913649409 -0.068468198690800577 0.0064474562875435773 0.011133974771330862 0.0022462480967938656 -0.0049463612563645249 0.016369006718904403 -0.027141677266631636 0.020569645759530467 -0.010154084295842051 -0.00042313600630204955 -0.0013366722477096864 0.0024179040563840517 -0.00082690196578850885 -0.015697207733618528 -0.078713304028356759 -0.027791262201400196 0.035849005477998602 -0.021308307645035076 -0.0051215215616005191 0.0096217330702852068 -0.0022244001203066341 -0.014426492699930392 -0.041075052675016835 0.0094597119696988672 -0.0019327019450287764 0.0027237247792316782 0.0039294680087574628
leaf_weight=493.52680957317352 64.586089700460434 5004.308398514986 420.03229370713234 7.1267409324645987 102.44690090417862 413.79639539122581 5470.2190869748592 114.02785491943359 46.323816061019897 146.09818911552429 43.651288211345673 71.712830632925034 17710.842059791088 38.75165382027626 147.87987434864044 97.992687821388245 50.778029143810272 26.279857188463211 48.105501294136047 19.598537564277649 97.992687821388245 977.69977167248726 77.948728948831558 4868.9003207981586 286.85132253170013 15.144324481487272 44.542130827903748 1011.9972124099731 6655.930609613657 1074.8016168773174
leaf_count=430 94 5388 280 7 98 236 4856 64 26 85 35 41 15978 57 197 127 42 29 72 44 61 572 73 7322 161 25 25 571 6489 1147
internal_value=-1.02911e-05 0.000896002 -0.000162761 -0.00123298 -0.00367767 -0.000606559 0.00155084 -0.00824663 -0.00788684 -0.0174684 0.00184199 0.00797518 -0.000904689 -0.00775189 -0.0111823 -0.0184242 -0.0265464 -0.0342791 -0.0465872 0.000153465 -0.00565188 -0.00661452 -0.00607728 -0.000962328 -0.00279824 -0.00652712 -0.0111972 -0.000983639 0.00319476 0.00453329
internal_weight=45649.9 22674.2 15524.7 9556.51 3457.81 2068.54 5968.2 1389.27 1382.14 260.126 1541.16 485.509 22975.7 527.379 424.932 277.052 163.915 125.163 74.3854 6098.71 1122.02 1075.69 497.981 22911.1 5200.29 113.137 331.393 1055.65 7149.46 1094.4
internal_count=44632 21052 14133 8924 2345 1530 5209 815 808 149 883 277 23580 647 549 352 200 143 101 6579 659 633 353 23486 7508 152 186 606 6919 1191
is_linear=0
shrinkage=0.03


Tree=104
num_leaves=31
num_cat=0
split_feature=36 33 18 25 35 24 12 24 22 41 47 22 47 18 42 7 35 31 3 25 42 11 7 24 49 48 49 25 49 37
split_gain=52.221 32.4077 32.9164 35.718 38.2357 31.2911 57.9654 38.758 44.5818 68.2165 48.1465 37.3193 36.9346 31.1905 30.6872 30.5689 30.8656 43.3466 40.6891 41.3775 51.6047 41.5514 30.4737 30.2562 29.1838 28.412 27.6314 37.9529 28.8155 27.4705
threshold=8.0856000000000012 0.2896356884087849 -0.94703740484948262 -0.54219087765047058 0.10237251464059628 0.12225609522135446 11.369759917355614 0.08804500090241206 0.78656609248549325 9.3599500000000013 9.173350000000001 0.78656609248549325 9.5943000000000023 -3.9775595214521444 0.41495751143922793 31.866450000000004 1.9131389894516708 19.460100000000004 9.4945000000000004 -0.98801846520836312 0.3655765755373554 22.491750000000003 31.965250000000001 0.33931202449298198 31.690150000000006 0.20772587325846678 31.563150000000004 -0.83375966452616657 30.913800000000005 0.48362046204620451
decision_type=2 2 2 2 2 2 2 2 2 2 2 2 2 2 2 10 2 2 2 2 2 2 8 2 2 2 2 2 2 2
left_child=1 2 3 4 29 7 23 8 9 13 -11 -8 -9 -2 22 16 -6 18 -18 20 -20 -22 -12 -7 -14 -13 27 -3 -29 -1
right_child=5 26 -4 -5 15 6 11 12 -10 10 14 25 24 -15 -16 -17 17 -19 19 -21 21 -23 -24 -25 -26 -27 -28 28 -30 -31
leaf_value=-0.0029891635912448842 -0.060353656601881446 0.0097449042797736266 -0.00096899056286314745 0.0041689470204334059 0.0007953432876887758 0.0070800591489952316 -0.012136893152233956 -0.021097438177160092 0.0092852742663693342 -0.025136085397237135 -0.008497824270260931 -0.021142422509491991 0.05658950947223778 -0.0065852232895376546 0.0041938831781521534 0.0032791619816137222 0.00036498524784458526 0.0079210515438204402 -0.059603192175760364 -0.0055406845914919992 0.00084679038749539855 -0.027240354898684864 0.012122689235948773 -0.012083975526760601 0.017137888779459435 -0.083526416923644042 -0.0056054258682710686 0.0045366702911254645 -0.014032486782859786 0.005460654020596349
leaf_weight=3767.373425424099 21.825644105672836 285.06963729858398 19118.373393952847 2447.5900889933109 7969.4780477285385 302.88648962974548 118.48206800222397 19.598537564277649 884.60671824216843 56.123084843158722 344.31067129969597 15.144324481487276 18.262273639440536 17.371431022882462 2110.4061586260796 3994.9837139546871 381.28063988685608 207.56632965803146 28.061542421579361 331.83887466788292 76.167043715715408 124.27254500985146 78.394150257110596 97.10184520483017 157.23372182250023 12.02637532353401 1750.9511628448963 138.52602687478065 162.57877752184868 380.389797270298
leaf_count=3397 46 421 19912 3464 7185 284 197 11 663 33 197 34 41 21 1528 3440 349 247 18 280 66 102 122 188 152 15 1279 185 203 266
internal_value=3.83361e-05 -0.000288697 -8.21358e-05 0.000778148 0.000297134 0.00320241 -0.00350037 0.00418939 0.00346375 0.00150171 0.00210298 -0.0196349 0.0171716 -0.0372811 0.00271617 0.00109121 0.000132397 -0.00446175 -0.00719686 -0.0123338 -0.0221319 -0.016616 -0.00465399 0.00240923 0.0215406 -0.0507398 -0.00371885 0.00191645 -0.00550284 -0.0022131
internal_weight=45418.3 41164.5 38827.4 19709 17261.4 4253.77 545.641 3708.13 3513.04 2628.43 2589.23 145.653 195.095 39.1971 2533.11 13113.6 9118.67 1149.19 941.621 560.34 228.501 200.44 422.705 399.988 175.496 27.1707 2337.13 586.174 301.105 4147.76
internal_count=44346 40814 38726 18814 15350 3532 718 2814 2610 1947 1880 246 204 67 1847 11687 8247 1062 815 466 186 168 319 472 193 49 2088 809 388 3663
is_linear=0
shrinkage=0.03


Tree=105
num_leaves=31
num_cat=0
split_feature=18 24 10 22 10 48 4 10 24 33 35 10 42 37 33 21 23 9 21 6 49 10 7 10 23 45 34 31 9 49
split_gain=47.5666 38.2459 30.6027 29.9498 39.0432 52.3522 27.8108 28.3392 28.1094 26.0204 32.2198 30.2787 33.2477 24.9912 33.7269 30.0184 26.4517 31.1997 41.7452 36.6519 27.8159 26.5818 26.0039 25.6149 23.2803 33.0205 23.7892 29.0287 23.204 23.0259
threshold=-2.8724210924092399 -0.79902248885025529 0.46821782178217819 -0.9159756150367534 0.36491749174917487 0.32843489046891278 29.500150000000001 0.28663366336633661 0.32308142426531927 0.15067847556967276 0.052822408712137177 0.38947194719471939 0.3655765755373554 0.084513502429262297 0.038285806770975192 -4.1994689363225675 0.25881904510252057 11.061300000000001 -3.7028069356135531 10.938700000000003 31.997350000000001 0.31178217821782178 31.895550000000004 0.4422112211221122 0.91597561503675351 -0.40925902620657201 13.237746487603752 15.643300000000002 10.757700000000002 31.519350000000006
decision_type=2 2 2 2 2 2 10 2 2 2 2 2 2 2 2 2 2 8 2 10 2 2 10 2 2 2 2 2 10 2
left_child=1 -1 3 4 -3 -6 7 8 -2 29 11 12 -11 15 -15 -9 22 19 -19 21 -21 -18 -16 28 26 -26 -12 -28 -23 -5
right_child=6 2 -4 9 5 -7 -8 13 -10 10 24 -13 -14 14 16 -17 17 18 -20 20 -22 23 -24 -25 25 -27 27 -29 -30 -31
leaf_value=0.015739078653751602 -0.0010681387075809567 0.0089128048324815471 -0.022563833840716405 -0.001186790481899938 -0.02309819686457102 0.00040720642888472609 -0.013125214913108153 0.024070933399958687 -0.0059215172325700876 -0.068615902928402916 0.00797866930365769 -0.0023887035841136479 -0.015502765724114199 0.0015293502852403342 -0.003073612657094485 -0.0013535956326039427 -0.011673329748058524 0.031201971402168269 0.0035890425328829372 0.008138406107625118 -0.014763795024756582 0.00039834502611973499 0.00078584044127464432 -0.017319052045058077 -0.034378305659243026 0.0067873322020941471 -0.014468039328401613 0.0020514444235915112 -0.01901021692977262 0.0061094232601499815
leaf_weight=197.3216395676136 4749.9728314876556 138.08060556650162 43.205866903066635 465.01984584331512 150.9978235065937 194.20369040966034 151.44324481487274 40.978760361671448 1387.0419539809227 15.144324481487272 408.45133969187737 69.485724091529846 33.406598120927811 13924.76093941927 4710.7757563591003 9669.6511814296246 277.05205374956131 49.887186527252197 1580.354801774025 476.15537855029106 52.114293068647385 1248.515927106142 2356.7241421043873 85.520891189575195 36.96996858716011 32.070334196090698 121.15459585189819 441.85793781280518 57.013927459716797 2379.8860501348972
leaf_count=254 3521 145 94 540 141 109 340 71 1107 13 407 60 39 13325 4627 11872 157 79 2405 271 30 703 1880 48 35 27 95 311 32 1800
internal_value=-5.50924e-06 0.00284303 0.00227793 0.00252213 -0.00452585 -0.00991153 -0.000335469 -0.000287518 -0.00216585 0.00337385 -0.000416001 -0.0152014 -0.0331206 4.63758e-05 0.000551214 -0.00124384 -0.000699057 0.00130971 0.00445264 -0.00102407 0.00585546 -0.00320494 -0.00178671 -0.00151114 0.00127427 -0.0154323 0.00247622 -0.00152273 -0.00046315 0.00491681
internal_weight=45545.2 4727.26 4529.93 4486.73 483.282 345.202 40818 40666.5 6137.01 4003.45 1158.54 118.037 48.5509 34529.5 24818.9 9710.63 10894.1 3826.61 1630.24 2196.37 528.27 1668.1 7067.5 1391.05 1040.5 69.0403 971.464 563.013 1305.53 2844.91
internal_count=44538 4070 3816 3722 395 250 40468 40128 4628 3327 987 112 52 35500 23557 11943 10232 3725 2484 1241 301 940 6507 783 875 62 813 406 735 2340
is_linear=0
shrinkage=0.03


Tree=106
num_leaves=31
num_cat=0
split_feature=37 24 33 6 4 18 48 7 44 3 24 8 41 24 3 24 42 21 33 3 49 24 24 36 12 24 24 35 33 35
split_gain=44.4623 34.5583 33.9738 33.5347 32.184 35.2723 28.7264 27.3308 53.9439 46.8214 37.0793 35.7801 33.6556 66.0186 79.6695 36.3683 32.0838 31.9872 31.2531 26.5007 25.9392 25.3675 25.1291 25.0626 23.7367 28.1718 37.554 25.7981 22.607 22.4637
threshold=0.55029702970297023 -0.72101013194340913 1.0000000180025095e-35 24.960800000000003 29.500150000000001 -0.78541315841584225 0.079847951238068968 31.866450000000004 0.029850185248708579 8.5275000000000016 0.30675521904633613 8.5556000000000019 9.8513000000000019 0.22386011952790016 9.6375000000000011 0.17328881712428665 0.30888414657592195 -1.6759539327738329 1.0000000180025095e-35 10.515500000000001 32.006850000000007 0.79184907943689831 -0.39826117949089107 7.4116500000000016 15.144397107438524 0.43442111757849838 0.3873823162447298 2.1421931680259805 0.23343935400870156 1.9504814459650279
decision_type=2 2 2 10 10 2 2 10 2 2 2 10 2 2 2 2 2 2 2 2 2 2 2 2 2 2 2 2 2 2
left_child=1 2 -1 7 5 19 -5 10 9 -9 12 21 15 18 -15 -3 -16 -17 -14 28 -2 -12 23 -10 25 26 27 -13 -4 -20
right_child=20 3 4 6 -6 -7 -8 8 22 -11 11 24 13 14 16 17 -18 -19 29 -21 -22 -23 -24 -25 -26 -27 -28 -29 -30 -31
leaf_value=0.031354466191437454 0.0019549470568451664 6.409473719892277e-05 0.0021772132054975087 -0.026677447216691179 -0.013644279151644192 -0.0006799836593821241 -0.0039499063678278068 -0.012586748907925615 -0.0003135801578852564 -0.0014983744050811856 0.00037572758044136654 -0.0079306378256832517 -0.030425714041412238 0.0027176686800115557 -0.014666514082360835 0.037145504433822453 -0.047726174868077065 0.00604203806929906 -0.00066407290342188248 0.007162747389822091 0.0086688458736332019 -0.0051799273543739468 0.0024484864079998272 -0.012044131004036002 -0.031819130884471969 -0.010571179377301922 0.0064969580354358163 0.017636736186448978 -0.014164224461043595 -0.0056688102828762309
leaf_weight=32.515755504369736 3125.521320194006 2373.2047305107117 4199.8775157630444 80.621256798505783 130.50844332575798 4439.0687583088875 130.50844332575798 392.86159390211105 925.58547860383987 2643.1300433278084 1985.6881923079491 687.73049998283386 31.624912887811661 90.420525580644608 44.542130827903748 29.843227654695511 68.594881474971771 888.61551001667976 11254.014774978161 1068.1202972531319 620.02646112442017 1177.6939390897751 6821.6273362934589 198.21248218417168 32.961176812648773 824.9202629327774 268.5890488922596 36.524547278881073 76.612465023994446 868.57155114412308
leaf_count=70 2739 1566 4299 181 293 6945 140 288 1682 1890 2103 500 56 188 100 37 154 537 10449 1501 372 667 5382 115 68 991 240 46 97 822
internal_value=-6.25003e-05 -0.000343094 0.00120049 -0.000825082 0.00109844 0.00129647 -0.0127134 -0.000745365 0.000464003 -0.0029369 -0.00138806 -0.00363291 -0.000668624 -0.00138664 -0.0182882 0.00202661 -0.0349531 0.00709197 -0.0011021 0.00293787 0.00306836 -0.00169357 0.00176371 -0.00239145 -0.00694505 -0.00647676 -0.00306764 -0.00661872 0.00188122 -0.0010231
internal_weight=45548.3 41802.8 9946.7 31856.1 9914.19 9783.68 211.13 31645 10981.4 3035.99 20663.5 5014.11 15649.4 12357.8 203.558 3291.66 113.137 918.459 12154.2 5344.61 3745.55 3163.38 7945.43 1123.8 1850.73 1817.76 992.844 724.255 4276.49 12122.6
internal_count=44518 41407 13205 28202 13135 12842 321 27881 9357 2178 18524 4615 13909 11769 442 2140 254 574 11327 5897 3111 2770 7179 1797 1845 1777 786 546 4396 11271
is_linear=0
shrinkage=0.03


Tree=107
num_leaves=31
num_cat=0
split_feature=42 24 15 43 3 24 44 24 6 3 4 9 33 49 24 3 44 9 47 24 12 23 46 24 48 33 42 41 14 25
split_gain=41.5118 32.0944 35.7218 29.0652 30.2096 32.056 26.7763 36.1709 54.2154 35.6077 32.5423 33.822 30.3632 27.9855 37.957 45.0383 26.473 28.006 24.8187 69.219 40.4555 34.4357 32.4918 27.4489 36.9798 31.002 32.0705 29.2428 36.1987 27.0937
threshold=0.5327719460145347 0.036545658007091128 20.922416613125076 -0.032118441314856937 8.7045000000000012 0.32308142426531927 3.1181085551315517 -0.62588817255938378 18.095400000000001 10.443500000000002 28.010500000000004 11.097400000000002 0.018951200489680738 31.450950000000002 -0.55657520495441892 9.8705000000000016 0.025201584399433818 8.7649000000000026 12.099500000000001 0.053729698564148505 13.52048760330617 -0.78656609248549325 0.18531639269444711 -0.10088855117215338 0.32104015770704591 0.13797131223555245 0.49100819010266472 12.066800000000002 9.1796000000000006 -0.81925291736142503
decision_type=2 2 2 2 2 2 2 2 8 2 8 10 2 2 2 2 2 10 2 2 2 2 2 2 2 2 2 2 2 2
left_child=3 2 -2 -1 5 -5 7 9 18 -6 12 -12 -10 -14 15 -15 17 -7 22 -20 -21 -22 23 25 27 -9 -27 -25 -29 -24
right_child=1 -3 -4 4 6 16 -8 8 10 -11 11 -13 13 14 -16 -17 -18 -19 19 20 21 -23 29 24 -26 26 -28 28 -30 -31
leaf_value=0.017902678678199321 0.012569803692370044 -0.024546590543293185 0.0020382090699922442 -0.0010068293031652892 0.001023699165130012 -0.0095648252171889048 -0.0023804434886071841 -0.001516240231110065 3.009669247627878e-05 0.0061308222437631175 -0.022573928827760017 0.0069433644981192867 0.00072305506637816556 -0.022311332574707937 -0.0036490881713221236 0.0030116098442342742 -0.0035185053034572748 -0.036396959635826155 0.0046138870559157595 -0.0058403225615584189 -0.059770878680408389 -0.019506846949403536 0.0082513900071933682 0.0011457031294499923 0.023870292244523104 -0.044870441709675836 -0.0077112640801211075 -0.0035748449118557946 -0.033910329461319395 0.00020534802357107822
leaf_weight=77.057886332273483 307.34070271253586 38.306232511997223 4852.8651537001133 5419.441057831049 6254.1605895459652 420.03229370713234 3864.0298493206501 172.3780463039875 4735.7193496227264 1528.2405087053776 129.17217940092087 47.214658677577972 1212.882222443819 209.79343619942665 3775.8364302814007 89.97510427236557 1393.2778522968292 37.415389895439148 382.61690381169319 220.48354759812355 22.716486722230911 110.46448445320129 1044.5129679143429 8160.5637889802456 62.358983159065247 35.633704662322998 49.887186527252197 160.35167098045349 44.542130827903748 588.84696954488754
leaf_count=173 201 86 3332 4361 6322 286 7397 258 4125 2000 248 28 1760 129 3005 58 1160 21 856 495 51 248 689 6282 35 20 28 96 25 665
internal_value=-6.00139e-05 0.00246257 0.00266778 -0.000385875 -0.000421401 -0.00217139 -3.4666e-05 0.00027755 -0.00036313 0.00202725 -0.00194034 -0.0146782 -0.00171476 -0.00327695 -0.00446722 -0.0147259 -0.00557916 -0.0118341 0.00109218 -0.00422559 -0.0137747 -0.0267689 0.00147198 0.000741697 0.00103715 -0.00888014 -0.0235339 0.000864114 -0.0103022 0.00535259
internal_weight=45448.1 5198.51 5160.21 40249.6 40172.5 7270.17 32902.4 29038.4 21256 7782.4 10200.6 176.387 10024.2 5288.49 4075.6 299.769 1850.73 457.448 11055.4 736.281 353.665 133.181 10319.1 8685.72 8427.82 257.899 85.5209 8365.46 204.894 1633.36
internal_count=44440 3619 3533 40821 40648 5828 34820 27423 19101 8322 9353 276 9077 4952 3192 187 1467 307 9748 1650 794 299 8098 6744 6438 306 48 6403 121 1354
is_linear=0
shrinkage=0.03


Tree=108
num_leaves=31
num_cat=0
split_feature=37 24 15 33 14 33 4 48 14 3 46 6 5 21 44 24 9 21 3 50 24 6 24 9 44 3 41 3 42 5
split_gain=32.1325 27.0591 38.1647 24.8578 22.9673 22.544 25.6033 26.8609 26.458 25.3957 25.7534 23.3717 21.5838 21.5115 20.3435 19.6252 25.966 37.8018 25.773 29.2834 18.8848 30.0123 39.6424 32.8523 46.7984 38.1817 35.9161 28.646 24.8339 33.9949
threshold=0.54252145214521452 -0.77786766366919291 28.081518492622127 1.0000000180025095e-35 2.4639309917350549 0.022511397116955507 27.553850000000001 0.08302102022282766 0.46676404958668544 8.4555000000000025 0.0084705320327373729 7.8930500000000006 32.027350000000006 1.0258553676943756 1.0000000180025095e-35 -0.72101013194340913 11.032450000000003 -1.4337893892038929 10.306500000000002 32.047450000000005 0.33931202449298198 11.339950000000002 0.13930990466364487 10.896700000000001 0.13550937897667198 10.234500000000002 9.3599500000000013 9.4305000000000003 0.46646095282039457 31.956850000000006
decision_type=2 2 2 2 2 2 8 2 2 2 2 10 10 2 2 2 10 2 2 2 2 10 2 8 2 2 2 2 2 10
left_child=1 3 5 -1 -5 6 8 -8 -3 10 14 -11 15 -10 -7 -2 20 18 19 -18 21 -17 23 24 25 28 -25 -24 29 -23
right_child=12 2 -4 4 -6 9 7 -9 13 11 -12 -13 -14 -15 -16 16 17 -19 -20 -21 -22 22 27 26 -26 -27 -28 -29 -30 -31
leaf_value=0.029705704486887453 0.011062875264601108 -0.0014371708747139725 -0.017162297271402102 -0.00052312651428232523 0.0028000396114562444 0.0082669419200032297 -0.020746909540666131 -0.0031430881343810346 0.0016072422014351505 -0.0022505864345520698 -0.0035961912677370585 8.9059590579191645e-05 0.0088485119276317369 -0.0031573703470026927 -0.020110368748708436 0.0090920434505371 -0.0039499081691911951 1.512208489851271e-05 0.0025036373897439207 -0.037737395515232822 -0.012287657384834682 -0.052146250400732438 0.0049365731770614546 -0.022532201774273793 0.0020545228931880444 0.0071818367537092483 0.012753769665688071 -0.030960080171118596 -0.0070924256155829599 -0.012195136081026762
leaf_weight=26.725278496742249 192.42200517654419 4744.6277757883072 124.27254500985146 3515.7103862464428 4001.2196122705936 26.279857188463211 87.747997730970383 649.86968877911568 10604.145086199045 7006.0317579209805 1448.9555158317089 8508.8832520544529 436.51288211345673 926.47632122039795 147.4344530403614 544.3048387169838 35.633704662322998 381.72606119513512 39.197075128555298 65.922353625297546 75.721622407436371 40.087917745113373 30.288648962974548 27.170699805021286 1487.7071696519852 55.232242226600647 343.86524999141693 56.568506151437759 57.013927459716797 37.415389895439148
leaf_count=60 153 5231 276 6258 4666 41 188 694 8069 5673 994 8036 257 1057 91 661 20 215 22 37 158 24 56 61 835 31 568 121 32 21
internal_value=-3.27597e-05 -0.000275858 -0.000633874 0.00135066 0.00124591 -0.000573227 0.000200389 -0.00526252 0.000448283 -0.00134118 -0.00491102 -0.000967526 0.00256877 0.00122417 -0.0157946 0.00177655 0.0012282 -0.00489752 -0.0181268 -0.0260362 0.00239112 0.00281035 0.00120562 0.00205099 0.000262093 -0.0137283 0.0101162 -0.0185286 -0.0223036 -0.0332605
internal_weight=45725.2 41818.4 34274.7 7543.66 7516.93 34150.5 17012.9 737.618 16275.2 17137.6 1622.67 15514.9 3906.79 11530.6 173.714 3470.28 3277.86 522.479 140.753 101.556 2755.38 2679.65 2135.35 2048.49 1677.46 189.749 371.036 86.8572 134.517 77.5033
internal_count=44606 41334 30350 10984 10924 30074 15239 882 14357 14835 1126 13709 3272 9126 132 3015 2862 294 79 57 2568 2410 1749 1572 943 108 629 177 77 45
is_linear=0
shrinkage=0.03


Tree=109
num_leaves=31
num_cat=0
split_feature=18 33 22 23 46 15 24 8 47 7 5 5 47 24 47 11 41 3 47 29 32 3 8 7 7 3 3 25 25 28
split_gain=33.1425 44.626 27.2576 37.4214 60.1017 55.5461 63.1255 40.5833 32.6478 33.7808 30.9417 35.6066 33.1483 67.4511 51.9396 48.2599 49.5891 48.0596 43.9869 37.1476 40.8882 38.0391 30.4251 34.7163 27.1069 31.7179 26.8548 40.5144 101.158 41.2187
threshold=-1.2746956594384196 0.018951200489680738 -0.5 1.0000000180025095e-35 0.021709867258160355 15.65679491749175 0.35544221683359195 8.9316500000000012 10.643150000000002 32.025450000000006 32.039450000000009 32.030850000000008 10.058900000000001 0.22386011952790016 10.277300000000002 21.851400000000002 9.3599500000000013 10.621500000000003 12.145800000000001 12.025086363636714 27.206875000000004 10.016500000000002 10.887950000000002 31.95495 31.874950000000002 9.9495000000000022 8.7465000000000028 -0.9955251950901236 -0.9937528315903793 23.907250000000001
decision_type=2 2 2 2 2 2 2 8 2 10 10 8 2 2 2 2 2 2 2 2 2 2 10 8 10 2 2 2 2 2
left_child=1 -1 -3 5 8 -4 10 -8 9 -5 11 12 22 14 24 -16 -17 -15 19 -18 21 -21 -7 -24 25 -14 -6 -28 29 -29
right_child=-2 2 3 4 26 6 7 -9 -10 -11 -12 -13 13 17 15 16 18 -19 -20 20 -22 -23 23 -25 -26 -27 27 28 -30 -31
leaf_value=0.0028712844128570749 -0.00079908742955549228 -0.0019019481494031013 0.0047230232097627356 -0.019918770906122891 -0.0021441563408222592 0.005199987270547499 -0.054734594875423065 -0.0092366012007488573 0.017657685711377179 -0.0023512642959113033 0.0079864277731023937 -0.028656540180357411 -0.042376285000598223 -0.041901806217186199 0.0095331165311622924 -0.038315575276339248 0.02359964929776498 0.013376780009456284 0.0010957014882804811 -0.018396309754525296 -0.00027370435848038496 -0.0023536603541149045 0.0086213117718759499 -0.023320904200622383 -0.0036990835398923749 -0.010242626353672605 0.012965543123932503 -0.036614035708217418 0.0046074554950425685 0.0011353459639763764
leaf_weight=6597.1349969208241 24324.903066426516 4983.8190183341503 1174.1305686235428 182.17731508612633 582.16564992070198 688.1759212911129 32.515755504369736 38.306232511997223 40.087917745113373 213.80222797393799 249.43593263626099 46.769237369298935 60.577297925949097 66.813196241855621 279.72458159923553 35.633704662322998 32.070334196090698 17.371431022882462 1074.3561955690384 421.36855763196945 331.39345335960388 194.64911171793938 49.887186527252197 76.612465023994446 67.258617550134659 51.668871760368347 473.92827200889587 76.167043715715408 3083.6517172157764 39.197075128555298
leaf_count=6387 24881 4469 1085 109 467 402 46 38 87 216 146 27 34 150 337 80 72 39 1416 238 186 110 28 43 43 29 410 60 2906 22
internal_value=-4.28554e-05 0.00082236 -9.95748e-05 0.000828501 0.00275176 -0.000980236 -0.00273648 -0.0305969 -0.00784365 -0.0104633 -0.0022014 -0.00293072 -0.00257352 -0.00420951 -0.00333044 -0.0021476 -0.00371515 -0.030472 -0.00309649 -0.00769116 -0.00877414 -0.0133392 0.00271239 -0.0107552 -0.0188437 -0.0278057 0.00383917 0.00478786 0.00357268 -0.0238885
internal_weight=45585.8 21260.8 14663.7 9679.9 4691.18 4988.72 3814.59 70.822 436.067 395.98 3743.77 3494.33 3447.56 2632.89 2548.7 2369.2 2089.47 84.1846 2053.84 979.481 947.411 616.018 814.676 126.5 179.505 112.246 4255.11 3672.94 3199.02 115.364
internal_count=44563 19682 13295 8826 4277 4549 3464 84 412 325 3380 3234 3207 2734 2545 2439 2102 189 2022 606 534 348 473 71 106 63 3865 3398 2988 82
is_linear=0
shrinkage=0.03


Tree=110
num_leaves=31
num_cat=0
split_feature=18 3 9 33 5 7 3 12 11 43 7 9 34 42 32 15 11 31 9 23 6 48 5 45 44 43 43 23 11 41
split_gain=40.8213 29.3759 34.013 34.1913 35.8111 30.1918 29.9515 29.1063 28.1737 35.4157 27.6042 26.2766 40.3733 23.3013 37.5715 26.8887 22.7795 22.9972 37.7701 42.024 30.4582 29.0555 34.1502 23.0727 23.0223 21.2865 35.8204 69.1348 21.1413 21.0544
threshold=-2.2986786012326248 10.490500000000003 12.487450000000001 0.1148300341810848 31.84815 32.188550000000006 10.046500000000002 9.0975500000000018 26.130400000000005 0.12393481906408287 31.822350000000004 10.836450000000001 19.714954958678195 0.56867189602799262 18.137850000000004 23.033892871287133 29.500150000000001 9.2638008264464027 8.3979000000000017 -0.5 7.2271500000000009 0.11219571621591688 31.888050000000003 -0.17856402631144566 3.2361728981364979 0.050979449599113047 0.14637606693173308 -0.9159756150367534 17.516050000000003 9.4473500000000019
decision_type=2 2 8 2 10 10 2 2 2 2 8 10 2 2 2 2 2 2 10 2 10 2 10 2 2 2 2 2 2 2
left_child=1 2 3 4 7 -3 29 -1 9 10 -8 13 -13 14 28 -15 17 18 20 -20 23 -21 -23 -2 -19 -6 27 -27 -9 -4
right_child=16 5 6 -5 25 -7 8 11 -10 -11 -12 12 -14 15 -16 -17 -18 24 19 21 -22 22 -24 -25 -26 26 -28 -29 -30 -31
leaf_value=-0.029659484518909568 -0.027672111616568358 0.003866122883487158 -0.0016759965259128941 -0.0036311317156829089 0.014366524377060081 0.016418501820547299 -0.03562488207622995 0.002592764636336297 0.0070889619639815877 -0.013842877050769479 0.015846003748567709 -0.014634158178314979 0.00058275712713066357 -0.027007942008460444 0.0094582306409979767 0.00036838695557030946 -0.012485160126967806 0.00038306432768858478 0.00075296819498326241 -0.025000533231912453 0.00098979687442362382 -0.017006903150848292 -0.002093373574483969 -0.0030853691004297116 -0.0018658816047975974 -0.034191669932466313 0.0044835221352061546 -0.00030155699433376086 -0.021818674132458915 0.0094595969862669837
leaf_weight=33.852019429206848 33.852019429206848 1738.4793662130833 183.0681577026844 1735.806838363409 148.77071696519852 190.64031994342804 9.7992687821388227 65.922353625297546 210.68427881598473 208.45717227458954 72.158251941204071 285.06963729858398 347.42862045764923 46.323816061019897 412.4601314663887 101.55605828762054 138.97144818305969 24364.990984171629 388.85280212759972 119.37291061878204 3175.4085067212582 247.65424740314484 311.79491579532623 2486.3417428135872 4923.6871417164803 60.577297925949097 2073.8816113471985 450.76636397838593 60.577297925949097 915.34078851342201
leaf_count=19 19 1710 411 978 91 191 22 37 233 444 162 160 195 26 233 57 312 23264 219 67 2056 139 175 1568 8750 34 1164 253 34 1473
internal_value=5.04865e-05 0.00181728 0.000959766 -0.000104836 0.00139328 0.00511444 0.00483309 -0.00259697 -0.00124343 -0.00729183 0.00933662 -0.00188065 -0.00628785 0.00218109 0.00507553 -0.00833114 -0.000406084 -0.000359178 -0.0019358 -0.00711112 -0.000964574 -0.0116104 -0.00871379 -0.00342647 4.94573e-06 0.00336849 0.00273028 -0.00437531 -0.00917666 0.00760383
internal_weight=45542.5 9351.62 7422.5 5822.99 4087.19 1929.12 1599.51 1353.19 501.099 290.415 81.9575 1319.34 632.498 686.84 538.96 147.88 36190.9 36052 6763.28 1067.67 5695.6 678.822 559.449 2520.19 29288.7 2734 2585.23 511.344 126.5 1098.41
internal_count=44496 7927 6026 3281 2303 1901 2745 761 861 628 184 742 355 387 304 83 36569 36257 4243 600 3643 381 314 1587 32014 1542 1451 287 71 1884
is_linear=0
shrinkage=0.03


Tree=111
num_leaves=31
num_cat=0
split_feature=18 31 7 44 48 3 49 24 33 3 48 35 33 31 24 3 24 6 44 3 35 22 21 48 47 22 4 46 4 16
split_gain=43.9285 31.1945 39.9813 42.045 48.5752 41.6357 34.3098 34.0273 30.915 30.6895 29.0662 29.0219 27.6954 24.5421 46.5374 37.6142 34.2618 29.336 26.6454 27.7894 23.8796 24.1369 33.1914 23.5095 25.5096 20.9845 19.6779 19.1901 18.8857 18.7434
threshold=-2.6846833041483325 20.250450000000004 31.967850000000002 0.3146121920767293 0.32410016169402184 9.3265000000000011 31.872750000000003 0.29033824002281988 0.26276989696310354 10.503500000000001 0.1898309965224711 0.01498089094267154 0.060085164558318332 9.1869500000000013 0.48030317736429479 8.6905000000000019 0.43442111757849838 7.1452500000000017 3.2361728981364979 10.2445 3.5212545773919675 -0.70710678118654735 -4.1994689363225675 0.25434248122798858 9.8111000000000015 -1.0000000180025095e-35 25.425350000000005 0.0084705320327373729 25.632000000000005 19.310375000000004
decision_type=2 2 10 2 2 2 2 2 2 2 2 2 2 2 2 2 2 10 2 2 2 2 2 2 2 2 10 2 10 2
left_child=1 2 5 -4 7 -1 28 12 9 -8 25 -12 -5 14 16 27 -2 -17 19 -15 21 22 -13 24 -24 -7 29 -16 -6 -14
right_child=13 -3 3 4 6 10 8 -9 -10 -11 11 20 26 18 15 17 -18 -19 -20 -21 -22 -23 23 -25 -26 -27 -28 -29 -30 -31
leaf_value=0.0098082623870679869 0.0050984384655411476 0.0078679648757321273 0.0094969709809819385 0.0016396735262563444 0.010378573476624769 -0.02229237861163837 0.0062954246187385517 -0.041144109082547634 -0.016443180657081887 0.021587860296546423 -0.016168254906408695 -0.03509332736349674 -0.017501037417057549 -6.8363535933227101e-05 -0.012735696184350206 -0.0035048299576168705 -0.018119227906722886 0.0011020281850676256 -0.0020440593745489379 0.0025224824756863882 -0.025393646093725526 0.0018527453096547867 0.0023994549261078411 0.0027174212071026322 -0.022215434267636877 -0.0054952718533415948 -0.030115721332040997 -0.0038383582966822951 -0.0073309895478608066 0.0094146192118052478
leaf_weight=295.75974869728088 73.049094557762146 808.88509583473206 907.32320496439934 204.89380180835724 67.704038858413696 94.429317355155945 554.10410749912262 24.943593263626099 42.760445594787598 149.66155958175659 105.11942875385284 32.070334196090698 59.686455309391022 23449.650195658207 330.50261074304581 1891.2588749527931 256.56267356872559 3630.6290837824345 4954.4212119877338 4428.8240682184696 32.070334196090698 1715.3174581825733 62.358983159065247 215.58391320705414 94.874738663434982 227.61028853058815 51.668871760368347 642.29752653837204 256.56267356872559 36.96996858716011
leaf_count=253 95 682 1173 241 38 167 311 35 24 84 65 18 59 20840 199 1165 162 2253 8831 5527 18 1100 35 124 105 349 32 431 144 38
internal_value=5.76188e-06 0.00238884 0.00154032 0.00443652 0.00126334 -0.000833893 0.00452735 -0.00796648 0.00806328 0.0095735 -0.00205746 -0.000852603 -0.005514 -0.000357265 -0.0019941 -0.00143495 -0.0129738 -0.00047618 -1.70004e-05 0.000343299 -9.74086e-05 0.000297015 -0.0062822 -0.00371658 -0.0124997 -0.0104743 -0.0153408 -0.00687115 -0.00361285 -0.00721512
internal_weight=45697.6 6040.36 5231.47 2356.28 1448.96 2875.19 1070.79 378.163 746.526 703.766 2579.43 2257.4 353.219 39657.2 6824.3 6494.69 329.612 5521.89 32832.9 27878.5 2152.28 2120.21 404.888 372.818 157.234 322.04 148.325 972.8 324.267 96.6564
internal_count=44598 5095 4413 2179 1006 2234 601 405 419 395 1981 1465 370 39503 4305 4048 257 3418 35198 26367 1400 1382 282 264 140 516 129 630 182 97
is_linear=0
shrinkage=0.03


Tree=112
num_leaves=31
num_cat=0
split_feature=43 42 22 33 14 35 7 24 24 5 28 48 45 9 48 35 8 4 24 22 48 9 40 9 33 43 24 28 5 4
split_gain=31.341 31.6351 32.8391 30.0232 34.4395 30.9017 33.5456 37.2591 32.9342 33.5306 31.8682 40.9251 29.3477 36.6734 29.1553 34.6623 28.8034 29.56 42.2909 36.4374 43.3187 26.8221 27.2865 26.5672 32.4412 32.0139 48.2667 54.9562 26.4115 34.4359
threshold=-0.032118441314856937 0.59521474987503376 0.12940952255126045 0.023332980949729059 0.46676404958668544 0.0095319568220576054 31.917650000000005 -0.60554068365937697 -0.52766804058324157 31.712150000000005 14.924950000000001 0.14400231054220547 0.2580148210782866 12.156300000000002 0.21394998560258713 3.5212545773919675 10.887950000000002 22.800200000000004 -0.049434980436038223 0.91597561503675362 0.26708086916074164 9.0589500000000012 18.838553176461851 8.3628000000000018 0.68528307782258813 0.081924104264529993 0.3714672281037254 17.475400000000004 31.43055 27.620300000000004
decision_type=2 2 2 2 2 2 10 2 2 8 2 2 2 8 2 2 8 10 2 2 2 8 2 10 2 2 2 2 10 8
left_child=-1 3 -3 4 -2 -5 7 -7 28 10 11 -10 -12 -14 23 16 -16 19 -19 20 -18 -4 -23 24 -11 -25 27 -27 29 -9
right_child=1 2 21 5 -6 6 -8 8 9 14 12 -13 13 -15 15 -17 17 18 -20 -21 -22 22 -24 25 -26 26 -28 -29 -30 -31
leaf_value=0.018849734983059439 -0.0014015006025825626 -0.00013026222544138346 -0.018744729576032352 -0.0049295193944643677 0.0012151789122541369 0.0010165137686401434 0.0012255699883584907 -0.00071398749020234347 -0.0047881605942224383 -0.0032749269170469866 0.003929694993611948 -0.061641474554076349 0.0039514877716060499 -0.014394374626681507 0.003320594113340937 -0.030665163812514124 -0.0075017411397582988 -0.0017236003197098743 0.020324464797146318 0.011589966581133464 -0.032208532732056268 0.024976572233657627 0.0074807053078912392 0.0010851490380215114 0.023417801251025983 -0.031660795068033452 -0.0043962589405892143 -0.010809203443876005 -0.014900881512587885 -0.020923453336560469
leaf_weight=77.948728948831558 6158.3950082659721 807.99425321817398 30.288648962974548 1694.8280780017376 17079.234644651413 3733.0759846866131 5688.0301067233086 457.89310491085052 469.91948023438454 1735.806838363409 1828.4544704854488 10.690111398696898 197.76706087589264 192.86742648482323 1056.0939219295979 33.852019429206848 473.92827200889587 967.4550815820694 84.184627264738083 73.049094557762146 73.049094557762146 90.865946888923645 651.65137401223183 278.38831767439842 40.978760361671448 155.00661528110504 625.37151682376862 427.60445594787598 321.14876326918602 89.97510427236557
leaf_count=175 8420 521 17 1228 15541 3989 5234 491 953 1866 2353 6 111 331 631 19 272 549 48 41 41 51 428 157 71 87 351 240 190 154
internal_value=-3.57798e-05 -6.85272e-05 0.0040997 -0.000218551 0.000521681 -0.00104913 -0.000703023 -0.00152621 -0.00251566 -0.00196035 0.000817785 -0.0061781 0.00233505 -0.00512002 -0.00320516 -0.000936084 -0.000556037 -0.00300566 5.89969e-05 -0.00819542 -0.0108541 0.00851672 0.00965248 -0.00512461 -0.00264648 -0.00808318 -0.0101952 -0.0164016 -0.00808198 -0.00406501
internal_weight=45605.8 45527.8 1580.8 43947 23237.6 20709.4 19014.6 13326.6 9593.48 8724.47 2699.7 480.61 2219.09 390.634 6024.77 2761.61 2727.76 1671.67 1051.64 620.026 546.977 772.806 742.517 3263.16 1776.79 1486.37 1207.98 582.611 869.017 547.868
internal_count=44566 44391 1017 43374 23961 19413 18185 12951 8962 8127 3754 959 2795 442 4373 1601 1582 951 597 354 313 496 479 2772 1937 835 678 327 835 645
is_linear=0
shrinkage=0.03


Tree=113
num_leaves=31
num_cat=0
split_feature=37 25 9 32 6 9 15 41 41 21 3 9 25 21 45 25 4 3 43 21 18 25 24 31 18 23 41 21 37 21
split_gain=43.4416 31.2466 53.6919 60.9563 45.9437 37.3335 56.9032 39.7667 32.1039 30.8842 27.5682 29.4328 43.2927 42.3197 33.8228 52.9374 47.1505 64.513 34.9003 78.2301 27.9534 27.5981 50.4867 47.0584 27.463 27.3779 25.8502 25.4784 30.527 25.1283
threshold=0.53564026402640275 -0.99052477729077237 10.386500000000002 19.246975000000003 13.111400000000001 10.026250000000003 18.397843768540593 10.440300000000002 11.475350000000002 -0.74034741742337207 8.7045000000000012 8.7752000000000017 -0.91595872546125101 -1.855969035871526 -0.0333275908137926 -0.76696334127844745 26.743700000000004 9.8515000000000033 0.53214055448098019 2.1849192055131739 -2.7110646402640248 -0.79382744783423187 -0.54939360607974019 19.88215495867799 -1.3013868861793989 -0.3794095225512602 7.3601500000000009 -1.6318189638662355 0.42123688732501313 -4.1994689363225675
decision_type=2 2 8 2 10 10 2 2 2 2 2 10 2 2 2 2 8 2 2 2 2 2 2 2 2 2 2 2 2 2
left_child=1 2 4 -4 5 9 7 -7 -8 -1 26 14 13 20 -12 16 18 -18 -16 -20 -13 22 23 -14 -17 -25 -3 -24 -29 -26
right_child=-2 10 3 -5 -6 6 8 -9 -10 -11 11 12 21 -15 15 24 17 -19 19 -21 -22 -23 27 25 29 -27 -28 28 -30 -31
leaf_value=-0.012462400884805786 0.0028380857991276028 -0.010952246209475913 0.051776454148525441 0.00020458374982541832 0.0021360901589349032 -0.05274625557430293 -0.0018999101785270285 -0.018729798463340309 -0.023935699412185193 0.0015523744989457608 0.0011934792365724514 -0.024210740069865094 -0.03108500144837759 0.0053807530310196914 -0.0018998192155240149 0.0040374583017229997 0.0024535591904027848 -0.025512791079919699 -0.007331874177854688 -0.053456025345937283 0.0030074679976482051 0.0012104980458504746 0.0060125406244405681 -0.013381155121192081 0.025331682924917547 -0.0005605625234248033 -0.0014662743869400675 0.0039131691546965353 -0.0066464478303928064 -0.0010528953897729224
leaf_weight=322.48502719402313 4192.7507748305798 267.25278496742249 20.043958872556686 1041.3950187563896 308.23154532909393 58.795612692832947 158.56998574733734 67.704038858413696 94.429317355155945 251.21761786937714 6524.97674497962 73.049094557762146 78.394150257110596 2730.8780410587788 2263.1856673657894 1142.5056557357311 114.47327622771263 209.34801489114761 542.07773217558861 34.297440737485886 62.358983159065247 8038.9637718200684 498.87186527252197 277.94289636611938 31.624912887811661 324.26671242713928 7173.9555911421776 420.47771501541138 592.41034001111984 7734.7410182654858
leaf_count=181 3464 150 27 1426 173 33 89 38 53 141 5937 41 44 1544 3131 2565 257 452 1097 77 35 4572 280 156 65 182 5693 239 334 12082
internal_value=-7.16213e-05 -0.000365942 -0.00374574 0.00122627 -0.00792712 -0.01118 -0.0184709 -0.03483 -0.0101864 -0.00633347 -0.000165248 0.000220569 0.00130988 0.00456785 -0.000546634 -0.00148718 -0.00482035 -0.0156494 -0.00358034 -0.0101643 -0.0117459 0.000396804 -0.00258604 -0.0093645 -0.000303217 -0.00649013 -0.00180839 0.000469832 -0.00226332 -0.000942209
internal_weight=45651.7 41458.9 2322.87 1061.44 1261.43 953.202 379.499 126.5 252.999 573.703 39136.1 31694.8 13097.6 2866.29 18597.2 12072.3 3163.38 323.821 2839.56 576.375 135.408 10231.3 2192.36 680.604 8908.87 602.21 7441.21 1511.76 1012.89 7766.37
internal_count=44558 41094 2161 1453 708 535 213 71 142 322 38933 33090 7427 1620 25663 19726 5014 709 4305 1174 76 5807 1235 382 14712 338 5843 853 573 12147
is_linear=0
shrinkage=0.03


Tree=114
num_leaves=31
num_cat=0
split_feature=48 49 24 24 23 33 9 22 31 4 31 16 9 5 23 24 3 21 9 4 35 3 43 24 45 47 24 3 25 47
split_gain=35.9559 33.2748 29.6243 44.3106 27.6823 27.0792 25.2257 33.9922 27.6435 24.9987 24.9709 24.5601 24.1099 26.8059 23.2202 23.1821 23.0952 22.5258 28.7408 26.1017 21.7953 23.4388 21.4274 21.8934 39.5614 46.6777 63.2238 30.9501 51.6356 25.6345
threshold=0.32104015770704591 31.94725 -0.60554068365937697 -0.54939360607974019 -0.3794095225512602 0.2426137068469135 11.652900000000001 -0.60355339059327362 12.312403719008829 29.500150000000001 10.973991735537281 23.758883471074576 9.2337500000000023 31.244850000000003 -0.3794095225512602 -0.53493989022977317 10.306500000000002 -2.4594497862182547 9.1420000000000012 25.425350000000005 1.0279831234616081 8.6265000000000018 -0.032118441314856937 -0.72101013194340913 0.25064519613578823 13.987200000000001 0.019350803001866129 9.5995000000000008 -0.59867820553660911 24.444998760330851
decision_type=2 2 2 2 2 2 8 2 2 10 2 2 10 10 2 2 2 2 10 10 2 2 2 2 2 2 2 2 2 2
left_child=9 2 5 4 -4 11 7 12 -9 22 -3 -2 -5 15 -10 -14 -12 19 -19 -16 21 -6 -1 27 -25 -26 29 -24 -29 -27
right_child=1 10 3 6 20 -7 -8 8 14 -11 16 -13 13 -15 17 -17 -18 18 -20 -21 -22 -23 23 24 25 26 -28 28 -30 -31
leaf_value=0.015569039545862202 0.012305762433246822 -0.020903106923681806 -0.018138656510458897 -0.025603960605647076 -0.017379762382383215 -0.020899789365583267 -0.0040161484220711556 -0.023319439920669094 0.00059753947930263828 -0.012366509161324495 0.0038287870297167375 0.0026714164322015031 -0.00081935117547198824 0.00062321444832900063 0.0029646363405456621 -0.031051628660597883 0.011556453016402238 -0.021776573377481349 0.0070612241770317786 0.025950448086468177 -0.022995824965156685 0.0017715714285539792 -0.000888809845324277 -0.00042061371160535149 -0.00081516885879792114 -0.0050316144953531303 -0.033877260072330891 0.014212246810416615 0.0018375000673384637 -0.020049005427216288
leaf_weight=75.276201099157333 274.37952589988708 32.070334196090698 181.73189377784729 40.978760361671448 69.485724091529846 39.197075128555298 808.43967452645302 30.288648962974548 599.0916596353054 154.561193972826 1741.1518940627575 1769.2134364843369 42.760445594787598 506.88944882154465 71.267409324645996 48.105501294136047 434.73119688034058 31.624912887811661 685.05797213315964 118.48206800222397 48.105501294136047 311.79491579532623 3969.1492780745029 27111.013349711895 1235.1532878577709 721.58251941204071 87.302576422691345 327.83008289337158 3942.8694208860397 118.48206800222397
leaf_count=169 154 18 102 23 39 22 456 17 337 347 990 1008 24 286 40 27 244 20 392 68 27 175 4960 24677 775 1620 196 478 6626 266
internal_value=1.98741e-05 0.00186226 0.000646537 -0.00100321 -0.00835561 0.00349249 0.000505353 0.0021874 0.00460548 -0.000365054 0.00498633 0.00397034 -0.00362488 -0.00207787 0.00518239 -0.0169885 0.00537734 0.00820867 0.00576014 0.0173781 -0.00418254 -0.00175496 -0.000315378 -0.000347666 -0.000732174 -0.00463614 -0.00971889 0.00101829 0.00279052 -0.00717098
internal_weight=45628.1 7884.85 5676.89 3594.1 611.118 2082.79 2982.99 2174.55 1535.81 37743.2 2207.95 2043.59 638.734 597.755 1505.52 90.8659 2175.88 906.432 716.683 189.749 429.386 381.281 37588.7 37513.4 29273.5 2162.52 927.367 8239.85 4270.7 840.065
internal_count=44583 4469 3217 2033 343 1184 1690 1234 874 40114 1252 1162 360 337 857 51 1234 520 412 108 241 214 39767 39598 27534 2857 2082 12064 7104 1886
is_linear=0
shrinkage=0.03


Tree=115
num_leaves=31
num_cat=0
split_feature=48 49 47 18 31 43 47 47 24 22 34 47 47 22 49 21 49 49 24 43 23 24 3 49 42 19 22 24 42 21
split_gain=36.3231 26.9985 28.562 29.6588 26.0603 25.2777 24.0087 23.8067 44.4773 41.4523 33.9885 56.2056 32.6555 23.6413 21.5964 31.2678 25.7496 20.9161 20.547 34.3922 49.451 52.3559 42.2148 41.702 30.8928 30.4541 30.681 27.2273 44.3749 27.5658
threshold=0.32104015770704591 31.94725 12.465781404959026 -2.5256701023102308 10.973991735537281 -0.032118441314856937 11.356450000000002 9.385250000000001 -0.52032787705993211 0.78656609248549325 19.803821694214886 10.795900413223171 9.173350000000001 -0.78656609248549292 30.938550000000003 -1.1652659013641686 31.458850000000002 31.526750000000003 -0.94705910369513524 0.39137422860827126 0.25881904510252057 0.30675521904633613 9.7315000000000023 31.828250000000001 0.54865613104164279 4.4721063498349833 0.98296291314453421 0.78122766944679256 0.11840081516514785 1.0258553676943756
decision_type=2 2 2 2 2 2 2 2 2 2 2 2 2 2 2 2 2 2 2 2 2 2 2 2 2 2 2 2 2 2
left_child=5 2 6 -4 -3 -1 7 9 10 12 11 -9 -2 -12 -8 16 -16 -18 -7 24 21 22 -21 -24 27 26 -25 -20 29 -29
right_child=1 4 3 -5 -6 18 14 8 -10 -11 13 -13 -14 -15 15 -17 17 -19 19 20 -22 -23 23 25 -26 -27 -28 28 -30 -31
leaf_value=0.016451369338855572 -0.030363822450498412 -0.024153237569187611 0.012647115749373173 0.0021615835313128929 0.0051329484227371491 0.002648801977979235 0.0042036582013056526 0.01457300677339874 0.0074108233763541366 0.010453223193283588 -0.011067311134349889 -0.021322991604761771 -0.0053069443185092954 0.003742489651660943 -0.0068287048601047909 -0.0013898407235287042 -0.040548104439420141 -0.013409068914883925 0.00036624332724725245 -0.00061168925433583105 0.00068088420584743771 -0.016622952142598704 -0.0042986777961469677 -0.015365985225929258 -0.033640727053773301 -0.045814615451156553 0.01200750743812708 -0.0011671286582067809 -0.022179934088484732 -0.011814495414044264
leaf_weight=79.730414181947708 52.559714376926422 26.725278496742249 318.92165672779083 1009.3246845602989 2150.4940763711929 1944.7094319462776 314.02202233672142 51.668871760368347 1031.5957499742508 137.18976294994354 114.02785491943359 155.00661528110504 377.71726942062378 618.69019719958305 391.0799086689949 1015.1151615679264 39.197075128555298 74.830779790878296 24315.994640260935 2201.2721055150032 2944.2348477244377 290.41469299793243 1527.7950873970985 377.71726942062378 23.607329338788986 25.834435880184174 40.087917745113373 3701.8964931070805 97.547266513109207 231.61908030509949
leaf_count=179 31 15 179 577 1219 4366 180 29 588 77 64 87 212 348 221 572 22 42 24174 2179 3553 385 2449 323 44 31 33 2080 159 130
internal_value=6.85351e-05 0.00192148 0.000835823 0.00468686 0.00476254 -0.000317666 -0.000334767 0.00155465 0.00311337 -0.00385525 -0.00160874 -0.012322 -0.00843103 0.0014258 -0.00294899 -0.00442826 -0.0105198 -0.0230095 -0.000353544 -0.000516806 -0.00233697 -0.0043275 -0.00346798 -0.00665533 -4.15089e-05 -0.0147432 -0.0127171 -1.23419e-05 -0.00229555 -0.00179693
internal_weight=45680.6 7878.17 5700.95 1328.25 2177.22 37802.5 4372.7 2538.46 1970.99 567.467 939.394 206.675 430.277 732.718 1834.24 1520.22 505.108 114.028 37722.7 35778 7407.36 4463.12 4172.71 1971.43 28370.7 443.64 417.805 28347.1 4031.06 3933.52
internal_count=44548 4463 3229 756 1234 40085 2473 1436 1116 320 528 116 243 412 1037 857 285 64 39906 35540 8953 5400 5015 2836 26587 387 356 26543 2369 2210
is_linear=0
shrinkage=0.03


Tree=116
num_leaves=31
num_cat=0
split_feature=36 24 3 7 44 3 33 46 33 37 47 5 25 47 24 9 25 7 4 24 41 45 34 24 3 4 41 41 25 25
split_gain=28.5136 25.178 27.3605 26.3245 46.8575 28.6569 25.796 29.7849 30.4952 25.1542 24.7443 22.5425 51.9615 36.7516 59.9886 36.0825 41.3575 41.1809 39.9534 42.3231 41.7814 33.1704 31.8675 49.9734 32.3012 30.878 40.1908 30.3841 26.8006 26.3081
threshold=8.1757000000000026 -0.61237985104942771 10.3725 31.914750000000002 0.058355374179996429 8.6425000000000018 0.023332980949729059 0.018993182023662829 0.4952507364961713 1.0000000180025095e-35 11.799550000000002 31.712150000000005 -0.85225707553516283 13.885650000000002 0.13930990466364487 10.386500000000002 -0.98932651372861458 31.811750000000004 18.817850000000004 -0.2028534878149206 9.977800000000002 0.23602323669790443 12.937525000000003 0.15632249006386423 9.7005000000000017 19.461150000000004 11.671950000000001 9.523200000000001 -0.87810534180523914 -0.99168640063982161
decision_type=2 2 2 10 2 2 2 2 2 2 2 8 2 2 2 8 2 8 10 2 2 2 2 2 2 10 2 2 2 2
left_child=1 2 -1 6 5 -5 9 8 -8 -3 -6 12 13 28 21 16 17 -13 -18 20 -20 -15 -17 -24 -25 -19 29 -26 -9 -27
right_child=-2 3 -4 4 10 -7 7 11 -10 -11 -12 15 -14 14 -16 22 18 25 19 -21 -22 -23 23 24 27 26 -28 -29 -30 -31
leaf_value=6.2293005974398081e-05 0.0023489722920928728 -0.024986099015811284 0.003275159062925572 -0.0079191666669282956 0.0031824193925482098 -0.00089255521807474095 0.0074699690804624413 0.0027881745424207221 0.058288913013963488 -0.00022410168679197706 -0.0024727537137561794 0.01466839740835422 -0.0055491116154298267 0.0071721091988077136 -0.021793298025257177 0.013587800999617216 -0.0052594285952472326 -0.022306419720286859 -0.036462235273768601 0.0094283475993356854 0.004888175687675151 -0.012854144339170415 0.00015298074444493291 -0.0033265935054638688 -0.0045674718618614676 -0.0020909331556618863 -0.023404039922249261 -0.050737690821807263 0.015316926274183157 -0.020303188370218765
leaf_weight=11205.018431067467 4090.3038739264011 36.079125970602036 3029.7557389140129 613.3451415002346 4537.0614461302757 3491.6576355993748 71.267409324645996 1513.0961842238903 11.580954015254973 8703.5323637723923 821.80231377482414 51.668871760368347 1345.1723510026932 253.44472441077232 139.86229079961777 137.63518425822258 2526.4296605587006 222.71065413951874 39.197075128555298 340.30187952518463 48.105501294136047 104.22858613729477 1310.8749102652073 51.22345045208931 19.153116255998611 409.78760361671448 140.75313341617584 39.197075128555298 170.15093976259232 85.520891189575195
leaf_count=12547 3393 63 4585 450 3451 2379 145 1339 23 7681 1470 29 1826 569 314 267 1418 125 22 191 27 234 1200 115 43 230 79 88 166 48
internal_value=-4.04117e-05 -0.000276137 0.000746307 -0.000810543 0.000467512 -0.0019441 -0.00149115 -0.00261544 0.0151841 -0.000329172 0.00231488 -0.00278191 -0.000914262 0.00194589 -0.0052104 -0.00399594 -0.00554947 -0.0111371 -0.00382417 0.00464828 -0.01388 0.00131675 -0.000141649 -0.0014806 -0.0208484 -0.0127049 -0.00931335 -0.0359149 0.00406298 -0.00527007
internal_weight=45559.9 41469.6 14234.8 27234.8 9463.87 4105 17771 9031.36 82.8484 8739.61 5358.86 8948.51 3525.96 2180.78 497.536 5422.56 3864.48 910.441 2954.03 427.604 87.3026 357.673 1558.08 1420.45 109.574 858.772 636.062 58.3502 1683.25 495.308
internal_count=44517 41124 17132 23992 7750 2829 16242 8498 168 7744 4921 8330 4448 2622 1117 3882 2169 511 1658 240 49 803 1713 1446 246 482 357 131 1505 278
is_linear=0
shrinkage=0.03


Tree=117
num_leaves=31
num_cat=0
split_feature=42 22 47 21 24 41 24 3 8 28 8 47 11 24 36 8 5 22 22 15 47 5 5 22 24 4 3 28 3 22
split_gain=34.7804 26.2631 50.332 23.066 27.6627 35.4141 42.0942 117.54 54.3713 52.0928 41.7792 35.5603 34.059 32.5211 31.0227 38.8508 33.7043 29.8138 27.5375 31.1655 25.0727 36.7192 23.9446 23.8507 26.2626 23.7046 48.0851 25.6719 23.1363 22.6834
threshold=0.59521474987503376 0.60355339059327384 9.2206500000000009 0.69717335026708771 0.62334665204000361 8.6098500000000016 0.1051661082335764 9.536500000000002 9.3512500000000021 22.814800000000002 11.245850000000003 16.03115 16.727700000000002 0.53946920585801694 4.8300499999999991 10.541100000000002 31.799650000000003 -0.9159756150367534 -1.0000000180025095e-35 12.812014257916772 9.9578000000000024 31.942250000000005 31.959150000000005 0.37940952255126054 0.27383534524298775 1.0000000180025095e-35 9.959500000000002 19.021450000000005 9.9975000000000005 0.91597561503675362
decision_type=2 2 2 2 2 2 2 2 10 2 8 2 2 2 2 10 10 2 2 2 2 10 10 2 2 10 2 2 2 2
left_child=3 2 -2 25 5 12 8 11 29 10 20 18 13 -5 -10 16 -16 -18 -8 -20 -9 23 -21 -22 -25 26 27 -1 -23 -7
right_child=1 -3 -4 4 -6 6 7 9 14 -11 -12 -13 -14 -15 15 -17 17 -19 19 22 21 28 -24 24 -26 -27 -28 -29 -30 -31
leaf_value=0.021782027774581547 -0.032115261927340516 0.0097318186744777269 0.0028431173892769328 0.019605199449373573 -0.0070513084159778043 -0.028295068988780352 0.0054553492968634799 -0.010356964374286282 -0.0019359481722153837 -0.082736473149512407 0.01801741752602656 -0.036397190191949542 -0.035517910764407842 0.0030636398142345196 0.02696423560296753 0.00087672594710144151 -0.01895557489437464 0.010748965257790762 -0.045531296239834741 0.00050906295589001874 -0.033167696280255725 -0.088179850648912608 -0.02215763045360826 -0.019105125348851115 0.028893864066569411 8.4415995597602472e-05 -0.0087991425777242133 0.073918370116631466 -0.023467294903775124 0.0081017287938968934
leaf_weight=28.506963729858398 37.415389895439148 534.06014862656593 1056.5393432378769 139.41686949133873 789.28655827045441 85.966312497854233 419.14145109057426 91.75678950548172 2848.0238451361656 11.580954015254973 23.161908030509949 23.161908030509949 16.480588406324387 451.21178528666496 99.774373054504395 1216.8910142183304 35.188283354043961 191.08574125170708 16.480588406324387 205.78464442491531 102.00147959589958 13.808060556650164 51.668871760368347 48.105501294136047 12.02637532353401 36720.532654523849 35.188283354043961 12.02637532353401 8.9084261655807477 18.262273639440536
leaf_count=52 21 338 695 235 803 193 401 59 4927 26 49 52 37 629 224 770 46 216 10 213 229 22 47 108 27 33696 37 15 20 41
internal_value=-1.92323e-05 0.00428486 0.00161923 -0.000179616 -0.00176863 -0.00108739 -0.00184369 -0.00731851 -0.000590813 -0.0226754 -0.0200877 -0.000620537 0.00578423 0.00699478 -8.00892e-05 0.00334457 0.0125243 0.00606648 0.000625802 -0.00675676 -0.0233319 -0.029682 -0.00410809 -0.0243856 -0.00918971 0.000119223 0.0167773 0.0386583 -0.0648619 -0.0219015
internal_weight=45343.4 1628.01 1093.95 43715.4 6919.17 6129.89 5522.78 1027.59 4495.19 311.349 299.769 716.237 607.109 590.629 4390.96 1542.94 326.048 226.274 693.076 273.934 276.607 184.85 257.454 162.133 60.1319 36796.3 75.7216 40.5333 22.7165 104.229
internal_count=44238 1054 716 43184 9384 8581 7680 1263 6417 540 514 723 901 864 6183 1256 486 262 671 270 465 406 260 364 135 33800 104 67 42 234
is_linear=0
shrinkage=0.03


Tree=118
num_leaves=31
num_cat=0
split_feature=42 5 9 14 34 32 22 48 25 25 26 24 43 33 9 25 4 41 25 3 23 32 24 22 5 9 16 24 6 25
split_gain=24.6316 24.9253 39.5806 31.5787 24.8375 29.4313 24.4176 56.6729 28.4686 42.5531 27.2923 66.99 22.5142 22.2721 24.6163 36.9418 99.1093 78.8159 45.1334 97.4363 36.2213 33.2814 25.2089 24.635 24.5358 23.8622 22.8679 22.6895 22.5503 25.2735
threshold=0.57587764832545096 31.872750000000003 9.2013000000000016 11.060600000000003 20.494934710744179 25.634125000000004 0.91597561503675362 0.21710523401333429 -0.98932651372861458 -0.99628250747696534 27.909600000000005 -0.69674959280705229 -0.032118441314856937 0.037573767444857721 12.875050000000002 -0.98801846520836312 20.842750000000006 9.4473500000000019 -0.9575230291762723 9.6485000000000003 -0.78656609248549325 22.611850000000008 0.78122766944679256 -0.5 31.323650000000004 12.715250000000001 15.717665495867974 0.1051661082335764 10.126800000000001 -0.85225707553516283
decision_type=2 10 8 2 2 2 2 2 2 2 2 2 2 2 8 2 10 2 2 2 2 2 2 2 10 10 2 2 10 2
left_child=6 2 -2 -3 5 -4 12 8 9 -8 -10 -12 -1 -14 25 16 -16 20 19 26 -18 -22 28 27 -21 -15 -17 -19 29 -20
right_child=1 3 4 -5 -6 -7 7 -9 10 -11 11 -13 13 14 15 18 17 23 22 24 21 -23 -24 -25 -26 -27 -28 -29 -30 -31
leaf_value=0.015662979513505253 -0.024587471914663941 0.0035565581929313961 0.01546967798270333 0.015774483084259411 0.0063352874856637473 -0.0049664140430846111 0.018463648990087986 0.0066682601860798716 0.00078008188094963113 -0.023871981035137123 0.0019715137373963079 -0.041775512703642582 9.5157074589472454e-05 -0.0019503327364750211 0.044653876463329779 0.025164497177542947 -0.066526512827861553 0.0064388089874843008 0.011469399660543668 -0.0074304182095217683 0.0013984674024269414 -0.041864208392918878 -0.025134012468520889 0.017560688014344957 -0.027332847597818521 -0.01298135745382956 0.0011588273059765337 -0.029515746726805694 -0.00097138008538384571 0.0016789926279634766
leaf_weight=77.057886332273483 57.013927459716797 1230.2536534667015 69.931145399808884 224.49233937263489 442.74878042936325 599.98250225186348 26.725278496742249 1504.6331793665886 3531.7455533444881 94.429317355155945 93.983896046876907 46.323816061019897 23561.896365344524 10274.978739380836 59.686455309391022 44.987552136182785 12.917217940092085 66.813196241855621 347.87404176592827 82.402942031621933 47.214658677577972 23.161908030509949 31.179491579532623 175.9414167702198 177.72310200333595 178.61394461989403 160.35167098045349 19.598537564277649 1369.2251016497612 743.40816351771355
leaf_count=173 32 761 40 126 415 339 60 942 3894 110 211 104 24197 5791 134 101 29 150 778 185 106 52 70 395 399 101 360 44 2759 1522
internal_value=1.08348e-05 0.00283134 -0.000429312 0.00545154 0.000829542 -0.00281325 -0.000162367 0.00174376 -0.000210864 -0.0144585 0.000263028 -0.0126654 -0.000432018 -0.000465618 -0.0014219 0.000810683 0.00929236 0.00307492 -0.000354639 -0.0089192 -0.0221838 -0.0132269 0.00124822 0.011148 -0.0210807 -0.00214004 0.00651467 -0.00196021 0.00159261 0.00480758
internal_weight=45377.3 2624.42 1169.68 1454.75 1112.66 669.914 42752.9 5297.84 3793.21 121.155 3672.05 140.308 37455 37378 13816.1 3362.49 405.333 345.647 2957.15 465.465 83.2938 70.3766 2491.69 262.353 260.126 10453.6 205.339 86.4117 2460.51 1091.28
internal_count=44380 1713 826 887 794 379 42667 5321 4379 170 4209 315 37346 37173 12976 7084 910 776 6174 1045 187 158 5129 589 584 5892 461 194 5059 2300
is_linear=0
shrinkage=0.03


Tree=119
num_leaves=31
num_cat=0
split_feature=45 41 21 9 43 7 33 18 24 24 24 9 34 23 7 35 45 3 32 15 19 47 4 4 40 9 9 3 23 8
split_gain=25.5375 32.7088 31.5986 28.3342 30.1762 29.3819 28.2627 37.4662 26.7314 34.5477 43.26 31.7019 40.8521 37.0866 28.2995 33.8814 37.3655 26.2151 23.4698 20.8733 20.8226 26.3579 29.3526 21.0319 22.7324 22.4314 20.6235 18.3385 19.608 23.0531
threshold=-0.61109962911184723 9.3599500000000013 -0.22759422582420361 9.5416500000000024 0.0786405084277427 31.833250000000003 0.02097777395245291 -0.7728385133785326 -0.61237985104942771 -0.52766804058324157 -0.48314718476766422 10.797450000000001 20.819257231405356 0.91597561503675351 31.655250000000006 0.011010128732395168 -0.42957046190941278 10.396500000000001 27.614875000000008 17.291826405940601 3.9630162378688518 13.437900000000001 14.381200000000002 16.193750000000005 12.343179721998995 8.8409500000000012 11.136200000000002 9.7315000000000023 0.25881904510252057 8.5556000000000019
decision_type=2 2 2 8 2 8 2 2 2 2 2 8 2 2 10 2 2 2 2 2 2 2 8 10 2 8 10 2 2 8
left_child=1 2 -1 4 -3 -5 7 -2 17 11 -11 -10 26 18 27 16 -16 -8 -14 -7 21 22 -17 25 -25 -24 -13 -12 29 -29
right_child=6 3 -4 5 -6 19 8 -9 9 10 14 12 13 -15 15 20 -18 -19 -20 -21 -22 -23 23 24 -26 -27 -28 28 -30 -31
leaf_value=0.0042537984213545845 0.0019697806799118972 -0.016551829958040876 -0.03665444600094199 -0.025525006026114874 0.01478989466140535 0.044565431901584393 -0.00015169959389210575 -0.00047141190651713472 0.0053761935841876033 0.0081874888033968574 -0.0014874971279458117 -0.01076058786076995 -0.0037164659138028563 0.019792656939335226 -0.022515582308048766 0.00043102674816375332 -0.003223765965977096 0.004967074170758588 -0.020803232725460977 0.012686868363413902 -0.00094536777276111586 -0.0071688472763707951 0.0061709704339905644 -0.017268656857985936 0.0049019493459974148 0.022294037185120616 -0.026040461238763864 -0.0014478086188219838 -0.0011808143562891205 -0.0090835261854394049
leaf_weight=39.642496436834335 10426.867405503988 69.485724091529846 28.506963729858398 16.480588406324387 44.542130827903748 18.707694947719574 3655.5726770460606 12369.79515221715 169.70551845431328 441.85793781280518 3182.5352476537228 193.31284779310226 471.25574415922165 52.559714376926422 95.32015997171402 2069.4273982644081 1472.5628451704979 1193.7291061878204 84.63004857301712 360.34583839774132 4693.8497466444969 259.23520141839981 192.42200517654419 42.31502428650856 1086.8279922008514 130.50844332575798 137.18976294994354 510.45281928777695 846.74590703845024 1177.248517781496
leaf_count=44 9870 39 64 22 25 36 4082 13452 96 329 2891 158 482 82 70 1499 921 1654 157 485 3647 582 108 44 736 266 77 441 851 1293
internal_value=-1.58006e-05 0.00624604 -0.0131408 0.00885952 -0.00428683 0.0126507 -9.64063e-05 0.000645192 -0.000859331 -0.00141082 -0.00106 -0.00653187 -0.00868757 -0.00406339 -0.00131978 -0.000360505 -0.00441022 0.00110913 -0.0063505 0.0143733 0.000389165 0.00204582 0.002726 0.00599415 0.00405655 0.0127356 -0.0171626 -0.0030045 -0.00490808 -0.00677629
internal_weight=45533.6 577.711 68.1495 509.562 114.028 395.534 44955.9 22796.7 22159.3 17310 16201.3 1108.65 938.948 608.446 15759.5 10042.5 1567.88 4849.3 555.886 379.054 8474.59 3780.74 3521.5 1452.07 1129.14 322.93 330.503 5716.98 2534.45 1687.7
internal_count=44503 715 108 607 64 543 43788 23322 20466 14730 13678 1052 956 721 13349 7873 991 5736 639 521 6882 3235 2653 1154 780 374 235 5476 2585 1734
is_linear=0
shrinkage=0.03


Tree=120
num_leaves=31
num_cat=0
split_feature=36 8 21 9 3 3 47 4 44 32 24 24 47 24 34 4 44 33 4 24 46 23 5 33 18 9 4 8 25 25
split_gain=25.3297 27.9867 48.2763 42.3303 31.9035 31.1029 27.6083 26.0648 24.6358 23.3973 23.3244 22.4622 29.7895 69.0252 60.6721 55.1372 48.3609 43.7145 36.9136 34.9332 36.2365 31.2759 31.1055 27.6459 27.1343 29.2579 26.2989 25.546 24.7511 87.2772
threshold=10.027700000000003 9.5564500000000017 -2.1202180727631768 12.406600000000003 9.9205000000000023 10.254500000000002 9.4831000000000021 25.425350000000005 0.14630894644540962 22.802575000000001 0.08804500090241206 -0.72101013194340913 12.689828925620192 0.13930990466364487 13.600008057851761 26.197950000000002 1.5667759707162887 0.13367169015915445 21.922000000000004 0.019350803001866129 0.35820955673933569 -0.78656609248549325 31.04785 1.0000000180025095e-35 -2.8724210924092399 12.532500000000001 29.500150000000001 20.548150000000003 -0.93845867424155849 -0.98932651372861458
decision_type=2 8 2 8 2 2 2 10 2 2 2 2 2 2 2 8 2 2 10 2 2 2 10 2 2 8 10 10 2 2
left_child=11 2 7 5 -4 6 8 -2 -3 10 -6 23 28 15 -15 16 -14 22 21 -18 -21 -16 27 -1 25 -25 -26 -17 29 -13
right_child=1 3 4 -5 9 -7 -8 -9 -10 -11 -12 12 13 14 18 17 19 -19 -20 20 -22 -23 -24 24 26 -27 -28 -29 -30 -31
leaf_value=0.02857644614864089 -0.0039796143700958049 -0.034764529399558076 -0.0031278696578484365 0.019050114664513767 -0.039071310429887353 0.011416152229644995 0.0023909344271017896 0.028810508683018918 -0.0041718926942385017 -0.047697393855620634 0.014069725075391216 -0.0026084945896646425 0.004337771117929449 -0.0021481092440623763 -0.035237881897071256 -0.015947239414662799 -0.0026608994044340158 0.0060841787921692061 -0.059455622672355359 -0.010244360478144598 -0.075013927664213179 -0.012776958792999471 0.0084962295097319122 -0.0030999790145229663 0.00076903908867838355 0.013934525911611831 -0.01334140602281563 -0.0032076595799023899 -0.00078101082216635773 0.0038112782157271453
leaf_weight=31.624912887811661 44.987552136182785 34.297440737485886 73.494515866041183 182.17731508612633 12.917217940092089 292.19637823104858 549.20447310805321 40.978760361671448 73.049094557762146 36.079125970602036 15.144324481487272 3228.4136424064636 1517.9958186149597 279.72458159923553 74.385358482599258 522.03377330303192 1333.5913969874382 170.59636107087135 20.489380180835724 22.716486722230911 11.135532706975935 224.04691806435585 69.040302783250809 133.62639248371124 9577.8943919241428 279.72458159923553 119.37291061878204 195.09453302621841 21830.989161372185 4649.7530371248722
leaf_count=68 26 20 138 394 29 164 309 23 41 66 31 1899 3243 619 167 959 2712 347 46 51 25 503 149 75 12590 307 268 438 15736 3059
internal_value=-0.000111653 0.00392793 -0.00575147 0.00584509 -0.0167216 0.00329209 -0.000335367 0.0118025 -0.014177 -0.0320107 -0.0108947 -0.000235275 -0.00060345 -0.00289493 -0.0123615 -0.00141712 0.000652897 -0.00765412 -0.0212849 -0.00343785 -0.0330912 -0.0184744 -0.0106392 0.00100435 0.000915286 0.00843349 0.000593982 -0.0124907 -0.000260841 0.00118051
internal_weight=45646.8 1354.53 223.601 1130.92 137.635 948.747 656.551 85.9663 107.347 64.1407 28.0615 44292.2 34150 4440.85 598.646 3842.2 2885.44 956.765 318.922 1367.44 33.852 298.432 786.169 10142.2 10110.6 413.351 9697.27 717.128 29709.2 7878.17
internal_count=44502 1241 313 928 264 534 370 49 61 126 60 43261 29953 9259 1335 7924 6031 1893 716 2788 76 670 1546 13308 13240 382 12858 1397 20694 4958
is_linear=0
shrinkage=0.03


Tree=121
num_leaves=31
num_cat=0
split_feature=3 23 18 7 25 3 20 31 9 5 48 43 3 21 3 47 15 31 33 9 43 9 31 33 25 5 48 47 15 47
split_gain=26.2847 28.4819 50.1902 31.9772 55.9793 38.4962 38.0375 27.3278 27.1717 24.7054 49.8835 49.011 42.934 37.5064 32.4062 25.0517 33.461 24.5905 27.6952 24.0662 21.2513 40.0807 30.8923 29.0056 32.7525 24.8642 20.8701 20.6873 20.3521 19.5617
threshold=8.7045000000000012 0.25881904510252057 -1.2746956594384196 31.843850000000007 -0.79382744783423187 9.5775000000000023 26.821530443686584 9.0126152892562974 11.812900000000001 31.894550000000006 0.21394998560258713 0.42355459440045723 10.103500000000002 -1.8940514610384278 9.7115000000000027 13.437900000000001 19.214749639364086 13.618486363636793 0.13797131223555245 8.700350000000002 0.028716439178899874 8.3979000000000017 10.466571487603522 0.54769517137729096 -0.9937528315903793 31.84065 0.083882805608191363 10.277300000000002 11.619286950004199 11.752350000000002
decision_type=2 2 2 10 2 2 2 2 8 8 2 2 2 2 2 2 2 2 2 10 2 10 2 2 2 10 2 2 2 2
left_child=7 3 20 4 5 6 -2 19 -8 15 11 14 -13 17 -11 26 -17 18 -12 -1 21 -3 -22 29 -25 -23 -7 -19 -27 -24
right_child=1 2 -4 -5 -6 9 8 -9 -10 10 13 12 -14 -15 -16 16 -18 27 -20 -21 22 25 23 24 -26 28 -28 -29 -30 -31
leaf_value=-0.0047706523856652352 0.00096646288795345237 0.0072334664188491394 -0.00025973105766817755 0.0010762331443073523 0.00034694787891133522 0.014414462296615485 -0.014019646294466385 -0.0008823865329509017 0.0014994715416231394 0.018321933032309619 -0.040641914429132897 -0.079138284362927663 -0.023615231518882691 -0.0006700671522587901 -0.017339602693587509 -0.021241185592320477 -0.0051779391809851577 -0.01988126351605253 -0.0075597367268561595 -0.021377100587409711 0.011737834692143805 -0.023907456581369543 0.004985349408889438 -0.027072830262655216 0.0010154532435127609 -0.026612650188711805 -0.0021684001460348869 0.0082110926790607136 -0.00031624124414108266 0.0014002780593829532
leaf_weight=867.680708527565 2023.5490035116673 209.79343619942665 7623.8311125040054 9219.7756600677967 8301.7623437047005 71.712830632925034 293.97806346416473 7294.2193443775177 154.561193972826 24.498171955347061 55.232242226600647 20.043958872556686 34.297440737485886 488.62717518210411 243.20003432035446 140.75313341617584 667.68654111027718 44.542130827903748 39.197075128555298 85.520891189575195 407.56049707531929 81.512099415063858 3436.8708146810532 58.350191384553909 100.66521567106247 30.288648962974548 1126.9159099459648 48.105501294136047 172.82346761226654 2278.7754131555557
leaf_count=589 1774 288 8317 8813 8678 161 165 5819 182 16 31 24 65 278 162 316 1499 25 22 48 474 51 2187 38 103 17 856 27 103 3334
internal_value=2.58176e-05 0.00036389 0.0014101 -0.000291224 -0.00120625 -0.00356018 -0.000786699 -0.00150707 -0.00868051 -0.00584093 -0.00969785 -0.0193973 -0.045155 -0.00505328 -0.01402 -0.00391973 -0.00799741 -0.0164374 -0.0271328 -0.00628142 0.00328844 -0.00269577 0.00375976 0.00320437 -0.00939623 -0.0100142 -0.00116507 -0.00536293 -0.00434881 0.00355651
internal_weight=45646.3 37398.9 14400.5 22998.4 13778.7 5476.9 2472.09 8247.42 448.539 3004.81 997.744 322.04 54.3414 675.704 267.698 2007.07 808.44 187.077 94.4293 953.202 6776.64 494.418 6282.22 5874.66 159.015 284.624 1198.63 92.6476 203.112 5715.65
internal_count=44462 38006 14912 23094 14281 5603 2121 6456 347 3482 650 267 89 383 178 2832 1815 105 53 637 6595 459 6136 5662 141 171 1017 52 120 5521
is_linear=0
shrinkage=0.03


Tree=122
num_leaves=31
num_cat=0
split_feature=3 23 18 24 24 43 48 5 18 8 5 31 5 24 21 22 28 22 21 44 33 22 18 18 24 3 22 48 14 22
split_gain=26.5191 33.4465 45.9127 24.8563 22.3425 35.2039 58.993 64.0398 67.4135 50.5627 33.5789 43.9854 43.6646 39.0747 31.5685 31.2077 28.2866 44.7946 27.6326 30.5238 31.2056 26.5554 25.5799 25.3447 24.6033 24.0115 25.4393 23.8288 20.0351 19.5887
threshold=8.7045000000000012 0.25881904510252057 -1.2219053890024163 0.32308142426531927 -0.77786766366919291 0.39137422860827126 0.21710523401333429 31.956850000000006 -1.4207929702970288 9.8871500000000019 31.799650000000003 13.702872727273466 31.378950000000007 -0.52032787705993211 -2.234233075260359 1.0000000180025095e-35 27.626350000000006 -0.5 -1.6759539327738329 1.5667747340245615 0.062988094113093168 1.0000000180025095e-35 -3.209361959195602 -2.8334010033003305 0.33931202449298198 10.084500000000002 -0.98296291314453399 0.19282344341816735 7.0859500000000013 -0.78656609248549292
decision_type=2 2 2 2 2 2 2 8 2 10 10 2 8 2 2 2 2 2 2 2 2 2 2 2 2 2 2 2 2 2
left_child=3 4 29 -1 22 -6 7 14 9 -9 12 18 16 21 -7 25 -8 -18 19 -12 -21 -14 -2 -16 -25 -13 -27 -26 -15 -3
right_child=1 2 -4 -5 5 6 10 8 -10 -11 11 15 13 28 23 -17 17 -19 -20 20 -22 -23 -24 24 27 26 -28 -29 -30 -31
leaf_value=-0.00065472696008210291 0.016894236747610099 -0.0015227623790802639 -0.00017147780041028109 -0.004622813736070124 0.00010600265324528865 0.0064615615883185668 0.00092337300072840552 -0.023338764613491804 -0.0070832081116982719 -0.094610410894576627 0.0018055656516163593 0.0010142373105233077 -0.0084322737188191853 0.0015501041498800258 -0.029793433793975796 0.0063100824283512493 -0.030844589883205188 0.0012099889701257364 -0.0024328765627533973 -0.051400037580401833 -0.01324146504451054 -0.029087651974411995 0.0013918038085169902 -0.0053230845298856645 -0.013230070455043402 0.0091104976939807535 -0.019346551912551257 -0.047868668994032554 -0.012266797895339016 0.0037602883557356411
leaf_weight=6356.1620691418648 97.547266513109207 701.98398184776306 7353.9057996869087 1828.8998917937279 13213.868531405926 160.79709228873253 1140.2785491943359 17.371431022882462 41.424181669950485 19.598537564277649 37.415389895439148 912.22283935546875 99.774373054504395 213.80222797393799 43.651288211345673 1169.2309342324734 67.704038858413696 91.311368197202682 220.92896890640259 35.633704662322998 42.760445594787598 130.06302201747894 3446.670083463192 1232.9261813163757 150.10698089003563 37.415389895439148 108.68279922008514 19.598537564277649 167.92383322119713 6260.3964878618717
leaf_count=4967 90 703 8068 1445 11912 355 640 36 27 14 21 512 56 120 98 657 38 52 124 20 24 73 5479 2297 274 21 61 11 95 6072
internal_value=4.17926e-06 0.000344057 0.00148163 -0.00154183 -0.000366569 -0.000767207 -0.00263986 -0.00742165 -0.0337317 -0.062618 -0.00083764 0.00140549 -0.00384699 -0.01045 -0.00611806 0.00293396 -0.000733393 -0.0125454 -0.00868421 -0.0204869 -0.0310152 -0.0201963 0.00182312 -0.00752015 -0.00680625 -0.000798413 -0.0120464 -0.0174873 -0.00454421 0.00322748
internal_weight=45420.1 37235 14316.3 8185.06 22918.7 19374.5 6160.62 1685.47 78.3942 36.97 4475.15 2564.29 1910.86 611.563 1607.08 2227.55 1299.29 159.015 336.739 115.81 78.3942 229.837 3544.22 1446.28 1402.63 1058.32 146.098 169.706 381.726 6962.38
internal_count=44362 37950 14843 6412 23107 17538 5626 3112 77 50 2514 1440 1074 344 3035 1251 730 90 189 65 44 129 5569 2680 2582 594 82 285 215 6775
is_linear=0
shrinkage=0.03


Tree=123
num_leaves=31
num_cat=0
split_feature=10 42 24 44 24 6 10 35 9 16 23 20 31 31 11 5 11 22 9 5 10 11 9 8 24 44 33 15 6 22
split_gain=22.167 24.3016 22.6507 21.8801 26.8416 37.681 31.2627 28.6232 24.5251 23.8531 24.5145 28.8195 47.5775 21.0045 29.931 56.9253 20.297 19.591 52.2296 19.4758 19.5897 19.227 31.6476 38.9704 24.3337 18.4796 17.7872 17.7297 16.6931 15.6101
threshold=0.29712871287128717 0.59521474987503376 0.32308142426531927 3.2361728981364979 -0.62588817255938378 18.095400000000001 0.40960396039603958 0.011010128732395168 9.9200500000000016 26.374125000000003 -0.3794095225512602 26.821530443686584 19.504402066116409 17.684471487604267 27.347450000000006 31.244850000000003 27.490750000000002 0.12940952255126045 9.2436000000000025 31.436750000000004 0.37019801980198014 26.130400000000005 11.032450000000003 11.51205 -0.36647417525074694 0.029850185248708579 1.0000000180025095e-35 24.643547966069494 9.977050000000002 0.78656609248549325
decision_type=2 2 2 2 2 8 2 2 10 2 2 2 2 2 2 8 2 2 8 10 2 2 10 8 2 2 2 2 8 2
left_child=2 3 -1 4 6 7 -2 8 -6 10 11 -7 27 26 -15 -16 21 18 -3 -14 -21 22 29 -24 -23 -4 -12 -13 -27 -9
right_child=1 17 25 -5 5 9 -8 16 -10 -11 13 12 19 14 15 -17 -18 -19 -20 20 -22 24 23 -25 -26 28 -28 -29 -30 -31
leaf_value=-0.00057825310196417932 0.00092029652403846391 -0.039789336730711646 -0.0092226170461226567 -0.0019169624012643582 -0.0015446819000442286 -0.0018982939962689193 0.0054019242609442564 0.0011826587208265643 -0.021626786578432762 -0.020222861320239035 -0.024058750651823335 -0.041745724531172361 -0.0019892653769537595 0.004183591202245142 -0.023788213176565286 0.0018395241995365821 -0.016206923653217218 0.0077418854776320992 0.0022930447407350681 -0.017399845662411591 0.005950727114437792 -0.00067534488472730067 -0.036981926270551059 -0.00085633996528261254 0.020070168635361509 0.001790418646608002 -0.0010386879662618381 -0.013353715633172928 -0.0051566020950931509 0.0040512582856375781
leaf_weight=6330.7730545699596 6537.448541611433 26.725278496742249 508.6711340546608 4078.2774986028671 2064.5277638733387 3730.4034568369389 1782.1306544244289 7165.9380075931549 55.232242226600647 58.795612692832947 29.397806346416473 46.769237369298935 432.94951164722443 1668.5482208132744 105.11942875385284 293.97806346416473 55.232242226600647 697.52976876497269 621.80814635753632 172.82346761226654 39.197075128555298 90.865946888923645 40.978760361671448 74.830779790878296 114.47327622771263 504.66234228014946 4931.2593039572239 36.079125970602036 809.77593845129013 2240.9146019518375
leaf_count=4958 6610 15 347 7659 1632 3290 2267 6482 31 111 51 27 474 1706 155 168 31 450 424 97 22 51 23 42 65 374 4000 21 723 1980
internal_value=-1.05369e-05 0.000300043 -0.00142704 0.000151383 0.000416964 -0.000102484 0.00188084 0.00108188 -0.00207789 -0.00132353 -0.00122504 -0.0029649 -0.00842164 -0.000121132 0.00241846 -0.00495322 0.00176666 0.00425585 0.000500292 -0.00564816 -0.0130753 0.00187036 0.00167385 -0.0138464 0.0109312 -0.00437255 -0.00117993 -0.0296882 -0.00249005 0.00186638
internal_weight=45346.1 37192.2 8153.88 35846.2 31767.9 23448.3 8319.58 11903 2119.76 11545.3 11486.5 4458.22 727.818 7028.3 2067.65 399.097 9783.23 1346.06 648.533 644.97 212.021 9728 9522.66 115.81 205.339 1823.11 4960.66 82.8484 1314.44 9406.85
internal_count=44286 37884 6402 36995 29336 20459 8877 10337 1663 10122 10011 3931 641 6080 2029 323 8674 889 439 593 119 8643 8527 65 116 1444 4051 48 1097 8462
is_linear=0
shrinkage=0.03


Tree=124
num_leaves=31
num_cat=0
split_feature=24 42 24 7 46 28 42 3 33 44 31 31 24 21 21 22 15 3 24 15 21 22 47 24 24 24 5 18 3 24
split_gain=24.766 55.6475 68.1185 41.5253 45.3431 38.4659 36.1233 33.9788 26.9847 25.0873 23.6723 46.2746 23.3499 22.5292 25.6152 21.8499 23.3973 21.0949 21.5124 56.2822 25.0076 20.905 20.5342 22.8305 42.7677 28.9968 41.9855 21.3255 20.517 63.1702
threshold=0.30675521904633613 0.33538854923674394 0.35544221683359195 31.765350000000002 0.014177987340519059 20.701450000000005 0.38240473718614215 8.6575000000000006 0.020594368165187425 3.2361728981364979 10.542350000000001 11.029662809917811 0.53946920585801694 2.7954867803297154 0.38801565355776552 0.60355339059327384 15.366289168316955 10.554500000000003 -0.65234524191686594 25.356540019801983 2.1245167742181512 0.91597561503675362 11.898550000000002 0.48030317736429479 0.43442111757849838 0.3873823162447298 31.851750000000006 -1.1831717755775573 10.830500000000002 0.08804500090241206
decision_type=2 2 2 10 2 2 2 2 2 2 2 2 2 2 2 2 2 2 2 2 2 2 2 2 2 2 10 2 2 2
left_child=9 3 5 8 7 15 10 12 -2 17 -4 -12 -5 14 -6 -3 -17 -1 -19 20 28 -22 23 24 25 26 -10 -26 -20 -30
right_child=1 2 6 4 13 -7 -8 -9 22 -11 11 -13 -14 -15 -16 16 -18 18 19 -21 21 -23 -24 -25 27 -27 -28 -29 29 -31
leaf_value=0.00036470014573592542 0.00012484518922190933 -0.0044018526548090416 -0.0043173241406600426 -0.023625903959411033 0.0019234012948793997 -0.03901891973001291 -0.0544881025343203 -0.00089419249324238946 0.0019918460340986898 -0.0017227219626268747 -0.06142011950211955 -0.016771482590249843 -0.0065021073746395833 -0.019452982549528781 0.0098426651826609979 -0.0049765754922534338 0.024039112268996628 0.0060467865868439052 0.0059156782486288863 -0.021316750857122379 -0.031899970749476231 0.0091039379459995819 0.0039113576317430076 -0.0041402290128791219 -0.036731632944329094 0.0074556192316298994 -0.022764134936248792 -0.015418654052398657 0.0030616886256984088 -0.018332325733267464
leaf_weight=25420.194063484669 1465.8815255463123 303.77733224630356 72.158251941204071 86.41173380613327 4127.2738425135612 23.607329338788986 27.616121113300323 2365.187146961689 120.70917454361916 4649.3076158165932 25.389014571905136 107.34653529524803 406.66965445876122 40.978760361671448 402.66086268424988 43.205866903066635 57.459348767995834 1236.9349730908871 905.98694103956223 95.765581279993057 33.406598120927811 16.035167098045349 217.36559844017029 1947.3819597959518 61.022719234228134 117.14580407738686 124.71796631813049 142.53481864929199 748.753219217062 147.87987434864044
leaf_count=22333 1263 301 102 59 2888 53 62 1467 70 8449 24 154 262 92 544 43 90 1697 837 200 72 30 485 1738 35 68 70 80 718 152
internal_value=-0.000104341 -0.00125524 -0.00971863 -0.000773575 0.000574023 -0.00260207 -0.0227529 -0.00238932 -0.00315869 0.000320908 -0.0182317 -0.0257071 -0.00954477 0.00242717 0.00262935 -0.000385425 0.011659 0.000653118 0.00295438 0.000988507 0.00215274 -0.0186846 -0.00492062 -0.00568565 -0.0109849 -0.00478194 -0.0106297 -0.0219562 0.0027343 -0.000483275
internal_weight=45540.8 12286.5 660.56 11625.9 7429.18 428.05 232.51 2858.27 4196.76 33254.3 204.894 132.736 493.081 4570.91 4529.93 404.443 100.665 28605 3184.76 1947.83 1852.06 49.4418 2730.88 2513.51 566.13 362.573 245.427 203.558 1802.62 896.633
internal_count=44438 9950 829 9121 5312 487 342 1788 3809 34488 280 178 321 3524 3432 434 133 26039 3706 2009 1809 102 2546 2061 323 208 140 115 1707 870
is_linear=0
shrinkage=0.03


Tree=125
num_leaves=31
num_cat=0
split_feature=42 3 47 47 33 14 21 48 7 22 24 42 8 24 24 3 23 40 47 24 49 49 47 24 35 31 47 8 3 3
split_gain=22.0976 23.0328 40.359 21.6892 20.4515 26.8644 20.3196 21.9303 26.3288 19.8454 24.5876 25.5046 21.1816 47.515 41.8562 50.3882 40.1376 31.5492 30.2706 29.8717 30.3195 26.4268 26.0339 62.0859 34.8297 42.3915 32.7325 32.9783 30.2958 34.9522
threshold=0.59521474987503376 10.467500000000003 9.199250000000001 9.0750500000000027 0.024209337041899825 0.23714999999999933 0.67590965679816117 0.37209116884842847 31.917650000000005 -0.70710678118654735 0.78122766944679256 0.087803283731303097 8.5556000000000019 0.43442111757849838 0.46514529268026444 9.5995000000000008 1.0000000180025095e-35 14.344652049525083 8.6611000000000011 -0.60554068365937697 32.042750000000005 31.541050000000002 10.058900000000001 0.22386011952790016 0.079728939851672356 13.702872727273466 11.512900000000002 9.2657000000000007 9.3895000000000017 10.386500000000002
decision_type=2 2 2 2 2 2 2 2 8 2 2 2 10 2 2 2 2 2 2 2 2 2 2 2 2 2 2 10 2 2
left_child=4 2 -2 -3 5 -1 7 -7 -9 -6 12 -12 -11 16 15 18 17 -14 -15 -19 22 -17 24 26 -21 -26 -24 -28 -25 -30
right_child=1 3 -4 -5 9 6 -8 8 -10 10 11 -13 13 14 -16 21 -18 19 -20 20 -22 -23 23 28 25 -27 27 -29 29 -31
leaf_value=-0.0016403135977920175 -0.028010622285711686 -0.014709309347527224 0.0025213338346305484 0.013185645321717962 -0.0025193950118772451 0.0013248886875458982 -0.001764189853759877 0.0057354890551552301 -0.022103161133184241 0.0030237076225329068 -0.0020767344225609864 -0.011856166081096487 0.0030703561416448961 -0.015243828654060239 -0.0030997865597892781 0.0053960627057093383 0.0021946949069987457 0.00085260855251986052 0.013573982492405682 -0.018020405711513948 0.0058562331950832765 -0.034922164005074724 -0.0096149079824415316 0.0077845067816243452 -0.0046430671306991363 0.010668571700745682 -0.040393287006362286 -0.00069063399370227927 -0.048964432394460529 -0.0092414024087044584
leaf_weight=4857.7647880911827 39.197075128555298 26.725278496742249 1273.0140990614891 279.72458159923553 5330.3567961752415 16458.317340910435 2326.8809144496918 49.887186527252197 76.612465023994446 1832.0178409516811 1227.5811256170273 297.54143393039703 1063.2206628620625 80.621256798505783 916.67705243825912 16.480588406324387 4833.7120374441147 1437.819983124733 53.895978301763535 89.97510427236557 236.5187146961689 114.02785491943359 975.91808643937111 16.480588406324387 387.96195951104164 278.83373898267746 18.262273639440536 839.61916610598564 60.577297925949097 30.288648962974548
leaf_count=7243 22 15 812 196 4974 14276 2788 28 43 1809 689 212 851 46 810 34 4894 1791 64 52 138 64 613 37 220 158 41 1291 136 68
internal_value=-0.000119576 0.00332167 0.00158868 0.010713 -0.00024651 0.000349443 0.000860603 0.00122895 -0.0111657 -0.0009499 -0.000384806 -0.00399116 2.95383e-05 -0.000449718 -0.00614386 -0.0166215 0.000206056 -0.0015625 -0.00368266 -0.00268953 -0.00442482 -0.0298285 -0.00532796 -0.00716721 -0.000606989 0.00176618 -0.00585983 -0.00158186 -0.0292411 -0.0359682
internal_weight=45526.5 1618.66 1312.21 306.45 43907.9 23769.5 18911.7 16584.8 126.5 20138.4 14808 1525.12 13282.9 11450.9 1181.7 265.026 10269.2 5435.48 134.517 4372.26 2934.44 130.508 2697.92 1941.15 756.771 666.796 1833.8 857.881 107.347 90.8659
internal_count=44415 1045 834 211 43370 24378 17135 14347 71 18992 14018 901 13117 11308 1018 208 10290 5396 110 4545 2754 98 2616 2186 430 378 1945 1332 241 204
is_linear=0
shrinkage=0.03


Tree=126
num_leaves=31
num_cat=0
split_feature=18 35 22 9 5 49 3 23 21 25 42 22 21 25 23 9 3 35 8 25 3 25 28 5 31 9 40 3 25 9
split_gain=26.3874 29.0389 27.921 25.8091 27.0677 32.1643 30.3941 29.6488 25.4315 23.6199 20.6894 32.9611 31.2767 20.5085 41.4069 31.8696 25.4725 20.394 20.0066 19.8148 19.7146 33.3965 28.3853 21.7795 19.3372 41.6736 66.7561 27.5935 34.948 50.5493
threshold=-1.1718794471809655 0.10237251464059628 0.78656609248549325 8.5859500000000022 31.684150000000006 32.051250000000003 9.6485000000000003 0.60355339059327384 -2.5851677704192535 -0.99168640063982161 0.36990617910562545 1.0000000180025095e-35 -1.4337893892038929 -0.99628250747696534 1.0000000180025095e-35 10.125950000000001 9.3155000000000019 0.060721835448499718 10.014850000000001 -0.99983123799342477 10.634500000000001 -0.97315270831292444 22.064550000000001 32.030850000000008 21.445609917355849 11.032450000000003 19.604413969284206 9.6695000000000011 -0.95998493203694346 10.722800000000001
decision_type=2 2 2 10 8 2 2 2 2 2 2 2 2 2 2 10 2 2 10 2 2 2 2 10 2 10 2 2 2 8
left_child=1 3 20 8 -5 6 10 -8 -1 -9 11 17 -13 14 15 18 -16 -6 -4 -10 23 22 -22 24 25 27 -27 28 29 -3
right_child=-2 2 13 4 5 -7 7 9 19 -11 -12 12 -14 -15 16 -17 -18 -19 -20 -21 21 -23 -24 -25 -26 26 -28 -29 -30 -31
leaf_value=0.0097197381215703219 -0.00065312797883820839 0.0019101503054841159 -0.018261693838952823 0.00060788263450042108 0.0032768370287390679 0.006425706515063973 -0.013903045787653098 -0.011387740393648526 0.041466978412262975 0.010472289973717231 0.0011758273841389662 -0.0057113043365538442 -0.028969781471869502 0.0028316696265478841 0.0026740313189966745 -0.022141903883276338 0.023471719415287546 -0.018729233258663838 0.012492490140936287 -0.0001746211696138599 0.005613310064988615 0.0085520662335572106 -0.022337117322625041 0.004759917560002767 0.0022250586745274346 -0.035239013810345929 -0.0034858808863299454 -0.0017137577824842655 -0.0013080640805524498 0.011978925765829589
leaf_weight=293.97806346416473 22808.243511736393 1851.6163785159588 22.716486722230911 1282.3679465353489 224.93776068091393 199.54874610900879 598.64623832702637 83.739205956459045 9.3538474738597852 92.647632122039795 541.63231086730957 115.80954015254974 94.429317355155945 3578.5147907137871 75.276201099157333 48.105501294136047 180.39562985301018 44.542130827903748 96.656423896551132 1531.8038791716099 65.476932317018509 592.85576131939888 63.695247083902359 974.581822514534 2905.0377725958824 60.577297925949097 1863.1973325312138 2991.0040850937366 1640.486678391695 591.51949739456177
leaf_count=429 23396 1043 42 722 127 112 336 47 21 52 304 65 53 3360 64 27 150 25 79 2305 66 845 98 598 3105 34 1051 3100 1682 1067
internal_value=6.76566e-05 0.000791392 0.00136952 -0.00119854 -0.00279287 -0.00497703 -0.00624656 -0.0107227 0.00164955 8.86034e-05 -0.00284273 -0.00737294 -0.0162456 0.00357192 0.0098107 -0.00178314 0.0173826 -0.000416327 0.00653693 0.000104842 0.00072127 0.00554162 -0.00823486 0.0004506 9.74086e-05 -0.000589651 -0.00450354 0.000475122 0.00207837 0.00435185
internal_weight=45523.4 22715.2 17601.7 5113.44 3278.3 1995.93 1796.38 775.033 1835.14 176.387 1021.35 479.719 210.239 4001.67 423.15 167.478 255.672 269.48 119.373 1541.16 13600 722.028 129.172 12878 11903.4 8998.4 1923.77 7074.63 4083.62 2443.14
internal_count=44405 21009 16411 4598 1843 1121 1009 435 2755 99 574 270 118 3722 362 148 214 152 121 2326 12689 1009 164 11680 11082 7977 1085 6892 3792 2110
is_linear=0
shrinkage=0.03


Tree=127
num_leaves=31
num_cat=0
split_feature=3 42 31 9 45 24 47 24 4 45 4 33 7 8 4 25 25 21 34 22 3 33 18 32 9 8 22 9 18 43
split_gain=21.8744 26.2434 20.7876 21.0945 19.3467 27.8886 32.8937 76.9421 55.7594 36.9068 35.6943 26.3452 23.0486 22.0397 20.857 19.6626 43.3341 36.5778 32.0602 28.4227 26.1729 33.6429 30.9915 25.2832 26.3022 23.9275 21.8218 21.393 19.6505 19.3636
threshold=8.5455000000000023 0.59521474987503376 9.0126152892562974 8.6384500000000024 -0.040553458689333993 -0.60554068365937697 13.60791322314059 0.15632249006386423 26.743700000000004 0.23242782973837844 21.192550000000004 1.0000000180025095e-35 32.423400000000008 9.672150000000002 29.500150000000001 -0.99052477729077237 -0.9575230291762723 1.9306100950169649 15.641796694215133 0.78656609248549325 10.144500000000003 0.12575709920318559 -1.5749666105610556 22.473250000000004 9.9696000000000016 11.753150000000002 -1.0000000180025095e-35 9.4088000000000012 -0.090635001391039957 -0.0041826996636213877
decision_type=2 2 2 10 2 2 2 2 8 2 10 2 8 10 10 2 2 2 2 2 2 2 2 2 10 10 2 10 2 2
left_child=2 4 3 -1 12 11 15 8 9 -8 -9 -6 29 -11 28 17 -17 18 20 23 21 22 -7 -20 25 -25 -23 -22 -13 -2
right_child=1 -3 -4 -5 5 6 7 10 -10 13 -12 14 -14 -15 -16 16 -18 -19 19 -21 27 26 -24 24 -26 -27 -28 -29 -30 -31
leaf_value=-0.0047658127712673767 0.014038560222856275 0.0041314144032212159 -0.0011186219480722492 -0.021370237744171704 0.02780059930913642 -0.041120070856165494 0.0029978403823939519 -0.015226433839878543 -0.016838343976758777 -0.025275377485869353 -0.050582858309951254 0.0013987555020677906 0.012661481009734767 -0.0045313010485127439 -0.012401526852958427 0.0044749355276355396 -0.0010387733883198945 0.0078193170441986076 -0.022192535552315311 0.0098382636429351859 -0.020396101032008188 0.0028923231905372665 -0.010914071814472728 -0.0040665562775782423 0.0073131540076145111 -0.03220971734105444 -0.024651582357358873 0.0063695431521754112 -0.0016653865388749373 0.00077244828134350515
leaf_weight=622.25356766581535 98.88353043794632 1456.5276780724525 5402.9604694247246 76.612465023994446 31.179491579532623 81.957520723342896 1023.1327451169491 280.17000290751457 212.46596404910088 48.996343910694122 27.616121113300323 8820.6781678497791 150.55240219831467 604.43671533465385 108.68279922008514 1466.7723681628704 10183.221949875355 172.82346761226654 73.049094557762146 128.28133678436279 39.197075128555298 69.485724091529846 49.887186527252197 106.90111398696899 130.06302201747894 35.633704662322998 40.087917745113373 80.175835490226746 2394.1395319998264 11567.591376006603
leaf_count=413 222 957 4189 43 67 46 2297 623 468 110 62 9693 227 1357 244 842 8027 97 41 72 22 39 28 60 73 20 24 45 4502 9635
internal_value=-7.74803e-05 0.000180883 -0.00174901 -0.00661399 2.94598e-05 -0.000424912 -0.00128047 -0.00466828 -0.00239748 -0.000558491 -0.0185523 0.000694358 0.00103716 -0.006123 0.000617273 -0.00069217 -0.000344255 -0.0047107 -0.00731122 -0.00217232 -0.0140369 -0.0196999 -0.029859 -0.00664538 -0.00241326 -0.0112777 -0.00731652 -0.0025156 0.000744532 0.000886084
internal_weight=45584.4 39482.6 6101.83 698.866 38026.1 26209 14854.4 2196.82 1889.03 1676.57 307.786 11354.7 11817 653.433 11323.5 12657.5 11650 1007.54 834.72 473.928 360.791 241.418 131.845 345.647 272.598 142.535 109.574 119.373 11214.8 11666.5
internal_count=44545 39900 4645 456 38943 28859 14353 4917 4232 3764 685 14506 10084 1467 14439 9436 8869 567 470 266 204 137 74 194 153 80 63 67 14195 9857
is_linear=0
shrinkage=0.03


Tree=128
num_leaves=31
num_cat=0
split_feature=10 44 31 35 7 35 10 35 6 47 47 31 24 8 21 47 24 11 23 23 19 22 7 43 25 46 24 47 8 22
split_gain=22.9319 21.7632 22.8762 36.1999 32.6258 48.3611 47.7432 26.886 25.0301 25.3854 21.7998 19.9713 19.3128 27.3369 18.4333 17.6191 18.819 29.3624 24.0696 24.3642 16.977 33.6077 20.6308 19.1875 24.2765 18.6132 16.8813 49.9567 34.6865 18.9965
threshold=0.29712871287128717 3.2361728981364979 20.165078925620843 1.6841624426287616 31.843850000000007 1.2493990620070845 0.36359735973597357 0.011010128732395168 12.959150000000001 11.561383471074434 14.461750000000002 10.466571487603522 0.43442111757849838 8.7070500000000024 -5.7239223525402076 22.763050000000003 -0.64578423485557612 27.778600000000004 -0.3794095225512602 0.60355339059327384 4.0252304389438951 0.60355339059327384 32.329500000000003 0.028716439178899874 -0.8739740505118182 -0.0028650804122568804 0.053729698564148505 9.8440500000000011 10.090650000000002 0.91597561503675362
decision_type=2 2 2 2 10 2 2 2 10 2 2 2 2 10 2 2 2 2 2 2 2 2 10 2 2 2 2 2 10 2
left_child=12 2 4 15 5 14 10 -6 11 -10 -7 -8 -1 -14 -2 -4 -17 -18 -19 -20 23 25 -23 24 -9 -22 29 28 -28 -13
right_child=1 -3 3 -5 7 6 8 20 9 -11 -12 26 13 -15 -16 16 17 18 19 -21 21 22 -24 -25 -26 -27 27 -29 -30 -31
leaf_value=-0.0007287270729052634 0.018861981867706924 -0.0017317739533537462 0.0021621761759116251 0.0090058788670895236 -0.0016385898129385066 -0.0015861337208277506 -0.0035783306501489145 -0.016049843277917614 0.016098323870380443 -0.010841389330595226 0.011428992259618112 -0.011579144658563007 -0.0026773619505265863 -0.013395082196639868 -7.4511909758534096e-05 0.0005863249774583785 0.00011044072571705614 -0.0016626608906610025 -0.036334096124826146 -0.0033972341407585154 0.020692760773740212 0.003563689421885096 0.018772523480997776 0.0058510987555369263 0.0022703768809661921 -0.0012190364185797687 -0.014148665058664724 -0.030034321894588246 0.017394656853750461 0.0035166431202109652
leaf_weight=6732.0976533293724 45.432973444461823 4157.5624914765358 5126.7992582917213 622.69898897409439 2113.5241077840328 946.52028009295464 326.49381896853447 65.922353625297546 69.931145399808884 55.677663534879684 130.95386463403702 438.73998865485191 1322.4558642804623 254.78098833560944 12739.049416780472 759.88875192403793 184.40442162752151 54.341399610042572 67.704038858413696 28.952385038137436 34.297440737485886 1551.8478380441666 83.739205956459045 1796.3841362893581 2399.4845876991749 3040.4458503127098 123.82712370157242 153.67035135626793 40.978760361671448 89.97510427236557
leaf_count=5268 78 7762 4661 924 1688 688 310 49 40 71 294 331 1013 215 10882 1706 414 122 152 65 77 1240 77 1801 1643 2419 74 276 23 70
internal_value=-4.12604e-06 0.000313775 0.000570817 0.00211527 0.000167982 -0.000736432 -0.00466509 0.00140486 -0.00853477 0.00416565 4.82703e-06 -0.00989637 -0.00142908 -0.00441605 -5.74617e-06 0.00142433 -0.00202817 -0.00793571 -0.0176981 -0.026604 0.00212189 0.000880304 0.00435335 0.00349362 0.0017742 -0.000967971 -0.0123241 -0.0177833 -0.00624785 -0.0090084
internal_weight=45558.6 37249.2 33091.7 6844.79 26246.9 15161.3 2376.77 11085.6 1299.29 125.609 1077.47 1173.69 8309.33 1577.24 12784.5 6222.09 1095.29 335.402 150.998 96.6564 8972.12 4710.33 1635.59 4261.79 2465.41 3074.74 847.191 318.476 164.806 528.715
internal_count=44433 37937 30175 8044 22131 13137 2177 8994 1195 111 982 1084 6496 1228 10960 7120 2459 753 339 217 7306 3813 1317 3493 1692 2496 774 373 97 401
is_linear=0
shrinkage=0.03


Tree=129
num_leaves=31
num_cat=0
split_feature=35 22 18 35 32 9 32 23 25 25 10 25 48 16 28 25 22 35 5 10 10 5 25 24 25 4 41 10 23 7
split_gain=20.1974 27.4405 22.9544 24.1771 27.49 26.3267 43.7705 39.7081 78.2442 38.9992 38.01 29.587 34.0513 29.5843 27.1026 24.9597 24.6457 24.6165 20.7249 19.4094 22.3447 19.344 19.3032 22.1278 17.4315 32.9961 34.3259 34.3701 33.249 20.6951
threshold=0.11195539608058537 0.37940952255126054 -1.0983206383546367 3.5212545773919675 25.059200000000001 10.094050000000001 20.610525000000003 1.0000000180025095e-35 -0.99628250747696534 -0.99273797715557011 0.44102310231023101 -0.99983123799342477 0.24900879349679936 23.025254338843535 23.464300000000005 -0.96234030595689413 0.91597561503675362 1.4042784790596206 31.939350000000001 0.4559405940594059 0.33316831683168313 31.587850000000007 -0.98372925196996197 0.08804500090241206 -0.79382744783423187 13.434950000000002 8.5162500000000012 0.36359735973597357 0.60355339059327384 31.874950000000002
decision_type=2 2 2 2 2 8 2 2 2 2 2 2 2 2 2 2 2 2 10 2 2 10 2 2 2 8 2 2 2 10
left_child=24 -2 3 5 -5 6 10 8 11 -10 -3 -7 -13 19 18 16 21 -12 -8 20 -9 -11 23 -21 25 -1 -27 -28 -29 -30
right_child=1 2 -4 4 -6 7 14 13 9 15 17 12 -14 -15 -16 -17 -18 -19 -20 22 -22 -23 -24 -25 -26 26 27 28 29 -31
leaf_value=-0.01265800947372933 -0.00019298541166442492 0.0041699577173289586 -0.00033064165354468913 -0.034958865848151541 0.0029669980935974299 0.0025123550702434157 0.0041239273828401922 0.0028099938239087244 0.026402800526326639 -0.023398657803655604 -0.00062497500269816032 -0.0088665473027020689 -0.041177117629461552 0.0011817317662085438 0.007918623723787337 0.0005705952414333564 -0.030736414801407146 -0.024196237274275872 0.026167101687661728 0.011677908871877292 0.011935792213850598 0.0023767527539991086 0.0037597418666406404 -0.041732284982391836 -0.000201578204841335 0.0085485798859092181 -6.7423303393178264e-05 -0.0079648030258431257 -0.003742582843302976 0.0098251868580618244
leaf_weight=261.90772926807404 17307.735775798559 1439.6016683578491 3245.7850734293461 31.624912887811661 36.079125970602036 35.188283354043961 51.668871760368347 371.48137110471725 48.550922602415085 35.188283354043961 89.084261655807495 48.996343910694122 74.830779790878296 1478.3533221781254 567.46674674749374 1643.6046275496483 43.205866903066635 71.267409324645996 153.22493004798889 9.7992687821388262 693.07555568218231 94.429317355155945 68.594881474971771 20.489380180835724 13324.333015859127 273.93410459160805 2388.794476300478 1312.2111741900444 249.43593263626099 168.8146758377552
leaf_count=147 17104 811 3471 35 27 40 29 405 55 79 50 86 57 1387 323 1779 67 40 86 22 998 125 118 46 13183 297 1922 1365 284 136
internal_value=2.89768e-05 0.000537795 0.00175955 0.00271422 -0.0149994 0.00288673 0.00545931 0.00157781 -0.00158364 0.00014363 0.0026249 -0.0217158 -0.0285658 0.00399962 0.0113198 -0.000572387 -0.0113832 -0.0111861 0.0206554 0.00757616 0.00875693 -0.00474626 -0.00509623 -0.0246316 -0.00075377 -0.00233393 -0.0017157 -0.00240019 -0.00561854 0.00174403
internal_weight=45638.8 27659.3 10351.6 7105.81 67.704 7038.1 2372.31 4665.79 2023.99 1864.98 1599.95 159.015 123.827 2641.79 772.361 1816.43 172.823 160.352 204.894 1163.44 1064.56 129.618 98.8835 30.2886 17979.4 4655.1 4393.19 4119.26 1730.46 418.251
internal_count=44574 27240 10136 6665 62 6603 1339 5264 2288 2105 901 183 143 2976 438 2050 271 90 115 1589 1403 204 186 68 17334 4151 4004 3707 1785 420
is_linear=0
shrinkage=0.03


Tree=130
num_leaves=31
num_cat=0
split_feature=22 42 47 5 24 3 16 48 42 8 4 5 24 4 36 8 23 12 24 8 24 21 23 7 11 32 44 24 22 24
split_gain=20.9522 32.1669 24.611 19.1809 25.3942 30.0282 60.3766 74.3549 46.7939 46.7928 36.4353 35.5773 33.8558 28.1058 27.3718 52.3789 36.6915 34.1441 28.1501 46.7178 27.7606 26.7094 26.5814 26.4957 22.852 31.1086 33.5714 24.4832 25.0774 21.1998
threshold=0.37940952255126054 0.59521474987503376 9.0750500000000027 32.039450000000009 -0.60554068365937697 9.6795000000000027 15.612750000000002 0.32554654794338506 0.54525320106125286 9.6375000000000011 20.038500000000003 31.98235 -0.54939360607974019 27.620300000000004 9.5172000000000008 11.410450000000003 -0.78656609248549325 13.085934710744237 0.22386011952790016 10.014850000000001 0.29033824002281988 -3.4212203385153148 0.60355339059327384 32.239500000000014 27.560950000000002 18.248075000000004 0.040792029628168587 -0.50556189049999822 -0.60355339059327362 -0.54939360607974019
decision_type=2 2 2 10 2 2 2 2 2 8 8 8 2 10 2 10 2 2 2 10 2 2 2 8 2 2 2 2 2 2
left_child=3 -2 -3 4 -1 24 10 8 11 -9 -7 13 -11 14 18 16 -16 -17 -8 20 -20 -13 23 -14 25 -6 -27 28 -26 -28
right_child=1 2 -4 -5 5 6 7 9 -10 12 -12 21 22 -15 15 17 -18 -19 19 -21 -22 -23 -24 -25 27 26 29 -29 -30 -31
leaf_value=0.00049623021351881207 0.00049396513638305596 -0.01860229588431949 0.0087193385997629304 0.0022159307023502692 -0.001574207714644652 -0.00024698524932532549 -0.0039831004567427658 -0.02546771127816613 -0.035994301783759494 -0.01583862380810535 -0.028656938302117588 -0.0083484788571351956 0.0059801401190341334 -0.036004459699350795 0.033558405543233243 -0.050698323047205646 -0.015091972843109173 -0.014025880730036971 0.0050401128664571641 -0.039471320699573591 -0.018915605880725838 -0.032250787074498119 0.011881970008272928 -0.0080390088281640792 -0.030331985540014698 0.015879767492398618 -0.004986757600806027 -0.0029749220845385997 -0.0045643689976067325 0.0019746500147821873
leaf_weight=9045.6159285306931 16371.460185796022 30.288648962974548 602.20960879325867 2050.7197033166885 5996.7070733606815 3630.6290837824345 1224.9085977673531 57.013927459716797 58.795612692832947 81.957520723342896 40.087917745113373 75.276201099157333 294.42348477244377 29.843227654695511 21.380222797393799 47.214658677577972 36.079125970602036 45.432973444461823 81.066678106784821 54.341399610042572 92.202210813760757 97.10184520483017 270.81615543365479 204.89380180835724 65.922353625297546 145.20734649896622 437.84914603829384 536.73267647624016 69.931145399808884 3830.1778298914433
leaf_count=10546 16226 17 392 1778 4709 3168 1790 32 69 46 48 43 166 67 48 28 54 39 50 119 144 74 155 115 58 272 311 302 79 3520
internal_value=-8.33879e-05 0.000750662 0.00738368 -0.000578889 -0.000794661 -0.00146091 -0.00308931 -0.00642976 -0.00985944 0.000604093 -0.000564971 -0.0089886 0.00237638 -0.00761042 -0.00705955 -0.0192196 0.00327488 -0.0330565 -0.00579054 -0.0154575 -0.00774293 -0.0219212 0.00433285 0.000222842 -0.000513957 -0.000167429 0.00174403 -0.00586912 -0.0171983 0.00125949
internal_weight=45626.3 17004 632.498 28622.3 26571.6 17526 6443.46 2772.75 1863.64 909.105 3670.72 1804.85 852.091 1632.47 1602.63 150.107 57.4593 92.6476 1452.52 227.61 173.269 172.378 770.133 499.317 11082.5 10409.9 4413.23 672.586 135.853 4268.03
internal_count=44465 16635 409 27830 26052 15506 6255 3039 2525 514 3216 2456 482 2339 2272 169 102 67 2103 313 194 117 436 281 9251 8812 4103 439 137 3831
is_linear=0
shrinkage=0.03


Tree=131
num_leaves=31
num_cat=0
split_feature=36 4 9 7 28 8 49 24 9 4 5 43 47 9 47 47 3 14 24 6 22 23 16 7 42 9 35 9 22 33
split_gain=20.6907 19.0658 17.4432 17.279 19.1409 46.0215 32.8627 26.9651 52.8257 46.9987 33.6002 53.4849 28.0962 25.2873 34.161 25.1288 23.9163 22.1751 31.2859 29.7956 21.4868 19.3819 27.3101 26.7436 21.4731 32.0933 18.8491 23.8079 18.321 18.2976
threshold=8.1757000000000026 29.500150000000001 12.532500000000001 32.329500000000003 19.898800000000005 9.4787500000000016 31.568750000000005 0.12225609522135446 8.9085000000000019 21.456850000000003 31.952150000000007 0.14637606693173308 14.461750000000002 9.222450000000002 9.4196500000000025 9.5682500000000008 10.1835 11.429550000000004 -0.015050995721668367 13.039350000000002 -0.25881904510252113 -0.78656609248549325 19.513775000000003 32.023050000000005 0.50328949898104358 9.0426500000000019 1.0658610806246418 10.757700000000002 -0.60355339059327362 0.015445776124087993
decision_type=2 10 10 8 2 8 2 2 10 10 10 2 2 10 2 2 2 2 2 10 2 2 2 10 2 10 2 10 2 2
left_child=1 -1 3 4 6 21 20 8 9 -7 11 17 -11 -12 -15 -16 -9 18 19 -10 -2 22 23 -6 -23 -26 -13 -28 -5 -17
right_child=2 -3 -4 28 5 7 -8 16 10 12 13 26 -14 14 15 29 -18 -19 -20 -21 -22 24 -24 -25 25 -27 27 -29 -30 -31
leaf_value=-0.00020391101785976115 0.014724684689405488 -0.010622761634230182 0.011797493473206756 -0.0059722948348884305 -0.013545323412454228 0.057328487494188771 0.011840053690161757 -0.0055699447668806782 -0.052758359121745618 0.016109371972469498 -0.017885099252578002 -0.0025616408064830574 -0.0062194001167074292 0.025450532170626698 -0.014985834472043666 0.010965339181256724 -0.037576211838334005 -0.00044770058751849494 -0.0064575462405787347 -0.018743219851224454 -0.024871851338327471 0.0038799100944305496 0.00065889265799217594 -0.083804046094622275 -0.034795241340422514 -0.0032106891097242254 0.014459956364922137 -0.0015247116369636678 0.014881430827338846 0.0023560733427648809
leaf_weight=41410.373609393835 16.926009714603424 157.67914313077927 156.78830051422119 48.996343910694122 8.9084261655807513 20.043958872556686 292.64179953932762 133.62639248371124 37.415389895439148 208.0117509663105 44.542130827903748 709.11072278022766 66.367774933576584 67.704038858413696 60.577297925949097 304.66817486286163 24.052750647068024 65.922353625297546 78.394150257110596 63.249825775623322 39.642496436834335 72.603673249483109 12.917217940092085 11.135532706975935 49.887186527252197 67.704038858413696 158.56998574733734 176.38683807849884 159.90624967217445 816.45725807547569
leaf_count=40769 26 354 88 35 20 45 258 189 21 467 25 398 149 38 34 171 54 37 44 37 62 145 8 25 94 38 89 99 140 459
internal_value=-4.59756e-05 -0.000243687 0.00202207 0.00161748 0.00113028 0.000413822 0.00779485 0.00138218 0.00204546 0.0140628 0.000670749 -0.00275631 0.0107054 0.00408432 0.00488122 0.00368221 -0.0106583 -0.0153411 -0.0207913 -0.0317806 -0.0129741 -0.0127041 -0.0336281 -0.0547055 -0.00892097 -0.0167906 0.000208468 0.00606301 0.00998521 0.00470335
internal_weight=45541.2 41568.1 3973.16 3816.37 3607.47 3258.26 349.21 3035.1 2877.42 294.423 2583 1289.05 274.38 1293.95 1249.41 1181.7 157.679 244.982 179.059 100.665 56.5685 223.156 32.9612 20.044 190.195 117.591 1044.07 334.957 208.903 1121.13
internal_count=44418 41123 3295 3207 3032 2686 346 2356 2113 661 1452 725 616 727 702 664 243 139 102 58 88 330 53 45 277 132 586 188 175 630
is_linear=0
shrinkage=0.03


Tree=132
num_leaves=31
num_cat=0
split_feature=22 19 33 9 3 24 4 3 42 9 42 24 3 42 49 7 49 31 6 15 41 25 3 40 16 49 19 19 9 24
split_gain=27.7985 39.3383 26.8168 34.1233 26.1488 29.602 42.5861 22.3693 24.7114 41.186 30.058 23.8613 21.8531 21.5226 28.2193 20.9757 18.6375 23.3364 18.0136 42.3928 53.8444 34.3425 44.6042 29.5798 28.7909 30.3486 22.6637 22.4773 33.1217 106.881
threshold=0.91597561503675362 2.9335250820712671 0.2896356884087849 1.0000000180025095e-35 9.6585000000000019 0.3714672281037254 19.50375 9.0385000000000009 0.56188718421963324 9.2436000000000025 0.62065213211827597 0.32308142426531927 10.647500000000003 0.31307340331449229 32.013150000000003 31.872350000000001 31.94725 10.910985537190317 11.597750000000003 17.14202755115512 9.485100000000001 -0.79904327102181261 9.4095000000000031 11.802658517815585 15.612750000000002 32.061050000000009 0.76208969189638875 6.8526934257425767 9.822750000000001 0.13930990466364487
decision_type=2 2 2 10 2 2 10 2 2 8 2 2 2 2 2 10 2 2 8 2 2 2 2 2 2 2 2 2 8 2
left_child=2 -2 7 4 5 6 -4 11 18 10 -10 -1 15 -13 -15 -6 -11 -18 19 -9 -21 22 -20 -24 -25 27 -23 28 -26 -30
right_child=1 -3 3 -5 12 -7 -8 8 9 16 -12 13 -14 14 -16 -17 17 -19 21 20 -22 26 23 24 25 -27 -28 -29 29 -31
leaf_value=-0.00045961657116643678 -4.7099273024482414e-05 0.0051304764528228627 0.036713671405061793 -0.0051282986187799395 -0.013447776103113949 -0.0094167271448845468 0.0065928476751745506 0.0012145897903391525 -0.0025617242472329486 0.0020871166972076804 -0.03684536695904992 -0.002743394304234269 0.013348685774190615 -0.01554628990264512 0.013678243329752078 0.010705904931072759 -0.024894985557686301 0.0089828871244789846 0.0022169784982598874 -0.021714742334835758 0.026629918045600904 -0.00091789785081348974 -0.034533508135428798 0.0024137908886098331 0.001293549433545435 0.006973939490967777 0.0017457602141401373 -0.018595956791325318 -0.0042384745950191224 -0.024511140980044931
leaf_weight=9641.1442176997662 3508.1382240056992 2117.0874782502651 59.241034001111984 1986.1336136162281 147.87987434864044 53.450556993484497 143.42566126585007 4888.0534370541573 62.358983159065247 1106.8719510734081 35.633704662322998 2681.4362758398056 53.450556993484497 227.16486722230911 33.406598120927811 40.53333905339241 17.816852331161499 751.42574706673622 1569.219269067049 24.498171955347061 114.02785491943359 5032.8153622448444 26.725278496742249 648.08800354599953 693.07555568218231 199.54874610900879 6702.2544256746769 105.56485006213188 2715.7337165772915 255.22640964388847
leaf_count=8082 3751 1792 130 1117 326 120 322 4032 35 844 20 2072 120 207 21 91 10 445 1495 52 175 6874 15 696 392 112 7079 78 3517 549
internal_value=-7.24249e-05 0.00190208 -0.000350029 -0.0033681 0.00364842 0.0103109 0.0155344 -0.000150189 0.000369946 0.00359002 -0.0152748 -0.00118142 -0.00342006 -0.00354585 -0.0117616 -0.00822251 0.00458297 0.00816692 9.31171e-05 0.00168027 0.0179859 -0.000351449 -0.00215475 -0.00363214 -0.00344584 -0.00440297 0.000603417 -0.00500691 -0.00461043 -0.0059877
internal_weight=45641.4 5625.23 40016.2 2484.11 497.981 256.117 202.667 37532.1 24948.9 1974.11 97.9927 12583.2 241.864 2942.01 260.571 188.413 1876.11 769.243 22974.8 5026.58 138.526 17948.3 6213.18 4643.96 4617.24 3969.15 11735.1 3769.6 3664.04 2970.96
internal_count=44571 5543 39028 2226 1109 572 452 36802 26420 1354 55 10382 537 2300 228 417 1299 455 25066 4259 227 20807 6854 5359 5344 4648 13953 4536 4458 4066
is_linear=0
shrinkage=0.03


Tree=133
num_leaves=31
num_cat=0
split_feature=21 48 4 42 23 40 33 24 24 8 24 3 41 22 26 41 5 35 23 4 5 22 3 18 24 42 24 24 18 24
split_gain=21.1806 24.84 22.0429 20.7931 20.5489 24.2292 19.7937 19.56 18.8632 31.6296 33.393 96.7192 42.9831 38.8874 36.2903 27.3891 60.4691 27.2182 26.6578 25.4658 24.5176 21.3071 27.3981 21.2826 20.7618 22.7886 19.7843 19.6305 26.4178 19.648
threshold=0.67590965679816117 0.37695417192725983 29.727150000000005 0.50328949898104358 0.37940952255126048 18.947812670000513 0.027961236562487436 -0.16905184689101435 0.62334665204000361 8.5811500000000027 0.1051661082335764 9.536500000000002 9.3599500000000013 0.12940952255126045 22.014750000000003 10.849350000000001 31.799650000000003 2.3596555455646562 -0.3794095225512602 14.338050000000001 31.812150000000006 -0.9159756150367534 10.193500000000002 -1.4469339754519479 0.55387244954848092 0.30487368785327035 0.08804500090241206 0.52490632455031438 -1.6761892244224403 0.12225609522135446
decision_type=2 2 8 2 2 2 2 2 2 10 2 2 2 2 2 2 10 2 2 10 8 2 2 2 2 2 2 2 2 2
left_child=3 2 8 -1 6 -6 -5 -7 9 24 12 13 18 -12 17 16 26 27 -11 -15 -10 22 -18 -23 25 -2 -14 28 29 -13
right_child=1 -3 -4 4 5 7 -8 -9 20 10 11 14 15 19 -16 -17 21 -19 -20 -21 -22 23 -24 -25 -26 -27 -28 -29 -30 -31
leaf_value=2.1830792555230188e-05 0.015500748930241118 0.0086588419999175346 -0.016195713303953776 0.0032317208854846778 0.016679250403731739 0.0048554021660769534 -0.0014243195899736256 -0.0072282463187310457 -0.011727254554285315 -0.046538430127373187 0.0040040783623112759 0.012041977795160483 0.019631630540918082 -0.035969486967699874 -0.046540968674816025 -0.0011996093615015569 -0.031551159766304723 0.017935229631219584 -0.0092794116291035483 -0.00681395702595249 -0.0011392249441955914 0.0081793490156113757 0.0056574794191035565 -0.0047459643910561502 0.0010005978385143857 -0.013283668234703477 0.053531535512818904 0.00024033578003805351 -0.039747103216214011 -0.019811554678864179
leaf_weight=33211.949009209871 216.02933451533318 212.02054274082184 92.647632122039795 1550.9569954276085 142.53481864929199 1314.4382807314396 1745.6061071455479 131.84470725059509 357.22788923978806 26.725278496742249 516.24329629540443 19.153116255998611 86.41173380613327 30.288648962974548 40.53333905339241 4083.6225543022156 36.524547278881073 18.707694947719574 47.66007998585701 201.33043134212494 437.4037247300148 323.82129111886024 33.406598120927811 176.38683807849884 375.04474157094955 27.170699805021286 18.707694947719574 40.978760361671448 57.459348767995834 142.98023995757103
leaf_count=31126 359 119 208 1163 80 1046 1156 74 571 60 514 28 188 20 91 5610 49 30 107 212 253 292 42 141 551 61 42 41 72 282
internal_value=1.88576e-06 -0.00144202 -0.0017323 0.000290659 0.00211784 0.00491931 0.000766556 0.00374961 -0.00154689 -0.00101451 -0.00169113 -0.00649014 -0.000629898 -0.000578244 -0.0202699 -0.000273802 0.0053185 -0.0163046 -0.0231057 -0.0107648 -0.00590785 0.00144565 -0.0139472 0.00362116 0.00543594 0.0122437 0.0261123 -0.018822 -0.0223642 -0.0159979
internal_weight=45715.8 7618.49 7406.47 38097.3 4885.38 1588.82 3296.56 1446.28 7313.82 6519.19 5900.94 1067.67 4833.27 747.862 319.812 4758.88 675.259 279.279 74.3854 231.619 794.632 570.139 69.9311 500.208 618.245 243.2 105.119 260.571 219.593 162.133
internal_count=44588 9943 9824 34645 3519 1200 2319 1120 9616 8792 7821 1290 6531 746 544 6364 754 453 167 232 824 524 91 433 971 420 230 423 382 310
is_linear=0
shrinkage=0.03


Tree=134
num_leaves=31
num_cat=0
split_feature=4 43 24 5 16 8 24 24 24 14 9 24 32 24 24 9 41 28 6 21 22 19 5 5 4 22 5 24 21 14
split_gain=18.0665 17.9312 16.0659 32.2805 27.7921 23.3718 63.7365 42.6321 37.7169 37.104 35.664 31.9547 49.1926 37.6515 35.4677 60.0809 45.3252 34.7998 34.689 28.4177 26.3805 34.3708 25.8425 25.6612 24.0166 23.9357 32.8647 23.5274 22.9266 21.2152
threshold=29.727150000000005 -0.032118441314856937 0.79184907943689831 31.823650000000004 9.0767750000000031 8.5556000000000019 0.43442111757849838 0.40318277172597511 0.48030317736429479 4.9124289256193521 8.7547500000000014 0.33931202449298198 18.711650000000002 0.3714672281037254 0.35544221683359195 8.653850000000002 8.8417500000000011 17.892550000000004 10.198600000000001 -3.7028069356135531 0.37940952255126054 4.3256550429042901 32.094050000000003 31.836950000000005 9.3085500000000021 0.60355339059327384 31.756650000000004 0.35544221683359195 -2.0983431886413295 0.19934999999999906
decision_type=10 2 2 10 2 10 2 2 2 2 8 2 2 2 2 10 2 2 10 2 2 2 8 10 10 2 10 2 2 2
left_child=1 -1 5 -4 -5 19 7 11 10 -10 25 24 13 14 16 17 18 -16 -13 -3 -11 -22 -21 -12 -7 26 -8 -14 -18 -26
right_child=-2 2 3 4 -6 6 8 -9 9 20 23 12 27 -15 15 -17 28 -19 -20 22 21 -23 -24 -25 29 -27 -28 -29 -30 -31
leaf_value=0.014815960527205432 -0.014633279665863166 0.018818919878953618 -0.010624842508443417 -0.00022167814249020778 -0.010848348443012645 0.033390199311937985 -0.031547484243280535 0.009198919773312754 -0.0070588718513468519 0.0073332365505714998 0.0023644123400860758 -0.032263577422020247 -0.013977832663354714 0.0024060292550539147 0.0030149812021756711 -0.03949686103406097 -0.012474078980640936 -0.029375187885577966 0.0041308718537706752 0.002118757471476784 3.2628008903051704e-05 -0.032446995944833995 -0.016298455013592662 -0.026618744120612988 -0.0015953900895239478 -0.0044848716817170705 -0.012149016421436617 -0.050153543823943221 0.02110898202045336 0.00057178677787511612
leaf_weight=73.049094557762146 74.385358482599258 89.529682964086533 340.74730083346367 3201.6883639097214 236.96413600444794 18.707694947719574 133.62639248371124 471.70116546750069 682.83086559176445 417.80518716573715 204.89380180835724 50.332607835531235 38.306232511997223 469.4740589261055 100.21979436278343 76.612465023994446 23.161908030509949 41.424181669950485 43.205866903066635 4698.7493810355663 154.561193972826 35.188283354043961 68.594881474971771 30.734070271253586 4740.6189840137959 121.15459585189819 194.20369040966034 28.506963729858398 77.057886332273483 28504.736623317003
leaf_count=164 167 162 213 1797 133 15 75 408 864 308 298 38 83 385 87 43 13 45 25 4297 104 31 127 18 7547 68 109 64 56 26666
internal_value=4.09051e-05 6.52867e-05 4.11713e-05 -0.00183115 -0.000956923 0.000211658 -4.74524e-05 0.000251111 -0.00528817 -0.00226501 -0.0109747 0.000127478 -0.00529974 -0.00340147 -0.0100087 -0.0182731 -0.000653322 -0.00659714 -0.0155869 0.002167 0.00312556 -0.00612911 0.0018504 -0.00151252 0.000282354 -0.0159261 -0.0201279 -0.0299248 0.013301 0.00026272
internal_weight=45442.8 45368.4 45295.3 3779.4 3438.65 41515.9 36659.1 34684.1 1975 1290.39 684.613 34212.4 948.302 881.489 412.015 218.256 193.758 141.644 93.5385 4856.87 607.555 189.749 4767.34 235.628 33264.1 448.985 327.83 66.8132 100.22 33245.4
internal_count=44410 44243 44079 2143 1930 41936 37350 35475 1875 1307 568 35067 839 692 307 175 132 132 63 4586 443 135 4424 316 34228 252 184 147 69 34213
is_linear=0
shrinkage=0.03


Tree=135
num_leaves=31
num_cat=0
split_feature=33 9 21 25 33 18 19 25 41 24 9 9 28 5 42 24 34 43 8 41 31 8 16 32 5 28 44 21 15 5
split_gain=20.2158 40.2979 45.8494 25.0769 26.752 24.795 22.0175 20.7227 22.3176 18.4411 19.9585 33.2711 43.5916 37.7011 35.7052 99.6805 59.4256 35.9303 36.0968 41.5012 40.3188 65.4082 39.0611 38.4336 29.9734 33.1388 29.5887 31.5953 46.2703 26.9064
threshold=0.2896356884087849 1.0000000180025095e-35 -0.45423133532888199 -0.63257203029273779 0.81703773903045829 -1.3013868861793989 7.3032686996699692 -0.98667386918526234 9.3599500000000013 -0.77786766366919291 9.822750000000001 9.898200000000001 19.480150000000005 31.97465 0.29751797592955748 0.12225609522135446 13.528781818182031 0.050979449599113047 9.4401500000000009 10.244250000000003 13.788754545455026 11.795800000000002 22.148250000000004 22.188625000000005 31.623050000000003 20.890400000000003 0.046013555047386759 -3.5872946018928835 13.098993623680698 31.979550000000007
decision_type=2 10 2 2 2 2 2 2 2 2 8 8 2 10 2 2 2 2 10 2 2 10 2 2 10 2 2 2 2 10
left_child=5 2 3 4 -2 9 -3 8 -4 -1 26 12 -12 -14 -13 17 -17 -16 -19 24 21 29 23 -22 -20 -26 27 28 -11 -21
right_child=1 6 7 -5 -6 -7 -8 -9 -10 10 11 14 13 -15 15 16 -18 18 19 20 22 -23 -24 -25 25 -27 -28 -29 -30 -31
leaf_value=0.0034487531913263356 0.011428004895777598 -0.0046917188549836742 -0.014419089953400493 -0.012879220792513505 0.036912555635867692 -0.00055929432541001502 0.017716850999633431 -0.0085179511825107107 0.018317461161441253 -0.002980221544623767 -0.036785858174836254 0.0052122755068835435 0.0070781419319612387 -0.022893770892304651 0.015284160000826712 -0.0046921443447370112 -0.022272637261529782 -0.016688348240760903 0.031147412850440332 0.0023477295101549667 -0.0053275892984164823 -0.025778457809976393 -0.00081186615334235786 0.0056968874506836079 -0.026899204445844822 0.0093178892591007628 0.0029676220014799646 -0.00037844557316929055 -0.037154064037198328 -0.011427214166914338
leaf_weight=2240.0237593352795 220.03812628984451 2274.3212000727654 25.834435880184174 29.843227654695511 44.09670951962471 24108.873731911182 39.197075128555298 222.2652328312397 61.913561850786209 97.992687821388245 48.105501294136047 1082.8192004263401 97.992687821388245 60.131876617670059 141.64397603273392 482.39127686619759 269.47989150881767 112.69159099459648 51.22345045208931 361.68210232257843 337.18393036723137 134.07181379199028 5582.9106779694557 1800.3929280638695 23.607329338788986 304.2227535545826 4618.1281242370605 660.55980017781258 55.232242226600647 195.98537564277649
leaf_count=2962 491 1278 58 67 93 24747 22 499 139 55 27 2098 55 36 225 951 542 253 115 299 250 88 4164 1735 14 368 2592 382 31 110
internal_value=-8.7354e-05 -0.00250328 0.00439205 0.01286 0.0158058 7.71263e-05 -0.00430457 -0.00365346 0.00862542 0.000895057 0.000548569 -0.000181387 -0.0120892 -0.00439187 4.54093e-05 -0.000526107 -0.0110144 0.000346803 0.00010749 0.000324662 -0.000113419 -0.0070466 0.000508612 0.0039562 0.0100216 0.00663599 0.00203817 -0.00323354 -0.0154597 -0.00250509
internal_weight=45784.9 2917.51 603.991 293.978 264.135 42867.3 2313.52 310.013 87.748 18758.5 16518.4 11086.5 206.23 158.125 10880.3 9797.49 751.871 9045.62 8903.97 8791.28 8412.23 691.739 7720.49 2137.58 379.054 327.83 5431.91 813.785 153.225 557.667
internal_count=44746 2647 1347 651 584 42099 1300 696 197 17352 14390 11330 118 91 11212 9114 1493 7621 7396 7143 6646 497 6149 1985 497 382 3060 468 86 409
is_linear=0
shrinkage=0.03


Tree=136
num_leaves=31
num_cat=0
split_feature=3 25 9 33 25 33 9 21 21 6 19 8 9 21 25 25 6 3 3 21 7 25 3 21 25 25 11 11 18 3
split_gain=21.1102 27.9954 35.1431 22.6851 25.0062 19.1098 24.859 49.3686 25.5812 31.9967 35.7896 24.927 23.3617 59.2725 38.6424 53.0374 51.0614 41.2125 46.2276 33.9496 31.916 28.0184 72.2783 49.1793 48.9505 38.5013 27.2871 26.6508 25.5926 23.5251
threshold=9.100500000000002 -0.93543596745397617 8.5472500000000018 0.021361179742703424 -0.9292178835113839 0.2896356884087849 12.367650000000003 -2.853845107230716 0.73543952285243208 13.039350000000002 4.9584267654851528 12.053850000000002 8.0033500000000011 -4.0335555673615451 -0.98801846520836312 -0.9575230291762723 13.556850000000003 10.152500000000002 9.7315000000000023 -0.53457747776768005 31.847150000000003 -0.9575230291762723 9.9305000000000003 -2.7318134350542533 -0.98372925196996197 -0.99966479353140603 21.271600000000003 25.894550000000006 -0.78541315841584225 11.256500000000001
decision_type=2 2 8 2 2 2 8 2 2 8 2 8 10 2 2 2 10 2 2 2 8 2 2 2 2 2 2 2 2 2
left_child=1 2 -1 -3 -5 12 8 11 9 10 -7 -8 13 -2 16 27 17 18 -14 20 -20 22 24 -24 26 -25 -15 -16 29 -27
right_child=5 3 -4 4 -6 6 7 -9 -10 -11 -12 -13 14 21 15 -17 -18 -19 19 -21 -22 -23 23 25 -26 28 -28 -29 -30 -31
leaf_value=-0.033266429181794323 0.017294590027478487 -0.0005674716171974912 0.0017912526032116435 -0.018291532880830578 -0.0029444848966450961 -0.0039124053033944943 0.045514490226242044 -7.4932303073807729e-05 0.0061045529962258935 -0.0098249392468893956 0.013073900645002152 0.0091554476684871586 -0.0030466511805376608 0.045521560585349251 0.0071053826659712872 0.0011711580537961254 0.0047122308834826659 0.0015435522905495984 -0.001093484650525878 -0.004084966411924947 -0.026683125922689011 -0.00017584909965306944 0.0081571376619029596 0.020279413570414778 -0.006086173219510666 -0.017811583502628351 0.01000210176225492 -0.012426524363358102 -0.0034418033327436224 -0.044218966197431354
leaf_weight=24.943593263626099 166.58756929636002 7070.6178476214409 3221.7323227822781 96.656423896551132 4533.0526543557644 698.42061138153076 32.961176812648773 451.657206594944 201.77585265040398 725.59131118655205 131.84470725059509 35.188283354043961 488.18175387382507 20.489380180835724 1899.7218798100948 12929.244315415621 602.20960879325867 465.01984584331512 53.450556993484497 137.18976294994354 245.87256217002869 10067.857831031084 96.656423896551132 25.834435880184174 230.72823768854141 399.54291352629662 222.2652328312397 64.140668392181396 106.45569267868996 32.515755504369736
leaf_count=14 356 6001 2451 79 3901 392 74 963 114 408 74 43 274 46 1070 7328 338 261 30 77 138 17521 217 58 518 897 499 36 239 73
internal_value=-2.89071e-05 -0.000952636 0.00151175 -0.00163654 -0.00326877 0.000423331 -0.00221966 0.00353898 -0.00392377 -0.00522741 -0.00120253 0.0271448 0.000636443 -0.000414833 0.00134426 0.00186914 -0.0025791 -0.00573979 -0.00940023 -0.0164827 -0.0221324 -0.000679706 -0.00514702 -0.0115488 0.00379574 -0.0149324 0.0131745 0.00646146 -0.016656 -0.0198965
internal_weight=45478.4 14947 3246.68 11700.3 4629.71 30531.4 2277.44 519.807 1757.63 1555.86 830.265 68.1495 28254 11368.9 16885 14893.1 1991.92 1389.71 924.695 436.513 299.323 11202.3 1134.49 661.005 473.483 564.349 242.755 1963.86 538.514 432.059
internal_count=44490 12446 2465 9981 3980 32044 2068 1080 988 874 466 117 29976 20424 9552 8434 1118 780 519 245 168 20068 2547 1484 1063 1267 545 1106 1209 970
is_linear=0
shrinkage=0.03


Tree=137
num_leaves=31
num_cat=0
split_feature=35 22 45 25 9 16 41 35 25 48 46 8 16 25 25 3 23 14 9 44 43 42 43 45 25 18 25 42 4 7
split_gain=18.7261 23.1826 21.2063 19.9869 37.2968 40.2657 29.2804 19.9676 33.2511 20.3417 17.8594 17.4809 33.5933 17.384 18.8013 37.9655 38.4626 15.1547 13.5989 16.3347 16.2427 18.0711 13.2418 13.2024 16.7204 15.3189 20.2417 13.197 38.0467 24.4478
threshold=0.11195539608058537 0.37940952255126054 -0.52673293864340842 -0.98521978256641018 10.530200000000002 16.152675000000006 9.2700500000000012 1.2279118155429551 -0.85225707553516283 0.36668549405276102 0.39335315455713721 9.3174500000000027 15.529016115702687 -0.97874870457683594 -0.96904977397942549 10.193500000000002 -0.5 8.5911500000000025 8.4222000000000019 0.025201584399433818 0.048536230196160594 0.21620140731341567 -0.0041826996636213877 0.20620324613804389 -0.67801649466304881 -3.859099257425743 -0.99052477729077237 0.39552235936478647 21.824600000000004 31.878050000000005
decision_type=2 2 2 2 8 2 2 2 2 2 2 10 2 2 2 2 2 2 10 2 2 2 2 2 2 2 2 2 10 10
left_child=3 22 11 4 27 -6 -7 8 10 -10 -4 12 -3 -5 15 -15 -17 -16 23 -20 -21 -22 -2 25 -25 -9 -27 -1 -29 -30
right_child=1 2 7 13 5 6 -8 18 9 -11 -12 -13 -14 14 17 16 -18 -19 19 20 21 -23 -24 24 -26 26 -28 28 29 -31
leaf_value=-0.012154521162699499 0.011368249214369587 0.012244642647929703 0.0055004159041453825 0.0082886910510016325 0.037882084622974453 -0.039135843066498539 0.0022104547775153608 -0.024680773956984883 0.00086938989595746136 -0.019680473189094484 -0.0055248348910846333 0.011297515376952914 -0.027258985576384249 -0.0017978324794818016 -0.00054252466016535279 0.001534535930222477 -0.050311342213550422 0.0080729691898883283 -0.021776733946762418 0.010538936367892673 -0.021309480825711234 -0.0021313264134579699 -0.00019180177461304907 -0.011605135108776483 0.0027630682765710209 0.027951713611181005 0.0042810897844154294 0.014394059269816064 -0.0165137780524265 0.0018125128625108783
leaf_weight=400.87917745113373 88.638840347528458 44.987552136182785 2456.4985151588917 201.33043134212494 26.725278496742249 15.144324481487272 340.30187952518463 14.253481864929197 4659.552305907011 42.760445594787598 138.97144818305969 334.06598120927811 32.515755504369736 151.44324481487274 16288.166401147842 20.489380180835724 33.406598120927811 184.84984293580055 37.415389895439148 87.302576422691345 44.542130827903748 1545.166518419981 17447.152645289898 117.59122538566589 188.41321340203285 33.852019429206848 497.53560134768486 76.612465023994446 167.47841191291809 106.90111398696899
leaf_count=225 178 56 2071 206 48 34 497 32 4629 24 222 303 58 139 15775 25 39 181 24 49 25 868 17039 261 423 76 949 43 94 60
internal_value=4.22458e-05 0.000530313 0.00166174 -0.000711264 -0.00456479 0.00306104 0.000343981 0.00138287 0.00218318 0.000678375 0.00490818 0.00832565 -0.00446484 -0.000452114 -0.000558118 -0.00955772 -0.0309324 -0.000445363 -0.000893132 -0.00243194 -0.00198762 -0.00268174 -0.000132724 0.00220382 -0.00277815 0.00499776 0.0058387 -0.00843987 -0.00417477 -0.00939301
internal_weight=45824.9 27811.2 10275.4 18013.7 1134.04 382.171 355.446 9863.85 7297.78 4702.31 2595.47 411.569 77.5033 16879.7 16678.4 205.339 53.896 16473 2566.07 1714.43 1677.01 1589.71 17535.8 851.646 306.004 545.641 531.388 751.871 350.992 274.38
internal_count=44653 27287 10070 17366 1001 579 531 9653 6946 4653 2293 417 114 16365 16159 203 64 15956 2707 966 942 893 17217 1741 684 1057 1025 422 197 154
is_linear=0
shrinkage=0.03


Tree=138
num_leaves=31
num_cat=0
split_feature=18 35 22 43 25 24 24 3 35 32 3 25 3 25 24 22 9 21 49 34 24 9 24 32 3 25 9 46 22 21
split_gain=20.6547 32.578 26.9582 23.244 23.1631 21.6119 50.3387 28.042 26.5411 24.9436 23.365 30.8591 21.8676 28.0963 40.0263 28.3943 21.3443 28.7138 20.1687 26.3882 19.8637 25.3305 22.7534 38.0084 20.1932 29.4659 31.0633 41.6217 33.1972 47.1664
threshold=-1.3143393028392454 0.01923366237151462 0.12940952255126045 0.00031316201528964045 -0.63257203029273779 -0.52032787705993211 -0.60554068365937697 9.781500000000003 3.5212545773919675 25.059200000000001 8.5935000000000006 -0.95998493203694346 10.902500000000002 -0.98521978256641018 0.08804500090241206 0.78656609248549325 8.6201500000000024 -3.1242935819840159 31.930450000000004 15.371670454545878 0.3873823162447298 8.5067000000000021 0.43442111757849838 16.483375000000002 9.8405000000000005 -0.95998493203694346 9.0046500000000016 0.086714677761266609 -0.60355339059327362 2.3426821115064018
decision_type=2 2 2 2 2 2 2 2 2 2 2 2 2 2 2 2 8 2 2 2 2 8 2 2 2 2 10 2 2 2
left_child=1 -1 3 -3 20 6 -4 -8 10 -10 11 -7 -12 14 18 -16 -15 -18 19 -14 21 -5 -22 -24 25 26 28 -28 29 -23
right_child=-2 2 5 4 -6 8 7 -9 9 -11 12 -13 13 16 15 -17 17 -19 -20 -21 22 24 23 -25 -26 -27 27 -29 -30 -31
leaf_value=-0.0037595504307847928 -0.00058756999674213981 0.015420881218966561 0.0020188226485557555 -0.031909414606992557 0.003929212669825587 0.0043179147902405205 -0.015468141997501079 -0.0021771600769069904 -0.035159092745151999 0.0011095074054035788 0.0044711453286427252 -0.012620502901617743 -0.028196322467260792 -0.010393414054010404 0.011362796581283257 -0.031792298278157285 0.027992232122165221 0.0031744830209513271 0.0091698913605354621 0.010148314081028495 0.010505170139479285 0.0069265888132826322 0.0027592383998861305 -0.017989585324327297 -0.0034026788684906307 -0.0022367344702891603 -0.0086966180007275514 0.0025511064032109829 0.017874043818815463 -0.027856663970486556
leaf_weight=1378.578949123621 24888.361021399498 85.520891189575195 2317.972488284111 23.161908030509949 1090.3913626670837 201.77585265040398 247.65424740314484 336.73850905895233 30.288648962974548 37.415389895439148 5255.9714376926422 184.40442162752151 38.306232511997223 78.394150257110596 16.035167098045349 78.839571565389633 48.550922602415085 276.16121113300323 91.75678950548172 26.725278496742249 275.27036851644516 275.27036851644516 758.10706669092178 87.747997730970383 2440.0179267525673 2784.3285980522633 359.90041708946228 1648.0588406324387 211.5751214325428 39.197075128555298
leaf_count=1175 25450 192 2522 13 1464 147 172 300 35 21 4507 129 38 44 15 108 64 395 59 51 237 489 844 113 2295 2072 202 925 364 88
internal_value=-5.03601e-06 0.000694545 0.00101213 -6.17555e-05 -0.000195787 0.00217993 3.44649e-05 -0.00782642 0.00315814 -0.0153915 0.00336 -0.00378203 0.00382718 -0.00134097 -0.00918644 -0.024456 0.00356765 0.00695978 0.000149842 -0.0125232 -0.000701399 -0.00123935 0.00303022 0.000588079 -0.00114369 -0.000106836 0.00223343 0.000531774 0.00871549 0.00251644
internal_weight=45612.5 20724.1 19345.5 10078.5 9993.03 9266.99 2902.37 584.393 6364.63 67.704 6296.92 386.18 5910.74 654.769 251.663 94.8747 403.106 324.712 156.788 65.0315 8902.64 7781.51 1121.13 845.855 7758.35 5318.33 2534 2007.96 526.043 314.467
internal_count=44530 19080 17905 9298 9106 8607 2994 472 5613 56 5557 276 5281 774 271 123 503 459 148 89 7642 6448 1194 957 6435 4140 2068 1127 941 577
is_linear=0
shrinkage=0.03


Tree=139
num_leaves=31
num_cat=0
split_feature=24 42 24 24 5 50 24 4 9 22 42 41 28 8 42 9 24 24 42 25 48 4 8 9 14 4 5 23 22 45
split_gain=18.2941 51.0798 48.4587 76.4804 75.9012 37.003 33.934 62.16 37.1163 35.9382 49.942 46.0574 33.1085 31.803 30.7039 29.9795 30.2337 27.8555 27.0728 26.9214 25.0883 24.832 24.7226 24.5684 28.0177 23.5955 23.1457 24.1215 23.0981 22.7295
threshold=0.30675521904633613 0.31307340331449229 0.43442111757849838 0.48030317736429479 31.62875 31.967850000000002 0.35544221683359195 17.719150000000003 8.7266500000000011 0.37940952255126054 0.42756565540046915 8.8417500000000011 14.571650000000002 8.963300000000002 0.4382108663052256 8.3628000000000018 0.75929452741351844 0.3873823162447298 0.32229976544776412 0.91069142230676348 0.12586772100028798 18.095200000000002 8.7302500000000016 8.7179500000000019 4.9124289256193521 17.983150000000006 31.788250000000001 0.60355339059327384 -0.5 0.13051258031935384
decision_type=2 2 2 2 8 2 2 10 10 2 2 2 2 10 2 8 2 2 2 2 2 10 10 8 2 8 10 2 2 2
left_child=13 2 17 4 -4 -6 9 -8 -9 10 11 21 15 14 19 16 -5 26 -13 25 23 -3 -14 24 -17 -1 -2 -28 -12 -7
right_child=1 6 3 12 5 29 7 8 -10 -11 28 18 22 -15 -16 20 -18 -19 -20 -21 -22 -23 -24 -25 -26 -27 27 -29 -30 -31
leaf_value=0.0015133264490702169 0.007243489508450246 -0.031947418177480397 0.0052098898411564532 0.0025817205507025261 0.00360075978184913 -0.017277467711797407 -0.0047826271089131869 -0.022620649650957111 -0.071995275700579606 0.0073287194228976163 -0.0098323862832162077 -0.025726219115360036 0.0093180354182129128 0.00016535747120028109 -0.018045569731700961 -0.016680816418216528 -0.0015082582373869707 0.010100493778433747 0.0056295283772971206 -0.023163586818388811 0.0043572650623583779 -0.0043233112254683469 -0.0011515022063841012 -0.0028190112211170749 -0.0030713702297619555 0.011714982730469357 -0.012706366923707271 0.01422656352332987 -0.065365801685820055 -0.041584934242399695
leaf_weight=327.38466158509254 183.51357901096344 67.704038858413696 205.33922311663628 2580.3256388604641 73.049094557762146 427.15903463959694 308.23154532909393 168.8146758377552 14.253481864929197 217.36559844017029 11.135532706975939 26.725278496742249 530.0513568520546 32179.462416619062 45.432973444461823 320.70334196090698 4397.199155330658 585.72902038693428 232.9553442299366 24.943593263626099 245.42714086174965 51.668871760368347 328.27550420165062 854.76349058747292 236.96413600444794 542.07773217558861 156.34287920594215 36.079125970602036 17.816852331161499 37.415389895439148
leaf_count=228 139 38 350 1449 41 242 386 250 8 215 25 15 968 33677 42 180 2468 415 229 56 146 32 344 1673 133 434 93 21 40 21
internal_value=-4.27644e-05 -0.00102992 -0.000419517 -0.00102458 -0.0102873 -0.016205 -0.00714541 -0.0130377 -0.0268352 -0.00250297 -0.00774592 -0.00478572 -0.00029869 0.000324318 0.00576107 -0.000857439 4.39081e-06 0.00601562 0.00231621 0.00698918 -0.00448249 -0.020126 0.00531718 -0.0060205 -0.0109137 0.00787983 -0.00035875 -0.007609 -0.0450482 -0.0193202
internal_weight=45434.3 12315 11198.3 10236.7 742.963 537.624 1116.67 491.3 183.068 625.372 408.006 379.054 9493.71 33119.3 939.839 8635.38 6977.52 961.665 259.681 894.406 1657.86 119.373 858.327 1412.43 557.667 869.462 375.936 192.422 28.9524 464.574
internal_count=44358 9921 8683 8015 654 304 1238 644 258 594 379 314 7361 34437 760 6049 3917 668 244 718 2132 70 1312 1986 313 662 253 114 65 263
is_linear=0
shrinkage=0.03


Tree=140
num_leaves=31
num_cat=0
split_feature=33 3 25 8 23 19 22 25 3 24 19 7 41 24 14 40 47 18 8 43 25 25 40 5 25 19 24 25 22 25
split_gain=20.5068 17.7885 21.3393 21.7214 20.5338 27.803 30.9566 24.8977 34.6786 30.5337 29.2312 27.0893 23.5397 42.8925 35.5433 21.2261 20.1133 19.0083 17.773 17.413 17.8386 30.742 17.2624 16.618 16.5616 16.5489 16.2761 17.736 55.5801 86.8327
threshold=0.22451147632136767 9.0385000000000009 -0.94426098523567992 8.7515500000000017 0.25881904510252057 2.1808942674901712 -0.78656609248549292 -0.78858226040708135 9.7005000000000017 -0.54939360607974019 3.4978570871443906 31.938950000000002 8.5596000000000014 0.43442111757849838 2.4357136363631571 9.9152977196102974 11.561383471074434 -2.8724210924092399 7.1555500000000007 -0.0041826996636213877 -0.99938741687870725 -0.99907307217758434 15.590757356538905 31.987850000000005 -0.98932651372861458 6.6830788745874576 -0.54939360607974019 -0.98521978256641018 -0.37940952255126065 -0.9955251950901236
decision_type=2 2 2 8 2 2 2 2 2 2 2 10 2 2 2 2 2 2 8 2 2 2 2 8 2 2 2 2 2 2
left_child=1 2 3 -1 7 -6 24 8 9 10 -3 12 14 -14 -10 -13 26 -9 -19 -2 22 -22 -21 -15 -7 -11 -8 28 -28 -30
right_child=19 4 -4 -5 5 6 16 17 11 25 -12 15 13 23 -16 -17 -18 18 -20 20 21 -23 -24 -25 -26 -27 27 -29 29 -31
leaf_value=-0.024811877274501685 0.025666948341081328 -0.001706575085962701 -0.0014413648492410162 0.0018870317359089693 0.00016381496030124225 -0.019946819905570862 -0.0017404104170948601 0.0092032282452079971 -0.025116837349622854 0.0012404924774929713 -0.021616072822915947 -0.02231038074376215 -0.0050211321901793404 -0.018579620004607441 0.012881897268068107 0.00069577280211204897 0.0014159715776759861 -0.010291880841657289 0.0007546635709443063 0.017106292363537844 -0.036525423678221515 -0.0025731838912724722 -6.2276983848440283e-05 -0.049593896856687379 -0.0022442316936695898 0.010287726397629647 -0.018194590650323215 0.0078511950935919537 0.01549334572961718 -0.0073770410900208657
leaf_weight=26.725278496742249 19.153116255998611 205.78464442491531 10441.120887368917 2560.2816799879074 6149.0411607921124 53.450556993484497 251.66303917765617 236.07329338788986 25.834435880184174 2608.8326025903225 97.10184520483017 36.079125970602036 2449.3717742264271 65.922353625297546 126.94507285952568 1356.3078837096691 1758.968746393919 131.84470725059509 9908.3970026671886 78.394150257110596 23.161908030509949 3773.1639024317265 156.78830051422119 20.489380180835724 379.05353334546089 194.64911171793938 101.55605828762054 1786.5848675072193 346.98319914937019 261.01688665151596
leaf_count=15 43 159 8792 1872 7154 66 142 212 25 2290 68 21 2796 70 186 1164 2443 74 11016 53 13 3431 115 13 377 209 66 1257 215 154
internal_value=-0.000116979 8.15415e-05 -0.000837017 0.00160174 0.00050069 0.00151028 0.00318616 -0.000140386 -0.00149474 0.000893615 -0.00813945 -0.0033125 -0.00507093 -0.00576036 0.00633491 8.40603e-05 0.00392202 0.000806911 0.000608594 -0.00215432 -0.00229282 -0.0027899 0.00570878 -0.0264168 -0.00447295 0.0018721 0.00552513 0.00625805 0.00224127 0.00567901
internal_weight=45630.7 41580.1 13028.1 2587.01 28552 11088.3 4939.28 17463.6 7187.32 3106.37 302.886 4080.95 2688.56 2535.78 152.78 1392.39 4506.77 10276.3 10040.2 4050.66 4031.51 3796.33 235.182 86.4117 432.504 2803.48 2747.8 2496.14 709.556 608
internal_count=44511 40856 10679 1887 30177 11874 4720 18303 7001 2726 227 4275 3090 2879 211 1185 4277 11302 11090 3655 3612 3444 168 83 443 2499 1834 1692 435 369
is_linear=0
shrinkage=0.03


Tree=141
num_leaves=31
num_cat=0
split_feature=3 25 23 18 9 25 25 22 5 24 5 9 8 25 3 3 32 47 25 21 47 47 24 24 34 24 6 48 40 33
split_gain=17.9624 21.9354 21.8248 26.8194 20.8087 20.1211 44.8731 116.048 70.0733 87.9579 46.0706 35.6286 34.6718 31.2751 30.6106 28.6024 25.1997 20.8435 57.0988 30.6786 31.1154 29.9832 28.2613 25.9004 24.6405 20.518 23.5267 18.711 31.3193 27.1521
threshold=9.0385000000000009 -0.93543596745397617 0.25881904510252057 -1.2746956594384196 8.6384500000000024 -0.98521978256641018 -0.9955251950901236 0.12940952255126045 31.911850000000005 -0.015050995721668367 31.799650000000003 8.9817000000000018 9.5564500000000017 -0.99907307217758434 9.7115000000000027 9.5055000000000032 22.739075000000003 10.745446280991938 -0.9575230291762723 -2.234233075260359 13.60791322314059 10.943000000000001 -0.38242426011641079 0.41886391893847991 17.396256611570251 0.48030317736429479 9.1690000000000023 0.18350499479478155 14.548716747173442 0.10603908713366325
decision_type=2 2 2 2 8 2 2 2 8 2 8 8 8 2 2 2 2 2 2 2 2 2 2 2 2 2 10 2 2 2
left_child=1 4 -2 5 -1 6 7 8 12 15 -8 -12 -4 16 -13 -10 -9 23 19 -19 -21 24 -23 -7 -20 26 -25 -3 29 -29
right_child=2 27 3 -5 -6 17 10 13 9 -11 11 14 -14 -15 -16 -17 -18 18 21 20 -22 22 -24 25 -26 -27 -28 28 -30 -31
leaf_value=-0.016927596977308508 -0.00015392660151562917 -0.00072353097648392313 -0.022511926104076044 9.8304595115645836e-05 0.0017916309387955211 0.0091146860247448506 0.0048975275734192084 -0.0059154141874456891 -0.019387752439923148 -0.0025637482403749307 0.011757196720858279 -0.00043492068602064875 0.016362584616661863 0.023829475037009027 -0.023523276645970308 -0.053741071490693175 0.021965854850116144 0.0072542715257423139 -0.035587734204568344 -0.0039292688093209051 -0.02869072644043905 0.0030394110777755001 0.011400905174564741 -0.016565702713968785 -0.003373096569091572 0.0050848042546391197 0.0055372515951821293 -0.036034765453692823 -0.0029955897846287625 -0.0031638123622216583
leaf_weight=53.450556993484497 19589.629138112068 7924.4904955923557 24.052750647068024 6283.5583958923817 2912.164513528347 1120.6800116300583 175.9414167702198 75.276201099157333 39.197075128555298 151.44324481487274 40.978760361671448 68.149460166692734 118.48206800222397 217.36559844017029 213.35680666565895 53.450556993484497 46.323816061019897 58.350191384553909 22.716486722230911 83.293784648180008 101.11063697934151 2075.2178752720356 440.52167388796806 101.55605828762054 219.14728367328644 387.07111689448357 74.385358482599258 48.105501294136047 2689.8992806971073 42.31502428650856
leaf_count=30 20325 7465 54 7075 2179 704 206 82 22 91 23 48 131 170 149 30 56 131 24 166 227 2310 503 66 123 392 74 33 1530 32
internal_value=7.5138e-05 -0.000834157 0.000466277 0.00146276 0.00144865 0.00291367 -0.000510865 0.00424792 -0.00697925 -0.0167138 -0.00743317 -0.0141549 0.00969138 0.0170365 -0.0179552 -0.0395692 0.00479855 0.00380847 0.00230807 -0.0116113 -0.0175877 0.00353716 0.00450751 0.00647925 -0.00653286 0.00122653 -0.00724243 -0.00146665 -0.00358369 -0.0208547
internal_weight=45451.7 13670.4 31781.3 12191.6 2965.62 5908.07 1224.02 725.591 386.626 244.091 498.426 322.485 142.535 338.966 281.506 92.6476 121.6 4684.05 3000.36 242.755 184.404 2757.6 2515.74 1683.69 241.864 563.013 175.941 10704.8 2780.32 90.4205
internal_count=44451 11269 33182 12857 2209 5782 1062 636 328 143 426 220 185 308 197 52 138 4720 3484 524 393 2960 2813 1236 147 532 140 9060 1595 65
is_linear=0
shrinkage=0.03


Tree=142
num_leaves=31
num_cat=0
split_feature=44 3 31 35 9 24 24 42 6 35 3 14 5 42 6 35 47 41 35 35 47 21 24 47 33 9 21 46 31 7
split_gain=18.2082 17.8713 16.7272 29.6752 28.7312 25.489 36.057 35.0747 26.2333 26.1109 20.5316 18.8542 27.7763 22.6256 17.1632 22.194 30.0187 22.2943 52.8108 21.423 19.6175 42.698 28.9853 22.4849 18.4635 30.0343 18.2924 19.2938 19.727 17.1304
threshold=3.5222212686602505 8.4715000000000007 20.250450000000004 1.6841624426287616 10.836450000000001 -0.39826117949089107 -0.31799228562170639 0.54865613104164279 19.653650000000003 1.0872496464950685 9.536500000000002 9.1796000000000006 30.994750000000007 0.46646095282039457 7.8930500000000006 1.2734823323273867 10.42135330578512 11.763250000000001 2.0596731064468181 0.011010128732395168 12.192015289256522 -2.188574885930803 -0.26969676895496814 13.885650000000002 0.30376693039255565 8.7179500000000019 -1.787334691211331 0.31196693998847752 10.505823966942339 31.892350000000004
decision_type=2 2 2 2 10 2 2 2 10 2 2 2 8 2 10 2 2 2 2 2 2 2 2 2 2 10 2 2 2 10
left_child=1 -1 4 -4 14 8 -7 -8 11 -9 -10 12 -6 -14 15 -3 17 -17 -19 24 -21 -22 -23 29 -16 -26 -18 -28 -29 -24
right_child=-2 2 3 -5 5 6 7 9 10 -11 -12 -13 13 -15 19 16 26 18 -20 20 21 22 23 -25 25 -27 27 28 -30 -31
leaf_value=-0.0014169589507811195 -0.0016723019940931762 0.00025108048344533453 0.0011778871649082443 0.0076713238556829089 -0.0016284217866742387 0.0061303511713174151 -0.0004388865623828736 -0.0098539802814170303 -0.0076089071293599948 -0.040115151205271149 0.0045992057158993358 0.0007660446641722155 -0.024354681680302907 -0.010344696154095544 -0.0011324981594855879 -0.0048370753891785884 0.010999373714401546 0.0042005455783985486 -0.045090791355968156 0.0022576777534973913 0.0076596437994163333 0.0020048548610463158 -0.00094778607423388873 -0.018405204427490773 -0.0037191152331093854 -0.034707683223122648 0.0043457698586822514 0.0051889833605602929 -0.017402259927416099 -0.020266283286693332
leaf_weight=4833.2666161358356 4714.3391268253326 13005.411359131336 7021.1760824024677 695.3026622235775 242.30919170379639 540.7414682507515 375.04474157094955 89.084261655807495 196.43079695105553 35.633704662322998 332.28429597616196 172.82346761226654 137.18976294994354 431.16782641410828 975.47266513109207 1169.2309342324734 161.24251359701157 37.415389895439148 39.642496436834335 9011.7639091014862 280.61542421579361 250.32677525281906 204.89380180835724 193.7582691013813 94.874738663434982 39.197075128555298 235.62787207961082 53.450556993484497 96.656423896551132 50.778029143810272
leaf_count=3375 8520 9953 7864 1015 136 305 212 50 111 20 188 97 77 242 1182 660 242 21 23 7350 630 562 460 435 69 22 430 120 187 114
internal_value=9.31739e-05 0.000296197 0.000525156 0.0017639 0.000189156 -0.00284679 0.000766938 -0.00503691 -0.00533216 -0.0187503 5.77866e-05 -0.00822686 -0.0101426 -0.0137633 0.000488475 -0.000180415 -0.00330817 -0.00587813 -0.0214102 0.00138005 0.00181923 -0.00220926 -0.00617216 -0.010721 -0.00257313 -0.0129688 0.00254754 -0.00100474 -0.0093768 -0.00484857
internal_weight=45717.2 41002.8 36169.5 7716.48 28453.1 2552.71 1040.5 499.763 1512.21 124.718 528.715 983.49 810.667 568.358 25900.4 14798.7 1793.27 1246.29 77.0579 11101.7 9992.14 980.372 699.757 449.43 1109.54 134.072 546.977 385.735 150.107 255.672
internal_count=44672 36152 32777 8879 23898 1438 587 282 851 70 299 552 455 319 22460 11636 1683 704 44 10824 9551 2201 1571 1009 1273 91 979 737 307 574
is_linear=0
shrinkage=0.03


Tree=143
num_leaves=31
num_cat=0
split_feature=32 43 7 31 14 18 6 16 24 3 4 24 47 25 4 25 22 26 5 3 25 46 32 47 8 36 31 8 24 31
split_gain=16.8791 16.4116 16.8017 26.0538 20.3508 17.594 16.805 24.3192 18.9703 20.5474 20.0536 18.6428 18.0549 17.3224 17.0731 16.4995 29.5847 15.5767 15.496 18.2928 22.5541 15.0295 20.5584 19.5097 16.7026 23.944 22.1589 28.2312 18.6539 15.4099
threshold=29.485550000000007 -0.032118441314856937 31.889450000000004 21.445609917355849 11.429550000000004 -2.8724210924092399 7.8930500000000006 24.546575000000004 -0.38242426011641079 8.7885000000000009 26.276600000000006 -0.32614396506100213 12.584500000000002 -0.93543596745397617 9.3085500000000021 -0.89404254237865755 -0.5 28.437750000000005 30.803650000000001 9.9795000000000016 -0.68432604233786842 0.30641597464299991 25.936900000000005 12.099500000000001 8.5811500000000027 2.3595500000000009 13.618486363636793 11.795800000000002 0.59608197715088396 16.505750000000003
decision_type=2 2 8 2 2 2 10 2 2 2 10 2 2 2 10 2 2 2 10 2 2 2 2 2 10 2 2 10 2 2
left_child=1 -1 4 6 -3 -5 7 11 15 -10 -11 13 -9 -4 -15 16 -8 -17 19 20 -13 23 24 29 25 28 27 -26 -23 -20
right_child=-2 2 3 5 -6 -7 8 12 9 10 -12 18 -14 14 -16 17 -18 -19 21 -21 -22 22 -24 -25 26 -27 -28 -29 -30 -31
leaf_value=0.013991683399005497 -0.010082109954787803 -0.0010911495216388667 0.012211216623072172 0.012104329867890028 0.024440204300434726 0.0022011138547263914 -0.021137767857635516 -0.013978934553451601 -0.0016021003328542853 0.0019136438591365239 0.0095930977913136241 0.035378776851545661 -0.00034975323075809868 0.022513730722625028 0.00031772404321986033 -0.0012058598321808781 -0.0010229567370809887 0.009875813471396877 -0.0012854937097708731 -0.026814017065735635 -0.015419186992156645 -0.019623561097407281 -0.030622144386523355 0.0061335480815895103 -0.007231898664899197 0.0084649687183394901 -0.00085985232860119924 -0.039606818820851271 -0.0013030479886266117 0.0047381818007754583
leaf_weight=74.385358482599258 148.77071696519852 11150.677031457424 111.80074837803841 167.92383322119713 27.170699805021286 3687.6430112421513 101.55605828762054 207.12090834975243 1501.0698089003563 6884.4317407608032 319.36707803606987 11.135532706975935 150.9978235065937 30.288648962974548 9856.7281309068203 1839.5900031924248 183.95900031924248 120.70917454361916 5271.5611834824085 44.987552136182785 21.380222797393799 51.668871760368347 23.161908030509949 383.50774642825127 813.78473022580147 228.94655245542526 660.55980017781258 24.052750647068024 999.07999446988106 411.12386754155159
leaf_count=167 334 12896 98 170 19 5249 57 117 1123 5958 180 16 162 68 7405 3362 107 79 3219 68 45 29 13 861 732 325 727 18 623 236
internal_value=-2.74725e-05 5.72576e-06 -1.75556e-05 0.000313248 -0.00102691 0.00263546 1.72137e-05 -0.000515353 0.000955888 0.00159009 0.00225538 -0.000368721 -0.00824928 0.000521399 0.000387991 -0.00150192 -0.00822648 -0.000518797 -0.00136366 -0.0146345 0.00251391 -0.00124603 -0.00306312 -0.000406569 -0.00282242 -0.000304688 -0.00497103 -0.00820743 -0.00222173 -0.000848943
internal_weight=45509.1 45360.4 45286 34108.1 11177.8 3855.57 30252.6 19301.9 10950.7 8704.87 7203.8 18943.8 358.119 9998.82 9887.02 2245.81 285.515 1960.3 8944.95 77.5033 32.5158 8867.45 2801.25 6066.19 2778.09 1279.7 1498.4 837.837 1050.75 5682.69
internal_count=44463 44129 43962 31047 12915 5419 25628 14762 10866 7261 6138 14483 279 7571 7473 3605 164 3441 6912 129 61 6783 2467 4316 2454 977 1477 750 652 3455
is_linear=0
shrinkage=0.03


Tree=144
num_leaves=31
num_cat=0
split_feature=22 25 23 25 28 3 24 8 25 21 35 8 3 12 23 43 48 46 48 21 8 5 48 24 18 4 4 8 23 23
split_gain=19.0472 37.7179 26.5385 46.3867 31.302 28.4729 59.9995 26.1684 30.1373 28.1486 25.2572 23.0229 24.5731 18.2083 28.8243 45.2086 29.307 27.3607 25.1202 24.9376 19.871 17.9203 18.7745 17.4473 23.1377 17.2288 24.0007 18.4625 16.9964 17.2576
threshold=0.37940952255126054 -0.93845867424155849 -0.5 -0.99628250747696534 22.628950000000007 10.830500000000002 0.070897839638973045 10.650950000000002 -0.99273797715557011 -0.29099737247331697 0.065028247473976938 11.410450000000003 10.1835 14.612360520841181 1.0000000180025095e-35 0.47857854589004184 0.35945577779254451 0.29767992755699252 0.12586772100028798 -1.4337893892038929 10.128850000000002 31.511950000000002 0.19568188362460409 -0.72101013194340913 -2.429228511359987 25.357550000000007 22.337250000000001 10.512550000000003 1.0000000180025095e-35 0.60355339059327384
decision_type=2 2 2 2 2 2 2 10 2 2 2 10 2 2 2 2 2 2 2 2 10 10 2 2 2 10 10 10 2 2
left_child=23 2 3 4 10 13 25 8 -5 11 -2 12 -9 18 15 17 -16 19 20 -15 -4 22 -10 24 -1 26 27 -7 -8 -30
right_child=1 -3 5 7 -6 6 28 9 21 -11 -12 -13 -14 14 16 -17 -18 -19 -20 -21 -22 -23 -24 -25 -26 -27 -28 -29 29 -31
leaf_value=0.00755099811856826 -0.030628770351414567 3.781635848390515e-05 0.062225759951763507 0.028160575894127713 -0.031478680103088734 0.0024482176061218198 -0.00081324669224030447 -0.046365225512025793 0.0033545840725830965 0.010298218087683849 0.00050736919028398413 -0.0036580489910940537 -0.0077302908284432323 -0.023375602088852615 0.0073229635327944041 0.0040236028057632567 -0.025617125887954301 -0.041359675902978836 0.0080180337162021435 0.0091085659205978557 0.012250819056301406 0.0063155808343866035 -0.032927295099529394 -0.0008637341316908453 0.00042383567649292728 0.01897129653125185 -0.0049098580320595716 0.031461207522015089 -0.022824843821088764 0.006728723760902615
leaf_weight=439.18540996313095 28.506963729858398 13157.745446562767 12.917217940092089 51.22345045208931 61.022719234228134 43.205866903066635 66.813196241855621 29.397806346416473 28.952385038137436 67.258617550134659 114.02785491943359 96.211002588272095 29.843227654695511 48.550922602415085 862.78107413649559 228.05570983886719 24.052750647068024 33.406598120927811 1194.1745274960995 36.524547278881073 16.035167098045349 357.22788923978806 21.825644105672836 22168.173091739416 5970.4272161722183 80.175835490226746 135.85349902510643 35.633704662322998 133.18097117543221 20.043958872556686
leaf_count=434 25 13145 29 43 65 31 75 21 38 67 100 147 37 43 779 197 15 39 1001 22 36 238 13 19490 7941 45 200 50 131 21
internal_value=7.9792e-06 0.000802633 0.0034111 -0.00114646 -0.0136773 0.00476922 -0.00164247 0.00260852 0.00669655 -0.00581326 -0.00588986 -0.0128054 -0.0273539 0.00611329 0.00353682 -0.00379212 0.00640171 -0.0187437 0.00870633 -0.00948572 0.0358804 0.00393957 -0.012575 -0.000465154 0.000913289 0.00719523 0.00272997 0.0157912 -0.0134647 -0.0189403
internal_weight=45592.4 17014.6 3856.9 885.498 203.558 2971.41 514.907 681.94 459.229 222.711 142.535 155.452 59.241 2456.5 1233.37 346.538 886.834 118.482 1223.13 85.0755 28.9524 408.006 50.778 28577.8 6409.61 294.869 214.693 78.8396 220.038 153.225
internal_count=44518 16653 3508 794 190 2714 553 604 332 272 125 205 58 2161 1095 301 794 104 1066 65 65 289 51 27865 8375 326 281 81 227 152
is_linear=0
shrinkage=0.03


Tree=145
num_leaves=31
num_cat=0
split_feature=3 23 37 25 3 48 6 49 20 49 40 18 21 9 34 6 49 8 18 43 11 25 42 9 49 22 25 25 25 45
split_gain=19.8989 22.4115 22.5798 20.5072 40.2613 33.2636 39.0607 30.205 30.101 29.6256 27.9976 28.0554 32.6825 27.882 24.218 28.9489 21.6709 21.6663 21.0182 20.7478 35.5968 21.2063 24.5856 19.0492 18.9923 42.5076 50.5756 49.1259 30.8051 19.592
threshold=9.0385000000000009 0.25881904510252057 0.13069838802060738 -0.78324956448884031 9.7005000000000017 0.33283828382838287 12.756100000000002 31.984850000000005 26.821530443686584 31.403750000000006 9.8411618473432512 -5.0374517755775559 -1.6759539327738329 8.5067000000000021 13.745676446281404 17.659500000000005 32.026850000000003 12.610500000000002 -2.9081523564356426 0.030427374044395421 16.992100000000004 -0.9497838742125716 0.32450494097742916 7.1201500000000015 31.94725 0.37940952255126054 -0.9955251950901236 -0.98521978256641018 -0.99052477729077237 -0.40925902620657201
decision_type=2 2 2 2 2 2 8 2 2 2 2 2 2 8 2 10 2 10 2 2 2 2 2 8 2 2 2 2 2 2
left_child=-1 3 -3 4 8 6 7 10 -2 -10 -6 -12 13 -13 -7 16 -16 -11 -5 -15 -21 22 -22 -20 29 28 -27 -28 -26 -4
right_child=1 2 24 18 5 14 -8 -9 9 17 11 12 -14 19 15 -17 -18 -19 23 20 21 -23 -24 -25 25 26 27 -29 -30 -31
leaf_value=-0.00098919615166230524 0.0022731353603315787 -0.00038941623445130685 -0.0042408291461378247 0.009715270060715455 -0.023739082840901662 0.016997280315934844 -0.0064744180716516889 -0.0087525789895957322 0.00091864707887938846 0.0082210237897994733 -0.032472447252683882 -0.024084276054121081 0.0072733867127520377 -0.010904770593263183 -0.0053941236633706707 0.0070645815421897743 0.015335896525440679 -0.016281676322889811 -0.014542334603480605 0.013634788140348223 -0.022334287210742817 -0.015295064500216225 0.0095636075001374801 0.00054941901482782581 -0.009220112421312902 0.025127084861844312 -0.014082883487849663 0.010197757381210686 0.0039559889151881498 0.0020597638379285799
leaf_weight=13869.08327588439 3086.3242450654507 4244.4196465909481 479.27332770824432 223.60149675607681 37.415389895439148 85.520891189575195 2589.2340650260448 322.03960588574409 320.70334196090698 37.415389895439148 19.598537564277649 48.105501294136047 677.93123120069504 127.39049416780472 543.41399610042572 364.35463017225266 48.550922602415085 220.92896890640259 74.830779790878296 163.46962013840675 26.279857188463211 96.211002588272095 106.45569267868996 10249.144303500652 208.45717227458954 166.14214798808098 88.638840347528458 460.56563276052475 671.24991157650948 5920.5400296449661
leaf_count=11430 2861 5170 542 205 21 48 3257 216 303 21 38 27 727 82 305 206 28 124 42 175 23 102 74 11349 117 100 52 332 502 6074
internal_value=-4.14234e-05 0.000373148 0.00137901 -0.000259236 -0.00131784 -0.00300061 -0.00418708 -0.000540516 0.00109533 -0.00517549 0.00149449 0.00225873 0.0028307 -0.00247611 0.00179794 0.000422376 -0.00367092 -0.012715 0.000636193 -0.000433983 0.00298424 -0.00464656 0.00312847 0.000438632 0.00231779 0.00524578 0.0106713 0.00626051 0.000826829 0.00158733
internal_weight=45577.3 31708.2 12239.3 19468.9 8921.34 5255.97 4214.13 1624.9 3665.37 579.048 1302.86 1265.44 1245.84 567.912 1041.84 956.32 591.965 258.344 10547.6 519.807 392.416 228.947 132.736 10324 7994.87 1595.05 715.347 549.204 879.707 6399.81
internal_count=44553 33123 12889 20234 8638 5329 4742 1485 3309 448 1269 1248 1210 483 587 539 333 145 11596 456 374 199 97 11391 7719 1103 484 384 619 6616
is_linear=0
shrinkage=0.03


Tree=146
num_leaves=31
num_cat=0
split_feature=11 35 18 33 33 22 47 25 42 31 25 16 3 41 35 11 3 41 32 6 9 32 25 25 11 18 23 9 25 21
split_gain=19.1024 17.6418 21.3554 21.5899 18.5186 17.9669 28.1926 33.4962 21.4202 24.6333 21.2722 45.2564 47.239 46.046 62.7722 54.0628 43.9323 36.2161 43.7777 31.3286 31.0535 28.4166 28.2161 27.1553 25.5704 41.4081 27.7761 25.1008 27.7582 21.6948
threshold=29.500150000000001 0.11195539608058537 -1.2746956594384196 1.0767677757994056 0.68528307782258813 0.78656609248549325 23.373400000000004 -0.71502926860092908 0.31768177798285085 21.445609917355849 -0.95998493203694346 17.019275000000004 9.7115000000000027 11.807000000000002 2.2494315864943806 23.344900000000003 10.528500000000003 9.6797000000000022 22.920325000000002 13.866300000000003 10.423950000000001 23.108900000000002 -0.99700296666818056 -0.96687281075841669 26.458650000000002 -3.6722646138613846 -0.98296291314453399 9.8801500000000022 -0.98932651372861458 1.4657818681978478
decision_type=2 2 2 2 2 2 2 2 2 2 2 2 2 2 2 2 2 2 2 10 10 2 2 2 2 2 2 10 2 2
left_child=1 -1 5 4 -4 8 -7 -8 -3 10 11 -10 -13 17 15 19 24 -14 20 -15 22 -20 -19 -17 25 -12 -27 28 -24 -28
right_child=-2 2 3 -5 -6 6 7 -9 9 -11 16 12 13 14 -16 23 -18 18 21 -21 -22 -23 27 -25 -26 26 29 -29 -30 -31
leaf_value=-0.00064778630958895942 -0.010472071101794805 0.0034471859128979866 -0.00042273743568219476 0.020696620752302709 -0.015212850553758928 0.0035810115165908437 -0.029267913697585569 0.0029532986140377551 0.0057614811827530485 0.0027687030546922303 -0.031055901796275858 0.0019369325648604606 -0.016200075541234683 -0.0083276561125468305 -0.046914449608449399 -0.03787459635047908 0.009385151430879422 -0.00015413120865311018 0.031365192757731475 0.027362659456626824 -0.044603180605514721 0.0031313076139840427 0.010584402845523647 -0.0028961933176971065 -0.00086695610494056448 -0.023327672407163935 -0.0036721286233156345 -0.050638591363172315 -0.024369142921479105 -0.030273990418419511
leaf_weight=17749.593713611364 153.67035135626793 2147.8215485215187 11058.029399335384 42.31502428650856 75.721622407436371 3561.5887809991837 51.22345045208931 65.031511008739471 1185.2661013305187 2473.8699461817741 56.568506151437759 1810.6376181542873 155.00661528110504 49.887186527252197 50.778029143810272 57.013927459716797 266.36194235086441 210.23885750770569 33.406598120927811 38.306232511997223 19.598537564277649 481.05501294136047 30.734070271253586 30.734070271253586 1858.7431194484234 70.821988016366959 1402.18627846241 17.816852331161499 57.459348767995834 27.170699805021286
leaf_count=17115 345 2566 11752 41 59 3154 115 146 984 2491 52 1482 210 46 45 92 301 199 27 32 11 291 45 69 1155 66 1222 10 123 61
internal_value=5.2846e-05 8.89112e-05 0.000566401 -0.000442491 -0.000524684 0.001262 0.00310538 -0.0113723 0.000720785 0.000156561 -0.00066066 0.000791106 -0.00114635 -0.00567553 -0.0178577 -0.00925397 -0.00232751 -0.00291318 -0.000474873 0.00730718 -0.00888501 0.00502197 -0.00653788 -0.025794 -0.00324342 -0.00607852 -0.00511662 -0.0190783 -0.0122063 -0.00419862
internal_weight=45288.7 45135 27385.4 11176.1 11133.8 16209.3 3677.84 116.255 12531.5 10383.7 7909.79 4227.94 3042.67 1232.04 226.719 175.941 3681.85 1005.32 850.309 88.1934 335.848 514.462 316.249 87.748 3415.49 1556.75 1500.18 106.01 88.1934 1429.36
internal_count=44307 43962 26847 11852 11811 14995 3415 261 11580 9014 6523 3666 2682 1200 284 239 2857 916 706 78 388 318 377 161 2556 1401 1349 178 168 1283
is_linear=0
shrinkage=0.03


Tree=147
num_leaves=31
num_cat=0
split_feature=49 42 47 33 47 4 21 22 48 11 3 18 21 31 21 4 11 15 23 5 5 42 47 42 18 8 41 5 8 16
split_gain=16.3022 19.0353 15.189 13.8275 48.4619 29.6077 19.286 14.8516 18.5522 20.4531 18.1088 22.408 21.9448 18.0175 17.3025 15.3331 23.927 23.5289 30.2864 15.1389 42.5552 13.824 29.1343 15.8873 14.3781 36.467 44.4249 26.4977 26.3085 48.2981
threshold=32.051250000000003 0.34377090783250658 7.1629000000000014 0.68528307782258813 11.512900000000002 19.825800000000005 -4.1994689363225675 0.91597561503675362 0.20215850444104819 27.909600000000005 10.467500000000003 -1.1831717755775573 2.2972422652779865 14.309165289256685 -5.7239223525402076 26.508550000000003 27.220050000000004 24.320898433898122 1.0000000180025095e-35 30.885850000000001 30.549250000000004 0.62065213211827597 9.2414500000000022 0.60605029415157463 -3.3139835742574255 10.361250000000002 9.602800000000002 31.819850000000006 11.841700000000001 18.292500000000004
decision_type=2 2 2 2 2 10 2 2 2 2 2 2 2 2 2 10 2 2 2 10 10 2 2 2 2 10 2 8 10 2
left_child=2 -2 -1 7 6 -6 -5 10 9 14 21 12 -12 -14 -9 -10 17 -17 -19 20 -11 23 -23 24 25 26 -4 -27 -29 -30
right_child=1 -3 3 4 5 -7 -8 8 15 19 11 -13 13 -15 -16 16 -18 18 -20 -21 -22 22 -24 -25 -26 27 -28 28 29 -31
leaf_value=-0.0070970134465684499 0.00033537738580657645 0.0055415747285551386 -0.010178275866987994 0.0042595848992234599 0.028875269765037459 -0.00048681751870405368 -0.013363466939989433 0.045638699600888587 0.0059963131170417665 0.0038905464095611991 0.0041455624757610896 -0.00062157987923895891 -0.037724995695930928 -0.001663174524198497 0.00055985086555410634 -0.018759822673085822 0.0040329455803257436 -0.019173371419820048 0.013612838953835141 0.0008333284939136341 -0.037814976151363561 -0.030933701880350668 -0.0033622954386625724 0.0053773772271228223 -0.00035313504218025357 0.00086882171848287073 0.011715443651722123 -0.006597152104752548 -0.043992819874079582 -0.0095506279893428914
leaf_weight=277.94289636611938 1688.5921796858311 1009.3246845602989 126.49965155124664 67.258617550134659 49.44176521897316 79.730414181947708 318.03081411123276 6.6813196241855612 1161.6587719917297 40.53333905339241 2183.9006744921207 2117.5328995585442 19.153116255998611 32.961176812648773 3276.9645650088787 97.992687821388245 471.70116546750069 39.197075128555298 67.704038858413696 60.577297925949097 46.769237369298935 37.415389895439148 341.63814345002174 421.36855763196945 30540.757423460484 254.78098833560944 240.52750647068024 407.11507576704025 53.450556993484497 114.47327622771263
leaf_count=156 1769 595 209 40 99 119 231 15 763 91 2671 3107 40 62 3649 55 267 22 38 136 105 21 227 259 28885 296 270 242 30 65
internal_value=2.28049e-05 0.00228441 -0.000119296 -7.36857e-05 -0.00495747 0.0108873 -0.010284 -1.39766e-05 0.00147564 0.000172539 -0.000226795 0.00159007 0.00368387 -0.0153774 0.000665441 0.00390675 0.000315581 -0.00822046 0.00152495 -0.0107032 -0.0186269 -0.00046993 -0.00615803 -0.000402696 -0.000479603 -0.00370379 0.0041624 -0.0071838 -0.010747 -0.0207092
internal_weight=45651.7 2697.92 42953.8 42675.8 514.462 129.172 385.289 42161.4 5269.78 3431.53 36891.6 4353.55 2236.01 52.1143 3283.65 1838.25 676.595 204.894 106.901 147.88 87.3026 32538 379.054 32159 31737.6 1196.85 367.027 829.82 575.039 167.924
internal_count=44534 2364 42170 42014 489 218 271 41525 5141 3996 36384 5880 2773 102 3664 1145 382 115 60 332 196 30504 248 30256 29997 1112 479 633 337 95
is_linear=0
shrinkage=0.03


Tree=148
num_leaves=31
num_cat=0
split_feature=42 4 22 36 8 24 3 18 42 9 42 7 23 32 28 47 33 47 20 24 47 22 33 22 24 5 24 5 24 33
split_gain=18.7306 15.1309 15.0807 14.762 33.7993 40.8778 27.325 26.7588 25.8578 24.5779 24.4564 19.6413 26.6027 18.7813 17.1549 35.6628 16.879 15.6427 19.5136 15.4662 32.944 24.3916 22.4378 21.4481 17.784 29.1883 16.4119 15.3523 23.4701 21.756
threshold=0.59521474987503376 29.500150000000001 0.60355339059327384 10.027700000000003 9.5181500000000021 -0.10088855117215338 9.9795000000000016 -4.3038007986798652 0.52034644518783424 9.0046500000000016 0.44296535548121663 31.952450000000002 1.0000000180025095e-35 27.543750000000006 26.013150000000007 10.597250000000003 0.13797131223555245 11.293350000000002 22.546463746066948 -0.72101013194340913 24.444998760330851 0.78656609248549325 1.0000000180025095e-35 -0.70710678118654735 -0.71504373327588355 30.803650000000001 -0.69674959280705229 30.994750000000007 -0.75579217237767959 0.27599739672685247
decision_type=2 10 2 2 8 2 2 2 2 10 2 10 2 2 2 2 2 2 2 2 2 2 2 2 2 10 2 10 2 2
left_child=1 3 -2 7 10 8 -7 -1 9 -6 -5 12 -12 14 15 -10 -11 -8 -19 22 24 23 -9 -22 25 -21 -23 28 -24 -29
right_child=2 -3 -4 4 5 6 17 19 13 16 11 -13 -14 -15 -16 -17 -18 18 -20 20 21 26 27 -25 -26 -27 -28 29 -30 -31
leaf_value=-0.030639744741771967 0.0012054885260921922 -0.0097895840895696057 0.0074960386755254984 0.011671549556520729 0.0074665410201280348 0.0086048791458094992 0.035334242803739896 0.025547168863801227 0.0062746138704458361 -0.0062720594286228507 0.036134869757622583 -0.02856241286963572 -0.029205436778053671 -0.01195927401914482 0.01670104282447939 -0.022684786107341579 -0.032386137382729822 -0.023011495931258643 0.034759962919781548 -0.018345291449364684 -0.017406897737920961 0.0064826660164537062 0.0011569864077839024 0.0019612147338238834 -0.00033239541962747272 0.0037818895048386931 -0.035543474370046679 0.00026479053547721855 0.0080896769305266441 -0.020738190510183246
leaf_weight=24.943593263626099 1088.1642561256886 144.31650388240814 500.20812919735909 28.061542421579361 42.760445594787598 260.12604403495789 64.140668392181396 32.070334196090698 304.66817486286163 43.205866903066635 10.690111398696901 62.804404467344284 9.7992687821388227 59.686455309391022 100.21979436278343 42.760445594787598 46.323816061019897 10.244690090417862 8.9084261655807495 124.71796631813049 87.747997730970383 9.7992687821388227 1710.8632450997829 122.04543846845627 32313.088809102774 93.093053430318832 46.769237369298935 7513.3666280508041 590.62865477800369 43.651288211345673
leaf_count=32 706 324 328 45 78 362 51 69 171 25 24 135 22 35 57 24 26 23 20 70 197 22 2263 274 28361 71 105 10055 459 62
internal_value=-9.4454e-06 -0.00012514 0.00318997 -9.30788e-05 0.00334574 0.00512285 0.0134554 -0.000181266 0.000635013 -0.0111273 -0.0122486 -0.0203501 0.00498029 0.00371795 0.00583024 0.0026555 -0.0199923 0.0283218 0.00425043 -0.000162751 -0.000476334 -0.0109641 0.000877038 -0.00618382 -0.000390126 -0.00891401 -0.0282772 0.000794201 0.00293885 0.000140744
internal_weight=45539.9 43951.5 1588.37 43807.2 1094.4 983.045 343.42 42712.8 639.625 132.29 111.355 83.2938 20.4894 507.335 447.648 347.429 89.5297 83.2938 19.1531 42687.8 32797.3 266.362 9890.58 209.793 32530.9 217.811 56.5685 9858.51 2301.49 7557.02
internal_count=44496 43462 1034 43138 1098 872 456 42040 416 129 226 181 46 287 252 195 51 94 43 42008 29100 598 12908 471 28502 141 127 12839 2722 10117
is_linear=0
shrinkage=0.03


Tree=149
num_leaves=31
num_cat=0
split_feature=32 47 5 3 23 25 3 48 5 12 25 25 20 34 19 22 33 41 42 25 15 14 45 36 18 5 15 33 46 36
split_gain=15.2645 14.787 19.9433 14.9742 20.3803 26.3283 29.6665 28.3936 39.984 39.2909 29.2142 40.8789 24.2172 30.998 23.8059 24.7487 23.2674 23.2362 35.53 27.0742 24.7817 20.6133 20.4843 20.4387 20.1192 18.9046 27.2622 26.7397 17.1162 16.9165
threshold=29.485550000000007 7.1629000000000014 31.823650000000004 9.100500000000002 0.25881904510252057 -0.78858226040708135 9.7115000000000027 0.32104015770704591 31.961450000000003 12.686828512396941 -0.93845867424155849 -0.9260227363677036 26.821530443686584 19.803821694214886 4.5089187854785502 -0.5 0.3337273542878984 8.6875000000000018 0.17859614719114089 -0.89787881968372518 14.588619705097843 6.759640909090245 -0.3515796515821793 2.446619008263982 -1.2746956594384196 31.828250000000001 24.441831848294239 0.074161634286558489 0.018993182023662829 4.3899681818177507
decision_type=2 2 10 2 2 2 2 2 8 2 2 2 2 2 2 2 2 2 2 2 2 2 2 2 2 8 2 2 2 2
left_child=1 2 -1 -3 5 6 12 8 9 10 -8 -12 28 -14 -11 -16 29 18 -13 20 -19 -7 -18 -20 -6 26 27 -9 -5 -10
right_child=-2 3 -4 4 24 21 7 25 16 14 11 17 13 -15 15 -17 22 19 23 -21 -22 -23 -24 -25 -26 -27 -28 -29 -30 -31
leaf_value=-0.019600271440577004 -0.0094783770101677708 -0.0006918288919028875 -0.0021611125281627975 0.011477008720805388 0.0027179170596811427 0.0005873196537167089 0.0063013859784813138 -0.025575830607370776 -0.025874573649059283 -0.0042524475025324795 -0.02184413113134831 -0.023901139440934041 -0.020797361746525349 -0.0016615966085375253 -0.031942222748024281 -0.0084516579004301796 0.011641308971589527 0.016898929549501 -0.019817597257860139 -0.017373983535546603 -0.020009262339914746 0.0069287076679794045 -0.007612541188774127 0.0087579171010247741 0.00022782562149809896 0.0030501401786099803 0.0047639321328713556 -0.00412993103026399 0.0013464731292973087 -0.011236380325603623
leaf_weight=76.612465023994446 150.9978235065937 14780.415272623301 247.65424740314484 158.1245644390583 5755.2887242734432 9568.9859657585621 591.96491870284081 76.612465023994446 83.739205956459045 1473.899109095335 87.302576422691345 36.079125970602036 92.647632122039795 409.78760361671448 56.568506151437759 138.97144818305969 66.813196241855621 52.114293068647385 23.161908030509949 118.48206800222397 22.716486722230911 483.7275407910347 185.74068555235863 345.20151391625404 5927.6667705774307 1000.4162583947182 163.91504144668579 162.13335621356964 2657.3835251927376 473.48285070061684
leaf_count=43 339 12258 139 202 5598 10674 570 43 62 2346 94 21 52 341 58 153 39 42 13 92 33 408 108 460 6762 563 92 91 2405 319
internal_value=1.27141e-05 4.45468e-05 -0.00632895 9.06201e-05 0.000473411 -0.000145282 -0.00137663 -0.00279962 -0.00415952 -0.00253509 0.0014254 -0.00279103 0.000836269 -0.00522448 -0.00556368 -0.0153753 -0.0100597 2.35249e-05 0.00411141 -0.00850615 0.00557854 0.00089312 -0.00249311 0.00691236 0.00145463 0.000841386 -0.00464025 -0.0110898 0.0019193 -0.0134786
internal_weight=45468.6 45317.6 324.267 44993.3 30212.9 18530 8477.26 5159.32 3756.24 2946.46 1277.02 685.058 3317.94 502.435 1669.44 195.54 809.776 597.755 404.443 193.313 74.8308 10052.7 252.554 368.363 11683 1403.08 402.661 238.746 2815.51 557.222
internal_count=44420 44081 182 43899 31641 19281 8199 5199 4410 3882 1325 755 3000 393 2557 211 528 661 494 167 75 11082 147 473 12360 789 226 134 2607 381
is_linear=0
shrinkage=0.03


Tree=150
num_leaves=31
num_cat=0
split_feature=9 10 42 31 10 9 25 8 9 33 4 24 33 25 8 31 33 9 28 32 41 44 35 10 24 33 16 5 5 6
split_gain=15.0134 16.2375 18.9653 18.884 25.3541 27.8898 15.6698 30.7755 26.5692 31.3451 27.6272 23.7547 21.2051 36.117 20.7566 21.2743 19.9644 16.8692 20.5744 14.3181 16.5936 13.825 16.7329 15.5107 15.1665 24.5039 22.2744 34.5589 21.0509 15.5951
threshold=7.1566500000000008 0.31851485148514852 0.59521474987503376 18.218350000000004 0.41277227722772275 9.2538000000000018 -0.93543596745397617 8.7302500000000016 9.222450000000002 0.16015407581451199 22.544650000000001 -0.049434980436038223 0.018348705676680396 -0.9292178835113839 11.362900000000002 10.973991735537281 0.17061557666285934 8.653850000000002 18.030150000000003 21.460950000000008 9.2458000000000009 3.3635271051202973 3.5212545773919675 0.41039603960396037 -0.72696319516528884 1.0000000180025095e-35 25.716392561983664 30.505600000000005 31.04785 24.685700000000004
decision_type=8 2 2 2 2 10 2 8 10 2 8 2 2 2 10 2 2 10 2 2 2 2 2 2 2 2 2 10 10 8
left_child=-1 6 21 4 5 -4 7 -2 9 -9 14 -12 -8 17 15 -10 -16 -14 -19 20 -11 22 24 -24 -3 -26 -27 -28 29 -29
right_child=1 2 3 -5 -6 -7 12 8 10 19 11 -13 13 -15 16 -17 -18 18 -20 -21 -22 -23 23 -25 25 26 27 28 -30 -31
leaf_value=-0.0070385751196090579 -0.021678358300662358 0.0019799389242319467 -0.02882225198526293 0.0073751543178209571 0.0097067778812838356 -0.00176560879943142 -0.00028238779468828885 0.0031511867236794903 -0.02185531425231698 0.011861832109704774 0.0013018187994224494 0.016864217636483853 0.0025947625937197943 -0.0025929707999794703 -0.0084078557061834456 -0.0006516416583616277 -0.033108452089259055 -0.043187597013274535 -0.0115096182352677 -0.003554359204859801 0.033437622223407203 -0.0015521558891062224 -0.0001221318583250156 -0.025146565479816693 -0.025483875640218746 0.00032695476120204824 -0.027037715622623377 0.00085038455571200325 0.0091623302057177013 -0.013071439459431171
leaf_weight=274.37952589988708 51.668871760368347 4998.5179215073586 37.415389895439148 674.36786073446274 158.56998574733734 320.70334196090698 6204.273403018713 803.54004013538361 44.542130827903748 73.049094557762146 963.00086849927902 96.211002588272095 20.934801489114761 4349.5390753448009 156.78830051422119 657.44185101985931 35.633704662322998 37.415389895439148 37.415389895439148 23.607329338788986 58.795612692832947 3521.9462845623493 44.987552136182785 43.205866903066635 32.515755504369736 21337.016930490732 61.913561850786209 127.83591547608376 94.874738663434982 165.69672667980194
leaf_count=154 29 5909 21 503 89 180 5196 841 25 56 554 54 35 3723 88 369 20 21 21 53 105 6803 50 34 55 18539 139 287 156 372
internal_value=-5.50023e-05 -1.24863e-05 0.000360475 0.00407248 -0.000243988 -0.00466481 -0.000878689 0.00105022 0.00146072 0.00554752 -0.000547222 0.00272997 -0.00141564 -0.0029969 -0.00442699 -0.00202623 -0.0131296 -0.0211263 -0.0277093 0.017835 0.0216627 0.000215047 0.000446415 -0.0125261 0.000489541 0.000148044 0.000187465 -0.00640788 -0.00305842 -0.00702607
internal_weight=45507.8 45233.4 31619.6 1191.06 516.689 358.119 13613.9 2964.28 2912.61 958.992 1953.62 1059.21 10649.6 4445.3 894.406 701.984 192.422 95.7656 74.8308 155.452 131.845 30428.5 26906.6 88.1934 26818.4 21819.9 21787.3 450.321 388.407 293.533
internal_count=44481 44327 33137 793 290 201 11190 2194 2165 1055 1110 608 8996 3800 502 394 108 77 42 214 161 32344 25541 84 25457 19548 19493 954 815 659
is_linear=0
shrinkage=0.03


Tree=151
num_leaves=31
num_cat=0
split_feature=4 43 47 5 44 31 35 50 16 5 50 6 19 34 12 3 21 5 40 41 48 5 3 25 5 6 25 5 42 48
split_gain=17.2656 15.9356 12.3394 17.5101 12.6137 16.8408 29.1932 21.6122 17.9292 22.0875 20.0003 19.23 17.4632 16.069 33.4527 21.6332 21.2468 20.57 17.9426 49.5491 29.9447 18.4564 16.8472 31.121 42.9152 25.6661 22.7172 49.129 37.5023 31.1328
threshold=29.500150000000001 -0.032118441314856937 7.1629000000000014 31.819850000000006 3.2361728981364979 20.250450000000004 1.6841624426287616 31.69275 22.000775000000004 31.891150000000007 31.579850000000004 19.346550000000004 2.7869921147748404 15.641796694215133 15.014781818182145 9.1875000000000018 3.3413514698239646 31.98235 19.268143207482147 11.631750000000002 0.24372051299089645 32.000750000000004 11.003500000000001 -0.9497838742125716 31.884950000000003 11.532350000000003 -0.9575230291762723 31.897250000000003 0.31307340331449229 0.21096307617338919
decision_type=10 2 2 8 2 2 2 2 2 8 2 10 2 2 2 2 2 10 2 2 2 8 2 2 10 10 2 10 2 2
left_child=1 -1 3 -3 5 8 -7 -8 10 11 12 -10 -4 14 16 17 22 -16 20 -20 21 -17 26 24 -24 -26 27 -12 -28 -29
right_child=-2 2 4 -5 -6 6 7 -9 9 -11 13 -13 -14 -15 15 18 -18 -19 19 -21 -22 -23 23 -25 25 -27 28 29 -30 -31
leaf_value=0.013327526587289385 -0.0099136599616092176 -0.019485310809136729 -0.0026062676176127962 -0.0021655823526818782 -0.0013388558049601299 0.00092933142053417067 -0.022496049753956218 0.0080786065984599104 -0.0065003776864399334 0.0016779230399734384 0.005544780418176222 -0.00045089163550568749 -0.017534017533131618 0.0023129184084086656 0.0050574627648359077 -0.0083960312261665612 -0.019033544021235933 -0.013898473686461974 -0.0061767756065242195 -0.042010615274703282 0.0038266229723596182 -0.030555535205689731 -0.037442186337480914 -0.0010038776815196769 -0.026990799305251386 0.005640656799596246 0.00033819202829798821 -0.011322980154297358 -0.0050615312829335214 0.0003865852498466617
leaf_weight=80.621256798505783 155.00661528110504 65.922353625297546 236.5187146961689 245.87256217002869 4879.1450108885765 7344.1065309047699 20.489380180835724 714.45577847957611 1175.4668325483799 866.78986591100693 2181.2281466424465 791.06824350357056 99.774373054504395 3102.8048334717751 252.10846048593521 300.21396178007126 50.332607835531235 63.695247083902359 117.59122538566589 48.550922602415085 194.20369040966034 37.415389895439148 53.895978301763535 586.61986300349236 30.288648962974548 69.931145399808884 18509.927886843681 230.28281638026237 1233.8170239329338 1754.5145333111286
leaf_count=181 348 37 438 138 8665 7767 22 986 815 506 2188 555 191 3744 257 476 113 41 81 28 109 27 70 606 23 49 13497 154 1171 1035
internal_value=4.94512e-05 8.37324e-05 5.98458e-05 -0.00587806 0.000101168 0.00027656 0.0015003 0.00719681 -3.25608e-05 -0.00231044 0.000188888 -0.00406835 -0.00707402 0.000273887 2.77708e-05 -0.0053106 0.000247076 0.00120239 -0.00825496 -0.016837 -0.00554739 -0.0109347 0.000287215 -0.00416554 -0.0161159 -0.00439052 0.000425332 0.00243815 5.15745e-07 -0.000977015
internal_weight=45492.7 45337.7 45257 311.795 44945.2 40066.1 8079.05 734.945 31987 2833.32 29153.7 1966.54 336.293 28817.4 25714.6 1013.78 24700.8 315.804 697.975 166.142 531.833 337.629 24650.5 740.736 154.116 100.22 23909.8 4166.03 19743.7 1984.8
internal_count=44318 43970 43789 175 43614 34949 8775 1008 26174 1876 24298 1370 629 23669 19925 1019 18906 298 721 109 612 503 18793 748 142 72 18045 3377 14668 1189
is_linear=0
shrinkage=0.03


Tree=152
num_leaves=31
num_cat=0
split_feature=21 24 34 24 4 42 5 9 8 5 39 8 5 4 9 18 28 22 6 25 25 11 9 42 24 11 22 28 6 9
split_gain=15.148 22.8581 25.1933 38.2023 65.2764 34.6327 30.1325 28.8952 27.5287 24.1035 21.9435 22.7933 21.0751 20.3766 19.8882 16.818 14.8834 13.9983 13.3072 13.1038 75.4194 32.4903 46.7954 48.3884 35.778 63.7275 37.3975 31.2352 29.1328 29.9366
threshold=0.80176173454518829 0.62334665204000361 12.48102747933939 0.12225609522135446 21.192550000000004 0.21378859537816741 31.816350000000003 8.5734500000000011 9.3929000000000027 31.997350000000001 0.90744749643281153 11.245850000000003 31.812150000000006 21.601200000000002 8.7752000000000017 -3.4411098316831654 29.500150000000001 -0.60355339059327362 10.656300000000002 -0.89787881968372518 -0.79382744783423187 16.992100000000004 10.836450000000001 0.28147614103895108 0.35544221683359195 17.897050000000004 0.25881904510252091 17.557550000000003 11.125000000000002 9.4284000000000017
decision_type=2 2 2 2 10 2 10 10 10 10 2 8 10 8 10 2 2 2 10 2 2 2 8 2 2 2 2 2 10 10
left_child=19 2 5 8 9 7 17 -2 13 10 -5 -12 18 -4 -7 -10 -17 -6 -3 21 -21 22 23 -1 27 -26 -27 28 29 -23
right_child=1 12 3 4 6 14 -8 -9 15 -11 11 -13 -14 -15 -16 16 -18 -19 -20 20 -22 24 -24 -25 25 26 -28 -29 -30 -31
leaf_value=-0.0068836376793812897 -0.0012927374705720023 -0.015654698612570378 0.015526496635877927 0.0018869834618345611 -0.035399456323515037 0.0085935829626033033 -0.0619875439308318 -0.02674097341452162 0.011992294433234633 -0.036969734441699903 -0.014955375934542313 0.027195349401302769 -0.0014393315545664586 -0.020753505111145442 -0.0042389011758898199 -0.00026045639219531464 -0.01075857071055384 -0.0079270346572947754 -0.0010751905877699499 -0.0036550649434041126 0.00061483835033307791 -0.0071997079357252955 0.024469787541453441 0.0084658411987053057 -0.00039317867944461358 -0.011546514574954288 -0.042492519815036899 0.0014470607721540692 0.0030348077213220976 -0.030720928041426
leaf_weight=260.12604403495789 265.91652104258537 237.85497862100601 15.58974578976631 290.41469299793243 32.961176812648773 692.18471306562424 22.271065413951874 46.323816061019897 97.10184520483017 18.707694947719574 151.88866612315178 11.580954015254973 342.97440737485886 93.53847473859787 128.28133678436279 4082.2862903773785 124.27254500985146 34.297440737485886 73.939937174320221 4425.7061190605164 23417.579861462116 196.87621825933456 112.24616968631744 632.49825775623322 380.389797270298 93.093053430318832 56.568506151437759 8954.7499816417694 163.91504144668579 64.140668392181396
leaf_count=146 387 327 35 319 74 1095 50 26 113 36 269 23 200 210 72 5127 279 77 166 3774 22040 142 231 355 380 134 88 8179 131 36
internal_value=5.28037e-05 -0.00125725 -0.000685658 -0.0016051 -0.00896358 0.00335042 -0.0323046 -0.00514154 -0.00066592 -0.00448288 -0.00306555 -0.011822 -0.00657986 -0.0154767 0.00658448 -0.000286853 -0.000573081 -0.0217117 -0.0122118 0.000281406 -6.39721e-05 0.0011624 0.00629973 0.00399004 0.000640874 -0.00693461 -0.0234478 0.00106966 -0.00686811 -0.0130749
internal_weight=45520.3 6762.39 6107.62 4974.91 562.122 1132.71 89.5297 312.24 4412.79 472.592 453.884 163.47 654.769 109.128 820.466 4303.66 4206.56 67.2586 311.795 38757.9 27843.3 10914.6 1004.87 892.624 9909.73 530.051 149.662 9379.68 424.932 261.017
internal_count=44521 8885 8192 6612 848 1580 201 413 5764 647 611 292 693 245 1167 5519 5406 151 493 35636 25814 9822 732 501 9090 602 222 8488 309 178
is_linear=0
shrinkage=0.03


Tree=153
num_leaves=31
num_cat=0
split_feature=49 24 4 5 24 29 25 4 41 24 11 24 4 24 4 22 5 48 16 14 3 22 16 5 9 24 22 9 22 9
split_gain=16.1432 19.5694 25.3677 18.6992 16.9796 16.1372 14.6904 35.6457 39.5575 34.6829 59.7873 37.8103 59.3388 35.9909 40.1827 55.5292 54.4743 35.2987 42.7737 32.8555 32.1737 35.5231 37.6578 34.5072 31.6479 30.985 37.4703 36.4666 32.2699 36.6853
threshold=32.034450000000007 0.79184907943689831 10.885750000000002 31.819850000000006 0.80223616854477187 8.9309000000000029 -0.79382744783423187 13.434950000000002 8.5838500000000018 0.43442111757849838 16.992100000000004 0.35544221683359195 17.824250000000003 -0.52032787705993211 27.620300000000004 -0.60355339059327362 31.43055 0.1130077742368391 14.417986157024924 5.343657438016006 9.8515000000000033 1.0000000180025095e-35 22.862649793388574 31.869650000000004 11.812900000000001 0.48030317736429479 0.60355339059327384 8.855850000000002 -1.0000000180025095e-35 8.6111500000000021
decision_type=2 2 10 10 2 2 2 8 2 2 2 2 10 2 10 2 10 2 2 2 2 2 2 8 10 2 2 8 2 10
left_child=1 6 3 4 -3 -5 7 -1 -9 10 17 13 -13 14 16 -16 -12 18 -10 -18 23 22 -22 24 -15 26 27 -11 -27 -30
right_child=-2 2 -4 5 -6 -7 -8 8 9 25 11 12 -14 20 15 -17 19 -19 -20 -21 21 -23 -24 -25 -26 28 -28 -29 29 -31
leaf_value=-0.009161075579079048 0.0018347300946865432 0.0087602758999874956 -0.024439226931742216 -0.00097477918125306936 -0.011743214894503827 -0.016332694462761744 0.00042049529163158092 0.0047869223076931729 0.069427764104960543 -0.019304181650093455 0.0011188106124180475 -0.0014654781611294137 -0.024088439684803221 0.0041960304720279158 -0.036265601814825139 -0.0066541381248418586 -0.0013777842254935795 0.0054319939539083373 0.013481678418386114 -0.019776425168147382 -0.0078830648863595504 -1.2127214026649454e-05 0.0029443598356419872 -0.00093463415856290439 -0.0045683676714467275 0.0051061388050787455 0.00018135255249949431 0.0017372974265643982 0.0061351375920433134 -0.014567941887998887
leaf_weight=440.52167388796806 3562.4796236157417 40.978760361671448 46.769237369298935 2196.8178924322128 281.50626683235168 62.358983159065247 21761.503437280655 1173.2397260069847 16.035167098045349 359.90041708946228 934.49390476942062 295.75974869728088 160.35167098045349 3217.7235310077667 79.730414181947708 195.98537564277649 144.31650388240814 805.76714667677879 46.769237369298935 220.92896890640259 1329.1371839046478 2746.9132081568241 368.80884325504303 3675.6166359186172 418.25060847401619 365.69089409708977 216.47475582361221 93.093053430318832 114.91869753599167 229.83739507198334
leaf_count=248 3066 23 48 1233 158 35 23539 1350 30 202 874 292 225 3888 110 212 81 519 87 124 1445 2891 384 2258 237 320 186 167 141 129
internal_value=-0.000103978 -0.000268304 -0.00277415 -0.00237236 -0.00911877 -0.00140574 -0.000101119 -0.000744218 -0.00052825 -0.000917386 -0.00048912 -0.000970221 -0.00945416 -0.000679281 -0.00493578 -0.0153172 -0.00272348 0.00714039 0.02863 -0.0125303 -0.000108506 -0.00212108 -0.0055309 0.0011151 0.00318687 -0.0054625 -0.0100884 -0.0149857 -0.00109534 -0.00766913
internal_weight=45602.7 42040.2 2628.43 2581.66 322.485 2259.18 39411.8 17650.3 17209.7 16036.5 14656.6 13788 456.111 13331.9 1575.46 275.716 1299.74 868.572 62.8044 365.245 11756.5 4444.86 1697.95 7311.59 3635.97 1379.92 669.468 452.993 710.447 344.756
internal_count=44502 41436 1497 1449 181 1268 39939 16400 16152 14802 13657 13021 517 12504 1401 322 1079 636 117 205 11103 4720 1829 6383 4125 1145 555 369 590 270
is_linear=0
shrinkage=0.03


Tree=154
num_leaves=31
num_cat=0
split_feature=50 33 9 25 42 24 21 8 9 16 12 24 16 14 9 4 25 4 8 24 24 11 48 9 24 24 33 9 34 41
split_gain=16.2778 21.3363 27.6939 33.4257 71.0296 20.1627 24.8974 20.4492 17.8257 23.3164 17.6251 16.8265 26.2879 19.9237 19.1758 16.2471 15.1175 40.5222 35.9876 30.3395 41.6127 40.091 37.7179 32.5946 28.4888 33.5437 33.8239 29.6077 38.0764 26.3673
threshold=31.761550000000003 0.4952507364961713 7.2010500000000013 -0.9260227363677036 0.27954204637213059 0.22386011952790016 -2.7668748132073575 9.8871500000000019 10.862500000000002 15.717665495867974 15.144397107438524 0.79184907943689831 9.0767750000000031 0.23714999999999933 7.2376000000000014 29.500150000000001 -0.78324956448884031 13.434950000000002 8.5339000000000009 0.43442111757849838 0.3873823162447298 17.674150000000001 0.1482169357875385 8.6808500000000013 -0.52032787705993211 0.30675521904633613 0.090757627778606534 10.757700000000002 19.803821694214886 8.9108500000000017
decision_type=2 2 10 2 2 2 2 10 8 2 2 2 2 2 10 8 2 10 10 2 2 2 2 8 2 2 2 8 2 2
left_child=5 11 3 4 -3 8 -7 -8 -1 -10 -6 13 -13 -2 -14 16 17 -15 -19 20 24 -22 -21 -24 27 -26 -27 -20 -29 -25
right_child=1 2 -4 -5 10 6 7 -9 9 -11 -12 12 14 15 -16 -17 -18 18 19 22 21 -23 23 29 25 26 -28 28 -30 -31
leaf_value=0.0047873689070895451 -0.0013457614764332405 0.074928698094007359 -0.0063370698124072039 -0.0080014952287157902 0.016159711500505838 0.058234311832193006 -0.0037398300303339155 -0.015399535388449126 0.027912718849405611 -0.0013550298375129602 -0.013157526461494122 -0.00079417712881110314 -0.03034547258061919 -0.0093108272015140908 -0.0071200363015808399 -0.011736069513215272 0.0016054168658874736 0.006458637496802506 0.010882047686724489 -0.00078248153513375731 0.0089159815499936772 -0.028177870962272311 -0.019034099449220607 -0.010027238980108912 0.0010946178051507297 -0.011006845409155143 0.00020694463865560014 -0.019129448942765307 -0.0033824209606703993 0.011942252058863715
leaf_weight=480.60959163308144 4341.9669131040573 15.58974578976631 837.83748087286949 77.057886332273483 56.568506151437759 4.4542130827903739 666.35027718544006 169.26009714603424 23.607329338788986 5586.9194697439671 26.279857188463211 3381.6385724544525 35.188283354043961 388.85280212759972 288.63300776481628 91.311368197202682 13563.078837096691 855.65433320403099 96.211002588272095 1051.6397088468075 704.65650969743729 26.279857188463211 229.83739507198334 150.9978235065937 10482.990490347147 429.38614118099213 553.21326488256454 172.82346761226654 677.485809892416 71.712830632925034
leaf_count=275 6199 32 471 134 127 10 1091 308 53 7320 59 1898 40 219 162 202 12678 1084 54 930 532 59 129 141 8580 394 507 97 585 53
internal_value=-1.44959e-05 0.000225841 -0.00406764 0.00674136 0.0182466 -0.00135302 -0.00570715 -0.00611719 -0.000751673 -0.00122693 0.00681415 0.000341677 -0.00157745 0.000551563 -0.0097295 0.000830421 0.000869775 0.000241867 0.000482058 0.000132505 0.000594503 0.00754565 -0.00390198 -0.0111334 0.000184583 0.00059769 -0.00469958 -0.0048149 -0.00660168 -0.0029313
internal_weight=45538.1 38606.9 1013.33 175.496 98.4381 6931.2 840.065 835.61 6091.14 5610.53 82.8484 37593.6 3705.46 33888.1 323.821 29546.1 29454.8 15891.7 15502.9 14647.2 13143 730.936 1504.19 452.548 12412.1 11465.6 982.599 946.52 850.309 222.711
internal_count=44423 35366 823 352 218 9057 1409 1399 7648 7373 186 34543 2100 32443 202 26244 26042 13364 13145 12061 10808 591 1253 323 10217 9481 901 736 682 194
is_linear=0
shrinkage=0.03


Tree=155
num_leaves=31
num_cat=0
split_feature=9 5 21 9 8 4 3 20 28 32 4 3 32 22 33 9 4 3 45 9 33 31 4 35 33 9 42 31 35 35
split_gain=12.4841 12.7328 12.2279 18.9852 21.0715 14.356 30.5638 30.2589 23.3251 13.9978 22.1515 24.1018 16.598 14.481 13.0982 42.7827 13.5821 12.4763 14.2134 18.611 27.6173 23.1743 31.6062 38.4205 21.12 26.1563 19.9358 16.1964 15.7584 26.6876
threshold=7.1566500000000008 31.819850000000006 2.7954867803297154 10.245950000000002 12.458750000000002 1.0000000180025095e-35 9.959500000000002 26.821530443686584 19.021450000000005 22.215025000000004 16.310500000000001 9.4735000000000031 23.743125000000003 -0.37940952255126065 0.68528307782258813 7.2166500000000005 19.50375 8.7045000000000012 -0.040553458689333993 10.062050000000001 0.0042174636928407408 13.788754545455026 22.609700000000004 0.35412730357529998 0.15514241441344703 10.836450000000001 0.35554466105279353 11.511100000000001 0.50983011511739584 0.29657999564398013
decision_type=8 10 2 8 10 10 2 2 2 2 8 2 2 2 2 10 10 2 2 10 2 2 10 2 2 10 2 2 2 2
left_child=1 -1 5 -4 9 6 8 -8 -2 10 -5 -12 -11 -13 17 16 -16 -7 19 -19 -21 22 26 -24 25 -23 -22 -28 29 -26
right_child=2 -3 3 4 -6 14 7 -9 -10 12 11 13 -14 -15 15 -17 -18 18 -20 20 21 24 23 -25 28 -27 27 -29 -30 -31
leaf_value=-0.01739162848261051 0.015589170132897321 -0.0025592139537127748 0.021768147148806267 0.002295840892940076 -0.00023067849393903085 -0.00094472059947511389 -0.02737808772883903 0.023731799558159589 0.066351935397334472 0.0022697220984510581 -0.011959560165388461 -0.056559550636692948 -0.020487178694368186 -0.022906535916810189 0.020800940563395692 -0.0089288455403348354 0.00028042020200024067 0.0019383137263234869 -2.6796537203766381e-05 0.0098170831551609664 -0.016568785390815605 0.0066605724863096983 -0.030961443053250142 0.0038831964557247867 -0.005260585350495321 -0.0016380634171588471 0.017070350329579546 -0.0024693915224122532 -0.0024693898131019939 -0.035106953584089252
leaf_weight=69.485724091529846 27.616121113300323 201.33043134212494 24.943593263626099 48.105501294136047 481.50043424963951 7859.0135632753372 23.161908030509949 17.371431022882462 11.135532706975935 119.37291061878204 93.983896046876907 20.934801489114761 36.96996858716011 29.397806346416473 63.249825775623322 427.60445594787598 53.00513568520546 8547.1894845664501 24591.710430085659 195.98537564277649 75.721622407436371 516.24329629540443 90.865946888923645 40.978760361671448 76.612465023994446 1007.0975780189037 44.542130827903748 235.18245077133179 237.85497862100601 40.978760361671448
leaf_count=39 53 113 14 108 799 6115 25 24 13 199 139 32 47 57 130 240 119 7957 26662 113 44 292 51 23 43 569 25 132 135 23
internal_value=-4.91208e-06 -0.00641488 3.37727e-05 -0.00351713 -0.00430205 0.000102582 0.012777 -0.00542985 0.0314784 -0.0099062 -0.0153041 -0.0211462 -0.00320755 -0.037733 7.95084e-05 -0.00454308 0.011527 0.000137326 0.000375541 0.00126609 -0.000976375 -0.00187418 -0.00769681 -0.0201836 -0.000360706 0.00117678 -0.00302147 0.000691757 -0.00693473 -0.0158699
internal_weight=45309.1 270.816 45038.3 855.209 830.265 44183.1 79.285 40.5333 38.7517 348.765 192.422 144.317 156.343 50.3326 44103.8 543.859 116.255 43560 35701 11109.3 2562.06 2366.08 487.291 131.845 1878.79 1523.34 355.446 279.725 355.446 117.591
internal_count=44335 152 44183 1395 1381 42788 115 49 66 582 336 228 246 89 42673 489 249 42184 36069 9407 1450 1337 275 74 1062 861 201 157 201 66
is_linear=0
shrinkage=0.03


Tree=156
num_leaves=31
num_cat=0
split_feature=15 24 3 48 9 9 3 49 49 4 24 49 24 49 8 47 3 7 48 9 24 3 18 49 9 31 25 4 35 14
split_gain=13.7523 20.8334 13.6913 16.7713 24.3814 23.339 17.4677 15.546 23.6747 25.3621 32.9287 27.9585 35.673 22.5736 21.9799 37.4392 21.6195 15.6428 18.6502 23.7053 25.7769 23.9578 16.723 15.3957 15.0861 41.4748 32.4513 42.2655 29.4464 29.3849
threshold=28.267033062706272 -0.75579217237767959 9.100500000000002 0.32104015770704591 9.0926500000000008 8.9817000000000018 11.131500000000001 31.90915 30.938550000000003 28.391800000000003 -0.54939360607974019 31.43055 -0.75579217237767959 31.403750000000006 9.9720000000000031 9.8440500000000011 9.9495000000000022 32.018350000000005 0.3538208518838461 9.2827500000000018 -0.52032787705993211 10.0265 -2.4537405635106544 31.519350000000006 9.822750000000001 10.586850000000002 -0.99907307217758434 20.993600000000004 2.09919943691003 9.1796000000000006
decision_type=2 2 2 2 10 10 2 2 2 10 2 2 2 2 8 2 2 8 2 10 2 2 2 2 10 2 2 10 2 2
left_child=2 -2 -1 24 5 -5 7 8 -6 10 11 12 -10 -12 15 -9 23 -15 22 21 -21 -20 -19 -13 26 -26 27 -4 29 -27
right_child=1 -3 3 4 6 -7 -8 14 9 -11 13 16 -14 17 -16 -17 -18 18 19 20 -22 -23 -24 -25 25 28 -28 -29 -30 -31
leaf_value=-0.00069940678533183685 -0.0024371930183246533 -0.02404860257000923 0.05377533755304538 0.0063938523580473038 0.0075881628957816449 -0.02560305889974776 0.022831200296575604 0.001581818741096158 -0.010480959975831303 0.0049728193483646417 0.0083456224057178521 -0.032174523508953404 0.0037676676108849877 0.0040157689080302849 0.0058562882454674938 -0.02697390344760852 -0.0031957330207845924 -0.01429475579824664 -0.029881187952005912 -0.019952907623596125 0.005265032689449208 -0.00090914825669053637 0.0060565884697819754 -0.013109061186061624 -0.044087513857689317 0.00012751364614736789 0.00028043442717790587 0.0076814734256578513 -0.0099666467119262948 -0.010787198906674371
leaf_weight=14779.969851315022 179.95020854473114 50.778029143810272 18.707694947719574 32.070334196090698 416.91434454917908 54.341399610042572 35.633704662322998 260.12604403495789 286.85132253170013 706.43819493055344 315.35828626155853 65.922353625297546 350.10114830732346 414.68723800778389 1468.1086320877075 48.105501294136047 97.992687821388245 185.29526424407959 42.760445594787598 39.197075128555298 395.08870044350624 62.358983159065247 44.542130827903748 94.429317355155945 19.598537564277649 3307.6986352801323 21073.772937297821 202.66669526696205 329.61176812648773 236.96413600444794
leaf_count=12239 239 114 24 18 237 32 20 146 161 401 177 37 198 235 827 27 55 104 24 22 224 35 25 53 11 1864 26159 437 185 133
internal_value=1.31492e-05 -0.00727663 5.03682e-05 0.000412462 0.00192676 -0.0137906 0.00218412 0.00204087 0.000885196 -1.81337e-05 -0.001492 -0.00604115 -0.00265557 0.00122673 0.00432782 -0.00294767 -0.0143459 -0.00067494 -0.00320556 -0.000151452 0.00294834 -0.0128649 -0.0103415 -0.0210979 8.67823e-05 -0.00162991 0.000400746 0.011801 -0.00140381 -0.000604982
internal_weight=45616 230.728 45385.3 30605.3 5416.32 86.4117 5329.91 5294.28 3517.94 3101.02 2394.58 895.297 636.952 1499.29 1776.34 308.232 258.344 1183.93 769.243 539.405 434.286 105.119 229.837 160.352 25189 3893.87 21295.1 221.374 3874.27 3544.66
internal_count=44463 353 44110 31871 3058 50 3008 2988 1988 1751 1350 504 359 846 1000 173 145 669 434 305 246 59 129 90 28813 2193 26620 461 2182 1997
is_linear=0
shrinkage=0.03


Tree=157
num_leaves=31
num_cat=0
split_feature=33 9 21 7 14 45 18 8 24 24 6 31 48 5 3 14 22 43 5 3 45 42 47 24 31 9 24 28 4 8
split_gain=12.0784 28.1784 19.7519 17.3309 26.5691 14.8962 14.2399 20.085 36.2901 44.6311 30.2207 28.8293 26.4163 21.3366 23.8285 20.9813 33.0567 25.2534 16.8344 16.6346 15.992 15.0274 18.4273 36.7288 22.0547 20.1281 49.7677 95.1502 64.5916 53.9002
threshold=0.4952507364961713 7.2010500000000013 -2.4594497862182547 31.908050000000006 7.8294694214868352 -0.42957046190941278 -1.1831717755775573 8.5556000000000019 0.43442111757849838 0.48030317736429479 9.1690000000000023 9.5903933884298969 0.12315989988260574 31.634150000000002 9.1305000000000032 4.9124289256193521 0.37940952255126054 0.016174049267069803 31.959150000000005 9.959500000000002 -0.23014138070341988 0.24838312761948708 23.152800000000003 -0.64578423485557612 22.113257024794027 10.836450000000001 0.13930990466364487 21.645750000000003 21.192550000000004 9.5181500000000021
decision_type=2 10 2 10 2 2 2 10 2 2 10 2 2 8 2 2 2 2 10 2 2 2 2 2 2 8 2 2 8 10
left_child=6 2 -2 4 -3 -5 7 -1 11 10 12 -9 -10 -14 -15 -11 19 18 -18 -17 -8 -13 24 -24 25 -23 27 -27 -28 -29
right_child=1 3 -4 5 -6 -7 20 8 9 15 -12 21 13 14 -16 16 17 -19 -20 -21 -22 22 23 -25 -26 26 28 29 -30 -31
leaf_value=0.0038015477721148007 0.026375283290748803 -0.0066439815476851084 0.0023367283242059912 0.014787782701988925 -0.028673736803180368 -0.002862132029614761 -0.013577998687105236 0.0095057961032031287 0.001727073269719977 -0.0089009433654629495 -0.0031815189713098779 0.006301611995329518 -0.0014722443682551735 -0.011191615796100209 -0.03599187261454221 0.0098543379936487582 -0.0082253883928894989 0.0051132732767647897 -0.034315649877571172 -0.011371497314980746 -0.00038217307293146932 0.0012744064592270581 -0.00057553548640374797 -0.017024568471714793 0.0030926767484242184 0.026920238451660878 -0.0056630404194968047 -0.018472624935846244 -0.036861886998141601 -0.00024368969954931461
leaf_weight=1672.1115912795067 34.742862045764923 495.75391611456871 222.71065413951874 49.887186527252197 53.895978301763535 277.94289636611938 81.957520723342896 327.38466158509254 43.205866903066635 187.07694947719574 177.72310200333595 397.31580698490143 31.624912887811661 51.668871760368347 114.47327622771263 331.83887466788292 57.904770076274872 70.821988016366959 36.079125970602036 36.079125970602036 22784.636182397604 7180.1914894580841 521.58835199475288 158.56998574733734 2697.471442937851 113.58243361115456 594.63744655251503 148.32529565691948 65.476932317018509 6528.9855367541313
leaf_count=1900 72 279 458 28 31 156 88 288 49 276 183 586 35 29 65 247 40 60 21 33 23424 4030 1171 356 2534 252 1335 333 147 5997
internal_value=1.32286e-05 -0.00304145 0.00567018 -0.00560099 -0.00885226 -0.000139472 9.13587e-05 0.000644779 0.000378978 -0.00481906 -0.0125945 0.00069512 -0.0194949 -0.0241166 -0.0283923 -0.00028505 0.00275161 -0.00838127 -0.0184969 0.00774769 -0.000430061 0.000537899 0.000410396 -0.00442978 0.00060062 0.000140993 -0.000951249 -0.000186271 -0.00880874 -0.00065132
internal_weight=45545.7 1134.93 257.454 877.48 549.65 327.83 44410.7 21544.1 19872 1138.5 418.696 18733.5 240.973 197.767 166.142 719.801 532.724 164.806 93.9839 367.918 22866.6 18406.1 18008.8 680.158 17328.7 14631.2 7451.01 6790.89 660.114 6677.31
internal_count=44503 1024 530 494 310 184 43479 19967 18067 1038 361 17029 178 129 94 677 401 121 61 280 23512 16741 16155 1527 14628 12094 8064 6582 1482 6330
is_linear=0
shrinkage=0.03


Tree=158
num_leaves=31
num_cat=0
split_feature=4 33 9 25 42 21 25 35 23 24 40 8 24 24 24 42 24 11 41 23 42 42 33 42 24 5 7 23 12 28
split_gain=12.2136 11.9831 37.3641 29.688 27.8079 22.3663 13.9734 12.3436 12.1725 11.6101 25.4827 18.0006 41.7153 32.9451 26.9688 32.1468 32.1245 30.2123 31.0762 30.0759 29.8935 23.02 25.305 23.1635 23.2466 33.6185 22.5605 21.7897 21.6024 20.7543
threshold=29.500150000000001 0.68528307782258813 7.1201500000000015 -0.70289845916694649 0.33538854923674394 -4.1994689363225675 -0.9260227363677036 2.304348694491388 0.78656609248549303 0.79184907943689831 8.5867133239643199 8.514050000000001 0.43442111757849838 0.40318277172597511 0.30675521904633613 0.33338908755335106 0.35544221683359195 20.491200000000003 8.8417500000000011 0.60355339059327384 0.37397239204829474 0.29347867881724155 0.027961236562487436 0.20034606067597185 0.48030317736429479 31.665650000000003 31.754850000000001 -0.9159756150367534 13.52048760330617 15.41445
decision_type=10 2 10 2 2 2 2 2 2 2 2 10 2 2 2 2 2 2 2 2 2 2 2 2 2 8 8 2 2 2
left_child=1 9 3 4 6 -4 -3 -6 -7 11 -11 -1 13 14 -13 19 17 18 -17 26 -18 23 -23 -14 25 29 -16 -19 -28 -25
right_child=-2 2 5 -5 7 8 -8 -9 -10 10 -12 12 21 -15 15 16 20 27 -20 -21 -22 22 -24 24 -26 -27 28 -29 -30 -31
leaf_value=0.0019033225270292074 -0.0085661385917575224 0.040808163917102409 0.0052974234594208372 -0.027616785396088823 -0.0056098794350936875 -0.0097119452074664516 0.007217518202992726 0.03115498882803865 -0.026434348447325711 -0.0004883298370076171 -0.0070007905583576151 0.00020777963199968732 -0.0092882110817477034 0.0078149292691822997 -0.021199536223034384 -0.010826930071104423 -0.013343936636241092 -0.065833879103467788 0.0056504796359531616 0.0097313439566929418 -0.043523968991474052 -0.030653101225859333 -0.006875420658516573 -0.023416276141200933 0.0014184429537162817 -0.012340125496704686 0.00038918250227193695 -0.015384862012513394 -0.021033058889096665 0.0081368533200248169
leaf_weight=4510.7815889418125 152.33408743143082 36.96996858716011 83.739205956459045 15.58974578976631 47.214658677577972 307.34070271253586 16.480588406324387 8.9084261655807477 44.542130827903748 3084.0971385240555 654.76932317018509 32513.082976520061 435.62203949689865 495.30849480628967 57.013927459716797 191.97658386826515 162.57877752184868 9.7992687821388227 220.03812628984451 211.5751214325428 35.633704662322998 57.459348767995834 132.29012855887413 20.489380180835724 924.24921467900276 321.14876326918602 483.28211948275566 30.288648962974548 45.432973444461823 147.87987434864044
leaf_count=4184 342 80 47 32 106 174 34 20 25 1731 387 33529 489 425 41 158 170 22 245 145 80 84 186 16 902 181 320 68 27 200
internal_value=-0.000113529 -8.49194e-05 -0.00443915 0.00995308 0.0154998 -0.00858767 0.0307738 0.000669055 -0.0118976 -3.025e-05 -0.00163039 0.000115685 -0.000105312 0.000141483 2.93405e-05 -0.00397572 -0.00892031 -0.00448618 -0.00203473 6.34093e-05 -0.0189608 -0.00427351 -0.0141987 -0.00324806 -0.00138166 -0.0066606 -0.00343944 -0.029019 -0.00148788 0.00418147
internal_weight=45457.9 45305.6 560.785 125.163 109.574 435.622 53.4506 56.1231 351.883 44744.8 3738.87 41005.9 36495.1 34456 33960.7 1447.62 650.315 452.103 412.015 797.304 198.212 2039.14 189.749 1849.39 1413.77 489.518 585.729 40.0879 528.715 168.369
internal_count=44450 44108 518 272 240 246 114 126 199 43590 2118 41472 37288 35230 34805 1276 743 493 403 533 250 2058 270 1788 1299 397 388 90 347 216
is_linear=0
shrinkage=0.03


Tree=159
num_leaves=31
num_cat=0
split_feature=21 24 5 8 21 25 24 28 3 28 4 24 8 18 28 5 9 9 5 22 5 8 8 5 24 42 31 48 22 21
split_gain=14.8172 19.653 23.9468 23.7158 32.3737 22.7871 20.7232 74.0469 35.5022 28.8745 26.9016 25.3897 30.4526 36.8684 30.8095 26.664 19.5418 18.8399 17.9798 17.606 18.6971 15.9687 15.1524 32.624 33.9971 14.652 20.4315 20.2993 18.2327 17.1482
threshold=0.69717335026708771 0.63670430569443026 31.812150000000006 8.5811500000000027 3.1404636891386022 -0.83849291496497236 0.1051661082335764 21.271600000000003 9.5155000000000012 22.755900000000004 14.338050000000001 0.08804500090241206 9.5564500000000017 -3.4411098316831654 22.294600000000003 31.84815 10.493800000000002 10.221850000000002 31.984850000000005 -0.37940952255126065 31.859550000000002 9.2657000000000007 9.8871500000000019 31.942250000000005 0.15632249006386423 0.50328949898104358 10.973991735537281 0.37209116884842847 -0.37940952255126065 -3.3312975091370105
decision_type=2 2 10 10 2 2 2 2 2 2 10 2 10 2 2 10 8 10 10 2 10 10 10 10 2 2 2 2 2 2
left_child=25 3 -3 4 5 -2 11 8 10 19 -8 12 14 -14 -5 -16 -13 -12 22 -9 -21 -18 -10 24 -24 -1 -27 29 -29 -28
right_child=1 2 -4 6 -6 -7 7 9 18 -11 17 16 13 -15 15 -17 21 -19 -20 20 -22 -23 23 -25 -26 26 27 28 -30 -31
leaf_value=3.7266928935700428e-05 0.017994676422119833 -0.011945508516009272 -0.0012335752984795319 0.0058555891207083075 -0.016500150987362017 0.0037478188429300604 -0.017462149063999791 -0.034858877501567784 -0.0017362428569919262 -0.070467871163463355 0.0052908783849291794 0.0022009421168945218 0.014995130730543274 -0.00087819793649513789 -0.044734236676935511 -0.0097168027422697891 -0.0039283593219465798 -0.0099451846935258385 -0.032467806513022217 0.00219535846233595 -0.037367574068169061 0.03417443843535569 0.019865680471374825 -0.062635606356865936 -0.021764970180633877 -0.018920072601307455 0.0099437888492893353 -0.011468224686960142 0.00028945015728972212 0.0021930045576161704
leaf_weight=33174.979040622711 129.17217940092087 322.93044850230217 447.64841482043266 39.197075128555298 57.459348767995834 455.2205770611763 61.468140542507172 49.44176521897316 126.05423024296761 12.02637532353401 530.49677816033363 71.267409324645996 134.51723510026932 4665.7882042229176 36.96996858716011 41.869602978229523 12.471796631813048 83.739205956459045 32.070334196090698 36.079125970602036 14.253481864929197 43.651288211345673 23.161908030509949 11.580954015254973 65.476932317018509 41.424181669950485 273.93410459160805 172.82346761226654 374.15389895439148 3944.6511061191559
leaf_count=31214 236 464 258 88 129 665 45 111 178 27 561 40 152 6173 74 94 28 47 33 81 32 71 28 11 144 30 156 97 210 2982
internal_value=2.09016e-05 -0.00119717 -0.00573234 -0.000677392 0.00480305 0.00692226 -0.00125554 -0.00509679 -0.00232148 -0.0280572 0.00129822 -0.000458501 -0.00080214 -0.000430355 -0.0157912 -0.026492 0.0127117 0.00320095 -0.0117574 -0.0222966 -0.009518 0.0257866 -0.0086921 -0.0173374 -0.0107863 0.000261579 0.00180932 0.00199344 -0.00343966 0.00269854
internal_weight=45486 7504.01 770.579 6733.43 641.852 584.393 6091.58 1045.85 934.048 111.801 675.704 5045.73 4918.34 4800.31 118.037 78.8396 127.39 614.236 258.344 99.7744 50.3326 56.1231 226.274 100.22 88.6388 37982 4806.99 4765.56 546.977 4218.59
internal_count=44459 9770 722 9048 1030 901 8018 1298 1047 251 653 6720 6581 6325 256 168 139 608 394 224 113 99 361 183 172 34689 3475 3445 307 3138
is_linear=0
shrinkage=0.03


Tree=160
num_leaves=31
num_cat=0
split_feature=44 31 41 40 43 46 3 33 42 20 35 12 9 21 21 3 25 25 32 25 41 5 7 22 26 25 33 35 41 22
split_gain=12.2001 14.8317 21.3669 17.1005 15.2421 12.7575 13.5854 11.9167 15.6154 22.448 14.7948 19.256 12.6586 41.5133 38.3575 26.602 94.5079 62.2387 73.4822 50.1439 56.2832 38.2588 32.4173 31.7498 25.5331 49.1441 23.4082 23.1935 22.1358 20.0737
threshold=3.2361728981364979 21.445609917355849 16.114600000000003 24.00971225402164 0.15297503914525193 0.32814855202737719 10.093500000000001 0.018951200489680738 0.019842734648363902 26.821530443686584 3.5212545773919675 11.55704545454571 12.197550000000001 -2.4594497862182547 -1.6991717217551103 9.9305000000000003 -0.96234030595689413 -0.98372925196996197 21.222350000000002 -0.98932651372861458 9.523200000000001 31.191050000000001 31.938950000000002 -0.70710678118654735 16.352150000000005 -0.9260227363677036 0.68528307782258813 2.0238436769153902 9.4473500000000019 -0.5
decision_type=2 2 2 2 2 2 2 2 2 2 2 2 8 2 2 2 2 2 2 2 2 10 10 2 2 2 2 2 2 2
left_child=1 3 -3 7 -4 6 -5 8 9 -1 12 -12 14 24 -9 17 19 18 -15 20 22 -21 -17 -20 25 -14 29 -27 -25 -16
right_child=-2 2 4 5 -6 -7 -8 10 -10 -11 11 -13 13 15 26 16 -18 -19 23 21 -22 -23 -24 28 -26 27 -28 -29 -30 -31
leaf_value=-0.0015375481697798654 -0.001376329332288219 0.0040364362432009308 0.0068151727094618864 -0.005485038665176239 -0.00028190554358134302 0.0038908233019079104 -0.023404236541249981 -0.0027122967707421809 0.0011284109241411081 0.024958758739408171 0.0070750278843620213 -0.023426920803664479 0.06926238503617739 0.038590551052717526 -0.0012057897412313067 0.00030987415712219527 0.0019193262381584151 -0.00064298300272236874 -0.015621464880833177 0.0014636812262537689 0.032171470890521782 -0.031675374198204265 -0.034669209423300297 -0.0183221922570183 0.0048461654959201491 0.016461613175936446 -0.0098377320450601536 -0.031759028138092581 0.017404841243325107 0.0017301237617663419
leaf_weight=2966.0604918301105 4949.5215775966644 2080.562930971384 293.97806346416473 479.27332770824432 3549.5624056756496 120.26375323534012 40.53333905339241 5730.7905523180962 12629.475774943829 28.061542421579361 27.616121113300323 53.895978301763535 14.698903173208235 81.957520723342896 3333.0876498520374 60.577297925949097 721.58251941204071 1466.3269468545914 50.332607835531235 37.860811203718185 31.179491579532623 179.05936592817307 38.306232511997223 17.371431022882462 696.63892614841461 102.44690090417862 195.09453302621841 8.9084261655807477 108.23737791180611 5643.4879758954048
leaf_count=3128 8793 2061 618 350 4405 96 28 3221 9661 60 26 49 30 184 1879 136 1458 2833 113 85 70 402 86 39 1027 227 111 11 243 3184
internal_value=3.00533e-05 0.000200747 0.00158841 -3.50899e-05 0.000262555 -0.00488957 -0.00692459 5.58431e-05 0.000666622 -0.00128097 -0.000457222 -0.0131324 -0.000400722 0.0011915 -0.000787065 -0.000553869 -0.00427096 0.00175089 0.0153115 -0.0171127 -0.00235286 -0.0259112 -0.013452 0.00431083 0.00710998 0.0194843 0.000416054 0.0123556 0.0123582 0.000639978
internal_weight=45736.8 40787.2 5924.1 34863.1 3843.54 640.07 519.807 34223.1 15623.6 2994.12 18599.5 81.5121 18517.9 3615.48 14902.5 2792.79 1068.57 1724.23 257.899 346.983 130.063 216.92 98.8835 175.941 822.693 126.054 9171.67 111.355 125.609 8976.58
internal_count=44614 35821 7084 28737 5023 474 378 28263 12849 3188 15414 75 15339 6944 8395 5649 2237 3412 579 779 292 487 222 395 1295 268 5174 238 282 5063
is_linear=0
shrinkage=0.03


Tree=161
num_leaves=31
num_cat=0
split_feature=42 22 21 41 43 15 44 20 28 4 50 24 42 22 23 47 19 14 43 19 3 28 41 43 24 3 21 29 24 3
split_gain=15.6764 16.651 16.1336 14.6012 13.6948 11.1621 10.7138 18.3099 17.3845 21.4529 14.2629 12.7763 40.1771 23.4749 23.3497 20.6743 25.3244 22.1371 19.3911 15.3873 12.7356 11.9619 11.5272 45.3638 17.1262 20.8328 13.967 11.4155 12.8886 13.105
threshold=0.59521474987503376 0.37940952255126054 -1.5653929417849397 9.5632500000000018 -0.032118441314856937 20.005289082508256 0.011118680554657165 26.821530443686584 21.048650000000002 20.676100000000002 31.843850000000007 0.35544221683359195 0.34151382320144585 -0.78656609248549292 -0.12940952255126037 9.8440500000000011 5.7200499555711506 9.5427000000000017 0.17346865373066994 5.1161198784873481 8.9615000000000027 29.500150000000001 9.602800000000002 0.39940591323570046 0.22386011952790016 9.720500000000003 -1.1066894352114607 7.4576000000000011 0.88469195212971963 10.541500000000001
decision_type=2 2 2 2 2 2 2 2 2 8 2 2 2 2 2 2 2 2 2 2 2 2 2 2 2 2 2 2 2 2
left_child=4 3 5 -2 -1 -3 7 8 9 -6 11 15 13 20 -14 16 19 22 -19 -8 -13 27 23 26 -24 -26 -17 -12 29 -29
right_child=1 2 -4 -5 6 -7 10 -9 -10 -11 21 12 14 -15 -16 17 -18 18 -20 -21 -22 -23 24 -25 25 -27 -28 28 -30 -31
leaf_value=0.0126753990077295 -0.015109453340107328 -0.0017938559690579209 0.0034728223991811464 0.0013815674509126685 -0.0024087477320492443 0.017068597512751603 0.0031735412602462852 0.016088359303265388 0.011028987214521762 -0.023402306443331706 0.0065600352584848426 -0.027688314915713805 -0.055443639122579512 -0.00021026377505806146 -0.012760046314729811 0.066123000295226914 0.023009845374629849 -0.026773784837133108 0.0051011152512108505 -0.014404534503447272 -0.0080175726064013655 -0.011238893113386456 -0.00095499613777839379 -0.014030081574097748 0.0011083744168055773 -0.022842547329715902 0.021819145378917468 0.0001531524393735985 -0.0045370624074838727 0.002039489697465654
leaf_weight=74.830779790878296 49.887186527252197 33.852019429206848 423.1502428650856 957.65581279993057 2370.5322026610374 163.91504144668579 851.64554142951965 48.550922602415085 83.739205956459045 43.651288211345673 263.68941450119019 40.53333905339241 19.598537564277649 583.05649253726006 28.061542421579361 9.3538474738597888 55.232242226600647 54.341399610042572 24.498171955347061 46.323816061019897 108.23737791180611 79.284992873668671 7016.7218693196774 30.288648962974548 60.131876617670059 70.376566708087921 21.380222797393799 27677.143832534552 486.40006864070892 3764.7008975744247
leaf_count=168 28 19 269 632 2136 104 478 100 179 92 148 46 23 934 42 21 31 50 43 26 201 178 8697 68 135 158 48 24361 273 4726
internal_value=4.46335e-05 0.00293405 0.00679407 0.000550864 -6.2583e-05 0.0138471 -8.46155e-05 -0.00197277 -0.00233012 -0.00279787 3.18748e-05 -0.00102271 -0.0046913 -0.00293195 -0.0310909 -0.00067515 0.00347738 -0.00121873 -0.0169293 0.00225172 -0.0135261 0.000326652 -0.00104457 0.0118338 -0.00115617 -0.0118826 0.0369617 0.000355485 0.000304038 0.000379071
internal_weight=45540.8 1628.46 620.917 1007.54 43912.3 197.767 43837.5 2546.47 2497.92 2414.18 41291 9019.78 779.487 731.827 47.6601 8240.29 953.202 7287.09 78.8396 897.969 148.771 32271.2 7208.25 61.0227 7147.23 130.508 30.7341 32191.9 31928.2 31441.8
internal_count=44414 1052 392 660 43362 123 43194 2507 2407 2228 40687 11001 1246 1181 65 9755 535 9220 93 504 247 29686 9127 137 8990 293 69 29508 29360 29087
is_linear=0
shrinkage=0.03


Tree=162
num_leaves=31
num_cat=0
split_feature=42 25 22 12 11 9 44 3 35 25 9 3 32 46 43 4 42 35 33 31 25 25 3 18 33 33 33 25 33 50
split_gain=14.0314 18.9272 28.5334 31.8867 16.5021 15.1234 11.7155 11.6213 11.2858 21.4126 61.6842 35.6724 28.5505 21.6161 22.2874 21.3509 16.5155 22.0386 17.5454 15.7513 14.6127 16.5651 25.3011 16.1738 13.5193 13.4843 17.2794 13.7687 12.2115 11.2197
threshold=0.59521474987503376 -0.98801846520836312 -0.37940952255126065 18.310327272727964 25.29635 11.287950000000002 3.2361728981364979 11.088500000000002 0.11195539608058537 -0.98521978256641018 10.530200000000002 11.003500000000001 20.771325000000001 0.29697664247577543 0.11225937183383992 21.824600000000004 0.42117314569154463 0.056689284701784644 0.16015407581451199 7.9892359504132893 -0.97874870457683594 -0.97315270831292444 10.193500000000002 -3.7571067194719467 0.4952507364961713 0.17559985193615829 0.11170801560320683 -0.99168640063982161 0.049459346942722505 31.883850000000006
decision_type=2 2 2 2 2 10 2 2 2 2 8 2 2 2 2 10 2 2 2 2 2 2 2 2 2 2 2 2 2 2
left_child=6 2 3 -2 -3 7 8 -6 9 10 13 12 -12 14 24 -15 18 -18 28 -10 -11 22 -22 -23 25 26 29 -27 -16 -1
right_child=1 4 -4 -5 5 -7 -8 -9 19 20 11 -13 -14 15 16 -17 17 -19 -20 -21 21 23 -24 -25 -26 27 -28 -29 -30 -31
leaf_value=-0.0043151847695108644 -0.034705175313416908 -0.013735494780298752 0.0040061437906840133 0.0025083821756515367 0.0063919468470174014 0.00051694024859156001 -0.0013962757191741143 0.026027139449148553 -0.0033502168080609095 0.0094145660206236305 0.038476376950472631 -0.038401409099965859 0.005751807594089808 -0.0064281415250416083 0.0037393890718065881 -0.036714639402037834 -0.0016028227266872358 -0.03021578110550549 0.014474599672383093 0.00073009220941166921 -0.0022610455457734643 0.01500563244438642 -0.032335231326050172 -0.00023874666265614677 -0.030399980577911524 -0.010952484252987275 -0.034708351791603739 0.01227967570104899 -0.013320186160826666 -0.024179179742097639
leaf_weight=78.394150257110596 48.105501294136047 44.542130827903748 112.24616968631744 35.633704662322998 839.1737447977066 507.78029143810272 4880.0358535051346 27.170699805021286 883.71587562561035 140.75313341617584 25.389014571905136 14.253481864929197 272.1524193584919 37.415389895439148 89.084261655807495 48.105501294136047 65.922353625297546 37.415389895439148 71.267409324645996 22678.180489718914 83.293784648180008 61.913561850786209 35.188283354043961 14294.460625290871 37.415389895439148 60.577297925949097 35.633704662322998 35.633704662322998 64.140668392181396 37.415389895439148
leaf_count=44 27 25 63 20 603 285 8736 19 505 139 42 32 362 21 50 27 37 21 40 21478 67 64 49 11713 21 34 20 20 36 21
internal_value=9.03742e-05 0.00283624 -0.00588187 -0.0190269 0.00404392 0.0046298 -1.02969e-05 0.00703705 0.00016233 -0.00046282 -0.00468472 0.00639626 0.0086637 -0.00963366 -0.00763667 -0.0236917 -0.00228933 -0.012153 0.00228485 0.00057692 -0.000170706 -0.000264557 -0.0113887 -0.000171963 -0.0137566 -0.01113 -0.0166813 -0.00231017 -0.00344189 -0.0108848
internal_weight=45682.4 1614.65 195.985 83.7392 1418.67 1374.12 44067.8 866.344 39187.7 15625.8 1010.22 311.795 297.541 698.421 612.9 85.5209 327.83 103.338 224.492 23561.9 14615.6 14474.9 118.482 14356.4 285.07 247.654 151.443 96.211 153.225 115.81
internal_count=44621 1042 110 47 932 907 43579 622 34843 12860 828 436 404 392 344 48 184 58 126 21983 12032 11893 116 11777 160 139 85 54 86 65
is_linear=0
shrinkage=0.03


Tree=163
num_leaves=31
num_cat=0
split_feature=4 24 4 24 11 33 22 9 41 11 25 23 41 24 24 9 24 5 3 48 9 35 23 23 19 5 11 24 41 21
split_gain=12.6921 12.3869 37.5863 35.4911 39.9439 38.2848 28.2492 29.208 22.6134 48.6619 30.9362 28.4672 24.9859 21.2241 44.7663 51.9298 34.9264 29.2639 26.6106 24.5302 36.9223 29.0682 28.2641 22.648 21.2202 34.9132 21.1148 22.1188 19.9639 18.8383
threshold=29.727150000000005 0.30675521904633613 17.282000000000004 0.35544221683359195 17.897050000000004 0.069341675780155002 0.25881904510252091 8.7360500000000023 9.1440500000000018 19.898800000000005 -0.95502570686053045 -0.3794095225512602 8.7111500000000017 0.43442111757849838 0.48030317736429479 8.8409500000000012 0.3873823162447298 31.816350000000003 9.209500000000002 0.11486130614280556 8.3628000000000018 0.0090374221988432004 -0.70710678118654757 0.37940952255126048 2.3026451485148525 31.634150000000002 16.254150000000006 0.56811179347017271 8.773550000000002 1.0641890749349356
decision_type=10 2 8 2 2 2 2 8 2 2 2 2 2 2 2 8 2 10 2 2 10 2 2 2 2 10 2 2 2 2
left_child=1 8 13 5 -5 -4 -6 -8 9 10 -1 -11 -12 16 15 24 17 -3 -19 20 26 22 -21 -20 -15 -26 27 -16 -9 -29
right_child=-2 2 3 4 6 -7 7 28 -10 11 12 -13 -14 14 19 -17 -18 18 23 21 -22 -23 -24 -25 25 -27 -28 29 -30 -31
leaf_value=0.0096198217104884187 -0.012143545529922271 0.0037034496817001466 -0.011225294361028121 -0.0052641023064710366 -0.01426457853744971 0.004553562622202148 -0.0066061912689131166 -0.021008705690501239 0.00019751362221129295 -0.037711540762364958 -0.016647733608817761 -0.0048376655753815763 0.0026657118682220284 -0.024116681695673596 0.011280471453793125 0.005220115305808304 0.0076664938926086137 -0.035329018678863934 -0.014977433710828089 0.011818965106013837 -0.010038233611851572 0.0052414073836920729 -0.016226043103254359 0.010471920306472798 0.012151987517176811 -0.012932436870480568 -0.020012359894213443 -2.8206629433808935e-05 -0.064918507045992183 -0.0062441913901288741
leaf_weight=746.52611267566681 75.721622407436371 228.50113114714622 226.71944591403008 233.84618684649467 99.328951746225357 351.88283354043961 17.816852331161499 14.698903173208235 31731.368580490351 33.852019429206848 65.922353625297546 75.276201099157333 607.10924318432808 114.02785491943359 147.4344530403614 199.99416741728783 711.33782932162285 35.633704662322998 93.53847473859787 44.09670951962471 367.02715802192688 1183.0389947891235 114.47327622771263 46.323816061019897 57.013927459716797 365.24547278881073 47.66007998585701 7077.7445885539055 32.515755504369736 466.80153107643127
leaf_count=422 170 174 218 246 139 364 10 33 33415 43 37 100 346 64 292 362 544 20 57 27 206 1003 77 26 32 205 107 4997 52 682
internal_value=4.8121e-05 6.86604e-05 -0.000745711 -0.00638843 -0.0132696 -0.00163792 -0.0245589 -0.0398282 0.000369268 0.00393197 0.005419 -0.0152851 0.000752099 -0.000257409 -0.000687781 -0.00780752 0.00366957 -0.00336955 -0.0125476 -0.000132189 -0.000754156 0.0036238 -0.00840182 -0.00653385 -0.0126665 -0.0095248 -0.000312649 -0.000188002 -0.0519677 -0.000413583
internal_weight=45612.5 45536.8 12276.7 976.809 398.207 578.602 164.36 65.0315 33260.1 1528.69 1419.56 109.128 673.032 11299.9 10184.6 736.281 1115.33 403.997 175.496 9448.28 8106.67 1341.61 158.57 139.862 536.287 422.259 7739.64 7691.98 47.2147 7544.55
internal_count=44470 44300 9937 1062 480 582 234 95 34363 948 805 143 383 8875 8054 663 821 277 103 7391 6284 1107 104 83 301 237 6078 5971 85 5679
is_linear=0
shrinkage=0.03


Tree=164
num_leaves=31
num_cat=0
split_feature=4 22 25 3 4 9 23 25 25 8 34 25 28 9 9 40 21 3 25 25 8 28 5 9 5 9 24 48 26 25
split_gain=13.2969 11.3623 18.5712 22.1723 32.7713 32.7226 25.6228 51.8593 35.0713 41.1822 35.7416 45.0527 30.8569 30.3223 29.2652 26.9511 26.0183 25.8039 54.4513 36.8983 25.5618 34.413 33.9195 23.9227 21.589 20.5414 19.432 19.3086 29.2717 18.5367
threshold=29.727150000000005 0.37940952255126054 -0.93845867424155849 10.848500000000003 25.357550000000007 9.1766500000000022 1.0000000180025095e-35 -0.9955251950901236 -0.99273797715557011 10.307700000000002 13.528781818182031 -0.98932651372861458 22.690250000000002 8.6300500000000024 9.9967500000000022 14.475202942647552 -0.33219838198499291 9.3265000000000011 -0.9955251950901236 -0.96904977397942549 10.512550000000003 22.168300000000002 31.707250000000005 8.9817000000000018 31.552950000000006 8.4222000000000019 0.24059136628141839 0.32410016169402184 24.681900000000002 -0.98932651372861458
decision_type=10 2 2 2 10 8 2 2 2 10 2 2 2 10 10 2 2 2 2 2 8 2 10 10 10 10 2 2 2 2
left_child=1 29 3 6 5 23 7 12 -9 13 11 -11 15 24 -14 -3 27 -8 -19 -20 22 -22 -7 -5 -10 -21 -13 28 -12 -1
right_child=-2 2 -4 4 -6 20 17 8 9 10 16 26 14 -15 -16 -17 -18 18 19 25 21 -23 -24 -25 -26 -27 -28 -29 -30 -31
leaf_value=-0.0027431455853248899 -0.012614893064461747 -0.030207652119739345 6.6322182336745074e-05 -0.0090697536434406426 0.013541594601685714 -0.040176977841753392 0.0014801625375498624 0.019276303004306279 0.052105277874136421 -0.055012389674280807 -0.0038193996810233022 0.0030590340348857579 -0.0054369025011594121 0.0039383058510259533 -0.034623479437823297 0.00057717321936912838 0.0078828780191183799 0.019879469157965967 -0.0006570517843563717 0.024672585856844401 0.030244344280657441 -0.0024537636340699154 -0.00351755839965095 -0.036951235856786481 0.015555086793599373 0.0077900526899671125 -0.037318539915869392 0.0035925607504010476 -0.032890755490223571 -0.00012500422035014759
leaf_weight=2689.0084380805492 74.385358482599258 28.061542421579361 13171.998928427696 73.049094557762146 89.084261655807495 24.498171955347061 774.58765509724617 114.47327622771263 16.926009714603424 25.389014571905136 82.402942031621933 41.869602978229523 57.013927459716797 427.60445594787598 67.704038858413696 214.24764928221703 169.26009714603424 285.51505860686302 480.60959163308144 88.19341903924942 44.09670951962471 80.621256798505783 210.68427881598473 44.542130827903748 87.302576422691345 244.09087693691254 13.362639248371122 81.957520723342896 49.44176521897316 25556.938405126333
leaf_count=2428 167 18 13111 41 50 55 614 86 38 15 173 61 71 240 38 196 146 245 449 183 51 175 233 25 76 140 30 46 48 25118
internal_value=-2.58619e-05 -4.92794e-06 0.000605663 0.00241905 -0.00306562 -0.0061858 0.0033473 0.000392153 0.00362509 0.00180784 -0.00472154 -0.0227462 -0.00936842 0.00749873 -0.0214304 -0.00309748 -0.000878627 0.00567622 0.00863121 0.00466088 -0.0016775 0.00925597 -0.00749019 -0.0198535 0.0219293 0.0123315 -0.00719966 -0.00781923 -0.0148867 -0.000374339
internal_weight=45408.9 45334.5 17088.6 3916.59 566.576 477.492 3350.01 1477.02 1109.99 995.517 463.684 80.6213 367.027 531.833 124.718 242.309 383.062 1873 1098.41 812.894 359.9 124.718 235.182 117.591 104.229 332.284 55.2322 213.802 131.845 28245.9
internal_count=44367 44200 16654 3543 630 580 2913 1282 959 873 519 106 323 354 109 214 413 1631 1017 772 514 226 288 66 114 323 91 267 221 27546
is_linear=0
shrinkage=0.03


Tree=165
num_leaves=31
num_cat=0
split_feature=18 7 4 10 8 8 41 49 23 28 25 9 6 32 16 49 23 12 28 25 28 7 9 43 8 7 49 10 10 9
split_gain=14.2321 21.3613 17.6476 19.116 14.1347 27.0106 26.942 26.7816 49.9175 18.756 34.8666 34.5481 42.7493 40.886 26.421 24.2189 19.5418 20.4704 16.6822 16.4696 15.148 15.0735 18.5618 17.6611 15.7249 13.602 15.4992 13.8093 12.1009 12.0892
threshold=-3.2640173267326724 32.343750000000007 28.598700000000004 0.46821782178217819 8.7070500000000024 9.4787500000000016 10.312250000000002 31.617350000000005 -0.60355339059327384 26.013150000000007 -0.99465740988130902 9.8064500000000017 13.763950000000003 22.473250000000004 18.292500000000004 31.936250000000005 0.91597561503675351 12.272664876033554 19.021450000000005 -0.92272482904738262 26.013150000000007 31.825950000000002 10.836450000000001 0.21459316722200741 11.753150000000002 31.800750000000004 31.482950000000006 0.31554455445544555 0.35000000000000003 9.0046500000000016
decision_type=2 8 10 2 10 10 2 2 2 2 2 10 10 2 2 2 2 2 2 2 2 10 10 2 10 10 2 2 2 10
left_child=1 2 3 4 18 7 20 8 -6 10 11 16 13 15 -15 -13 17 -8 -1 -11 25 -12 23 29 -24 -7 -27 -28 -21 -23
right_child=-2 -3 -4 -5 5 6 9 -9 -10 19 21 12 -14 14 -16 -17 -18 -19 -20 28 -22 22 24 -25 -26 26 27 -29 -30 -31
leaf_value=0.0050616709247996708 -0.00011264165582044582 0.011241479154112605 0.017095970093142888 -0.024447434168796616 -0.080751269832065917 -0.012483534658027508 0.0037911457939841797 -0.0050237311070064411 -0.0013166340843314083 0.011876444207321328 -0.028335803437359013 -0.015943479206275472 0.026618938579854642 -0.029170740452003647 -0.00043104513698214683 0.0081070754809401697 -0.0058912412371943581 0.02528478196305391 0.033208153806564084 -0.018921782876164389 -0.017545942745836134 0.00064751220750675369 -0.030374437859290403 0.0044347693735660252 -0.0046117957360276894 0.038865087436196315 -0.012691292360930029 0.010088201142059636 0.002202193973490738 -0.015426884648391988
leaf_weight=75.721622407436371 42757.327645629644 211.5751214325428 61.468140542507172 25.389014571905136 11.580954015254976 24.943593263626099 67.258617550134659 214.69307059049606 16.480588406324387 172.82346761226654 32.515755504369736 49.887186527252197 37.415389895439148 87.302576422691345 42.760445594787598 144.31650388240814 43.205866903066635 98.438109129667282 24.498171955347061 24.943593263626099 19.598537564277649 64.140668392181396 49.887186527252197 131.84470725059509 37.415389895439148 15.144324481487272 24.498171955347061 439.18540996313095 411.56928884983063 121.15459585189819
leaf_count=74 42131 175 45 57 26 47 106 275 37 97 58 28 21 49 24 81 34 71 25 14 11 126 28 98 21 34 43 395 243 68
internal_value=2.26512e-05 0.00210156 0.00134506 0.000952455 0.00122189 0.000755179 0.00183205 -0.00870764 -0.0357498 -8.42822e-05 -0.00259624 0.00228708 -0.00332347 -0.00684958 -0.0197975 0.00187892 0.0119704 0.0166353 0.012202 0.00406671 0.00774117 -0.00896359 -0.00734009 -0.00393899 -0.0195106 0.00875774 0.00988797 0.00885995 0.00095462 -0.00988906
internal_weight=45539 2781.66 2570.08 2508.61 2483.22 2383 2140.25 242.755 28.0615 1616.88 1007.54 570.585 361.682 324.267 130.063 194.204 208.903 165.697 100.22 609.336 523.37 436.958 404.443 317.14 87.3026 503.771 478.828 463.684 436.513 185.295
internal_count=44542 2411 2236 2191 2134 2035 1697 338 63 1167 813 414 203 182 73 109 211 177 99 354 530 399 341 292 49 519 472 438 257 194
is_linear=0
shrinkage=0.03


Tree=166
num_leaves=31
num_cat=0
split_feature=3 44 31 12 7 35 21 47 24 24 24 9 41 45 25 45 12 24 49 48 22 24 48 8 24 12 43 17 17 35
split_gain=12.5799 12.6306 16.5601 22.244 13.2642 18.8819 16.4584 22.84 34.8812 18.2683 16.0481 21.4153 38.487 32.0372 26.4886 32.6446 20.1877 16.4787 23.5452 23.9336 20.8859 18.464 21.1547 15.6899 23.0463 21.5518 15.0182 18.8313 16.7767 16.3415
threshold=8.5455000000000023 3.2361728981364979 21.793050000000004 22.286881818182206 31.843850000000007 0.011010128732395168 -1.3397755829249005 11.851850000000002 0.27383534524298775 0.51018811501624672 0.30675521904633613 9.8419500000000024 9.9371500000000008 -0.52673293864340842 -0.9955251950901236 0.19567675590957032 11.511100000000001 0.3714672281037254 32.051250000000003 0.10664513370188931 -0.9159756150367534 0.43442111757849838 0.1731610073759054 8.5556000000000019 0.55387244954848092 12.855850000000002 0.54979276043105851 0.398075907590759 0.0240613424978838 3.2200464303487712
decision_type=2 2 2 2 10 2 2 2 2 2 2 10 2 2 2 2 2 2 2 2 2 2 2 10 2 2 2 2 2 2
left_child=-1 2 4 -4 10 -6 -7 -8 -9 -10 11 14 -13 -14 15 -2 -15 18 19 -12 -21 -19 23 24 25 -23 28 29 -16 -28
right_child=1 -3 3 -5 5 6 7 8 9 -11 17 12 13 16 26 -17 -18 21 -20 20 -22 22 -24 -25 -26 -27 27 -29 -30 -31
leaf_value=-0.0012453084063114878 0.018914047215903874 -0.0013094174715033715 0.0047173611092239717 0.00036871040346994497 -0.001605564841607844 0.00035512530218872692 0.0036143795970156093 -0.00052905995369965778 -0.040114153865022296 -0.00014719714099204568 0.019307944342199498 -0.032913254492418831 -0.028093564498218575 -0.022708930476001567 -0.0011639041337664336 0.00069818174945228547 -0.00087254298305791417 0.005069809059417116 0.021498154523446569 -0.026975087781756401 -0.0078554708042621272 0.014271673374464593 -0.023213556189856082 -0.0058407454837696732 -0.0014122162345389458 -0.025028167304101668 -0.0084391944144605636 0.00029705176414901013 0.0018350012300203588 -0.043653750452988194
leaf_weight=6204.273403018713 161.24251359701157 4385.1727800071239 1770.549700409174 2631.1036680042744 2207.0625825226307 5549.5040798485279 3985.1844451725483 573.70264506340027 31.179491579532623 15.144324481487272 24.498171955347061 33.852019429206848 38.75165382027626 37.415389895439148 2343.8069241642952 195.09453302621841 4730.374293923378 363.01836624741554 23.161908030509949 59.686455309391022 349.65572699904442 135.85349902510643 40.978760361671448 675.70412465929985 2416.8560187220573 12.917217940092085 235.18245077133179 393.30701521039009 5912.0770247876644 11.580954015254973
leaf_count=4692 167 8102 2076 3675 1772 4395 3118 700 70 34 55 19 24 21 2310 336 2667 323 13 44 278 191 23 845 1994 23 420 340 5776 8
internal_value=1.00788e-05 0.000208073 0.000398459 0.00211861 0.000150612 0.000908877 0.00145548 0.00278109 -0.002572 -0.0273272 -0.000364578 0.00011616 -0.00150051 -0.00127247 0.000962001 0.00897072 -0.00104863 -0.00201568 -0.00737952 -0.00896713 -0.0107023 -0.00134139 -0.00205179 -0.00177717 -0.0007051 0.0107151 0.000640231 -0.00378315 0.000983588 -0.0102614
internal_weight=45547.9 39343.6 34958.4 4401.65 30556.8 12361.8 10154.7 4605.21 620.026 46.3238 18195 14092.7 4840.39 4806.54 9252.29 356.337 4767.79 4102.33 457.002 433.84 409.342 3645.33 3282.31 3241.33 2565.63 148.771 8895.95 640.07 8255.88 246.763
internal_count=44511 39819 31717 5751 25966 10089 8317 3922 804 104 15877 12088 2731 2712 9357 503 2688 3789 390 377 322 3399 3076 3053 2208 214 8854 768 8086 428
is_linear=0
shrinkage=0.03


Tree=167
num_leaves=31
num_cat=0
split_feature=5 41 49 28 24 16 43 24 48 23 33 45 3 9 21 18 25 32 24 24 23 3 24 3 22 40 32 24 48 24
split_gain=10.849 12.292 10.8704 16.7328 14.9947 24.5345 15.1306 20.7947 34.958 17.3004 29.614 20.8725 19.9629 17.1505 50.4807 30.7118 49.0049 44.5139 29.7382 34.4323 30.4165 49.326 33.1237 30.1407 29.734 34.0053 27.4776 26.6918 25.4787 21.8342
threshold=30.389050000000001 12.520000000000001 32.034450000000007 26.094150000000003 0.79184907943689831 9.9895640495868445 0.39137422860827126 -0.8041866928211282 0.089426761468093155 0.25881904510252057 0.26276989696310354 0.16732399385289512 10.265500000000001 8.3270500000000016 -3.6493273362475205 -4.5536275181518127 -0.99052477729077237 21.222350000000002 0.43442111757849838 0.3873823162447298 0.37940952255126048 9.8705000000000016 0.46514529268026444 10.2445 -1.0000000180025095e-35 10.643008661804833 14.206075 0.35544221683359195 0.11486130614280556 0.3714672281037254
decision_type=8 2 2 2 2 2 2 2 2 2 2 2 2 10 2 2 2 2 2 2 2 2 2 2 2 2 2 2 2 2
left_child=1 -1 4 -4 6 -6 13 -8 -9 10 -10 12 -12 14 -2 -16 17 -17 19 23 21 -20 -23 27 28 -26 -24 -15 -22 -29
right_child=2 -3 3 -5 5 -7 7 8 9 -11 11 -13 -14 18 15 16 -18 -19 20 -21 24 22 26 -25 25 -27 -28 29 -30 -31
leaf_value=0.020366150946549207 0.014716856028290714 0.0025872657015873052 0.00079089162305496044 0.0073698029942496322 -0.0020123140484286516 -0.023812759327310477 0.0013916151643957582 -0.0070540972942754734 -0.0012722527329476895 0.00051821611594909261 -0.020336366925505691 -0.0036636252334968544 -0.0014316574632018792 -0.00043399303235985436 -0.02150968404294153 0.044412122381440267 0.00084314848774735655 0.0087368777371131141 0.0040408996694474503 0.0075234020230791994 -0.021655403423392446 -0.028240136338298527 -0.010510613161644372 0.0032942561280958466 0.0092934176614943055 -0.017468458772455828 0.011605675490627436 -0.019355755186408367 0.0018627231259734775 -0.0022906148191539906
leaf_weight=35.633704662322998 248.99051132798195 801.75835490226746 3150.4649134576321 390.18906605243683 2584.7798519432545 46.323816061019897 2913.9461987614632 919.79500159621239 5182.031500518322 4209.2313632369041 176.38683807849884 363.01836624741554 70.376566708087921 11198.337111443281 53.00513568520546 38.75165382027626 8498.193140655756 155.00661528110504 682.38544428348541 559.89458450675011 48.105501294136047 69.485724091529846 206.67548704147339 2042.7021197676659 48.105501294136047 345.64693522453308 65.922353625297546 121.15459585189819 265.47109973430634 151.44324481487274
leaf_count=65 538 1515 2834 222 1456 41 4652 2053 3909 3120 126 296 53 6400 119 87 14210 348 383 315 27 39 116 1151 27 194 37 68 149 85
internal_value=-1.39598e-05 0.0033672 -7.72253e-05 0.00151778 -0.000214114 -0.00240504 -6.48469e-05 -0.000859686 -0.00146046 -0.00094536 -0.00200893 -0.00825699 -0.0149723 0.000378587 0.00142435 0.00104424 0.00118424 0.0160633 -0.000216554 0.000240029 -0.00392499 -0.000619377 -0.00990034 -6.22687e-05 -0.00870509 -0.0141836 -0.00513936 -0.000660221 -0.00180254 -0.00991815
internal_weight=45643.2 837.392 44805.8 3540.65 41265.2 2631.1 38634.1 13834.8 10920.8 10001 5791.81 609.782 246.763 24799.3 8993.95 8744.96 8691.95 193.758 15805.3 14073.5 1731.8 1024.47 342.084 13513.6 707.329 393.752 272.598 11470.9 313.577 272.598
internal_count=44635 1580 43055 3056 39999 1497 38502 14209 9557 7504 4384 475 179 24293 15302 14764 14645 435 8991 8019 972 575 192 7704 397 221 153 6553 176 153
is_linear=0
shrinkage=0.03


Tree=168
num_leaves=31
num_cat=0
split_feature=43 10 23 42 8 9 41 21 21 7 43 25 48 9 21 18 25 19 25 9 21 42 21 4 19 15 28 25 25 18
split_gain=11.9092 10.8149 11.4395 15.188 29.9513 35.6021 21.0989 23.2408 14.9444 16.5907 13.3666 22.747 24.2941 17.7756 21.8442 20.3807 29.0253 18.4249 17.7708 49.5893 25.2349 25.6271 16.9578 19.2535 22.4567 19.3172 16.9503 16.4847 17.9791 16.4732
threshold=-0.032118441314856937 0.28663366336633661 0.25881904510252057 0.50328949898104358 9.5564500000000017 9.0589500000000012 9.295650000000002 2.2445124964572813 -1.9311278574907023 31.758150000000004 0.39137422860827126 -0.62587551141915865 0.21710523401333429 8.5734500000000011 -0.50275309174837612 -2.7987103894389436 -0.9937528315903793 2.7664753465346554 -0.98932651372861458 10.423950000000001 1.4657818681978478 0.43368323912792711 -0.24969866436203067 22.544650000000001 3.2799948349834982 25.810773802634881 27.626350000000006 -0.97696767110351213 -0.70289845916694649 -2.4537405635106544
decision_type=2 2 2 2 10 10 2 2 2 8 2 2 2 8 2 2 2 2 2 8 2 2 2 10 2 2 2 2 2 2
left_child=-1 -2 10 -4 5 6 -5 -8 9 -6 -3 12 13 -12 -15 -16 17 -17 19 -18 27 -22 23 24 -14 -25 -27 -20 -29 -24
right_child=1 2 3 4 8 -7 7 -9 -10 -11 11 -13 22 14 15 16 18 -19 20 -21 21 -23 29 25 -26 26 -28 28 -30 -31
leaf_value=0.011768131693193682 -0.0012333067934351507 0.00023445569986241789 0.00038511942491580036 -0.0030771433825594421 -0.0050216640882815387 0.009518686224438095 -0.063746868043647723 -0.012353999657673182 0.0024861404545995312 0.01112303061375129 -0.022668030314942165 0.0016113003068869039 -0.0051651795072300069 -0.00090795720272894521 -0.029125317273264797 -0.0092124833364164629 -0.051862665028126427 0.022365040867983594 0.0068946010286514269 0.0032939216518806996 -0.011878551729061387 -0.045110751047701486 -0.0031775712222864689 -0.0012424006692207581 -0.0338089024457294 0.002902011441825037 -0.016740407809124714 -0.0093070354045263533 0.0061387708078185325 0.003283391014145346
leaf_weight=75.721622407436371 6130.7788871526718 15435.630017101765 13348.831187814474 17.816852331161499 66.813196241855621 33.852019429206848 19.598537564277649 13.80806055665016 1558.5291576683521 380.389797270298 49.887186527252197 1927.3380009233952 76.612465023994446 756.77080276608467 37.860811203718185 24.943593263626099 28.506963729858398 46.323816061019897 91.311368197202682 28.952385038137436 85.520891189575195 27.170699805021286 501.98981443047523 2804.3725569248199 35.633704662322998 55.232242226600647 135.85349902510643 431.16782641410828 79.730414181947708 1207.9825880527496
leaf_count=170 4635 14908 14174 22 39 19 26 31 1267 254 28 3190 43 1465 85 20 16 95 70 59 186 61 284 1574 20 31 77 782 179 678
internal_value=-4.15428e-05 -6.14815e-05 0.00012131 0.00075761 0.00313446 -0.014199 -0.0297555 -0.0434809 0.00387639 0.00870515 -0.000290298 -0.00125069 -0.00209867 -0.00519454 -0.00464894 -0.00785596 -0.00686807 0.0113384 -0.00856051 -0.0244896 -0.0072478 -0.0202174 -0.00101301 -0.002333 -0.0144767 -0.00187328 -0.0110773 -0.00479131 -0.00688929 0.00138592
internal_weight=45514.9 45439.2 39308.4 15439.6 2090.81 85.0755 51.2235 33.4066 2005.73 447.203 23868.8 8433.16 6505.82 1688.15 1638.26 881.489 843.628 71.2674 772.361 57.4593 714.901 112.692 4817.68 3107.7 112.246 2995.46 191.086 602.21 510.898 1709.97
internal_count=44488 44318 39683 15832 1658 98 79 57 1560 293 23851 8943 5753 3046 3018 1553 1468 115 1353 75 1278 247 2707 1745 63 1682 108 1031 961 962
is_linear=0
shrinkage=0.03


Tree=169
num_leaves=31
num_cat=0
split_feature=3 33 9 21 25 4 8 41 15 16 25 8 32 3 7 28 5 44 43 3 7 5 33 25 33 32 5 24 8 28
split_gain=9.7459 12.3785 20.9561 25.4409 25.3505 43.1077 18.5555 33.0022 28.3593 22.8708 17.5457 23.2679 20.5489 17.6009 15.0259 13.6515 13.4206 12.384 12.0859 11.6105 14.1255 17.67 11.4394 9.91284 12.7129 9.90641 12.4134 9.88046 9.66099 9.47133
threshold=8.5455000000000023 0.42349908146299581 11.458300000000003 0.57666046753781341 -0.9292178835113839 16.421000000000003 11.410450000000003 10.797900000000002 18.616696372937298 22.376969628099221 -0.98049353344232182 9.8871500000000019 17.009775000000005 10.1835 31.967850000000002 26.857350000000004 31.964150000000004 3.2361728981364979 0.18320449844982681 10.152500000000002 31.892350000000004 31.541050000000002 0.60331639709194074 -0.6523320455745395 0.4570470881101874 21.222350000000002 31.696350000000006 -0.9442364261229238 9.0655500000000018 15.590350000000003
decision_type=2 2 8 2 2 10 8 2 2 2 2 10 2 2 10 2 8 2 2 2 10 10 2 2 2 2 10 2 10 2
left_child=-1 17 6 4 5 -4 7 10 -8 -10 11 -3 14 22 16 23 -12 27 -17 20 21 -5 -13 24 -6 26 -7 -2 -14 -16
right_child=1 2 3 19 15 25 8 -9 9 -11 12 13 28 -15 29 18 -18 -19 -20 -21 -22 -23 -24 -25 -26 -27 -28 -29 -30 -31
leaf_value=-0.0011265829239997284 0.0035816691597596179 -0.031734389263537874 0.069040593838662914 -0.01865266255217872 -0.023669225159844143 0.0058532937866743878 0.0088495865039558592 0.016344663590405459 -0.033231674529869741 -0.0057024215787164914 -0.016749158561354865 -0.0049121349733575468 0.0013616576692504555 0.0035363904320926355 -0.0029098056320718403 0.037131263081823906 8.4359162728923012e-05 -0.0012377359591169124 0.0050689529914461759 -0.025539478824357895 -0.030434552444795728 0.014274555204790422 -0.028677745019213198 -0.021201396063243196 0.0033232070494327182 -0.0068871084694694688 0.027610025165998468 0.00037638461248300274 0.020052307116500478 0.012581959052343283
leaf_weight=6096.4814464151859 888.17008870840073 44.542130827903748 12.02637532353401 21.825644105672836 17.816852331161499 54.786820918321609 34.297440737485886 69.485724091529846 66.367774933576584 46.323816061019897 133.62639248371124 35.633704662322998 55.232242226600647 71.267409324645996 229.83739507198334 12.02637532353401 62.358983159065247 4362.010871976614 58.795612692832947 29.843227654695511 13.362639248371122 40.087917745113373 37.415389895439148 26.725278496742249 93.983896046876907 21.380222797393799 41.424181669950485 32595.931339859962 44.542130827903748 40.978760361671448
leaf_count=4636 1994 25 24 46 19 123 20 39 38 26 75 20 31 40 129 18 35 8080 60 61 24 69 21 42 118 48 93 28381 25 23
internal_value=-1.07225e-05 0.000162569 -0.00259034 0.00280449 0.00680165 0.0171729 -0.00505569 -0.00329632 -0.0148405 -0.022065 -0.00512213 -0.0130165 -0.00247237 -0.0070608 -0.00511553 0.000329184 -0.0114198 0.000265633 0.0109547 -0.0100273 -0.00362325 0.00255514 -0.0173077 -0.00514272 -0.00115007 0.0113308 0.0154084 0.00046151 0.00982188 -0.000527993
internal_weight=45358.6 39262.1 1415.99 444.085 338.966 129.618 971.909 824.92 146.989 112.692 755.435 188.859 566.576 144.317 466.802 209.348 195.985 37846.1 70.822 105.119 75.2762 61.9136 73.0491 138.526 111.801 117.591 96.211 33484.1 99.7744 270.816
internal_count=44383 39747 1292 745 545 288 547 463 84 64 424 106 318 81 262 257 110 38455 78 200 139 115 41 179 137 264 216 30375 56 152
is_linear=0
shrinkage=0.03


Tree=170
num_leaves=31
num_cat=0
split_feature=15 24 5 7 24 24 32 4 9 23 3 25 9 4 24 5 23 32 22 8 28 23 33 48 47 42 24 28 16 41
split_gain=11.7316 19.422 11.3445 11.9076 11.3264 17.8349 40.9737 20.233 15.6251 16.6149 10.7313 16.1431 21.1032 21.0181 26.5753 24.687 20.1601 30.2972 18.9567 31.6749 21.8525 16.2367 19.3005 14.6987 22.9055 18.451 68.6477 35.3656 28.2883 40.386
threshold=28.267033062706272 -0.75579217237767959 30.389050000000001 31.369050000000005 -0.78856175031405207 -0.70898476237405783 27.614875000000008 28.868000000000006 11.733700000000001 1.0000000180025095e-35 9.100500000000002 -0.95998493203694346 9.0589500000000012 22.544650000000001 -0.049434980436038223 31.977050000000002 0.1294095225512602 18.137850000000004 0.37940952255126054 11.362900000000002 20.390900000000006 0.78656609248549303 0.15067847556967276 0.34761999689901885 9.199250000000001 0.42544699503979705 0.1051661082335764 22.755900000000004 17.419925000000003 9.4473500000000019
decision_type=2 2 8 8 2 2 2 10 10 2 2 2 10 8 2 10 2 2 2 10 2 2 2 2 2 2 2 2 2 2
left_child=2 -2 4 -4 -1 7 8 -6 9 -7 11 12 21 15 -15 16 -14 -18 19 20 -17 -5 -23 25 -25 -12 28 -28 29 -27
right_child=1 -3 3 10 5 6 -8 -9 -10 -11 23 -13 13 14 -16 18 17 -19 -20 -21 -22 22 -24 24 -26 26 27 -29 -30 -31
leaf_value=0.00027851165405018999 -0.0021813818207994389 -0.02364090308167863 -0.0031580989440782243 0.0024653114470434613 0.028988049167256093 0.00082360471781165422 -0.034065690100136235 0.0048581811586204489 0.0012593538049819044 0.030867022252339602 0.00055461535891950051 -0.0011125699454870273 0.0052138901871240642 0.0013841556686914642 0.016365109378410424 -0.022801543481667342 -0.030610230783791808 -0.002086226550755188 0.0056386337767860319 -0.032225048339226056 0.0015711025150299811 0.0085062333985683834 0.030668682094472471 -0.0088861072124407879 0.0034388645060997422 -0.015171784053443148 -0.014978858339236172 -0.064063602016428509 -0.0011411994925737746 0.020207815692186885
leaf_weight=430.2769837975502 173.71431022882462 47.66007998585701 1076.5833021104336 324.71213373541832 60.131876617670059 28.061542421579361 23.607329338788986 65.031511008739471 146.54361042380333 39.642496436834335 21622.531989097595 11681.619230926037 344.31067129969597 837.39205956459045 121.15459585189819 49.887186527252197 35.633704662322998 395.97954306006432 49.887186527252197 64.140668392181396 94.429317355155945 177.27768069505692 43.651288211345673 143.8710825741291 2156.7299746870995 37.415389895439148 188.85863471031189 13.362639248371122 4910.7699237763882 119.81833192706108
leaf_count=966 234 107 1652 465 135 54 53 146 83 56 22573 9576 194 482 68 28 20 223 28 36 53 263 92 83 1221 84 352 30 4830 194
internal_value=-1.32249e-05 -0.00688697 2.05299e-05 -4.29146e-05 0.00357423 0.00746907 0.0026208 0.0165887 0.00680267 0.018608 3.44079e-05 -0.000641378 0.00152656 9.41867e-05 0.00329274 -0.00287051 -0.000191967 -0.00450646 -0.0108836 -0.0148457 -0.00695294 0.00674821 0.0130036 0.000363594 0.00266458 0.000166659 -0.00142484 -0.0185216 -0.000739132 0.0117462
internal_weight=45504.7 221.374 45283.3 44490 793.295 363.018 237.855 125.163 214.248 67.704 43413.4 14220.1 2538.46 1992.81 958.547 1034.27 775.924 431.613 258.344 208.457 144.317 545.641 220.929 29193.4 2300.6 26892.8 5270.22 202.221 5068 157.234
internal_count=44381 341 44040 42547 1493 527 246 281 193 110 40895 11528 1952 1132 550 582 437 243 145 117 81 820 355 29367 1304 28063 5490 382 5108 278
is_linear=0
shrinkage=0.03


Tree=171
num_leaves=31
num_cat=0
split_feature=47 5 3 25 28 25 8 19 24 24 4 7 21 3 21 25 28 5 42 41 28 8 3 48 31 5 6 3 47 15
split_gain=10.7115 11.9582 9.08227 12.2257 24.1948 14.6458 14.55 13.9406 14.0635 27.4893 25.3327 12.2696 13.5666 17.3298 17.0001 11.4037 34.1229 16.5958 14.7659 10.8127 18.7103 12.6983 10.475 10.3454 13.3286 24.2252 21.6609 15.1334 17.6098 18.2231
threshold=7.1629000000000014 31.819850000000006 9.0385000000000009 -0.93543596745397617 17.515650000000004 -0.98372925196996197 8.8153500000000022 4.7724384455445561 -0.76694339346796603 -0.52032787705993211 27.481150000000003 31.751050000000003 -2.7668748132073575 8.8785000000000007 -1.855969035871526 -0.98932651372861458 20.390900000000006 31.672050000000002 0.37179413234898301 8.9677000000000024 15.894000000000002 13.308050000000001 8.7325000000000017 0.3538208518838461 19.621350000000003 31.869650000000004 14.293400000000002 10.408500000000002 9.3256500000000013 25.102184968251603
decision_type=2 10 2 2 2 2 10 2 2 2 10 8 2 2 2 2 2 10 2 2 2 10 2 2 2 10 10 2 2 2
left_child=1 -1 3 4 5 -2 -7 -5 -9 10 -10 -11 13 -13 -14 16 18 -18 22 20 -16 -21 -6 -4 25 26 27 28 -25 -30
right_child=2 -3 23 7 15 6 -8 8 9 11 -12 12 14 -15 19 -17 17 -19 -20 21 -22 -23 -24 24 -26 -27 -28 -29 29 -31
leaf_value=-0.017035292087222195 -0.023494634427531198 -0.0024953201808575283 0.00017693067253441583 -0.00075390696738502456 -0.0086552748797961345 -0.024826318433283992 0.00059954028577944814 0.003675379795932195 -0.00084506317517285849 -0.023518312978048041 -0.035147195387624897 -0.033007687239198141 0.0096495060498691491 0.0020505401498594486 0.0037125867812266506 0.0033631595607225072 0.018182628384637405 0.00073968871479137069 -0.0013439695832284408 -0.00080119740170922808 -0.034428469387602564 -0.014188478606749223 -0.027485464969479782 -0.031203176734743845 0.0051912870378568706 0.0053296729809326005 0.00056993343253266561 0.0028164863722738255 0.0026433838737332941 -0.023569792202276688
leaf_weight=64.140668392181396 48.550922602415085 235.18245077133179 29530.541896283627 9868.3090849220753 48.550922602415085 24.052750647068024 105.56485006213188 153.67035135626793 30.734070271253586 27.616121113300323 51.668871760368347 28.952385038137436 91.75678950548172 21.825644105672836 20.043958872556686 1650.7313684821129 50.778029143810272 948.30196532607079 65.476932317018509 401.7700200676918 25.834435880184174 74.830779790878296 61.468140542507172 50.778029143810272 866.78986591100693 408.00591838359833 289.52385038137436 44.542130827903748 52.114293068647385 42.760445594787598
leaf_count=36 28 132 31867 8454 28 15 69 120 18 17 41 26 80 19 33 1168 114 725 45 233 28 42 36 30 491 229 164 25 30 24
internal_value=-1.04653e-05 -0.00565738 2.71492e-05 -0.000613917 0.0010788 -0.00961251 -0.00427261 -0.00108485 -0.00459681 -0.00623961 -0.022517 -0.0042734 -0.00344011 -0.0181902 -0.00219315 0.00175618 -0.000503189 0.00164352 -0.0126642 -0.0042874 -0.0180412 -0.00292843 -0.0193286 0.000309948 0.0025474 -3.70714e-05 -0.00460314 -0.0124396 -0.0170925 -0.00929362
internal_weight=45384.9 299.323 45085.5 13800.5 3003.48 178.169 129.618 10797 928.703 775.033 82.4029 692.63 665.014 50.778 614.236 2825.31 1174.58 999.08 175.496 522.479 45.8784 476.601 110.019 31285.1 1754.51 887.725 479.719 190.195 145.653 94.8747
internal_count=44367 168 44199 11339 2228 112 84 9111 657 537 59 478 461 45 416 2116 948 839 109 336 61 275 64 32860 993 502 273 109 84 54
is_linear=0
shrinkage=0.03


Tree=172
num_leaves=31
num_cat=0
split_feature=39 47 24 6 42 22 5 4 26 18 24 21 4 48 5 23 35 7 23 39 26 24 24 24 32 8 41 24 8 24
split_gain=10.7753 12.3717 43.105 31.98 22.5489 15.1395 14.8641 20.4428 12.8368 14.0043 12.2715 49.1915 15.7722 12.0912 47.5837 16.0423 11.4976 12.3114 10.6827 10.6661 10.9755 15.8047 10.0813 9.84565 42.6107 21.8235 17.5102 13.1062 12.3207 14.2938
threshold=0.8750622444422661 19.049450000000004 -0.70898476237405783 24.685700000000004 0.33131080093820903 0.78656609248549325 30.549250000000004 26.965600000000002 28.392750000000003 -2.55126313861386 -0.78856175031405207 1.0641890749349356 28.868000000000006 0.36668549405276102 31.409950000000006 -0.78656609248549325 3.5212545773919675 32.047450000000005 0.25881904510252057 0.90999999564312872 24.518150000000002 -0.23641503605938965 -0.015050995721668367 0.35544221683359195 17.558400000000002 8.6828000000000021 8.9108500000000017 0.33931202449298198 9.8451500000000021 0.43442111757849838
decision_type=2 2 2 10 2 2 8 10 2 2 2 2 10 2 10 2 2 10 2 2 2 2 2 2 2 8 2 2 10 2
left_child=13 8 10 4 6 -5 7 -4 16 -10 -3 12 -12 23 -15 -16 -2 -18 -17 -6 22 -22 -21 25 28 -1 -26 -27 29 -25
right_child=1 2 3 5 19 -7 -8 -9 9 -11 11 -13 -14 14 15 18 17 -19 -20 20 21 -23 -24 24 26 27 -28 -29 -30 -31
leaf_value=-0.022091734950250491 0.00053305620955796317 0.00036552219567516874 0.01298253107428864 -0.013875237012982261 0.0018170403613853167 -0.038921451858163904 0.0014197028126701249 -0.0222184948072158 0.0089753604641349665 0.001395491357668617 0.027253932069759776 -0.011042946474806317 0.0091953006929825377 -0.03684823801751369 -0.013841780347774241 0.010252624186110386 -0.017570911294313454 0.0037561282580562921 -0.0031676355416296606 -0.0039825630123257053 -0.012190521241813659 -0.050994296228816065 -0.032482489658106323 0.0050546045726956243 -0.035246534989674776 -4.1272847270197172e-05 -0.010277861229579221 0.011420962109122529 -0.017083134270941748 -0.0016682826382522166
leaf_weight=39.197075128555298 25126.661421328783 2568.7446848452091 19.598537564277649 91.311368197202682 86.857155114412308 28.506963729858398 603.10045140981674 53.895978301763535 333.62055990099907 638.2887347638607 65.922353625297546 92.647632122039795 129.61760070919991 39.197075128555298 76.612465023994446 85.520891189575195 63.249825775623322 38.75165382027626 138.52602687478065 268.14362758398056 277.94289636611938 8.9084261655807477 10.690111398696898 311.79491579532623 42.31502428650856 10839.327536970377 63.695247083902359 89.529682964086533 42.760445594787598 3162.9367100894451
leaf_count=22 21581 5767 44 205 195 64 1354 121 188 368 148 208 291 22 43 48 43 30 80 602 624 20 24 244 44 9323 56 69 42 2448
internal_value=5.43679e-05 0.000377573 -0.00111252 -0.00532543 -0.00397879 -0.020107 -0.000139673 -0.0127833 0.000622493 0.00400393 0.00102526 0.00688418 0.0153911 -0.000605955 -0.00619143 -0.00208578 0.000492073 -0.0095107 0.0019778 -0.00795312 -0.00945382 -0.0135686 -0.00518739 -0.000475447 -0.00183101 -2.74863e-05 -0.0204806 5.36626e-05 -0.00126328 -0.00106374
internal_weight=45437.9 30506.5 4305.89 1448.96 1329.14 119.818 676.595 73.4945 26200.6 971.909 2856.93 288.188 195.54 14931.4 339.856 300.659 25228.7 102.001 224.047 652.542 565.685 286.851 278.834 14591.6 3623.5 10968.1 106.01 10928.9 3517.49 3474.73
internal_count=44318 31877 9667 3253 2984 269 1519 165 22210 556 6414 647 439 12441 193 171 21654 73 128 1465 1270 644 626 12248 2834 9414 100 9392 2734 2692
is_linear=0
shrinkage=0.03


Tree=173
num_leaves=31
num_cat=0
split_feature=45 50 47 41 14 41 5 24 23 50 15 24 3 47 5 3 23 25 3 24 19 19 47 15 21 21 49 49 25 23
split_gain=11.7054 18.3952 12.7555 18.2336 31.6197 16.4382 16.7352 15.1518 12.9395 11.5798 10.2675 14.6543 10.0044 9.62619 13.3056 10.3248 12.7157 20.1005 24.7603 25.9894 25.3398 22.0902 36.5236 28.7372 25.637 25.411 25.1585 38.7028 28.3971 29.9102
threshold=-0.57502559648062068 31.822350000000004 9.5682500000000008 9.485100000000001 11.429550000000004 11.671950000000001 31.519350000000006 -0.10088855117215338 -0.9159756150367534 32.073750000000011 28.267033062706272 -0.77786766366919291 10.162500000000003 7.1629000000000014 31.819850000000006 9.100500000000002 0.25881904510252057 -0.78858226040708135 9.7005000000000017 -0.54939360607974019 3.6242411444228222 2.700911366336634 9.8440500000000011 24.131336103428627 -1.6991717217551103 -2.3988350605486466 32.030350000000006 32.003450000000008 -0.99168640063982161 0.1294095225512602
decision_type=2 2 2 2 2 2 10 2 2 2 2 2 2 2 10 2 2 2 2 2 2 2 2 2 2 2 2 2 2 2
left_child=1 -1 5 4 -4 6 -3 12 -5 -9 13 -12 -8 14 -2 -15 17 18 19 20 -17 -20 24 26 25 -23 27 28 29 -24
right_child=10 2 3 8 -6 -7 7 9 -10 -11 11 -13 -14 15 -16 16 -18 -19 21 -21 -22 22 23 -25 -26 -27 -28 -29 -30 -31
leaf_value=-0.018814428000506506 -0.015899295653112818 -0.044135116296095407 0.01855668137388827 0.023348066356760868 -0.025149965121383941 -0.021153786438194509 -0.015944005541808758 0.026740988020692431 0.0074582425497739047 0.0030501641167622346 -0.0005447370403810595 -0.016285579156746749 0.0039371605250428342 -0.00066644162656487771 -0.0017000514174859247 -0.0014465533605157862 0.001090542154209046 0.00070974211780381452 -0.0057868830684456836 0.0016816593459240288 -0.019656283581199405 0.0018503942634914992 0.0024383113450642041 0.0029576963984160884 0.0053020338915635368 -0.010093280297982163 0.0033132903298048583 -0.025874597210490232 -0.0095542358087189784 -0.022219779698562404
leaf_weight=30.288648962974548 78.394150257110596 5.7904770076274863 23.607329338788986 51.668871760368347 36.96996858716011 31.624912887811661 37.415389895439148 33.406598120927811 393.75243651866913 40.978760361671448 142.08939734101295 84.184627264738083 55.232242226600647 14731.864350020885 236.96413600444794 209.34801489114761 11413.921024650335 10093.692266911268 1409.3130193948746 2856.4868499934673 101.55605828762054 459.67479014396667 414.68723800778389 412.01471015810966 913.11368197202682 244.98171955347061 225.828603297472 94.874738663434982 784.38692387938499 48.550922602415085
leaf_count=35 44 13 53 77 83 20 21 21 488 56 157 189 31 12101 133 173 12134 11144 1937 2564 69 306 427 289 613 142 132 60 1086 49
internal_value=-2.49941e-05 0.00371299 0.0046985 0.00724965 -0.00809248 -0.00162002 0.00205559 0.00391 0.00934963 0.0139033 -8.66658e-05 -0.00644696 -0.00417629 -5.43475e-05 -0.00526891 -1.72044e-05 0.000305034 -0.000185774 -0.00129145 0.000784363 -0.00743867 -0.00260437 -0.00135658 -0.00408753 0.0019869 -0.00231038 -0.00593909 -0.00749678 -0.00607965 -0.000188342
internal_weight=45696.7 740.736 710.447 505.999 60.5773 204.448 172.823 167.033 445.421 74.3854 44955.9 226.274 92.6476 44729.7 315.358 44414.3 29682.4 18268.5 8174.82 3167.39 310.904 5007.43 3598.11 1980.34 1617.77 704.657 1568.33 1342.5 1247.63 463.238
internal_count=44647 898 863 701 136 162 142 129 565 77 43749 346 52 43403 177 43226 31125 18991 7847 2806 242 5041 3104 2043 1061 448 1754 1622 1562 476
is_linear=0
shrinkage=0.03


Tree=174
num_leaves=31
num_cat=0
split_feature=5 24 42 8 24 24 26 24 26 24 14 21 24 42 22 10 5 24 5 41 46 22 19 8 32 47 10 10 45 25
split_gain=11.8601 13.3653 23.7849 15.096 36.4001 31.1512 25.5061 25.2849 32.9557 21.8293 29.464 21.2519 19.9884 24.8623 19.4283 26.0153 18.0553 20.7999 19.2805 16.8296 16.5235 16.2944 25.7476 15.9824 17.9803 15.962 15.5756 15.4894 16.5601 15.2442
threshold=32.051650000000002 0.79184907943689831 0.11840081516514785 8.5556000000000019 0.43442111757849838 0.3873823162447298 17.765750000000001 0.35544221683359195 17.765750000000001 0.48030317736429479 4.9124289256193521 -3.7028069356135531 0.3714672281037254 0.37179413234898301 0.60355339059327384 0.34650165016501649 31.385250000000003 0.46514529268026444 31.84815 10.849350000000001 0.0084705320327373729 0.25881904510252091 4.2504302006105545 9.7142000000000017 17.558400000000002 8.6042500000000022 0.37805280528052798 0.42095709570957091 -0.20628151304493192 -0.95502570686053045
decision_type=10 2 2 10 2 2 2 2 2 2 2 2 2 2 2 2 8 2 10 2 2 2 2 10 2 2 2 2 2 2
left_child=1 3 -3 11 5 7 -7 19 23 14 20 -1 -10 -14 15 -6 -17 18 -18 -5 -11 26 -23 24 -9 -16 -12 -21 -29 -13
right_child=-2 2 -4 4 9 6 -8 8 12 10 21 29 13 -15 25 16 17 -19 -20 27 -22 22 -24 -25 -26 -27 -28 28 -30 -31
leaf_value=0.016650993748704292 0.0019548669260899764 -0.0017009872855368289 -0.022947408434020267 0.00094917539591822823 -0.0046168835183946341 0.0075845231402259889 -0.021159463505305922 0.0050133787070900373 -0.026554720698571694 -0.030253992867030049 0.0095059047871163642 0.014871758001536332 0.0087006950146257898 -0.034420308642377821 -0.016725509048492307 0.0025878057644685877 -0.034473837045458942 -0.0081229643184952058 -0.0087696439474482003 -0.00079848176209240131 -0.0051305848791011015 0.0017597360830801229 -0.027332442551763841 -0.015611446267439287 -0.015151163975970248 0.0028347472200257033 -0.011691871912403905 0.011013679230363086 0.0010562221021076588 0.0011480954759702264
leaf_weight=82.402942031621933 2676.0912201404572 2914.8370413780212 47.214658677577972 11415.702709883451 230.72823768854141 657.44185101985931 28.061542421579361 227.16486722230911 96.656423896551132 23.607329338788986 307.7861240208149 73.049094557762146 40.087917745113373 16.035167098045349 46.323816061019897 31.179491579532623 108.68279922008514 69.485724091529846 35.633704662322998 18097.022334069014 587.95612692832947 140.75313341617584 32.961176812648773 58.795612692832947 47.214658677577972 180.84105116128922 33.852019429206848 159.01540705561638 2486.7871641218662 4521.0262790322304
leaf_count=149 2351 1636 49 8520 197 525 63 180 112 14 232 80 42 36 26 70 61 39 20 20247 813 97 29 33 37 169 31 147 4191 4195
internal_value=1.77329e-05 -0.000103435 -0.00204728 4.11489e-05 -0.000171852 5.4374e-05 0.00637876 -7.86235e-05 -0.00686353 -0.00429038 -0.00169973 0.00164227 -0.0183516 -0.00400648 -0.00843564 -0.0118764 -0.018667 -0.0217642 -0.0282311 2.4115e-05 -0.00614819 0.00358091 -0.00388516 -0.00155645 0.00150109 -0.00120983 0.00737748 -0.000485008 0.00165861 0.0013695
internal_weight=45474.4 42798.3 2962.05 39836.3 35159.8 33330 685.503 32644.5 485.955 1829.79 1126.92 4676.48 152.78 56.1231 702.875 475.71 244.982 213.802 144.317 32158.5 611.563 515.352 173.714 333.175 274.38 227.165 341.638 20742.8 2645.8 4594.08
internal_count=44391 42040 1685 40355 35931 34133 588 33545 440 1798 1216 4424 190 78 582 387 190 120 81 33105 827 389 126 250 217 195 263 24585 4338 4275
is_linear=0
shrinkage=0.03


Tree=175
num_leaves=31
num_cat=0
split_feature=22 48 25 9 9 26 24 42 24 3 47 35 33 9 25 15 41 9 23 5 28 6 25 31 33 31 33 24 26 22
split_gain=9.36138 26.8811 31.9516 54.9692 24.6627 20.842 42.1569 18.8864 22.6227 17.0228 23.5348 12.7453 11.6002 10.9056 10.4052 19.3241 32.6024 26.7908 36.0352 27.5276 27.4193 15.0768 14.3207 12.5058 11.328 11.8924 10.3945 9.67296 37.5719 35.8973
threshold=0.91597561503675362 0.21710523401333429 -0.98932651372861458 10.026250000000003 9.2538000000000018 27.909600000000005 -0.69674959280705229 0.54153689391317739 -0.18598018461734842 10.016500000000002 11.704951652892563 0.30940869906611779 0.15514241441344703 8.5991500000000016 -0.99966479353140603 18.616696372937298 10.342650000000001 10.493800000000002 -0.60355339059327384 31.994250000000005 22.491250000000004 11.191350000000002 -0.99996069798976184 13.338900000000002 0.049459346942722505 12.89723388429779 0.42349908146299581 0.27383534524298775 20.491200000000003 0.37940952255126054
decision_type=2 2 2 10 8 2 2 2 2 2 2 2 2 8 2 2 2 8 2 10 2 8 2 2 2 2 2 2 2 2
left_child=14 2 3 4 -2 -4 -7 12 9 -9 11 -11 -3 -14 15 16 -1 20 19 22 23 -20 -19 -17 -18 -26 -27 -16 -29 -30
right_child=1 7 5 -5 -6 6 -8 8 -10 10 -12 -13 13 -15 27 17 24 18 21 -21 -22 -23 -24 -25 25 26 -28 28 29 -31
leaf_value=0.045380062041653825 -0.041138232966452463 0.0047433598700801537 0.00065066556339865177 -0.068463375152045078 -0.0020569335686062137 0.00055668989140699159 -0.032966613438507632 0.0035664076274874563 0.012837983157378351 -0.028834205816903994 0.0019390963310485937 -0.0099344389143757334 -0.016288350532585115 0.013679985224573525 0.00017608545592130489 -0.02342483059577127 -0.017528850291303657 -0.023590261451478814 -0.035773100217434281 -0.034316366880292826 -0.038934670464318318 0.0046866785180617251 0.006593637525081999 -0.001429796566905412 -0.0090021410511281676 0.017989912133541994 -0.0025620325405325589 -0.00073419642847253133 -0.035544423942250943 0.014635396493041106
leaf_weight=15.144324481487272 16.035167098045349 1073.4653529524803 3497.8935339152813 14.253481864929197 99.774373054504395 100.21979436278343 49.887186527252197 204.89380180835724 95.765581279993057 44.542130827903748 126.49965155124664 115.80954015254974 10.690111398696898 216.47475582361221 27948.850830584764 35.633704662322998 24.943593263626099 20.489380180835724 7.5721622407436362 46.323816061019897 39.197075128555298 256.56267356872559 40.53333905339241 64.140668392181396 41.869602978229523 56.568506151437759 35.633704662322998 11013.487268507481 50.332607835531235 16.480588406324387
leaf_count=34 9 664 3869 8 170 225 112 115 62 25 71 65 6 147 29261 20 23 31 17 26 22 261 58 36 31 34 20 8844 113 37
internal_value=-2.28901e-05 0.00111773 -0.000343209 -0.0148966 -0.00777405 0.000179605 -0.010729 0.00403962 -0.000424458 -0.00302808 -0.00773446 -0.0153305 0.00605488 0.0122045 -0.000185653 -0.0038494 0.00475992 -0.00679035 -0.0025682 -0.0171401 -0.0179775 0.00339624 -0.00375805 -0.00943966 0.000631914 0.00411542 0.0101049 -0.000121291 -0.000871337 -0.0231334
internal_weight=45380 5666.2 3778.06 130.063 115.81 3648 150.107 1888.14 587.511 491.745 286.851 160.352 1300.63 227.165 39713.8 684.613 174.16 510.453 371.481 107.347 138.971 264.135 61.0227 99.7744 159.015 134.072 92.2022 39029.2 11080.3 66.8132
internal_count=44416 5548 4393 187 179 4206 337 1155 338 276 161 90 817 153 38868 613 142 471 393 115 78 278 89 56 108 85 54 38255 8994 150
is_linear=0
shrinkage=0.03


Tree=176
num_leaves=31
num_cat=0
split_feature=22 35 11 25 23 25 25 33 43 3 11 9 44 3 25 40 9 25 25 11 8 3 16 25 9 34 7 8 25 25
split_gain=9.10908 13.9539 17.3804 15.4106 23.2798 67.0816 34.9328 34.9039 31.0039 27.3735 34.1286 32.9659 27.6654 27.1425 36.834 26.5262 23.8499 23.6571 16.5036 22.3531 16.9503 20.1285 25.9634 18.3795 16.2103 16.1311 15.5345 15.2654 14.7828 19.8348
threshold=0.37940952255126054 3.5212545773919675 25.219000000000005 -0.93845867424155849 -0.3794095225512602 -0.9955251950901236 -0.99273797715557011 0.070930071196919617 0.17964812281678469 10.865500000000003 25.364850000000001 9.3020500000000013 0.19859447204007899 10.306500000000002 -0.97315270831292444 14.86603145750626 10.062050000000001 -0.97696767110351213 -0.98049353344232182 25.850550000000002 8.8824000000000023 9.8805000000000032 16.672825000000003 -0.95242240592625282 9.8593000000000028 15.52581425619878 31.80855 10.435150000000002 -0.9575230291762723 -0.9937528315903793
decision_type=2 2 2 2 2 2 2 2 2 2 2 8 2 2 2 2 10 2 2 2 10 2 2 2 8 2 8 10 2 2
left_child=-1 3 -3 4 5 7 -7 15 27 -6 11 12 -11 18 17 -2 -17 -15 -8 20 -20 23 -23 -22 -10 -16 -13 -9 29 -28
right_child=1 2 -4 -5 9 6 13 8 24 10 -12 26 -14 14 25 16 -18 -19 19 -21 21 22 -24 -25 -26 -27 28 -29 -30 -31
leaf_value=-0.00037889139745795892 -0.064021469070771886 -0.023203427558330637 0.0055884557856215487 6.7182259896670694e-05 0.0051867584233043895 0.020335721741484677 0.0031443474542911945 -0.014513539943761615 0.00082938925411428206 0.0012280108397361633 0.016648020494168702 -0.014530732184292327 -0.029221969421734821 0.0038122483288088624 0.020302319975047296 -0.0055415074999623209 -0.030137443847484263 -0.025989174821568584 0.0024217789665484878 0.010096995708310248 0.003074461505243189 -0.063833750125708036 -0.018700327778145728 -0.021595925523483293 -0.026048424144926693 -0.0028014262312149132 0.0095775682325144086 0.011916401884837098 0.028510446175471913 -0.014784034241995073
leaf_weight=28439.705112308264 12.02637532353401 47.66007998585701 30.288648962974548 13192.488308608532 2174.546827018261 94.874738663434982 236.96413600444794 24.052750647068024 30.288648962974548 39.197075128555298 62.358983159065247 48.105501294136047 83.739205956459045 78.394150257110596 158.56998574733734 66.367774933576584 76.612465023994446 33.406598120927811 62.358983159065247 53.450556993484497 65.031511008739471 13.362639248371122 65.922353625297546 45.432973444461823 59.241034001111984 32.515755504369736 85.966312497854233 91.75678950548172 19.598537564277649 44.987552136182785
leaf_count=27750 12 50 32 13172 1900 87 178 24 17 22 35 105 47 107 134 113 43 30 35 30 89 18 67 48 52 28 94 56 44 77
internal_value=-4.9716e-05 0.000496794 -0.0120866 0.000555023 0.00222226 -0.00104523 0.00317367 -0.0120323 -0.00388443 0.00388308 -0.00349472 -0.00744001 -0.0195817 0.00122594 0.00840518 -0.0227319 -0.0188384 -0.00524402 -0.00279026 -0.00738786 -0.0111201 -0.0155599 -0.0270074 -0.00717495 -0.0170467 0.0163768 0.000134124 0.00634985 0.0048849 0.00115983
internal_weight=45569.3 17129.6 77.9487 17051.6 3859.13 1300.63 940.284 360.346 205.339 2558.5 383.953 321.594 122.936 845.41 302.886 155.007 142.98 111.801 542.523 305.559 252.108 189.749 79.285 110.464 89.5297 191.086 198.658 115.81 150.552 130.954
internal_count=44496 16746 82 16664 3492 1168 851 317 149 2324 424 389 69 764 299 168 156 137 465 287 257 222 85 137 69 162 320 80 215 171
is_linear=0
shrinkage=0.03


Tree=177
num_leaves=31
num_cat=0
split_feature=18 5 9 8 44 46 12 25 8 8 3 34 21 5 8 18 3 7 3 21 25 33 3 33 32 23 24 44 11 3
split_gain=10.3927 20.8874 11.8818 32.1021 40.1044 26.8126 30.3804 25.283 31.8137 19.5683 19.2567 18.2147 16.8859 16.9173 25.6013 15.9982 21.5442 20.9123 15.6696 25.6236 16.8084 15.3319 15.2603 15.0819 15.0555 33.6948 33.7621 24.9292 20.5917 17.7148
threshold=-1.3284178224639331 1.0000000180025095e-35 9.822750000000001 9.9720000000000031 0.42615825568685656 0.09068601060368138 11.14858636363641 -0.99818570902816506 9.5564500000000017 10.2384 10.214500000000003 11.381545041322568 2.3426821115064018 31.823650000000004 9.3174500000000027 -3.9775595214521444 9.6375000000000011 31.874950000000002 8.9945000000000004 1.0641890749349356 -0.99983123799342477 0.15067847556967276 9.791500000000001 0.012652391078370838 21.029650000000004 -0.5 0.070897839638973045 1.5667741564436592 21.048650000000002 9.177500000000002
decision_type=2 10 10 8 2 2 2 2 8 10 2 2 2 10 10 2 2 10 2 2 2 2 2 2 2 2 2 2 2 2
left_child=1 -1 7 4 -4 6 9 8 -3 -5 24 -8 -9 -14 -15 -13 23 22 20 21 -10 -20 -18 -17 25 26 -7 29 -26 -27
right_child=-2 2 3 5 -6 10 11 12 18 -11 -12 15 13 14 -16 16 17 -19 19 -21 -22 -23 -24 -25 28 27 -28 -29 -30 -31
leaf_value=-0.023387791911775362 -0.000312638162026705 -0.012854079251203609 0.0018533465266451002 -0.003854728761493704 -0.037753341467987638 -0.012408796057650372 0.0066021839205978724 0.0012075283404157395 -0.028289289030865694 0.020107198549193742 0.0030950788971511986 0.0039964547958094105 -0.00095389787688650459 -0.0073491408706230837 -0.049264928464321442 0.0072926034760497733 -0.047957085536842449 -0.0096350835171253226 0.0041937790254214999 0.029706971600222534 0.0087497626486246344 0.02326064564232689 -0.021065003809375708 -0.010115203765771756 0.02199826485875183 0.0017597540984293422 0.012628923609639606 -0.034010821676925734 -2.8808131585044374e-05 -0.019566402191393838
leaf_weight=31.624912887811661 25001.052612394094 50.778029143810272 46.323816061019897 60.577297925949097 44.542130827903748 80.175835490226746 65.922353625297546 10073.202886730433 15.144324481487272 60.577297925949097 2003.9504659473896 64.140668392181396 97.547266513109207 40.53333905339241 18.707694947719574 53.895978301763535 29.397806346416473 87.747997730970383 141.19855472445488 78.394150257110596 33.852019429206848 51.22345045208931 59.686455309391022 247.2088260948658 37.415389895439148 71.267409324645996 119.37291061878204 46.323816061019897 6695.5731060504913 67.704038858413696
leaf_count=26 25544 114 26 34 25 45 37 12277 34 34 1127 36 219 88 42 31 18 50 260 164 76 64 35 144 21 40 67 26 3767 38
internal_value=9.83201e-05 0.000597698 0.00063576 -0.000109267 -0.0177613 5.53432e-05 -0.00547643 0.00133443 0.00902159 0.00819276 0.000498081 -0.00820924 0.0010551 -0.00868339 -0.0211838 -0.0100193 -0.0119047 -0.0201946 0.0125241 0.01534 -0.00303551 0.00936347 -0.0303732 -0.00698548 -0.000233409 -0.0059966 0.00255741 -0.0151729 9.68455e-05 -0.00869547
internal_weight=45575.1 20574 20542.4 9941.8 90.8659 9850.94 729.155 10600.6 370.591 121.155 9121.78 608 10230 156.788 59.241 542.078 477.937 176.832 319.812 270.816 48.9963 192.422 89.0843 301.105 7117.83 384.844 199.549 185.295 6732.99 138.971
internal_count=44509 18965 18939 5601 51 5550 419 13338 712 68 5131 351 12626 349 130 314 278 103 598 488 110 324 53 175 4004 216 112 104 3788 78
is_linear=0
shrinkage=0.03


Tree=178
num_leaves=31
num_cat=0
split_feature=7 44 41 16 9 31 41 14 21 48 5 31 35 35 42 48 44 15 43 43 40 21 3 5 14 43 3 7 28 8
split_gain=10.5732 17.939 15.3885 16.9567 25.6763 18.4739 14.9442 21.4199 13.7903 16.4873 13.6369 20.8208 32.1319 15.9861 28.5971 22.0861 21.6912 16.1557 19.1191 25.7655 23.33 20.4146 15.7382 14.9418 14.1052 26.6669 21.7694 18.6732 17.2091 21.0396
threshold=31.917650000000005 0.011118680554657165 8.6634500000000028 12.96720537190096 8.7649000000000026 10.20253884297556 8.7337500000000023 6.2647000000000004 -3.7713643697928796 0.35945577779254451 31.832350000000002 17.684471487604267 1.2734823323273867 0.25960645969604051 0.53747452608912993 0.15036325780229032 0.097017782742539291 20.922416613125076 0.39542691351201992 0.46920420005526398 18.448206756533065 0.26233251235903593 9.3995000000000015 32.034850000000006 8.2177500000000023 0.25746522980565539 10.647500000000003 31.874950000000002 21.851000000000003 11.51205
decision_type=10 2 2 2 8 2 2 2 2 2 8 2 2 2 2 2 2 2 2 2 2 2 2 8 2 2 2 10 2 10
left_child=10 -2 -3 4 -4 -5 7 -7 9 -8 -1 12 13 14 17 -15 -17 18 -12 21 -21 -20 -18 -13 25 26 27 -14 -26 -30
right_child=1 2 3 5 -6 6 8 -9 -10 -11 11 23 24 15 -16 16 22 -19 19 20 -22 -23 -24 -25 28 -27 -28 -29 29 -31
leaf_value=7.8903247595969714e-05 -0.0020244674180356997 0.0026241690219644619 -0.0080997886944612456 0.0080226186694545565 0.0011260011516369525 0.011483065202232015 0.0046052665389390611 -0.021331996621867903 0.00039359262123797096 0.028761550226832251 -0.0013204851909269187 -2.5752173385124536e-05 -0.014813129924937753 -0.0017496435409011027 -0.032435091682261066 -0.029159089916011977 0.0012651046751625949 0.018353303929339058 -0.010833588379885781 0.0034359855793708156 -0.019623295582328004 -0.038131840397562483 0.0094011991983443417 0.0061454974652708832 0.0089033258346312254 -0.0047480471747397349 0.0055888324332641912 -0.038334449118906724 -0.022491271556320039 0.0054234322815302225
leaf_weight=22745.884528577328 1899.7218798100948 4022.1544137597084 502.43523573875427 311.79491579532623 588.84696954488754 24.498171955347061 317.13997149467468 60.577297925949097 6075.9920662343502 26.725278496742249 2987.4407146275043 1488.5980122685432 188.41321340203285 958.54665541648865 26.725278496742249 15.58974578976631 412.01471015810966 34.297440737485886 68.149460166692734 146.09818911552429 53.00513568520546 38.75165382027626 444.97588697075844 461.90189668536186 125.16338762640953 1339.8272953033447 38.306232511997223 36.079125970602036 45.432973444461823 50.332607835531235
leaf_count=23799 1586 2871 282 322 938 28 376 43 7188 15 2582 1368 126 739 27 14 232 23 39 115 38 36 267 377 80 887 26 21 33 29
internal_value=-9.67587e-06 0.000682458 0.00111363 0.000345115 -0.00312515 0.000901043 0.00055851 -0.011859 0.000724888 0.00656065 -0.000311595 -0.00130285 -0.00206569 -0.000860739 -0.00209119 0.00139325 0.00484383 -0.00183782 -0.0020536 -0.00918316 -0.00277023 -0.0209909 0.00549565 0.00143807 -0.00548984 -0.00646899 -0.0151916 -0.0187466 0.00161014 -0.00791539
internal_weight=45535.4 13829.9 11930.2 7908.01 1091.28 6816.73 6504.93 85.0755 6419.86 343.865 31705.5 8959.65 7009.15 5185.59 3354.47 1831.13 872.58 3327.74 3293.45 306.004 199.103 106.901 856.991 1950.5 1823.55 1602.63 262.799 224.492 220.929 95.7656
internal_count=44507 13649 12063 9192 1220 7972 7650 71 7579 391 30858 7059 5314 4112 2860 1252 513 2833 2810 228 153 75 499 1745 1202 1060 173 147 142 62
is_linear=0
shrinkage=0.03


Tree=179
num_leaves=31
num_cat=0
split_feature=4 3 23 18 46 4 24 28 22 8 8 32 4 21 24 33 22 44 25 24 34 5 3 22 34 47 4 48 25 25
split_gain=9.63598 9.37862 14.7111 17.2441 20.4439 18.6588 46.9386 45.2949 21.3463 20.6291 32.0746 29.3434 28.0579 18.6852 34.2817 17.2307 17.218 15.8788 23.7951 27.1724 44.0005 26.1705 25.713 38.3849 42.9516 32.4106 23.2406 20.0289 33.5072 29.0438
threshold=29.500150000000001 8.7045000000000012 0.25881904510252057 -1.2746956594384196 0.021709867258160355 19.825800000000005 0.1051661082335764 21.271600000000003 0.60355339059327384 9.4787500000000016 10.361250000000002 21.222350000000002 25.632000000000005 -4.1994689363225675 0.1051661082335764 0.16015407581451199 -1.0000000180025095e-35 0.37591952923795641 -0.80417042486635371 -0.52032787705993211 19.803821694214886 31.43055 9.791500000000001 -0.5 18.880485537190616 13.437900000000001 19.640850000000004 0.18669568299111794 -0.95502570686053045 -0.98801846520836312
decision_type=10 2 2 2 2 10 2 2 2 10 10 2 10 2 2 2 2 2 2 2 2 10 2 2 2 2 10 2 2 2
left_child=1 -1 17 4 -4 13 9 -8 -9 -7 12 16 -11 -6 -15 -16 -12 -3 19 20 -19 -22 -21 24 27 -25 -27 -24 29 -29
right_child=-2 2 3 -5 5 6 7 8 -10 10 11 -13 -14 14 15 -17 -18 18 -20 22 21 -23 23 25 -26 26 -28 28 -30 -31
leaf_value=-0.00089948260318871681 -0.0075542296279107295 0.0010866809316436854 -0.0046173469733178686 -1.6048841748203335e-05 0.025872214447019631 -0.011526320137755907 -0.0061577636665918235 -0.068851497072046325 -0.019621229307067875 0.014569335872494638 -0.025122923978486627 0.0021103273296715318 -0.015437474283909567 -0.027248749108676456 0.0035079823527574112 0.010833482574024944 4.8819624001343606e-05 -0.024036044610707363 0.00024840287114727102 0.00030151747057009115 0.00044951632196740744 -0.013275584311804596 -0.0052965733176392272 0.00090466283520259727 0.0014302558845970901 -0.027979308756437327 -0.005715828944853135 -0.020211293553452504 -0.030093080346690448 -0.0020001563626500423
leaf_weight=8307.1073994040489 150.9978235065937 5888.0242741405964 387.07111689448357 7551.2274392545223 37.860811203718185 96.656423896551132 138.08060556650162 16.035167098045349 16.926009714603424 284.17879468202591 56.123084843158722 4129.9463703632355 30.288648962974548 28.506963729858398 1113.1078493893147 390.18906605243683 42.760445594787598 121.15459585189819 9749.3815956115723 3558.9162531495094 372.81763502955437 187.07694947719574 218.25644105672836 1591.0449131727219 273.04326197504997 45.432973444461823 476.6007998585701 160.35167098045349 117.59122538566589 154.561193972826
leaf_count=6458 339 5086 377 8226 34 127 247 36 38 275 33 3857 17 19 1029 399 33 68 11139 2923 423 105 358 1109 382 102 1070 102 66 89
internal_value=-1.32633e-05 1.19056e-05 0.000215264 0.000969584 0.00206916 0.00247545 0.00154819 -0.01384 -0.0448932 0.0021183 0.00241105 0.00172222 0.0116394 0.00531469 0.00479003 0.00541529 -0.0143463 -0.000256127 -0.000720534 -0.00201855 -0.00771925 -0.00415193 -0.00142885 -0.00345609 -0.0085536 -0.00122454 -0.00770323 -0.0127384 -0.0164729 -0.0113078
internal_weight=45691.3 45540.3 37233.2 14319 6767.73 6380.66 4811 171.042 32.9612 4639.95 4543.3 4228.83 314.467 1569.66 1531.8 1503.3 98.8835 22914.3 17026.2 7276.85 681.049 559.895 6595.8 3036.88 923.804 2113.08 522.034 650.761 432.504 314.913
internal_count=44566 44227 37769 14747 6521 6144 4663 321 74 4342 4215 3923 292 1481 1447 1428 66 23022 17936 6797 596 528 6201 3278 997 2281 1172 615 257 191
is_linear=0
shrinkage=0.03


Tree=180
num_leaves=31
num_cat=0
split_feature=45 8 9 22 11 37 21 3 8 5 25 25 5 36 35 44 20 8 4 8 4 3 35 21 3 22 47 6 9 25
split_gain=12.4635 27.0297 21.881 20.206 17.0381 35.2199 12.8567 57.9714 21.1335 18.9746 18.5323 18.0625 14.8311 18.2224 37.2729 13.7014 12.8404 12.7544 14.0787 13.5337 20.6205 16.2824 13.3762 12.5821 12.1222 16.357 13.5287 11.5196 14.6539 16.9793
threshold=-0.44988080327789592 11.841700000000001 10.896700000000001 0.78656609248549325 23.907250000000001 0.61709570957095716 -0.38333858107198709 10.432500000000003 9.3174500000000027 31.65315 -0.98372925196996197 -0.89787881968372518 31.526750000000003 11.164400000000002 0.33095999738236631 0.040792029628168587 26.821530443686584 9.6375000000000011 22.738450000000004 10.947700000000003 20.842750000000006 8.9265000000000025 0.14073640582438363 1.3242104590582489 10.254500000000002 -0.70710678118654735 9.5682500000000008 13.220150000000002 10.062050000000001 -0.99700296666818056
decision_type=2 10 8 2 2 2 2 2 10 10 2 2 10 2 2 2 2 8 10 10 10 2 2 2 2 2 2 10 10 2
left_child=1 6 3 4 5 -3 11 9 -9 10 23 12 -1 27 -15 -13 -4 18 -11 20 22 -22 -19 -8 25 -16 -27 28 29 -14
right_child=-2 2 16 -5 -6 -7 7 8 -10 17 -12 15 13 14 24 -17 -18 19 -20 -21 21 -23 -24 -25 -26 26 -28 -29 -30 -31
leaf_value=-0.0081031615050351277 -7.9917462980553974e-05 -0.0033688329680725345 0.0062176605152380084 0.0065148908280831842 -0.00095560607406298221 -0.039788193958532059 0.035863071916663831 -0.016033076533120569 -0.061383129812397297 -0.0032535044614841794 -0.0101620344469754 0.0047970726242560048 0.024155370782186325 -0.012734899379807206 0.015066922931234366 -0.019584253820672616 -0.015460567567451343 -0.012364578199531399 -0.032447750439810477 -0.0090124919739761975 -0.0010730689394385378 0.021796883067014057 0.005354430912320283 0.0017214898502044907 0.015539385422643208 -0.020274332150781855 0.0038530819143866623 0.02330922347767302 -0.0010901319964816711 0.0088994103852863739
leaf_weight=57.459348767995834 43497.617859989405 40.978760361671448 136.74434164166451 37.415389895439148 37.415389895439148 57.013927459716797 35.633704662322998 24.052750647068024 15.144324481487272 66.367774933576584 15.58974578976631 39.197075128555298 77.057886332273483 107.34653529524803 54.341399610042572 42.31502428650856 28.952385038137436 60.577297925949097 18.262273639440536 67.258617550134659 40.53333905339241 89.084261655807495 100.66521567106247 13.362639248371122 113.13701230287552 33.852019429206848 51.668871760368347 56.123084843158722 104.22858613729477 434.73119688034058
leaf_count=96 42368 23 244 21 21 32 71 54 25 140 35 37 125 79 32 26 41 49 41 58 43 107 79 30 65 19 35 39 60 406
internal_value=2.80031e-05 0.00230958 -0.00542754 -0.0128644 -0.0182277 -0.0247462 0.00383641 3.62827e-05 -0.0346458 0.00277873 0.0178382 0.00560777 0.00662759 0.00745442 0.00200361 -0.00794385 0.00235977 0.000546685 -0.00985867 0.00302627 0.00583146 0.0146916 -0.00133761 0.0267724 0.00828262 0.00234385 -0.0058213 0.0103694 0.00915461 0.0112391
internal_weight=45554.1 2056.51 338.52 172.823 135.408 97.9927 1717.99 546.532 39.1971 507.335 64.5861 1171.46 1089.95 1032.49 360.346 81.5121 165.697 442.749 84.63 358.119 290.86 129.618 161.243 48.9963 252.999 139.862 85.5209 672.141 616.018 511.789
internal_count=44501 2133 382 97 76 55 1751 732 79 653 136 1019 956 860 230 63 285 517 181 336 278 150 128 101 151 86 54 630 591 531
is_linear=0
shrinkage=0.03


Tree=181
num_leaves=31
num_cat=0
split_feature=43 44 20 6 25 20 4 3 33 9 25 4 24 28 42 4 3 50 24 44 47 16 47 43 18 32 31 9 49 24
split_gain=10.3954 9.32728 15.7473 15.3675 14.7829 14.1526 12.6457 12.4931 9.83172 25.1814 18.0908 15.9926 21.4352 11.0339 24.2687 13.2431 10.7144 9.73738 13.536 20.9561 15.4827 15.4878 15.2871 13.5721 13.184 21.8666 12.8892 18.752 29.2658 29.6113
threshold=-0.032118441314856937 0.011118680554657165 26.821530443686584 7.775500000000001 -0.99052477729077237 22.546463746066948 1.0000000180025095e-35 9.9795000000000016 0.68528307782258813 8.3270500000000016 -0.61915584096709908 16.421000000000003 0.56811179347017271 16.129900000000003 0.24246164494174649 16.670000000000005 9.8115000000000006 31.761550000000003 0.22386011952790016 0.46185878396826413 11.082050000000001 15.717665495867974 14.356015702479775 0.18676429953025706 -2.7681773729372927 18.458425000000002 20.165078925620843 11.032450000000003 32.034450000000007 -0.31799228562170639
decision_type=2 2 2 8 2 2 10 2 2 10 2 10 2 2 2 8 2 2 2 2 2 2 2 2 2 2 2 10 2 2
left_child=-1 2 4 -3 5 -2 7 -6 17 10 11 12 -10 15 -15 -11 -16 18 20 23 -5 -22 -21 24 -20 -26 27 -19 29 -29
right_child=1 3 -4 8 6 -7 -8 -9 9 13 -12 -13 -14 14 16 -17 -18 26 19 22 21 -23 -24 -25 25 -27 -28 28 -30 -31
leaf_value=0.010694568668725975 0.03681592814765805 0.0061720643843491537 0.015960553162450979 0.0039046913978709069 0.0015508224578053256 -0.00054161656977050874 -0.0021017692940752679 -0.03187317560551034 0.056615558869871352 -0.0089575652950747032 -0.027801968167723873 0.0052855685655559754 0.001060262680879785 0.018801223878083122 -0.018885735010029048 -0.029839826257600458 -0.0036552195430811802 0.00019634673004343859 -0.027124620380195568 7.3013857181158018e-05 0.027195310772542686 -0.0010899309476690427 -0.019557512038972602 -0.034166157718441878 -0.010356942730264759 0.019420368146617909 0.0014653885320529006 -0.0038270310561263703 0.0042577146198946531 -0.020121724042269685
leaf_weight=80.621256798505783 16.035167098045349 368.80884325504303 43.205866903066635 648.53342485427856 16.480588406324387 19.598537564277649 2411.5109630227089 24.498171955347061 13.362639248371126 114.02785491943359 10.690111398696898 86.857155114412308 11.135532706975935 35.633704662322998 55.232242226600647 35.633704662322998 162.13335621356964 26866.031630158424 32.070334196090698 505.55318489670753 16.480588406324387 5369.9992926120758 37.415389895439148 21.380222797393799 173.26888892054558 24.498171955347061 6704.9269535243511 1195.5107914209366 379.49895465373993 108.68279922008514
leaf_count=181 33 207 91 364 34 41 2246 40 27 64 15 195 16 20 31 20 91 22912 69 799 37 6998 84 30 296 49 8561 671 213 61
internal_value=-2.17004e-06 -2.13545e-05 -0.00179068 8.28962e-05 -0.00210521 0.0168154 -0.00238686 -0.0187142 3.00463e-05 -0.00404722 0.00784574 0.0114849 0.0323951 -0.00766245 -0.00381701 -0.0140946 -0.00759403 8.0977e-05 -0.00095577 -0.00463501 -0.000470907 -0.000998357 -0.00131317 -0.011781 -0.00955967 -0.00658917 0.000281827 3.82543e-06 -0.00306646 -0.0051993
internal_weight=45589.3 45508.7 2531.33 42977.4 2488.12 35.6337 2452.49 40.9788 42608.6 524.706 122.045 111.355 24.4982 402.661 252.999 149.662 217.366 42083.9 6829.2 794.186 6035.01 5386.48 542.969 251.218 229.837 197.767 35254.7 28549.7 1683.69 1304.19
internal_count=44496 44315 2485 41830 2394 74 2320 74 41623 479 253 238 43 226 142 84 122 41144 8726 1327 7399 7035 883 444 414 345 32418 23857 945 732
is_linear=0
shrinkage=0.03


Tree=182
num_leaves=31
num_cat=0
split_feature=36 18 7 7 39 15 47 29 8 21 18 15 8 42 42 22 48 21 4 22 8 47 21 21 22 21 35 35 22 48
split_gain=11.6082 12.896 10.7552 12.6608 15.1845 26.7418 15.7799 12.4408 29.3525 19.6423 14.3393 14.6285 14.0586 13.7382 12.73 11.5006 11.3823 10.195 9.89187 8.88673 8.76309 8.7282 12.9494 11.7108 10.9093 9.53237 10.5408 8.72349 8.65503 17.07
threshold=10.027700000000003 -4.3038007986798652 31.713650000000005 32.060850000000009 0.97616389678571824 20.005289082508256 9.2414500000000022 13.199211157024797 11.753150000000002 -2.7668748132073575 -5.0374517755775559 19.27987677227723 9.3929000000000027 0.45633867804821787 0.4702349367477987 -0.78656609248549292 0.33283828382838287 -4.0335555673615451 29.727150000000005 0.78656609248549325 9.5564500000000017 10.795900413223171 -1.4337893892038929 -2.5543908557811723 -0.98296291314453399 -0.80920745750616063 0.84225696782922832 3.009046273661423 0.91597561503675362 0.23886747735176209
decision_type=2 2 8 10 2 2 2 2 10 2 2 2 8 2 2 2 2 2 10 2 10 2 2 2 2 2 2 2 2 2
left_child=1 -1 -2 7 6 20 -5 8 10 -9 16 12 19 -10 -11 -14 -4 -13 28 -12 -6 24 23 -23 -8 -24 -27 -17 -3 -30
right_child=2 18 3 4 5 -7 21 9 13 14 11 17 15 -15 -16 27 -18 -19 -20 -21 -22 22 25 -25 -26 26 -28 -29 29 -31
leaf_value=-0.021362735816196167 -0.023506677323139664 -0.00015927752600308363 -0.024624831349207458 -0.018774711716325023 -0.013714924968883789 0.019906682899524988 0.021095626953779877 0.024042345723664284 -0.032281969044579785 -0.016783255409352181 -0.017177004795430103 -0.012196860666493439 -0.0020799398704849704 -0.002954498129591985 0.0091737218410643077 0.025524111657955196 0.0056611652410744713 0.009918915124479467 -0.010371134861469664 0.017159564801634573 0.00662128370221638 -0.0027676858906522774 0.012254787718384163 -0.024258533707411212 0.0012952537352586241 -0.016039269439246873 0.0036921281772655697 0.0010664711287922198 0.00010653155701854696 0.0039166114580010273
leaf_weight=24.498171955347061 12.917217940092085 38692.412786275148 20.043958872556686 42.31502428650856 40.087917745113373 89.084261655807495 25.834435880184174 79.284992873668671 25.389014571905136 19.598537564277649 17.371431022882465 36.524547278881073 20.043958872556686 32.070334196090698 97.547266513109207 102.00147959589958 23.161908030509949 36.524547278881073 81.957520723342896 9.7992687821388227 34.742862045764923 46.323816061019897 44.987552136182785 44.542130827903748 378.16269072890282 39.642496436834335 60.131876617670059 15.144324481487272 3974.4943337738514 1441.3833535909653
leaf_count=34 20 37772 33 29 30 53 19 52 27 38 39 22 33 18 57 154 13 43 184 19 21 59 26 28 321 41 51 19 4477 809
internal_value=5.11716e-05 -3.38181e-05 0.00274635 0.00300887 0.000722715 0.008892 -0.00125105 0.00661859 0.00311353 0.0126048 0.00712076 0.0100111 0.0149504 -0.0162437 0.00472581 0.0188326 -0.00862825 -0.00115435 -2.15107e-05 -0.00462379 -0.00431031 -6.42547e-05 -0.00464174 -0.0134518 0.00261039 0.000942622 -0.00422894 0.0223981 -2.04538e-06 0.00112108
internal_weight=45608 44214.7 1393.28 1380.36 845.855 163.915 681.94 534.506 338.075 196.431 280.615 237.41 164.36 57.4593 117.146 137.19 43.2059 73.0491 44190.2 27.1707 74.8308 639.625 235.628 90.8659 403.997 144.762 99.7744 117.146 44108.3 5415.88
internal_count=44541 43276 1265 1245 678 104 574 567 420 147 375 329 264 45 95 206 46 65 43242 58 51 545 205 87 340 118 92 173 43058 5286
is_linear=0
shrinkage=0.03


Tree=183
num_leaves=31
num_cat=0
split_feature=49 24 24 40 4 9 47 24 22 22 24 24 6 11 39 8 22 25 39 25 21 24 37 40 34 49 25 39 23 25
split_gain=8.07992 11.162 15.2548 27.6139 22.7227 12.1321 9.43318 23.8042 17.6212 13.4803 9.90911 9.64695 9.39081 9.1662 9.0541 13.2974 8.36768 19.8351 17.1731 34.1196 19.5476 14.283 20.4955 13.9586 14.8536 14.428 12.7471 11.7693 14.1855 11.1601
threshold=30.263950000000005 -0.78856175031405207 -0.60554068365937697 24.869797839531284 28.868000000000006 11.611250000000002 24.444998760330851 -0.68430824382591204 0.78656609248549325 -0.70710678118654735 -0.64578423485557612 -0.94705910369513524 19.459550000000004 27.347450000000006 0.94300040301059818 20.548150000000003 0.91597561503675362 -0.99700296666818056 0.98378789878987905 -0.98521978256641018 -1.3189365830190123 -0.90893996196865023 0.26035021683981457 16.855715810495443 12.856516942148927 31.930450000000004 -0.98212955754013376 0.89696535198074268 1.0000000180025095e-35 -0.93845867424155849
decision_type=2 2 2 2 10 10 2 2 2 2 2 2 10 2 2 10 2 2 2 2 2 2 2 2 2 2 2 2 2 2
left_child=1 -1 4 -4 5 -3 11 -8 9 10 -9 12 -2 -5 -10 -16 -13 27 21 23 26 22 -19 24 -20 -25 -21 -18 -29 -23
right_child=6 2 3 13 -6 -7 7 8 14 -11 -12 16 -14 -15 15 -17 17 18 19 20 -22 29 -24 25 -26 -27 -28 28 -30 -31
leaf_value=-0.00016647119039728031 0.004962553727646102 0.02915366439879433 0.0059997591451064584 -0.007985922815289313 0.0011706267347447973 0.0014471144053029056 -0.00080054525506270842 0.0056548299480525706 -0.0052899291706391014 0.0012091365488407534 -0.022784639748962419 -0.00029492070947373774 0.0002727421881532306 -0.045224428944859479 -0.048664557949345232 -0.0051529340683979952 -0.0015036424130237867 -0.00086801553298572064 -0.012186222933057711 0.022905101317569527 -0.0056946442573969054 0.0049184116701223952 -0.046545011896874246 -0.011186058084037076 -0.03603082435722333 0.026816421279896262 0.0020062816030485204 0.0020342838323249347 0.017971933928026474 0.00085021399414408698
leaf_weight=420.47771501541138 665.01401326060295 71.712830632925034 132.29012855887413 11.580954015254976 72.603673249483109 17.816852331161499 842.7371152639389 13.362639248371122 11.135532706975935 76.167043715715408 53.895978301763535 37009.165662288666 908.65946888923645 12.471796631813048 23.161908030509949 8.9084261655807477 77.057886332273483 25.834435880184174 55.677663534879684 26.725278496742249 395.97954306006432 750.08948314189911 12.471796631813048 44.09670951962471 41.869602978229523 10.24469009041786 506.44402751326561 79.730414181947708 136.29892033338547 3164.2729740142822
leaf_count=944 1493 149 123 17 163 10 1892 30 25 171 121 32535 2040 28 52 20 68 58 38 18 424 640 28 90 43 14 420 68 120 2646
internal_value=-6.45363e-05 0.00304486 0.00727197 0.000571896 0.0136896 0.0237168 -0.000115732 -0.00295311 -0.012617 -0.00745201 -0.0171343 -4.91502e-05 0.00225649 -0.0283292 -0.0292061 -0.0370993 -0.000134905 0.000976693 0.000534139 -0.00281484 -0.000653155 0.00145055 -0.0165454 -0.0159477 -0.0226827 -0.00366655 0.00309476 0.00854979 0.0121263 0.00163084
internal_weight=45678 738.954 318.476 156.343 162.133 89.5297 44939 1029.37 186.632 143.426 67.2586 43909.6 1573.67 24.0528 43.2059 32.0703 42336 5326.79 5033.71 1081.04 929.149 3952.67 38.3062 151.889 97.5473 54.3414 533.169 293.087 216.029 3914.36
internal_count=44488 1434 490 168 322 159 43054 2311 419 322 151 40743 3533 45 97 72 37210 4675 4419 1047 862 3372 86 185 81 104 438 256 188 3286
is_linear=0
shrinkage=0.03


Tree=184
num_leaves=31
num_cat=0
split_feature=35 37 23 23 3 5 21 46 25 14 7 48 48 24 35 12 40 7 24 8 34 34 5 22 8 33 3 36 35 9
split_gain=9.04494 15.369 13.6376 23.9 20.1582 14.3134 13.0782 12.2439 14.7211 14.8917 14.4624 15.9125 18.3365 12.3427 11.152 14.0087 11.9492 9.7972 14.9482 15.1561 12.8845 12.3965 11.5867 14.9909 17.7737 11.5739 12.8087 10.5566 10.4093 22.8452
threshold=0.01923366237151462 0.2126638027438898 -0.70710678118654757 0.78656609248549303 8.2445000000000004 30.586450000000003 -4.1994689363225675 0.059168430335152226 -0.98932651372861458 7.2086000000000015 31.747350000000001 0.32843489046891278 0.34305158703789845 0.46514529268026444 0.014405103262386093 10.910985537190317 17.55908751290206 31.917650000000005 0.30675521904633613 9.1390000000000011 13.600008057851761 13.745676446281404 31.696350000000006 -0.5 9.3929000000000027 0.15514241441344703 10.339500000000003 6.7783500000000005 3.5212545773919675 9.9428000000000019
decision_type=2 2 2 2 2 10 2 2 2 2 10 2 2 2 2 2 2 10 2 10 2 2 8 2 10 2 2 2 2 8
left_child=1 6 5 4 -4 -3 -1 8 -6 -10 11 13 -13 -9 -7 -16 -17 18 19 25 -20 -22 -23 -24 -25 27 -27 -2 -21 -30
right_child=17 2 3 -5 7 14 -8 10 9 -11 -12 12 -14 -15 15 16 -18 -19 20 28 21 22 23 24 -26 26 -28 -29 29 -31
leaf_value=0.017424182574779692 0.0012820206466829386 -0.033931350333019084 -0.038519624545378377 0.0019418892040712434 -0.032502286412882574 0.0044195215243098109 -0.0003312717983156677 -0.0010519797638102002 -0.011206761594927138 0.010661737971543954 0.0040199537273184482 -0.0319970776522304 -0.0036411777288248982 -0.025915493892485958 0.0043619119956386163 -0.035025862403132296 -0.0060819460455661788 0.0010248950702250576 -0.0013184497304082993 0.00014582176680624922 -0.029365281466467556 -0.017804316528470157 0.019847242286166831 0.0026545474219755037 -0.036049389376800745 0.018683648467173485 -0.0022614316673989564 0.011485874229903997 -0.033837713632436046 -0.00019039932734692591
leaf_weight=36.524547278881073 653.87848055362701 9.3538474738597852 17.816852331161499 310.45865187048912 25.834435880184174 338.07477298378944 7438.5358482599258 204.89380180835724 329.16634681820869 29.843227654695511 146.54361042380333 42.760445594787598 39.197075128555298 18.707694947719574 52.559714376926422 20.043958872556686 34.297440737485886 10295.913540869951 4529.4892838895321 20474.235856354237 24.498171955347061 47.214658677577972 24.498171955347061 37.860811203718185 13.80806055665016 88.19341903924942 36.96996858716011 105.11942875385284 24.943593263626099 60.577297925949097
leaf_count=73 445 12 10 268 25 258 7295 232 235 34 128 24 22 36 34 15 35 10155 4190 20490 25 100 31 52 19 69 35 89 14 85
internal_value=2.98294e-05 -0.000816416 -0.00346495 -0.00518273 -0.00776971 0.000942374 -0.000242196 -0.00706992 -0.0109978 -0.00936434 -0.0037095 -0.0074175 -0.0186429 -0.00323832 0.0017499 -0.00665551 -0.017198 0.000241182 -6.77519e-05 0.000267437 -0.00160419 -0.0102887 -0.00629533 0.000977162 -0.00817682 0.00411115 0.0125281 0.00270848 0.000101949 -0.0102819
internal_weight=45511.8 9094.61 1619.55 1165.22 854.763 454.33 7475.06 836.947 384.844 359.01 452.103 305.559 81.9575 223.601 444.976 106.901 54.3414 36417.2 26121.3 21443.9 4677.37 147.88 123.382 76.167 51.6689 884.161 125.163 758.998 20559.8 85.5209
internal_count=44535 8736 1368 1014 746 354 7368 736 294 269 442 314 46 268 342 84 50 35799 25644 21227 4417 227 202 102 71 638 104 534 20589 99
is_linear=0
shrinkage=0.03


Tree=185
num_leaves=31
num_cat=0
split_feature=47 5 7 43 19 20 33 7 21 23 48 45 31 48 32 8 40 35 7 47 8 35 19 19 22 40 8 40 22 47
split_gain=10.0768 11.8104 10.4099 12.2783 11.3481 13.7617 10.1459 12.9132 18.2232 24.9076 34.6971 17.5901 15.9737 23.9404 25.768 24.4063 18.8853 18.144 18.077 14.9599 21.0929 18.8635 17.3754 27.1557 27.02 23.1085 22.1992 15.217 14.8298 13.8161
threshold=7.1629000000000014 31.819850000000006 31.843850000000007 -0.010082081332302872 0.13703765458362629 26.821530443686584 0.010160253445414363 32.047450000000005 -3.5324698590815005 0.91597561503675351 0.26059871087779929 -0.57502559648062068 21.793050000000004 0.14400231054220547 14.040375000000003 8.7515500000000017 24.202791930960498 1.2493990620070845 32.073750000000011 8.6984500000000029 8.6594500000000014 0.016282297845834657 4.2504302006105545 4.7724384455445561 1.0000000180025095e-35 16.5684661332503 11.564050000000002 10.572482329668073 -0.5 9.199250000000001
decision_type=2 10 8 2 2 2 2 8 2 2 2 2 2 2 2 10 2 2 10 2 10 2 2 2 2 2 10 2 2 2
left_child=1 -1 3 -2 5 -4 -6 8 9 19 -11 28 13 14 -9 -16 -14 -15 -19 20 -8 -22 27 -24 25 26 -25 -21 -10 -26
right_child=2 -3 4 -5 6 -7 7 12 11 10 -12 -13 16 17 15 -17 -18 18 -20 22 21 -23 23 24 29 -27 -28 -29 -30 -31
leaf_value=-0.015410398037798848 0.01417120157181685 -0.0019995654278477416 -0.0012625033640184728 -0.0008697724944647042 0.0013302956886832621 0.019145096684888271 0.0081214828050264476 -0.00089890120214727539 -0.0018060540032111638 -0.003656376089715785 -0.032474992122743858 0.0017391867515086149 0.005818137972930233 -0.00087958686146299525 0.0096123719345800728 0.0015834022237909127 -0.00044449721390157849 -0.0061000205327145125 0.00030763506218927348 -0.011771484349882256 0.0033300846508057748 -0.018880804919080469 -0.021084538834294023 -0.00510010673542076 -0.008636575303692379 0.0044762898203016127 -0.035910331517633939 0.012121391098932401 0.020060651376992443 0.0097612553083692433
leaf_weight=76.612465023994446 48.105501294136047 249.43593263626099 4238.6291695833206 9347.1661542356014 9783.2336150407791 28.952385038137436 60.577297925949097 4790.9515918493271 40.978760361671448 122.49085977673531 53.450556993484497 5234.5912148952484 787.95029434561729 3693.8789095580578 396.42496436834335 2393.6941106915474 961.21918326616287 1497.951859742403 538.51436170935631 26.725278496742249 48.105501294136047 117.59122538566589 53.895978301763535 46.769237369298935 42.760445594787598 65.476932317018509 37.860811203718185 185.29526424407959 85.520891189575195 233.40076553821564
leaf_count=43 108 140 5763 11403 8329 59 34 3067 62 98 30 4114 1064 2566 635 3211 1480 900 501 15 27 66 34 36 24 51 22 152 120 182
internal_value=5.86805e-05 -0.00518823 9.68436e-05 -0.00079126 0.000331459 -0.0011196 0.000529336 0.0001651 0.00128756 -0.00223882 -0.0125455 0.00200771 -0.000316078 -0.000670289 0.000435827 0.00272721 0.00237835 -0.00213347 -0.00440629 -0.000252972 -0.00693204 -0.0124512 0.00193726 -0.00122394 0.00133065 -0.00887823 -0.019142 0.00906856 0.0130185 0.00689168
internal_weight=45288.2 326.048 44962.2 9395.27 35566.9 4267.58 31299.3 21516.1 6455.49 1094.4 175.941 5361.09 15060.6 13311.4 7581.07 2790.12 1749.17 5730.35 2036.47 918.459 226.274 165.697 692.185 480.164 426.268 150.107 84.63 212.021 126.5 276.161
internal_count=44336 183 44153 11511 32642 5822 26820 18491 5067 771 128 4296 13424 10880 6913 3846 2544 3967 1401 643 127 93 516 349 315 109 58 167 182 206
is_linear=0
shrinkage=0.03


Tree=186
num_leaves=31
num_cat=0
split_feature=22 25 3 23 25 4 33 21 16 25 3 21 5 42 9 9 43 34 25 25 18 41 31 4 3 18 9 3 41 48
split_gain=8.691 19.0322 14.8032 16.961 14.1153 41.5612 19.5777 11.682 10.5716 43.2984 10.5519 9.99746 19.1351 9.93223 20.2064 18.5683 17.2282 16.2483 16.189 25.4533 11.902 23.7476 29.6773 26.0993 31.8419 14.5275 15.5088 14.4505 26.4294 20.57
threshold=0.91597561503675362 -0.99628250747696534 9.3155000000000019 1.0000000180025095e-35 -0.99052477729077237 22.544650000000001 0.17061557666285934 1.0976517514795534 26.200550000000003 -0.71502926860092908 10.813500000000003 -4.0335555673615451 31.914450000000006 0.57995731918329685 11.695550000000003 12.367650000000003 0.30126399009822596 14.475380260420591 -0.90892157495189674 -0.89404254237865755 -3.4411098316831654 11.852550000000003 18.631168595041803 23.886200000000006 9.9405000000000019 -3.859099257425743 12.532500000000001 10.921500000000002 10.208300000000003 0.19888918422043553
decision_type=2 2 2 2 2 10 2 2 2 2 2 2 10 2 10 10 2 2 2 2 2 2 2 10 2 2 8 2 2 2
left_child=13 2 -2 7 5 6 -3 -4 11 -10 -7 12 -6 20 16 18 -15 -18 -16 -20 21 22 27 24 -23 -25 -27 -1 29 -29
right_child=1 4 3 -5 8 10 -8 -9 9 -11 -12 -13 -14 14 15 -17 17 -19 19 -21 -22 23 -24 25 -26 26 -28 28 -30 -31
leaf_value=0.0011027380159805624 -0.0041273023965867003 -0.042278106847497957 -0.00503536821946007 0.018216603355538961 0.020934947412569502 0.01203719756390647 -0.012114897160205548 0.019027691380688827 -0.035944394481712591 0.0016502231698652004 -0.0095267044423197108 0.0010151903545237209 -0.0030958034041987516 0.018105278332773037 0.00281518422439966 0.0050384558180531945 -0.016413327118822454 0.0032381149730628155 -0.030905144816937832 -0.0065510841805480014 -0.00017299724573119736 -0.04109360896457051 -0.025849113263781615 0.0052785961826330606 -0.004701949192673068 -0.024282048155623324 -3.6237576925382452e-05 0.0049293718370981869 0.012101432227373296 -0.039537108405304375
leaf_weight=874.36202815175056 65.476932317018509 28.506963729858398 65.031511008739471 145.65276780724525 63.249825775623322 71.267409324645996 60.131876617670059 24.052750647068024 34.297440737485886 125.60880893468857 27.616121113300323 4829.7032456696033 55.232242226600647 67.704038858413696 81.957520723342896 137.18976294994354 37.860811203718185 1510.4236563742161 51.668871760368347 147.87987434864044 36416.309900969267 46.769237369298935 40.53333905339241 76.612465023994446 40.087917745113373 46.769237369298935 47.214658677577972 12.917217940092085 23.607329338788986 31.179491579532623
leaf_count=850 60 34 56 129 64 40 36 27 77 237 56 4669 31 38 46 77 22 1018 29 83 36310 33 25 67 27 27 82 29 23 43
internal_value=-5.07303e-06 0.00110166 0.00843702 0.0119443 0.000684292 -0.00737751 -0.0221791 0.00160076 0.000981633 -0.00658652 0.00597976 0.00122749 0.00980049 -0.000161129 0.00187994 -0.00398684 0.00340153 0.00274729 -0.00838751 -0.0129797 -0.000271461 -0.00316054 -0.00103111 -0.0112523 -0.0245422 -0.00438236 -0.0122303 6.29839e-05 -0.0131855 -0.0266911
internal_weight=45286.9 5595.83 300.214 234.737 5295.61 187.522 88.6388 89.0843 5108.09 159.906 98.8835 4948.19 118.482 39691 2034.68 418.696 1615.99 1548.28 281.506 199.549 37656.4 1240.05 982.599 257.454 86.8572 170.596 93.9839 942.066 67.704 44.0967
internal_count=44345 5516 272 212 5244 166 70 83 5078 314 96 4764 95 38829 1313 235 1078 1040 158 112 37516 1206 970 236 60 176 109 945 95 72
is_linear=0
shrinkage=0.03


Tree=187
num_leaves=31
num_cat=0
split_feature=43 39 23 44 25 49 8 18 18 25 32 21 47 25 39 35 19 31 25 11 25 21 47 42 25 18 21 21 23 47
split_gain=9.92443 9.26838 12.3933 13.4178 19.3596 20.761 20.5264 30.3385 14.2595 13.5906 26.7771 23.505 33.1254 25.3729 27.033 29.1869 25.7649 24.2782 22.0473 39.2083 20.1004 23.3724 28.9609 19.4556 17.2291 29.6397 18.8067 16.6504 29.2609 15.8249
threshold=-0.032118441314856937 0.86825255911729793 0.25881904510252057 0.42615825568685656 -0.78324956448884031 32.034450000000007 10.014850000000001 -1.6761892244224403 -2.8724210924092399 -0.97874870457683594 17.669500000000003 1.2884662274681029 12.888100000000001 -0.97315270831292444 0.95739794573516768 1.2279118155429551 4.1005086897689784 19.791704132231985 -0.95502570686053045 26.238750000000007 -0.95242240592625282 -1.2415534674272981 8.9288500000000024 0.37834621448071676 -0.98801846520836312 -4.1299074686468638 0.57666046753781341 -0.53457747776768005 -0.60355339059327384 10.42135330578512
decision_type=2 2 2 2 2 2 10 2 2 2 2 2 2 2 2 2 2 2 2 2 2 2 2 2 2 2 2 2 2 2
left_child=-1 -2 3 -3 5 9 7 -7 -6 10 -5 13 -13 14 -11 -16 20 18 -18 -20 21 -15 -23 27 25 -12 -26 -24 -29 -27
right_child=1 2 -4 4 8 6 -8 -9 -10 11 24 12 -14 16 15 -17 17 -19 19 -21 -22 22 23 -25 26 29 -28 28 -30 -31
leaf_value=0.010828632054634239 -0.00065986085699705661 0.001106105127976064 0.0010250724079350179 -0.034303704126838849 0.0079953224385356202 -0.054915190620511069 0.0058693404659872252 -0.0022418158387645117 8.2780215510777562e-05 -0.0051779591324485176 -0.038891380094055947 0.0060887723809851576 -0.017271568482160819 0.017908166922750018 -0.036844558815079115 -0.0045415346077897455 0.001826632584161136 -0.0016404229089194181 -0.028121160782079942 -0.0085795940533438565 -0.0032506998208491874 0.0084327809436969929 -0.0013287320616757574 0.0024678219434776209 0.0063909385577525573 -0.0044397134033378957 -0.010163891473103264 -0.04831523674590435 -0.00037916848071982759 0.0026511930340918618
leaf_weight=75.276201099157333 13524.772604584694 5259.9802294671535 12271.802464395761 19.598537564277649 209.34801489114761 11.135532706975935 470.81032285094261 52.559714376926422 8035.8458226621151 153.22493004798889 18.262273639440536 396.42496436834335 62.358983159065247 85.966312497854233 66.813196241855621 40.53333905339241 83.293784648180008 316.24912887811661 137.63518425822258 281.50626683235168 1896.1585093438625 174.60515284538269 27.616121113300323 62.804404467344284 502.43523573875427 652.09679532051086 69.485724091529846 29.843227654695511 18.262273639440536 499.31728658080101
leaf_count=169 11065 4588 12917 11 182 16 265 37 9512 146 23 350 140 112 75 31 85 182 99 158 2244 98 32 114 438 366 105 46 35 842
internal_value=1.64052e-05 -1.74802e-06 0.000277234 -0.00019021 -0.000664617 -0.00194145 0.00370252 -0.0121569 0.000284627 -0.00248125 -0.000299543 -0.00348329 0.00288292 -0.00434941 -0.0133262 -0.0248016 -0.0035942 -0.00816024 -0.0122526 -0.0150482 -0.00196272 0.00414944 0.000327166 -0.00987677 0.000102579 -0.00198369 0.00436537 -0.0200142 -0.0304956 -0.00136507
internal_weight=45506 45430.7 31906 19634.2 14374.2 6129 534.506 63.6952 8245.19 5594.49 1761.2 3833.3 458.784 3374.51 260.571 107.347 3113.94 818.684 502.435 419.141 2295.26 399.097 313.131 138.526 1741.6 1169.68 571.921 75.7216 48.1055 1151.41
internal_count=44483 44314 33249 20332 15744 6050 318 53 9694 5732 1785 3947 490 3457 252 106 3205 524 342 257 2681 437 325 227 1774 1231 543 113 81 1208
is_linear=0
shrinkage=0.03


Tree=188
num_leaves=31
num_cat=0
split_feature=21 9 8 19 4 3 24 19 8 3 8 24 31 4 8 3 23 18 46 31 33 42 33 47 24 42 4 24 25 24
split_gain=8.97763 15.6206 15.3296 25.3812 22.2085 16.1522 13.5918 13.0512 14.3025 13.6943 11.5516 10.967 11.0138 9.5996 9.02958 8.20127 12.0274 15.562 11.3932 18.3588 16.2529 16.0189 16.48 11.6191 26.2757 28.3151 24.0679 38.4673 23.3494 29.2311
threshold=2.7954867803297154 10.245950000000002 11.621050000000002 3.4978570871443906 16.310500000000001 9.5775000000000023 0.1051661082335764 3.7499907919151885 9.4787500000000016 9.0385000000000009 22.979650000000003 0.019350803001866129 16.505750000000003 29.500150000000001 9.4401500000000009 8.7045000000000012 0.25881904510252057 -1.2746956594384196 0.021709867258160355 10.709700000000002 0.16015407581451199 0.25100549851962933 0.81703773903045829 11.657950000000001 0.019350803001866129 0.33131080093820903 24.509250000000005 -0.25309334970420783 -0.98521978256641018 -0.10088855117215338
decision_type=2 8 10 2 8 2 2 2 8 2 8 2 2 10 10 2 2 2 2 2 2 2 2 2 2 2 10 2 2 2
left_child=10 -2 3 4 -3 -6 7 -5 -9 -10 13 -7 14 15 -13 -1 -17 18 -18 20 -20 -21 23 28 26 -26 -25 -28 29 -23
right_child=1 2 -4 6 5 11 -8 8 9 -11 -12 12 -14 -15 -16 16 17 -19 19 21 -22 22 -24 24 25 -27 27 -29 -30 -31
leaf_value=-0.00078300023042491705 0.024065890767348306 0.001600606865467263 -0.00043750840952153162 0.023447973922789543 -0.01216829131701967 -0.013481997089289516 -0.02087620218845334 -0.018391256725897379 -0.0066869583591223662 0.020862779844876826 0.0058779046665173862 -0.046475565166488556 -0.062468480423135374 -0.0077597135606492264 -0.012600771815327427 -0.00015900030667296295 -0.0030469536574867341 1.1496847889265917e-05 0.0041851700049400737 0.011722232805429247 0.015237872507892112 -0.010778995429384798 -0.015234972866244725 0.0094452654949888602 0.0073260165068045058 -0.016394467785580298 0.00033341960032930591 -0.038868519338516837 0.0046037648786536999 0.0016377824328649873
leaf_weight=8030.9461882710457 17.816852331161499 47.66007998585701 528.71509292721748 25.834435880184174 72.158251941204071 19.598537564277649 20.489380180835724 26.725278496742249 31.179491579532623 32.070334196090698 308.23154532909393 13.362639248371126 14.698903173208235 139.86229079961777 16.035167098045349 22165.055142581463 377.71726942062378 7376.1768651008606 418.25060847401619 141.64397603273392 167.47841191291809 210.23885750770569 51.22345045208931 269.03447020053864 62.358983159065247 159.90624967217445 1725.5621482729912 21.825644105672836 2209.2896890640259 886.83382478356361
leaf_count=6126 10 107 818 34 108 44 40 60 46 66 665 30 21 314 18 21835 350 7785 417 228 184 118 49 604 140 359 1999 49 1363 545
internal_value=4.10639e-05 -0.00298192 -0.00357751 -0.00875103 -0.0160036 -0.0221461 0.00105937 0.00508577 -0.000386331 0.00738922 9.96903e-05 -0.0330869 -0.041308 5.94577e-05 -0.0290208 8.43336e-05 0.000276541 0.000962263 0.00200861 0.00231102 0.00736607 0.0017938 0.00154046 0.00169815 2.91177e-05 -0.00973642 0.00110984 -0.000178181 0.00282787 -0.000749371
internal_weight=45588 866.344 848.528 319.812 183.514 135.853 136.299 115.81 89.9751 63.2498 44721.6 63.6952 44.0967 44413.4 29.3978 44273.5 36242.6 14077.5 6701.36 6323.65 585.729 5737.92 5596.27 5545.05 2238.69 222.265 2016.42 1747.39 3306.36 1097.07
internal_count=44532 1402 1392 574 328 221 246 206 172 112 43130 113 69 42465 48 42151 36025 14190 6405 6055 601 5454 5226 5177 3151 499 2652 2048 2026 663
is_linear=0
shrinkage=0.03


Tree=189
num_leaves=31
num_cat=0
split_feature=33 19 3 9 25 5 8 19 22 24 11 6 8 19 35 48 8 47 24 4 21 5 4 24 6 44 24 36 3 24
split_gain=10.6233 14.5117 13.3958 19.0882 33.451 21.0733 18.4614 15.7748 14.4786 17.9297 41.9208 17.3906 15.3019 13.4089 13.266 14.6831 13.1845 12.6519 16.9536 17.7511 12.5925 17.6943 15.6375 12.5725 27.3399 19.4805 17.8324 32.8636 20.9874 22.3483
threshold=0.015445776124087993 0.21371707034337731 9.2725000000000026 14.578350000000002 -0.76696334127844745 29.711350000000003 13.685050000000002 3.8194705084682767 -0.70710678118654735 0.27383534524298775 20.890400000000003 13.220150000000002 9.3929000000000027 6.3943662376237631 0.90368744762777342 0.31028307528739457 10.090650000000002 21.706150000000004 -0.70898476237405783 26.743700000000004 2.4684444929868001 31.759950000000003 21.456850000000003 -0.61237985104942771 12.756100000000002 0.072604506893063706 -0.55657520495441892 5.2915892561978266 9.3895000000000017 -0.31799228562170639
decision_type=2 2 2 8 2 10 10 2 2 2 2 10 8 2 2 2 8 2 2 10 2 10 10 2 8 2 2 2 2 2
left_child=1 -1 3 6 5 -5 13 -8 20 10 -10 -11 -12 -2 15 -9 -6 -3 -19 -20 21 -7 -22 -4 25 -25 27 -26 -28 -30
right_child=2 17 23 4 16 8 7 14 9 11 12 -13 -14 -15 -16 -17 -18 18 19 -21 22 -23 -24 24 26 -27 28 -29 29 -31
leaf_value=-0.0010077381024702653 -0.0017530674872237664 0.0011438052705639199 0.0015466599770291452 0.041760706755830171 -0.0097588585648910875 -0.0028381597162808461 -0.0031024705226685989 -0.031118320298928137 0.038829093839604249 0.0036830588486952368 -0.023508749506850616 -0.024377381978075346 0.0092284561398142308 0.0041665363834733219 -0.00030973096668038226 -0.011032803271629707 -0.00075335628769238744 0.00072741034448722537 -0.0013388288501356967 -0.013463465376489209 0.0091673597532620065 0.019134430512326474 -0.037395067264075141 -0.00097177029337009574 -0.0011486366420792296 0.002822700354374636 0.0046044633659211498 -0.01551539311443024 0.0012674908179189865 -0.0027541363700287294
leaf_weight=4747.7457249462605 6141.4689985513687 13935.896472126245 3796.7712317705154 13.362639248371122 182.62273639440536 174.15973153710365 760.33417323231697 37.415389895439148 44.09670951962471 211.12970012426376 12.471796631813048 20.934801489114761 307.34070271253586 363.90920886397362 85.520891189575195 244.98171955347061 721.13709810376167 714.90119978785515 243.6454556286335 195.53995433449745 9.7992687821388262 39.642496436834335 16.480588406324387 2056.510180324316 385.73485296964645 2982.986501544714 525.15172246098518 227.16486722230911 1721.5533564984798 4473.8116203546524
leaf_count=6897 3471 10875 4846 30 410 391 438 21 99 474 28 47 690 205 48 139 1466 1605 547 439 22 89 37 1392 470 3007 462 135 1456 4242
internal_value=-8.22171e-05 0.000438673 -0.000486549 -0.00138794 0.00143435 0.00570553 -0.00203623 -0.00557724 0.00508006 0.00758231 0.0117286 0.00105796 0.0078825 -0.00142134 -0.0106693 -0.0137944 -0.00258187 0.000893792 -0.00212356 -0.00675544 -0.00113715 0.00130604 -0.0203332 3.6781e-05 -0.00042663 0.00127437 -0.00159557 -0.00649012 -0.00114829 -0.00163659
internal_weight=45394.2 19837.7 25556.5 9386.81 1753.18 849.418 7633.63 1128.25 836.056 595.974 363.909 232.065 319.812 6505.38 367.918 282.397 903.76 15090 1154.09 439.185 240.082 213.802 26.2799 16169.7 12372.9 5039.5 7333.42 612.9 6720.52 6195.36
internal_count=44478 20363 24115 8105 3783 1907 4322 646 1877 1338 817 521 718 3676 208 160 1876 13466 2591 986 539 480 59 16010 11164 4399 6765 605 6160 5698
is_linear=0
shrinkage=0.03


Tree=190
num_leaves=31
num_cat=0
split_feature=4 43 35 31 18 8 8 7 22 35 4 7 5 42 9 42 9 11 3 9 40 5 32 31 11 14 5 5 3 22
split_gain=8.59 9.08015 7.89416 13.9624 11.5039 26.4909 18.2895 15.5072 9.31257 11.9178 17.1282 21.4026 14.8774 19.5288 23.6565 16.1587 19.5265 19.0341 15.0784 14.6149 12.2886 9.75618 9.49865 17.6266 12.2097 11.4937 10.5966 22.3309 14.2543 10.4989
threshold=29.500150000000001 -0.032118441314856937 0.11195539608058537 7.9892359504132893 -4.3038007986798652 9.5181500000000021 9.2908500000000025 31.967850000000002 0.37940952255126054 3.5212545773919675 25.208800000000004 31.914750000000002 31.939350000000001 0.37397239204829474 10.125950000000001 0.44296535548121663 10.147150000000002 20.491200000000003 10.705500000000002 8.6714500000000019 18.079096465994947 31.97465 26.196600000000007 20.084445041323622 26.33745 3.0599500000000002 30.948550000000001 30.549250000000004 8.5455000000000023 0.91597561503675362
decision_type=10 2 2 2 2 8 10 8 2 2 8 10 10 2 10 2 10 2 2 8 2 10 2 2 2 2 8 10 2 2
left_child=1 -1 4 -4 5 6 -3 -7 -5 12 11 -11 22 14 18 16 17 21 -14 -17 -19 -15 25 24 -24 -10 27 -25 -28 -29
right_child=-2 2 3 8 -6 7 -8 -9 9 10 -12 -13 13 15 -16 19 -18 20 -20 -21 -22 -23 23 26 -26 -27 28 29 -30 -31
leaf_value=0.010171578201466441 -0.0070343856307612173 -0.0086840863511081622 -0.0033050565234872351 -2.5057936251050917e-05 -0.00047106506213771869 -0.016320833582867629 -0.0575247339152649 0.0094726679292500074 -0.00032759214628438904 -0.040698613648137753 0.0082228598186941445 -0.00066313432706033293 0.0030029176460388122 -0.011060470044423155 -0.023824388122057158 -0.050488176615841776 0.0038264270249814734 0.024850260805172112 -0.0078180724570391588 0.0033608074114153622 0.0074734197394492287 0.011996497637092847 -0.021971798008217702 0.0055048723950268099 -0.0045422066905159335 0.0025266630313144768 -0.017889106859875808 -0.004150686952927831 0.0023251539898974591 -0.015394172466131232
leaf_weight=77.503307640552521 156.78830051422119 13.362639248371126 942.95690962672234 16584.816992461681 17685.453045219183 35.633704662322998 14.253481864929197 48.105501294136047 2181.6735679507256 24.052750647068024 26.725278496742249 23.161908030509949 558.11289927363396 29.397806346416473 36.079125970602036 3.5633704662322989 249.43593263626099 141.64397603273392 145.20734649896622 861.89023151993752 50.778029143810272 35.188283354043961 38.306232511997223 182.17731508612633 471.25574415922165 3035.9916372299194 31.179491579532623 270.81615543365479 1302.4119054079056 102.89232221245766
leaf_count=174 352 21 542 16447 17034 20 20 48 2396 21 30 22 536 18 21 2 140 96 101 528 66 28 23 391 284 3318 19 344 1166 147
internal_value=-4.68542e-05 -2.24632e-05 -4.01961e-05 0.000279994 -0.000531885 -0.0101011 -0.0350215 -0.00156636 0.00040823 0.00114128 -0.0107773 -0.0214797 0.00123297 0.0034607 -0.00046931 0.00557762 0.00982944 0.0156182 0.00076089 0.00308108 0.0203271 0.00149298 0.00061508 -0.00094704 -0.00589294 0.00133337 0.000389203 -0.00308715 0.00183949 -0.00727915
internal_weight=45360.8 45204 45126.5 27329.7 17796.8 111.355 27.6161 83.7392 26386.8 9801.94 73.9399 47.2147 9728 2111.3 739.399 1371.9 506.444 257.008 703.32 865.454 192.422 64.5861 7616.7 2399.04 509.562 5217.67 1889.48 555.886 1333.59 373.708
internal_count=44355 44003 43829 26686 17143 109 41 68 26144 9697 73 43 9624 1536 658 878 348 208 637 530 162 46 8088 2374 307 5714 2067 882 1185 491
is_linear=0
shrinkage=0.03


Tree=191
num_leaves=31
num_cat=0
split_feature=44 46 3 44 6 41 25 42 33 47 9 40 5 14 49 44 22 25 40 19 25 16 46 16 23 22 23 25 11 25
split_gain=7.78904 9.0048 15.8725 17.9195 13.0979 14.6096 36.5377 35.102 17.537 16.4091 12.8364 20.5918 24.2873 16.7472 14.5067 14.2557 15.0828 19.7706 17.6931 14.1451 15.8827 12.7944 12.3723 12.3666 11.3031 12.4162 14.7755 23.5303 19.9817 19.4265
threshold=3.2361728981364979 0.0084705320327373729 8.2755000000000027 1.0000000180025095e-35 9.8904500000000013 8.8417500000000011 -0.95502570686053045 0.31098742646210648 0.064603875657733581 11.704951652892563 8.4692000000000025 10.359814670423612 31.882150000000006 4.8767987603300993 31.936250000000005 0.08103878337849578 0.78656609248549325 -0.88220415136009767 11.567496502123847 3.5938391683164785 -0.84774213365954088 16.573150000000002 0.12424291393453031 14.023475000000001 -0.3794095225512602 -0.60355339059327362 0.1294095225512602 -0.98521978256641018 26.200450000000004 -0.99818570902816506
decision_type=2 2 2 2 8 2 2 2 2 2 10 2 10 2 2 2 2 2 2 2 2 2 2 2 2 2 2 2 2 2
left_child=1 2 3 -1 10 6 21 9 -9 22 13 -12 15 -3 -14 16 17 18 -13 20 -15 -6 -8 -10 -7 26 -26 29 -29 -28
right_child=-2 4 -4 -5 5 24 7 8 23 -11 11 12 14 19 -16 -17 -18 -19 -20 -21 -22 -23 -24 -25 25 -27 27 28 -30 -31
leaf_value=0.0016815862098722037 -0.0011041656556585084 0.001776393269023001 -0.00076495691395864597 -0.015074583521987761 0.011781161791659715 -0.00043886914605757997 -0.022639043209423473 -0.016232234640210716 -0.017618655704139757 0.0069470625918725782 -0.015441132441815239 -0.030136453297676412 0.012825398481009708 0.035065724244910633 0.0014284160576293454 0.0020251109484385865 0.0087445044009277304 -0.002221996711430693 -0.0091502672559527886 0.0043289685585170025 0.01044498563757087 -0.0065173815038494509 -0.0014779005744591544 -0.0025768096357570132 0.001504179764555398 0.0013683549383262101 0.0003324193245324881 0.0013307358476533442 -0.0039315180418568975 -0.010781217413123184
leaf_weight=92.202210813760757 4962.4387955367565 2929.0905232429504 2962.0517000555992 150.55240219831467 233.40076553821564 10688.775134772062 24.052750647068024 203.11211657524109 58.350191384553909 212.02054274082184 81.957520723342896 62.358983159065247 149.66155958175659 28.061542421579361 302.88648962974548 201.33043134212494 40.978760361671448 135.40807771682739 87.302576422691345 384.39858904480934 134.96265640854836 39.642496436834335 3455.5785096287727 290.41469299793243 2388.794476300478 11623.714460849762 218.7018623650074 1948.718223720789 972.80013728141785 399.98833483457565
leaf_count=108 8849 2004 2852 95 131 9690 27 201 47 476 46 35 84 57 170 113 23 76 49 617 147 23 2625 277 2090 10385 188 1771 933 334
internal_value=1.75163e-05 0.000154975 -0.00137078 -0.00872952 0.000286113 7.68338e-05 -0.00150721 -0.00219237 -0.00924218 -0.00113625 0.00179634 -0.00108974 0.000125076 0.00267794 0.00521746 -0.00424635 -0.00811324 -0.0105586 -0.0180365 0.00748979 0.0148709 0.00911035 -0.00163064 -0.00513657 0.00033021 0.00079854 -0.000318614 -0.00154864 -0.000422222 -0.00685844
internal_weight=45463.7 40501.3 3204.81 242.755 37296.5 32758.1 4516.57 4243.53 551.877 3691.65 4538.4 1061.88 979.927 3476.51 452.548 527.379 326.048 285.07 149.662 547.423 163.024 273.043 3479.63 348.765 28241.5 17552.7 5929 3540.21 2921.52 618.69
internal_count=44523 35674 3055 203 32619 29198 3807 3653 525 3128 3421 596 550 2825 254 296 183 160 84 821 204 154 2652 324 25391 15701 5316 3226 2704 522
is_linear=0
shrinkage=0.03


Tree=192
num_leaves=31
num_cat=0
split_feature=49 32 24 4 6 50 5 21 3 46 9 31 50 4 3 3 42 46 24 18 24 44 5 40 12 21 44 9 21 25
split_gain=9.47538 15.549 12.4111 24.8338 12.8282 13.2296 11.7329 11.8667 11.6283 10.046 9.24071 37.5035 25.0623 23.4908 15.9752 15.3 25.9762 16.0747 13.8434 23.4853 22.7091 17.4734 17.9333 15.1653 15.7575 14.9165 12.8133 19.3181 41.5393 35.184
threshold=32.034450000000007 26.043875000000003 0.79184907943689831 10.885750000000002 7.2271500000000009 32.188550000000006 31.823650000000004 0.82317511531919518 9.3155000000000019 0.005375134877122963 11.032450000000003 20.976096280992206 32.047450000000005 27.906450000000003 10.172500000000001 9.6305000000000032 0.49100819010266472 0.28284853917035496 -0.31799228562170639 -2.4752461749174901 -0.36647417525074694 1.5667749731593872 31.450950000000002 23.362162120360551 20.165879752066562 -0.18569964706621175 1.8889066296308459 10.460000000000003 -2.3393047470033568 -0.98932651372861458
decision_type=2 2 2 10 10 2 8 2 2 2 10 2 2 10 2 2 2 2 2 2 2 2 10 2 2 2 2 8 2 2
left_child=2 -2 10 4 6 9 7 -4 -7 -6 26 12 13 15 -13 16 17 -12 20 -20 21 25 -23 24 -24 -14 27 29 -29 -1
right_child=1 -3 3 -5 5 8 -8 -9 -10 -11 11 14 18 -15 -16 -17 -18 -19 19 -21 -22 22 23 -25 -26 -27 -28 28 -30 -31
leaf_value=-0.0033027227759092523 0.00078236690032665649 0.0070861875475657886 -0.0035619561684584835 -0.024646593933564574 -0.0059516537646783349 0.018648926059309318 -0.0025639902930315933 -0.017327657282858698 0.0024560503532914321 0.00061705309848724007 -0.017500172992025605 -8.6573661407611093e-05 -0.016347397509932138 0.0060513378328277655 0.0045600397769415 8.6556482719263666e-05 0.00010464038660793608 -0.0036919319941469708 -0.033433487145044669 -0.00075395430723224771 0.0063174353643483767 0.00065933738733933538 -0.0067536829455898742 -0.0018680469374720622 -0.023219768036802445 -0.0020480490959459952 -0.001178947366162133 0.0056685282935631321 0.00055088109919663271 0.00046924487546146359
leaf_weight=2575.4260044693947 3122.4033710360527 395.97954306006432 119.37291061878204 42.31502428650856 270.81615543365479 58.795612692832947 1010.215527176857 106.90111398696899 121.15459585189819 914.0045245885849 199.99416741728783 3736.1939338445663 267.69820627570152 321.59418457746506 809.33051714301109 684.6125508248806 288.63300776481628 122.93628108501434 43.651288211345673 35.633704662322998 119.37291061878204 311.79491579532623 115.80954015254974 151.44324481487274 96.211002588272095 87.302576422691345 4934.3772531151772 1839.1445818841457 6365.9613379240036 16344.73490729928
leaf_count=1447 2795 226 67 47 152 33 567 60 68 513 113 2118 151 182 455 385 162 69 26 20 67 175 65 85 54 49 9524 2722 12864 9278
internal_value=-1.73102e-06 0.00149365 -0.000126749 -0.00211632 -0.00174048 0.000265046 -0.0039525 -0.0101131 0.00782061 -0.000888118 6.61751e-06 -0.000949473 -0.00364901 -0.00119425 0.000741577 -0.00299523 -0.00643964 -0.0122711 -0.00687691 -0.0189384 -0.00602935 -0.00746467 -0.00462049 -0.00913913 -0.0142996 -0.0128465 0.000227092 0.0004829 0.00169853 -4.43455e-05
internal_weight=45613.8 3518.38 42095.4 2643.58 2601.26 1364.77 1236.49 226.274 179.95 1184.82 39451.9 7392.21 2846.69 1617.77 4545.52 1296.18 611.563 322.93 1228.92 79.285 1149.63 1030.26 675.259 363.464 212.021 355.001 32059.6 27125.3 8205.11 18920.2
internal_count=44539 3021 41518 1507 1460 766 694 127 101 665 40011 4176 1603 911 2573 729 344 182 692 46 646 579 379 204 119 200 35835 26311 15586 10725
is_linear=0
shrinkage=0.03


Tree=193
num_leaves=31
num_cat=0
split_feature=43 35 7 31 18 48 7 15 36 47 31 21 36 3 28 31 40 35 6 48 42 46 9 47 49 3 7 24 40 22
split_gain=8.87814 8.36912 12.8909 12.4864 11.945 31.9651 23.6887 19.4445 17.3172 25.7009 21.799 10.6441 8.92912 8.90951 8.81054 10.0892 19.0914 16.0879 22.2965 25.3586 25.2148 22.2181 20.2656 15.1531 14.1272 15.0964 12.8354 12.7701 32.7275 13.8127
threshold=-0.032118441314856937 0.20045717644982272 31.938950000000002 7.9892359504132893 -3.3780340066006587 0.23886747735176209 31.883850000000006 18.510495399721957 10.027700000000003 10.314250000000001 12.608925206611774 1.2884662274681029 9.8291500000000021 10.979500000000002 29.727150000000005 22.113257024794027 23.523099236057622 1.2279118155429551 11.532350000000003 0.14202095926491803 0.20704810243396007 0.29922373931604568 8.5472500000000018 11.657950000000001 31.897250000000003 10.036500000000002 31.924750000000007 0.22386011952790016 15.784400398276249 -0.60355339059327362
decision_type=2 2 8 2 2 2 10 2 2 2 2 2 2 2 2 2 2 2 10 2 2 2 8 2 2 2 8 2 2 2
left_child=-1 2 4 11 5 6 13 -7 9 -9 -10 -3 -6 -2 15 17 -17 23 19 20 24 22 26 -5 -19 -26 -21 -25 -29 -30
right_child=1 3 -4 14 12 7 -8 8 10 -11 -12 -13 -14 -15 -16 16 -18 18 -20 21 -22 -23 -24 27 25 -27 -28 28 29 -31
leaf_value=0.010183326510236096 0.0018700533974390424 -0.0025608506060619787 -1.8787746020926548e-05 0.0015661793068330958 -0.0014439238687622925 0.015055158357431962 -0.040387031954215266 -0.032468781443603233 -0.012523425299420073 -0.00084984811801200202 0.016522116730680877 -0.018437364035545384 0.017742295362491809 -0.023053091301269028 -0.01217817645988228 0.0054700752242701567 0.00074033281737238116 0.0010606393355469207 0.0012240319474939498 -0.02569377370482959 0.0038861459779051138 -0.0079092057933013524 -0.00086212474216450718 -0.00020260938263681307 -0.003795591478957255 -0.02009430265071167 -0.006944302918387624 -0.0022236787765924572 0.004428374787266048 -0.036357946936053633
leaf_weight=76.167043715715408 29.397806346416473 711.78325062990189 16824.453656315804 8577.4781335294247 4844.4021488428116 49.44176521897316 37.415389895439148 40.978760361671448 41.869602978229523 51.668871760368347 49.887186527252197 39.197075128555298 20.934801489114761 21.825644105672836 48.105501294136047 1006.2067354023457 3236.8766472637653 170.59636107087135 2455.1622512340546 42.760445594787598 865.00818067789078 914.0045245885849 1434.7020339667797 3494.330163449049 124.71796631813049 86.41173380613327 137.18976294994354 248.54509001970291 8.9084261655807477 39.642496436834335
leaf_count=171 36 410 14432 5871 6451 33 36 23 25 29 28 22 14 22 108 1314 4126 209 2602 24 1411 537 1115 4737 76 59 77 558 20 89
internal_value=1.61672e-05 -1.01793e-06 -0.000421956 0.000390911 -0.0017292 -0.00731193 -0.0225442 -0.00146675 -0.00595385 -0.0150325 0.0032762 -0.00341293 -0.00135774 -0.00898746 0.000515848 0.000543113 0.00186297 0.000241931 -0.00100112 -0.00244809 0.00105294 -0.00417397 -0.00205599 0.000868118 -0.00536062 -0.0105297 -0.011517 -0.000711126 -0.00667137 -0.0289359
internal_weight=45730.1 45653.9 22012.3 23641.6 5187.82 322.485 88.6388 233.846 184.404 92.6476 91.7568 750.98 4865.34 51.2235 22890.6 22842.5 4243.08 18599.5 6230.55 3775.39 1246.73 2528.66 1614.65 12368.9 381.726 211.13 179.95 3791.43 297.096 48.5509
internal_count=44665 44494 21129 23365 6697 232 94 138 105 52 53 432 6465 58 22933 22825 5440 17385 6110 3508 1755 1753 1216 11275 344 135 101 5404 667 109
is_linear=0
shrinkage=0.03


Tree=194
num_leaves=31
num_cat=0
split_feature=21 47 24 32 34 24 37 42 5 43 49 24 40 5 3 28 32 41 24 24 4 24 4 41 24 42 47 22 40 5
split_gain=8.59687 14.9182 13.6363 12.238 19.3856 13.2988 11.9086 11.2362 12.0126 7.72597 7.88007 9.05671 25.2902 15.6594 10.1532 8.31292 12.9083 8.0632 40.8301 24.1552 44.9381 30.4372 34.4812 18.0948 17.6862 19.5615 19.2028 16.7186 16.4246 15.6898
threshold=2.7954867803297154 10.232148347107639 -0.47558551945199218 22.215025000000004 16.278300826446735 0.036545658007091128 1.0000000180025095e-35 0.53747452608912993 31.791750000000004 -0.032118441314856937 32.034450000000007 0.80223616854477187 8.9457295619033435 31.819850000000006 10.515500000000001 26.094150000000003 27.333800000000007 8.5596000000000014 0.43442111757849838 0.3873823162447298 17.983150000000006 0.35544221683359195 17.719150000000003 9.3216500000000018 0.48030317736429479 0.21853154919829279 8.7554500000000015 0.60355339059327384 11.611881246055093 31.634150000000002
decision_type=2 2 2 2 2 2 2 2 10 2 2 2 2 10 2 2 2 2 2 2 10 2 8 2 2 2 2 2 2 8
left_child=6 -2 -3 4 5 -4 -1 8 -5 -8 11 17 13 -13 -15 -12 -17 -11 19 21 -21 -19 23 -23 26 -26 29 -24 -27 -20
right_child=1 2 3 7 -6 -7 9 -9 -10 10 15 12 -14 14 -16 16 -18 18 24 20 -22 22 27 -25 25 28 -28 -29 -30 -31
leaf_value=0.014204979450600185 0.019579309838994127 0.00057202254490159405 -0.024086113864452075 0.018415485029742721 -0.035967428387874763 -0.0041548884351156768 0.0093415018490619877 -0.0099760751426434813 -0.0020287958190548035 0.0011507640632868789 0.00081963541283825055 -0.0087924579650158659 -0.012209733064447188 0.00055675723286777905 -0.0058426985542534325 0.0071222495474648501 -0.011910297896706905 4.3434056456563218e-05 0.003411879027853699 0.0068852320701158097 -0.033335760428263056 0.0027679676327482666 -0.01390111935660786 -0.013355315845021283 -0.0054356077924723675 0.011302603312158934 -0.001116899218026693 -0.038306315919908608 -0.0014433757335033401 -0.01387402750763453
leaf_weight=52.114293068647385 24.498171955347061 368.36342194676399 38.75165382027626 32.070334196090698 27.170699805021286 126.94507285952568 78.394150257110596 115.36411884427071 118.03664669394493 4596.7479014396667 3097.4597777724266 210.23885750770569 195.98537564277649 1835.1357901096344 252.99930310249329 359.90041708946228 34.297440737485886 31040.074710041285 53.00513568520546 701.09313923120499 24.943593263626099 223.15607544779778 130.50844332575798 85.966312497854233 649.42426747083664 138.52602687478065 219.59270498156548 31.179491579532623 261.01688665151596 409.78760361671448
leaf_count=99 16 746 57 63 31 252 176 118 136 4065 2760 118 110 1030 142 202 23 31632 32 581 56 183 152 49 735 101 295 37 316 230
internal_value=-4.86451e-05 -0.00303346 -0.00372641 -0.00717475 -0.0129072 -0.00893275 8.28345e-06 -0.00297725 0.00243209 -8.6121e-06 -2.52743e-05 -0.000141637 -0.0018932 -0.00100857 -0.000221029 0.00134271 0.00544036 -2.83006e-05 -0.000187886 5.32189e-05 0.00545946 -7.15146e-05 -0.007634 -0.00174449 -0.00467459 -0.00222543 -0.00843067 -0.0188139 0.00299298 -0.0118911
internal_weight=45532.7 851.2 826.702 458.339 192.867 165.697 44681.5 265.471 150.107 44629.4 44551 41059.4 2494.36 2298.37 2088.14 3491.66 394.198 38565 33968.3 32236.9 726.037 31510.9 470.81 309.122 1731.35 1048.97 682.385 161.688 399.543 462.793
internal_count=44543 1419 1403 657 340 309 43124 317 199 43025 42849 39864 1400 1290 1172 2985 225 38464 34399 32690 637 32053 421 232 1709 1152 557 189 417 262
is_linear=0
shrinkage=0.03


Tree=195
num_leaves=31
num_cat=0
split_feature=9 35 25 3 22 21 25 21 4 9 6 12 7 7 9 4 35 33 6 4 7 19 18 24 21 11 19 48 5 6
split_gain=9.55308 8.77029 16.9245 18.7053 18.2751 20.2035 17.1298 14.5481 17.1654 12.6614 23.0501 22.7983 20.3038 17.9287 12.2268 15.439 11.1187 10.1578 10.0957 20.2778 13.701 13.1384 11.3766 10.738 10.6561 10.2741 9.79233 9.75801 18.2874 9.43732
threshold=7.1201500000000015 0.058770630420303997 -0.75013812021657655 9.8615000000000013 -0.78656609248549292 -1.7650301739048844 -0.97874870457683594 -4.6699810456095117 1.0000000180025095e-35 9.3142500000000013 12.041600000000001 17.799050000000005 31.895550000000004 31.895550000000004 9.898200000000001 26.450750000000003 0.020156190116190582 0.070930071196919617 18.095400000000001 28.598700000000004 31.606850000000005 2.7664753465346554 -3.5133825346534659 0.75929452741351844 3.3413514698239646 27.959950000000003 6.8526934257425767 0.19888918422043553 31.519350000000006 19.950500000000002
decision_type=8 2 2 2 2 2 2 2 10 10 10 2 10 8 8 10 2 2 8 8 8 2 2 2 2 2 2 2 10 8
left_child=-1 2 3 26 5 -5 -7 -4 -9 -6 11 13 16 -11 17 -16 -12 -8 19 20 21 -3 25 29 -22 -20 -2 28 -23 -24
right_child=1 18 7 4 9 6 14 8 -10 10 12 -13 -14 -15 15 -17 -18 -19 22 -21 24 27 23 -25 -26 -27 -28 -29 -30 -31
leaf_value=-0.0076074817177571082 -0.0011860079825707856 -0.00089879413768707047 0.021660420439206855 0.0030592146226779415 -0.0015010202435965017 -0.00052794482510100025 -0.043332731919614863 -0.025356658997943975 -4.2376227845258938e-05 -0.013876270812315319 0.0037538036400010136 -0.0051143208546089421 0.018046496192427354 -0.042915845834296078 -0.0010147416358379103 -0.034380768363134896 -0.016925861905456769 -0.019790462077954745 -0.0017660197699119022 0.024203611693765618 0.0012774337711274201 -0.0074469341990000514 -0.0022748390504461731 -0.0033623562484818505 -0.013713748730558426 0.014790795491488751 0.010549981283008198 0.0033883639185646333 -0.035107863259073793 0.00018389190435657711
leaf_weight=147.87987434864044 2070.3182408809662 297.54143393039703 26.725278496742249 50.332607835531235 668.57738372683525 36.524547278881073 35.633704662322998 23.161908030509949 10850.908490985632 40.978760361671448 42.760445594787598 77.057886332273483 39.197075128555298 37.415389895439148 35.633704662322998 18.262273639440536 49.887186527252197 35.633704662322998 54.786820918321609 32.961176812648773 9701.7215156257153 63.695247083902359 1520.2229251563549 894.40598702430725 41.869602978229523 85.966312497854233 65.031511008739471 26.725278496742249 32.070334196090698 18384.764499217272
leaf_count=83 1618 533 60 44 808 43 20 52 10714 23 24 44 22 21 65 32 28 20 36 20 8473 143 1430 565 73 58 80 15 66 19225
internal_value=-2.06021e-05 4.30986e-06 -0.000613417 -0.00249426 -0.00554512 -0.0134946 -0.0186349 -4.32944e-05 -9.86226e-05 -0.00376959 -0.00902534 -0.0168125 0.000213595 -0.028102 -0.0238727 -0.0127409 -0.00744324 -0.0319983 0.000286117 0.0010602 0.00098277 -0.00431604 -9.08469e-05 -0.000148565 0.00121161 0.00837922 -0.000823821 -0.0125424 -0.0169772 -3.99599e-06
internal_weight=45488.7 45340.8 14204 3303.24 1167.89 212.021 161.688 10900.8 10874.1 955.874 287.297 155.452 131.845 78.3942 125.163 53.896 92.6476 71.2674 31136.7 10196.6 10163.6 420.032 20940.1 20799.4 9743.59 140.753 2135.35 122.491 95.7656 19905
internal_count=44438 44355 13718 2892 1194 224 180 10826 10766 970 162 88 74 44 137 97 52 40 30637 9323 9303 757 21314 21220 8546 94 1698 224 209 20655
is_linear=0
shrinkage=0.03


Tree=196
num_leaves=31
num_cat=0
split_feature=43 24 44 31 9 5 24 8 24 7 4 3 43 35 35 7 3 5 23 3 24 33 24 31 3 43 9 16 11 43
split_gain=8.60421 10.0281 7.92447 10.7682 22.2808 23.6447 24.9724 34.7041 22.1069 20.686 22.4149 26.8271 26.2181 20.0909 16.9361 17.1258 15.8119 14.4784 13.4437 15.0061 13.3355 12.9493 20.0355 11.3175 11.3016 10.8584 10.6225 13.8015 18.6462 19.7803
threshold=-0.032118441314856937 0.019350803001866129 3.2361728981364979 20.976096280992206 11.032450000000003 32.034850000000006 -0.31799228562170639 11.564050000000002 -0.36647417525074694 32.018350000000005 27.906450000000003 9.5995000000000008 0.48240766325872725 1.2968021860425727 1.6841624426287616 31.718350000000004 8.9025000000000016 31.035350000000005 0.37940952255126048 8.7605000000000022 -0.76694339346796603 0.014021697472134307 -0.73282214301478099 19.621350000000003 10.432500000000003 0.15297503914525193 10.386500000000002 24.111275000000003 22.423700000000004 0.13187812714805258
decision_type=2 2 2 2 10 10 2 8 2 8 10 2 2 2 2 8 2 10 2 2 2 2 2 2 2 2 10 2 2 2
left_child=1 -1 3 4 26 6 8 -8 9 10 11 12 17 18 25 -16 -7 -6 23 -20 -13 -22 -23 24 -11 -5 -2 28 -28 -30
right_child=2 -3 -4 14 5 16 7 -9 -10 13 -12 20 -14 -15 15 -17 -18 -19 19 -21 21 22 -24 -25 -26 -27 27 -29 29 -31
leaf_value=0.0055739587475197886 2.2476705806157554e-05 0.036869707870274847 -0.0011278903282597565 0.0062367724137876949 -0.0089422321431001251 -0.004959091908284103 -0.033627665906192615 -0.0025924252257334738 0.007819814927889834 -0.016804369816459278 0.0063696490468447371 -0.014652580271011392 -0.0038893116248606787 -0.014326185790346384 -0.017695101255305094 0.0068030726502767268 0.0074771848101504905 -0.028576328285536693 -0.010407781643586045 0.0061486996770980466 -0.0064438696016908183 0.01994568755299168 0.0019598146676762548 -0.0034244714553824077 -0.0032522331693372319 0.00045328303706578232 -0.00131345139730527 -0.0066686359597956362 -0.01193772815114656 0.0059547916485212784
leaf_weight=66.813196241855621 28593.820884972811 9.7992687821388227 4966.4475873112679 306.44986009597778 64.586089700460434 128.28133678436279 57.013927459716797 73.939937174320221 162.13335621356964 153.22493004798889 282.39710944890976 44.542130827903748 324.26671242713928 240.97292777895927 25.834435880184174 628.93488729000092 319.36707803606987 73.049094557762146 67.704038858413696 173.26888892054558 121.60001716017723 64.140668392181396 388.40738081932068 342.52898606657982 87.302576422691345 5882.6792184412479 606.21840056777 142.53481864929199 57.459348767995834 1174.1305686235428
leaf_count=150 24664 22 8816 613 37 72 32 43 91 86 160 25 182 136 25 929 180 41 38 98 69 36 218 193 49 6370 341 80 33 659
internal_value=2.01288e-05 0.0100004 3.12463e-06 0.000141547 -7.85341e-05 -0.00247271 -0.00352383 -0.0162568 -0.00287404 -0.00359106 -0.00114176 -0.00310883 -0.00857115 -0.00672167 0.00122648 0.00581097 0.00391025 -0.0194939 -0.0044832 0.00147318 0.000976477 0.00221234 0.00454735 -0.00694323 -0.0119193 0.000740609 0.000169673 0.00229393 0.00299228 0.00511102
internal_weight=45629.8 76.6125 45553.2 40586.8 33742.9 3168.73 2721.08 130.954 2590.12 2427.99 1362.99 1080.59 461.902 1065 6843.9 654.769 447.648 137.635 824.029 240.973 618.69 574.148 452.548 583.056 240.528 6189.13 30574.2 1980.34 1837.81 1231.59
internal_count=44488 172 44316 35500 27563 1786 1534 75 1459 1368 768 608 260 600 7937 954 252 78 464 136 348 323 254 328 135 6983 25777 1113 1033 692
is_linear=0
shrinkage=0.03


Tree=197
num_leaves=31
num_cat=0
split_feature=44 24 24 5 18 8 25 40 24 25 47 47 24 24 3 46 6 24 42 42 33 41 48 33 25 5 48 23 46 35
split_gain=7.33365 8.96741 8.89165 11.0607 11.1237 8.41199 16.7544 9.60057 8.8483 7.47659 17.3777 8.42538 16.5553 9.13542 7.75947 7.45357 20.6474 18.0547 22.9495 22.3496 18.2056 17.7864 29.4587 17.1306 15.9362 15.2865 14.2161 13.5857 15.2565 13.9964
threshold=3.2361728981364979 -0.94705910369513524 -0.92923668111203805 31.285050000000002 -2.0332363658454748 22.389300000000002 0.9483965485850524 26.18131795629353 -0.59176244063315286 -0.69676771491221523 25.208350000000006 14.101783057851689 -0.015050995721668367 0.40318277172597511 9.9695000000000018 0.0084705320327373729 9.8904500000000013 0.30675521904633613 0.31307340331449229 0.21620140731341567 0.095632358540403112 8.9996500000000008 0.24900879349679936 0.045187110994398282 -0.95502570686053045 32.051650000000002 0.21982523755731284 -0.12940952255126037 0.12828556613690204 1.743074756652774
decision_type=2 2 2 10 2 8 2 2 2 2 2 2 2 2 2 2 8 2 2 2 2 2 2 2 2 10 2 2 2 2
left_child=1 -1 3 4 -3 15 7 -7 -9 10 11 -2 -13 -14 -12 -4 -17 21 19 23 25 22 24 -19 -18 27 -22 29 -29 -20
right_child=9 2 5 -5 -6 6 -8 8 -10 -11 14 12 13 -15 -16 16 17 18 20 -21 26 -23 -24 -25 -26 -27 -28 28 -30 -31
leaf_value=0.0030622309095944158 -0.00053443002765298626 -0.040701597979375649 -0.0013644266564507004 -0.00035888584978193918 -0.00987134463977659 0.0093969157383663043 -0.01955228764099326 0.0019437094174605434 -0.023871445864547165 -0.00024300007487390498 -0.0058171047668115969 -0.0034909076728967736 -0.038895306164032979 -0.011637673702441712 -0.029588785151942115 0.0020909473651314139 0.0094627105429612238 -0.00051804304428231733 -0.021711643038396091 0.0021940395124437745 -0.0035041294197025235 0.0001222119487857526 -0.02133464122300454 -0.0052910435952544079 0.00069141999722060869 0.014122207184794228 0.015002621163705201 -0.020203594163466346 -0.0022336815983392058 -0.00098379591202429374
leaf_weight=943.84775224328041 1000.8616797029972 12.02637532353401 2921.5183610022068 107.79195660352707 61.468140542507172 249.88135394454002 23.161908030509949 83.739205956459045 12.917217940092085 3321.0612745285034 21.825644105672836 489.96343910694122 16.926009714603424 32.515755504369736 29.397806346416473 4586.9486326575279 457.44768360257149 1821.3277295529842 149.66155958175659 1524.6771382391453 462.79273930191994 25292.803569316864 36.524547278881073 1076.1378808021545 314.46744364500046 20.934801489114761 39.642496436834335 55.677663534879684 171.48720368742943 36.524547278881073
leaf_count=2119 600 27 2509 242 138 534 52 170 29 6775 49 1100 38 73 66 3479 280 1353 162 1602 481 21009 22 880 178 14 32 62 178 46
internal_value=4.10239e-05 0.000173922 0.000104864 -0.0065056 -0.0153949 0.000135492 0.00463333 0.00630146 -0.00171536 -0.00105343 -0.00274339 -0.00216485 -0.0051835 -0.0215552 -0.0197653 9.2703e-05 0.000210834 -6.3348e-05 -0.00164928 -0.000745133 -0.00591229 0.000262311 0.00463988 -0.00229198 0.00589493 -0.0104038 -0.00201703 -0.0116771 -0.00670732 -0.0176724
internal_weight=45376 40463.4 39519.6 181.286 73.4945 39338.3 369.7 346.538 96.6564 4912.55 1591.49 1540.27 539.405 49.4418 51.2235 38968.6 36047.1 31460.1 5358.86 4422.14 936.721 26101.2 808.44 2897.47 771.915 434.286 502.435 413.351 227.165 186.186
internal_count=44299 35598 33479 407 165 33072 785 733 199 8701 1926 1811 1211 111 115 32287 29778 26299 4810 3835 975 21489 480 2233 458 462 513 448 240 208
is_linear=0
shrinkage=0.03


Tree=198
num_leaves=31
num_cat=0
split_feature=49 26 22 24 5 22 24 50 28 15 3 48 48 12 4 9 22 24 28 15 21 4 24 8 50 50 9 5 9 26
split_gain=9.26165 10.5787 10.7327 9.02303 10.6457 8.88384 14.3091 31.7588 20.1605 29.4272 12.8927 27.0323 17.3751 37.2009 17.0721 20.6262 22.6932 39.3833 21.5551 29.6975 20.1675 21.7181 16.8034 19.3359 15.377 15.2026 14.7057 25.9798 23.0965 35.4545
threshold=32.034450000000007 26.052800000000005 -0.78656609248549292 0.90755741412753221 31.819850000000006 -0.60355339059327362 -0.77786766366919291 30.742100000000004 26.130750000000003 22.011378275073046 9.8315000000000019 0.1482169357875385 0.21394998560258713 13.52048760330617 22.544650000000001 9.9967500000000022 -0.78656609248549292 0.070897839638973045 17.557550000000003 14.914919799443711 2.1849192055131739 23.551350000000003 0.1051661082335764 8.963300000000002 31.754850000000001 31.833250000000003 9.8419500000000024 30.854050000000004 10.273050000000001 20.890400000000003
decision_type=2 2 2 2 10 2 2 2 2 2 2 2 2 2 8 10 2 2 2 2 2 10 2 10 2 2 8 10 8 2
left_child=3 -2 -3 5 -5 6 -1 -8 10 -10 14 -12 13 -13 15 18 -17 -18 19 25 -16 -22 -15 -24 -20 -9 -14 -28 29 -29
right_child=1 2 -4 4 -6 -7 7 8 9 -11 11 12 26 22 20 16 17 -19 24 -21 21 -23 23 -25 -26 -27 27 28 -30 -31
leaf_value=0.0014509245965710093 0.00085009107936734882 -0.0015968741272618348 0.0091644905158469511 -0.010288771176329278 -0.0013720848136189476 0.00017523513261601372 -0.030818799402506838 -0.010201759659859557 -0.039757748440667956 -0.0036747346106865975 -0.0002207777109900436 -0.0054598602106277899 0.0011927346143281699 -0.012083602325029297 0.0042895668764263159 -0.0013513739398493343 -0.032614315089351573 0.0025452219761010289 -0.0028593431746157475 -0.009198209457252509 -0.040112546771340206 0.014595635577578652 -0.013991040164907357 -0.057996666593339755 0.0071472177006747387 0.00052096103372233386 0.0019621484133962091 -0.02866076491672646 -0.023418613309741886 0.0040029339158418999
leaf_weight=2111.7424225509167 3164.2729740142822 117.59122538566589 283.73337337374687 163.91504144668579 448.98467874526978 29428.985837996006 31.624912887811661 123.82712370157242 19.598537564277649 1717.5445647239685 2086.7988292872906 151.44324481487274 283.28795206546783 24.943593263626099 1089.0550987422466 176.38683807849884 69.485724091529846 48.105501294136047 183.51357901096344 355.44620400667191 17.816852331161503 9.3538474738597852 14.253481864929197 27.616121113300323 553.21326488256454 2548.7007259726524 157.23372182250023 40.978760361671448 115.36411884427071 103.33774352073669
leaf_count=3070 2814 66 163 92 252 29200 71 200 11 1438 2327 154 159 35 1017 99 39 27 232 378 40 21 8 35 567 1813 89 23 100 58
internal_value=-3.48791e-05 0.00143297 0.0060152 -0.00015922 -0.00376966 -0.000105796 -0.000791491 -0.00126756 -0.00117023 -0.00410446 -0.000546687 -0.00210921 -0.00639493 -0.0137686 0.000360958 -0.000542878 -0.00818222 -0.0183307 5.5678e-05 -0.00106433 0.00364492 -0.021429 -0.0322436 -0.0436918 0.00465416 2.05116e-05 -0.00408016 -0.0076573 -0.0134669 -0.00540535
internal_weight=45668.2 3565.6 401.325 42102.6 612.9 41489.7 12060.7 9948.93 9917.31 1737.14 8180.16 3005.26 918.459 218.256 5174.9 4058.68 293.978 117.591 3764.7 3027.97 1116.23 27.1707 66.8132 41.8696 736.727 2672.53 700.202 416.914 259.681 144.317
internal_count=44598 3043 229 41555 344 41211 12011 8941 8870 1449 7421 2988 661 232 4433 3355 165 66 3190 2391 1078 61 78 43 799 2013 429 270 181 81
is_linear=0
shrinkage=0.03


Tree=199
num_leaves=31
num_cat=0
split_feature=22 25 3 24 25 46 6 31 21 5 25 25 3 8 29 42 23 36 18 3 29 21 25 41 24 21 5 35 25 24
split_gain=8.58182 21.9138 45.6996 25.8762 22.9354 24.8493 21.0786 18.2464 18.06 29.5754 16.4516 16.6087 15.4556 15.2774 18.8148 14.973 14.4327 21.525 19.1178 24.8621 16.5321 16.2971 15.4925 15.1648 37.2958 14.7206 14.5422 14.3726 17.5157 24.7241
threshold=-0.78656609248549292 -0.62587551141915865 9.8705000000000016 -0.74441730022405961 -0.9955251950901236 0.086714677761266609 14.21785 11.960700000000001 -0.86091125180490191 32.004250000000006 -0.6523320455745395 -0.99938741687870725 8.8405000000000005 10.014850000000001 13.199211157024797 0.57995731918329685 0.1294095225512602 8.3958500000000029 -2.1460314186234686 9.1685000000000016 18.753909917356399 -1.5653929417849397 -0.98521978256641018 8.8417500000000011 0.52490632455031438 -3.03617716849979 31.311850000000003 1.9868035994665718 -0.7614016681079937 -0.57780908558020239
decision_type=2 2 2 2 2 2 8 2 2 10 2 2 2 10 2 2 2 2 2 2 2 2 2 2 2 2 10 2 2 2
left_child=1 2 3 12 5 -5 -7 -8 10 27 11 -4 -1 14 -13 -15 17 23 19 20 -18 25 -20 24 -6 -21 -19 28 29 -10
right_child=-2 -3 8 4 16 6 7 -9 9 -11 -12 13 -14 15 -16 -17 18 26 22 21 -22 -23 -24 -25 -26 -27 -28 -29 -30 -31
leaf_value=-0.03239930947806649 0.00022637935091154832 0.00088076207160781353 -0.033955746290310312 -0.010427809783724483 -0.016845905881171446 0.023005063150254627 -0.027793521970125239 0.0073860223807227657 -0.033597246574761326 -0.032724312465172212 -0.015793345966307056 -0.0015089062228663501 -0.0063152007294946626 0.00085252825451954321 -0.015243795095076248 0.020196820398430876 -0.01364471275377787 -0.031618364014044137 -0.013445445869349204 0.0030530772561711945 -0.03986397937473414 0.0060232860720112668 0.00025160492088247146 0.0017681193285858502 0.0015103044511158522 -0.020603334392605418 0.01347811020989375 0.0058727877861942199 0.0032992111353185951 -0.0092197610196272668
leaf_weight=32.070334196090698 35877.795539259911 4079.6137625277042 13.362639248371122 65.476932317018509 149.21613827347755 80.621256798505783 12.917217940092085 297.096012622118 39.197075128555298 44.542130827903748 83.739205956459045 329.61176812648773 55.232242226600647 383.9531677365303 122.49085977673531 38.75165382027626 109.57364183664322 5.7904770076274863 80.175835490226746 39.197075128555298 26.725278496742249 100.66521567106247 879.70708385109901 1252.9701401889324 295.31432738900185 57.904770076274872 151.88866612315178 62.804404467344284 90.420525580644608 590.62865477800369
leaf_count=18 35071 4347 9 96 107 58 20 223 88 34 47 233 37 394 86 24 96 4 57 22 15 79 778 1088 273 46 125 48 179 642
internal_value=1.34509e-05 -0.000784617 -0.00202163 -0.000110849 0.000282053 0.0065617 0.00942879 0.00583556 -0.00594029 -0.00919534 -0.00316196 -0.00195461 -0.0161555 -0.00142759 -0.00525561 0.00266941 -0.000629269 0.00106677 -0.00305988 -0.00922964 -0.0190386 -0.0024076 -0.000905266 7.89913e-05 -0.00467533 -0.0111202 0.0116332 -0.00781692 -0.00901713 -0.0107877
internal_weight=45449.5 9571.66 5492.04 3692.54 3605.24 456.111 390.634 310.013 1799.5 827.593 971.909 888.17 87.3026 874.807 452.103 422.705 3149.13 1855.18 1293.95 334.066 136.299 197.767 959.883 1697.5 444.53 97.1018 157.679 783.051 720.246 629.826
internal_count=44344 9273 4926 3142 3087 397 301 243 1784 991 793 746 55 737 319 418 2690 1597 1093 258 111 147 835 1468 380 68 129 957 909 730
is_linear=0
shrinkage=0.03


end of trees

feature_importances:
sin_doy=674
surf_temp_roll_std_6=351
cos_doy=349
deep_temp_8=345
diff_to_surf=319
effective_depth=307
climatology_diff_linear=291
surf_psal=228
deep_temp_8_val=220
deep_temp_6=195
bot_psal=194
surf_temp=191
sin_hour=191
gradient_surf_to_deep8=147
gradient_surf_to_deep6=142
bot_temp_roll_std_6=136
bot_temp=127
deep_temp_6_val=123
cos_hour=116
bot_temp_lag6=101
grad_deep_5_6=96
depth_rel_thermocline=80
surf_psal_val=80
surf_temp_roll_mean_6=77
surf_temp_val=67
vertical_mean_boundary=67
surf_temp_lag6=66
diff_to_bot=64
grad_ratio_deep_shallow=60
bot_temp_val=56
stratification_index=56
climatology_temp=54
bot_temp_roll_mean_6=53
thermocline_intensity_proxy=53
rel_depth_pos=50
curved_profile_estimate=50
vertical_temp_diff_span=49
vertical_linear_interp=48
thermocline_sharpness=48
bot_psal_val=26
surf_temp_lag1=17
mid_layer_curvature_weight=16
vertical_gradient=7
bot_temp_lag1=7
surf_temp_lag2=4
bot_temp_lag2=1
is_thermocline_season=1

parameters:
[boosting: gbdt]
[objective: regression]
[metric: rmse]
[tree_learner: serial]
[device_type: cpu]
[data_sample_strategy: bagging]
[data: ]
[valid: ]
[num_iterations: 200]
[learning_rate: 0.03]
[num_leaves: 31]
[num_threads: 10]
[seed: 42]
[deterministic: 0]
[force_col_wise: 0]
[force_row_wise: 0]
[histogram_pool_size: -1]
[max_depth: -1]
[min_data_in_leaf: 20]
[min_sum_hessian_in_leaf: 0.001]
[bagging_fraction: 0.8]
[pos_bagging_fraction: 1]
[neg_bagging_fraction: 1]
[bagging_freq: 1]
[bagging_seed: 400]
[bagging_by_query: 0]
[feature_fraction: 0.8]
[feature_fraction_bynode: 1]
[feature_fraction_seed: 30056]
[extra_trees: 0]
[extra_seed: 12879]
[early_stopping_round: 0]
[early_stopping_min_delta: 0]
[first_metric_only: 0]
[max_delta_step: 0]
[lambda_l1: 0]
[lambda_l2: 1]
[linear_lambda: 0]
[min_gain_to_split: 0]
[drop_rate: 0.1]
[max_drop: 50]
[skip_drop: 0.5]
[xgboost_dart_mode: 0]
[uniform_drop: 0]
[drop_seed: 17869]
[top_rate: 0.2]
[other_rate: 0.1]
[min_data_per_group: 100]
[max_cat_threshold: 32]
[cat_l2: 10]
[cat_smooth: 10]
[max_cat_to_onehot: 4]
[top_k: 20]
[monotone_constraints: ]
[monotone_constraints_method: basic]
[monotone_penalty: 0]
[feature_contri: ]
[forcedsplits_filename: ]
[refit_decay_rate: 0.9]
[cegb_tradeoff: 1]
[cegb_penalty_split: 0]
[cegb_penalty_feature_lazy: ]
[cegb_penalty_feature_coupled: ]
[path_smooth: 0]
[interaction_constraints: ]
[verbosity: -1]
[saved_feature_importance_type: 0]
[use_quantized_grad: 0]
[num_grad_quant_bins: 4]
[quant_train_renew_leaf: 0]
[stochastic_rounding: 1]
[linear_tree: 0]
[max_bin: 255]
[max_bin_by_feature: ]
[min_data_in_bin: 3]
[bin_construct_sample_cnt: 200000]
[data_random_seed: 175]
[is_enable_sparse: 1]
[enable_bundle: 1]
[use_missing: 1]
[zero_as_missing: 0]
[feature_pre_filter: 1]
[pre_partition: 0]
[two_round: 0]
[header: 0]
[label_column: ]
[weight_column: ]
[group_column: ]
[ignore_column: ]
[categorical_feature: ]
[forcedbins_filename: ]
[precise_float_parser: 0]
[parser_config_file: ]
[objective_seed: 16083]
[num_class: 1]
[is_unbalance: 0]
[scale_pos_weight: 1]
[sigmoid: 1]
[boost_from_average: 1]
[reg_sqrt: 0]
[alpha: 0.9]
[fair_c: 1]
[poisson_max_delta_step: 0.7]
[tweedie_variance_power: 1.5]
[lambdarank_truncation_level: 30]
[lambdarank_norm: 1]
[label_gain: ]
[lambdarank_position_bias_regularization: 0]
[eval_at: ]
[multi_error_top_k: 1]
[auc_mu_weights: ]
[num_machines: 1]
[local_listen_port: 12400]
[time_out: 120]
[machine_list_filename: ]
[machines: ]
[gpu_platform_id: -1]
[gpu_device_id: -1]
[gpu_use_dp: 0]
[num_gpu: 1]

end of parameters

pandas_categorical:[]
