tree
version=v4
num_class=1
num_tree_per_iteration=1
label_index=0
max_feature_idx=106
objective=regression
feature_names=is_G_ORS is_I_ORS is_S_ORS latest_hs last_wave_step time_since_last_wave_obs has_wave_obs_at_step0 latest_tp latest_hmax latest_wvdir latest_wspd latest_gust latest_wdir latest_airt latest_relh latest_caph sin_wvdir cos_wvdir sin_wdir cos_wdir sin_wind_wave_diff cos_wind_wave_diff hs_energy_proxy hs_steepness_proxy hs_power_proxy hs_mean_1h hs_std_1h hs_min_1h hs_max_1h hs_range_1h hs_diff_1h hs_slope_1h wspd_mean_1h wspd_max_1h wspd_std_1h gust_max_1h caph_diff_1h hs_mean_3h hs_std_3h hs_min_3h hs_max_3h hs_range_3h hs_diff_3h hs_slope_3h wspd_mean_3h wspd_max_3h wspd_std_3h gust_max_3h caph_diff_3h hs_mean_6h hs_std_6h hs_min_6h hs_max_6h hs_range_6h hs_diff_6h hs_slope_6h wspd_mean_6h wspd_max_6h wspd_std_6h gust_max_6h caph_diff_6h hs_mean_12h hs_std_12h hs_min_12h hs_max_12h hs_range_12h hs_diff_12h hs_slope_12h wspd_mean_12h wspd_max_12h wspd_std_12h gust_max_12h caph_diff_12h hs_mean_24h hs_std_24h hs_min_24h hs_max_24h hs_range_24h hs_diff_24h hs_slope_24h wspd_mean_24h wspd_max_24h wspd_std_24h gust_max_24h caph_diff_24h hs_mean_48h hs_std_48h hs_min_48h hs_max_48h hs_range_48h hs_diff_48h hs_slope_48h wspd_mean_48h wspd_max_48h wspd_std_48h gust_max_48h caph_diff_48h wind_forcing_ratio gust_forcing_ratio hs_over_mean_24h hs_over_max_48h wave_obs_count_6h wave_obs_count_24h wave_obs_count_48h wave_missing_ratio_48h high_wave_count_1_5m high_wave_count_2_0m
feature_infos=[0:1] [0:1] [0:1] [1.5:5.4000000000000004] [-1580:0] [0:1580] [0:1] [3.21:19.620000000000001] [0.48999999999999999:8.5999999999999996] [0.02:360] [0:22.960000000000001] [0:28.32] [0:359.89999999999998] [-7.8490000000000002:31.010000000000002] [32.979999999999997:98.900000000000006] [993.47400000000005:1033.402] [-0.99999506520185821:0.99999945168869453] [-0.99999993907651663:1] [-1:0.99999847691328769] [-1:1] [-0.99999986292216425:0.99999925368741438] [-0.99994876378752273:1] [2.25:29.160000000000004] [0.18282899891795079:1.8868990452516805] [8.8950399999999998:285.28560400000003] [0.7350000000000001:5.0500000000000007] [0:1.5052214676474245] [0.17999999999999999:4.7999999999999998] [1.5:5.4000000000000004] [0:3.4199999999999999] [-1.8499999999999999:3.2800000000000002] [-1.9530000000000001:3.2909999999999995] [0.48771428571428582:21.274285714285718] [1.0169999999999999:28.300000000000001] [0:7.4175774539747339] [1.325:30.09] [-2.8410000000000082:3.9279999999999973] [0.50500000000000012:4.8029999999999999] [0:1.4629498358529669] [0.17999999999999999:4.4199999999999999] [1.5:5.4000000000000004] [0:4.2599999999999998] [-2.3399999999999999:4.0100000000000007] [-1.2358181818181813:1.3385454545454554] [1.1317894736842107:20.466315789473686] [2.4510000000000001:28.300000000000001] [0:7.4623237934078421] [2.6459999999999999:30.09] [-4.75:7.9950000000000045] [0.40000000000000002:4.7333333333333334] [0:1.5473378383420062] [0.10000000000000001:4.0899999999999999] [1.5:5.4000000000000004] [0:4.4199999999999999] [-2.2400000000000002:3.7400000000000002] [-0.68999999999999995:0.81600000000000383] [1.7606756756756758:20.397837837837834] [3.552:28.300000000000001] [0:6.9039449798854342] [3.9199999999999999:30.09] [-7.4519999999999982:10.600999999999999] [0.38702702702702702:4.7333333333333334] [0:1.5124039691053994] [0.10000000000000001:4] [1.5:5.4000000000000004] [0:4.4499999999999993] [-2.4199999999999999:3.9499999999999997] [-0.22631578947368422:0.81600000000000383] [1.8577945205479451:19.512222222222224] [3.552:28.300000000000001] [0:6.6925100354202618] [4.3120000000000003:30.09] [-10.658999999999992:14.616999999999962] [0.32616438356164384:4.7333333333333334] [0:1.6478647800512436] [0.080000000000000002:4] [1.5:5.4000000000000004] [0:4.4499999999999993] [-2.6399999999999997:4.1500000000000004] [-0.1258054812834225:0.81600000000000383] [1.8658620689655174:18.643517241379314] [3.552:28.300000000000001] [0.19714630776828287:6.2952550760405082] [3.9420000000000002:30.09] [-16.588999999999942:16.705000000000041] [0.33098591549295769:3.9452307692307693] [0:1.592465061238195] [0.080000000000000002:3.1200000000000001] [1.5:5.4000000000000004] [0:4.4499999999999993] [-3.3800000000000003:4.1600000000000001] [-0.076796328671328754:0.17999999999999997] [3.3685397923875433:17.535121107266434] [5.8419999999999996:28.300000000000001] [0.19714630776828287:6.2176233713431559] [6.0940000000000003:30.09] [-17.100999999999999:16.081999999999994] [0:213.88750726306716] [2.5346632642620457:325.69879888236915] [0.52648243633966718:7.0209780541202038] [0.30583494852415521:0.99999981481484912] [0:19] [0:73] [1:145] [0.4982698961937716:0.9965397923875432] [1:145] [0:145]
tree_sizes=3418 3475 3459 3465 3474 3455 3460 3473 3463 3457 3447 3470 3486 3444 3447 3440 3467 3484 3463 3474 3471 3479 3460 3468 3485 3505 3463 3464 3469 3484 3472 3482 3458 3467 3495 3500 3484 3478 3490 3483 3483 3483 3486 3484 3498 3503 3459 3475 3476 3496 3481 3473 3483 3486 3485 3461 3510 3501 3489 3487 3502 3486 3486 3494 3500 3497 3493 3492 3492 3514 3490 3492 3495 3484 3506 3499 3465 3459 3521 3509 3490 3491 3503 3493 3502 3495 3487 3526 3505 3486 3491 3506 3503 3474 3506 3503 3488 3482 3484 3464 3488 3496 3491 3500 3504 3498 3458 3478 3491 3497 3498 3478 3498 3477 3503 3498 3506 3482 3488 3512 3474 3475 3533 3496 3491 3482 3494 3503 3523 3486 3468 3494 3503 3484 3497 3510 3497 3511 3535 3505 3512 3479 3532 3502 3506 3515 3488 3494 3487 3476 3514 3493 3512 3497 3497 3516 3495 3524 3479 3491 3506 3488 3501 3489 3517 3505 3495 3532 3496 3491 3495 3517 3531 3498 3530 3509 3525 3516 3501 3506 3498 3529 3517 3492 3476 3505 3505 3530 3535 3486 3508 3502 3531 3495 3525 3525 3535 3494 3527 3547

Tree=0
num_leaves=31
num_cat=0
split_feature=97 53 97 11 97 89 83 90 24 13 98 21 27 80 68 85 54 89 93 54 99 21 94 98 3 14 96 98 65 48
split_gain=163.795 46.5272 37.9639 28.6822 24.2959 14.3426 13.8554 12.6195 12.5236 8.31109 7.61187 7.5427 6.89291 6.53512 6.4802 9.26379 6.38682 7.18875 6.16115 6.97183 5.5546 5.34389 5.2696 5.17126 5.01512 4.98248 4.59323 4.46058 4.42956 4.3649
threshold=81.147613515213109 2.7300000000000004 118.33536869332234 2.3030000000000004 55.572070724722678 2.4650000000000007 16.350000000000005 1.4450000000000005 136.922133 8.1450000000000014 169.437137331466 0.35494379914052432 1.0900000000000003 16.895034482758621 15.641993150684931 2.2775862068965522 -0.21000000000000005 3.3850000000000007 11.590000000000002 -0.30999999999999989 1.5700938566737606 0.31150571677201871 3.5666211119756204 107.66377461695232 2.8350000000000004 56.780000000000008 -1.2515000000000212 117.86423618263017 1.1750000000000005 -1.5265000000000553
decision_type=10 2 10 10 8 2 10 2 2 10 10 10 2 10 8 2 2 2 10 2 2 8 10 8 2 8 2 10 2 2
left_child=1 4 10 8 6 21 12 23 24 20 13 -12 -1 -2 26 -16 -7 -18 29 -20 -4 27 28 -8 -3 -23 -9 -6 -21 -14
right_child=2 3 9 -5 5 16 7 14 -10 -11 11 -13 18 -15 15 -17 17 -19 19 22 -22 25 -24 -25 -26 -27 -28 -29 -30 -31
leaf_value=-0.10651270582571166 -0.06275428140406919 -0.089168261193967119 -0.050394395350753837 -0.061500205429365427 -0.06666295158558444 -0.068530329060061929 -0.073675977969767562 -0.070781126304422168 -0.14934770380011686 -0.056201103042712489 -0.046385118984193133 -0.059875281967149606 -0.043712704722236539 -0.073223516080771212 -0.099217704684077146 -0.0762990687768514 -0.071210504350194423 -0.078008636683663479 -0.064504457823008857 -0.071289689387028871 -0.039127339024616986 -0.071173635510114255 -0.061419847974963859 -0.069152656809698884 -0.1164973206052541 -0.067091505781224484 -0.078606822797065351 -0.060208815154382478 -0.078046528690284583 -0.065164056635585638
leaf_weight=4.5453954935073844 1254.5291562080383 10.227139860391619 107.57436001300812 12.121054649353026 230.6788212954998 573.85618105530739 833.32250714302063 86.36251437664032 7.5756591558456412 137.11943072080612 43.938823103904724 246.96648848056793 9.0907909870147687 56.059877753257751 30.302636623382568 33.332900285720825 671.20340120792389 176.89164128899574 146.96778762340546 572.71983218193054 62.120405077934265 325.75334370136261 42.423691272735596 312.87472313642502 14.772535353899 1547.3283825814724 309.0868935585022 165.52815255522728 103.02896451950073 140.14969438314438
leaf_count=3 831 27 71 8 153 804 550 57 17 92 29 163 6 37 20 22 890 263 97 378 41 215 28 208 36 2759 204 110 68 121
internal_value=-0.0680841 -0.0703969 -0.0603756 -0.100897 -0.0701811 -0.0686122 -0.0723879 -0.0741246 -0.115557 -0.0507083 -0.0622277 -0.0578377 -0.0696518 -0.0632021 -0.0783276 -0.0872127 -0.0709746 -0.0726284 -0.0694866 -0.0704577 -0.0462698 -0.0671319 -0.071676 -0.0724413 -0.105317 -0.0678014 -0.0768978 -0.0639665 -0.0723199 -0.0638574
internal_weight=8268.45 6360.14 1908.31 44.6964 6315.45 3691.24 2624.21 1605.28 32.5753 306.814 1601.49 290.905 1018.93 1310.59 459.085 63.6355 1421.95 848.095 1014.38 865.14 169.695 2269.29 718.172 1146.2 24.9997 1873.08 395.449 396.207 675.749 149.24
internal_count=8308 7044 1264 88 6956 5194 1762 1061 80 204 1060 192 701 868 303 42 1957 1153 698 571 112 3237 474 758 63 2974 261 263 446 127
is_linear=0
shrinkage=1


Tree=1
num_leaves=31
num_cat=0
split_feature=97 97 90 97 51 74 95 0 15 47 7 84 58 97 54 68 37 19 73 13 68 96 51 7 97 51 96 37 97 17
split_gain=163.444 30.8659 29.387 25.2738 16.9396 18.768 13.0859 11.3821 10.0909 8.65541 8.59854 8.30108 8.16584 7.89031 7.5764 7.05887 6.66332 6.63453 6.23131 5.83883 5.19936 5.08697 4.9904 4.30146 4.22018 4.16967 4.11293 4.05819 4.0476 3.93323
threshold=85.254433203377801 118.33536869332234 2.1850000000000009 55.572070724722678 0.78500000000000014 0.80355765381187727 15.400000000000002 1.0000000180025095e-35 1001.8940000000001 21.380000000000003 10.175000000000002 7.4965000000000837 1.1794564050345862 79.687668224845581 -0.3199999999999999 16.866643835616447 1.0007142857142859 0.68206217751890985 2.4786986301369867 4.2575000000000012 9.0458630136986322 10.343999999999939 1.3150000000000002 8.8150000000000031 38.198724380280922 0.41500000000000004 -4.2820000000000382 2.8395000000000006 68.027351977578817 -0.84240534831004943
decision_type=10 10 2 8 2 2 10 2 10 10 2 2 10 8 2 8 2 10 2 10 10 2 2 2 10 2 2 2 10 2
left_child=2 12 3 6 5 -4 8 10 -1 20 13 17 -2 -5 24 21 -10 -6 -16 26 -3 23 -15 28 -8 -12 -14 -19 -9 -18
right_child=1 9 4 7 11 -7 14 15 16 -11 25 -13 19 22 18 -17 29 27 -20 -21 -22 -23 -24 -25 -26 -27 -28 -29 -30 -31
leaf_value=0.015784135846845754 0.0044069006787635688 0.027638446104374648 -0.0045397441180623343 -0.0043794190452679923 -0.0044917782224944856 -0.060128359997364197 -0.0053184258448319977 -3.7399119574090686e-05 -0.044954617077609192 0.028034185580144529 -0.036849285491176546 -0.019259767621637183 0.023045414440544334 0.0030991269022851969 -0.0049168210121819707 -0.0096076698552108753 -0.021770063567641686 -0.0051367788319830873 -0.0096437408867731753 0.0071590795865043777 0.01349197485704925 0.0092585042178863087 -0.0010747083719052509 0.0079852735459343179 -0.00027681944255864856 -0.0083572105466597456 0.011510226440514899 -0.017183334953893608 0.0030069006744251349 2.091153010588767e-05
leaf_weight=36.363163948059082 651.50668740272522 26.136024087667465 10.227139860391619 513.62969076633453 402.26750117540359 11.742271691560743 237.87569749355316 791.27759882807732 3.0302636623382559 56.059877753257751 8.7120080292224902 48.484218597412109 33.332900285720825 345.45005750656128 976.12368223071098 46.590303808450699 7.5756591558456412 39.393427610397339 337.87439835071564 401.13115230202675 221.96681326627731 87.877646207809448 1016.2746757566929 96.968437194824219 401.88871821761131 9.8483569025993329 168.17963325977325 69.696064233779907 781.0504589676857 467.41816991567612
leaf_count=24 430 18 18 339 567 28 157 526 2 37 23 32 22 876 645 54 5 26 223 267 148 58 2440 64 266 26 111 46 520 322
internal_value=5.72767e-05 0.00881436 -0.0019651 -0.00135694 -0.00841018 -0.0342509 -0.00370787 0.000212273 0.000549369 0.0173878 -0.00141207 -0.00739613 0.00673509 -0.00121097 -0.00482872 0.0019178 -0.000609535 -0.00627128 -0.00613228 0.00925204 0.0149822 0.00222339 -1.58662e-05 0.00185304 -0.00215138 -0.021731 0.0134183 -0.0128332 0.00147485 -0.000326632
internal_weight=8305.95 1558.31 6747.64 6165.83 581.811 21.9694 2468.15 3697.68 514.387 304.163 1893.91 559.841 1254.15 1875.35 1953.76 1803.76 478.024 511.357 1314 602.644 248.103 1757.17 1361.72 1669.3 639.764 18.5604 201.513 109.089 1572.33 474.994
internal_count=8320 1033 7287 6570 717 46 1644 4926 353 203 3704 671 830 3655 1291 1222 329 639 868 400 166 1168 3316 1110 423 49 133 72 1046 327
is_linear=0
shrinkage=0.03


Tree=2
num_leaves=31
num_cat=0
split_feature=97 53 97 97 18 7 27 22 0 51 35 97 87 68 18 58 13 51 22 25 15 26 31 59 39 67 12 68 97 31
split_gain=167.679 41.9135 28.3603 24.8739 17.1785 21.3029 12.6103 12.3647 12.3573 10.4813 9.61952 8.97147 8.65986 8.55272 8.41685 8.38807 7.4616 6.61586 6.50637 6.24506 6.21603 6.02893 5.82211 5.49959 5.29238 5.01637 4.99737 4.54502 4.53087 6.46419
threshold=85.254433203377801 2.4850000000000008 118.33536869332234 58.467509210811841 0.4459634892706113 9.0550000000000015 2.5950000000000002 9.5172500000000024 1.0000000180025095e-35 1.3650000000000004 21.090000000000003 41.404186400607337 0.41500000000000004 16.866643835616447 0.15177835287243249 1.1794564050345862 3.3765000000000005 1.5450000000000002 7.1556500000000014 2.6287500000000006 1002.474 0.46140510271243435 -0.45749999999999963 19.840000000000003 1.6450000000000002 0.024836415362731096 213.90000000000003 9.868493150684932 25.761194695167973 0.33300000000000024
decision_type=10 2 10 8 8 2 2 2 2 2 10 10 2 8 10 10 8 2 2 2 10 2 2 10 2 2 10 10 10 2
left_child=1 3 15 6 -3 18 11 -7 9 21 27 20 -8 25 -13 19 24 -12 -6 -2 -1 -5 -14 -17 -11 -10 -24 -4 29 -22
right_child=2 4 10 8 5 7 12 -9 13 16 17 14 22 -15 -16 23 -18 -19 -20 -21 28 -23 26 -25 -26 -27 -28 -29 -30 -31
leaf_value=0.0037526997979080621 0.0060219636599726572 -0.0032266961740373425 0.023183953913128073 0.0024163846299089932 0.010076302115890926 -0.03325403010271006 -0.022289875438106475 -0.074227057420237122 0.0036839295913684636 0.0006755352459840954 0.037214988425903157 -0.0025414900812191265 0.0064486112837327005 -0.009242307833652038 0.003225134548702839 0.0069460931470151574 -0.0018368816277605246 0.017391082765148551 -0.027568169533113775 -0.00059944030052182869 -0.0071245930670700945 -0.02223550639270087 -0.0044184821054346754 0.012788001572526533 -0.0085239366993028441 0.00031822405658400504 -0.010229928668583499 0.01240702216374758 -0.004204300775294355 -0.021736238816938553
leaf_weight=69.696064233779907 524.23561358451843 19.696713805198669 41.666125357151031 500.37228724360466 7.5756591558456448 13.257403522729875 34.848032116889954 13.257403522729872 866.65540742874146 69.696064233779907 30.302636623382568 978.01759701967239 28.029938876628876 61.741622120141983 296.96583890914917 371.58608159422874 1193.5451000034809 30.302636623382568 9.0907909870147687 169.69476509094238 270.45103186368942 9.0907909870147687 245.07257369160652 237.87569749355316 292.42044341564178 737.86920177936554 291.66287750005722 227.64855763316154 710.97561177611351 30.302636623382568
leaf_count=46 346 13 29 1078 20 35 23 29 572 46 20 647 23 64 199 246 2749 20 24 112 180 24 182 157 193 493 194 151 473 20
internal_value=2.18288e-05 -0.00206515 0.00864707 -0.00183593 -0.0264442 -0.0370346 -0.00389156 -0.0537405 -0.000207448 -0.00175822 0.0165044 -0.00290314 -0.00777592 0.00171453 -0.00119834 0.00665819 -0.0029813 0.027303 -0.010457 0.00440276 -0.00491308 0.0019765 -0.00688035 0.00922622 -0.00675333 0.00213615 -0.00757643 0.0140743 -0.00551005 -0.0085968
internal_weight=8383.6 6750.29 1633.31 6687.41 62.878 43.1813 2956.02 26.5148 3731.39 2065.12 329.92 2356.41 599.613 1666.27 1274.98 1303.39 1555.66 60.6053 16.6665 693.93 1081.43 509.463 564.765 609.462 362.117 1604.52 536.735 269.315 1011.73 300.754
internal_count=8408 7327 1081 7206 121 108 1987 64 5219 4090 220 1565 422 1129 846 861 2988 40 44 458 719 1102 399 403 239 1065 376 180 673 200
is_linear=0
shrinkage=0.03


Tree=3
num_leaves=31
num_cat=0
split_feature=97 90 97 97 23 25 95 26 15 57 70 26 12 16 49 67 39 70 58 39 54 39 83 45 13 65 78 81 83 54
split_gain=149.452 30.3459 26.341 25.0508 23.7748 18.6129 10.3256 11.9683 10.0532 9.05685 8.48796 7.77792 8.23244 9.78136 7.23413 7.14792 6.6877 5.88471 5.83076 5.73224 6.53419 5.50857 5.49726 5.16894 5.06466 5.1564 4.90842 4.57993 4.45694 4.45571
threshold=85.254433203377801 2.1850000000000009 110.27313187179264 46.464203740823983 1.628118156267224 2.8512500000000007 21.620000000000001 0.55884143696331889 1002.474 17.475000000000005 3.8691499436918284 0.012583057392117894 310.89000000000004 -0.99759302102225911 1.7623684210526316 0.14525248933143661 2.0650000000000004 1.4452206009555777 2.0279266967926675 1.5250000000000001 -0.21000000000000005 1.3750000000000002 17.860000000000003 14.265000000000002 2.8920000000000003 2.3650000000000007 0.75500000000000034 11.065000000000003 13.380000000000001 -0.53999999999999981
decision_type=10 2 10 8 2 2 10 2 10 10 10 2 10 2 2 2 2 10 10 2 2 2 8 8 10 2 2 10 8 2
left_child=1 3 17 8 11 -6 7 9 27 19 -4 -3 13 -13 -15 29 23 26 -16 -5 22 -12 -21 -10 -19 -26 -2 -1 -22 -8
right_child=2 4 10 6 5 -7 15 -9 16 -11 21 12 -14 14 18 -17 -18 24 -20 20 28 -23 -24 -25 25 -27 -28 -29 -30 -31
leaf_value=0.013994155648569175 0.0058451505106039388 -0.039899339279777235 0.012345471928782072 0.0023104427533076235 -0.01525907415536735 -0.067076822400407896 0.00088420131810647848 -0.025730458443833006 -0.0042832106595777119 0.0071829075869211043 0.030015399904005834 -0.067150545950710502 -0.014752213840645985 0.024312983713287422 -0.0043287258660129535 -0.015570517695468111 -0.008185445050342386 0.012577991503749499 -0.017956820037349781 0.0055742183947334141 0.0061795316907212912 0.014335692608315556 0.00023234068882742307 0.0056681193867001156 0.0070428199862227576 -0.0052069675869140172 -0.00031456737671701064 0.0004983811066372021 -0.0017992727615732816 -0.0039270454148087677
leaf_weight=30.302636623382568 275.75399327278137 6.4393102824687949 413.63098990917206 953.39670476317406 15.151318311691286 10.605922818183897 246.96648848056793 15.530101269483565 1021.1988542079926 182.19460269808769 44.696389019489288 2.2726977467536917 95.45330536365509 7.5756591558456412 418.17638540267944 39.393427610397339 449.61537089943886 145.45265579223633 30.302636623382568 239.39082932472229 65.529451698064804 36.741946905851364 628.77970993518829 49.241784512996674 428.40352526307106 33.332900285720825 201.51253354549408 89.392778038978577 1638.2362924516201 580.29549133777618
leaf_count=20 182 5 273 1356 31 28 163 41 680 124 31 3 63 8 564 26 302 96 20 158 44 25 1063 34 285 22 133 59 2192 383
internal_value=3.99199e-05 -0.00188707 0.00835461 -0.00127311 -0.008414 -0.0365958 -0.000135996 0.000550535 -0.00445591 0.000660621 0.0140885 -0.00711829 -0.00673711 -0.00506785 -0.00475847 -0.00308526 -0.00511508 0.00573702 -0.00524954 0.000323539 -0.00041299 0.0229413 0.00170532 -0.00382544 0.0076963 0.0061585 0.00324438 0.00391503 -0.0014924 -0.00249072
internal_weight=8394.97 6815.44 1579.52 6229.46 585.977 25.7572 4589.71 3723.06 1639.75 3707.53 495.069 560.22 553.781 458.327 456.055 866.655 1520.06 1084.46 448.479 3525.33 2571.94 81.4383 868.171 1070.44 607.189 461.736 477.267 119.695 1703.77 827.262
internal_count=8414 7367 1047 6645 722 59 5550 4978 1095 4937 329 663 658 595 592 572 1016 718 584 4813 3457 56 1221 714 403 307 315 79 2236 546
is_linear=0
shrinkage=0.03


Tree=4
num_leaves=31
num_cat=0
split_feature=98 22 98 51 86 10 98 10 83 10 16 90 14 19 7 51 14 39 44 83 2 29 105 39 44 76 70 67 52 51
split_gain=112.046 26.06 25.7658 19.8431 31.3278 14.1185 11.7181 10.358 9.34634 9.73003 8.96926 7.12274 7.09738 6.83605 7.65953 6.10568 5.8404 5.78564 6.83706 6.79681 5.75867 5.62408 5.27858 5.21607 4.83054 4.79347 5.32988 4.65782 4.61864 4.4853
threshold=133.49507134317872 6.6306500000000002 172.04463190200957 0.68500000000000016 0.63511039253700541 8.7350000000000012 117.86423618263017 13.995000000000003 21.570000000000004 13.085000000000003 -0.5549170249155323 1.7250000000000003 59.655000000000008 0.8113189499055472 10.285000000000002 1.0950000000000004 79.50500000000001 1.6250000000000002 12.100000000000001 17.170000000000005 1.0000000180025095e-35 0.66499999999999992 130.50000000000003 1.4350000000000003 9.9186842105263171 4.5650000000000004 2.5492563879972137 0.14222617354196304 4.5950000000000006 1.6950000000000001
decision_type=10 2 10 2 2 8 8 10 10 10 2 2 10 10 2 2 10 2 10 10 2 2 2 2 10 2 10 2 2 2
left_child=1 5 8 4 -3 12 16 -4 9 -2 15 21 -1 14 -13 -9 24 -7 19 -19 -20 -8 23 -11 -5 26 27 -10 -27 -14
right_child=2 3 7 6 -6 17 11 10 25 22 -12 13 29 -15 -16 -17 -18 18 20 -21 -22 -23 -24 -25 -26 28 -28 -29 -30 -31
leaf_value=-0.0073306032039510581 0.002411956593611432 0.00094757258879670187 0.0059383676433844828 -0.021202010192835706 -0.060448769777034048 0.0014497991563299935 0.00021744677262618945 0.030867647190065642 -0.0015966693440054324 0.013509842918769726 0.011610468494578858 -0.0024688044359566768 -0.00041352405660159534 -0.015012388550828534 -0.028332528644635025 0.015950382004188062 -0.0034390603252633539 -0.00042398040409516127 0.0039184306400459421 -0.0043450486314609319 -0.0084171808067398449 0.016151583710477171 0.015367555864767454 0.0055625669877067902 -0.0079552915011388749 0.01070764888007981 0.0061418154106274419 -0.011931365445352995 -0.0032910946851456421 -0.0063238804092327679
leaf_weight=373.47999638319016 513.62969076633453 15.151318311691286 187.87634706497192 25.757241129875183 14.772535353899 1467.0263955295086 331.43508806824684 42.423691272735596 206.05792903900146 90.150343954563141 249.99675214290619 363.63163948059082 422.34299793839455 49.999350428581238 10.605922818183897 59.090141415596008 301.51123440265656 1147.3335791528225 337.87439835071564 609.08299612998962 37.87829577922821 21.211845636367798 77.271723389625549 423.47934681177139 649.99155557155609 63.635536909103394 63.635536909103394 48.484218597412109 31.817768454551697 159.08884227275848
leaf_count=248 339 31 124 17 33 1944 506 28 136 61 165 657 284 33 16 39 199 1826 223 402 25 26 51 281 435 42 42 32 21 105
internal_value=-9.00428e-05 -0.00206466 0.00599266 -0.00513808 -0.029362 -0.000860647 -0.00472484 0.0116248 0.0039916 0.00543206 0.0146642 -0.00197477 -0.00410356 -0.00459375 -0.00320178 0.0221845 -0.00691105 -2.61067e-07 -0.000997966 -0.00178371 0.00267492 0.00117589 0.00805723 0.00695744 -0.00846021 0.000145105 -0.00162378 -0.00356518 0.0060414 -0.00203069
internal_weight=8395.72 6338.18 2057.55 1784.07 29.9239 4554.11 1754.14 539.387 1518.16 1104.53 351.511 776.884 954.912 424.237 374.238 101.514 977.26 3599.2 2132.17 1756.42 375.753 352.647 590.901 513.63 675.749 413.631 318.178 254.542 95.4533 581.432
internal_count=8371 7010 1361 1953 64 5057 1889 356 1005 732 232 1238 637 706 673 67 651 4420 2476 2228 248 532 393 342 452 273 210 168 63 389
is_linear=0
shrinkage=0.03


Tree=5
num_leaves=31
num_cat=0
split_feature=97 53 97 82 97 7 90 83 3 21 54 91 98 27 70 39 95 2 98 85 13 98 83 80 39 32 58 28 27 40
split_gain=124.136 24.1036 22.2738 22.0065 21.1032 20.169 12.2068 11.941 8.04602 7.81183 7.69586 7.46144 7.12454 6.70512 6.2729 8.27125 6.25214 6.07443 7.26322 6.14269 6.02552 5.93182 4.8146 4.7917 3.94889 4.27033 3.83861 4.69757 3.83116 3.68078
threshold=83.946195274242939 2.6450000000000005 118.33536869332234 1.4501459185727057 55.572070724722678 9.0550000000000015 1.4050000000000005 17.590000000000003 3.2850000000000006 0.52261609476129534 -0.35500000000000004 0.050777869626830445 163.43199807871159 1.155 1.1924382361266106 0.85500000000000009 21.620000000000001 1.0000000180025095e-35 123.48576575882154 1.3389310344827587 8.3250000000000011 213.05218108230051 11.155000000000003 16.126319444444452 2.0350000000000006 8.4096428571428579 1.1643598236856165 2.7550000000000003 1.4450000000000001 2.3050000000000002
decision_type=10 2 10 8 8 2 2 10 2 10 2 2 10 2 10 2 10 2 10 2 10 10 8 10 2 10 10 2 2 2
left_child=1 4 9 -3 7 -5 17 13 -7 12 -9 -12 -2 -1 15 -15 -8 18 23 -19 21 -4 -17 -6 -16 -26 27 -11 -22 -21
right_child=2 3 20 5 6 8 16 10 -10 26 11 -13 -14 14 24 22 -18 19 -20 29 28 -23 -24 -25 25 -27 -28 -29 -30 -31
leaf_value=-0.033268842063952461 0.0076478507489448838 0.012377194538574046 0.015489591761975353 -0.0069810434297697182 0.00071282425702042624 -0.035623901304403599 -0.0016109327681181882 -0.0027101320393357873 -0.071755380340578101 0.0046181805839150833 -0.0062803065952739103 -0.014000389489151567 0.019336883532417512 0.049937288780895629 -0.0023550231946366878 0.0098461626398535854 -0.0067408445345831453 0.0023503789873141295 0.0045390246731836998 -0.0013350884141395171 0.020204756362956575 0.029493723876151803 -0.00043881628265515164 -0.016241304094769985 -0.017507152918520577 -0.0052886309962220318 0.0067533710701088304 -0.0010339033204431966 0.0071585409842666063 -0.0066580925079867985
leaf_weight=6.0605273246765128 228.02734059095383 12.121054649353026 148.48291945457458 14.772535353899 1533.6921961009502 12.121054649353029 871.57958588004112 462.49399146437645 10.227139860391615 486.35731780529022 685.21837064623833 134.84673297405243 59.090141415596008 3.0302636623382559 554.538250207901 43.938823103904724 283.32965242862701 238.63326340913773 557.94729682803154 282.95086947083473 24.999675214290619 33.332900285720825 604.91638359427452 15.151318311691282 31.817768454551697 134.84673297405243 415.14612174034119 181.81581974029541 106.81679409742355 199.23983579874039
leaf_count=4 152 8 98 36 1982 32 1455 306 21 321 453 89 39 2 366 29 187 585 369 468 18 22 427 10 21 89 274 120 72 313
internal_value=2.39569e-05 -0.00180779 0.00730439 -0.0227196 -0.00165281 -0.0341798 -0.000270599 -0.00372091 -0.0521586 0.00565388 -0.00580457 -0.00754975 0.0100535 -0.00178318 -0.00164421 0.00048859 -0.00286944 0.000790868 0.0016042 -0.0015863 0.0145164 0.018057 0.000257656 0.000546973 -0.00357201 -0.00762126 0.00448782 0.0030802 0.00963282 -0.00353454
internal_weight=8377.54 6693.47 1684.07 49.2418 6644.23 37.1207 3982.52 2661.71 22.3482 1370.44 1282.56 820.065 287.117 1379.15 1373.09 651.885 1154.91 2827.61 2106.79 720.824 313.632 181.816 648.855 1548.84 721.203 166.665 1083.32 668.173 131.816 482.191
internal_count=8368 7252 1116 97 7155 89 5369 1786 53 906 848 542 191 938 934 458 1642 3727 2361 1366 210 120 456 1992 476 110 715 441 90 781
is_linear=0
shrinkage=0.03


Tree=6
num_leaves=31
num_cat=0
split_feature=97 97 90 97 63 2 90 27 71 82 2 7 98 83 44 35 51 84 26 98 19 19 16 39 63 51 7 53 7 87
split_gain=127.689 25.6807 22.9471 22.1728 14.8263 14.6807 11.8574 10.6575 12.6352 10.0118 8.14693 10.6338 9.77236 8.43077 7.54303 7.41563 7.77456 6.86828 6.25094 5.7207 5.27635 5.12822 5.15032 4.79548 4.48354 4.38373 4.11169 4.15927 4.07575 3.919
threshold=84.787951784526797 118.33536869332234 2.1850000000000009 46.464203740823983 0.57500000000000007 1.0000000180025095e-35 2.555000000000001 1.0900000000000003 13.660000000000002 0.85813145083876152 1.0000000180025095e-35 10.385000000000003 118.20764017937243 17.170000000000005 11.066315789473686 20.000000000000004 1.1650000000000003 7.4965000000000837 0.012583057392117894 154.39783863055834 0.66333868616842395 -0.39634669659887273 -0.56676575645887362 2.4150000000000005 1.1950000000000001 2.8750000000000004 8.9050000000000029 0.98000000000000043 8.2650000000000023 1.385
decision_type=10 10 2 8 2 2 2 2 10 8 2 2 10 10 10 10 2 2 2 10 10 10 2 2 2 2 2 2 2 2
left_child=2 19 3 7 5 -4 -7 -1 9 -9 12 14 13 26 24 -3 -17 18 -6 29 -20 22 -21 -22 28 -15 27 -5 -12 -2
right_child=1 15 4 10 17 6 -8 8 -10 -11 11 -13 -14 25 -16 16 -18 -19 20 21 23 -23 -24 -25 -26 -27 -28 -29 -30 -31
leaf_value=-0.032317081639535075 0.0034269892759649142 0.011845594501493577 0.0059705373026913673 -0.00042243457048795794 -0.035704399313382762 -0.013606273591195792 -0.05866054402262165 0.018767975189218397 -0.0058653960339329295 -0.0011259339155939537 0.0028097711284877785 -0.026921641590388817 0.0028303961523060959 -0.0023610026053039537 -0.0061939562619861581 0.032827882352261986 0.015896525712424357 -0.017576357203591828 -0.0035330323572584322 0.02240447357808513 -0.0017680033796067011 0.0066577376469796595 0.0085945777898019365 -0.015602910089036715 -0.0025795028106177127 -0.0098029379554295491 0.005628461034449775 0.004300184771894382 -0.018463571580205059 0.010665356355028931
leaf_weight=12.121054649353026 721.96031755208969 207.57306087017059 8.3332250714302081 1279.5288314223289 6.0605273246765128 8.7120080292224902 13.257403522729872 23.863326340913773 1128.7732142210007 495.82689175009727 296.58705595135689 15.908884227275847 1076.5011660456657 743.55094614624977 299.99610257148743 36.363163948059082 74.241459727287292 45.453954935073853 410.22194328904152 41.287342399358749 33.332900285720825 383.32835328578949 59.090141415596008 69.696064233779907 408.32802850008011 78.786855220794678 137.11943072080612 193.17930847406387 8.3332250714302045 74.241459727287292
leaf_count=8 478 140 13 1791 4 23 35 18 745 337 726 42 712 499 198 24 49 30 561 28 22 253 39 46 940 52 131 378 22 49
internal_value=-6.86269e-05 0.00756134 -0.00186349 -0.00132325 -0.00749073 -0.0279339 -0.0407942 -0.00428935 -0.00408326 -0.000212438 -0.000237833 -0.0025849 0.000450603 -0.000602717 -0.00220279 0.0151888 0.021463 -0.00639385 -0.00541507 0.0056652 -0.00505741 0.00823843 0.0142749 -0.0111269 -0.000524085 -0.003074 0.000659674 0.000197045 0.00222839 0.00410193
internal_weight=8391.56 1598.09 6793.47 6198.4 595.068 30.3026 21.9694 1660.58 1648.46 519.69 4537.82 1029.15 3508.67 2432.17 1013.24 318.178 110.605 564.765 519.311 1279.91 513.251 483.706 100.377 103.029 713.248 822.338 1609.83 1472.71 304.92 796.202
internal_count=8393 1060 7333 6599 734 71 58 1108 1100 355 5491 1928 3563 2851 1886 213 73 663 633 847 629 320 67 68 1688 551 2300 2169 748 527
is_linear=0
shrinkage=0.03


Tree=7
num_leaves=31
num_cat=0
split_feature=97 90 97 97 95 63 57 14 53 54 16 69 90 51 19 39 71 20 39 20 32 98 26 53 39 18 92 98 95 36
split_gain=122.857 27.0834 23.6055 18.3124 11.5407 11.2107 8.6863 8.23321 8.11603 7.58429 7.58424 10.5083 7.51022 7.44395 6.4641 13.1165 6.1966 4.9681 4.82339 5.81445 4.82022 4.74034 4.68273 4.66666 4.4245 4.40942 4.33988 4.1364 4.50307 3.93713
threshold=82.240695522134487 2.1850000000000009 112.1673739795507 41.918117250617712 21.620000000000001 0.33500000000000008 17.775000000000002 59.835000000000008 2.4850000000000008 -0.41499999999999998 -0.5549170249155323 17.105000000000004 2.555000000000001 0.36500000000000005 0.82526134973477416 1.0750000000000004 13.510000000000002 -0.8822912129968894 2.1850000000000005 -0.77703610065724427 9.230500000000001 117.86423618263017 0.22141589825484537 0.98000000000000043 1.6250000000000002 -0.68708751080442276 12.450692041522492 169.437137331466 24.565000000000001 0.18250000000000458
decision_type=10 2 10 8 10 2 10 10 2 2 2 10 2 2 10 2 10 10 2 8 8 10 2 2 2 10 10 10 10 2
left_child=1 3 17 7 6 12 8 22 18 -6 11 -4 -3 -7 15 -15 20 -2 19 21 -9 -5 -1 26 -11 -12 -20 28 -19 -26
right_child=2 5 10 4 9 13 -8 16 -10 24 25 -13 -14 14 -16 -17 -18 27 23 -21 -22 -23 -24 -25 29 -27 -28 -29 -30 -31
leaf_value=-0.0067663259352272812 0.0086999169035983995 -0.011350405797286821 0.010129728511170021 0.0013431522683362064 0.00016138873001228496 0.039437464289499312 0.0075144735264985538 -0.00069130579283867993 -0.022228461420654638 0.00078758834553544475 0.016950044326039006 0.02698074793322025 -0.051668984352122374 -0.059422388011437115 -0.015945362664822049 -0.0059601415041016653 -0.0048228930418695538 0.00393504055409645 -0.0024432932893144362 -0.00010492576760953665 0.011016404796594895 0.0068763456026845254 -0.018659324397397207 0.0019327881767256193 -0.0091988667033105192 0.0084169379851700803 -0.010174292506727264 0.0079097809010254452 -0.0027165900325410437 -0.0038131105064037572
leaf_weight=468.93330174684525 252.64823284745216 7.9544421136379269 64.77188578248024 428.78230822086334 319.6928163766861 3.0302636623382559 142.42239212989807 284.84478425979614 14.772535353899 83.332250714302063 69.696064233779907 68.559715360403061 8.7120080292224866 4.1666125357151023 74.241459727287292 471.9635654091835 460.60007667541504 825.74684798717499 475.75139498710632 2274.9704445004463 35.605598032474518 206.43671199679375 31.817768454551697 191.28539368510246 262.11780679225922 249.99675214290619 75.756591558456421 204.54279720783234 103.02896451950073 228.78490650653839
leaf_count=311 169 21 45 283 211 2 94 191 39 55 46 46 23 8 49 610 304 545 719 3396 28 137 21 289 173 165 50 135 68 151
internal_value=-1.33876e-05 -0.00193552 0.00683899 -0.00134047 -0.000474308 -0.00818373 0.000245435 -0.00451922 -3.68289e-05 -0.00354206 0.012784 0.0187946 -0.032426 -0.00745364 -0.00771182 -0.00642799 -0.00259406 0.00489576 5.29133e-05 0.000603654 0.000609551 0.00314136 -0.00752201 -0.00210483 -0.00560387 0.0102772 -0.00350524 0.00404771 0.00319718 -0.00668884
internal_weight=8394.97 6555.98 1838.99 5985.91 4704.11 570.068 3810.18 1281.8 3667.76 893.928 453.024 133.332 16.6665 553.402 550.372 476.13 781.05 1385.97 3652.98 2910.19 320.45 635.219 500.751 742.793 574.235 319.693 551.508 1133.32 928.776 490.903
internal_count=8384 7165 1219 6452 5597 713 5007 855 4913 590 302 91 44 669 667 618 523 917 4874 3816 219 420 332 1058 379 211 769 748 613 324
is_linear=0
shrinkage=0.03


Tree=8
num_leaves=31
num_cat=0
split_feature=98 28 98 32 51 49 0 54 10 76 89 16 32 14 45 83 32 68 13 13 14 96 39 30 42 98 21 9 36 0
split_gain=95.1979 24.5346 22.0769 15.6282 13.3995 12.1917 10.3876 8.68407 8.61354 8.58676 8.39533 7.82121 7.11909 6.84837 5.89975 5.84703 6.52975 5.46988 5.32993 5.31986 5.04525 4.86427 4.85086 5.18028 6.42706 4.52943 4.51217 4.28735 4.20741 4.1524
threshold=133.49507134317872 2.6250000000000004 169.437137331466 9.7264285714285723 0.68500000000000016 1.6786842105263162 1.0000000180025095e-35 -0.4599999999999998 14.865 3.8050000000000002 3.3850000000000007 -0.5549170249155323 14.209285714285716 59.655000000000008 17.485000000000003 13.380000000000001 11.927857142857144 16.69705479452055 1.7065000000000003 11.075000000000001 54.095000000000006 -3.5869999999999318 1.5850000000000002 0.76000000000000023 0.70500000000000029 197.81151786485611 0.46831534062592745 329.39000000000004 -0.71649999999999625 1.0000000180025095e-35
decision_type=10 2 10 8 2 2 2 2 10 2 2 2 8 10 10 8 10 10 10 10 8 2 2 2 2 10 8 2 2 2
left_child=1 3 6 13 5 9 21 -6 -4 -3 12 14 19 -1 -10 -5 22 18 -8 -9 -12 -2 23 24 -17 -16 -14 -26 -15 -13
right_child=2 4 8 15 7 -7 17 10 11 -11 20 29 26 28 25 16 -18 -19 -20 -21 -22 -23 -24 -25 27 -27 -28 -29 -30 -31
leaf_value=-0.0057424217297439035 0.0071771178689947895 -0.022077791934811304 0.0064625216253969232 0.0065157636256578631 0.00036797517829608058 -0.041018403807955621 0.015386679116649812 -0.0082865745045577546 0.010557961676231405 0.016784894711414058 -0.017872838132241407 0.014516251693158587 0.002533535281285422 0.0096865427016639451 0.018080962183789465 0.00097495537451878838 0.0036482090529495834 -0.0062125181873791888 0.0055690123553506082 -0.0028478559567707532 -0.0078038283511565271 -0.00037414986023619315 -0.0013122967623975788 -0.017943270294063136 0.0047263641378224872 0.034287313720501228 -0.0032761176263281255 0.019281305434380919 -0.0018403961871475314 0.006524477587063377
leaf_weight=550.75042062997818 89.392778038978577 13.257403522729875 271.20859777927399 148.86170241236687 312.87472313642502 17.045233100652695 53.029614090919495 430.29744005203247 32.196551412343979 8.3332250714302045 56.059877753257751 124.24081015586853 158.33127635717392 29.545070707798004 30.302636623382568 773.85358276963234 466.66060400009155 33.332900285720825 809.08039784431458 259.46632608771324 222.72437918186188 543.9323273897171 1436.723758906126 12.121054649353026 50.756916344165802 31.817768454551697 501.12985315918922 28.408721834421158 804.91378530859947 110.60462367534637
leaf_count=365 59 35 179 99 322 39 35 284 22 13 37 82 109 21 20 1239 308 22 537 175 294 359 2011 29 107 21 882 63 535 73
internal_value=6.43212e-05 -0.00179371 0.00554653 -0.000522048 -0.00455775 -0.0220518 0.00363215 -0.0042095 0.0104213 -0.00707816 -0.00508922 0.013683 -0.00410994 -0.00314596 0.0209801 0.000723815 0.000412386 0.00571186 0.00617291 -0.00624071 -0.00982857 0.000691699 -0.000243617 0.00153112 0.00180784 0.0263818 -0.00188127 0.00994943 -0.00143227 0.0107524
internal_weight=8411.25 6282.12 2129.14 4302.6 1979.52 38.6359 1528.77 1940.88 600.371 21.5906 1628.01 329.162 1349.22 1385.21 94.317 2917.39 2768.52 895.443 862.11 689.764 278.784 633.325 2301.86 865.14 853.019 62.1204 659.461 79.1656 834.459 234.845
internal_count=8376 6967 1409 4777 2190 87 1012 2103 397 48 1781 218 1450 921 63 3856 3757 594 572 459 331 418 3449 1438 1409 41 991 170 556 155
is_linear=0
shrinkage=0.03


Tree=9
num_leaves=31
num_cat=0
split_feature=97 89 97 97 0 35 39 7 97 78 106 38 97 53 57 16 39 96 67 39 58 13 80 77 69 13 55 20 82 7
split_gain=104.987 20.0567 17.3481 15.4272 10.1196 9.36842 7.8603 7.69695 7.76235 7.50772 10.7251 12.5696 7.12528 6.08076 5.98362 5.52415 5.32401 4.92764 5.09185 6.02128 4.75809 4.87046 4.67697 4.63447 6.58316 4.4547 4.27661 4.26929 4.00603 3.9852
threshold=85.254433203377801 3.1950000000000007 118.33536869332234 55.572070724722678 1.0000000180025095e-35 20.98 2.2350000000000008 11.155000000000003 80.498147011467537 1.4450000000000005 6.5000000000000009 0.53232393237337405 52.380942449439011 3.2750000000000004 18.035000000000004 0.78908407281625292 1.4350000000000003 12.836500000000003 -0.016539829302987277 3.2550000000000003 1.1682169236809146 1.7065000000000003 7.4305448275862078 3.5250000000000008 18.815000000000001 7.5795000000000012 -0.065026315789473474 -0.94868298308194865 4.5929870952683558 6.1450000000000005
decision_type=10 2 10 8 2 10 2 2 8 2 2 2 8 2 8 2 2 2 2 2 10 10 10 2 10 10 2 10 10 2
left_child=1 3 16 6 7 29 14 8 -5 12 -11 23 -3 -13 15 22 25 18 -6 27 -18 -22 -1 24 -12 -2 -8 -20 -23 -4
right_child=2 9 5 4 17 -7 26 -9 -10 10 11 13 -14 -15 -16 -17 20 -19 19 -21 21 28 -24 -25 -26 -27 -28 -29 -30 -31
leaf_value=-0.01223967156803697 0.013986563034093969 -0.0084151579049543228 0.014028953583660058 -0.004419182335292992 0.0042763571809706124 0.024332722461387828 -0.0003265884284634958 -0.028864520627072655 5.4204148083827913e-05 0.028777090250667568 -0.0063194335618518491 -0.019056804251009918 -0.0011474709192687961 -0.050912815503650434 0.01150848422880307 0.0011643742560785936 0.0026253815058567003 0.013310693043390257 0.0040681462938735608 -0.011640065945864479 0.012461590759251497 0.0060730729880527417 -0.0026454530451978124 -0.003187543829134941 -0.01738732581853368 0.0055743905628056851 -0.0071700273517031421 -2.3463998389762857e-05 -0.0047022133901375839 0.006599948389318923
leaf_weight=47.347869724035263 107.57436001300812 187.87634706497192 151.13440015912056 483.32705414295197 484.84218597412109 56.059877753257751 99.998700857162476 9.0907909870147687 1257.1806369125843 6.4393102824687949 107.57436001300812 13.257403522729875 343.17735975980759 9.0907909870147687 29.545070707798004 367.41946905851364 566.65930485725403 33.332900285720825 306.8141958117485 34.848032116889954 103.02896451950073 348.48032116889954 1337.1038410067558 93.938173532485962 87.877646207809448 119.69541466236115 461.3576425909996 910.97301349043846 34.090466201305389 114.01367029547691
leaf_count=32 71 130 102 319 320 37 66 24 3130 5 194 26 498 21 21 247 374 22 210 23 68 230 884 113 58 79 306 602 24 76
internal_value=5.32439e-05 -0.00159312 0.00695699 -0.000969015 0.000286339 0.0131903 -0.00285539 -0.00133183 -0.00118802 -0.00590201 -0.00954616 -0.0103378 -0.00371864 -0.0320152 -0.00187993 -0.00210572 0.0053922 0.00188513 0.00166593 0.000655543 0.00449286 0.00667206 -0.00297357 -0.00866373 -0.0112957 0.00955615 -0.00595095 0.00100739 0.0051129 0.0108345
internal_weight=8313.15 6712.41 1600.74 5863.18 3520.41 321.208 2342.77 1749.6 1740.51 849.231 318.178 311.738 531.054 22.3482 1781.42 1751.87 1279.53 1770.81 1737.48 1252.64 1052.26 485.6 1384.45 289.39 195.452 227.27 561.356 1217.79 382.571 265.148
internal_count=8312 7251 1061 6206 4650 215 1556 3473 3449 1045 417 412 628 47 1184 1163 846 1177 1155 835 696 322 916 365 252 150 372 812 254 178
is_linear=0
shrinkage=0.03


Tree=10
num_leaves=31
num_cat=0
split_feature=97 97 90 97 23 53 69 95 32 35 39 94 26 83 72 55 70 70 80 30 13 55 68 32 24 90 45 68 37 21
split_gain=100.739 21.2726 18.0347 13.9681 13.198 10.9835 7.73014 7.70943 9.03581 7.08681 6.82031 6.55788 6.43394 6.08674 5.84007 5.58951 5.57627 4.96474 10.43 4.722 4.41211 4.2535 4.071 3.73246 4.0469 3.60389 5.37697 3.56832 3.55581 5.51729
threshold=82.240695522134487 121.68376010320102 2.1850000000000009 46.464203740823983 1.6279743308204742 2.8000000000000003 12.205000000000002 21.620000000000001 14.525 21.380000000000003 1.4450000000000001 1.2115066606171061 0.35495304543268158 16.075000000000003 4.2264999999999882 0.08800000000000005 1.5222595232343819 1.8929593696469618 5.2525724137931045 0.34000000000000025 2.9765000000000001 -0.063578947368420999 9.6641027397260295 15.567857142857145 111.86831950000001 1.3750000000000004 17.340000000000003 4.6593082191780821 2.4035000000000006 0.60355593965540077
decision_type=10 10 2 8 2 2 10 10 10 10 2 10 2 10 2 2 10 10 8 2 10 2 10 10 2 2 8 10 2 8
left_child=2 10 3 6 14 -6 11 8 12 22 13 -1 28 -2 17 25 -12 18 -4 27 23 -8 -3 -18 -25 26 -9 -13 29 -5
right_child=1 9 4 7 5 -7 21 15 -10 -11 16 19 -14 -15 -16 -17 20 -19 -20 -21 -22 -23 -24 24 -26 -27 -28 -29 -30 -31
leaf_value=0.014390433005319704 0.0040827475298377503 0.021912839266956134 0.075555194330820821 0.003160889154390984 -0.011156087939351486 -0.052044872395220633 -0.0021117437960516175 -0.0018365233700234059 0.007914022416398778 0.025676235665171875 0.0018914414314666753 0.010596978634705436 -0.012689775738715891 0.012903580328563109 -0.012069836392730559 -0.0086879585115609715 0.0043414463373038547 -0.012047675776027627 -0.0033120136992288969 -0.012756387647921945 0.0043417691716179079 -0.0061775078553722926 0.010446446924957905 0.016649732714935694 0.0042814297239734313 -0.0058586853355666185 0.0072947652560567981 -0.0012077574429685371 -0.0018023533839923713 -0.00010608926127174004
leaf_weight=24.999675214290619 122.7256783246994 32.575334370136261 1.5151318311691273 598.47707331180573 14.01496943831444 10.227139860391615 328.78360736370087 448.47902202606201 134.84673297405243 40.908559441566467 583.32575500011444 24.242109298706055 35.605598032474518 165.149369597435 107.57436001300812 128.78620564937592 69.696064233779907 63.635536909103394 382.94957032799721 30.68141958117485 448.10023906826973 783.32315671443939 192.80052551627159 83.332250714302063 33.332900285720825 156.05857861042023 66.66580057144165 467.03938695788383 683.32445585727692 2089.7455781400204
leaf_count=24 81 23 1 395 22 27 217 296 92 27 385 16 82 109 71 85 46 42 552 21 298 517 128 55 22 103 44 312 1087 3171
internal_value=2.34171e-05 0.00637264 -0.00168613 -0.00119793 -0.00673812 -0.028406 -0.00353939 -0.000303257 0.00029751 0.0141889 0.0049903 -0.00061943 -3.93263e-06 0.00914312 -0.00579282 -0.00296319 0.00400861 -0.00428591 -0.00300121 -0.00133834 0.00595513 -0.0049755 0.0121038 0.00983442 0.0131159 -0.00186475 -0.000654827 -0.000625257 0.000130038 0.000621236
internal_weight=8352.92 1771.95 6580.98 6001.06 579.917 24.2421 1659.07 4341.99 3542 266.284 1505.66 546.963 3407.15 287.875 555.675 799.99 1217.79 448.1 384.465 521.963 634.461 1112.11 225.376 186.361 116.665 671.203 515.145 491.281 3371.55 2688.22
internal_count=8351 1174 7177 6462 715 49 1107 5355 4827 178 996 373 4735 190 666 528 806 595 553 349 421 734 151 123 77 443 340 328 4653 3566
is_linear=0
shrinkage=0.03


Tree=11
num_leaves=31
num_cat=0
split_feature=97 26 37 97 32 55 97 65 16 69 78 98 12 66 53 54 95 45 90 3 82 20 98 0 68 68 91 95 54 66
split_gain=93.8596 26.18 18.21 14.4737 11.102 10.375 7.96315 10.014 7.86062 7.81161 7.55421 7.45484 7.05134 7.00884 6.4409 6.227 5.40062 5.66925 6.43559 5.26805 7.08586 5.20972 6.31698 5.20918 5.13621 3.86164 3.64768 3.52698 3.44749 3.43631
threshold=85.680523375904428 0.55884143696331889 2.5895000000000006 118.33536869332234 9.62214285714286 -0.065026315789473474 56.584147046311095 3.3100000000000009 -0.3530666443418673 17.370000000000001 2.4150000000000005 27.489621497709106 276.35000000000008 1.3650000000000004 2.5350000000000006 -0.19500000000000003 24.565000000000001 17.620000000000001 0.99500000000000033 2.0650000000000004 1.3587268369690961 -0.84860254829152315 163.43199807871159 1.0000000180025095e-35 12.241068493150687 11.032595890410962 -0.010281471421823327 22.980000000000004 0.15000000000000005 0.89500000000000024
decision_type=10 2 2 10 8 2 8 2 2 10 2 8 8 2 2 2 10 10 2 2 10 10 10 2 10 10 2 10 2 2
left_child=1 2 4 21 19 -4 11 16 9 26 -3 -7 13 15 24 -6 17 27 -19 -1 -21 22 -2 -13 29 -10 -5 -8 -26 -14
right_child=3 10 5 8 12 6 7 -9 25 -11 -12 23 14 -15 -16 -17 -18 18 -20 20 -22 -23 -24 -25 28 -27 -28 -29 -30 -31
leaf_value=-0.0019231254864413557 0.0066177191001997723 -0.018972785486178673 0.00025608725139302901 0.0023868331085834856 0.0048153486761183936 0.030332203841635548 -0.0027273603984507046 -0.021258922437264585 0.015401731835989415 0.025120624890158403 -0.051717889468511483 -0.016107856607510965 -0.00034880281908919745 0.010918352630551837 -0.022105195233127654 0.00029168744001820807 -0.0083161112809186019 0.015080432883484525 0.00021282348237751646 0.0045094973882031418 -0.0095459905146193947 0.0042923560185631681 0.018753822827829333 -0.0071630488536489085 -0.0014191288232318685 0.0056100769063491505 0.016545151695896466 -0.013511772132657002 -0.006820706894715361 0.0032499511061786805
leaf_weight=1148.8487109839916 169.3159821331501 17.802799016237262 418.17638540267944 28.029938876628876 383.32835328578949 4.5453954935073844 525.75074541568756 27.272372961044312 49.999350428581238 67.044583529233932 9.8483569025993329 66.66580057144165 1400.7393779158592 76.514157474040985 12.499837607145308 959.07844913005829 134.84673297405243 31.817768454551697 148.48291945457458 39.393427610397339 178.78555607795715 1030.2896451950073 49.999350428581238 484.08462005853653 309.0868935585022 131.81646931171417 39.393427610397339 28.78750479221344 162.11910593509674 287.8750479221344
leaf_count=765 114 41 420 20 253 3 890 36 33 45 17 44 2465 52 33 633 89 21 98 26 118 680 33 339 204 87 26 19 107 673
internal_value=1.01784e-05 -0.00150332 -0.00138535 0.00663712 -0.000433844 -0.00390768 -0.00510663 -0.00335873 0.0123701 0.0178695 -0.0306354 -0.00793 0.000441993 0.00208681 -0.000632372 0.00158343 -0.0027974 -0.00178468 0.00283652 -0.00273471 -0.00700819 0.00518607 0.0093845 -0.00824578 -0.000508099 0.00830278 0.0106591 -0.00328721 -0.00327755 0.000264713
internal_weight=8422.24 6856.35 6828.7 1565.89 4958.27 1870.43 1452.25 896.958 316.284 134.468 27.6512 555.296 3591.24 1418.92 2172.32 1342.41 869.686 734.839 180.301 1367.03 218.179 1249.6 219.315 550.75 2159.82 181.816 67.4234 554.538 471.206 1688.61
internal_count=8384 7346 7288 1038 5329 1959 1539 1153 211 91 58 386 4420 938 3482 886 1117 1028 119 909 144 827 147 383 3449 120 46 909 311 3138
is_linear=0
shrinkage=0.03


Tree=12
num_leaves=31
num_cat=0
split_feature=98 53 98 82 98 16 13 78 28 90 21 16 96 21 102 49 40 85 94 23 67 95 57 45 32 39 28 47 96 83
split_gain=72.6801 20.7006 17.5439 15.1451 15.0657 13.0081 12.3997 11.7986 11.5459 8.99759 8.44807 7.16223 6.9483 6.90481 6.68416 6.17986 5.45008 5.90005 5.01486 4.67927 4.41794 8.68017 7.58844 6.92222 3.88651 4.73694 3.85467 4.48393 3.52021 3.50332
threshold=140.80919729335429 2.6450000000000005 107.30573466150194 1.4579432686682092 188.94162870100484 0.34046154101284459 7.7535000000000007 2.4950000000000006 2.7550000000000003 1.4950000000000003 0.20047947611401848 -0.54960617940095735 8.8235000000000259 0.50686138996327013 34.000000000000007 1.2513157894736846 3.3050000000000002 2.7813448275862074 3.6615496202263094 1.6445329087238718 0.020661450924608842 21.375000000000004 18.225000000000005 16.975000000000005 12.632857142857146 1.6950000000000001 2.0250000000000004 13.625000000000002 7.6789999999999745 13.380000000000001
decision_type=10 2 8 8 10 2 10 2 2 2 8 2 2 10 2 2 2 2 10 2 2 10 10 10 10 2 2 10 2 10
left_child=1 2 5 -3 12 9 11 -5 10 26 -4 -6 13 18 -10 -16 17 29 -2 -12 23 22 -22 -17 -15 -26 -1 -28 -23 -7
right_child=4 3 8 7 6 16 -8 -9 14 -11 19 -13 -14 24 15 20 -18 -19 -20 -21 21 28 -24 -25 25 -27 27 -29 -30 -31
leaf_value=-0.0020526777281292385 0.0067356291131090281 0.0085537663545930172 0.0052790528578000838 -0.014993191541622356 0.026567570276271758 0.0024723045587884802 0.0036990519307082449 -0.048513078901212058 -0.020561312765999464 -0.0085992476266571576 -0.00022182024060965138 0.013024688981844385 -0.0026944838881681451 0.00017140711838667852 -0.047967125336953305 -0.0029342796511323192 -0.0062337505002960855 0.011307663391851297 0.015829399627585051 0.0034398137272260913 -0.002715491270288607 -0.010386594315680227 0.0093789919941910712 0.0046996069189234298 0.0081687115795407057 0.0030468076144467989 -0.0082011799757471526 -0.0034054746802600236 -0.00031121080568475765 -0.0015573539323477717
leaf_weight=831.04980939626694 206.05792903900146 12.121054649353026 376.88904300332069 21.211845636367798 51.514482259750366 319.31403341889381 95.45330536365509 17.045233100652695 18.181581974029541 381.81322145462036 1804.5220109224319 110.60462367534637 115.15001916885376 209.08819270133972 2.6514807045459738 259.46632608771324 119.69541466236115 43.938823103904724 74.241459727287292 380.29808962345123 390.52522948384285 177.27042424678802 53.029614090919495 181.81581974029541 248.48162031173706 469.69086766242981 260.60267496109009 537.11423414945602 37.87829577922821 495.44810879230499
leaf_count=550 136 8 251 56 34 216 63 33 12 252 3093 73 76 138 7 442 79 29 52 389 668 117 35 120 164 310 172 356 25 327
internal_value=-0.00014972 -0.00151071 -0.00136604 -0.0206691 0.00563939 -0.00307363 0.0122773 -0.0299278 1.99482e-05 -0.00445422 0.00113108 0.017328 0.00434678 0.00501822 -0.00251962 -0.00222212 -0.000236563 0.000599392 0.00914425 0.000415538 -0.00211186 -0.003668 -0.00126952 0.000211013 0.00377097 0.00481894 -0.00348255 -0.00497216 -0.00861276 2.19125e-05
internal_weight=8302.16 6721.88 6671.5 50.3781 1580.28 2988.98 257.572 38.2571 3682.53 2010.58 2561.71 162.119 1322.71 1207.56 1120.82 1102.64 978.396 858.701 280.299 2184.82 1099.99 658.704 443.555 441.282 927.261 718.172 1628.77 797.717 215.149 814.762
internal_count=8283 7237 7140 97 1046 1981 170 89 5159 1330 3733 107 876 800 1426 1414 651 572 188 3482 1407 845 703 562 612 474 1078 528 142 543
is_linear=0
shrinkage=0.03


Tree=13
num_leaves=31
num_cat=0
split_feature=97 62 97 97 87 42 83 7 54 8 27 39 0 91 51 35 54 15 98 24 87 97 97 69 7 97 98 27 98 40
split_gain=84.0856 17.9227 14.7904 13.9181 13.4398 11.4997 10.1921 8.24935 8.08174 7.06435 6.74527 9.49617 6.71315 6.65794 6.46747 6.20103 6.11604 5.56643 5.1989 5.18314 4.79892 5.50439 4.45676 7.36454 4.40692 4.01545 3.91427 3.79596 3.77991 3.63973
threshold=85.254433203377801 1.0547965640652173 121.68376010320102 57.933457420629317 0.37500000000000006 1.9650000000000001 16.350000000000005 9.6650000000000009 -0.38999999999999996 6.0950000000000006 1.155 0.70500000000000007 1.0000000180025095e-35 0.050452586206896514 1.3650000000000004 21.090000000000003 -0.315 1001.0295000000002 119.12784493935168 90.164722999999995 1.385 98.786857499834653 18.156418286121305 7.6660000000000013 8.8350000000000026 78.660274860852425 68.489656684671772 1.8150000000000002 79.207616098807136 2.2450000000000006
decision_type=10 2 10 8 2 2 10 2 2 2 2 2 2 2 2 10 2 10 10 2 2 10 10 10 2 8 10 2 10 2
left_child=1 3 20 6 7 9 10 -3 28 12 -1 -12 14 -10 19 -4 -13 -18 24 -5 21 -2 29 -24 27 -16 -15 -14 -8 -19
right_child=2 4 15 5 -6 -7 8 -9 13 -11 11 16 18 26 25 -17 17 22 -20 -21 -22 -23 23 -25 -26 -27 -28 -29 -30 -31
leaf_value=-0.024507405444882897 0.0024888367600860231 -0.0206066578060571 0.0104765369730551 0.0022024516600711976 -0.0041662029019765637 -0.026903606838161325 -0.0051803568276125112 -0.055305619270370969 -0.0047853785466935445 -0.0064018300462545981 0.074583465874923593 0.0048259408499339582 0.0018332592935321795 -0.020391338968052952 -0.0046725066446662213 0.022362592791705813 0.0084458359326732083 -0.0028185738302820727 0.0036806125918185466 -0.020639644354098045 0.010918238381050716 0.0064955684274121701 0.020806603274245324 -0.0017275160852517622 0.0073565953299032137 -0.0010637296897731869 -0.0089354546857097154 -0.0020664045108900629 0.0002582529369444207 -0.016338737605609999
leaf_weight=10.605922818183897 662.4913931787014 15.530101269483568 213.25480523705482 540.90206372737885 27.272372961044312 14.393752396106718 162.11910593509674 10.227139860391615 1049.2287930846214 150.75561720132828 1.5151318311691273 162.11910593509674 407.19167962670326 33.332900285720825 374.23756229877472 48.484218597412109 48.484218597412109 38.257078737020493 668.9307034611702 9.0907909870147687 109.08949184417725 577.64401063323021 13.257403522729872 846.20112770795822 72.726327896118164 1073.4709023833275 137.87699663639069 501.12985315918922 395.8281908929348 33.711683243513107
leaf_count=7 438 29 143 1146 33 32 107 24 694 158 1 113 277 22 247 32 32 26 443 18 72 382 14 566 48 2591 91 348 262 29
internal_value=-1.06923e-05 -0.00147099 0.00615186 -0.00133441 -0.0188435 -0.000139304 -0.00288826 -0.0343842 -0.00431305 -3.78836e-05 -0.000692867 -0.000471997 0.000225133 -0.00568046 -0.000944501 0.0126783 -0.000571573 -0.00146455 0.00164126 0.0018249 0.00488579 0.00435514 -0.00198042 -0.00137992 0.000250721 -0.00199661 -0.0111658 -0.000318223 -0.00132201 -0.0091517
internal_weight=8409.36 6798.4 1610.96 6745.37 53.0296 3812.83 2932.54 25.7572 1778.39 3798.44 1154.15 1143.55 3647.68 1220.44 1997.7 261.739 1142.03 979.912 1649.98 549.993 1349.22 1240.14 931.427 859.459 981.048 1447.71 171.21 908.322 557.947 71.9688
internal_count=8425 7358 1067 7272 86 5308 1964 53 1176 5276 788 781 5118 807 4002 175 780 667 1116 1164 892 820 635 580 673 2838 113 625 369 55
is_linear=0
shrinkage=0.03


Tree=14
num_leaves=31
num_cat=0
split_feature=97 97 53 97 39 16 83 27 51 7 20 0 16 45 13 54 30 13 8 20 35 67 7 97 45 71 87 63 97 37
split_gain=85.9188 16.8696 26.3932 13.1004 11.8885 11.2194 8.08907 9.10432 10.2436 6.98562 6.36454 6.28568 5.8713 6.90948 5.6053 5.5874 5.26549 5.40117 4.85012 4.44549 4.46918 4.97314 4.40316 4.36757 4.35101 4.22004 3.9505 3.8802 3.83457 3.74308
threshold=85.680523375904428 46.464203740823983 2.8000000000000003 118.33536869332234 2.4950000000000006 -0.97872343101613135 13.595000000000001 1.155 0.72500000000000009 9.0550000000000015 -0.84860254829152315 1.0000000180025095e-35 -0.41326336781504652 17.275000000000002 1.8765000000000003 -0.12999999999999998 0.95500000000000018 6.3510000000000009 5.6050000000000013 -0.9466211299194528 19.220000000000002 0.15114205353679036 8.8750000000000018 15.101685651389724 17.025000000000002 20.730000000000004 1.385 1.3150000000000002 70.582704612363969 1.8680000000000003
decision_type=10 8 2 10 2 2 10 2 2 2 10 2 2 10 8 2 2 8 2 10 10 2 2 10 8 8 2 2 10 2
left_child=1 5 4 10 11 -1 7 -7 -9 -4 -2 16 13 -5 -13 -6 17 -3 24 -17 25 -22 28 -10 -8 -21 -12 -19 29 -16
right_child=3 2 9 12 15 6 18 8 23 -11 26 14 -14 -15 22 19 -18 27 -20 20 21 -23 -24 -25 -26 -27 -28 -29 -30 -31
leaf_value=-0.08554733034945268 0.0094771624078693259 -0.0031163630788369674 -0.011291461426943776 0.008991462599416437 -0.00019026348477598157 -0.029490500898633948 -0.0048126739043338048 0.024736696423589385 -0.01178092177187 -0.046667156280480793 0.0034709941364807367 0.011325510302813256 0.0083690377983002689 0.022835876140792837 0.0018946131131468427 -0.0019302247155544682 -0.019430175731396819 0.0021575435675108587 -0.012619894046836925 -0.0059119155408595605 -3.9398001636482465e-05 -0.011848635089047491 0.0085447248290538031 0.00082817563816501704 0.0049518171435581843 -0.013775969869712213 0.010797034825426334 -0.0011572693574126286 0.0030420760317223816 -0.0013305230432991008
leaf_weight=1.5151318311691273 232.95151904225349 581.81062316894531 7.9544421136379269 58.332575500011444 391.6615783572197 9.0907909870147687 1287.8620564937592 15.530101269483565 26.893590003252029 13.636186480522154 949.98765814304352 51.514482259750366 181.81581974029541 73.105110853910446 588.62871640920639 318.17768454551697 13.636186480522154 589.38628232479095 69.696064233779907 148.86170241236687 131.81646931171417 42.423691272735596 72.726327896118164 306.43541285395622 42.423691272735596 104.54409635066986 71.211196064949036 689.76376613974571 584.84088683128357 720.06640276312828
leaf_count=1 156 384 21 40 431 6 850 11 23 36 627 34 120 49 396 540 30 1466 46 99 87 28 48 227 28 69 47 1632 386 485
internal_value=4.04463e-05 -0.00141694 -0.000535791 0.0063733 -0.000393717 -0.00394677 -0.00387644 0.000148128 0.00092047 -0.033634 0.00500258 0.000394731 0.0118611 0.0166917 0.00155673 -0.00309172 -0.000856025 -0.000719923 -0.00490545 -0.00461539 -0.0066132 -0.00291469 0.0013008 -0.000189149 -0.00450128 -0.00915628 0.00398186 0.000370077 0.00102258 0.000120088
internal_weight=8378.3 6810.9 5051.45 1567.4 5029.86 1759.45 1757.93 357.95 348.859 21.5906 1254.15 3892.37 313.254 131.438 2017.78 1137.49 1874.6 1860.96 1399.98 745.824 427.646 174.24 1966.26 333.329 1330.29 253.406 1021.2 1279.15 1893.54 1308.7
internal_count=8403 7364 6172 1039 6115 1192 1191 267 261 57 830 4861 209 89 1349 1254 3512 3482 924 823 283 115 1315 250 878 168 674 3098 1267 881
is_linear=0
shrinkage=0.03


Tree=15
num_leaves=31
num_cat=0
split_feature=98 98 62 39 27 20 32 35 51 39 54 33 95 24 75 7 20 69 13 7 67 95 77 34 70 31 39 21 54 95
split_gain=63.5542 16.556 16.2322 14.329 11.971 8.49249 8.47555 8.1684 7.6318 7.2005 6.87052 6.8282 6.63427 6.62203 5.81514 5.73008 5.36851 5.16123 4.82486 4.75085 4.61105 4.58601 5.43477 4.46487 4.38314 4.34591 4.58067 4.60568 4.58383 5.48932
threshold=133.49507134317872 169.437137331466 1.0547965640652173 2.2750000000000004 2.5650000000000004 -0.82937900620162497 9.62214285714286 19.895000000000003 1.1650000000000003 1.8150000000000002 -0.50499999999999989 15.965000000000002 24.565000000000001 141.113415 1.5750000000000004 8.7050000000000018 -0.12351487473923091 17.955000000000002 -1.4194999999999998 10.285000000000002 0.0054623044096727908 13.280000000000003 1.4950000000000006 0.79633877974427925 3.4031689449283848 0.99600000000000044 1.635 0.39602632159388967 -0.315 21.165000000000003
decision_type=10 10 2 2 2 10 8 10 2 2 2 8 10 2 2 2 10 10 8 2 2 8 2 10 10 2 2 8 2 10
left_child=2 12 4 -4 6 -3 9 17 -9 19 -6 15 16 23 -14 -12 -2 -7 -15 -1 -16 22 -8 -13 25 26 27 -23 -28 -30
right_child=1 5 3 -5 10 7 21 8 -10 -11 11 13 14 18 20 -17 -18 -19 -20 -21 -22 24 -24 -25 -26 -27 28 -29 29 -31
leaf_value=-0.0018293282617934056 0.0050728244097583827 0.016669403856109044 -0.042984040966425482 -0.0076705496224130365 0.0016165449611277366 0.0066566447736318137 0.0020086116657020633 0.023629286863872442 0.0088208596329254676 -0.006288451795111203 -0.0089919745396232348 -0.0034321773357760383 0.0050051627585362551 6.4225475629250302e-05 -0.001374095713316761 -0.0024355912118432556 0.00094780759122167811 -0.0018999494365984815 -0.014438919954771661 0.0069254220578442056 -0.012439106252476075 0.0059558937867351877 0.016630162066625105 0.0020267483382000774 0.010230432034753229 -0.016371250154581841 0.0012046381371485686 0.00065117334757936948 -0.0010732417926980252 -0.006236155613087286
leaf_weight=997.71431082487106 858.70096531510353 101.89261564612389 15.151318311691282 32.575334370136261 185.98243227601051 251.51188397407532 81.438335925340652 42.423691272735596 119.69541466236115 353.02571666240692 392.79792723059654 338.25318130850792 72.726327896118164 30.302636623382568 93.938173532485962 172.72502875328064 424.23691272735596 84.847382545471191 64.77188578248024 59.090141415596008 53.029614090919495 171.20989692211151 31.817768454551697 224.23951101303101 37.120729863643646 14.772535353899 635.97658613324165 1054.9105374515057 1231.4233957827091 218.17898368835449
leaf_count=666 569 68 34 47 194 166 56 28 79 233 266 728 48 20 62 114 280 56 69 39 35 113 21 148 26 36 806 1714 1589 144
internal_value=4.68234e-05 0.00456642 -0.00145152 -0.0188812 -0.00131939 0.00877752 -0.000616929 0.00716436 0.012696 -0.00257897 -0.00375554 -0.00457241 0.00288389 -0.00249367 -0.00193321 -0.00698949 0.00370878 0.00449822 -0.0098164 -0.00133982 -0.00536663 0.00017866 0.00611634 -0.00125596 -2.12682e-05 -0.000135669 -6.32467e-05 0.0013919 -0.000918734 -0.00185031
internal_weight=8446.48 2103 6343.48 47.7267 6295.75 600.371 4886.68 498.478 162.119 1409.83 1409.07 1223.09 1502.63 657.567 219.694 565.523 1282.94 336.359 95.0745 1056.8 146.968 3476.85 113.256 562.493 3363.59 3326.47 3311.7 1226.12 2085.58 1449.6
internal_count=8454 1391 7063 81 6982 397 5443 329 107 938 1539 1345 994 965 145 380 849 222 89 705 97 4505 77 876 4428 4402 4366 1827 2539 1733
is_linear=0
shrinkage=0.03


Tree=16
num_leaves=31
num_cat=0
split_feature=97 53 82 97 98 24 39 0 97 67 103 58 54 88 14 59 94 16 98 63 32 18 98 15 39 51 62 98 17 69
split_gain=78.0688 15.8013 22.4182 15.9455 14.8115 9.83453 8.58066 8.09413 7.64092 7.25253 7.17176 6.74328 6.36057 5.56436 5.34523 5.19446 5.08499 4.97147 4.78437 4.14653 4.0484 4.00999 3.96874 3.78138 3.57881 4.57232 3.40323 3.36014 3.26439 3.23027
threshold=86.779696716976176 2.6450000000000005 1.4579432686682092 55.081451248669559 188.94162870100484 141.113415 2.0550000000000002 1.0000000180025095e-35 79.687668224845581 0.024836415362731096 144.50000000000003 1.1794564050345862 -0.38999999999999996 4.8800000000000017 50.745000000000005 21.510000000000002 1.2115066606171061 0.072541918064764246 119.45100264592132 2.9650000000000003 18.211428571428574 0.38992753931474017 20.93283432316618 1017.7455000000001 0.49500000000000005 1.3150000000000002 1.0105576300228207 107.66377461695232 0.051725916674897877 17.150000000000002
decision_type=10 2 8 8 10 2 2 2 8 2 2 10 2 2 10 8 10 2 10 2 10 10 8 10 2 2 2 10 2 10
left_child=1 3 -3 6 11 26 16 8 -5 18 -6 15 -8 27 -14 -2 -1 29 21 -16 -17 -9 -18 -20 -10 -26 -4 -11 -28 -12
right_child=4 2 5 7 10 -7 12 9 24 13 17 -13 14 -15 19 20 22 -19 23 -21 -22 -23 -24 -25 25 -27 28 -29 -30 -31
leaf_value=0.010009738861044002 0.003720362690792733 0.01367747090110526 -0.010056000641340003 -0.0042396446990206572 0.024200233100323272 -0.057354718541561066 -0.0010982388776495061 0.00029999699689068119 -0.016317022993167139 -0.0026323602793175329 0.0075494801600243305 0.006977460259273113 -0.012081981058086879 -0.011557075301863716 -0.0048809153860815855 -0.0088997453355871472 -0.014479674352098808 0.0014949923208196843 0.0019373499893453427 -0.014931033711140086 0.0037285994627089137 0.0060246766278195564 -0.0018514466807950888 0.0080458890487028877 0.0027546669433269094 -0.0010860819089405719 -0.042548215236678281 0.0011521091116266304 -0.016849792347413097 0.016036816876576369
leaf_weight=32.196551412343979 524.23561358451843 15.151318311691282 13.636186480522158 627.26457810401917 40.908559441566467 8.7120080292224866 243.93622481822968 572.34104922413826 12.499837607145308 334.84413468837738 65.150668740272522 617.79500415921211 134.84673297405243 40.908559441566467 595.06802669167519 57.57500958442688 22.726977467536926 43.938823103904724 153.02831494808197 39.393427610397339 37.87829577922821 136.36186480522156 1547.7071655392647 225.75464284420013 362.49529060721397 1210.5903331041336 9.0907909870147723 571.5834833085537 8.7120080292224866 106.05922818183899
leaf_count=25 346 10 36 414 27 17 167 401 33 224 43 410 89 27 407 38 15 29 101 29 25 90 1026 149 903 2866 21 381 23 70
internal_value=-0.000101778 -0.00144452 -0.0174163 -0.00131583 0.00611848 -0.0291498 -0.00315844 -0.00018108 -0.00143687 0.00118458 0.0126862 0.00475951 -0.00531933 -0.000734361 -0.00665777 0.00254834 -0.00179224 0.0104969 0.00285622 -0.00550492 -0.0038885 0.00140149 -0.0020342 0.00557804 -0.000328085 -0.000201036 -0.021334 -0.000245915 -0.0299724 0.0128071
internal_weight=8412.39 6918.85 55.3023 6863.55 1493.54 40.151 2615.88 4247.67 2212.85 2034.82 256.057 1237.48 1013.24 947.336 769.308 619.689 1602.63 215.149 1087.49 634.461 95.4533 708.703 1570.43 378.783 1585.59 1573.09 31.439 906.428 17.8028 171.21
internal_count=8442 7454 107 7347 988 97 1758 5589 4216 1373 169 819 692 632 525 409 1066 142 741 436 63 491 1041 250 3802 3769 80 605 44 113
is_linear=0
shrinkage=0.03


Tree=17
num_leaves=31
num_cat=0
split_feature=97 97 90 97 51 29 95 57 70 80 67 80 39 12 54 54 83 64 42 66 84 96 19 46 43 32 51 34 77 34
split_gain=66.1213 15.3333 12.7433 12.8403 10.8478 6.29118 6.11761 6.55615 6.05914 5.97268 5.35528 6.04003 5.20544 4.97623 4.25153 3.96938 5.33806 4.7401 5.76308 3.81869 3.74334 3.70942 3.55954 3.58599 3.51254 3.39798 5.31258 3.34679 3.68305 3.10473
threshold=80.498147011467537 118.33536869332234 1.9650000000000005 39.654278602823929 0.41500000000000004 0.024999999999999915 21.510000000000002 17.055000000000003 2.9981664719444239 9.5910931034482783 0.015903271692745354 15.537500000000001 2.0450000000000004 244.22000000000003 -0.40000000000000019 -0.18999999999999981 17.755000000000003 2.5150000000000001 0.44000000000000011 1.4650000000000005 1.9830000000000612 -1.2515000000000212 -0.38510068249206081 0.91169552782075514 0.029272727272728141 15.925714285714287 1.1650000000000003 0.6276031499025404 3.895 0.45239047596776866
decision_type=10 10 2 8 2 2 10 10 10 8 2 10 2 10 2 2 8 2 2 2 2 2 10 10 2 10 2 8 2 10
left_child=2 8 3 12 -4 -6 7 15 10 -7 20 -12 -1 27 -8 16 -5 18 -17 21 29 -15 -10 -24 -16 -3 -27 -11 -29 -2
right_child=1 25 4 6 5 9 14 -9 22 13 11 -13 -14 19 24 17 -18 -19 -20 -21 -22 -23 23 -25 -26 26 -28 28 -30 -31
leaf_value=-0.0027128651762318317 -0.0024215216974091034 0.008194674708657021 -0.029593511657311285 0.0044005326202076894 -0.031763729492573743 0.0037895897509965045 0.00035348851997815087 0.0060422324824257597 0.014558086503753483 -0.010677139171056961 0.0021041096478350897 -0.0089629702072731472 -0.0075228490628643256 0.0023415494385905572 -0.0060835466320721485 -0.00065916437288910344 -3.6262709608281741e-05 -0.0026910759836325242 0.0037763571982805011 -0.014368169007530882 0.0083213956691308173 -0.0084680842181506719 0.012002602276501378 0.0026548445891052151 -0.0013572915632895854 0.024360121337659905 0.010992920668237965 -0.0016386863455840985 -0.015079576713178743 0.0047203264408276725
leaf_weight=786.35342037677765 68.180932402610779 163.25545480847359 15.908884227275847 371.20729863643646 7.5756591558456412 74.241459727287292 299.99610257148743 167.42206734418869 60.226490288972855 48.484218597412109 806.05013418197632 46.969086766242981 272.72372961044312 36.363163948059082 328.78360736370087 1417.7846110165119 712.49074360728264 746.95999276638031 323.8594289124012 72.726327896118164 219.69411551952362 133.3316011428833 57.57500958442688 103.02896451950073 248.48162031173706 36.741946905851364 98.483569025993347 365.52555426955223 19.317930847406387 278.78425693511963
leaf_count=525 45 110 36 245 5 49 198 118 42 32 532 31 183 24 217 1661 1224 1099 495 48 145 88 38 68 164 25 65 632 36 184
internal_value=-4.13993e-06 0.0048535 -0.00146454 -0.000972278 -0.00507697 -0.00456212 -0.000288886 0.000240019 0.00371556 -0.00428736 0.00299649 0.00149473 -0.00395149 -0.00517474 -0.00254358 -3.19114e-05 0.00148351 -0.000691822 0.000165623 -0.00861666 0.00525715 -0.00615173 0.00833833 0.00600593 -0.00404915 0.0111079 0.0146249 -0.00324918 -0.00231338 0.00331691
internal_weight=8388.53 1938.99 6449.54 5676.06 773.475 757.566 4616.99 3739.72 1640.51 749.99 1419.68 853.019 1059.08 675.749 877.261 3572.3 1083.7 2488.6 1741.64 242.421 566.659 169.695 220.83 160.604 577.265 298.481 135.226 433.328 384.843 346.965
internal_count=8364 1285 7079 6129 950 914 5421 4842 1085 909 937 563 708 860 579 4724 1469 3255 2156 160 374 112 148 106 381 200 90 700 668 229
is_linear=0
shrinkage=0.03


Tree=18
num_leaves=31
num_cat=0
split_feature=97 53 82 54 64 39 45 24 82 32 14 86 58 89 47 15 35 15 49 97 34 19 96 3 43 76 19 58 40 46
split_gain=62.2884 16.7263 18.4564 11.4054 13.7802 10.9615 10.8226 9.95904 7.34617 7.15775 7.04847 6.66051 6.45841 6.04704 5.39609 4.34966 4.1896 4.18337 4.14499 4.10148 4.25527 4.05589 4.34173 3.98073 3.95872 3.87524 3.89415 3.81504 3.76156 4.0018
threshold=85.254433203377801 2.6450000000000005 1.4579432686682092 -0.23000000000000007 2.6250000000000004 1.4350000000000003 17.340000000000003 141.113415 1.4351421691225192 9.8735714285714309 51.665000000000006 0.69122279175634183 1.1643598236856165 3.3850000000000007 22.600000000000005 1002.474 19.220000000000002 1025.4805000000003 1.2315789473684213 38.198724380280922 1.6051930588016996 0.8539143095751861 -0.58049999999997215 2.7350000000000008 0.15327272727272764 2.8850000000000002 0.27655996418848405 0.64415004367209339 2.2250000000000005 0.95548570016848655
decision_type=10 2 8 2 2 2 10 2 8 8 8 2 10 2 10 10 10 10 2 8 10 10 2 2 2 2 10 10 2 10
left_child=1 3 -3 8 9 6 -2 -4 -1 15 13 16 23 17 -14 -5 18 -6 -12 -10 28 22 27 -7 -11 26 -20 -13 29 -21
right_child=5 2 7 4 10 12 -8 -9 19 24 11 21 14 -15 -16 -17 -18 -19 25 20 -22 -23 -24 -25 -26 -27 -28 -29 -30 -31
leaf_value=0.0052043857766882317 0.0077682358655132011 0.013791813753245809 -0.019909863398216897 0.0046644190338286078 -0.0047043499722797038 0.0031607765682725541 0.022442897854085386 -0.055376383665358048 -0.0031990727593501625 -0.00015312828361732861 -0.036875168496324148 -0.0087297386044458292 0.0050223277998641489 -0.017692961159367217 0.013204469577442949 -0.0032997169495915376 0.0050461229097892666 -0.014084114144654212 -0.00019190683567928824 0.00058704989873742462 0.0070390781135143644 -0.010455544495922418 -0.0053397911466981076 -0.0024730866474786807 0.0033028313233409825 -0.0027253866101926752 0.010948340873517202 0.0037935604910381126 -0.00086004111396387846 0.0067039175075492702
leaf_weight=289.39017975330353 307.57176172733307 12.121054649353026 28.78750479221344 66.66580057144165 296.96583890914917 456.05468118190765 53.029614090919495 9.4695739448070508 292.42044341564178 1430.6632315814495 3.0302636623382559 28.408721834421158 560.21999457478523 45.453954935073853 83.332250714302063 831.8073753118515 87.877646207809448 49.999350428581238 110.98340663313866 303.78393214941025 89.392778038978577 106.05922818183899 510.59942710399628 149.99805128574371 376.88904300332069 647.34007486701012 37.87829577922821 95.45330536365509 879.91281095147133 140.90726029872894
leaf_count=191 206 8 73 44 196 301 35 19 199 1791 8 30 372 30 55 555 58 33 179 487 59 70 733 99 551 761 25 63 1078 93
internal_value=1.49947e-05 -0.001246 -0.0184678 -0.00111693 -0.00191997 0.00531853 0.00992627 -0.0286887 0.000784681 -0.000520337 -0.0037949 -0.00292477 0.00398886 -0.00740393 0.00608182 -0.00270879 -0.00117138 -0.00605602 -0.00185502 3.51463e-05 0.000703996 -0.00502524 -0.00411749 0.0017664 0.000567467 -0.00172173 0.00264276 0.000921244 0.000276464 0.00252527
internal_weight=8382.47 6772.26 50.3781 6721.88 4726.07 1610.21 360.601 38.2571 1995.81 2706.03 2020.05 1627.63 1249.6 392.419 643.552 898.473 887.11 346.965 799.232 1706.42 1414 740.521 634.461 606.053 1807.55 796.202 148.862 123.862 1324.6 444.691
internal_count=8402 7334 100 7234 5127 1068 241 92 2107 2941 2186 1927 827 259 427 599 1031 229 973 1916 1717 896 826 400 2342 965 204 93 1658 580
is_linear=0
shrinkage=0.03


Tree=19
num_leaves=31
num_cat=0
split_feature=97 62 97 7 97 83 42 0 98 61 47 90 54 37 95 58 61 54 59 45 39 35 57 12 43 103 80 57 39 18
split_gain=59.9091 16.5617 12.2013 11.5874 11.5562 8.68461 8.26889 6.5508 7.12557 5.56727 5.29096 5.10591 5.00527 4.76001 5.22256 7.7647 7.21607 5.29606 4.36459 4.2197 4.00995 4.48974 3.99996 3.84568 3.66091 3.69003 3.59611 3.70167 4.76735 3.42328
threshold=82.240695522134487 1.0547965640652173 112.1673739795507 10.485000000000001 55.572070724722678 17.720000000000002 1.9650000000000001 1.0000000180025095e-35 117.86423618263017 1.8071621621621625 16.825000000000003 1.7050000000000003 -0.17000000000000001 1.0007142857142859 13.280000000000003 1.2529018599128559 1.0000000000000002 -0.24999999999999986 21.090000000000003 17.025000000000002 1.425 19.405000000000005 17.910000000000004 297.86000000000007 0.13227272727272787 143.50000000000003 17.171708333333335 18.265000000000004 2.5250000000000004 0.60758312756420951
decision_type=10 2 10 2 8 10 2 2 10 2 8 2 2 2 10 10 2 2 8 10 2 10 8 10 2 2 10 10 2 10
left_child=1 4 26 -3 5 13 7 9 10 24 -9 22 -11 -1 15 16 -15 -16 19 -13 21 -4 -7 -14 -6 -26 27 28 -2 -18
right_child=2 3 20 -5 6 11 -8 8 -10 12 -12 18 23 14 17 -17 29 -19 -20 -21 -22 -23 -24 -25 25 -27 -28 -29 -30 -31
leaf_value=-0.038663651104533361 0.0034345535461506654 -0.0098453972536905864 0.010359864986755001 -0.041670112641468728 -0.00074436753327217567 -0.0041387612592512796 -0.022557990931392376 0.00081154804623391084 0.0036130998951190737 -0.0004344079937074368 -0.0043142545932659641 -0.0084357404015735563 -0.0025800033371285867 0.036730674290664275 0.0017876299353989215 -0.0090980339113777738 0.00090556419919883373 -0.002970030296681794 -0.01666781889537073 0.0035134979398257116 0.0070337804936909387 0.023018063746937427 0.0030261149057301787 -0.0073328683373199057 -0.0080508022831661443 0.0046807552136927198 -0.0044015764561812429 0.0069057778349212286 -0.0045996994784062006 0.0090434030751215515
leaf_weight=3.0302636623382559 998.47187674045563 42.044908314943314 121.58932945132256 13.636186480522154 485.22096893191338 943.54834786057472 14.772535353899 866.65540742874146 700.74847191572189 598.47707331180573 229.16368946433067 162.11910593509674 451.88806864619255 6.4393102824687949 275.75399327278137 39.393427610397339 107.19557705521584 890.89751672744751 46.969086766242981 31.817768454551697 303.40514919161797 31.817768454551697 75.756591558456421 231.81517016887665 22.348194509744644 246.20892256498337 51.514482259750366 257.57241129875183 71.211196064949036 82.195901840925217
leaf_count=2 662 60 81 27 1002 625 33 572 464 1172 179 107 1130 5 182 26 94 588 31 21 201 21 50 153 50 542 34 170 47 58
internal_value=-8.28548e-06 -0.00134735 0.00478315 -0.0176392 -0.00120805 -0.00272642 -0.000156237 -6.98886e-05 0.00125046 -0.00123499 -0.000260388 -0.0045346 -0.00243782 -0.00110448 -0.00102329 0.00305462 0.00549925 -0.00184549 -0.00846254 -0.00647532 0.00903241 0.0129853 -0.00360625 -0.0041915 0.000811035 0.00362129 0.00337529 0.00367713 0.0028997 0.00443739
internal_weight=8403.68 6568.1 1835.58 55.6811 6512.42 2665.12 3847.3 3832.53 1796.57 2035.96 1095.82 1260.21 1282.18 1404.91 1401.88 235.224 195.831 1166.65 240.906 193.937 456.812 153.407 1019.3 683.703 753.778 268.557 1378.77 1327.26 1069.68 189.391
internal_count=8389 7173 1216 87 7086 1789 5297 5264 1215 4049 751 834 2455 955 953 183 157 770 159 128 303 102 675 1283 1594 592 913 879 709 152
is_linear=0
shrinkage=0.03


Tree=20
num_leaves=31
num_cat=0
split_feature=97 8 51 97 33 13 3 70 27 43 33 3 54 7 15 13 18 103 41 55 33 79 91 66 98 83 8 0 16 19
split_gain=53.4281 12.6476 12.8116 9.98605 8.10529 8.8152 6.92431 6.07829 5.98917 6.09701 5.9869 6.16358 5.43313 5.35178 4.64732 4.62652 4.24532 4.15175 6.04692 3.80731 3.79467 3.78756 3.67651 3.62492 3.5338 3.47933 3.23707 3.21319 3.20363 3.20295
threshold=79.687668224845581 4.7950000000000008 0.68500000000000016 112.1673739795507 15.425000000000002 6.9115000000000011 1.9550000000000003 1.5958262357995947 0.96500000000000008 0.15327272727272764 16.415000000000003 3.9750000000000005 -0.315 8.6750000000000025 1005.8350000000002 8.0450000000000017 0.4459634892706113 143.50000000000003 0.94000000000000039 -0.14328947368421038 10.615 0.10225934838948537 0.017625232153065256 -0.10499999999999997 188.94162870100484 10.620000000000003 5.5450000000000008 1.0000000180025095e-35 -0.51690689471379203 -0.3632512304729783
decision_type=10 2 2 10 10 8 2 10 2 2 8 2 2 2 8 10 10 2 2 2 10 2 2 2 10 8 2 2 2 8
left_child=1 4 -3 7 5 6 20 22 -7 12 13 14 16 21 -12 24 -10 18 -11 -8 -1 -4 -2 -14 -5 -19 -15 -22 -26 -25
right_child=3 2 10 15 -6 8 19 -9 9 17 11 -13 23 26 -16 -17 -18 25 -20 -21 27 -23 -24 29 28 -27 -28 -29 -30 -31
leaf_value=-0.0033928409075095855 0.0034026655400819041 -0.029352399745154287 -0.0076121300094898082 0.007902400328216496 0.00612270843369302 -0.019244568487542947 0.0015779822986507095 0.0050626944119324608 0.00049661706460754032 0.0010563483108769836 -0.026483096137978685 -0.0075236254948290804 -0.0030995188085212147 0.00043208603266989986 -4.2493622751933986e-05 0.0046143798827420947 0.0060822558275437973 0.026829799484161768 -0.023379479336966054 -0.0054138571887074795 -0.0016354301134403799 -0.017421254440453809 -0.00062678035765892945 -0.0034463608286250808 0.022086623330320184 0.0039175466788036392 -0.0091218073986934749 0.0033194606259060676 0.011115091561647821 0.00013345550123818446
leaf_weight=313.63228905200958 390.90401244163513 18.181581974029541 249.61796918511391 146.96778762340546 146.96778762340546 14.772535353899 77.271723389625549 734.83893811702728 698.85455712676048 36.741946905851364 6.0605273246765128 141.28604325652122 719.30883684754372 116.66515100002289 466.28182104229927 183.33095157146454 148.48291945457458 6.0605273246765128 12.121054649353026 754.53565192222595 233.33030200004578 41.287342399358749 425.75204455852509 274.61764439940453 37.87829577922821 378.02539187669754 43.938823103904724 237.87569749355316 65.150668740272522 1243.5444504320621
leaf_count=207 258 36 167 97 97 30 51 488 1044 43 4 133 888 77 694 124 98 4 26 498 154 28 281 182 25 623 29 157 43 1795
internal_value=-9.08046e-05 -0.0014282 -0.00438169 0.00420775 -0.00082407 -0.00102235 -0.00285721 0.00308317 -0.000182628 -0.000102579 -0.00395544 -0.00202614 -0.000570477 -0.00657748 -0.000381748 0.00823422 0.00147541 0.00323124 -0.00500525 -0.00476434 -0.000835944 -0.00900431 0.00130197 -0.00134526 0.0108888 0.00427908 -0.00218172 0.000865913 0.0151487 -0.000514091
internal_weight=8364.29 6379.46 1083.32 1984.82 5296.14 5149.18 1616.65 1551.49 3532.53 3517.76 1065.14 613.628 3084.81 451.509 472.342 433.328 847.337 432.949 48.863 831.807 784.838 290.905 816.656 2237.47 249.997 384.086 160.604 471.206 103.029 1518.16
internal_count=8381 7065 1168 1316 5897 5800 1067 1027 4733 4703 1132 831 4007 301 698 289 1142 696 69 549 518 195 539 2865 165 627 106 311 68 1977
is_linear=0
shrinkage=0.03


Tree=21
num_leaves=31
num_cat=0
split_feature=97 53 97 82 7 39 98 14 13 70 74 21 88 12 7 98 9 33 28 71 96 97 58 30 51 67 88 82 3 74
split_gain=55.0677 15.2154 12.6278 11.8859 13.6899 10.2262 9.24046 6.22369 6.01664 5.88379 5.64185 5.16562 4.68049 4.63306 5.88178 6.11879 5.49179 4.5749 5.17752 4.27527 6.11978 4.20071 4.17799 3.95618 4.42304 3.88074 4.07202 3.78096 3.88228 3.65705
threshold=90.768873776688963 2.7300000000000004 46.464203740823983 1.4501459185727057 9.0550000000000015 2.5250000000000004 166.8551742420932 60.595000000000006 7.8080000000000007 3.7036977195867755 0.42150614188511626 0.99644152329566282 3.8950000000000005 286.27500000000003 8.7650000000000023 107.66377461695232 298.35500000000008 17.255000000000006 3.8150000000000004 13.380000000000001 -10.170499999999945 18.895194944134655 1.1682169236809146 0.76000000000000023 1.1950000000000001 0.027585348506401156 3.4750000000000005 5.0721250288802517 4.0950000000000006 0.4676221871117085
decision_type=10 2 8 8 2 2 10 10 10 10 2 10 2 8 2 10 2 10 2 10 2 10 10 2 2 2 2 10 2 2
left_child=1 2 7 -3 -5 13 22 21 9 -8 -11 17 -6 14 15 -4 -17 27 -19 20 -9 -1 -2 24 -15 -23 -27 28 -7 -20
right_child=6 3 5 4 12 11 8 19 -10 10 -12 -13 -14 23 -16 16 -18 18 29 -21 -22 25 -24 -25 -26 26 -28 -29 -30 -31
leaf_value=-0.012457278453716992 0.0013413046830733754 0.0086814096778663023 -0.00068394347085376831 -0.0027608588578505308 -0.031402270611272889 -0.0026235687753296466 0.009180743211527077 0.043347035570137075 0.0038670176022972775 0.02742564425766135 0.0099529596685360086 -0.0097933675009320171 -0.061018168376512659 0.0028957468684700318 0.0086143687813713017 0.00078029431524063672 0.0056733697376452671 0.0057015039058886524 -0.010165931378289255 -0.0031168281243474849 0.00054768921999093668 -0.0031883670403288268 0.0057381837774430396 -0.012019332677647496 -0.00073630904118803116 -0.0049296769567829558 -0.014528107667210419 -0.014946876086202592 -0.018558886734578655 0.00020759524714196499
leaf_weight=65.150668740272522 363.63163948059082 10.605922818183897 756.42956671118736 12.121054649353026 12.121054649353029 755.29321783781052 283.32965242862701 3.0302636623382559 148.86170241236687 34.848032116889954 31.817768454551697 84.847382545471191 7.9544421136379233 354.16206553578377 104.54409635066986 445.82754132151604 384.46470215916634 125.75594198703766 40.908559441566467 627.26457810401917 388.25253173708916 517.41752034425735 418.17638540267944 25.757241129875183 2039.3674447536469 110.60462367534637 62.120405077934265 24.242109298706055 14.014969438314436 121.21054649353027
leaf_count=43 240 7 500 29 32 1001 187 2 99 23 21 56 15 722 69 295 256 83 27 414 281 343 279 50 3110 73 41 16 25 80
internal_value=3.2309e-06 -0.00103045 -0.000922198 -0.018863 -0.0279365 -0.000186092 0.0057287 -0.00311197 0.00891886 0.0110675 0.0190864 -0.00266547 -0.0431369 0.000517373 0.00172197 0.00126785 0.00304602 -0.00210622 0.00113343 -0.00158174 0.000879146 -0.00517554 0.00369312 -0.000324734 -0.000198887 -0.00448814 -0.00838174 -0.00328147 -0.00291387 -0.00241002
internal_weight=8374.13 7093.47 7050.67 42.8025 32.1966 5276.83 1280.67 1773.84 498.857 349.995 66.6658 1166.27 20.0755 4110.55 1691.27 1586.72 830.292 1081.43 287.875 1018.55 391.283 755.293 781.808 2419.29 2393.53 690.143 172.725 793.55 769.308 162.119
internal_count=8419 7570 7487 83 76 6290 849 1197 330 231 44 1288 47 5002 1120 1051 551 1232 190 697 283 500 519 3882 3832 457 114 1042 1026 107
is_linear=0
shrinkage=0.03


Tree=22
num_leaves=31
num_cat=0
split_feature=97 65 97 94 39 7 55 33 7 32 21 44 39 3 96 83 14 21 98 98 83 7 24 89 98 36 104 71 3 59
split_gain=53.3549 12.6196 12.5951 12.3072 10.018 9.40242 8.00677 7.053 6.91292 6.56514 6.23054 7.48635 6.19365 6.00687 6.932 5.83553 5.44044 4.6432 5.19731 4.62829 4.33436 5.04058 4.30339 3.97848 3.97791 3.7492 3.71697 3.52794 3.65294 3.41261
threshold=79.687668224845581 3.3100000000000009 106.0998024355472 2.6055852316248651 2.0450000000000004 9.6050000000000022 -0.13171052631578947 16.375000000000004 8.7050000000000018 8.5915000000000017 0.60355593965540077 10.008157894736843 1.425 3.9150000000000005 11.45750000000004 19.845000000000002 52.215000000000011 0.31150571677201871 163.43199807871159 75.159629477274393 13.380000000000001 8.9850000000000012 96.029247000000012 1.8950000000000005 188.94162870100484 0.50450000000000739 0.50346020761245691 12.745000000000003 1.8950000000000002 24.565000000000001
decision_type=10 2 10 8 2 2 2 8 2 8 8 8 2 2 2 10 10 10 10 10 8 2 2 2 10 2 2 10 2 8
left_child=1 4 17 -3 9 -5 -6 8 22 16 11 -11 15 14 25 -4 -1 18 -2 -10 -12 27 -8 -14 -25 -9 -23 -22 -29 -19
right_child=2 3 12 5 6 -7 7 13 19 10 20 -13 23 -15 -16 -17 -18 29 -20 -21 21 26 -24 24 -26 -27 -28 28 -30 -31
leaf_value=-0.008849636687652325 0.0045427740292910187 0.0098833291365718716 0.0093280988569128497 -0.014139220922953218 0.0026191054561714778 -0.044977906156148065 -0.0052481694760346366 -0.0013014991217847136 -0.0041698041156411824 -0.0011265113272680035 0.0041525147185059287 0.0050428768948599084 0.0022575607415823598 -0.0069737705305190209 0.019025729760411891 0.021542470291241889 -0.0017391806644739794 0.0021241071901346277 0.016884103054026774 0.0035429455844190466 0.00078434313212306895 -0.0068194989811367034 -0.013570936346864333 0.0058820925525549204 0.014311709616806832 0.0056793418443541466 -0.031358375886625545 -0.00039130851098383412 -0.0037075967900247358 -0.0059022288648294431
leaf_weight=114.01367029547691 258.70876017212868 12.87862056493759 140.52847734093666 28.78750479221344 227.26977467536926 12.87862056493759 1040.1380020976067 639.38563275337219 143.9375239610672 286.35991609096527 170.83111396431923 463.6303403377533 168.17963325977325 135.60429888963699 16.666450142860413 46.969086766242981 643.17346233129501 1025.7442497014999 34.848032116889954 136.36186480522156 906.04883503913879 20.833062678575519 59.090141415596008 181.81581974029541 69.696064233779907 77.650506347417831 7.5756591558456412 775.74749755859375 486.35731780529022 49.999350428581238
leaf_count=76 173 13 95 37 231 28 691 1331 95 189 115 309 111 133 11 31 429 677 23 90 2296 55 39 120 46 52 20 512 321 33
internal_value=-5.04892e-05 -0.00138009 0.00425836 -0.0157486 -0.00125668 -0.0236712 -0.00274718 -0.0032895 -0.00462318 -0.000304164 0.000304444 0.00268729 0.00785471 -0.00117305 -0.000100946 0.0123879 -0.00280984 0.00266363 0.00600781 -0.000417656 -0.000450442 -0.000808423 -0.00569557 0.00582953 0.00821801 -0.000545518 -0.0133632 -0.000643921 -0.00166925 0.00175105
internal_weight=8381.71 6405.22 1976.49 54.5447 6350.68 41.6661 2476.1 2248.83 1379.53 3874.57 3117.38 749.99 607.189 869.307 733.703 187.498 757.187 1369.3 293.557 280.299 2367.39 2196.56 1099.23 419.692 251.512 717.036 28.4087 2168.15 1262.1 1075.74
internal_count=8382 7073 1309 78 6995 65 2673 2442 915 4322 3817 498 403 1527 1394 126 505 906 196 185 3319 3204 730 277 166 1383 75 3129 833 710
is_linear=0
shrinkage=0.03


Tree=23
num_leaves=31
num_cat=0
split_feature=97 53 86 38 39 70 32 54 74 35 33 93 27 13 65 13 27 21 14 99 72 79 99 30 13 87 12 3 33 13
split_gain=48.3418 14.2817 13.6239 9.46405 9.16255 8.85972 7.83365 7.19973 6.99617 6.43816 5.85575 5.39325 5.5069 5.62082 5.4326 5.36703 5.21009 4.94171 4.9104 4.52305 5.01079 6.4759 4.50515 4.43762 4.25767 4.24193 3.9894 3.9005 3.73725 3.67448
threshold=90.768873776688963 2.6450000000000005 0.65684866778907425 0.97625220880080099 2.4950000000000006 3.1035391052031684 9.230500000000001 -0.1799999999999998 0.34539336310487673 18.715000000000003 15.115 12.010000000000002 1.8050000000000004 7.2890000000000006 1.0950000000000006 2.3065000000000002 4.0250000000000012 0.31150571677201871 51.795000000000009 1.2208580292986853 2.7769999999999873 0.050174935209181766 1.7611331510154287 0.76000000000000023 2.8050000000000002 0.35500000000000004 262.65000000000003 3.6450000000000005 19.675000000000004 7.9675000000000002
decision_type=10 2 2 2 2 10 8 2 2 8 10 8 2 8 2 10 2 8 10 2 2 2 2 2 10 2 10 2 10 10
left_child=1 4 -3 -4 6 19 18 -6 29 15 11 14 17 26 -8 -9 28 -13 -1 -2 22 -22 -21 -19 -12 -26 -14 -17 -11 -7
right_child=5 2 3 -5 7 8 10 9 -10 16 24 12 13 -15 -16 27 -18 23 -20 20 21 -23 -24 -25 25 -27 -28 -29 -30 -31
leaf_value=-0.0071839169170036278 0.0063583148956855989 0.0046830966538402661 -0.017699918126504843 -0.052736625601575507 1.4665868133003003e-05 0.022439422370065649 0.002390206965713747 -0.013297163271177494 0.0067049493093229769 -0.0016235508766744974 0.011606417666697665 0.0048595041297015609 -0.00037137262009300572 -0.00011588278688619057 0.015542775035470528 -0.0040881039889412015 -0.0096089222065256115 0.00049567420548163755 -0.0016667345604053281 -0.0014941300994573403 0.013999852341413727 0.0016457204946060818 0.0053925124623462328 -0.015820750170615742 -0.0056788137664366238 0.0041629297066903036 -0.0049393081471320356 -0.012742037245150682 0.0098148477652389658 0.010058603200122741
leaf_weight=171.58867987990379 465.14547216892242 17.424016058444977 23.48454338312149 9.8483569025993329 513.62969076633453 51.514482259750366 126.89229086041451 93.938173532485962 156.43736156821251 448.10023906826973 56.059877753257751 253.02701580524445 263.63293862342834 1326.4979181885719 36.363163948059082 333.32900285720825 72.347544938325882 1520.0560096204281 943.54834786057472 281.81452059745789 66.66580057144165 89.392778038978577 122.7256783246994 15.151318311691282 46.969086766242981 245.07257369160652 495.44810879230499 54.544745922088623 27.272372961044312 37.120729863643646
leaf_count=114 307 31 50 20 513 34 86 62 104 655 37 167 174 1990 24 223 56 2102 628 186 44 59 81 34 31 164 327 36 18 26
internal_value=7.29782e-06 -0.000957948 -0.0168144 -0.0280517 -0.000843682 0.0053957 -0.000270559 -0.00288647 0.0105203 -0.00433384 0.000300368 -2.1545e-05 -0.000246646 -0.00129403 0.00531978 -0.00686327 -0.00210878 0.000974891 -0.00251568 0.00417131 0.00235669 0.00692321 0.000595076 0.000334644 0.00403372 0.00258008 -0.00335284 -0.00530506 -0.000967324 0.0172543
internal_weight=8365.04 7094.23 50.7569 33.3329 7043.47 1270.82 5500.31 1543.16 245.073 1029.53 4385.17 4037.07 3873.81 2085.58 163.255 481.812 547.72 1788.23 1115.14 1025.74 560.599 156.059 404.54 1535.21 348.102 292.042 759.081 387.874 475.373 88.6352
internal_count=8383 7542 101 70 7441 841 5878 1563 164 1050 5136 4904 4794 2491 110 321 729 2303 742 677 370 103 267 2136 232 195 501 259 673 60
is_linear=0
shrinkage=0.03


Tree=24
num_leaves=31
num_cat=0
split_feature=98 26 98 80 0 54 86 53 10 67 39 59 57 14 44 43 20 83 32 95 54 93 13 89 80 64 23 67 98 3
split_gain=42.8418 13.6174 11.8364 10.9426 10.2988 7.27617 7.77083 10.7433 6.40823 5.47741 5.37672 5.32169 6.22653 4.91154 4.90445 4.86681 4.81668 4.70439 4.46971 4.24885 3.84194 3.76267 3.66922 3.64042 3.97223 3.59471 5.15745 3.55796 3.49584 3.45118
threshold=158.94100804604378 0.55884143696331889 117.86423618263017 12.489068965517243 1.0000000180025095e-35 -0.3199999999999999 0.6776112468896397 2.8000000000000003 13.995000000000003 0.0054623044096727908 1.4350000000000003 24.205000000000002 18.865000000000006 59.485000000000007 9.0588421052631602 0.14363636363636381 -0.67610475961772587 21.805000000000003 8.6548571428571446 19.615000000000006 -0.85999999999999988 12.010000000000002 2.1555000000000004 1.8950000000000005 15.3443275862069 2.6250000000000004 1.6396732508465985 -0.04837126600284497 137.74812173263123 2.0050000000000003
decision_type=10 2 10 10 2 2 2 2 10 2 2 10 10 8 10 2 10 10 10 10 2 8 10 2 10 2 2 2 10 2
left_child=1 2 3 5 11 14 13 -8 16 22 19 12 17 18 -1 -15 -2 28 -7 -10 -5 29 -6 -12 -25 -23 -27 -19 -4 -17
right_child=8 -3 4 20 9 6 7 -9 10 -11 23 -13 -14 15 -16 21 -18 27 -20 -21 -22 25 -24 24 -26 26 -28 -29 -30 -31
leaf_value=-3.841639415289784e-05 0.010766822922654089 -0.021071744438508067 -0.0027680805223227406 0.00079985716829657964 0.011514250040390864 -0.0087313513569439501 -0.0036135450347937097 -0.02946123493552192 0.0086863561926336548 0.0013005637428551292 0.0021585094614920935 -0.013491888555835038 0.0062134116811536902 -0.00074237713142268904 0.0046483863082735742 0.0032826308668678426 0.0012175575466672366 -0.0020182877416571182 -0.0018329109375143885 0.019570070583441079 -0.004849008511791617 0.0037146190171789264 0.0041803101383444197 0.0098535417483887836 0.0010322001207495343 -0.00061690765004268448 -0.022403929887702706 -0.0098839226241275759 0.0022014770248027799 0.016806491469763565
leaf_weight=543.17476147413254 57.57500958442688 29.545070707798004 266.6632022857666 122.7256783246994 71.211196064949036 104.16531339287758 712.11196064949036 14.772535353899 73.483893811702728 881.04915982484818 122.7256783246994 31.817768454551697 95.45330536365509 1561.7221349775791 318.93525046110153 38.635861694812775 272.72372961044312 109.08949184417725 448.47902202606201 57.57500958442688 925.74554884433746 257.19362834095955 445.44875836372375 254.54214763641357 56.059877753257751 125.37715902924538 10.605922818183897 98.483569025993347 243.93622481822968 30.302636623382568
leaf_count=1020 38 63 176 81 47 71 1073 33 50 586 81 21 63 2131 212 27 180 72 296 38 611 460 294 168 37 214 13 65 161 20
internal_value=-3.53073e-06 -0.000744995 -0.00066446 -0.00144842 0.00115776 -0.000758902 -0.00139944 -0.00413885 0.00620098 0.00273871 0.00814329 -0.00145592 -0.000985235 -0.000626587 0.00169545 5.78788e-05 0.00288211 -0.00194202 -0.00313317 0.0134676 -0.0041878 0.00276235 0.00519115 0.00653296 0.0082614 0.00162882 -0.00231617 -0.00575016 -0.0003939 0.00922718
internal_weight=8381.33 7486.65 7457.1 5213.95 2243.15 4165.48 3303.37 726.884 894.685 1397.71 564.387 845.444 813.626 2576.48 862.11 2023.84 330.299 718.172 552.644 131.059 1048.47 462.115 516.66 433.328 310.602 393.177 135.983 207.573 510.599 68.9385
internal_count=8402 7810 7747 6262 1485 5570 4338 1106 592 927 374 558 537 3232 1232 2865 218 474 367 88 692 734 341 286 205 687 227 137 337 47
is_linear=0
shrinkage=0.03


Tree=25
num_leaves=31
num_cat=0
split_feature=97 42 97 23 98 62 30 21 13 22 2 71 96 98 47 80 23 16 59 55 39 83 13 13 67 19 41 20 100 19
split_gain=45.0554 9.19167 9.47234 8.95671 8.50104 8.25195 5.92281 5.89031 6.18512 5.81596 5.41963 5.38981 5.72791 5.01697 4.94854 4.94037 4.88404 4.29747 4.42743 4.19675 4.79092 4.12606 3.91201 3.54703 3.58383 3.29958 3.29623 3.26671 4.2791 3.12301
threshold=85.680523375904428 1.9650000000000001 46.464203740823983 1.6327897069128234 170.5344729799634 1.1220428583524209 -0.97499999999999976 0.35494379914052432 7.7535000000000007 14.554250000000001 1.0000000180025095e-35 13.510000000000002 -11.006500000000015 119.12784493935168 15.875000000000002 9.1561758620689684 1.6075843472010996 -0.52532314051678164 21.510000000000002 -0.059184210526315735 2.0150000000000001 16.960000000000004 -0.21349999999999997 27.735000000000003 -0.022885383555591266 0.71269927775223529 1.0050000000000006 -0.90179481294261976 0.75945458252107834 0.55781753696788494
decision_type=10 2 8 2 10 2 2 10 10 2 2 10 2 10 10 10 2 2 8 2 2 10 8 10 2 10 2 10 2 10
left_child=1 2 6 -3 16 9 -1 -6 15 10 13 12 -8 21 -12 -9 25 -18 -19 -13 -21 23 -11 26 -25 -2 -4 -15 -29 -26
right_child=4 3 5 -5 7 -7 11 8 -10 22 14 19 -14 27 -16 -17 17 18 -20 20 -22 -23 -24 24 29 -27 -28 28 -30 -31
leaf_value=0.056511597661246429 -0.010809199773411906 -0.0011540198731524675 0.00018354873491213065 -0.037067574286370961 0.015201662240856126 -0.017159218802587032 0.040924859284301375 0.019448928495294272 0.00094947466792092263 -0.0013067140424464665 -0.00065792988938862353 -0.0011219493362929409 -0.00044616715426316824 0.0051766378857350552 -0.0053265430118820756 0.0074005031243915189 0.0070943080530660478 0.0032500230720642767 -0.0049038004478139741 -0.0029022042700045719 -0.0072763771196993985 -0.0015593109277342867 -0.01039374082735027 0.014175960990549857 -0.00057399902120127202 0.0025946929118717951 0.0087793654381906269 0.0040211727853462099 -0.00062085121345575791 0.0096097544322655236
leaf_weight=1.5151318311691273 36.363163948059082 12.499837607145311 1457.5568215847015 12.499837607145308 82.195901840925217 25.757241129875183 3.0302636623382559 34.848032116889954 128.78620564937592 90.907909870147705 874.2310665845871 357.57111215591431 498.09958949685097 279.54182285070419 266.6632022857666 253.02701580524445 249.99675214290619 748.47512459754944 65.150668740272522 478.78165864944458 425.75204455852509 1023.8503349125385 80.301987051963806 31.817768454551697 80.301987051963806 30.302636623382568 41.287342399358749 312.11715722084045 418.17638540267944 40.908559441566467
leaf_count=1 24 12 2222 33 55 44 2 23 85 60 1939 236 361 186 176 167 168 494 43 316 281 684 113 21 53 20 103 206 276 27
internal_value=0.000118264 -0.000953426 -0.000886555 -0.0191108 0.00460013 -0.00022233 -0.0027773 0.00786213 0.00641424 -0.00013504 5.77125e-05 -0.00282824 -0.000196002 0.000617036 -0.00174913 0.008859 0.00316043 0.00365414 0.00259711 -0.0038734 -0.00496107 -6.29423e-05 -0.00556877 0.000864525 0.00521521 -0.00471652 0.00042033 0.00241875 0.00136308 0.00286302
internal_weight=8442.31 6813.17 6788.17 24.9997 1629.15 5023.42 1764.75 498.857 416.661 4997.66 4826.45 1763.23 501.13 3685.56 1140.89 287.875 1130.29 1063.62 813.626 1262.1 904.534 2675.72 171.21 1651.87 153.028 66.6658 1498.84 1009.84 730.294 121.211
internal_count=8431 7352 7307 45 1079 6110 1197 330 275 6066 5893 1196 363 3778 2115 190 749 705 537 833 597 3110 173 2426 101 44 2325 668 482 80
is_linear=0
shrinkage=0.03


Tree=26
num_leaves=31
num_cat=0
split_feature=97 89 39 45 54 97 83 62 87 90 58 13 97 95 78 56 41 49 54 63 63 74 39 33 19 82 67 77 18 88
split_gain=40.9604 10.0781 8.60061 8.24637 6.20631 5.71199 5.48858 5.22087 7.51807 5.97993 4.91383 4.87495 5.58554 4.53994 4.3963 4.19675 4.02885 4.00179 3.97026 4.9766 5.87179 3.91902 3.56806 3.54575 4.09243 3.84781 3.19483 3.33534 3.08827 3.07371
threshold=82.240695522134487 3.1950000000000007 1.4450000000000001 18.045000000000005 -0.21999999999999983 68.027351977578817 16.960000000000004 1.0547965640652173 0.51500000000000012 2.555000000000001 1.1846099187028674 11.160000000000002 16.270874430149401 13.280000000000003 0.94000000000000039 15.435675675675675 0.94000000000000039 1.9478947368421051 -0.58999999999999986 0.19500000000000003 0.36500000000000005 0.33865689005563576 3.0450000000000004 17.685000000000006 0.97019004232587946 2.1457730200805369 0.089473684210526275 1.4950000000000006 -0.067579955882323642 1.905
decision_type=10 2 2 10 2 8 8 2 2 2 10 10 10 10 2 10 2 2 2 2 2 2 2 10 10 10 2 2 10 2
left_child=1 4 3 28 6 11 -1 18 9 -9 -4 12 -6 14 -13 -12 -17 -14 -3 -20 -21 -22 -15 24 -19 -26 27 -16 -2 -30
right_child=2 7 10 -5 5 -7 -8 8 -10 -11 15 13 17 22 26 16 -18 23 19 20 21 -23 -24 -25 25 -27 -28 -29 29 -31
leaf_value=0.0039669017374264204 0.008432457165263918 -0.00026245791586894076 0.0011794823792139364 0.020596837663108328 -0.014927288365469702 0.00011383886999261799 -6.8573052885727341e-05 -0.0064627142405873318 0.00032698104243319493 -0.034847442049590886 0.0032733180498975634 -0.0011087323431999399 -0.0014201354698380327 -0.0012273046263493602 0.005652467258683274 0.011337435760865827 0.0016590082294640656 -0.0061744826497018238 -0.049150655000016912 0.01668391503601499 0.0030700634202460134 -0.0058421477083791997 -0.011660868798952439 0.0040595042262253737 -0.0059531327940590536 0.0068568728246689355 0.00052260300941942071 0.018810170167666059 -0.0013173186017007049 0.0079890048582352356
leaf_weight=407.57046258449554 237.87569749355316 239.39082932472229 736.35406994819641 40.908559441566467 36.363163948059082 1650.3573471009731 1185.9694408476353 10.984705775976183 20.075496762990952 17.045233100652695 503.40255090594292 104.16531339287758 695.06672754883766 765.52035769820213 40.529776483774185 133.3316011428833 54.544745922088623 543.9323273897171 2.2726977467536917 11.363488733768461 48.484218597412109 528.02344316244125 30.68141958117485 39.393427610397339 39.393427610397339 45.453954935073853 38.257078737020493 30.302636623382568 74.241459727287292 56.059877753257751
leaf_count=269 160 266 486 27 24 2872 1379 26 23 27 333 71 461 509 29 88 36 359 6 24 50 641 21 26 26 30 26 20 49 37
internal_value=2.58133e-05 -0.00108734 0.00398372 0.00781872 -0.000622981 -0.00124578 0.000963557 -0.00407832 -0.0136868 -0.0237237 0.0028848 -0.00217721 -0.00332331 -0.000588144 0.00329931 0.00470132 0.00852757 -0.00301379 -0.00352112 -0.00484299 -0.00467169 -0.00509263 -0.00162936 -0.00467158 -0.00521859 0.00090937 0.00750837 0.0112814 0.00639893 0.00268656
internal_weight=8367.32 6530.6 1836.72 409.086 5652.96 4059.42 1593.54 877.64 48.1054 28.0299 1427.63 2409.06 1399.6 1009.46 213.255 691.279 187.876 1363.24 829.535 590.144 587.871 576.508 796.202 668.173 628.78 84.8474 109.089 70.8324 368.177 130.301
internal_count=8401 7185 1216 273 6122 4474 1648 1063 76 53 943 1602 926 676 146 457 124 902 987 721 715 691 530 441 415 56 75 49 246 86
is_linear=0
shrinkage=0.03


Tree=27
num_leaves=31
num_cat=0
split_feature=97 31 97 53 7 92 39 39 93 15 21 91 27 98 32 14 83 16 25 87 54 18 54 66 72 56 19 62 68 14
split_gain=37.669 11.6001 9.52057 10.7853 9.51726 7.4062 6.84319 6.7392 5.6851 4.7425 4.52238 4.88801 4.14974 4.45526 3.90239 5.06683 4.26513 3.90195 3.82372 3.73909 3.44812 3.42954 3.36243 3.2964 3.1701 4.30386 4.05126 3.42088 3.0599 3.02537
threshold=90.768873776688963 0.99600000000000044 55.572070724722678 2.8000000000000003 8.9350000000000005 5.6895657439446383 2.0550000000000002 1.4350000000000003 18.250000000000004 1018.0765000000001 0.31150571677201871 0.017197626358053844 3.3750000000000004 118.20764017937243 9.7264285714285723 59.655000000000008 11.155000000000003 -0.92980860373494434 2.006250000000001 1.385 -0.33999999999999991 -0.54749019786132302 -0.16999999999999979 1.3650000000000004 0.86800000000005195 17.212297297297301 -0.42182703755409506 0.53840667109070373 14.013335616438358 54.925000000000004
decision_type=10 2 8 2 2 10 2 2 10 10 8 2 2 10 8 10 10 2 2 2 2 10 2 2 2 8 10 2 10 8
left_child=1 2 6 10 -5 18 14 8 -2 -8 12 29 13 21 15 -1 -17 -13 -3 24 -11 -4 -19 -16 25 27 -26 -9 -21 -12
right_child=7 5 3 4 -6 -7 9 19 -10 20 11 17 -14 -15 23 16 -18 22 -20 28 -22 -23 -24 -25 26 -27 -28 -29 -30 -31
leaf_value=-0.0042770815547842206 0.0070145831997103659 -0.019821318342370872 -0.0007653717093248244 0.0027750264066908111 -0.036374421254179272 0.0002968707198891874 -0.001912875234441019 0.0011592470851363279 0.018577695968724092 -0.0022036686235975891 -0.0016602300537778285 0.0072916313149918267 -0.0043970042597869501 0.0053130138694804626 0.00070745405729931725 0.00928147496738802 -0.00085907355057911856 0.00016714137233544803 -0.047525993113843146 0.0034930109647772021 -0.0075717997387900471 0.0054427471461729231 -0.0025187841395136923 0.010950009599348443 0.01186850563090964 -0.0091700957537633465 0.0036657658942833003 0.010823050230266343 0.015352527556014104 0.0015499558919507071
leaf_weight=478.4028756916523 242.04231002926826 10.984705775976186 323.48064595460892 9.4695739448070544 13.636186480522154 10.605922818183897 466.28182104229927 353.02571666240692 45.453954935073853 149.99805128574371 328.78360736370087 46.211520850658417 78.786855220794678 354.91963145136833 423.47934681177139 39.393427610397339 712.49074360728264 661.35504430532455 7.5756591558456412 36.363163948059082 381.81322145462036 106.43801113963127 1146.9547961950302 30.302636623382568 62.499188035726547 33.332900285720825 407.57046258449554 36.363163948059082 42.423691272735596 1345.437066078186
leaf_count=318 162 26 218 25 33 7 331 233 30 99 217 101 52 235 281 26 474 1014 17 24 252 71 1633 20 42 22 269 24 28 2118
internal_value=2.42744e-05 -0.000820844 -0.000743257 0.00011309 -0.0203296 -0.0197016 -0.00215301 0.00480794 0.00884274 -0.00412136 0.000220627 -0.000255593 0.00216645 0.00282533 -0.000986429 -0.00186348 -0.00032778 -0.00131648 -0.0311293 0.00361401 -0.00605771 0.000771616 -0.00153646 0.00139143 0.00306115 0.00117604 0.00475638 0.0020617 0.0098789 0.000919539
internal_weight=8385.88 7126.8 7097.64 4415.47 23.1058 29.1663 2682.16 1259.07 287.496 998.093 4392.37 3528.74 863.625 784.838 1684.07 1230.29 751.884 1854.52 18.5604 971.578 531.811 429.919 1808.31 453.782 892.791 422.722 470.07 389.389 78.7869 1674.22
internal_count=8402 7568 7518 5717 58 50 1801 834 192 682 5659 5083 576 524 1119 818 500 2748 43 642 351 289 2647 301 590 279 311 257 52 2335
is_linear=0
shrinkage=0.03


Tree=28
num_leaves=31
num_cat=0
split_feature=97 22 63 97 2 102 13 27 39 98 13 49 54 96 81 65 15 54 45 70 74 78 24 58 59 70 43 105 89 98
split_gain=35.8346 10.3049 9.93833 8.424 8.03132 6.87325 6.66432 6.67201 13.6247 6.05725 5.54263 5.10115 4.74513 4.69557 4.31963 7.11184 4.31744 4.20848 4.20272 3.9697 4.22879 3.73396 3.52408 3.44544 3.4973 3.12894 3.07898 3.02633 2.99998 3.1574
threshold=90.768873776688963 14.554250000000001 0.69500000000000006 55.572070724722678 1.0000000180025095e-35 71.500000000000014 6.3510000000000009 1.155 0.70500000000000007 179.85095183606796 8.0450000000000017 2.0576315789473685 -0.12999999999999998 11.45750000000004 18.905000000000005 3.3100000000000009 1002.474 -0.60499999999999987 17.275000000000002 3.1913157034525215 0.42150614188511626 2.8150000000000004 29.306102000000003 1.1682169236809146 21.570000000000004 1.1175634123543399 0.084545454545454854 101.50000000000001 2.1150000000000007 107.30573466150194
decision_type=10 2 2 8 2 2 10 2 2 10 10 2 2 2 8 2 10 2 10 10 2 2 2 10 8 8 2 2 2 10
left_child=1 3 -3 6 13 -6 18 -8 -9 23 19 -7 25 17 -13 26 -14 -5 22 -11 -21 27 -1 24 -2 -10 -16 -4 -19 -30
right_child=9 2 21 4 5 11 7 8 12 10 -12 14 16 -15 15 -17 -18 28 -20 20 -22 -23 -24 -25 -26 -27 -28 -29 29 -31
leaf_value=-0.0024937072450283058 0.0024604157056653088 -0.034400719595601738 -0.013930150982822329 0.0040626608368611308 -0.023772582227340088 0.00010079726217931361 -0.032374286645622086 0.062715037403676066 0.0056659212924622402 0.0082058618394108603 0.0019192609482386175 -0.0085907097785646227 0.0036257796020712817 0.011253114922098847 -0.0031478682302587273 -0.029103759347968546 -0.0027374488979272278 0.0013728377212030905 0.0062379401862363813 0.024619543722955235 0.0089602798854994097 -0.00020030683783484361 -0.0064722486822404212 0.0051860063177572554 -0.0057349987755275778 0.00014219978467127948 0.0034245844255988587 -0.0051034591210495578 -0.002305354332972433 0.00070673565537017111
leaf_weight=372.72243046760559 403.02506709098816 11.363488733768461 55.681094795465469 323.8594289124012 12.87862056493759 618.93135303258896 6.0605273246765128 3.0302636623382559 112.1197555065155 183.33095157146454 95.832088321447372 133.3316011428833 106.05922818183899 39.393427610397339 287.49626496434212 8.7120080292224866 1008.320233643055 1461.3446511626244 33.332900285720825 31.817768454551697 30.302636623382568 75.377808600664139 433.32770371437073 460.60007667541504 53.029614090919495 521.96291583776474 82.574684798717499 93.938173532485962 559.84121161699295 710.97561177611351
leaf_count=246 266 15 42 354 34 1178 4 2 74 121 64 88 70 26 636 17 679 1635 22 21 20 73 286 307 35 352 176 95 920 473
internal_value=-3.93874e-05 -0.000869188 -0.00702768 -0.000656262 0.000167976 -0.00197998 -0.00200178 -0.000951525 -0.000842795 0.00462609 0.00803782 -0.00173184 -0.000952948 0.000961764 -0.00394674 -0.00231206 -0.00213184 0.000829104 -0.00420087 0.0104267 0.0169809 -0.0056452 -0.00463255 0.00335585 0.00150746 0.00111892 -0.00168134 -0.00838833 0.000445811 -0.0006202
internal_weight=8330.57 7072.64 236.361 6836.27 4239.34 1143.92 2596.94 1757.55 1751.49 1257.94 341.283 1131.05 1748.46 3095.41 512.115 378.783 1114.38 3056.02 839.383 245.451 62.1204 224.997 806.05 916.655 456.055 634.083 370.071 149.619 2732.16 1270.82
internal_count=8331 7497 225 7272 5537 2129 1735 1181 1177 834 226 2095 1175 3408 917 829 749 3382 554 162 41 210 532 608 301 426 812 137 3028 1393
is_linear=0
shrinkage=0.03


Tree=29
num_leaves=31
num_cat=0
split_feature=97 22 98 101 97 16 45 96 16 95 65 47 74 91 59 14 52 7 33 77 22 87 2 97 7 63 7 53 105 22
split_gain=34.6074 9.11505 8.42749 7.41504 6.23967 5.48119 5.54163 5.23205 5.06066 5.43791 9.07034 5.94367 4.53891 4.39383 4.10015 3.99527 3.99011 3.65676 4.11948 4.73011 3.53408 3.25417 3.1589 3.34572 3.5631 3.62539 3.16468 3.26842 2.98929 2.82275
threshold=79.687668224845581 6.7340500000000008 155.12008521600151 17.500000000000004 52.114869357119282 -0.598674154253094 17.620000000000001 12.836500000000003 -0.64585751205616182 13.660000000000002 3.3100000000000009 13.415000000000001 0.83048980455217369 0.018103861596598974 24.565000000000001 60.750000000000007 3.9450000000000007 8.7050000000000018 16.375000000000004 2.9950000000000006 9.7656500000000026 0.41500000000000004 1.0000000180025095e-35 70.328308968460888 10.285000000000002 1.1950000000000001 8.8550000000000022 1.0050000000000006 23.500000000000004 14.554250000000001
decision_type=10 2 10 2 8 2 10 2 2 8 2 8 2 2 8 10 2 2 8 2 2 2 2 8 2 2 2 2 2 2
left_child=1 4 13 -3 15 6 21 8 16 12 11 -11 -10 -2 28 -1 -5 18 19 -13 -18 -4 26 -24 25 -25 27 -6 -15 -19
right_child=2 3 5 7 22 -7 -8 -9 9 10 -12 17 -14 14 -16 -17 20 29 -20 -21 -22 -23 23 24 -26 -27 -28 -29 -30 -31
leaf_value=-0.003449471194149603 0.003454621138268818 -0.021063840616620672 0.013129173393078611 0.0037952334854328435 0.00041156050919900956 0.0044670876108563757 0.015851955811749117 0.012081654077550208 0.012893612770735197 -0.011848159501226687 -0.022786856437657647 -0.0050174462700979484 -0.0030834170876359052 -0.0056626863278478089 -0.010943912102659457 -0.00054846636613077604 0.016479606562243888 0.00081538644495321238 -0.0018564351744202142 -0.015274134287307936 -0.0053334931977962637 0.00099714009225369067 -0.0052162385433137315 0.0026973986465977898 -0.014598240089271432 -0.0018876618552218804 0.0072161998280131645 0.0042209539873203786 0.0012913599530678893 -0.0060682312586836972
leaf_weight=762.86887699365616 641.2795475423336 20.075496762990952 30.302636623382568 164.01302072405815 1778.3859868347645 654.53695106506348 86.36251437664032 21.211845636367798 32.196551412343979 75.756591558456421 22.726977467536926 512.11455893516541 31.817768454551697 63.635536909103394 30.302636623382568 971.19950377941132 7.1968761980533591 273.86007848381996 407.19167962670326 43.938823103904724 93.938173532485962 57.953792542219162 148.48291945457458 276.51155918836594 15.151318311691282 353.78328257799149 72.726327896118164 228.78490650653839 442.4184947013855 66.66580057144165
leaf_count=505 427 26 20 196 1977 432 57 14 28 50 36 338 39 42 20 647 7 285 730 29 107 39 98 667 40 793 60 325 292 59
internal_value=-2.61041e-05 -0.00110682 0.00341004 -0.00293494 -0.000403529 0.00572694 0.0104493 -0.00272728 -0.0029087 -0.00359841 -0.00398876 -0.00367907 0.00495237 0.00177875 -0.000224955 -0.00182471 0.000905346 -0.0032044 -0.00414906 -0.00582792 -0.00378125 0.00516265 0.00045401 -0.00115585 -0.000221775 0.000123813 0.00106852 0.00084577 0.000416899 -0.000532241
internal_weight=8387.39 6380.6 2006.79 1772.7 4607.89 829.156 174.619 1752.63 1731.42 1466.27 1402.25 1379.53 64.0143 1177.64 536.357 1734.07 265.148 1303.77 963.245 556.053 101.135 88.2564 2873.83 793.929 645.446 630.295 2079.9 2007.17 506.054 340.526
internal_count=8385 7056 1329 1944 5112 548 116 1918 1904 1594 1527 1491 67 781 354 1152 310 1441 1097 367 114 59 3960 1598 1500 1460 2362 2302 334 344
is_linear=0
shrinkage=0.03


Tree=30
num_leaves=31
num_cat=0
split_feature=98 22 86 55 98 19 16 14 10 82 82 13 13 14 98 32 53 30 98 82 80 67 80 14 33 83 17 94 58 68
split_gain=26.5663 11.2868 7.4561 9.96184 6.58375 5.44421 6.41211 5.26591 5.85064 5.04742 4.68854 4.65673 4.50166 4.23921 4.15388 4.49433 3.90338 4.6635 4.08173 4.01709 3.4389 4.75188 4.66457 3.567 3.46982 3.3726 3.5191 4.28668 3.14792 2.97809
threshold=133.49507134317872 14.478050000000001 0.6776112468896397 -0.07734210526315792 170.5344729799634 0.37606226699752399 -0.27530179539967709 60.015000000000008 5.7030000000000012 3.0616662490579829 1.4351421691225192 7.9675000000000002 2.1555000000000004 59.835000000000008 191.28741053898472 17.030000000000005 2.4850000000000008 0.039999999999999931 105.82490560144679 4.7745223575759459 8.9594379310344845 0.0078129445234708488 16.215000000000003 44.355000000000011 17.145000000000003 10.620000000000003 -0.032282979058982857 1.1815468541086591 1.604653519793684 14.357876712328769
decision_type=10 2 2 2 10 10 2 8 10 10 8 10 10 8 10 10 2 2 8 10 10 2 8 10 10 8 2 8 10 8
left_child=1 2 7 10 5 6 12 8 -1 -10 -4 14 -2 -3 -6 -16 18 -18 -5 -20 -7 24 23 -23 -22 -9 -27 -28 -14 -8
right_child=4 13 3 16 11 20 29 25 9 -11 -12 -13 28 -15 15 -17 17 -19 19 -21 21 22 -24 -25 -26 26 27 -29 -30 -31
leaf_value=-0.013249294302087192 0.015315039916737393 -0.014576296017216323 0.0082576728963846494 -0.0054175179925763095 0.0050661238558395352 0.007488167933481827 0.002562226336908233 0.011176194428143653 -0.0019130343642941039 0.0044857514276135657 1.2280642903109588e-05 0.0015513005958386259 0.0094981071573572353 -0.0051477763141232922 0.0081193132397964617 0.019506075442956239 -0.0060663394303342409 -0.03455785204737389 -0.0016941539745576237 -0.015970332589369488 0.0010971183646549007 -0.01121665814644174 -0.013205027847418506 -0.00053679705909503051 0.0087493591258472805 -0.00087673372645624107 0.026531565840249689 0.0012599022451912976 0.002074901085370639 -0.0053697921203384128
leaf_weight=37.87829577922821 54.544745922088623 59.090141415596008 71.211196064949036 567.03808781504631 237.87569749355316 57.57500958442688 287.8750479221344 27.272372961044312 1123.4702528119087 123.10446128249168 483.32705414295197 167.04328438639641 98.483569025993347 156.81614452600479 107.57436001300812 43.938823103904724 14.772535353899004 7.9544421136379233 728.77841079235077 18.181581974029541 293.93557524681091 30.302636623382568 31.817768454551697 395.44940793514252 65.150668740272522 982.56299251317978 6.0605273246765128 1857.1728420555592 107.57436001300812 49.999350428581238
leaf_count=25 36 39 47 375 157 38 190 18 743 82 592 111 65 177 71 29 27 21 1114 12 194 20 21 261 43 1103 4 2566 74 33
internal_value=-2.19196e-05 -0.000988228 -0.00074765 -0.0023093 0.00296142 0.00191104 0.00411559 -3.72518e-05 -0.00163407 -0.00128113 0.00107112 0.00574148 0.00765137 -0.00772821 0.00753902 0.0114215 -0.00371166 -0.0160384 -0.00349846 -0.00204165 0.000401856 -9.77354e-05 -0.00212498 -0.00129693 0.0024855 0.000676631 0.000576009 0.0013421 0.00562276 0.00138843
internal_weight=8293.83 6264.69 6048.79 1891.26 2029.14 1472.71 598.477 4157.52 1284.45 1246.57 554.538 556.432 260.603 215.906 389.389 151.513 1336.73 22.727 1314 746.96 874.231 816.656 457.57 425.752 359.086 2873.07 2845.8 1863.23 206.058 337.874
internal_count=8288 6945 6729 2188 1343 975 398 4541 850 825 639 368 175 216 257 100 1549 48 1501 1126 577 539 302 281 237 3691 3673 2570 139 223
is_linear=0
shrinkage=0.03


Tree=31
num_leaves=31
num_cat=0
split_feature=98 90 98 75 39 54 13 59 95 83 32 98 20 20 69 10 14 77 64 84 7 62 54 91 14 35 81 48 73 17
split_gain=27.8283 9.1173 7.54377 7.46598 6.9699 6.87912 6.5048 5.32009 5.28878 5.26275 5.42003 4.97477 4.70865 4.04153 3.99653 4.48985 3.7768 3.70463 3.52184 3.31865 3.29609 8.16449 3.95895 3.19564 3.97238 3.17743 3.00429 3.23179 2.89954 2.86958
threshold=133.49507134317872 2.8350000000000004 169.437137331466 0.32500000000000007 2.0450000000000004 -0.4599999999999998 7.7535000000000007 24.565000000000001 21.710000000000004 11.155000000000003 9.2650000000000023 197.81151786485611 -0.90179481294261976 -0.85851267592096281 18.185000000000006 7.6930000000000005 52.215000000000011 1.0150000000000003 4.5650000000000004 4.09349999999995 8.9350000000000005 0.64253229306169302 1.1350000000000005 0.03617359470949455 47.830000000000005 19.615000000000006 20.105000000000004 1.0895000000001007 2.9208904109589047 0.91527632587018248
decision_type=10 2 10 2 2 2 10 10 10 8 8 10 10 8 10 8 10 2 2 2 2 2 2 2 8 10 10 2 2 2
left_child=1 4 7 -3 9 -6 11 12 14 -1 16 -4 19 -12 15 -7 -11 -8 28 29 22 -22 -15 24 -17 -13 27 -10 -14 -2
right_child=2 3 6 -5 5 8 17 -9 26 10 13 25 18 20 -16 23 -18 -19 -20 -21 21 -23 -24 -25 -26 -27 -28 -29 -30 -31
leaf_value=0.0088395137230336956 0.0075741520007010189 -0.037338815927032795 0.0059417133599152412 -0.0067729099134710277 0.0011480075144970575 -0.014096982845269498 0.011352953025932744 -0.0075086357160290187 -0.01039457530873837 -0.0062158142084700226 0.0029030573849593189 0.0071269764912089079 0.0015267253497960659 -0.00015929721849634857 0.0018932812333460594 -0.0092948691134052391 -0.0012553125158674013 -0.00017807723875453799 0.0093305704269160857 0.015011768892368164 0.002266360591104721 -0.02246374498854432 0.0057813546905768204 -0.0042925895078568159 -0.00036818662952667856 0.017518290527390887 -0.0033586267610752037 -0.0024372318754955452 -0.0038890626931212089 0.00047711743606480454
leaf_weight=59.090141415596008 123.10446128249168 7.5756591558456412 298.4809707403183 142.04360917210579 456.43346413969994 30.302636623382568 29.166287750005722 53.029614090919495 165.149369597435 165.52815255522728 513.25090780854225 43.938823103904724 1078.7738637924194 2100.3515009582043 199.99740171432495 48.484218597412109 834.83763897418976 178.78555607795715 48.484218597412109 31.817768454551697 29.923853665590286 20.075496762990952 106.05922818183899 464.76668921113014 601.1285540163517 66.66580057144165 236.36056566238403 63.635536909103394 96.968437194824219 87.877646207809448
leaf_count=39 85 20 197 177 491 20 20 35 109 110 341 29 712 2941 132 32 557 118 32 21 43 50 226 612 864 44 156 42 64 58
internal_value=6.99795e-06 -0.0010042 0.0029619 -0.00832055 -0.000824606 -0.00214325 0.00575945 0.00182629 -0.0029733 -4.41658e-05 -0.000183406 0.00795557 0.00216372 0.000500216 -0.00201948 -0.00270312 -0.00207611 0.00143921 0.00140682 0.00598015 -4.63421e-05 -0.00766315 0.000126262 -0.00239329 -0.00103443 0.0133902 -0.00573068 -0.00818127 0.00108006 0.00461812
internal_weight=8382.09 6244.99 2137.09 149.619 6095.38 2266.26 617.037 1520.06 1809.82 3829.12 3770.03 409.086 1467.03 2769.66 1344.68 1144.68 1000.37 207.952 1224.23 242.8 2256.41 49.9994 2206.41 1114.38 649.613 110.605 465.145 228.785 1175.74 210.982
internal_count=8377 6962 1415 197 6765 2458 408 1007 1967 4307 4268 270 972 3601 1660 1528 667 138 808 164 3260 93 3167 1508 896 73 307 151 776 143
is_linear=0
shrinkage=0.03


Tree=32
num_leaves=31
num_cat=0
split_feature=97 97 53 92 51 54 86 7 97 14 80 80 35 103 39 43 23 13 21 45 63 94 67 3 67 72 97 27 30 57
split_gain=32.3709 9.24782 15.0866 7.82132 9.2906 7.62865 8.91642 6.45392 5.71183 5.09337 4.6812 4.24338 4.61046 4.99225 4.13652 4.10427 4.08786 3.75149 3.5787 3.53285 3.17769 3.09136 3.3096 3.03633 2.85481 2.69063 2.66745 2.64424 2.59652 2.66619
threshold=90.768873776688963 39.654278602823929 2.7300000000000004 5.6895657439446383 0.41500000000000004 -0.21000000000000005 0.68131469052956384 9.0550000000000015 118.33536869332234 63.895000000000003 12.489068965517243 11.384903448275862 20.98 98.000000000000014 1.2050000000000003 0.037818181818182341 1.607305943978115 6.6630000000000011 0.52261609476129534 16.045000000000005 2.1750000000000003 1.9671940930887317 0.012748933143669967 2.8750000000000004 -0.070597439544807877 6.1889999999999654 75.118629497353439 2.3950000000000005 -0.315 16.595000000000002
decision_type=10 8 2 10 2 2 2 2 10 10 8 10 10 2 2 2 2 10 10 10 2 10 2 2 2 2 10 2 2 10
left_child=1 3 5 -1 -5 10 11 -4 18 16 20 15 13 -13 -11 -7 -6 -10 -2 -12 28 22 -15 -21 -25 -17 -23 -9 -3 -30
right_child=8 2 7 4 9 6 -8 27 17 14 19 12 -14 21 -16 25 -18 -19 -20 23 -22 26 -24 24 -26 -27 -28 -29 29 -31
leaf_value=-0.028292109348026742 0.0068450740424546384 -0.0031834540316643062 -0.0052418138775678115 0.039946313132250923 -0.01259175222792581 -0.00089106088213206146 -0.0031531752904012792 -0.022569585579999128 0.012140584030384231 0.010557882161112144 -0.00041974103142323972 0.0072194622415509904 0.0092312265154350578 -0.0023690551594604875 -0.0017092476186554711 0.001580573229813218 -0.0042458593021063966 0.0054875782701844216 0.0023159689867677836 0.0085452712930156102 0.010625026286915851 -0.0028437968928657679 -0.0097631025513757515 0.0074363495381308724 -0.0012415518735162405 0.010626678697184554 0.0015525653200445086 -0.046254270296993236 0.0030507929306598028 0.011870980017535303
leaf_weight=10.984705775976179 199.23983579874039 56.059877753257751 12.499837607145311 4.5453954935073844 59.090141415596008 850.36774024367332 1098.4705775976181 9.0907909870147723 118.18028283119202 25.757241129875183 958.69966617226601 48.484218597412109 33.332900285720825 119.69541466236115 626.12822923064232 1261.7260324060917 497.72080653905869 215.14872002601624 740.8994654417038 77.271723389625549 53.029614090919495 432.57013779878616 99.998700857162476 48.484218597412109 115.15001916885376 30.302636623382568 174.24016058444977 7.9544421136379233 481.81192231178284 32.954117327928543
leaf_count=11 133 37 30 3 39 1129 1247 24 78 17 1439 32 22 79 438 1690 330 145 489 51 35 287 66 32 76 20 115 21 318 24
internal_value=6.19322e-05 -0.000715253 -0.000230573 -0.00309157 -0.0028634 -0.000124789 -0.000835557 -0.0216153 0.00447214 -0.00302439 0.00149253 -1.05356e-06 -0.00171938 -0.00213655 -0.00122455 0.000727474 -0.00513155 0.00784637 0.0032758 0.000396366 0.00360033 -0.00268539 -0.00573462 0.00364411 0.00132968 0.00179274 -0.00158142 -0.0336224 0.00294773 0.00361544
internal_weight=8499.89 7226.42 6002.19 1224.23 1213.24 5972.65 4149.19 29.5451 1273.47 1208.7 1823.46 3050.72 908.322 874.989 651.885 2142.4 556.811 333.329 940.139 1199.61 623.856 826.504 219.694 240.906 163.634 1292.03 606.81 17.0452 570.826 514.766
internal_count=8457 7612 6774 838 827 6699 4687 75 845 824 2012 3440 601 579 455 2839 369 223 622 1598 414 547 145 159 108 1710 402 45 379 342
is_linear=0
shrinkage=0.03


Tree=33
num_leaves=31
num_cat=0
split_feature=97 31 36 97 27 101 97 33 23 7 3 7 3 83 67 73 20 98 14 16 69 84 53 70 16 35 15 15 86 103
split_gain=29.4247 9.97322 8.04689 7.74842 6.75763 5.60917 5.42866 4.71317 7.75181 4.91815 4.76647 4.59762 4.19383 4.27525 4.09949 4.48178 4.02879 4.53993 4.78945 3.77506 4.99831 3.72089 3.60559 3.39827 4.32331 3.57492 3.36409 3.30496 3.37986 3.02178
threshold=80.874358793686312 0.73500000000000065 0.48549999999994503 118.33536869332234 2.5950000000000002 17.500000000000004 41.404186400607337 16.415000000000003 1.6309324775767993 7.3250000000000011 3.8350000000000004 8.9350000000000005 3.6450000000000005 15.115000000000002 0.0054623044096727908 2.8721232876712333 -0.29779143761067933 119.12784493935168 82.450000000000017 -0.3530666443418673 17.105000000000004 2.4365000000000241 1.0050000000000006 2.9981664719444239 -0.47116582705076454 19.330000000000002 1002.474 1024.4530000000002 0.82730667892611376 142.50000000000003
decision_type=10 2 2 10 2 2 8 8 2 2 2 2 2 10 2 2 10 10 10 2 10 2 2 10 2 10 10 10 2 2
left_child=1 4 11 14 6 -6 26 9 10 -7 27 -3 13 -11 -2 23 17 18 22 20 -5 -20 -8 -16 -25 -26 -1 -9 -29 -24
right_child=3 2 -4 19 5 7 16 8 -10 12 -12 -13 -14 -15 15 -17 -18 -19 21 -21 -22 -23 29 24 25 -27 -28 28 -30 -31
leaf_value=0.0036623415726600469 0.0046470663237662612 -0.011463676673813041 0.0062627110083694083 0.0043192082607935341 -0.018850127444492448 -0.009214205418851323 -0.00062650755502913582 6.3079176721704067e-05 -0.028145499558334574 0.0088733765549434806 -0.005008978901377836 -0.02987713196655711 -0.01103801824973163 -0.0027522551987548887 0.0010771986827850021 -0.0074711796550676248 -0.0011990132034562903 0.0037277778655038928 0.0028231447632250778 0.004579867079873963 0.015900499048428093 0.013285422965752459 -0.010148136271373528 0.010469760150914781 0.0057137677954490094 -0.0064603679028312185 -0.0026074888138273686 0.01250833800753591 0.00030506181966514443 0.0032185691982552899
leaf_weight=83.332250714302063 537.87180006504059 37.120729863643646 16.666450142860413 55.302311837673187 18.939147889614105 138.25577959418297 1742.0228228867054 437.11553329229355 9.0907909870147687 30.302636623382568 147.72535353899002 18.181581974029541 51.514482259750366 470.44843357801437 857.56461644172668 48.484218597412109 1198.0904954969883 427.26717638969421 159.08884227275848 157.57371044158936 85.226165503263474 37.87829577922821 15.908884227275847 85.983731418848038 57.57500958442688 34.848032116889954 1016.6534587144852 42.423691272735596 39.393427610397339 352.26815074682236
leaf_count=55 355 53 11 38 23 92 2856 812 21 20 153 36 34 315 566 32 793 282 105 104 57 25 36 59 38 23 677 28 26 690
internal_value=6.05492e-05 -0.000904754 -0.0120104 0.00332259 -0.000780214 -0.00263572 -0.000269481 -0.00241096 -0.000629787 -0.00415402 -0.000254573 -0.0175174 -0.00288724 -0.00204874 0.00250574 0.00144367 0.000251633 0.000887233 0.000361189 0.00776803 0.0113429 0.00483512 -5.64101e-05 0.0018609 0.00562797 0.00112352 -0.0021325 0.00109887 0.00663269 0.002641
internal_weight=8410.12 6489.69 71.9688 1920.43 6417.72 1385.21 5032.51 1366.27 675.749 690.521 666.658 55.3023 552.266 500.751 1622.33 1084.46 3932.52 2734.43 2307.17 298.102 140.528 196.967 2110.2 1035.97 178.407 92.423 1099.99 518.933 81.8171 368.177
internal_count=8415 7143 100 1272 7043 1524 5519 1501 1040 461 1019 89 369 335 1073 718 4787 3994 3712 199 95 130 3582 686 120 61 732 866 54 726
is_linear=0
shrinkage=0.03


Tree=34
num_leaves=31
num_cat=0
split_feature=97 30 39 33 70 54 25 13 83 51 19 57 33 94 25 106 75 19 98 72 99 99 66 62 33 82 19 33 13 82
split_gain=30.0525 10.041 7.68249 6.47264 5.73236 5.37115 4.81946 5.23712 7.38547 4.80125 4.69579 5.42069 4.54552 4.89997 4.05756 3.96965 4.07051 3.84593 3.76972 3.68783 4.2627 3.49736 3.49104 4.04067 3.4681 3.30641 3.14495 3.1056 3.04235 3.01703
threshold=88.534721429714196 1.2000000000000004 2.4950000000000006 15.145000000000001 3.1035391052031684 -0.4599999999999998 1.8462500000000004 7.6115000000000004 10.620000000000003 0.41500000000000004 0.41501082850617338 17.775000000000002 11.505000000000001 2.4212614289332675 2.5987500000000008 58.500000000000007 0.51500000000000012 0.86273430385156735 76.939042729969529 1.5535000000000425 1.2125484723057449 1.7309542399115279 1.5350000000000004 0.39045941985082205 17.145000000000003 4.8541261579933916 -0.44541649614736795 12.285000000000002 1.9595000000000002 1.4850251762224691
decision_type=10 2 2 10 10 2 2 8 8 2 10 10 8 8 2 2 2 10 10 2 2 2 2 2 10 10 10 10 10 10
left_child=1 2 3 6 19 -4 27 18 -9 14 11 29 -11 -14 -10 16 -6 28 -8 20 -2 -22 23 -12 -25 -18 -21 -1 -5 -7
right_child=4 -3 5 17 15 10 7 8 9 12 22 -13 13 -15 -16 -17 25 -19 -20 26 21 -23 -24 24 -26 -27 -28 -29 -30 -31
leaf_value=0.00029073155376459561 0.0041841261375488289 -0.022091989428740081 0.0012844141355226359 0.013663620604067853 0.0022674051703953928 -0.0018797782914439394 -0.0071232668341877159 0.023163428773227954 -0.0025682658063897576 -0.0026296476608217139 -0.0078157275856392764 0.00172899925315122 0.0044949351793720288 -0.00014994675447667358 -0.028048011732775206 0.00073981781981420018 0.014544674068398065 -0.0037136507641825699 -0.0020910696246776218 0.013058990849759117 -0.0023853847543491326 0.0041549199390163187 -0.011514350905716821 -0.0047616867395709004 0.0041333795218490106 0.0046172001112320905 0.0045579713498506026 0.0039151297078207576 0.0042849820123254771 -0.0063198403445265212
leaf_weight=2016.2616843283176 362.11650764942169 19.696713805198669 271.58738073706627 36.363163948059082 48.484218597412109 349.61667004227638 156.05857861042023 12.121054649353026 12.499837607145311 484.08462005853653 172.72502875328064 240.90596115589142 256.0572794675827 1013.2444120943546 10.227139860391615 53.029614090919495 125.37715902924538 46.969086766242981 946.95739448070526 43.938823103904724 248.48162031173706 104.54409635066986 81.817118883132935 99.998700857162476 65.150668740272522 39.772210568189621 360.60137581825256 237.87569749355316 216.28506889939308 227.26977467536926
leaf_count=2308 239 37 255 24 32 677 103 8 30 321 114 159 169 1940 27 35 85 31 625 29 164 69 54 66 43 27 238 157 145 156
internal_value=9.9417e-05 -0.000702551 -0.000641968 -0.000117029 0.00413358 -0.00253604 -0.000366625 -0.00117732 -0.000174548 -0.000333817 -0.00337451 -0.00205062 -0.000156237 0.000787069 -0.0140342 0.0080865 0.00991014 0.00416933 -0.00280304 0.00319215 0.00189723 -0.000448556 -0.00595417 -0.00460775 -0.00125262 0.0121539 0.0054813 0.000673209 0.00563483 -0.00362898
internal_weight=8360.12 6973.77 6954.08 5445.01 1386.35 1509.07 5145.39 2891.25 1788.23 1776.11 1237.48 817.792 1753.39 1269.3 22.727 266.663 213.634 299.617 1103.02 1119.68 715.142 353.026 419.692 337.874 165.149 165.149 404.54 2254.14 252.648 576.886
internal_count=8367 7449 7412 5888 918 1524 5688 3223 2495 2487 1269 992 2430 2109 57 179 144 200 728 739 472 233 277 223 109 112 267 2465 169 833
is_linear=0
shrinkage=0.03


Tree=35
num_leaves=31
num_cat=0
split_feature=97 3 97 83 21 55 45 51 28 98 24 77 98 54 43 44 94 63 17 13 97 50 43 17 13 67 68 68 17 67
split_gain=26.0471 8.91372 8.13174 6.10412 5.80995 5.15953 5.01016 4.1278 4.08093 4.38421 4.02205 3.66795 3.49311 3.33212 5.93377 3.92392 3.15316 5.00948 3.07031 3.39048 3.34545 3.05269 3.02506 2.96674 2.96272 2.85071 4.7157 2.77042 2.72617 2.71687
threshold=74.50227040196647 3.8050000000000002 121.68376010320102 17.720000000000002 0.52261609476129534 -0.096842105263157743 17.485000000000003 0.27500000000000008 4.0250000000000012 20.93283432316618 23.158752000000003 2.8650000000000007 177.96644889008289 -0.19500000000000003 0.037818181818182341 9.0588421052631602 2.6055852316248651 2.1050000000000004 -0.84240534831004943 23.665000000000003 18.895194944134655 0.8082807630346055 0.29963636363636414 0.81487495594554293 7.9675000000000002 -0.0098186344238976337 18.490821917808223 4.6593082191780821 0.81975223038291467 -0.02689544807965866
decision_type=10 2 10 10 10 2 10 2 2 8 2 2 10 2 2 10 8 2 2 10 8 2 2 2 10 2 10 8 2 2
left_child=1 3 4 7 12 -5 10 23 9 -9 29 -8 -2 15 -15 -11 -3 -18 -16 20 -20 22 27 -1 28 -6 -27 -22 -4 -7
right_child=2 16 24 5 25 6 11 8 -10 13 -12 -13 -14 14 18 -17 17 -19 19 -21 21 -23 -24 -25 -26 26 -28 -29 -30 -31
leaf_value=-0.024213787722336799 0.0040196079167187015 -0.0018991041775476454 0.014643097363359373 0.00055786038570916532 0.0031469539952303787 0.0015211172907685058 0.0035783272683213153 -0.013262966993229737 0.017042750863759414 -8.3154494343859576e-07 -0.0043791637244844804 -0.0068140339489334524 0.01331633244576263 -0.0021731832106493881 -0.0032542650207296893 0.0040833125326382551 -0.021130609202113081 -0.0069819502311210058 -0.010016298121482877 0.0051525428709813794 0.023984506461800836 -0.0126976887638622 0.0071656995720595631 0.00018956819710339549 0.0038274604930229692 0.00063371736259557466 -0.011350331576326212 0.00050974495827107742 0.0066489743530275033 -0.0038422102780144105
leaf_weight=10.984705775976183 474.61504611372948 60.605273246765137 68.180932402610779 489.76636442542076 442.4184947013855 204.54279720783234 158.33127635717392 22.726977467536926 12.499837607145308 567.03808781504631 1154.1516723930836 37.87829577922821 39.393427610397339 1170.818122535944 156.81614452600479 337.87439835071564 29.166287750005722 98.862351983785629 26.136024087667465 168.93719917535782 4.5453954935073844 14.772535353899 67.802149444818497 7.5756591558456412 117.04393395781517 1192.4087511301041 30.302636623382568 991.65378350019455 87.877646207809448 145.45265579223633
leaf_count=26 317 49 45 324 292 135 106 15 27 1209 767 25 26 1561 294 223 38 111 18 113 3 39 158 17 78 787 20 1409 58 96
internal_value=-4.55213e-05 -0.00111955 0.00255561 -0.000909048 0.00194403 -0.00215525 -0.00293673 -0.000142419 -6.84691e-05 -0.000129076 -0.00352488 0.00157208 0.00473211 -4.39472e-05 -0.000589384 0.0015241 -0.00753655 -0.0102052 0.000706757 0.00119438 0.000589185 0.000846129 0.00103417 -0.0142532 0.00743551 0.00108338 0.000336715 0.000616854 0.0101416 -0.000707798
internal_weight=8391.18 5938.94 2452.24 5750.3 2179.14 2190.12 1700.36 3560.18 3541.62 3529.12 1504.15 196.21 514.008 3506.39 2601.48 904.912 188.634 128.029 1430.66 1273.85 1104.91 1078.77 1064 18.5604 273.103 1665.13 1222.71 996.199 156.059 349.995
internal_count=8386 6763 1623 6565 1442 1453 1129 5112 5069 5042 998 131 343 5027 3595 1432 198 149 2034 1740 1627 1609 1570 43 181 1099 807 1412 103 231
is_linear=0
shrinkage=0.03


Tree=36
num_leaves=31
num_cat=0
split_feature=97 54 86 54 97 43 81 80 19 31 98 92 101 34 90 98 70 91 32 20 78 67 83 59 91 82 65 59 90 84
split_gain=22.7754 7.73535 9.25662 9.11155 4.89266 4.70474 4.4622 3.83877 4.15997 4.33957 3.34968 3.90937 3.61632 3.25106 2.69615 2.6937 2.66859 3.26287 2.60119 3.39656 4.15892 4.19535 2.98959 2.56564 2.53479 2.52579 2.52306 3.02352 2.40784 2.37776
threshold=82.240695522134487 -0.1799999999999998 0.63511039253700541 2.4500000000000006 110.27313187179264 0.14363636363636381 14.670000000000002 11.275375862068968 -0.93999037389816353 0.99600000000000044 113.57816159818017 8.0180484068627464 17.500000000000004 1.6717376116953295 1.4650000000000005 70.188063505102392 3.8691499436918284 0.038551192725555052 8.6548571428571446 -0.66000165790853627 1.4650000000000005 0.094537695590327195 23.765000000000004 9.2600000000000033 0.027936415390139038 5.1903400972325979 0.4200000000000001 25.140000000000004 2.555000000000001 7.4965000000000837
decision_type=10 2 2 2 10 2 8 10 8 2 8 10 2 10 2 8 10 2 8 8 2 2 10 8 2 10 2 8 2 2
left_child=1 6 5 10 26 18 -1 8 -7 23 11 -4 -12 15 -13 -8 17 -6 -3 20 -20 -22 -21 -10 -14 -26 -2 28 -28 -16
right_child=4 2 3 -5 16 7 13 -9 9 -11 12 14 24 -15 29 -17 -18 -19 19 22 21 -23 -24 -25 25 -27 27 -29 -30 -31
leaf_value=0.0035350509022670797 0.011096953958546209 -0.0035367471071393471 0.0019245799790443318 -0.022869427500313649 0.0038465348543117095 0.014788291677262125 -0.0041937269392307644 -0.0023824149179082206 0.017128809687255216 -0.014388003466300205 -0.01696643980748453 -0.003225845250571823 0.0016546638180274854 0.0054655768333143869 -0.0066131997229417006 9.7559123360652753e-05 0.011019780425069594 0.013251233054772413 0.00023949791922689962 -0.0014230384286174958 0.016865651588882227 0.0011895634596518366 -0.010957832791722433 0.0022299670272179256 -0.0020928246009600283 -0.011451804824047056 0.0018805733609832545 -0.0066524743632338764 0.0091478237786539844 -0.015253349686973302
leaf_weight=401.50993525981903 27.272372961044312 378.02539187669754 68.180932402610779 21.59062859416008 381.81322145462036 24.242109298706055 143.9375239610672 180.30068790912628 10.605922818183897 14.014969438314436 14.014969438314436 232.19395312666893 167.80085030198097 93.938173532485962 289.39017975330353 1542.0254211723804 69.317281275987625 36.363163948059082 493.1754110455513 1268.9229086041451 28.78750479221344 32.954117327928543 30.302636623382568 542.03841260075569 536.35666823387146 27.272372961044312 1251.4988925457001 36.363163948059082 42.423691272735596 31.817768454551697
leaf_count=265 18 254 45 33 252 16 95 119 7 22 13 154 314 62 191 1863 48 24 327 1727 19 24 20 771 786 18 829 24 28 21
internal_value=4.47178e-05 -0.000781981 -0.00150726 -0.00353275 0.00299001 -0.000570768 0.000678271 0.00144929 0.00261845 0.00209782 -0.00322735 -0.00485362 -0.0018713 3.38391e-05 -0.00568871 -0.000268805 0.00556802 0.00466433 -0.00126869 -0.000806271 0.00115844 0.00849866 -0.00164542 0.00251589 -0.00158206 -0.00254568 0.00206426 0.00187908 0.00211884 -0.00746906
internal_weight=8418.45 6573.4 4391.99 1388.62 1845.05 3003.37 2181.41 771.202 590.901 566.659 1367.03 621.583 745.445 1779.9 553.402 1685.96 487.494 418.176 2232.17 1854.14 554.917 61.7416 1299.23 552.644 731.43 563.629 1357.56 1330.29 1293.92 321.208
internal_count=8389 7166 4881 1575 1223 3306 2285 935 816 800 1542 411 1131 2020 366 1958 324 276 2371 2117 370 43 1747 778 1118 804 899 881 857 212
is_linear=0
shrinkage=0.03


Tree=37
num_leaves=31
num_cat=0
split_feature=97 27 98 90 54 12 66 23 51 62 98 26 93 51 96 20 50 65 97 95 74 0 13 33 98 70 59 33 71 15
split_gain=20.796 6.94955 6.76721 6.36674 4.65155 5.80381 4.91766 4.48665 7.53083 7.29736 4.07607 3.96975 3.6541 3.54338 3.22569 3.51808 3.24078 3.02943 3.78022 2.8791 2.94629 2.86892 3.66412 4.24966 3.34292 3.49671 2.80712 4.00374 4.66404 2.86624
threshold=74.50227040196647 0.96500000000000008 155.91022570952057 2.1850000000000009 -0.49499999999999994 137.85000000000005 0.034999999999999927 1.6278375728411161 0.36500000000000005 0.73784565655671808 104.15765233121196 0.012583057392117894 12.010000000000002 2.8850000000000002 -12.779999999999971 -0.81375993805450619 0.14731316836890188 1.2550000000000006 135.38454751213598 12.775000000000002 0.42308139953153784 1.0000000180025095e-35 2.6350000000000002 18.495000000000001 124.35745126723627 2.5921144629835466 24.565000000000001 15.585000000000003 18.335000000000004 1025.5465000000002
decision_type=10 2 10 2 2 10 2 2 2 2 8 2 8 2 2 10 2 2 10 10 2 2 10 8 10 10 10 8 10 10
left_child=1 -1 21 4 -3 6 -6 8 -5 -9 13 -10 19 -7 -4 16 -16 -17 -19 -8 -21 24 -23 -24 -2 -26 27 28 -12 -29
right_child=2 3 14 7 5 10 12 9 11 -11 26 -13 -14 -15 15 17 -18 18 -20 20 -22 22 23 -25 25 -27 -28 29 -30 -31
leaf_value=-0.016642458232986539 -0.0057871477211184769 0.0013079495402041725 0.014087773805051508 0.056211874934450429 -0.0018118484295311104 -0.0027554460571215028 0.0018204221945880732 0.0027156251598424641 -0.027123306927020488 -0.029076120643477678 0.0002345371570097802 -0.0034031288559226523 0.0007171307606774999 -0.010773553758898513 0.016756566328903429 0.0014437173256689586 0.0059845385319745844 0.0041421050625827247 0.014157671905615741 0.0037937212125271846 0.015748895884623946 0.007565842613126047 0.0018865937706075012 -0.0085706031052174784 -0.00036221913865396428 0.0093606092263541791 -0.0088661818154179613 0.0011637143036331299 -0.0042734448941283507 0.0088963476427243015
leaf_weight=25.378458172082901 93.938173532485962 937.10903757810593 30.302636623382568 1.8939147889614094 694.3091616332531 1337.4826239645481 85.604948461055756 10.984705775976183 6.4393102824687949 15.908884227275847 624.23431444168091 457.56981301307678 1105.2886708378792 51.514482259750366 31.817768454551697 383.32835328578949 119.69541466236115 243.93622481822968 39.393427610397339 36.363163948059082 37.87829577922821 98.483569025993347 916.65475785732269 36.363163948059082 393.93427610397339 36.363163948059082 36.363163948059082 159.84640818834305 308.70811060070992 59.090141415596008
leaf_count=40 62 1010 20 2 1158 888 61 17 5 39 412 584 2108 34 21 253 79 161 26 24 25 65 608 24 260 24 24 110 206 39
internal_value=-2.8385e-05 -0.000976922 0.00231613 -0.00091029 -0.000616249 -0.00101372 0.00021689 -0.00417637 -0.00348863 -0.0160908 -0.00194933 -0.00373231 0.00133027 -0.00305282 0.00447618 0.0041202 0.00824666 0.00318236 0.00553464 0.00556991 0.0098933 0.00115303 0.00205688 0.00148759 -0.0006599 0.000459428 -0.000659412 -0.000400336 -0.00125714 0.00325072
internal_weight=8416.18 5991.97 2424.21 5966.59 5473.79 4536.68 1959.44 492.797 465.903 26.8936 2577.24 464.009 1265.14 1389 848.474 818.171 151.513 666.658 283.33 159.846 74.2415 1575.74 1051.5 953.018 524.236 430.297 1188.24 1151.88 932.942 218.937
internal_count=8389 6786 1603 6746 6099 5089 3376 647 591 56 1713 589 2218 922 560 540 100 440 187 110 49 1043 697 632 346 284 791 767 618 149
is_linear=0
shrinkage=0.03


Tree=38
num_leaves=31
num_cat=0
split_feature=98 30 27 43 55 20 84 92 32 90 92 33 3 63 12 57 90 67 75 98 13 41 82 65 30 13 46 14 19 71
split_gain=19.0395 11.2637 8.04144 5.96989 5.52087 4.25397 4.49644 4.14766 4.09948 4.93974 4.23399 4.06749 4.60262 5.95243 3.86098 3.72818 3.49651 3.36404 3.7392 3.27784 3.10969 3.08518 3.73241 3.08886 2.97702 3.16729 2.9573 2.9102 2.90411 2.83743
threshold=142.85851499195061 1.0350000000000004 2.5950000000000002 0.14363636363636381 -0.14328947368421038 -0.8232354508881421 -10.106499999999981 11.656987889273358 8.1967857142857152 1.5250000000000004 12.326849480968859 16.015000000000004 3.8150000000000004 0.59500000000000008 239.15000000000001 18.165000000000003 2.2450000000000006 0.00085704125177809936 1.4950000000000003 164.36194404020813 0.44150000000000006 1.0850000000000006 4.1244803497365981 1.3050000000000004 0.28999999999999998 2.3810000000000007 1.550990151544285 59.655000000000008 -0.8489703945716448 21.510000000000002
decision_type=10 2 2 2 2 10 2 10 8 2 10 8 2 2 10 10 2 2 2 10 8 2 10 2 2 10 8 8 8 10
left_child=1 2 3 4 -1 7 -7 -2 9 -6 -10 24 13 16 -9 28 -13 18 -8 -19 -14 22 23 -21 25 -4 -22 -5 -15 -17
right_child=5 -3 11 27 8 6 17 14 10 -11 -12 12 20 15 -16 29 -18 19 -20 21 26 -23 -24 -25 -26 -27 -28 -29 -30 -31
leaf_value=0.0030499715904089451 0.0085313533958343984 -0.021802041394066347 -0.0080701487590148155 -0.00046459559472898426 -0.0025600925853879143 0.013323610621657309 0.0073543249279906259 0.006202914579570994 -8.3457990997403141e-05 -0.01503233536170813 -0.0032554322419374002 -0.0023317903703915545 -0.0017876488600513099 0.0065761429979579351 -0.0059892752351259834 0.0091907472617850806 -0.025009833930337635 -0.0010657505146429026 0.0012443112817685799 0.002113490023955032 -0.015930365580300653 0.011664932452851039 -0.0024450496521577422 0.0094919675928842439 -0.010151040440758817 -0.0025284662490438689 -0.0049598224524353002 0.0036057673177464075 -0.0018075517581319582 0.0015070589911224703
leaf_weight=362.11650764942169 207.95184382796288 22.726977467536926 116.66515100002289 226.13342580199242 502.64498499035835 31.817768454551697 181.81581974029541 54.544745922088623 3244.6548164486885 30.302636623382568 428.78230822086334 11.363488733768465 109.08949184417725 40.908559441566467 40.908559441566467 62.120405077934265 13.257403522729872 409.08559441566467 178.78555607795715 218.17898368835449 36.363163948059082 31.817768454551697 121.21054649353027 66.66580057144165 71.589979022741318 454.16076639294624 56.438660711050034 525.37196245789528 408.70681145787239 142.42239212989807
leaf_count=365 141 45 77 150 334 21 120 36 3805 20 283 27 72 39 27 41 29 270 118 144 24 21 80 44 48 305 107 784 740 94
internal_value=-4.04426e-05 -0.000717138 -0.000647111 -9.6851e-05 -0.000504445 0.00297104 0.00219161 0.00615492 -0.000810435 -0.00326925 -0.000453707 -0.00256912 -0.00124501 -6.22132e-05 0.00097769 0.000482809 -0.014543 0.0018983 0.00432499 0.000865109 -0.00522171 0.00266903 0.00196412 0.00384037 -0.00438431 -0.00366107 -0.00925848 0.00238097 -0.00104476 0.00384062
internal_weight=8408.6 6865.82 6843.09 5320.01 4568.5 1542.78 1239.38 303.405 4206.38 532.948 3673.44 1523.09 880.67 678.779 95.4533 654.158 24.6209 1207.56 360.601 846.959 201.891 437.873 406.055 284.845 642.416 570.826 92.8018 751.505 449.615 204.543
internal_count=8411 7389 7344 5741 4807 1022 818 204 4442 354 4088 1603 1173 970 63 914 56 797 238 559 203 289 268 188 430 382 131 934 779 135
is_linear=0
shrinkage=0.03


Tree=39
num_leaves=31
num_cat=0
split_feature=97 54 86 53 14 16 57 82 9 73 32 93 24 33 52 84 3 77 100 40 93 19 100 93 21 24 41 31 45 21
split_gain=19.5942 6.50124 9.47925 6.45266 5.14465 4.137 4.70091 4.0397 4.01937 3.97063 3.67186 4.19879 3.37689 3.96042 3.24417 3.23626 4.92818 3.22218 3.19863 2.96927 2.96678 2.91308 2.83945 3.86752 4.13072 5.09433 2.7625 2.73061 2.58592 2.68489
threshold=90.768873776688963 -0.1799999999999998 0.69122279175634183 2.6450000000000005 51.665000000000006 -0.4946246120072687 17.345000000000002 1.3991857066582909 328.40500000000003 1.9395313626532089 11.117857142857146 12.010000000000002 127.56056400000001 17.565000000000001 2.5850000000000004 5.319499999999949 3.6450000000000005 3.5250000000000008 0.76762187003917715 2.0250000000000004 16.780000000000005 -0.82658943438516286 0.59445131145585495 12.175000000000002 -0.26656556598127062 47.892042500000002 0.64000000000000001 0.060000000000000851 12.545000000000002 0.88134468318692238
decision_type=10 2 2 2 8 2 10 8 2 2 8 8 2 10 2 2 2 2 2 2 10 8 2 10 10 2 2 2 10 10
left_child=1 7 4 15 14 6 20 -1 -5 -8 22 -12 13 -13 28 17 -17 -4 -7 -9 -2 26 -6 24 -24 -26 -21 -11 -3 -30
right_child=5 2 3 8 10 18 9 19 -10 27 11 12 -14 -15 -16 16 -18 -19 -20 21 -22 -23 23 -25 25 -27 -28 -29 29 -31
leaf_value=0.0036496945020435341 0.006407357862552354 -0.0038908600448028319 -0.0028916733036722982 -0.028647222632547448 0.0023783761247780397 0.0047053264432818636 0.014124440583875287 0.0022698800030723516 -0.0039047845260631988 0.0093594603620755987 0.016311863856917398 0.00073417502573768867 -0.0089729157203019775 0.0088483483629419428 -0.0061251795686600797 -0.0039575915240300449 -0.014312401967465412 0.0046689020872776781 0.0010475124427934031 0.0079064088491487793 -0.0014433564006306224 -0.0008156464213488208 -0.010047263756227286 -0.0027859794053342814 0.00094324669542264115 0.014094555627813615 -0.0023227970929990344 -0.0018828738601680819 0.0043330625425876948 -0.0024909649136439335
leaf_weight=351.51058483123779 93.55939057469368 198.8610528409481 893.1702144742012 14.772535353899004 174.24016058444977 340.90466201305389 89.771560996770859 464.00912329554558 9.8483569025993329 49.999350428581238 15.908884227275847 1578.3885851204395 31.060202538967133 56.059877753257751 198.48226988315582 171.20989692211151 54.544745922088623 53.787180006504059 583.32575500011444 68.559715360403061 80.680770009756088 1446.1933328509331 25.757241129875183 807.56526601314545 211.7396734058857 30.302636623382568 36.363163948059082 31.817768454551697 103.02896451950073 104.54409635066986
leaf_count=232 64 132 1035 33 115 225 60 502 14 33 12 2448 46 37 131 113 36 79 385 46 54 1640 17 533 145 20 30 21 68 69
internal_value=1.21354e-05 -0.00060178 -0.0012437 -0.00355083 -0.000462459 0.00344406 0.00624311 0.000682051 -0.0187502 0.00976773 5.73989e-05 0.000972783 0.000826264 0.00101248 -0.00298135 -0.00323172 -0.00645942 -0.00246223 0.00239671 0.000164387 0.00277214 -0.000465462 -0.0011743 -0.00174994 0.00137429 0.00258973 0.00436127 0.00498744 -0.00144605 0.000896144
internal_weight=8369.97 7099.91 4733.27 1197.33 3535.94 1270.06 345.829 2366.64 24.6209 171.589 2931.02 1681.42 1665.51 1634.45 604.916 1172.71 225.755 946.957 924.23 2015.13 174.24 1551.12 1249.6 1075.36 267.8 242.042 104.923 81.8171 406.434 207.573
internal_count=8375 7533 5083 1310 3773 842 232 2450 47 114 3373 2543 2531 2485 400 1263 149 1114 610 2218 118 1716 830 715 182 165 76 54 269 137
is_linear=0
shrinkage=0.03


Tree=40
num_leaves=31
num_cat=0
split_feature=97 54 86 16 53 7 82 14 35 23 70 91 74 39 20 50 8 95 19 32 97 82 45 65 8 97 82 51 63 98
split_gain=20.8511 5.10309 6.56369 4.69637 4.5709 4.87024 4.55456 4.51656 5.38022 4.76758 4.44203 3.91621 3.71654 3.58232 4.06304 4.40483 3.74574 3.30032 5.09169 4.16346 3.08599 3.13225 4.14887 2.92727 2.87675 2.74376 2.28866 2.22412 2.18525 2.17892
threshold=90.768873776688963 -0.21000000000000005 0.63511039253700541 -0.52153093712437715 2.8000000000000003 10.385000000000003 1.4351421691225192 52.775000000000013 19.330000000000002 1.6130171467004581 3.1035391052031684 -0.0083227444496929721 0.34539336310487673 1.2150000000000001 0.33947678042931656 0.67946964405694155 3.5450000000000004 18.125000000000004 -0.87334715015263742 8.6548571428571446 69.362510205253528 5.690825914212259 20.495000000000001 2.7150000000000003 4.535000000000001 38.198724380280922 1.3756297473657444 2.2650000000000001 1.4750000000000003 31.117232046538469
decision_type=10 2 2 2 2 2 8 8 10 2 10 2 2 2 10 2 2 10 10 10 8 10 10 2 2 8 10 2 2 8
left_child=1 6 7 10 20 -6 -1 17 13 -10 11 -2 -12 14 15 16 -9 19 -19 -3 26 22 -22 25 27 -8 -4 -5 -13 -15
right_child=3 2 4 24 5 -7 23 8 9 -11 12 28 -14 29 -16 -17 -18 18 -20 -21 21 -23 -24 -25 -26 -27 -28 -29 -30 -31
leaf_value=0.0037037242285696426 -0.002907255769314701 -0.0087866454893202085 -0.00076512067633079236 0.0024961968396697075 -0.0047506988047867973 -0.031986437086324301 -0.0024149945095896107 0.002324015303428325 -0.0014020182466594601 0.01386079017944423 0.018929643387075052 0.0087909910687084692 0.0071419618327359128 -0.0078044697028881414 0.0168610447400547 -0.011441621666831055 0.01795594162299757 0.0058018464330255107 -0.0058191459476525801 0.0010403385081633387 -0.0013163020430832836 -0.013950274682156427 0.0097873093689118135 -0.011135306081653237 -0.0019807956549784483 0.00061371300430461905 -0.0046163961910156192 0.0076244667328355031 0.0019981282322969183 -0.00040476062075958755
leaf_weight=343.93492567539215 53.029614090919495 45.453954935073853 174.99772650003433 739.38433361053467 14.772535353899004 9.8483569025993329 327.64725849032402 208.70940974354744 30.302636623382568 46.969086766242981 39.772210568189621 118.18028283119202 60.984056204557419 36.363163948059082 18.181581974029541 19.696713805198669 14.772535353899 37.87829577922821 325.75334370136261 265.14807045459747 629.15849289298058 16.666450142860413 31.817768454551697 21.211845636367798 118.18028283119202 1509.0713038444519 672.71853303909302 84.847382545471191 66.66580057144165 2371.9388816952705
leaf_count=227 35 30 132 488 30 23 223 323 20 31 30 78 41 24 12 37 24 25 215 175 1046 11 21 38 78 1776 447 56 44 2728
internal_value=-4.01847e-05 -0.000669813 -0.00120236 0.00348532 -0.00282189 -0.015645 0.000532508 -0.000468614 7.1417e-05 0.00787538 0.00651556 0.00427937 0.011795 -0.000154464 0.00318142 0.00215864 0.00335731 -0.00266879 -0.00460863 -0.000397757 -0.00261491 -0.00110568 -0.000781802 -5.45392e-05 0.00239648 7.34301e-05 -0.00382136 0.00302411 0.00634111 -0.000516489
internal_weight=8454.06 7173.01 4971.15 1281.04 1549.98 24.6209 2201.87 3421.17 2746.93 77.2717 338.632 237.876 100.756 2669.66 261.36 243.179 223.482 674.234 363.632 310.602 1525.36 677.643 660.976 1857.93 942.412 1836.72 847.716 824.232 184.846 2408.3
internal_count=8468 7618 5354 850 1710 53 2264 3644 3199 51 228 157 71 3148 396 384 347 445 240 205 1657 1078 1067 2037 622 1999 579 544 122 2752
is_linear=0
shrinkage=0.03


Tree=41
num_leaves=31
num_cat=0
split_feature=97 90 102 97 23 13 16 19 85 53 52 15 45 58 14 52 50 57 28 8 80 3 48 59 16 82 96 54 43 83
split_gain=18.1854 5.582 6.59473 5.15297 5.10783 4.52645 4.38626 4.22205 6.1923 6.18115 4.29313 4.08043 3.73202 5.26169 3.57763 3.48037 3.43238 3.38823 5.47192 3.49847 4.03315 2.51991 2.49296 2.41184 2.35473 2.28572 2.28075 2.07653 2.6067 2.59696
threshold=84.429688536494282 1.9650000000000005 71.500000000000014 41.404186400607337 1.6062983563945432 -0.77049999999999985 -0.28225773875606747 -0.82658943438516286 1.1007639257294433 2.8000000000000003 3.8750000000000004 1015.7035000000001 17.105000000000004 1.1846099187028674 93.65000000000002 2.1550000000000007 0.42604360506537303 17.640000000000004 4.0550000000000006 4.455000000000001 11.871103448275862 2.1050000000000004 1.7315000000000398 18.715000000000003 -0.94123492117109386 1.3991857066582909 0.50749999999999329 -0.20999999999999983 0.15327272727272764 18.075000000000006
decision_type=10 2 2 8 2 8 2 8 2 2 2 10 10 10 10 2 2 10 2 2 10 2 2 8 2 10 2 2 2 8
left_child=1 3 -3 14 -2 -5 12 8 -4 11 -11 24 22 26 21 -15 -13 19 -19 27 -21 -1 -6 -8 -9 -16 -14 29 -29 -7
right_child=4 2 7 5 6 17 23 9 -10 10 -12 16 13 15 25 -17 -18 18 -20 20 -22 -23 -24 -25 -26 -27 -28 28 -30 -31
leaf_value=-0.0016214805041703743 -0.0036244888014386198 -0.019160619224334634 0.064190245563144857 -0.0047425306306529032 0.0019819554254301179 0.0033666508979373851 0.0026070558290998782 0.0085239366643621965 0.0029162250329208658 -0.0062046099718981642 -0.034495163981911034 -0.0064514156448985012 0.0071828518896936101 0.019252737350231801 0.011209793159006633 0.0081350860970480186 0.001545553780513023 0.0044106673510532846 -0.0084150135678489352 0.00048415018408128285 -0.0054866622034398203 -0.0045985670875158839 0.0079608059658549842 -0.0011015251682906131 -0.0012924667839264523 0.00067389024467671564 -0.0017406491243058561 -0.0007222451158793333 0.0017929037924938522 0.00034055936154609156
leaf_weight=674.99123078584671 107.57436001300812 22.348194509744644 1.5151318311691273 175.7552924156189 406.05533075332642 362.11650764942169 501.50863611698151 23.48454338312149 73.105110853910446 9.8483569025993365 9.4695739448070508 299.99610257148743 40.908559441566467 28.78750479221344 23.48454338312149 211.7396734058857 57.57500958442688 293.93557524681091 33.332900285720825 190.90661072731018 218.17898368835449 412.11585807800293 74.241459727287292 230.30003833770752 346.20762342214584 87.877646207809448 69.696064233779907 2068.1549495458603 451.88806864619255 864.76149263978004
leaf_count=450 71 23 1 116 271 239 331 53 70 26 16 198 27 19 20 142 38 194 22 387 144 272 49 152 575 58 46 2472 641 1236
internal_value=-0.000101473 -0.000799648 -0.00308128 -0.000471066 0.00269867 -1.97717e-05 0.0031338 -0.0026437 0.00416037 -0.00332376 -0.0200725 -0.00287887 0.00462468 0.00697539 -0.00222546 0.0094657 -0.00516377 0.000165372 0.00310435 -6.60604e-05 -0.00270028 -0.00275008 0.00290613 0.00143997 -0.000668884 0.00289575 0.00155982 0.000221542 -0.000271235 0.00123372
internal_weight=8371.86 6701.05 843.55 5857.5 1670.81 4659.03 1563.24 821.201 74.6202 746.581 19.3179 727.263 831.429 351.132 1198.47 240.527 357.571 4483.28 327.268 4156.01 409.086 1087.11 480.297 731.809 369.692 111.362 110.605 3746.92 2520.04 1226.88
internal_count=8359 7251 1000 6251 1108 5451 1037 977 71 906 42 864 554 234 800 161 236 5335 216 5119 531 722 320 483 628 78 73 4588 3113 1475
is_linear=0
shrinkage=0.03


Tree=42
num_leaves=31
num_cat=0
split_feature=97 8 98 51 60 59 83 54 86 14 33 16 85 32 82 81 12 97 54 40 42 16 41 88 88 76 16 14 105 90
split_gain=18.7714 7.18965 6.80248 4.83169 4.57596 5.91713 4.55093 4.20587 5.40532 5.31215 4.15115 3.81924 3.39412 3.35374 3.27861 3.18841 3.15211 2.92182 2.91894 2.91001 2.86725 3.67891 3.34571 2.83345 2.75629 2.75161 2.68679 4.88839 2.80427 2.57866
threshold=74.50227040196647 6.0950000000000006 156.74356357360969 0.27500000000000008 2.7049999999999845 24.205000000000002 10.620000000000003 -0.44999999999999979 0.68131469052956384 47.975000000000009 11.545000000000002 0.68968273440025774 2.1666896551724144 14.793571428571431 5.0721250288802517 14.670000000000002 327.16000000000003 29.603964501443382 0.81500000000000017 2.0150000000000001 0.53000000000000025 0.23386961714603963 0.71000000000000041 2.9450000000000007 2.7250000000000005 3.4350000000000005 -0.54515124598588949 56.315000000000005 68.500000000000014 1.4450000000000005
decision_type=10 2 10 2 2 8 8 2 2 8 8 2 2 10 10 8 10 8 2 2 2 2 2 2 2 2 2 10 2 2
left_child=1 3 4 25 5 18 -5 15 9 29 11 19 -6 -4 17 -8 -3 -10 -2 23 -12 24 -23 -11 -22 -1 27 -15 -29 -9
right_child=2 16 13 6 12 -7 7 8 14 10 20 -13 -14 26 -16 -17 -18 -19 -20 -21 21 22 -24 -25 -26 -27 -28 28 -30 -31
leaf_value=-0.027280008347071359 0.0014588014428135365 -0.0054422805894602097 0.0024213336665888383 0.010683352773359786 0.0079089478199127379 -0.0119784789251844 0.0050150313277091867 -0.0033033306713010063 -0.0077338926138086081 -0.0022581045710406873 0.00027010780306658156 0.0010573725441219047 4.9501725905905866e-05 0.0030855456132752816 -0.01410467584700272 0.00032849382865525505 -0.019694958374351396 -0.0021677880585551828 -0.0021486617801014258 -0.0046688317885647422 0.0083109410266286807 0.0060638979515253016 -0.0083905005624235994 0.0028762166516885872 0.0020028693024295194 -0.0041730860578022694 0.0045404860155738077 0.018345619642517783 0.0076738847668293133 -0.012148104549996121
leaf_weight=9.4695739448070544 1128.7732142210007 178.40677312016487 373.10121342539787 31.817768454551697 142.42239212989807 33.332900285720825 151.51318311691284 269.69346594810486 92.044258743524551 456.81224709749222 1508.3137379288673 397.34332272410393 75.756591558456421 63.635536909103394 22.726977467536926 948.85130926966667 15.151318311691282 1090.1373525261879 245.83013960719109 339.38953018188477 120.83176353573799 22.726977467536926 39.393427610397339 122.7256783246994 128.78620564937592 9.0907909870147687 278.78425693511963 53.408397048711777 37.87829577922821 33.332900285720825
leaf_count=19 745 198 247 21 94 22 100 178 69 303 2305 266 50 42 15 1098 10 1369 166 224 247 27 59 81 178 24 184 36 25 22
internal_value=3.25015e-05 -0.000870272 0.00225465 -0.000680299 0.00113727 0.000510799 -0.000631196 -0.000693864 -0.00108898 -0.000483207 -0.000116729 -0.00140014 0.00517997 0.00450672 -0.00281814 0.0009738 -0.00655795 -0.00260116 0.000813653 -0.00246276 0.000811437 0.0034306 -0.00310231 -0.00117084 0.0050564 -0.0159623 0.00630069 0.0094682 0.0139175 -0.00427626
internal_weight=8421.48 5988.56 2432.92 5795 1626.12 1407.94 5776.44 5744.62 4644.26 3439.35 3136.32 1316.27 218.179 806.808 1204.91 1100.36 193.558 1182.18 1374.6 918.927 1820.05 311.738 62.1204 579.538 249.618 18.5604 433.706 154.922 91.2867 303.026
internal_count=8424 6813 1611 6605 1077 933 6562 6541 5343 3890 3690 874 144 534 1453 1198 208 1438 911 608 2816 511 86 384 425 43 287 103 61 200
is_linear=0
shrinkage=0.03


Tree=43
num_leaves=31
num_cat=0
split_feature=97 97 90 23 21 13 98 2 98 90 39 30 95 100 0 30 10 55 95 3 13 87 44 97 44 98 63 54 53 84
split_gain=17.5656 7.24858 6.06287 4.742 4.38938 4.18894 4.70428 4.85533 3.77047 3.62792 3.50396 2.98471 3.02159 4.2038 3.22613 3.92424 2.87814 2.81522 2.60392 2.51023 2.40211 2.36111 2.86944 2.49317 2.35115 2.33207 3.39927 2.37501 2.75456 3.08277
threshold=106.0998024355472 66.563812446233797 3.0750000000000006 1.6178313743501953 0.31150571677201871 7.1265000000000009 105.82490560144679 1.0000000180025095e-35 163.43199807871159 1.4950000000000003 1.425 1.2000000000000004 13.280000000000003 0.99999948848796449 1.0000000180025095e-35 -0.97499999999999976 3.8195000000000006 -0.16181578947368422 19.615000000000006 2.0250000000000004 6.6020000000000012 0.8650000000000001 16.328947368421055 91.845217729308004 11.098157894736845 77.46287076063318 1.7050000000000003 2.3150000000000004 0.91499999999999992 -3.8270000000000546
decision_type=10 10 2 2 10 8 10 2 10 2 2 2 8 2 2 2 10 2 10 2 10 2 10 10 10 8 2 2 2 2
left_child=1 2 5 -4 8 6 17 -8 20 -6 18 12 13 14 -7 -16 -17 -1 -2 -19 -3 23 -23 -11 -9 26 -14 28 -27 -30
right_child=10 4 3 -5 9 11 7 24 -10 21 -12 -13 25 -15 15 16 -18 19 -20 -21 -22 22 -24 -25 -26 27 -28 -29 29 -31
leaf_value=0.0034367858110044198 0.0057619182135280264 0.0040314541605525906 -0.0071015351152183834 -0.031230949771533012 0.00097453384825268747 0.011003615096572312 0.00097709603963200839 -5.0938485224756919e-06 0.011939845520902458 -0.0024222374960680975 0.0033013355643833854 -0.012335443259474487 -0.00019085745489858384 0.012943373993801814 0.048350805481765437 -0.014809349170371602 0.00067557459162892962 -0.0023474357212793506 0.013101630431633609 -0.0057010923353520183 5.732864963642515e-05 0.00034750272023337491 -0.010363426519590329 0.0032751429914367014 -0.007516617189626284 -0.00064335779002676406 -0.0043294816167843411 -0.013351738093852239 -0.0075036209832311223 0.0020653233580644964
leaf_weight=46.969086766242981 137.4982136785984 359.08624398708344 46.211520850658417 8.7120080292224866 1440.8903714418411 28.029938876628876 542.41719555854797 57.57500958442688 40.908559441566467 274.23886144161224 438.25188216567039 18.560364931821823 399.9948034286499 31.817768454551697 1.5151318311691273 11.363488733768461 218.93654960393906 380.29808962345123 63.635536909103394 425.75204455852509 221.20924735069275 36.363163948059082 59.090141415596008 92.423041701316833 107.57436001300812 1823.8399417698383 322.72308003902435 12.121054649353026 31.817768454551697 635.59780317544937
leaf_count=31 93 237 77 20 951 20 358 38 27 181 290 34 264 21 1 9 164 251 42 281 152 24 39 61 71 3015 213 32 21 1294
internal_value=2.83944e-05 -0.000369551 -0.00101485 -0.010929 0.000947483 -0.000908018 -0.00220267 -0.000394161 0.00313707 0.000232728 0.00480586 -0.000336686 -0.000273378 0.0026508 0.00139048 0.000228113 -8.84841e-05 -0.00370279 0.00808409 -0.00411882 0.00251651 -0.00208025 -0.00628307 -0.000986121 -0.00489792 -0.000537746 -0.00203892 -0.00010436 -3.99056e-05 0.00160914
internal_weight=8315.42 7676.04 5151.83 54.9235 2524.21 5096.9 1560.59 707.567 621.204 1903.01 639.386 3536.32 3517.76 291.663 259.845 231.815 230.3 853.019 201.134 806.05 580.295 462.115 95.4533 366.662 165.149 3226.09 722.718 2503.38 2491.26 667.416
internal_count=8312 7887 6215 97 1672 6118 1030 467 416 1256 425 5088 5054 215 194 174 173 563 135 532 389 305 63 242 109 4839 477 4362 4330 1315
is_linear=0
shrinkage=0.03


Tree=44
num_leaves=31
num_cat=0
split_feature=98 89 38 20 17 97 55 12 98 84 67 81 72 65 19 10 62 39 87 79 86 45 70 16 73 57 18 30 57 75
split_gain=16.7829 5.05041 4.99645 4.71361 4.39651 4.26003 4.14672 4.65919 4.82242 4.04744 3.95647 4.24864 4.22624 3.6844 3.57141 9.90796 5.59299 3.54665 3.51677 3.98485 3.31626 3.23511 2.90469 2.79004 2.7409 2.69195 2.68064 2.59681 2.56727 2.48156
threshold=132.94732193044862 2.8750000000000004 0.53232393237337405 -0.95569018613003565 0.60209376286519267 107.22118796460278 -0.15397368421052618 112.10000000000001 76.939042729969529 7.4044999999999854 -0.02546941678520635 17.395000000000003 1.3605000000000589 1.2050000000000005 0.054078730618053843 5.7030000000000012 1.1220428583524209 1.3550000000000002 1.5650000000000002 -0.0023509811181044444 0.55244385943223695 15.915000000000001 3.7036977195867755 -0.94909439586795796 1.6095890410958906 21.010000000000002 -0.96836540075336919 0.050000000000000162 13.005000000000001 1.3250000000000004
decision_type=10 2 2 10 2 10 2 10 10 2 2 10 2 2 8 10 2 2 2 2 2 10 10 2 2 10 10 2 10 2
left_child=1 2 6 29 -4 18 -1 -8 -9 14 11 28 13 -12 15 -3 23 22 25 -20 21 26 -7 -16 -19 -5 -14 -18 -10 -2
right_child=3 9 4 5 -6 17 7 8 10 -11 12 -13 20 -15 16 -17 27 24 19 -21 -22 -23 -24 -25 -26 -27 -28 -29 -30 -31
leaf_value=0.0049142660126548525 0.0083032453043592885 0.054607190786797037 -0.021754283314342551 0.00074592916678749115 0.0050729494984704153 0.0049344569738595644 0.00075345595048271314 -0.0037710104384574509 0.0016926783736504109 -0.0072523675233364332 -0.0019510498593140327 -0.0011459070433480747 0.0061719583321567725 -0.0074219606941407822 0.0073215409979778762 0.00014838718785152298 -0.007494024587504115 -9.2563944922933832e-05 0.0024039907320468966 0.015093456294233349 -0.0024219490143814124 0.00832636119088488 0.014769462508085265 -0.0027812309631933688 0.0051132149261434029 -0.0080929785189388977 -0.00019038335212675952 -0.026840576803594068 0.0070998113628584778 0.0021174545453703959
leaf_weight=137.4982136785984 168.17963325977325 3.0302636623382559 17.802799016237262 1222.7113877534866 7.9544421136379233 66.66580057144165 1949.9746667146683 517.79630330204964 204.54279720783234 136.36186480522156 739.76311656832695 298.4809707403183 71.211196064949036 130.30133748054504 25.378458172082901 386.73739990592003 12.878620564937593 162.11910593509674 74.241459727287292 31.817768454551697 264.39050453901291 59.090141415596008 45.453954935073853 804.15621939301491 207.57306087017059 31.817768454551697 365.52555426955223 12.121054649353026 128.78620564937592 89.392778038978577
leaf_count=135 114 2 32 807 18 44 3261 344 135 90 489 197 47 86 61 283 28 107 49 21 176 42 30 1211 137 21 242 20 85 59
internal_value=3.36862e-05 -0.000743341 -0.000291204 0.0023551 -0.0134694 0.00182366 -0.000221467 -0.000370764 -0.00115936 -0.00234573 -0.000561545 0.00145384 -0.0013426 -0.00277038 -0.00180802 0.000571779 -0.00289349 0.00424782 0.000965223 0.00621083 0.00029148 0.00173837 0.00892162 -0.00247215 0.00283035 0.000521754 0.000847015 -0.0168742 0.0037818 0.00615641
internal_weight=8373.75 6273.78 4893.12 2099.97 25.7572 1842.4 4867.36 4729.86 2779.89 1380.66 2262.09 631.81 1630.28 870.064 1244.3 389.768 854.534 481.812 1360.59 106.059 760.217 495.827 112.12 829.535 369.692 1254.53 436.737 24.9997 333.329 257.572
internal_count=8373 6984 5289 1389 50 1216 5239 5104 1843 1695 1499 417 1082 575 1605 285 1320 318 898 70 507 331 74 1272 244 828 289 48 220 173
is_linear=0
shrinkage=0.03


Tree=45
num_leaves=31
num_cat=0
split_feature=98 28 97 42 95 91 10 19 88 33 2 88 13 68 97 77 74 7 41 81 67 2 23 13 24 97 68 39 80 21
split_gain=14.783 5.23655 4.16101 7.01454 5.74325 5.36895 4.76176 3.69998 4.19203 3.39828 3.0843 4.12243 3.10673 4.77393 3.01793 3.06039 3.12065 2.98644 4.83196 3.40453 2.59887 2.56934 2.51698 2.44734 2.6013 2.43971 2.64925 2.3576 2.33222 2.25065
threshold=155.12008521600151 1.8950000000000002 57.933457420629317 1.9650000000000001 13.445000000000002 -0.0031639921185755079 8.1750000000000025 -0.39634669659887273 1.8350000000000002 10.495000000000003 1.0000000180025095e-35 2.4050000000000007 -1.5419999999999998 17.130958904109594 94.54440758719123 1.9250000000000005 0.36305275882288107 9.5150000000000023 2.0950000000000002 18.905000000000005 -0.022885383555591266 1.0000000180025095e-35 1.6581655169292036 2.8920000000000003 51.925457500000014 30.295045968976993 16.866643835616447 2.2350000000000008 9.9706482758620698 0.99914822025948002
decision_type=10 2 8 2 10 2 10 10 2 10 2 2 8 10 10 2 2 2 2 8 2 2 2 10 2 10 8 2 10 10
left_child=1 9 4 10 5 -3 -7 8 -2 22 12 -12 -4 29 -9 16 28 19 -19 27 -11 25 -1 -17 -25 -6 -27 -13 -16 -14
right_child=7 2 3 -5 21 6 -8 14 -10 20 11 17 13 -15 15 23 -18 18 -20 -21 -22 -23 -24 24 -26 26 -28 -29 -30 -31
leaf_value=-0.00064403596899588651 -0.0040612095430482623 0.03542250961006848 0.011794360748823894 -0.01870231119569498 -0.0048686808407194795 -0.0056071674518715035 0.0056519825818380012 -8.7250360482063626e-05 0.0085350706656486947 0.0041651423800411072 0.0036473107683820576 -0.0036636863292779103 0.00061234814242657008 -0.0098959593388168506 0.0095795650600856465 0.012999871723475507 7.7646224061844147e-05 -0.028142248429177251 0.0034688678490779629 -0.00096383511302782919 0.00096015946995864885 -0.0092350712225510861 0.0067697663962187279 0.0087486840755153349 -0.0023906024584225915 -0.0016597495517556319 -0.0093979121405117789 -0.011083581697868728 0.002423721525766977 -0.0049838381700697569
leaf_weight=1110.2128492891788 27.272372961044312 4.5453954935073844 21.211845636367798 18.560364931821823 289.39017975330353 47.726652681827545 115.90758508443832 272.72372961044312 185.60364931821823 336.35926651954651 110.98340663313866 153.02831494808197 2170.8051311075687 40.908559441566467 72.726327896118164 49.999350428581238 215.14872002601624 10.227139860391619 7.5756591558456412 520.06900104880333 704.915084451437 49.999350428581238 42.802474230527878 49.999350428581238 30.302636623382568 1495.0563344061375 40.908559441566467 51.514482259750366 93.938173532485962 66.66580057144165
leaf_count=1566 18 3 14 40 191 33 102 180 124 222 254 101 2422 27 48 33 142 27 20 1088 466 33 29 33 20 989 27 34 62 44
internal_value=-1.47763e-05 -0.000476404 -0.000993736 -0.000313523 -0.00204942 0.00326143 0.00236806 0.00341343 0.00692131 0.000753119 -0.000205275 -0.00174551 0.000366321 0.000259925 0.00246197 0.00381954 0.00246474 -0.00255169 -0.0146907 -0.00225345 0.00199545 -0.00252569 -0.000368819 0.00778942 0.00454518 -0.00234191 -0.00186585 -0.0055324 0.00554627 0.000445609
internal_weight=8407.09 7409.37 5215.08 3171.55 2043.53 168.18 163.634 997.714 212.876 2194.29 3152.99 853.398 2299.59 2278.38 784.838 512.115 381.813 742.415 17.8028 724.612 1041.27 1875.35 1153.02 130.301 80.302 1825.36 1535.96 204.543 166.665 2237.47
internal_count=8392 7732 5449 4071 1378 138 135 660 142 2283 4031 1524 2507 2493 518 338 252 1270 47 1223 688 1240 1595 86 53 1207 1016 135 110 2466
is_linear=0
shrinkage=0.03


Tree=46
num_leaves=31
num_cat=0
split_feature=98 20 83 80 53 98 45 80 53 90 44 23 39 20 14 37 70 33 50 16 28 95 84 67 32 28 27 103 14 100
split_gain=11.8713 5.44831 5.08958 6.42025 6.30383 4.5617 4.56672 4.51258 4.4302 4.40051 4.11846 4.07403 3.31649 3.49927 3.30693 3.62613 3.17929 2.89454 3.97692 3.16502 3.5247 3.43792 3.17716 2.96134 2.86482 3.55662 2.85031 2.81071 2.79785 2.79022
threshold=117.86423618263017 -0.12351487473923091 13.380000000000001 9.5055862068965542 2.3150000000000008 75.159629477274393 15.025 8.9594379310344845 0.995 2.7950000000000004 12.721210526315792 1.6399121475844385 1.4450000000000001 -0.57278984051112791 46.765000000000008 2.1225000000000009 2.4354999674600832 15.285000000000002 0.10307125783854078 -0.22520613526092906 3.1850000000000005 24.565000000000001 5.9594999999999922 -0.050753911806543386 14.101428571428574 3.9350000000000005 2.6350000000000002 143.50000000000003 59.835000000000008 0.61606429355346326
decision_type=10 10 8 10 2 8 10 10 2 2 10 2 2 10 10 2 10 10 2 2 2 10 2 2 10 2 2 2 10 2
left_child=2 12 3 28 5 -4 8 -3 10 11 -7 27 13 -2 15 -9 24 -14 -19 21 -21 22 23 -20 26 -26 -8 -6 -1 -30
right_child=1 7 4 -5 9 6 16 14 -10 -11 -12 -13 17 -15 -16 -17 -18 18 19 20 -22 -23 -24 -25 25 -27 -28 -29 29 -31
leaf_value=-0.0054644153600934171 0.0087525820622560598 0.0048673388783835279 -0.0032719305484100237 0.012563845560076758 -0.013339660958444419 -0.00098900850248364344 -0.0010295835044165748 -0.0019237365410663999 0.0020679109405355098 -0.027888336635267914 0.0056082367108849533 -0.022262954314355498 0.00054987880366786312 0.0021268390060990164 -0.00053779387020247644 -0.014184770447635225 0.0022512099024859047 0.013924002454346492 0.012012366169616208 0.0015605325312083968 -0.0071975800012334928 2.4815423946223639e-05 0.012543266429852679 0.0034362870686812817 0.0009341350530175914 -0.0072126402180683457 -0.0086353148214423723 0.006791571030926518 0.0094574165123702918 0.00093694106280093877
leaf_weight=55.681094795465469 137.4982136785984 127.27107381820679 730.2935426235199 46.211520850658417 9.8483569025993329 2757.1611497700214 60.226490288972855 57.57500958442688 591.65898007154465 11.742271691560743 87.877646207809448 10.984705775976179 851.88287207484245 149.99805128574371 762.11131107807159 34.848032116889954 78.786855220794678 28.78750479221344 39.393427610397339 187.87634706497192 53.029614090919495 180.30068790912628 43.938823103904724 452.26685160398483 143.17995804548264 72.726327896118164 168.17963325977325 17.045233100652698 37.87829577922821 398.47967159748077
leaf_count=39 93 84 482 32 23 3868 42 38 1085 28 58 29 563 99 503 23 55 19 26 124 35 119 29 300 96 48 111 42 25 266
internal_value=-2.58444e-05 0.00144546 -0.000891904 0.00187257 -0.00120584 -0.00109331 -0.000691511 -0.000402786 -0.000294038 -0.0118426 -0.000785233 -0.00686836 0.00229942 0.00529567 -0.0011877 -0.00654675 -0.00330286 0.00183061 0.0029376 0.00260705 -0.000367354 0.00360796 0.00481417 0.00412343 -0.00428773 -0.00181004 -0.00662982 -0.000580429 0.000868464 0.00167657
internal_weight=8384.74 3106.78 5277.96 538.251 4739.71 4690.09 3959.8 981.805 3436.7 49.6206 2845.04 37.8783 2124.97 287.496 854.534 92.423 523.099 1837.48 985.593 956.806 240.906 715.9 535.599 491.66 444.312 215.906 228.406 26.8936 492.039 436.358
internal_count=8384 2055 6329 362 5967 5845 5363 648 5011 122 3926 94 1407 192 564 61 352 1215 652 633 159 474 355 326 297 144 153 65 330 291
is_linear=0
shrinkage=0.03


Tree=47
num_leaves=31
num_cat=0
split_feature=97 30 95 67 39 93 90 57 39 54 17 58 83 29 81 28 90 81 97 30 46 103 59 98 23 98 13 92 65 59
split_gain=15.0108 5.7741 5.07135 4.42489 4.23111 4.12137 4.07564 4.04675 3.41656 4.74752 3.75377 3.07487 3.04475 3.02145 2.95258 3.39522 2.91642 2.91145 2.75059 2.74847 3.40092 2.85044 2.55203 2.47411 2.46995 2.23135 2.20156 3.13388 2.14051 2.12285
threshold=79.687668224845581 1.2000000000000004 21.620000000000001 -0.084637268847795197 1.4450000000000001 18.250000000000004 3.1250000000000004 17.595000000000002 1.3250000000000004 -0.1799999999999998 -0.51016725091371151 0.66237843804809426 10.620000000000003 0.53000000000000003 19.955000000000002 1.885 1.2250000000000003 14.985000000000001 68.531075378961688 0.28999999999999998 0.81308038158011631 144.50000000000003 18.635000000000002 72.745750061312023 1.6096953367168887 41.406448875233721 6.8115000000000014 9.582145328719724 0.4200000000000001 18.535000000000004
decision_type=10 2 10 2 2 10 2 10 2 2 2 10 8 2 10 2 2 8 8 2 8 2 10 8 2 8 10 10 2 10
left_child=1 2 6 -4 5 26 7 8 10 17 13 -6 -11 -1 15 -5 -16 -10 22 -12 -21 -22 25 -19 -8 -14 27 -2 -13 -28
right_child=4 -3 3 14 11 -7 24 -9 9 12 19 28 18 -15 16 -17 -18 23 -20 20 21 -23 -24 -25 -26 -27 29 -29 -30 -31
leaf_value=-0.0011774064237403345 0.011299743907879719 -0.01674124091726556 0.0010938793837952721 0.00029041269727469971 -0.002563124011426983 0.012175328237871392 -0.0046832001013985044 0.0037319990661427334 0.0029971500749129154 0.010441937422160217 0.0017757081425091433 0.0087544315329604501 -0.0076029139571602272 -0.017720054771583661 0.001020918970408298 -0.0061257140414806331 -0.0039558678835203767 -0.0037091593061142616 -0.00023550882684614688 -0.0033182858912938484 -0.0035274316010023205 0.011868378608307096 -0.0060705683122223028 0.00052510256340957708 -0.021727168623793258 -0.0015892422528734312 0.00337475706415731 0.0015758172626339022 0.0017943047537177551 -0.0039980819218429055
leaf_weight=104.16531339287758 68.180932402610779 20.075496762990952 254.54214763641357 90.907909870147705 146.96778762340546 60.605273246765137 21.969411551952362 230.30003833770752 389.388880610466 19.696713805198669 273.86007848381996 40.908559441566467 57.57500958442688 10.984705775976179 206.05792903900146 404.54019892215729 218.17898368835449 142.42239212989807 1125.7429505586624 21.969411551952362 12.499837607145308 80.680770009756088 136.74064776301384 970.44193786382675 11.742271691560743 1563.6160497665405 204.92158016562462 53.029614090919495 1425.3602701723576 42.423691272735596
leaf_count=170 45 38 168 60 97 40 43 152 257 13 345 27 38 23 136 267 144 94 2285 16 27 147 94 1476 22 1044 139 35 943 28
internal_value=4.01732e-05 -0.000677583 -0.000626782 -0.00240667 0.0022781 0.00492549 -0.000222825 -0.000154635 -0.000336943 -0.000604653 0.00200245 0.00157383 -0.00131304 -0.00275549 -0.00337552 -0.00494844 -0.00153857 0.000764432 -0.00139333 0.00341084 0.00729967 0.00980309 -0.00213478 -1.67907e-05 -0.0106199 -0.00180281 0.00373333 0.00704553 0.00198849 0.0021102
internal_weight=8410.5 6368.1 6348.02 1174.23 2042.4 429.161 5173.8 5140.08 4909.78 4405.62 504.16 1613.24 2903.37 115.15 919.685 495.448 424.237 1502.25 2883.67 389.01 115.15 93.1806 1757.93 1112.86 33.7117 1621.19 368.556 121.211 1466.27 247.345
internal_count=8413 7059 7021 775 1354 287 6246 6181 6029 5301 728 1067 3474 193 607 327 280 1827 3461 535 190 174 1176 1570 65 1082 247 80 970 167
is_linear=0
shrinkage=0.03


Tree=48
num_leaves=31
num_cat=0
split_feature=97 98 3 28 95 57 45 83 98 41 67 21 89 7 10 23 21 13 94 16 45 76 85 41 16 86 38 32 42 67
split_gain=13.263 5.33291 5.05944 3.76659 4.82094 4.0615 4.03059 3.65765 3.93647 4.12568 3.14346 3.08729 3.01708 2.97005 4.20933 2.77955 3.03071 3.03597 2.66707 2.90494 3.39126 3.50582 2.83962 2.65911 3.59959 2.54436 2.53493 2.43054 2.98965 2.41091
threshold=74.50227040196647 156.74356357360969 3.8050000000000002 1.8950000000000002 13.280000000000003 13.355000000000002 11.815000000000003 17.155000000000005 104.15765233121196 2.4849999999999999 0.0078129445234708488 0.96327980984709904 1.3650000000000004 11.365 8.0350000000000019 1.6062983563945432 0.85940629369588206 2.3065000000000002 2.2031873381296694 -0.5549170249155323 17.055000000000003 3.3350000000000004 1.1941005984611002 0.78500000000000003 0.25612066178609888 0.40363630291777847 0.12825538756619029 16.562857142857144 0.83500000000000019 0.062560455192034153
decision_type=10 10 2 2 8 8 8 8 8 2 2 10 2 2 10 2 10 10 10 2 10 2 2 2 2 2 2 8 2 2
left_child=2 15 3 12 6 -6 13 10 -9 11 -7 23 -1 14 -5 -2 17 -17 26 20 22 -22 -20 -10 -25 -14 -3 29 -29 -4
right_child=1 18 27 4 5 7 -8 8 9 -11 -12 -13 25 -15 -16 16 -18 -19 19 -21 21 -23 -24 24 -26 -27 -28 28 -30 -31
leaf_value=-0.0013513483250591645 -0.0041192833278617903 0.0053723137798499547 -0.0049419485810238062 -0.0099624875620012588 -0.0030636454328737462 0.0053161098260134931 0.014155108562151755 -0.0033531568377959116 -0.0005035405377446173 -0.015933542193318453 -0.00016011484735874119 -0.0032408130454848255 0.0035804173423802082 0.0095591463878182577 0.0032942531232203836 0.010116419975639753 0.00015240868991388913 0.002263285187363412 0.0088539381352800706 0.0033118884758499222 0.014038865545221223 0.0029126771193134738 -0.002332528295928588 0.0035762792008750561 -0.0068804447615146589 0.00054898892716557124 -0.0042678121852422176 -5.8342212439693412e-05 -0.013026634724937772 -0.015160752629683505
leaf_weight=512.49334189295769 93.938173532485962 39.393427610397339 48.484218597412109 31.060202538967133 893.92778038978577 151.51318311691284 28.78750479221344 576.88644471764565 1316.6495612859726 15.530101269483565 249.99675214290619 293.93557524681091 343.55614271759987 33.332900285720825 70.453630149364471 48.484218597412109 933.32120800018311 514.00847372412682 37.87829577922821 527.26587724685669 85.226165503263474 36.363163948059082 44.317606061697006 293.55679228901863 32.954117327928543 907.18518391251564 65.150668740272522 85.226165503263474 19.696713805198669 36.363163948059082
leaf_count=531 62 26 32 22 590 100 34 383 2357 35 165 194 427 22 48 32 616 343 25 348 57 24 30 529 78 1036 43 114 28 24
internal_value=3.67712e-05 0.00190626 -0.000726351 -0.000567339 -0.00107777 -0.0012935 0.00396482 -0.000753622 -0.00117585 -0.000532577 0.00190639 -0.000409104 0.000587302 0.00178936 -0.000761914 0.000886379 0.00120074 0.00294019 0.00384663 0.00448756 0.00752946 0.0107114 0.00282253 9.74437e-05 0.0025209 0.00138167 -0.000635301 -0.00554594 -0.00249282 -0.00932144
internal_weight=8366.94 2425.35 5941.59 5751.82 3988.58 3824.95 163.634 2931.02 2529.51 1952.63 401.51 1937.1 1763.23 134.847 101.514 1589.75 1495.81 562.493 835.595 731.051 203.785 121.589 82.1959 1643.16 326.511 1250.74 104.544 189.77 104.923 84.8474
internal_count=8355 1606 6749 6551 4557 4431 126 3841 3576 3193 265 3158 1994 92 70 1053 991 375 553 484 136 81 55 2964 607 1463 69 198 142 56
is_linear=0
shrinkage=0.03


Tree=49
num_leaves=31
num_cat=0
split_feature=97 90 27 21 81 70 97 98 54 43 67 28 14 63 90 35 96 67 95 70 30 57 14 92 95 98 32 70 98 9
split_gain=11.6433 5.34629 5.21896 4.24183 3.78157 3.85105 3.50103 3.39873 3.2856 4.10827 3.18493 2.89865 2.89467 4.31662 3.50448 2.88853 2.71614 2.61728 4.54232 2.76841 2.67122 3.2626 2.6126 2.46547 2.43211 2.87744 2.41682 2.96482 2.38261 3.00917
threshold=70.328308968460888 2.1850000000000009 0.96500000000000008 0.54534876140992905 10.285000000000002 0.98542762977869469 107.22118796460278 163.43199807871159 -0.17000000000000001 0.10590909090909136 -0.0098186344238976337 1.7950000000000002 47.315000000000005 0.57500000000000007 2.7950000000000004 21.090000000000003 12.836500000000003 -0.063794452347083905 24.415000000000003 1.3991393050033347 0.51000000000000023 18.265000000000004 72.385000000000005 7.9168746461151303 15.400000000000002 72.211288757325107 16.562857142857144 2.9981664719444239 105.82490560144679 261.91000000000003
decision_type=10 2 2 10 8 8 10 10 2 2 2 2 8 2 2 8 2 2 10 10 2 10 8 10 8 8 8 10 8 2
left_child=1 2 -1 7 5 -4 16 11 24 22 -8 -2 -3 14 -14 -12 17 -5 20 -20 21 26 23 -10 -6 -26 27 -19 -11 -30
right_child=3 12 4 6 8 -7 10 -9 9 28 15 -13 13 -15 -16 -17 -18 18 19 -21 -22 -23 -24 -25 25 -27 -28 -29 29 -31
leaf_value=-0.014739825238342016 0.0085361034197448411 -0.011363402510249533 0.015483909272621567 0.0041178177665936446 0.004304819956019534 -0.00011268501215410972 0.0082636752217837475 0.0079150586204584008 0.00072103029778187175 -0.0011486037186175565 0.00071876278734130051 0.0018025901661999368 -0.0051234341996932182 -0.0023362057948136806 -0.027080454389882672 0.0076288836003784556 0.0087437106874469778 -3.2849486778292408e-05 -0.0086421563254337249 -0.001324472296197327 -0.0078301420159400479 0.0052051768459546897 -0.00079511138864382322 -0.0033733078130831384 -0.0030628268790353183 0.00065614894839784751 -0.0066933681690857488 0.0064969749056376768 -0.0014849509241336631 0.0033439337513346346
leaf_weight=23.105760425329208 65.150668740272522 42.423691272735596 26.893590003252029 133.3316011428833 139.01334550976753 30.302636623382568 90.907909870147705 133.71038410067558 153.02831494808197 424.99447864294052 296.96583890914917 492.41784512996674 14.772535353899004 388.25253173708916 11.742271691560743 66.66580057144165 33.332900285720825 1021.1988542079926 84.847382545471191 103.02896451950073 34.848032116889954 124.24081015586853 1159.8334167599678 980.29029476642609 215.14872002601624 1443.5418521463871 45.453954935073853 66.66580057144165 168.17963325977325 375.37391117215157
leaf_count=37 43 28 20 88 97 20 60 89 101 282 196 328 39 536 28 44 22 674 56 68 23 82 1832 650 142 1747 30 44 360 622
internal_value=-1.16462e-06 -0.000790627 -0.00051409 0.00158097 -0.000449849 0.00722081 0.000910404 0.0036195 -0.000536565 -0.00110413 0.00324123 0.00258939 -0.00389944 -0.003136 -0.0148473 0.00198562 0.000267122 9.20184e-05 -0.000270592 -0.00462923 0.000363021 0.00059006 -0.00179608 -0.00282046 0.000493208 0.000173761 8.41247e-05 0.000367307 0.000534136 0.00184984
internal_weight=8389.66 5596.9 5139.71 2792.77 5116.6 57.1962 2101.49 691.279 5059.4 3261.7 454.54 557.569 457.191 414.767 26.5148 363.632 1646.95 1613.62 1480.28 187.876 1292.41 1257.56 2293.15 1133.32 1797.7 1658.69 1133.32 1087.86 968.548 543.554
internal_count=8388 6541 5910 1847 5873 40 1387 460 5833 3847 300 371 631 603 67 240 1087 1065 977 124 853 830 2583 751 1986 1889 748 718 1264 982
is_linear=0
shrinkage=0.03


Tree=50
num_leaves=31
num_cat=0
split_feature=97 90 35 23 82 27 13 88 18 21 55 99 65 95 50 95 12 90 33 65 93 79 93 13 96 35 77 97 81 65
split_gain=11.0267 6.50318 4.97511 4.64155 4.40274 4.06567 3.92501 3.80397 3.61495 3.56528 3.55505 3.371 3.33665 2.92619 2.7293 2.58414 2.46023 2.43979 3.23036 2.25622 2.18866 2.94486 2.36488 2.12798 2.46473 2.12487 2.08993 2.04052 4.53705 1.9964
threshold=70.048836593014499 2.1850000000000009 9.4450000000000021 1.6322829291023138 2.1265559233168587 2.5950000000000002 4.1975000000000007 2.6850000000000005 0.42063964031007667 0.91111574945917773 -0.09034210526315796 1.2446881413062771 0.4200000000000001 21.710000000000004 0.24537833300866163 24.565000000000001 318.68500000000006 1.3950000000000005 11.285000000000002 1.9750000000000001 12.010000000000002 0.050174935209181766 18.400000000000002 6.714500000000001 -2.2044999999999955 17.950000000000003 1.8150000000000006 20.235916996838366 10.285000000000002 1.1050000000000006
decision_type=10 2 8 2 10 2 10 2 8 10 2 2 2 10 2 10 10 2 8 2 8 2 10 10 2 8 2 8 8 2
left_child=1 8 -3 9 11 -5 7 -6 10 14 -1 15 -8 -14 25 26 -9 18 -12 -18 21 -10 27 24 -20 -4 29 -22 -29 -2
right_child=4 2 3 5 6 -7 12 16 20 -11 17 -13 13 -15 -16 -17 19 -19 23 -21 22 -23 -24 -25 -26 -27 -28 28 -30 -31
leaf_value=0.00095618179997451584 0.0017572938052156741 -0.026200589196707088 -0.010155983897939347 -0.0066457055168682088 0.012012040661760129 -0.035420944465342503 0.016387099112994827 0.0059983843271155784 0.0013482707564129071 -0.0090057656353605547 -0.0022699204418867437 -0.0026708888473420179 0.0020681182533751107 -0.0025739634458338584 0.00016541830568963048 -0.0025571229659682236 0.0037237089175521957 -0.0033550670086047942 -0.0073399593251538414 -0.0039031387156102104 -0.0060594099253534241 0.010272489334450682 0.0070559335906490725 0.0016683917380891635 -0.00044755142956066213 -0.002384769029175531 0.0046895558690915095 0.019741621988053827 6.0679779523170283e-05 -0.0023045010739978977
leaf_weight=582.56818908452988 540.90206372737885 9.0907909870147687 49.999350428581238 10.605922818183901 60.605273246765137 7.5756591558456412 13.636186480522154 209.08819270133972 124.24081015586853 77.271723389625549 1035.9713895618916 284.84478425979614 921.20015335083008 140.90726029872894 220.45168143510818 153.02831494808197 96.968437194824219 578.02279359102249 53.029614090919495 54.544745922088623 48.484218597412109 45.453954935073853 43.938823103904724 442.79727765917778 390.90401244163513 86.36251437664032 166.66450142860413 10.605922818183897 1749.9772650003433 136.36186480522156
leaf_count=389 357 6 33 25 40 20 9 138 88 51 686 188 617 93 321 101 64 383 35 36 32 30 29 299 258 168 110 7 3669 90
internal_value=-4.56674e-05 -0.000816042 -0.00422704 -0.00378536 0.00149781 -0.0186354 0.00260282 0.00505778 -0.000507838 -0.00316337 -0.00115437 0.000207333 0.00164158 0.00145226 -0.00189814 0.00102968 0.003889 -0.00164604 -0.00113226 0.000978044 0.000477701 0.00373869 0.000179066 0.000196874 -0.00127088 -0.00523421 0.00168007 1.20397e-05 0.00017924 0.000939483
internal_weight=8346.1 5567.35 461.358 452.267 2778.75 18.1816 1496.95 421.207 5105.99 434.085 3083.29 1281.8 1075.74 1062.11 356.814 996.957 360.601 2500.73 1922.7 151.513 2022.7 169.695 1853.01 886.731 443.934 136.362 843.928 1809.07 1760.58 677.264
internal_count=8372 6529 624 618 1843 45 997 278 5905 573 2050 846 719 710 522 658 238 1661 1278 100 3855 118 3737 592 293 201 557 3708 3676 447
is_linear=0
shrinkage=0.03


Tree=51
num_leaves=31
num_cat=0
split_feature=97 97 92 51 0 7 67 106 97 42 39 51 93 25 60 87 7 58 94 13 39 32 54 92 54 21 32 93 64 58
split_gain=12.294 5.13562 4.97501 7.4432 4.68694 7.9938 4.86855 6.2972 4.49311 3.89834 3.37985 3.29651 3.21833 2.95108 2.92131 3.21753 3.14465 2.96145 3.97755 2.82649 2.57709 2.45654 2.44389 2.63632 2.36544 2.24082 2.24022 2.42262 3.40597 2.31526
threshold=98.786857499834653 39.654278602823929 5.6895657439446383 0.41500000000000004 1.0000000180025095e-35 10.175000000000002 -0.022885383555591266 129.50000000000003 70.328308968460888 0.5900000000000003 1.425 1.3550000000000002 18.290000000000003 2.2812500000000004 2.1619999999999782 1.5850000000000002 10.485000000000001 1.3126749461870106 4.4139280396454614 6.3510000000000009 2.0450000000000004 10.282142857142858 -0.41499999999999998 13.226219723183393 0.47000000000000014 0.16521970239405545 15.376428571428574 17.385000000000002 3.3450000000000002 2.0682046391128814
decision_type=10 8 10 2 2 2 2 2 8 2 2 2 10 2 2 2 2 10 10 10 2 8 2 10 2 10 10 8 2 10
left_child=1 2 -1 -4 5 8 24 14 9 19 12 -10 -2 -7 15 16 -8 18 -16 -3 21 -5 -13 -24 26 -18 27 28 -6 -29
right_child=10 4 3 20 6 13 7 -9 11 -11 -12 22 -14 -15 17 -17 25 -19 -20 -21 -22 -23 23 -25 -26 -27 -28 29 -30 -31
leaf_value=-0.020806611990027705 0.0047480839094376686 -0.0036258964957180903 0.036256616031648529 -0.0016244536357916267 0.0031158430421569252 -0.0072470342219292461 -0.00080853963672146217 -0.0062354337171159875 0.0018403276371819781 -0.012236284131402514 0.0021748242081745602 0.0011351105206011693 0.014017204687392731 -0.026715459004855564 0.0065658429231403139 0.0041884046122254584 0.00043861273032107722 0.00018547879817772266 -0.0043008893088128724 0.0012986976083222454 -0.004265613468686447 0.0060592044313572645 -0.0011590718767632599 -0.0062883573988477652 -0.0046265501353115329 0.011318649954561538 0.0098899962159384163 0.00064921380912633803 0.011320448179228835 0.007827781491607148
leaf_weight=12.87862056493759 191.66417664289474 454.53954935073853 4.5453954935073844 758.32348150014877 275.75399327278137 14.01496943831444 1762.0983196496964 140.90726029872894 528.02344316244125 39.393427610397339 662.4913931787014 396.20697385072708 40.908559441566467 14.014969438314436 192.42174255847931 137.87699663639069 34.848032116889954 263.25415566563606 35.9843809902668 136.36186480522156 373.10121342539787 39.393427610397339 1070.0618557631969 98.483569025993347 40.908559441566467 33.332900285720825 37.87829577922821 507.19038048386574 54.544745922088623 43.938823103904724
leaf_count=13 128 300 3 502 182 37 1175 93 1121 26 438 743 27 37 127 91 23 176 26 90 268 26 2171 65 27 22 25 352 36 29
internal_value=-5.61356e-05 -0.000452722 -0.00226203 -0.00205883 -0.00011212 -0.00104218 0.000606421 -6.76032e-05 -0.000878109 -0.00309863 0.0032671 -0.000209341 0.00637848 -0.0169812 0.000285713 -0.000231015 -0.000563935 0.00235422 0.00485384 -0.00248945 -0.00220758 -0.00124501 -0.000900999 -0.00159136 0.002432 0.00575774 0.00274611 0.00243911 0.00447073 0.00122153
internal_weight=8395.35 7500.28 1188.24 1175.36 6312.04 2751.1 3560.94 2600.72 2723.07 630.295 895.064 2092.78 232.573 28.0299 2459.82 1968.16 1830.28 491.66 228.406 590.901 1170.82 797.717 1564.75 1168.55 960.215 68.1809 919.306 881.428 330.299 551.129
internal_count=8379 7786 812 799 6974 4590 2384 1733 4516 416 593 4100 155 74 1640 1311 1220 329 153 390 796 528 2979 2236 651 45 624 599 218 381
is_linear=0
shrinkage=0.03


Tree=52
num_leaves=31
num_cat=0
split_feature=98 21 14 83 47 42 97 104 39 8 60 55 15 27 7 11 13 8 86 40 53 72 28 95 87 15 15 22 14 8
split_gain=9.61005 5.88071 5.60255 4.94703 5.34638 5.00129 4.24055 4.18212 4.09341 4.01681 3.35199 2.95982 2.92802 2.86106 2.67101 2.63925 2.49409 2.48085 2.46822 2.99479 2.45102 2.62646 2.44342 2.36818 3.2154 3.11344 3.18267 3.06966 2.29234 3.21488
threshold=117.86423618263017 0.52261609476129534 60.375000000000007 13.380000000000001 12.545000000000002 1.5050000000000003 110.27313187179264 0.50346020761245691 1.4450000000000001 6.1250000000000009 5.0430000000000073 -0.14328947368421038 1001.0295000000002 2.1050000000000004 8.8150000000000031 7.4140000000000006 9.3050000000000015 4.7950000000000008 0.39840663151388273 3.8350000000000004 0.85000000000000031 6.448500000000025 3.3050000000000002 24.565000000000001 1.5650000000000002 1026.2775000000004 1025.1785000000002 3.8220500000000004 73.015000000000015 5.3850000000000007
decision_type=10 10 8 8 8 2 10 2 2 2 2 2 10 2 2 10 10 2 2 2 2 2 2 10 2 10 8 2 10 2
left_child=2 8 9 4 12 17 10 -7 -2 11 14 -1 -4 16 23 -13 -14 20 -10 -20 -5 22 -22 24 25 26 -3 -27 29 -25
right_child=1 6 3 5 -6 7 -8 -9 18 -11 -12 15 13 -15 -16 -17 -18 -19 19 -21 21 -23 -24 28 -26 27 -28 -29 -30 -31
leaf_value=0.0025966508504202974 0.0088470421439132713 0.00038287362335155862 0.0099795937888608275 -0.00059179216925049096 0.0093862030083661837 -0.0036433874426917432 0.0034584777597285728 -0.027139071028943147 -0.0026421985409261143 -0.010984524685859712 -0.009872614961946434 -0.0075452666165716498 0.0093746798578402801 -0.0073149322509547124 0.0056474091547167532 -0.0020004513798983583 0.00053467789869214425 -0.0022771900393142967 0.0040285466489363448 -0.0027712665301681781 0.00097400242857265996 0.013235652818851969 0.015744657556547383 -0.0023497739755842704 0.006764238113652646 -0.00081440235828523859 0.0076970766501710001 -0.0081521965634327644 0.0020904356107172791 -0.011827371230353913
leaf_weight=119.69541466236115 114.01367029547691 1192.4087511301041 31.817768454551697 1861.3394545912743 89.013995081186295 17.045233100652698 389.388880610466 11.363488733768461 69.696064233779907 45.453954935073853 30.302636623382568 81.817118883132935 31.817768454551697 37.87829577922821 77.271723389625549 1386.7244084775448 295.45070707798004 524.993179500103 553.78068429231644 65.150668740272522 698.4757741689682 16.666450142860413 10.227139860391615 151.51318311691284 68.180932402610779 174.24016058444977 56.059877753257751 72.726327896118164 66.66580057144165 40.908559441566467
leaf_count=79 79 787 21 2778 61 39 257 30 46 30 20 54 21 25 51 919 198 768 367 43 1262 11 21 100 45 115 37 48 44 27
internal_value=5.00461e-05 0.00136847 -0.000732594 -7.53964e-05 0.00274129 -0.00051132 0.000602612 -0.0130417 0.00358182 -0.00219129 2.65076e-05 -0.00193963 0.00125125 0.000490694 0.000184388 -0.00230937 0.00139412 -0.000396922 0.00271007 0.00331278 -1.5307e-05 0.00146399 0.00118715 -4.7211e-05 0.000392967 0.000102484 0.000711303 -0.00297523 -0.00270373 -0.0043647
internal_weight=8382.09 3122.31 5259.78 3626.09 485.979 3140.11 2319.67 28.4087 802.641 1633.69 1930.28 1588.24 396.965 365.147 1899.98 1468.54 327.268 3111.7 688.627 618.931 2586.71 725.369 708.703 1822.7 1563.62 1495.44 1248.47 246.966 259.088 192.422
internal_count=8383 2066 6317 5235 326 4909 1531 69 535 1082 1274 1052 265 244 1254 973 219 4840 456 410 4072 1294 1283 1203 1032 987 824 163 171 127
is_linear=0
shrinkage=0.03


Tree=53
num_leaves=31
num_cat=0
split_feature=98 3 27 35 95 16 14 12 14 91 95 57 44 50 50 23 32 95 60 25 37 45 62 37 10 36 59 55 60 36
split_gain=8.85391 4.06 4.39593 3.5656 4.5529 5.46547 3.97576 3.34687 3.27137 3.90905 5.21004 3.38891 3.12025 2.85987 3.43331 2.85407 2.78579 3.18969 2.79371 2.77841 2.75383 2.76484 3.10056 2.83322 3.21702 2.60277 2.55946 2.55686 2.52729 2.52512
threshold=132.94732193044862 3.6550000000000007 0.96500000000000008 19.005000000000006 24.565000000000001 -0.19380630957397299 56.780000000000008 331.20500000000004 55.715000000000011 0.015810758148323108 13.445000000000002 18.405000000000005 8.3885526315789498 0.26254044418547906 0.8082807630346055 1.6382194469877163 8.5915000000000017 18.125000000000004 0.523499999999956 3.0912500000000005 1.1855000000000004 13.425000000000002 0.26217214607734685 1.8680000000000003 2.3525000000000005 0.51350000000002194 18.715000000000003 0.11096240601503768 1.9375000000000002 0.04400000000003957
decision_type=10 2 2 10 10 2 10 10 8 2 8 10 8 2 2 2 10 10 2 2 2 10 2 2 8 2 8 2 2 2
left_child=1 2 -1 26 5 6 19 25 11 20 12 16 -11 -12 -15 -16 -4 18 -18 -5 -10 23 -23 -22 -25 -3 28 29 -2 -28
right_child=3 7 8 4 -6 -7 -8 -9 9 10 13 -13 -14 14 15 -17 17 -19 -20 -21 21 22 -24 24 -26 -27 27 -29 -30 -31
leaf_value=-0.013399853861147264 0.0009690413374549195 -0.0045818825343116173 -0.0051947418373958151 0.0050676389632975643 -0.00039368417843296821 -0.0010816689732438081 0.0092127259288156283 -0.015398592285515765 0.010994657290086324 -0.0023063710187633665 -0.0018734559443744762 0.0056700070801716847 0.0061855683140436034 0.00090115113808307329 -0.00096172314718753619 -0.02320271529202152 -0.0019036450930395761 -0.0024000589923330968 0.0026777034535293118 -0.0043829582702088494 0.0014726878177564857 0.0084569325883395267 0.0017468407939764511 0.042606031370794627 -0.0011591590867496024 0.0023783907833850033 0.0032123467028272656 -0.0060421968207242356 0.0049632202352481265 -0.0023172906678107937
leaf_weight=23.105760425329208 825.36806502938271 218.17898368835449 184.84608340263367 142.42239212989807 196.96713805198669 106.05922818183899 225.75464284420013 21.211845636367798 24.999675214290619 53.029614090919495 1471.9505739808083 57.57500958442688 146.58900466561317 635.21902021765709 10.984705775976183 9.8483569025993329 213.63358819484711 821.58023545145988 272.72372961044312 34.848032116889954 1027.2593815326691 84.847382545471191 229.92125537991524 1.5151318311691273 649.23398965597153 62.120405077934265 128.78620564937592 78.786855220794678 172.34624579548836 175.7552924156189
leaf_count=37 547 261 122 94 130 70 149 14 45 38 1939 38 108 933 20 26 141 543 180 23 1284 56 157 1 955 41 85 52 116 116
internal_value=5.42853e-05 -0.00051302 -0.000340035 0.00174508 0.00347929 0.00497777 0.00657235 -0.00390883 -0.000288853 0.000133249 -0.000704517 -0.00147194 0.00392965 -0.00113923 0.000508123 -0.0114756 -0.00174739 -0.00126019 0.000665335 0.00320983 0.00109966 0.000975526 0.00355558 0.000491547 -0.00105726 -0.00303934 0.000858476 -0.0012251 0.001659 2.11132e-05
internal_weight=8307.47 6220.37 5918.86 2087.09 706.051 509.084 403.025 301.511 5895.76 4345.4 2327.62 1550.36 199.619 2128 656.052 20.8331 1492.78 1307.94 486.357 177.27 2017.78 1992.78 314.769 1678.01 650.749 280.299 1381.04 383.328 997.714 304.541
internal_count=8321 6939 6623 1382 466 336 266 316 6586 5562 3064 1024 146 2918 979 46 986 864 321 117 2498 2453 213 2240 956 302 916 253 663 201
is_linear=0
shrinkage=0.03


Tree=54
num_leaves=31
num_cat=0
split_feature=98 27 27 20 80 13 82 98 38 43 83 16 100 45 40 23 24 32 70 93 7 60 22 64 79 66 13 7 87 53
split_gain=9.9446 5.51847 5.19058 3.84416 4.16922 4.23096 3.68775 5.41402 4.465 3.09949 3.05191 2.9992 4.11596 3.0968 3.86078 2.73413 2.53714 2.36897 2.90528 2.60499 3.0248 2.49943 2.40491 2.81426 2.243 2.30939 2.17612 2.17573 2.12393 3.11128
threshold=120.66121808991529 0.96500000000000008 1.7850000000000004 -0.14832723608050521 8.993382758620692 8.6850000000000005 1.4132722353490574 49.678623502104237 0.83620196692895099 0.35618181818181865 24.565000000000001 -0.21217767215644631 0.82448481924797112 17.055000000000003 1.9450000000000001 1.6135796089541374 46.474138000000004 9.3935000000000013 2.4354999674600832 18.925000000000001 8.1550000000000029 2.5810000000000177 8.614250000000002 4.6300000000000017 0.039222047389855595 0.42000000000000032 3.8215000000000008 5.7950000000000008 1.0950000000000004 0.85000000000000031
decision_type=10 2 2 10 10 10 10 10 2 2 10 2 2 10 2 2 2 10 10 10 2 2 2 2 2 2 10 2 2 2
left_child=1 -1 9 10 5 -5 8 15 -4 -3 11 13 -13 14 -2 -8 -15 -9 19 20 21 -19 -21 -24 25 -14 -18 -16 -12 -30
right_child=3 2 6 4 -6 -7 7 17 -10 -11 28 12 24 16 27 -17 26 18 -20 22 -22 -23 23 -25 -26 -27 -28 -29 29 -31
leaf_value=-0.017356119540725374 0.0074458601199889037 0.00040320188432082848 -6.0683131638335013e-05 0.011395762228687724 -0.0007297818137896987 0.00039112389432466923 -0.016006016068682811 -0.0044686597552104773 -0.016853307245130903 0.010513593065810159 0.0033145704621595712 0.0033772830405932957 -0.0036532200616808874 0.010583223257919626 -0.0032175737456463754 -0.0047001601177592634 0.0069257993271227549 -0.0026182729887067784 0.0022303867384072446 -0.0020106375328261829 0.0025052434971371781 0.0025007281982168113 -0.0086210220566656452 -0.00046346507754549903 -0.0033494983111556488 0.0051210935578620458 0.0013690869708585058 0.0022497691709348136 0.0033309097119584548 -0.0063405383658608778
leaf_weight=17.802799016237259 117.80149987339973 2087.0940974354744 1430.6632315814495 54.544745922088623 874.2310665845871 74.241459727287292 36.363163948059082 275.75399327278137 14.393752396106718 27.651155918836594 65.150668740272522 360.60137581825256 42.423691272735596 85.226165503263474 77.271723389625549 40.908559441566467 153.02831494808197 567.79565373063087 171.58867987990379 307.57176172733307 183.33095157146454 101.13504973053932 134.84673297405243 53.029614090919495 190.90661072731018 74.241459727287292 108.33192592859268 430.29744005203247 43.938823103904724 93.938173532485962
leaf_count=29 80 2447 2628 36 577 49 24 182 35 52 43 238 28 57 51 27 101 377 117 203 121 69 89 35 126 49 73 284 29 62
internal_value=6.98733e-05 -0.000680735 -0.000626084 0.00150716 1.25807e-05 0.00505191 -0.0013665 -0.00224523 -0.000227949 0.000535399 0.00232048 0.00274998 0.00120272 0.00381365 0.00255301 -0.0100206 0.00608831 -0.00191053 -0.00144622 -0.00191432 -0.000908693 -0.00184434 -0.00364419 -0.00631849 -0.00134677 0.00193043 0.00462258 0.00141743 -0.00114918 -0.00325843
internal_weight=8296.1 5449.93 5432.13 2846.18 1003.02 128.786 3317.38 1872.32 1445.06 2114.75 1843.16 1640.13 668.173 971.957 625.371 77.2717 346.586 1795.05 1519.3 1347.71 852.262 668.931 495.448 187.876 307.572 116.665 261.36 507.569 203.028 137.877
internal_count=8318 6435 6406 1883 662 85 3907 1244 2663 2499 1221 1087 441 646 415 51 231 1193 1011 894 567 446 327 124 203 77 174 335 134 91
is_linear=0
shrinkage=0.03


Tree=55
num_leaves=31
num_cat=0
split_feature=97 42 95 33 67 33 17 39 93 90 53 41 97 83 85 83 87 84 106 23 20 100 98 84 81 12 42 43 41 15
split_gain=10.3484 3.91248 3.64896 5.56363 3.865 4.10024 3.37809 2.81527 3.75067 2.80659 4.04304 3.10166 3.59647 3.20889 3.09453 2.68967 2.60306 2.68195 2.48286 2.48147 2.44435 3.27344 3.1663 2.80841 2.91591 3.90627 2.34979 2.32931 2.1912 2.1701
threshold=82.240695522134487 1.9650000000000001 20.585000000000004 16.375000000000004 0.02546046694487504 16.415000000000003 0.78026668947958122 1.4450000000000001 18.250000000000004 2.7950000000000004 2.4050000000000007 1.8 18.895194944134655 10.620000000000003 0.91547776111944046 16.960000000000004 1.385 -10.106499999999981 131.50000000000003 1.6160302436380654 -0.34759033697103731 0.77793768810724973 119.12784493935168 8.6875000000000018 12.325000000000001 70.065000000000012 0.099999999999999992 0.31836363636363668 1.4650000000000003 1014.0595000000002
decision_type=10 2 10 10 2 10 2 2 10 2 2 2 8 8 2 10 2 2 2 2 10 2 10 2 10 10 2 2 2 10
left_child=1 2 3 9 5 15 -3 8 -2 11 -11 12 26 -14 -13 -4 17 -9 29 -7 22 -22 27 24 25 -23 -1 -15 -29 -6
right_child=7 6 4 -5 18 19 -8 16 -10 10 -12 14 13 20 -16 -17 -18 -19 -20 -21 21 23 -24 -25 -26 -27 -28 28 -30 -31
leaf_value=-0.0010477216634265233 0.0030444539179994481 -0.020922431130491602 0.0025935946105344367 0.0066599833850034002 0.0010790958091460219 0.0013305459028631016 0.0027546701613288698 0.010018534246258868 0.011208863653459158 -0.0032602695470666018 -0.023781571702981404 -0.0010312670994387261 0.013124489823806405 -5.150547564709915e-05 0.022370637785431927 -0.0020290739262613803 0.00535316432188487 0.00075504647785523649 -0.012308452111235092 0.0095935143774498223 0.00040639721834275102 0.0088477878759915599 0.0032220290892665628 0.005747907065679075 -0.0040298375624151428 -0.0022536586869730492 -0.0084208823848483695 0.0089705108935418353 -0.0063987631772610808 -0.0044210492460548135
leaf_weight=79.544421136379242 354.16206553578377 15.530101269483568 128.78620564937592 108.33192592859268 78.786855220794678 116.66515100002289 8.3332250714302045 28.78750479221344 59.090141415596008 70.453630149364471 9.8483569025993329 9.4695739448070544 16.666450142860413 2691.2529151141644 10.984705775976179 940.89686715602875 134.84673297405243 1228.3931321203709 30.302636623382568 45.453954935073853 648.09764078259468 39.393427610397339 321.20794820785522 34.848032116889954 521.20534992218018 103.40774747729301 76.135374516248703 45.453954935073853 10.227139860391615 357.57111215591431
leaf_count=57 236 26 85 73 52 77 16 19 39 129 23 25 11 4333 23 621 89 813 20 30 436 26 212 23 344 75 54 111 27 236
internal_value=2.7508e-05 -0.000529133 -0.000484584 -6.1447e-05 -0.00167954 -0.000798699 -0.0126542 0.00203754 0.00421187 -0.000216762 -0.00577703 -0.000119863 -0.000171835 -1.43996e-05 0.0115364 -0.00147252 0.00139204 0.000967166 -0.00400462 0.00364727 -6.39974e-05 -0.00112935 0.000403707 -0.00255357 -0.00298924 0.000808809 -0.00465357 7.41517e-05 0.00614758 -0.00342797
internal_weight=8324.13 6518.85 6494.99 4796.53 1698.46 1231.8 23.8633 1805.28 413.252 4688.2 80.302 4607.89 4587.44 4431.76 20.4543 1069.68 1392.03 1257.18 466.661 162.119 4415.09 1346.95 3068.14 698.855 664.007 142.801 155.68 2746.93 55.6811 436.358
internal_count=8341 7145 7103 5982 1121 813 42 1196 275 5909 152 5757 5709 5598 48 706 921 832 308 107 5587 904 4683 468 445 101 111 4471 138 288
is_linear=0
shrinkage=0.03


Tree=56
num_leaves=31
num_cat=0
split_feature=97 54 86 66 96 97 57 57 39 67 106 100 95 86 58 32 14 91 96 21 44 12 16 78 43 19 89 33 51 45
split_gain=10.3961 4.38892 4.66076 3.31197 3.19545 4.26907 3.1862 5.70815 2.97266 2.84913 2.79707 2.76804 3.08419 3.11824 2.78168 3.21981 2.65287 2.62685 2.3757 3.94284 3.69256 2.37007 3.52064 2.51562 2.34731 3.01257 2.73288 2.57785 2.54258 2.33204
threshold=106.0998024355472 -0.21999999999999983 0.68131469052956384 -0.044999999999999922 -1.3309999999999602 77.206611544445664 20.370000000000001 18.165000000000003 1.3650000000000004 -0.022885383555591266 70.500000000000014 0.61606429355346326 13.280000000000003 0.63129115565173122 0.85777561449999695 10.849285714285715 61.205000000000005 0.00033225082664149096 -11.006500000000015 -0.27748231976883792 3.4424473684210533 75.710000000000022 0.65414694349611169 1.4650000000000005 -0.13645454545454491 -0.1805191452505597 1.8450000000000004 16.415000000000003 0.91500000000000015 7.136000000000001
decision_type=10 2 2 2 2 10 10 10 2 2 2 2 10 2 8 8 10 2 2 8 8 8 2 2 2 8 2 10 2 8
left_child=1 24 3 9 5 10 7 11 16 -3 -4 29 18 14 -14 -16 -2 -9 -13 -20 -21 -22 -23 -24 -1 -26 -27 28 -28 -5
right_child=8 2 4 6 -6 -7 -8 17 -10 -11 -12 12 13 -15 15 -17 -18 -19 19 20 21 22 23 -25 25 26 27 -29 -30 -31
leaf_value=-0.00056352728978404103 0.0024792457322992817 -0.00034508343924548367 -0.0038350160984838063 0.029905992180708389 -0.0030427899867629033 0.0056899441118136492 -0.0084596465303634245 -0.00067234105490452973 0.0024926125799214164 -0.0035993168366405277 0.0048987694168650111 0.022930128899269989 -0.0027146835190161012 -0.0061536476373976242 -0.0019286941311875078 0.0011033135952673231 0.010476377221471688 0.0078485406025384265 -0.01768564483899767 0.028375490672704399 0.0049086199695358495 0.0015942202775205371 -0.0023382384331433921 -0.014958314986090505 0.0037510366982888973 0.0031942772358633043 -0.02656495930543722 0.0049336230690430463 -0.0005991713979861871 0.0033320975252995335
leaf_weight=802.64108756184578 62.120405077934265 535.97788527607918 158.7100593149662 3.0302636623382559 1103.0159730911255 95.45330536365509 37.87829577922821 43.938823103904724 462.49399146437645 441.66092878580093 41.666125357151031 4.5453954935073844 434.84283554553986 96.589654237031937 486.35731780529022 895.82169517874718 93.55939057469368 125.75594198703766 9.8483569025993329 4.5453954935073844 133.3316011428833 535.22031936049461 111.74097254872322 16.28766718506813 381.0556555390358 288.63261383771896 3.4090466201305381 80.301987051963806 770.06575319170952 154.92222973704338
leaf_count=790 41 512 113 2 1280 63 25 29 306 404 32 3 287 66 321 598 64 83 8 3 88 1299 229 34 256 288 9 53 959 154
internal_value=-4.52578e-05 -0.000342154 -0.000806247 -0.00029306 -0.00230023 0.000468449 0.000187811 0.000294966 0.0036996 -0.00181523 -0.00201892 -1.93318e-05 -0.000242807 -0.000901176 -0.000621964 3.64191e-05 0.00728531 0.00564224 0.00130205 0.00118083 0.00141276 0.00125891 0.000525212 -0.00394375 0.000749421 0.00144115 0.000670679 -0.000182463 -0.000713614 0.00384191
internal_weight=8415.42 7797.25 5471.14 4072.3 1398.85 295.829 3094.66 3056.78 618.174 977.639 200.376 2887.08 2729.13 1913.61 1817.02 1382.18 155.68 169.695 815.52 810.974 801.126 796.581 663.249 128.029 2326.11 1523.47 1142.41 853.777 773.475 157.952
internal_count=8399 7988 5633 4145 1488 208 3229 3204 411 916 145 3092 2936 1272 1206 919 105 112 1664 1661 1653 1650 1562 263 2355 1565 1309 1021 968 156
is_linear=0
shrinkage=0.03


Tree=57
num_leaves=31
num_cat=0
split_feature=97 14 3 12 33 14 89 31 63 37 23 33 18 79 60 54 66 67 56 83 72 92 21 12 83 80 14 14 60 12
split_gain=9.55087 3.65746 4.04362 3.84356 3.67956 3.14477 3.13696 3.01948 3.30559 7.34047 2.9132 3.58917 3.45907 2.75769 3.95108 2.58605 2.61191 2.18785 3.05904 2.79064 2.4046 2.2933 2.22782 2.43528 2.34297 2.85883 2.62832 2.28936 2.25246 2.13987
threshold=82.240695522134487 51.665000000000006 2.0950000000000002 303.54000000000002 9.8050000000000015 94.950000000000017 3.1950000000000007 -0.24599999999999997 0.62500000000000011 2.4575000000000009 1.6062983563945432 18.915000000000003 -0.7691206935601772 0.050829785264716758 3.0790000000000082 -0.41499999999999998 0.024999999999999915 0.006298008534850596 6.8607702702702715 10.620000000000003 7.3710000000000386 7.7835070293028776 -0.65203211999079569 88.500000000000014 13.380000000000001 9.5257824815270951 64.15000000000002 71.335000000000022 2.3744999999999554 307.06000000000006
decision_type=10 8 2 10 10 10 2 2 2 2 2 10 10 2 2 2 2 2 8 8 2 8 8 10 8 10 8 8 2 10
left_child=1 2 4 -4 -1 10 15 -8 9 -9 12 13 -2 14 -12 -3 -17 21 -19 -20 22 -18 -21 24 25 -24 -26 28 -25 -6
right_child=5 6 3 -5 29 -7 7 8 -10 -11 11 -13 -14 -15 -16 16 17 18 19 20 -22 -23 23 27 26 -27 -28 -29 -30 -31
leaf_value=-0.0052146504964725353 -0.011060434196463971 0.0017052234898400616 -0.0023458787990571538 -0.0079007818900973109 0.0027672504128926673 -0.004359803987633565 0.0017136712645806846 0.00079283281793242648 -0.0024360737581938779 -0.030529152932756893 0.0023824499027132588 0.007375860118483752 0.00064345310764202647 0.00015251840906135191 0.0087319258594893475 -0.0012245464272080883 0.0093448769386329511 -0.0071553285564185509 0.010700229283223275 0.010935971203701707 0.0092377570430002727 0.0017525472697832321 0.0023404478307060632 -0.00097956861596678636 -0.0075819844783167924 0.012537943046245953 0.0006584441324568737 -0.0030614151522610111 0.0034968430236391344 -0.0012805582285451396
leaf_weight=107.57436001300812 30.302636623382568 789.76246699690819 457.56981301307678 148.48291945457458 259.08754312992096 68.180932402610779 160.22519114613533 15.151318311691286 568.55321964621544 12.121054649353026 975.7448992729187 127.27107381820679 90.907909870147705 447.34267315268517 96.968437194824219 1377.63361749053 41.287342399358749 51.514482259750366 22.726977467536926 16.666450142860413 25.757241129875183 269.69346594810486 134.84673297405243 482.19070526957512 36.363163948059082 30.302636623382568 829.15589460730553 358.32867807149887 128.02863973379135 215.14872002601624
leaf_count=71 20 885 302 98 171 45 222 34 706 26 647 84 60 296 64 1480 28 34 15 11 17 322 89 325 24 20 1793 241 86 142
internal_value=5.09895e-05 -0.000485976 -0.00199185 -0.00370683 -0.000205416 0.00196243 -0.000151645 -0.00194233 -0.00292547 -0.013128 0.00220616 0.00253644 -0.00228252 0.00213125 0.00295641 0.000143038 -0.000181251 0.000410986 6.56608e-05 0.000245854 0.000129479 0.00276054 1.31012e-05 -7.79572e-05 0.000937045 0.00421155 0.000312238 -0.00115806 -4.03836e-05 0.000930864
internal_weight=8374.89 6538.17 1187.86 606.053 581.811 1836.72 5350.31 756.051 595.826 27.2724 1768.54 1647.33 121.211 1520.06 1072.71 4594.26 3804.5 2426.86 2115.88 2064.37 2041.64 310.981 2015.88 1999.22 1030.67 165.149 865.519 968.548 610.219 474.236
internal_count=8358 7142 784 400 384 1216 6358 988 766 60 1171 1091 80 1007 711 5370 4485 3005 2655 2621 2606 350 2589 2578 1926 109 1817 652 411 313
is_linear=0
shrinkage=0.03


Tree=58
num_leaves=31
num_cat=0
split_feature=97 90 21 23 36 27 92 98 58 18 67 75 31 81 2 98 67 40 31 33 50 51 32 43 67 50 46 33 42 84
split_gain=10.3451 4.89338 3.69797 4.25186 4.46906 4.20504 4.08564 3.48417 3.18205 3.02749 3.02482 3.89557 3.0103 2.80745 2.795 3.70626 3.36472 3.12027 2.96354 2.80795 2.75506 2.74016 3.22592 2.7013 2.68204 2.58046 2.48525 3.23422 2.93108 2.3708
threshold=70.582704612363969 2.1850000000000009 0.89175804043734941 1.6336042239477899 -1.0430000000000061 2.6050000000000004 5.8746955017301046 252.43633676216101 0.70623907765945304 0.55469853127881885 -0.0098186344238976337 2.1250000000000004 0.99600000000000044 10.285000000000002 1.0000000180025095e-35 104.15765233121196 0.026045519203413813 2.0250000000000004 0.12600000000000047 16.185000000000006 0.24925913614241671 1.6050000000000002 14.965714285714286 0.18863636363636407 -0.021817211948790941 0.28523612272748883 0.88446259495302371 11.805000000000001 0.059999999999999949 1.7140000000000557
decision_type=10 2 10 2 2 2 8 10 10 8 2 2 2 8 2 8 2 2 2 10 2 2 10 2 2 2 10 10 2 2
left_child=1 9 3 4 -3 -5 -6 8 -2 14 21 -12 13 -11 15 17 19 -1 25 -17 -8 -10 -23 29 -16 26 27 -19 -29 -18
right_child=7 2 -4 5 6 -7 20 -9 10 12 11 -13 -14 -15 24 16 23 18 -20 -21 -22 22 -24 -25 -26 -27 -28 28 -30 -31
leaf_value=5.8110534008174944e-05 -0.0012908253549845461 -0.0532116098643831 -0.0092545557983021529 -0.002908059369120454 0.033110335533543402 -0.0337903549999461 -0.0049735540203336773 0.011607759542952085 0.0062737550084178287 0.0090142160500163524 0.0014606259415651068 -0.0053024349025164027 -0.014908462138155557 0.00041788854035793873 -0.00073988140095603624 0.0012282351821637694 -0.0045270646580176889 -0.0024123570860896029 -0.005089688395192634 0.0071185155288016029 0.00022098345687836829 3.4795478891380772e-06 0.0058852697986728668 0.0055803531639631865 -0.006837781716389291 0.0014376637520985259 -0.0037833025782473581 0.00033809126299570491 0.011516570412281874 -4.33232410105288e-05
leaf_weight=682.56688994169235 349.99545300006866 1.5151318311691273 86.36251437664032 8.3332250714302045 3.0302636623382559 7.5756591558456412 153.40709790587425 30.302636623382568 221.20924735069275 34.848032116889954 1686.7205110490322 80.301987051963806 11.363488733768461 1817.0218485295773 121.21054649353027 578.40157654881477 194.694440305233 195.45200622081757 295.45070707798004 83.332250714302063 229.16368946433067 240.90596115589142 128.78620564937592 45.832737892866135 139.7709114253521 193.93687438964844 470.06965062022209 57.57500958442688 33.332900285720825 233.33030200004578
leaf_count=452 231 1 57 22 2 20 225 20 146 23 1120 53 27 3657 80 387 130 129 195 55 332 159 85 31 93 128 311 38 22 157
internal_value=-2.29338e-05 -0.000753391 -0.00362104 -0.00241386 -0.0017892 -0.0176139 -0.00158714 0.00149163 0.00137843 -0.000482893 0.00177464 0.00115328 0.000485193 0.000579652 -0.00102539 -0.000771536 0.00058813 -0.00157222 -0.00246545 0.00197 -0.00186197 0.00363274 0.00205246 -0.00134163 -0.00400567 -0.00164963 -0.00244117 -0.000238 0.00443687 -0.00208283
internal_weight=8415.8 5677.58 489.388 403.025 387.116 15.9089 385.601 2738.22 2707.92 5188.19 2357.92 1767.02 1863.23 1851.87 3324.96 3063.98 1135.59 1928.38 1245.82 661.734 382.571 590.901 369.692 473.857 260.981 950.366 756.43 286.36 90.9079 428.025
internal_count=8388 6574 659 602 560 42 559 1814 1794 5915 1563 1173 3707 3680 2208 2035 760 1275 823 442 557 390 244 318 173 628 500 189 60 287
is_linear=0
shrinkage=0.03


Tree=59
num_leaves=31
num_cat=0
split_feature=97 28 93 53 25 21 54 13 97 61 71 89 2 11 33 8 8 85 84 97 106 105 17 70 57 13 50 56 28 94
split_gain=8.12113 3.89258 3.75135 5.12742 3.70993 3.43914 3.32312 3.2629 4.03241 3.13614 2.87078 2.7907 2.78064 2.46125 2.37337 3.73434 3.04791 2.28609 2.45937 2.27239 2.1801 2.57192 2.02339 1.98897 1.95958 2.04674 1.89031 1.87694 2.93194 2.33957
threshold=74.50227040196647 1.8950000000000002 11.725000000000003 2.8000000000000003 2.568750000000001 0.52261609476129534 -0.49499999999999994 11.075000000000001 18.156418286121305 1.1194594594594596 19.910000000000004 1.3650000000000004 1.0000000180025095e-35 9.5000000000000018 15.965000000000002 5.6050000000000013 5.5450000000000008 1.3389310344827587 -1.2164999999999961 107.22118796460278 18.500000000000004 81.500000000000014 0.92987279694050018 2.0097557295086959 20.105000000000004 0.70000000000000007 0.16573599797454616 15.435675675675675 2.5450000000000004 3.6180914364713948
decision_type=10 2 8 2 2 10 2 8 10 2 10 2 2 10 10 2 2 2 2 10 2 2 2 10 8 8 2 10 2 10
left_child=1 11 9 6 -5 27 -4 8 -8 -3 17 -1 14 -13 16 23 -10 18 -9 24 22 -22 -21 -16 -7 -26 -23 28 29 -2
right_child=5 2 3 4 -6 19 7 10 12 -11 -12 13 -14 -15 15 -17 -18 -19 -20 20 21 26 -24 -25 25 -27 -28 -29 -30 -31
leaf_value=-0.0012998501153188957 0.0029208394527963665 0.020898454462119017 0.00065548144755222864 0.0035876538777374718 -0.021115858956490735 0.00053215078107112933 -0.013075823432273755 -0.0058020831207455962 -0.0021871884503349699 0.002621062302282073 0.0061549975302244977 3.8735198233558021e-05 -0.0058213372265096645 0.002702918814583173 0.0074138103555146349 -0.0024053934811286712 -0.01051499934788095 -0.0016129313041737378 0.0016696165989700746 0.0023739690736319448 0.0097353906059058672 0.0091430100948277273 -0.0040006601981799738 -0.00019637288985877244 0.00060834560292427771 -0.0081129099992581256 0.001181977168897479 0.0076358646523923502 -0.001006230177340018 0.0089656195968976105
leaf_weight=518.93265217542648 253.02701580524445 9.0907909870147687 713.2483095228672 7.5756591558456448 19.696713805198669 1301.4982429742813 31.817768454551697 43.938823103904724 1193.9238829612732 119.69541466236115 54.544745922088623 650.37033852934837 180.30068790912628 599.99220514297485 77.271723389625549 169.69476509094238 40.908559441566467 1057.5620181560516 406.05533075332642 151.51318311691284 65.150668740272522 33.332900285720825 63.635536909103394 51.514482259750366 46.969086766242981 49.999350428581238 137.87699663639069 84.847382545471191 131.43768635392189 74.620242685079575
leaf_count=539 167 6 782 20 52 859 21 29 788 103 36 1072 119 396 51 112 27 1715 874 100 43 22 42 34 31 33 91 56 89 53
internal_value=-3.57754e-05 -0.000629769 -0.00112934 -0.0012897 -0.0142538 0.00143962 -0.00120177 -0.00160228 -0.00249368 0.00391123 -0.000606255 0.00054959 -0.00229719 0.00131716 -0.00188279 0.000517886 -0.00246308 -0.000850884 0.000940057 0.000823053 0.00267348 0.00466236 0.000488515 0.00436974 0.000225623 -0.00388855 0.00273191 0.00353664 0.00277903 0.00429751
internal_weight=8340.04 5946.13 4176.84 4048.05 27.2724 2393.91 4020.78 3307.53 1745.43 128.786 1562.1 1769.3 1713.61 1250.36 1533.31 298.481 1234.83 1507.56 449.994 1849.98 451.509 236.361 215.149 128.786 1398.47 96.9684 171.21 543.932 459.085 327.647
internal_count=8362 6776 4769 4660 72 1586 4588 3806 1152 109 2654 2007 1131 1468 1012 197 815 2618 903 1221 298 156 142 85 923 64 113 365 309 220
is_linear=0
shrinkage=0.03


Tree=60
num_leaves=31
num_cat=0
split_feature=97 97 54 83 83 30 94 67 58 92 38 9 42 29 89 106 35 57 57 63 28 35 47 67 85 0 42 78 98 51
split_gain=7.06669 3.77097 3.34766 3.69945 3.3934 3.29161 2.99967 2.93281 2.77169 2.69512 2.63478 5.58003 3.15856 2.87336 2.56666 3.5021 3.00637 2.56093 2.41496 2.23257 2.20283 2.15678 3.48726 2.14819 2.30529 2.11459 3.47606 2.10704 2.04872 2.45269
threshold=70.328308968460888 118.33536869332234 -0.18999999999999981 18.125000000000004 14.230000000000002 -0.7599999999999999 3.726102274541522 -0.070597439544807877 0.66851091477342173 12.587742214532874 0.53232393237337405 326.99500000000006 0.50000000000000022 0.84000000000000008 2.5350000000000006 49.500000000000007 19.895000000000003 16.465000000000003 9.8800000000000008 0.33500000000000008 3.9850000000000008 22.555000000000003 21.510000000000002 -0.0064758179231863408 2.7085862068965523 1.0000000180025095e-35 0.5900000000000003 0.13000000000000025 104.50740659056797 2.9650000000000003
decision_type=10 10 2 8 10 2 10 2 10 10 2 2 2 2 2 2 10 10 8 2 2 10 8 2 2 2 2 2 10 2
left_child=2 7 3 23 5 -4 10 -2 9 -9 12 13 -7 -12 15 16 17 -3 -14 -15 -20 22 -10 24 27 26 -6 -1 29 -27
right_child=1 14 4 -5 25 6 -8 8 21 -11 11 -13 18 19 -16 -17 -18 -19 20 -21 -22 -23 -24 -25 -26 28 -28 -29 -30 -31
leaf_value=0.00080276753449741705 0.0047372672528890871 0.0060726665522630695 0.018672417383795558 -0.00042275474080985949 -0.0029920420738515758 -0.00082674013695053334 0.011408958428664979 -0.00065043824926266924 0.0010607304814966132 -0.0077852488485943994 -0.024915270890336419 0.0062170305590591888 -0.0065335685242861154 0.0036127313948979859 0.012027938726099792 -0.0035392435099097907 0.010547689035945627 -0.0016873987487472481 0.0036807088582824516 -0.017884887948046751 -0.011964069468592487 0.0053078930503263899 -0.0041380451916725597 0.00030916390537619426 0.010392281290222257 -0.0019289211271818606 -0.012521917120638824 0.0062594542145057329 -0.00016353883115432697 -0.0079474909277764405
leaf_weight=153.02831494808197 162.11910593509674 91.286692827939987 8.3332250714302045 1364.3762139678001 380.29808962345123 1279.1500484645367 19.696713805198669 204.54279720783234 1777.6284209191799 62.120405077934265 14.01496943831444 17.802799016237259 24.620892256498337 9.0907909870147723 34.848032116889954 53.029614090919495 63.635536909103394 65.908234655857086 289.39017975330353 8.3332250714302045 8.3332250714302045 96.968437194824219 124.24081015586853 227.26977467536926 45.453954935073853 942.79078194499016 37.87829577922821 109.08949184417725 655.67329993844032 65.150668740272522
leaf_count=101 107 61 19 1781 251 2327 13 135 1177 41 34 32 17 24 23 35 42 45 599 19 16 64 82 150 30 623 25 72 435 43
internal_value=-1.52717e-05 0.00123644 -0.000620438 0.000406233 -0.00113894 -0.000135401 -0.000229227 0.000839301 0.000560363 -0.00231252 -0.000368095 -0.00720328 -0.000157931 -0.0148027 0.0043595 0.00338371 0.00504617 0.00281905 0.00249609 -0.00666874 0.00324281 0.000943633 0.000721117 0.00252097 0.00415531 -0.00194821 -0.00385526 0.00307376 -0.00146884 -0.00231795
internal_weight=8396.1 2736.33 5659.77 1899.22 3760.56 1678.77 1670.43 2427.62 2265.5 266.663 1650.74 49.2418 1601.49 31.439 308.708 273.86 220.83 157.195 322.344 17.424 297.723 1998.84 1901.87 534.842 307.572 2081.79 418.176 262.118 1663.61 1007.94
internal_count=8423 1812 6611 2134 4477 3100 3081 1606 1499 176 3068 109 2959 77 206 183 148 106 632 43 615 1323 1259 353 203 1377 276 173 1101 666
is_linear=0
shrinkage=0.03


Tree=61
num_leaves=31
num_cat=0
split_feature=97 42 90 23 33 83 63 9 97 2 44 68 41 60 12 61 86 67 24 63 21 9 73 91 16 17 27 57 3 63
split_gain=6.41309 4.27916 3.38239 3.07562 3.17593 3.04018 2.97868 2.73802 2.65374 3.12374 3.0828 2.82291 2.80647 2.70783 2.51265 3.46735 2.43287 2.37793 2.49154 2.33584 2.29266 2.26431 2.2641 2.55783 2.1955 2.14233 2.09336 2.54911 2.28906 2.07377
threshold=82.240695522134487 1.9650000000000001 2.1850000000000009 1.6062983563945432 18.495000000000001 10.620000000000003 0.75500000000000012 245.36500000000004 41.404186400607337 1.0000000180025095e-35 11.124736842105266 4.6593082191780821 1.0850000000000006 0.93299999999999284 325.61500000000007 1.2750000000000001 0.75920222684192218 0.0078129445234708488 55.790515500000005 1.5150000000000003 0.99268376550863713 337.09500000000008 2.0376712328767126 0.021678377420878584 -0.94123492117109386 -0.97071634851447619 3.6950000000000007 17.775000000000002 2.7250000000000005 0.60500000000000009
decision_type=10 2 2 2 10 8 2 2 8 2 10 10 2 2 10 2 2 2 2 2 10 2 2 2 2 2 2 10 2 2
left_child=1 2 5 20 17 -1 -6 -3 11 12 -11 -7 25 -14 15 -4 -8 19 22 -5 -2 -20 29 -24 -17 -10 27 28 -27 -19
right_child=3 7 14 4 6 8 16 -9 9 10 -12 -13 13 -15 -16 24 -18 18 21 -21 -22 -23 23 -25 -26 26 -28 -29 -30 -31
leaf_value=0.01032578044482951 -0.00074209024246275597 -0.021735596378593354 -0.028175534513712085 0.0059417254858083312 0.013743964725557063 0.0084953572410659903 0.0015003168195699657 -0.00059571953006446496 -0.0037357458991374116 -0.00048317194692483961 -0.0042536493955510225 -0.0017661342964723206 0.011946120998443053 0.000994211433318198 -0.0091443678382881893 0.0078646807221356314 0.010807978288498386 0.0039389414076738544 -0.0068386513442550007 0.0015936550889664417 -0.01027050558528065 0.0024857696561943528 0.010940595406487359 0.00061317960015848806 -0.0022626493021149713 0.00059571704330621186 -0.0053538744568743923 0.00342706571591327 -0.0017727595334551811 -9.2362963723850825e-05
leaf_weight=24.242109298706055 90.907909870147705 14.01496943831444 4.5453954935073844 170.07354804873466 33.332900285720825 24.620892256498337 104.54409635066986 9.0907909870147687 115.52880212664604 739.38433361053467 265.14807045459747 1204.9085887372494 36.741946905851364 45.453954935073853 49.999350428581238 20.075496762990952 33.332900285720825 137.87699663639069 71.589979022741318 321.20794820785522 30.302636623382568 34.848032116889954 42.423691272735596 43.938823103904724 477.64530977606773 2765.8731577992439 55.681094795465469 249.99675214290619 423.47934681177139 687.49106839299202
leaf_count=16 60 25 9 113 22 23 69 15 107 1721 175 799 64 30 33 47 22 91 48 212 20 23 28 29 580 2811 42 165 488 456
internal_value=-9.32966e-05 -0.000530719 -0.00048493 0.00149106 0.00182391 -0.000276509 0.00569615 -0.0134183 -0.000319875 4.90242e-06 -0.0014784 -0.00156065 0.000408401 0.00588977 -0.00273082 -0.00209237 0.00375052 0.00138471 0.000557588 0.00309889 -0.00312419 -0.00378582 0.00106465 0.0056863 -0.00185416 0.000283615 0.000416476 0.000509895 0.000281233 0.000581063
internal_weight=8328.3 6526.43 6503.32 1801.87 1680.66 5951.06 171.21 23.1058 5926.82 4697.29 1004.53 1229.53 3692.76 82.1959 552.266 502.266 137.877 1509.45 1018.17 491.281 121.211 106.438 911.731 86.3625 497.721 3610.56 3495.03 3439.35 3189.35 825.368
internal_count=8343 7150 7110 1193 1113 6441 113 40 6425 5603 1896 822 3707 94 669 636 91 1000 675 325 80 71 604 57 627 3613 3506 3464 3299 547
is_linear=0
shrinkage=0.03


Tree=62
num_leaves=31
num_cat=0
split_feature=97 27 51 17 12 98 80 16 11 78 27 83 73 54 54 50 57 19 19 96 78 64 13 14 55 60 72 96 13 96
split_gain=6.9398 3.60334 3.503 4.93422 3.64625 3.90336 3.23833 2.91172 2.90062 2.66114 2.53701 2.56092 2.42017 2.67733 2.3529 2.3488 2.77121 2.33822 2.24688 2.25634 2.21158 2.12012 2.55285 2.05009 2.18814 2.84312 2.18906 2.03965 2.47322 2.46454
threshold=90.768873776688963 1.8350000000000002 0.41500000000000004 0.90553177373196692 295.61000000000007 140.80919729335429 14.994086206896553 -0.27530179539967709 7.0730000000000013 1.0850000000000004 0.96500000000000008 11.155000000000003 1.4646859099804306 -0.90000000000000013 -0.1799999999999998 0.18178211356019311 17.115000000000006 0.97495527424839257 -0.011344392475746612 -1.4519999999999411 0.99500000000000033 2.1850000000000005 27.295000000000005 56.780000000000008 0.074157894736842242 2.2530000000001 -0.6479999999999676 8.04250000000002 6.0270000000000001 -5.6929999999999827
decision_type=10 2 2 2 10 10 10 2 8 2 2 8 2 2 2 2 10 10 10 2 2 2 10 10 2 2 2 2 10 2
left_child=1 10 3 -3 5 8 20 15 -4 17 -1 -12 21 -14 -6 16 -2 18 -9 -20 -7 -10 -23 -17 -25 26 -26 28 29 -16
right_child=7 2 4 -5 14 6 -8 9 12 -11 11 -13 13 -15 27 23 -18 -19 19 -21 -22 22 -24 24 25 -27 -28 -29 -30 -31
leaf_value=-0.0095577747433495848 0.003130503760999426 -0.025090614110246379 -0.0074596492972623489 0.0051343313902528264 -0.00040086987523238243 0.0020857879646566679 -0.0045246250398322157 0.00028831163774374559 -0.002011753947819946 -0.0024471800952258604 0.0079573531375143839 0.00039650423370144188 0.0034929941009835576 -0.0010404736069110447 0.0029824387097264035 0.00043630496029734402 0.011501812408117741 -0.003903766209774201 0.0098461152267349788 0.0026614809089950736 0.0094098955534486356 0.0025319762514351028 0.015864290809978542 0.00085467595869023825 0.0088811187348454904 0.010412559018216347 -0.00037357789369365119 -7.4080812781912312e-05 -0.0014011012483200033 -0.0058901135516615799
leaf_weight=22.726977467536926 83.332250714302063 12.499837607145311 54.544745922088623 7.9544421136379233 399.9948034286499 72.726327896118164 33.332900285720825 165.149369597435 94.695739448070526 192.42174255847931 40.908559441566467 2792.3879648447037 123.48324424028397 2319.6668335199356 30.302636623382568 253.02701580524445 62.120405077934265 54.544745922088623 60.605273246765137 112.1197555065155 75.756591558456421 248.10283735394478 13.636186480522154 113.63488733768463 35.226815074682236 79.544421136379242 66.287017613649368 151.51318311691284 227.26977467536926 401.50993525981903
leaf_count=39 55 33 36 18 264 48 22 109 115 127 27 3034 140 2752 20 167 41 36 40 74 50 415 9 75 24 54 46 100 150 265
internal_value=-3.39303e-05 -0.000399159 -0.000951188 -0.0133365 -0.000891532 -0.000336423 0.00392559 0.00200167 -0.000607925 0.000442727 0.000425591 0.000505672 -0.000474432 -0.00081134 -0.00228365 0.00331698 0.00670575 0.00185979 0.00279022 0.00518241 0.00582258 0.00183488 0.00322657 0.00241705 0.00411775 0.0061657 0.00283794 -0.00321272 -0.00393424 -0.00526748
internal_weight=8401.03 7123.01 4266.99 20.4543 4246.54 3035.95 181.816 1278.01 2854.13 584.841 2856.02 2833.3 2799.58 2443.15 1210.59 693.173 145.453 392.419 337.874 172.725 148.483 356.435 261.739 547.72 294.693 181.058 101.514 810.596 659.082 431.813
internal_count=8385 7537 4437 51 4386 3587 120 848 3467 386 3100 3061 3431 2892 799 462 96 259 223 114 98 539 424 366 199 124 70 535 435 285
is_linear=0
shrinkage=0.03


Tree=63
num_leaves=31
num_cat=0
split_feature=98 13 86 51 100 55 14 47 23 23 13 41 57 73 73 98 16 61 90 59 92 82 50 70 50 88 47 21 12 81
split_gain=7.37961 4.06406 3.84044 5.34868 8.1343 3.13524 3.13124 3.59538 3.05017 2.99637 2.7795 2.72284 2.61094 2.49942 2.43711 2.47523 2.6805 2.39685 3.34351 2.40063 2.36172 2.28591 2.10699 2.08826 2.05671 1.97641 1.93833 1.91328 1.96335 3.16037
threshold=169.437137331466 7.7535000000000007 0.64208116723107189 0.76500000000000012 0.63781634496971373 -0.066789473684210454 57.375000000000007 19.330000000000002 1.6133990679573598 1.6042947335173894 1.3655000000000002 1.9450000000000001 16.355000000000004 0.85705479452054811 2.4676712328767132 115.04914075913457 -0.94123492117109386 3.3185135135135138 1.9850000000000005 24.565000000000001 9.9708287197231851 2.2334335672972307 0.15379792258831299 2.9981664719444239 0.35738941320783579 3.4650000000000003 14.490000000000002 -0.76062965362114654 73.290000000000006 10.285000000000002
decision_type=10 10 2 2 2 2 8 10 2 2 10 2 10 2 2 8 2 2 2 10 10 8 2 10 2 2 10 8 8 8
left_child=2 23 6 4 11 21 9 27 -9 -1 -10 -4 -3 -11 15 26 -17 18 -16 -19 -18 -5 -14 24 25 -2 -7 -8 -29 -30
right_child=1 12 3 5 -6 14 7 8 10 13 -12 -13 22 -15 17 16 20 19 -20 -21 -22 -23 -24 -25 -26 -27 -28 28 29 -31
leaf_value=-0.0090320510693401735 0.0032434362158237783 0.0058353589358815031 -0.0076479200235892312 0.0023938549484467308 -0.025404995040459573 -0.00076176580685450408 0.0089540622440146093 -0.0017488322566083013 0.014135116317383982 0.0061609259773071383 0.0043753666473365475 0.016081625939874118 0.0039841579406896081 -0.0008727541584110164 -0.0032655560629470783 0.0096626663148857549 -0.001337540294948801 0.00011215322885192879 -0.010296160771252295 -0.0088718357494291626 0.0025469866618960039 -0.00074593028968511456 -0.0041724727327538454 0.008675013633454463 -0.0018313418682604197 0.0093930789713535818 -0.0043037212886801396 0.0020490557780891033 0.0091300140746999239 3.7275968771644588e-05
leaf_weight=39.393427610397339 180.30068790912628 48.484218597412109 10.227139860391619 351.51058483123779 20.075496762990952 315.14742088317871 24.242109298706055 42.423691272735596 39.393427610397339 46.969086766242981 78.786855220794678 7.5756591558456412 37.87829577922821 1423.8451383411884 303.78393214941025 26.893590003252029 412.11585807800293 229.54247242212296 76.135374516248703 30.302636623382568 214.01237115263939 513.62969076633453 115.15001916885376 103.02896451950073 49.999350428581238 63.635536909103394 248.86040326952934 599.99220514297485 34.848032116889954 2691.6316980719566
leaf_count=26 119 32 21 232 47 208 16 28 26 31 52 20 25 942 298 44 746 225 93 20 142 663 76 68 33 42 165 396 23 3518
internal_value=2.82701e-05 0.00323841 -0.000218628 -0.00111763 -0.0123133 -0.000961836 0.000275463 0.00076676 0.00515155 -0.000866833 0.00762862 0.00244976 -0.000231372 -0.00064814 -0.00165683 -0.000868808 0.000388546 -0.00315588 -0.00467448 -0.000935542 -9.79817e-06 0.000529779 -0.0021535 0.00499979 0.00371157 0.00484769 -0.0023246 0.000556592 0.000495394 0.000153493
internal_weight=8379.82 598.477 7781.34 2759.81 37.8783 2721.93 5021.53 3511.32 160.604 1510.21 118.18 17.8028 201.513 1470.81 1856.79 1217.03 653.022 639.764 379.919 259.845 626.128 865.14 153.028 396.965 293.936 243.936 564.008 3350.71 3326.47 2726.48
internal_count=8377 395 7982 2924 88 2836 5058 4059 106 999 78 41 133 973 1941 1305 932 636 391 245 888 895 101 262 194 161 373 3953 3937 3541
is_linear=0
shrinkage=0.03


Tree=64
num_leaves=31
num_cat=0
split_feature=86 33 30 25 92 83 56 89 64 86 59 19 54 84 68 46 79 79 84 50 16 59 45 23 92 37 90 32 45 95
split_gain=4.08522 4.42835 4.19242 3.29278 3.50131 5.08297 4.1209 3.23009 2.99812 2.92382 2.98194 2.62264 2.61829 3.38963 2.51464 2.94713 2.95568 3.91781 2.42614 4.20942 2.42001 2.40875 2.34134 3.02191 2.32716 2.3012 2.2122 2.06001 2.02762 2.58097
threshold=0.69122279175634183 15.145000000000001 0.69999999999999996 1.8237500000000004 12.587742214532874 10.620000000000003 12.169662162162163 1.3050000000000004 3.1750000000000003 0.50820350724426777 13.510000000000002 -0.82658943438516286 -0.58999999999999986 5.23249999999996 12.896027397260276 1.5611341026356593 0.078856904850055518 -0.0033936504998148937 5.7939999999999836 0.40479797861401012 -0.54515124598588949 12.630000000000001 17.340000000000003 1.6199406021959184 16.052595155709344 2.2525000000000008 1.0950000000000004 13.709285714285718 20.370000000000001 20.875000000000004
decision_type=2 10 2 2 10 8 8 2 2 2 10 10 2 2 8 8 2 2 2 2 2 10 10 2 10 2 2 10 10 8
left_child=1 3 12 7 5 -5 9 -1 25 11 21 -7 -2 28 15 16 17 -8 20 -20 22 -11 -3 -24 -22 -6 -10 -16 29 -14
right_child=2 18 -4 4 8 6 14 -9 26 10 -12 -13 13 -15 27 -17 -18 -19 19 -21 24 -23 23 -25 -26 -27 -28 -29 -30 -31
leaf_value=-0.00090717367355453674 0.00096301869804487315 0.00093790216952454263 -0.013786518364400353 0.014995575886342902 -0.0034083533464477158 -0.0084603554008758578 0.0097705591016207897 0.0016923816917399012 -2.0910290531161267e-05 0.0018764409697365207 -0.0011375260891716384 -0.0021538455922992124 0.00046392463089659045 -0.0039233405471092138 0.00027941199458500715 -0.0046966965644892602 0.011866640741230009 0.0010509279052609514 0.011198454396822344 -0.0021657575042293696 0.0011165046880422585 0.012235563821106578 0.002607599728062595 0.010193888028105834 -0.0073815549901485832 -0.011183989243057468 -0.0076584096956313994 -0.0081094111641351781 0.0041950122156625587 -0.0020562754813844191
leaf_weight=599.99220514297485 560.59877753257751 142.04360917210579 22.726977467536926 19.696713805198669 78.786855220794678 65.150668740272522 59.090141415596008 1520.0560096204281 206.05792903900146 60.605273246765137 218.17898368835449 666.27922275662422 635.59780317544937 375.75269412994385 775.36871460080147 39.393427610397339 37.87829577922821 215.52750298380852 63.635536909103394 31.817768454551697 675.74879670143127 30.302636623382568 104.92287930846214 85.983731418848038 30.302636623382568 60.605273246765137 40.908559441566467 27.272372961044312 71.211196064949036 861.35244601964951
leaf_count=561 562 99 36 13 52 43 39 1607 136 40 144 442 442 248 1600 26 25 143 42 21 446 20 70 59 20 40 27 18 47 1293
internal_value=4.84415e-05 0.000483523 -0.00095964 7.91088e-05 -0.000636166 -0.000176448 -0.000312591 0.000956685 -0.00327143 -0.00168181 0.000764535 -0.00271559 -0.000843244 -0.00136415 0.000921415 0.00303594 0.00401073 0.00292715 0.00216653 0.00674372 0.00174603 0.00532948 0.00385442 0.00602444 0.000751781 -0.00678906 -0.00128602 -5.62589e-06 -0.000750928 -0.000986211
internal_weight=8382.85 5855.61 2527.24 4721.15 2601.1 2214.74 2195.05 2120.05 386.359 1040.52 309.087 731.43 2504.51 1943.91 1154.53 351.889 312.496 274.618 1134.45 95.4533 1039 90.9079 332.95 190.907 706.051 139.392 246.966 802.641 1568.16 1496.95
internal_count=8361 5733 2628 4976 2808 2553 2540 2168 255 689 204 485 2592 2030 1851 233 207 182 757 63 694 60 228 129 466 92 163 1618 1782 1735
is_linear=0
shrinkage=0.03


Tree=65
num_leaves=31
num_cat=0
split_feature=97 89 68 57 100 95 44 55 88 84 36 35 20 78 47 67 60 14 87 14 53 55 77 98 20 68 54 94 67 34
split_gain=5.73588 3.02109 3.3307 3.25964 3.10024 3.67806 3.45165 2.7443 2.71931 2.62966 2.6631 8.25583 2.47025 2.77 2.79434 2.64397 2.53006 2.44891 2.61511 2.34575 2.33593 2.97401 2.58423 2.25863 2.24059 2.20562 2.12814 2.10325 2.8455 2.59847
threshold=106.0998024355472 3.1950000000000007 17.002420091324208 18.265000000000004 0.62340732725523573 20.730000000000004 5.3641578947368425 -0.14123684210526324 3.1950000000000007 5.0140000000000677 -0.66500000000002035 3.1850000000000005 -0.42301367126016498 1.6650000000000005 19.005000000000006 0.13198079658605991 2.1619999999999782 71.335000000000022 1.0650000000000002 48.745000000000012 2.8000000000000003 0.38076315789473697 3.5250000000000008 155.12008521600151 -0.79542059233321927 4.6593082191780821 0.69000000000000039 3.8722978281251415 -0.039992887624466587 0.66932090537221389
decision_type=10 2 10 10 2 10 8 2 2 2 2 8 10 2 10 2 2 10 2 10 2 2 2 10 10 8 2 10 2 10
left_child=1 2 3 4 8 6 -6 -3 25 10 -9 -12 16 14 15 19 23 -10 -19 -14 22 -22 -13 -8 26 -1 -18 28 -5 -30
right_child=-2 7 -4 27 5 -7 12 9 17 -11 11 20 13 -15 -16 -17 24 18 -20 -21 21 -23 -24 -25 -26 -27 -28 -29 29 -31
leaf_value=0.028197927166235755 0.002777303343074679 0.0015164644329768453 -0.0091183121392019902 0.0077842748405806709 -0.0096477390270195869 -0.0027990775155861294 -3.0912330254382792e-05 -0.017559205374384129 -0.00070807284508094264 -0.0051975430199153938 0.04819288461930344 -0.0018309436810838584 -0.0052234424605976763 -0.0046993830484872755 0.0069344414408217163 0.006789686409656351 0.008246214323930386 -0.0032950300251819511 0.0049000943076146783 -0.00072892541045049516 -0.023267764685341388 -0.0018729215271144947 0.0046435355018579986 0.0056340717686964416 -0.00091256524836023055 0.0025334906303093592 0.00085568489575902989 0.0075155481277850216 -0.0071052186961256788 0.0015401311650523443
leaf_weight=3.0302636623382559 591.65898007154465 178.02799016237259 36.363163948059082 56.059877753257751 34.848032116889954 575.7500958442688 2281.4097547829151 9.0907909870147687 781.80802488327026 243.93622481822968 3.0302636623382559 451.50928568840027 113.63488733768463 169.69476509094238 42.423691272735596 39.393427610397339 95.832088321447372 45.453954935073853 153.02831494808197 1301.4982429742813 9.8483569025993365 14.393752396106718 63.256753951311111 65.150668740272522 71.211196064949036 553.40190133452415 55.302311837673187 66.66580057144165 36.363163948059082 224.23951101303101
leaf_count=2 392 188 24 37 23 380 3362 6 828 161 2 610 75 112 28 26 67 30 101 865 23 26 95 43 47 537 38 44 24 148
internal_value=-7.018e-05 -0.000286848 -6.31951e-05 -1.45307e-05 -0.000175896 -0.000548211 -0.000244742 -0.00185033 0.000998222 -0.00260421 -0.00145637 -0.00118631 -0.000167378 -0.00106685 -0.00065507 -0.00087643 0.00041618 4.7439e-05 0.00302335 -0.00108983 -0.00146391 -0.0105646 -0.00103533 0.000126372 0.00347472 0.00267326 0.00554191 0.0026724 0.00165279 0.000333803
internal_weight=8367.32 7775.66 6802.56 6766.2 6382.87 4846.15 4270.4 973.093 1536.72 795.065 551.129 542.038 4235.55 1666.65 1496.95 1454.53 2568.91 980.29 198.482 1415.13 539.008 24.2421 514.766 2346.56 222.346 556.432 151.134 383.328 316.663 260.603
internal_count=8344 7952 6841 6817 6564 5066 4686 1111 1498 923 762 756 4663 1106 994 966 3557 959 131 940 754 49 705 3405 152 539 105 253 209 172
is_linear=0
shrinkage=0.03


Tree=66
num_leaves=31
num_cat=0
split_feature=97 89 23 54 81 80 14 81 31 99 0 32 106 53 72 7 16 20 72 16 43 72 72 97 99 35 35 99 19 7
split_gain=5.01492 3.47555 2.7748 2.7519 2.93807 4.14919 3.48422 3.45812 2.74149 2.63829 3.57486 3.05674 2.95781 2.61845 2.52897 2.44241 2.42497 2.35608 2.24679 2.48305 2.18017 2.08845 2.01891 1.94774 2.14205 2.53921 1.94489 1.93762 3.50364 3.10702
threshold=70.048836593014499 3.1950000000000007 1.6062983563945432 -0.49499999999999994 12.325000000000001 9.5055862068965542 96.450000000000017 8.8150000000000031 -0.24299999999999833 1.0164007408645583 1.0000000180025095e-35 9.8106428571428612 131.50000000000003 2.1750000000000003 6.448500000000025 8.7050000000000018 -0.44908509742811831 -0.87283691640148209 2.7484999999999791 -0.47116582705076454 -0.018272727272726805 5.9800000000000191 -2.0865000000000005 107.22118796460278 1.2446881413062771 20.195000000000004 11.755000000000001 1.587578631732079 -0.58283209075670306 9.6050000000000022
decision_type=10 2 2 2 10 10 10 8 2 2 2 10 2 2 2 2 2 10 2 2 2 2 2 10 2 10 8 2 8 2
left_child=1 3 -2 -1 5 6 7 -5 13 20 -11 -12 14 21 16 17 -13 18 22 -20 -6 -3 -4 -19 -25 -26 -7 -10 -29 -30
right_child=2 8 15 4 9 26 -8 -9 27 10 11 12 -14 -15 -16 -17 -18 23 19 -21 -22 -23 -24 24 25 -27 -28 28 29 -31
leaf_value=0.0016110509291358871 -0.0022434427360301687 0.0012341189409131347 0.0082604372059604941 -0.01403166189838055 -0.001403601124594695 0.001581801304942035 0.013544180387219178 0.00019656977093132546 -0.0025584318517607721 -0.0055529104038000449 -0.0038915475834679042 0.0030947429100957624 -0.007539624118557446 0.013709246436050725 0.0072456199312649298 0.0073894267689328863 -0.001158132642034466 0.00025448106838461289 0.013851748890626179 0.0041648355170368729 0.0013225025608143213 -0.01057954798747774 0.0011122991164210145 0.004853087952243226 -0.0010424620512184887 0.005940286657290593 0.011498069339726401 0.0069930046332055233 -0.0070478343962626904 -0.023203107759318779
leaf_weight=674.61244782805443 207.57306087017059 121.21054649353027 39.393427610397339 15.530101269483565 501.50863611698151 29.923853665590286 17.424016058444977 1527.2528858184814 452.64563456177711 210.60332453250885 310.60202538967133 146.96778762340546 49.999350428581238 13.636186480522154 40.908559441566467 59.090141415596008 674.23366487026215 1583.3127635717392 29.923853665590286 116.66515100002289 557.56851387023926 15.151318311691282 365.52555426955223 195.45200622081757 190.90661072731018 62.120405077934265 43.938823103904724 13.636186480522156 74.999025642871857 12.499837607145308
leaf_count=749 137 170 26 11 331 22 13 3078 574 139 205 103 33 30 27 39 445 1045 22 77 368 10 245 129 126 41 29 18 120 27
internal_value=7.49366e-05 -0.000453912 0.00109644 -0.000165304 -0.00045571 0.000532926 0.000204007 5.33443e-05 -0.00242276 -0.00110388 -0.00194289 -0.00132109 -0.000445772 0.00117492 -3.43536e-05 0.0013588 -0.000397009 0.00122086 0.00295983 0.00614227 3.16008e-05 -7.85107e-05 0.00180772 0.000748831 0.00249409 0.000671865 0.00748071 -0.00339723 -0.00715141 -0.00935573
internal_weight=8354.82 5504.85 2849.96 4801.07 4126.46 1634.07 1560.21 1542.78 703.779 2492.39 1433.31 1222.71 912.109 149.998 862.11 2642.39 821.201 2583.3 551.508 146.589 1059.08 136.362 404.919 2031.79 448.479 253.027 73.8627 553.781 101.135 87.4989
internal_count=8389 6502 1887 5553 4804 3153 3102 3089 949 1651 952 813 608 210 575 1750 548 1711 370 99 699 180 271 1341 296 167 51 739 165 147
is_linear=0
shrinkage=0.03


Tree=67
num_leaves=31
num_cat=0
split_feature=98 90 33 96 102 15 57 28 81 72 81 82 19 15 80 55 19 70 83 70 83 33 81 69 45 80 55 94 32 42
split_gain=6.41972 3.64233 5.70277 3.74429 3.53066 3.16752 2.9839 3.43946 2.78235 3.36408 3.19084 2.71326 2.61224 2.64538 2.5312 2.03889 2.7563 2.3149 2.15616 2.67915 2.03352 2.22769 2.02258 2.19798 2.03585 2.24373 2.44793 2.61235 2.53434 2.18392
threshold=155.12008521600151 1.6150000000000004 6.7890000000000006 12.836500000000003 71.500000000000014 1025.3205000000003 17.640000000000004 4.0450000000000008 17.805000000000003 4.6140000000000336 19.955000000000002 5.1903400972325979 0.58616024815059198 1001.5855000000001 16.560413793103454 -0.074078947368421008 0.75270217310575604 1.8037753770378067 18.865000000000006 3.5173603151038684 11.155000000000003 11.435 12.555000000000001 13.525 20.615000000000006 9.1561758620689684 -0.066789473684210454 4.0768342433933737 16.407142857142862 1.6550000000000002
decision_type=10 2 8 2 2 10 10 2 10 2 10 10 10 10 10 2 8 10 10 10 8 8 8 8 10 8 2 8 10 2
left_child=1 3 -3 6 -4 11 8 14 9 15 -10 22 13 -2 -8 16 -1 20 19 -19 -17 -22 -6 -24 25 -25 -27 28 -28 -29
right_child=12 2 4 -5 5 -7 7 -9 10 -11 -12 -13 -14 -15 -16 17 -18 18 -20 -21 21 -23 23 24 -26 26 27 29 -30 -31
leaf_value=0.0034210425387244878 -0.0021386975721295423 -0.022072896596925989 -0.011491976362602657 0.0073778039521918441 0.0039185251829740629 -0.004733942371066723 0.0043325268264402528 -0.0068341826111001066 -0.0030133555953553931 0.0041664828458424768 0.0010023130541095284 -0.0080156095681608395 0.00099089851224748861 0.0050439452374139316 -0.0045621606429377716 0.0070210386291678023 -0.0004367232796270094 -0.0018133095233285772 -0.0057508083820469857 0.0072182775179860824 -0.0011659979103146902 0.00049898817091008742 -0.0089487374454366789 0.0066252278219231997 0.0098523477281755711 0.0020389816290224774 -0.0023981033075007895 0.00023326190778842222 -0.0091563736837906792 -0.013077137896260671
leaf_weight=326.51090961694717 53.029614090919495 12.121054649353026 30.68141958117485 62.120405077934265 89.392778038978577 199.99740171432495 303.02636623382568 31.817768454551697 584.84088683128357 174.99772650003433 256.0572794675827 43.938823103904724 589.38628232479095 355.6771973669529 31.817768454551697 36.363163948059082 340.52587905526161 416.66125357151031 116.66515100002289 31.817768454551697 1145.4396643638611 1962.0957213640213 28.78750479221344 36.363163948059082 16.666450142860413 202.27009946107864 376.51026004552841 468.17573583126068 57.57500958442688 11.363488733768461
leaf_count=217 35 8 33 41 59 132 200 21 386 117 169 29 389 237 21 24 626 278 77 24 762 2999 19 24 11 270 265 858 38 30
internal_value=1.05524e-05 -0.000294277 -0.00157473 5.19371e-05 -0.00141563 -0.00121371 -2.70896e-05 0.00259166 -0.000205168 8.77641e-05 -0.00179057 -0.000684772 0.00226895 0.004112 0.00348733 -7.53422e-05 0.00145163 -0.000349954 -0.00211766 -0.00117256 -3.21927e-05 -0.000114727 -0.000434513 -0.000759408 -0.000557727 -0.0007083 -0.000947274 -0.00160841 -0.00329449 -8.21504e-05
internal_weight=8392.69 7394.6 1573.84 5820.76 1561.72 1531.04 5758.64 366.662 5391.98 4551.08 840.898 1331.04 998.093 408.707 334.844 4376.08 667.037 3709.04 565.144 448.479 3143.9 3107.54 1287.1 1197.71 1168.92 1152.26 1115.89 913.624 434.085 479.539
internal_count=8399 7738 1776 5962 1768 1735 5921 242 5679 5124 555 1603 661 272 221 5007 843 4164 379 302 3785 3761 1574 1515 1496 1485 1461 1191 303 888
is_linear=0
shrinkage=0.03


Tree=68
num_leaves=31
num_cat=0
split_feature=98 21 67 33 39 80 75 90 65 40 39 87 84 63 16 57 80 54 19 66 23 16 58 81 69 57 67 50 36 2
split_gain=5.83197 3.83674 3.73443 3.56129 3.36246 2.87628 2.83043 2.80456 3.53194 4.78564 2.57005 2.43764 3.73042 2.62376 4.51122 2.88847 2.37107 2.74242 2.69483 3.48222 2.33927 2.26856 2.54903 2.50105 2.21227 2.11999 3.07974 2.07131 2.35228 2.15234
threshold=117.86423618263017 0.52261609476129534 -0.0098186344238976337 16.325000000000003 1.4450000000000001 17.171708333333335 1.5050000000000001 3.1250000000000004 3.4250000000000003 4.0850000000000009 0.49500000000000005 1.385 -1.369000000000028 0.7350000000000001 -0.47116582705076454 17.640000000000004 12.370172413793105 -0.23000000000000007 -0.3632512304729783 -0.23999999999999985 1.5990980604732108 -0.37679017560701761 1.509086416322061 16.785000000000004 16.165000000000003 12.705000000000002 0.0078129445234708488 0.61206020663242888 0.37250000000000233 1.0000000180025095e-35
decision_type=10 10 2 10 2 10 2 2 2 2 2 2 2 2 2 10 10 2 8 2 2 2 10 10 10 10 2 2 2 2
left_child=7 4 3 6 -2 11 -3 8 10 -10 -1 13 -13 14 24 -16 17 25 -19 -20 -18 -6 -23 -24 -4 -12 -27 28 29 -15
right_child=1 2 5 -5 21 -7 -8 -9 9 -11 16 12 -14 27 15 -17 20 18 19 -21 -22 22 23 -25 -26 26 -28 -29 -30 -31
leaf_value=-0.011532843290719626 0.0075044746905730932 0.0032802115583648712 0.002387914680094522 0.006376459498216103 0.0038468032845314229 -0.009309541571810985 -0.001161663595974574 -0.0074960499046807672 -0.0021032012663727236 0.0269388557681512 0.00037078969862355799 -0.0013933297889030449 0.0094060261341275906 0.000426114738858782 0.0011129364949510263 -0.0079533133121674725 -0.008472084413909545 -0.0025568955095323542 -0.002694653746146203 0.00027557223899245329 -0.0015199664129716237 0.0025118588319803701 -0.0097386839900054003 -0.00052976230553724516 0.010707252101035625 0.0066838353846670768 -0.00030054490624658941 0.0057765805728473753 -0.0033489155258016588 -0.0031045750852283609
leaf_weight=19.317930847406387 115.52880212664604 263.63293862342834 56.059877753257751 148.48291945457458 322.72308003902435 31.817768454551697 253.02701580524445 53.029614090919495 10.605922818183901 9.8483569025993329 789.00490108132362 57.57500958442688 57.57500958442688 618.17378711700439 139.39212846755981 40.908559441566467 45.453954935073853 564.76539006829262 432.57013779878616 1987.0953965783119 1045.4409635066986 225.75464284420013 33.332900285720825 130.30133748054504 59.090141415596008 130.30133748054504 100.75626677274704 37.87829577922821 366.66190314292908 207.57306087017059
leaf_count=45 80 174 37 98 216 21 167 86 25 17 1297 38 38 408 92 27 30 384 605 2927 690 149 22 86 39 86 68 25 242 137
internal_value=-1.31094e-05 0.00100168 0.00038025 0.00228167 0.00275706 -0.000375839 0.00110487 -0.000632269 -0.000561388 0.01188 -0.000611142 -0.00020261 0.00400635 -0.000520267 0.00201839 -0.000944112 -0.000569735 -0.000231964 -0.000690947 -0.000255423 -0.00180964 0.00198686 0.000445355 -0.00240565 0.00665705 0.0011109 0.00363819 -0.00112992 -0.00134931 -0.000461416
internal_weight=8353.68 3165.49 2337.85 665.143 827.641 1672.71 516.66 5188.19 5135.16 20.4543 5114.71 1640.89 115.15 1525.74 295.451 180.301 5095.39 4004.49 2984.43 2419.67 1090.89 712.112 389.389 163.634 115.15 1020.06 231.058 1230.29 1192.41 825.747
internal_count=8356 2096 1543 439 553 1104 341 6260 6174 42 6132 1083 76 1007 195 119 6087 5367 3916 3532 720 473 257 108 76 1451 154 812 787 545
is_linear=0
shrinkage=0.03


Tree=69
num_leaves=31
num_cat=0
split_feature=98 55 86 53 7 14 72 21 98 59 103 55 35 67 33 45 51 66 57 59 82 16 49 15 12 38 57 67 92 21
split_gain=4.45224 3.30291 4.33643 3.92976 3.30474 3.16165 2.50259 2.44801 2.43884 2.58632 2.48432 2.21234 2.19625 2.18579 2.42259 2.69796 2.22281 2.14199 2.11473 3.28113 2.3263 2.28031 2.47877 2.10638 2.05294 2.69401 2.02644 2.29135 2.94441 2.88121
threshold=155.12008521600151 -0.096842105263157743 0.63511039253700541 2.8000000000000003 10.175000000000002 47.485000000000007 1.4384999999999197 0.32944347078529551 105.82490560144679 24.565000000000001 142.50000000000003 0.38076315789473697 12.055000000000001 -0.093161450924608882 18.145000000000003 17.970000000000002 1.1650000000000003 -0.96499999999999986 18.405000000000005 21.090000000000003 2.190835110770188 -0.25130924261461557 3.2352631578947375 1007.1275000000002 112.10000000000001 0.53232393237337405 11.805000000000001 -0.02787339971550502 11.88003394127259 0.52261609476129534
decision_type=10 2 2 2 2 8 2 10 8 10 2 2 10 2 10 10 2 2 10 10 8 2 2 10 10 2 8 2 10 10
left_child=1 17 5 8 -5 -3 11 -2 23 10 -10 24 -8 -9 15 -15 -16 -1 19 20 -12 22 -20 -4 25 -7 -26 -28 29 -29
right_child=7 2 3 4 -6 6 12 13 9 -11 18 -13 -14 14 16 -17 -18 -19 21 -21 -22 -23 -24 -25 26 -27 27 28 -30 -31
leaf_value=-0.0015362816885380309 0.0053720968398742724 -0.0025867769469540775 0.00097165306670046845 -0.0022608736317055976 -0.021954020125440399 0.00070530242458413976 -0.00074630224244768238 0.0086427051646061574 -0.011661829597042218 -0.0079375772064217646 0.0015146774323182368 0.0097085547073757061 0.0024007183477767926 0.00094593146480080885 0.011351946210415211 -0.0045586374743928071 0.002507312025866707 0.0020275655688997037 0.010044704887338596 -0.0069825932702147851 -0.0014337941112364473 -0.0041810059523476554 0.0017096388823093609 -0.0034647258047775125 -0.0032320900404383809 -0.010795758939648228 0.0024798966957451148 0.0025391334599512315 -0.0058660148121152632 -0.0016908596066330772
leaf_weight=185.60364931821823 156.81614452600479 362.11650764942169 113.63488733768463 15.151318311691286 15.530101269483565 1477.6323183476925 268.17833411693573 34.848032116889954 17.424016058444977 42.423691272735596 386.35861694812775 20.454279720783234 780.29289305210114 545.44745922088623 31.817768454551697 93.938173532485962 130.30133748054504 832.94372418522835 46.969086766242981 71.211196064949036 639.38563275337219 34.848032116889954 101.5138326883316 632.18875655531883 299.61731961369514 18.560364931821823 196.96713805198669 206.43671199679375 103.02896451950073 486.35731780529022
leaf_count=193 105 239 75 31 32 2497 177 23 19 28 255 36 521 360 21 62 86 873 31 47 1265 23 67 418 200 34 130 140 68 321
internal_value=4.70801e-05 -0.000207512 -0.000462404 -0.00157052 -0.012229 9.34439e-05 0.000345044 0.00193244 -0.00141375 -0.000648496 -0.000410208 -0.000121787 0.00159577 0.0012875 0.000967712 0.000137203 0.00424317 0.00137815 -0.000257079 -0.000755525 -0.000323218 0.00272536 0.00434624 -0.00278879 -0.000193892 0.000562631 -0.0010697 -0.00041711 -0.00113412 -0.000430419
internal_weight=8348 7354.83 6336.28 2116.64 30.6814 4219.64 3857.53 993.169 2085.96 1340.13 1297.71 2809.05 1048.47 836.353 801.505 639.386 162.119 1018.55 1280.29 1096.96 1025.74 183.331 148.483 745.824 2788.6 1496.19 1292.41 992.79 795.823 692.794
internal_count=8377 7720 6654 2291 63 4363 4124 657 2228 1735 1707 3426 698 552 529 422 107 1066 1688 1567 1520 121 98 493 3390 2531 859 659 529 461
is_linear=0
shrinkage=0.03


Tree=70
num_leaves=31
num_cat=0
split_feature=98 54 43 101 90 13 14 68 60 16 95 35 47 36 47 67 90 13 74 81 91 7 39 60 106 105 20 67 66 57
split_gain=4.68032 2.92687 4.64732 3.17279 2.9021 2.36125 2.35956 4.14604 2.38784 3.1142 2.26502 2.35962 2.72014 2.82949 2.43042 2.35865 2.25984 2.18041 2.5413 2.00902 2.35174 2.03003 1.98421 1.86227 1.81786 2.06851 2.37679 1.77074 3.24977 2.80274
threshold=170.5344729799634 -0.1799999999999998 0.037818181818182341 17.500000000000004 3.0750000000000006 3.4940000000000002 46.225000000000001 12.196712328767125 2.2530000000001 -0.81243976305511811 14.050000000000002 16.945000000000004 17.265000000000004 -0.19450000000000497 20.315000000000001 0.0023755334281649956 1.8450000000000004 7.7535000000000007 0.26026899193440761 17.150000000000002 0.0095336561171468891 5.9850000000000012 2.9550000000000005 2.289499999999919 97.500000000000014 120.50000000000001 0.066970480008965841 0.06849573257467996 1.1450000000000002 19.820000000000004
decision_type=10 2 2 2 2 8 8 8 2 2 8 10 10 2 10 2 2 10 2 10 2 2 2 2 2 2 10 2 2 10
left_child=1 10 5 -4 6 -3 7 -5 9 16 -1 12 -12 -14 -13 -16 -8 19 -19 21 -21 -2 -6 -9 25 26 -10 28 29 -11
right_child=17 2 3 4 22 -7 8 23 24 27 11 14 13 -15 15 -17 -18 18 -20 20 -22 -23 -24 -25 -26 -27 -28 -29 -30 -31
leaf_value=0.0061853789394078892 -0.0012712931214153016 -0.0037158507730142725 -0.0089915608891650376 0.0019147360145618834 -0.015573015702541087 -0.0011364296642673696 0.002581445549130429 -0.0042487902115576634 0.0040174865509916549 0.00022947258026554741 0.00036724340021475783 0.004570900581542134 0.0021471694231694921 -0.0093444785197846977 0.0032390504764457646 -0.0041861851241329845 0.01143115677988548 0.0066036493624975047 -0.0018013658987549345 0.0096202210075514803 0.0034457256164245223 0.0062897195215913075 -0.0031438792846844236 -0.013074067379607321 -0.0020387163182606924 0.0089878389036521285 -0.0031422064178131433 -0.0012248080905209219 0.010389516440764367 0.0099350440462127512
leaf_weight=65.908234655857086 99.998700857162476 384.84348511695862 33.332900285720825 92.423041701316833 14.393752396106718 1878.384687691927 141.28604325652122 74.241459727287292 219.69411551952362 1478.0111013054848 1981.4136522114277 239.39082932472229 30.302636623382568 53.029614090919495 81.817118883132935 72.726327896118164 31.817768454551697 41.287342399358749 149.99805128574371 84.847382545471191 160.60397410392761 46.969086766242981 58.711358457803726 30.302636623382568 57.57500958442688 56.059877753257751 51.514482259750366 695.44551050662994 29.923853665590286 27.272372961044312
leaf_count=51 66 254 31 61 26 2040 199 49 148 1502 2183 158 20 35 54 48 48 28 99 56 106 31 65 20 38 37 34 873 43 18
internal_value=4.69256e-05 -0.000145084 -0.000542065 0.000214031 0.000314352 -0.00157504 0.000458953 -0.00271441 0.000683097 0.000331838 0.000697007 0.000549883 0.000143936 -0.0051657 0.00267759 -0.000255178 0.00420809 0.00263899 1.27859e-05 0.00391913 0.00558012 0.00114511 -0.00559107 -0.00680684 0.00287708 0.0037419 0.00265754 3.10323e-05 0.000599925 0.000405316
internal_weight=8463.53 7879.82 5355.23 3092.01 3058.67 2263.23 2985.57 196.967 2788.6 2403.76 2524.59 2458.68 2064.75 83.3323 393.934 154.543 173.104 583.705 191.285 392.419 245.451 146.968 73.1051 104.544 384.843 327.268 271.209 2230.65 1535.21 1505.28
internal_count=8421 8035 5486 3192 3161 2294 3070 130 2940 2683 2549 2498 2238 55 260 102 247 386 127 259 162 97 91 69 257 219 182 2436 1563 1520
is_linear=0
shrinkage=0.03


Tree=71
num_leaves=31
num_cat=0
split_feature=97 27 27 42 56 51 93 80 51 27 46 54 83 57 67 57 106 99 87 7 85 84 86 98 13 67 80 45 92 44
split_gain=4.87713 2.85016 3.15474 2.94643 2.64508 3.5355 3.07047 3.26837 2.44301 2.82517 2.32257 1.99445 2.15367 2.42398 2.78793 2.21457 2.0828 3.59384 3.30631 2.4426 2.06496 1.99046 1.97424 1.95226 3.77712 2.5572 4.09316 2.37046 2.85917 2.01861
threshold=74.50227040196647 1.8350000000000002 0.96500000000000008 0.99500000000000033 9.4292972972972997 0.41500000000000004 12.940000000000001 9.4233827586206917 0.62500000000000011 1.3950000000000002 0.39508233202689147 -0.52499999999999991 17.155000000000005 14.665000000000001 0.13731152204836419 13.425000000000002 130.50000000000003 1.0164007408645583 1.1250000000000002 7.705000000000001 1.2315517241379312 -3.9485000000000237 0.76842367890133001 169.437137331466 7.9675000000000002 0.020661450924608842 14.652275862068969 17.145000000000003 15.413238754325262 14.003947368421054
decision_type=10 2 2 2 8 2 8 10 2 2 10 2 10 10 2 10 2 2 2 2 2 2 2 10 10 2 10 10 10 10
left_child=1 2 -1 -4 -3 -6 7 -7 9 -5 -2 -8 15 -14 16 20 18 -18 19 -15 -13 -16 -17 25 -25 27 -27 -12 -29 -26
right_child=10 4 3 8 5 6 11 -9 -10 -11 23 12 13 14 21 22 17 -19 -20 -21 -22 -23 -24 24 29 26 -28 28 -30 -31
leaf_value=-0.010792632550597384 -0.0044750569832223619 -0.0039425678588955347 0.00031924127902276019 -0.0072406662344055789 -0.013971844282406155 0.00085525795833168018 0.00086216629139831426 0.012282540414623124 0.021708798041917155 0.015744408083870915 0.0012345177209170234 0.0016397877529765225 -0.0042259298480088322 -0.0032177493116014571 0.0026983238973147619 0.0034014949061121247 -0.0011956314414774633 -0.013385660622035811 0.0025688813853744379 0.00068182235383545486 -0.0017550596000639853 -0.006394924612880863 -0.0023886806855618692 0.0043778894313351337 0.0042972673594773624 0.00041078813712090457 -0.0061067773463163652 0.0070623386530022031 -0.0031151705562181432 -0.0032656365852893484
leaf_weight=22.726977467536926 65.150668740272522 256.43606242537498 2343.1513769030571 10.227139860391622 18.181581974029541 74.999025642871857 500.75107020139694 32.196551412343979 10.227139860391615 9.0907909870147687 653.02181923389435 208.33062678575516 333.32900285720825 321.20794820785522 25.757241129875183 221.20924735069275 77.271723389625549 30.302636623382568 266.6632022857666 262.87537270784378 713.62709248065948 136.36186480522156 69.696064233779907 398.47967159748077 44.317606061697006 948.09374335408211 95.45330536365509 137.87699663639069 30.302636623382568 112.1197555065155
leaf_count=36 43 170 2703 24 48 72 560 22 18 18 431 499 220 212 17 146 51 20 176 175 1440 96 46 263 30 631 63 91 20 74
internal_value=-1.6502e-06 -0.000468191 0.0003314 0.000437952 -0.00100785 -0.000779299 -0.000706049 0.00428748 0.00985263 0.00357584 0.00111449 -0.000875048 -0.00120127 -0.00198 -0.00131184 -0.000267862 -0.000696338 -0.00462944 -0.000199009 -0.00146269 -0.000987941 -0.0049502 0.00201427 0.00126499 0.00282709 0.000800138 -0.000185374 0.00205248 0.00522855 -0.00112312
internal_weight=8429.44 5944.62 2395.42 2372.7 3549.2 3292.76 3274.58 107.196 29.5451 19.3179 2484.82 3167.38 2666.63 1453.77 1120.44 1212.86 958.321 107.574 850.747 584.083 921.958 162.119 290.905 2419.67 554.917 1864.75 1043.55 821.201 168.18 156.437
internal_count=8415 6769 2799 2763 3970 3800 3752 94 60 42 1646 3658 3098 967 747 2131 634 71 563 387 1939 113 192 1603 367 1236 694 542 111 104
is_linear=0
shrinkage=0.03


Tree=72
num_leaves=31
num_cat=0
split_feature=42 98 54 43 97 93 14 51 23 13 96 39 93 35 80 98 45 67 92 35 106 35 30 46 3 13 84 93 98 75
split_gain=4.75586 4.18191 2.77344 3.51807 2.41827 2.51712 2.20779 2.20562 2.2012 2.17223 2.11834 2.19875 2.41378 2.06015 2.04263 3.00608 2.99945 2.56994 2.00926 1.8837 1.99691 1.99768 1.81435 1.80483 1.89663 3.0096 2.7345 2.61806 2.48762 1.95219
threshold=1.9650000000000001 155.12008521600151 -0.12499999999999999 0.037818181818182341 18.156418286121305 12.475000000000001 94.450000000000017 0.41500000000000004 1.680659913572512 3.4360000000000004 -10.170499999999945 1.4350000000000003 18.290000000000003 12.535000000000002 12.489068965517243 73.361114121313804 12.595000000000001 0.0054623044096727908 10.184688581314882 17.245000000000001 100.50000000000001 18.335000000000004 -0.29499999999999998 2.4634772332483874 3.6550000000000007 0.58700000000000008 5.8740000000000245 18.815000000000001 124.0916420441972 1.1050000000000002
decision_type=2 10 2 2 8 8 10 2 2 8 2 2 10 8 8 8 10 2 10 10 2 10 2 10 2 8 2 10 10 2
left_child=1 2 14 9 -5 -6 10 -2 13 -4 -3 12 18 -7 16 -16 -1 -18 -12 -17 21 -21 -11 24 26 -26 -15 -27 29 -28
right_child=7 6 3 4 5 8 -8 -9 -10 22 11 -13 -14 23 15 19 17 -19 -20 20 -22 -23 -24 -25 25 27 28 -29 -30 -31
leaf_value=0.00054469721447029755 -0.021227201787350946 0.0080761739508285711 -0.0038717331465093151 -0.0050440804104926081 0.0032938624808569062 -0.0022660727998008346 -0.0033115651082049899 -0.0039221761762468776 0.0068057603245889921 0.0024119421987528296 0.0050076661794042415 0.0011394025892899192 0.012046940437027077 0.00031205923851460862 -0.0059250278187608302 -0.00027880556353361563 0.0061248096014972966 0.0011867639346935599 -0.0024511464969117895 0.0054914246456393588 0.0055008097798050588 -0.0017401441912842585 -0.0013541818368893197 -0.0095686491855398702 0.0019501270762650694 -0.0017814650432490837 -0.0043383968117669692 -0.010849170772528035 0.0099042489766338476 0.0048786270882078975
leaf_weight=743.92972910404205 13.257403522729875 54.544745922088623 293.93557524681091 78.029289305210114 232.95151904225349 336.35926651954651 66.66580057144165 13.257403522729872 42.423691272735596 124.24081015586853 139.01334550976753 671.20340120792389 33.332900285720825 1723.8412409126759 74.241459727287292 1130.2883460521698 203.02766537666321 178.02799016237259 42.423691272735596 48.484218597412109 115.15001916885376 118.18028283119202 1569.2977941334248 16.666450142860413 83.332250714302063 70.074847191572189 31.817768454551697 48.484218597412109 51.514482259750366 59.090141415596008
leaf_count=491 26 36 194 56 159 222 44 17 28 157 94 443 22 2187 49 1691 134 119 28 32 76 78 1728 11 55 110 21 32 34 39
internal_value=0.000110755 0.00015089 -9.67913e-05 -0.000527646 0.000162479 0.00031314 0.00196411 -0.0125747 3.12907e-05 -0.00149109 0.00233806 0.0019848 0.00462684 -8.74109e-05 0.000688921 -4.10392e-05 0.00165335 0.00381777 0.00326364 0.000268312 0.00246267 0.000363585 -0.00107789 0.000264088 0.000343327 -0.00241883 0.000642135 -0.00548966 0.00463728 0.00165267
internal_weight=8407.09 8380.57 7373.39 4762.06 2774.59 2696.56 1007.18 26.5148 2463.6 1987.47 940.518 885.973 214.77 2421.18 2611.33 1486.34 1124.99 381.056 181.437 1412.1 281.815 166.665 1693.54 2084.82 2068.15 201.891 1866.26 118.559 142.422 90.9079
internal_count=8413 8370 7703 5033 2954 2898 667 43 2739 2079 623 587 144 2711 2670 1926 744 253 122 1877 186 110 1885 2489 2478 197 2281 142 94 60
is_linear=0
shrinkage=0.03


Tree=73
num_leaves=31
num_cat=0
split_feature=98 8 20 14 37 51 70 49 51 15 98 53 23 68 77 7 7 72 65 82 20 31 77 54 43 16 96 72 46 13
split_gain=5.41232 3.0116 2.90696 3.03519 3.54191 2.81453 2.71757 2.69886 5.48493 2.52418 2.49139 2.25265 2.89287 2.78375 2.3309 3.02289 2.09324 2.04153 1.94146 1.9182 1.89238 1.8724 1.87179 1.81566 2.35901 2.13692 2.47518 2.63267 2.51163 1.8948
threshold=117.86423618263017 4.3450000000000006 -0.13398618541829246 46.555000000000007 2.0265000000000009 0.27500000000000008 1.3364769456953829 1.607631578947369 0.68500000000000016 1019.1090000000002 20.93283432316618 1.0450000000000006 1.6027965564433091 4.6593082191780821 3.4650000000000003 8.9850000000000012 9.4450000000000021 6.448500000000025 1.5950000000000004 0.79278614586520069 -0.87676872321905253 0.072000000000000369 1.0050000000000006 0.11999999999999979 -0.16418181818181804 -0.83762334005808936 2.0214999999999468 1.2524999999999979 1.5075159188065328 3.0370000000000004
decision_type=10 2 10 10 2 2 10 2 2 10 8 2 2 8 2 2 2 2 2 8 10 2 2 2 2 2 2 2 10 10
left_child=1 10 23 4 -4 -3 18 -7 -9 17 -1 13 -13 -12 15 19 -15 22 -5 -14 -18 -22 -10 24 29 -25 28 -28 -27 -2
right_child=2 5 3 6 -6 7 -8 8 9 -11 11 12 14 16 -16 -17 20 -19 -20 -21 21 -23 -24 25 -26 26 27 -29 -30 -31
leaf_value=-0.0098543339842377727 -0.0037213448182837477 -0.026606316650675366 -0.00093854745850579949 -0.0010666666059778048 -0.012577787010339306 0.011552909744619946 0.0014178343379264214 -0.023535112132377134 -0.012481044294424074 -0.0039132220668788671 0.019839570821544902 -0.0082555301086249932 0.036027048948740294 -0.00066897523193691893 0.013108394958124462 -0.0096864252739733703 -0.0001809744218576522 0.0086414795656233941 -0.0077091425728069334 0.0022123661397190856 0.0011876726954886739 0.010848577203035507 -0.00094554550506186191 0.0058862423040169599 0.003159031119688239 0.00031840032167154789 -0.0015969811346574164 0.0039586502256740604 -0.0040166957655681547 0.0022274997330756275
leaf_weight=24.242109298706055 89.392778038978577 4.1666125357151023 62.120405077934265 307.57176172733307 37.87829577922821 13.257403522729872 578.78035950660706 10.605922818183897 12.87862056493759 366.66190314292908 6.0605273246765128 24.999675214290619 1.5151318311691273 3346.5474320948124 17.045233100652695 19.696713805198669 84.468599587678909 19.696713805198669 45.453954935073853 431.05500596761703 33.332900285720825 39.393427610397339 745.0660779774189 67.044583529233932 833.32250714302063 475.75139498710632 109.08949184417725 259.08754312992096 160.98275706171989 104.54409635066986
leaf_count=16 59 11 41 203 25 20 382 22 13 242 4 27 1 3921 39 34 70 13 30 664 22 26 1133 48 550 314 72 171 107 69
internal_value=-6.20981e-05 -0.000655376 0.00092335 -0.000380499 -0.00534735 -0.0019936 0.000152529 -0.00190581 -0.0020603 -0.00186127 -0.000265927 -0.000207876 0.0016882 -0.000474914 0.00221789 0.00180744 -0.000510053 -0.000893759 -0.00192192 0.00233081 0.00287328 0.00642066 -0.00114155 0.00156422 0.00246549 0.000700518 0.000354543 0.00231254 -0.000777623 -0.000514546
internal_weight=8331.71 5200.69 3131.02 1031.8 99.9987 1172.33 931.806 1168.17 1154.91 1144.3 4028.36 4004.11 494.312 3509.8 469.312 452.267 3503.74 777.641 353.026 432.57 157.195 72.7263 757.945 2099.22 1027.26 1071.96 1004.91 368.177 636.734 193.937
internal_count=8349 6278 2071 681 66 1454 615 1443 1423 1401 4824 4808 765 4043 738 699 4039 1159 233 665 118 48 1146 1390 678 712 664 243 421 128
is_linear=0
shrinkage=0.03


Tree=74
num_leaves=31
num_cat=0
split_feature=81 96 97 42 39 54 72 58 35 59 62 66 27 19 15 95 88 67 72 67 14 72 58 70 83 23 33 106 3 32
split_gain=4.51198 3.54152 3.2962 2.89639 2.74953 3.05588 2.72856 2.55679 2.40297 3.69075 2.43962 2.59002 2.42592 2.84938 2.23757 2.08692 2.07915 2.06758 2.21327 2.0274 2.38903 2.88743 2.33239 2.08222 1.89841 1.98938 1.8236 1.76452 1.73518 2.36531
threshold=8.8150000000000031 12.836500000000003 46.464203740823983 1.9650000000000001 1.5150000000000003 -0.13499999999999998 3.3129999999999318 3.8563401965407063 22.000000000000004 23.655000000000005 1.1220428583524209 -0.024999999999999908 3.9450000000000007 0.59552383085847871 1001.0295000000002 21.045000000000005 3.5950000000000002 -0.078506401137980089 -1.0000000180025095e-35 0.034576813655760937 43.165000000000006 7.3710000000000386 2.1374579277720751 2.9981664719444239 21.805000000000003 1.6104224387886157 15.285000000000002 9.5000000000000018 2.0950000000000002 8.3348571428571443
decision_type=8 2 8 2 2 2 2 8 10 10 2 2 2 10 10 8 2 2 2 2 8 2 10 10 10 2 8 2 2 10
left_child=-1 2 7 4 6 15 24 14 9 10 11 -7 13 -10 -2 16 -6 18 -17 -13 -21 22 23 -22 25 -4 -19 -5 -16 -30
right_child=1 -3 3 27 5 8 -8 -9 12 -11 -12 19 -14 -15 28 17 -18 26 -20 20 21 -23 -24 -25 -26 -27 -28 -29 29 -31
leaf_value=-0.01330068440805946 0.0039473484524529395 0.0063673709681200197 -0.0085108677349773048 -0.0031594219258276098 0.0015801304392464841 -0.00216900019520366 0.0066361270350035013 0.0058309914660043399 0.011980401880526178 -0.0087913234345975994 -0.011017262851451937 0.0014445669663851169 -0.0026851333574453942 0.0019985538633791869 -0.0007820006257207707 0.0076452388976888802 0.0067172468509343296 -0.0025197578021190375 0.0010109022356484415 -0.0080863849875612188 -0.00064935625471355507 0.0082736658694274965 -0.0053556983790052351 0.0040625774133774811 0.01033478397316058 0.0010948273627938811 0.0003572577515960181 -0.021380826075418052 -0.0073263564116744827 -0.0021110595571484929
leaf_weight=23.105760425329208 66.66580057144165 77.271723389625549 19.696713805198669 10.605922818183901 653.02181923389435 731.80867445468903 84.847382545471191 44.696389019489288 37.87829577922821 51.514482259750366 20.454279720783234 562.87147527933121 49.999350428581238 80.301987051963806 898.09439292550087 56.059877753257751 79.544421136379242 301.51123440265656 234.8454338312149 37.87829577922821 1412.1028666496277 33.332900285720825 89.392778038978577 89.771560996770859 19.696713805198669 1307.9375532567501 579.15914246439934 8.7120080292224866 89.392778038978577 628.77970993518829
leaf_count=16 44 51 40 19 431 786 56 52 25 34 33 589 33 53 598 37 54 199 311 25 1646 22 59 63 13 1575 1025 23 59 415
internal_value=-6.19915e-05 -2.53924e-05 -8.50476e-05 0.000222282 0.000256578 -6.9503e-05 0.00141808 -0.00125076 -0.000636134 -0.000829924 -0.000692187 -0.00062077 0.00285427 0.00519786 -0.00143884 0.000881946 0.00213794 9.6597e-05 0.00228939 -0.000111633 -0.000638521 -0.000464871 -0.000647921 -0.00036771 0.00108948 0.000952318 -0.000627733 -0.0113769 -0.001661 -0.00276022
internal_weight=8380.95 8357.85 8280.57 6552.95 6533.63 5101.45 1432.18 1727.63 3197.31 3029.13 2977.61 2957.16 168.18 118.18 1682.93 1904.14 732.566 1171.58 290.905 2225.35 1662.48 1624.6 1591.27 1501.87 1347.33 1327.63 880.67 19.3179 1616.27 718.172
internal_count=8386 8370 8319 7151 7109 5425 1684 1168 3368 3257 3223 3190 111 78 1116 2057 485 1572 348 2404 1815 1790 1768 1709 1628 1615 1224 42 1072 474
is_linear=0
shrinkage=0.03


Tree=75
num_leaves=31
num_cat=0
split_feature=98 96 83 67 33 92 27 91 77 20 92 12 94 62 91 95 51 98 50 23 98 67 75 11 3 13 96 100 21 91
split_gain=3.98721 2.97247 2.53173 3.33622 2.62726 2.3359 2.2483 2.18874 2.99185 2.14799 2.56008 2.65962 2.25996 2.09695 2.45353 1.92748 6.1258 4.77239 3.31608 5.39448 2.33175 1.86624 2.00883 1.83253 1.79444 1.76861 1.71078 2.2379 3.07902 2.03397
threshold=140.80919729335429 12.836500000000003 18.745000000000001 -0.090544096728307252 14.955000000000002 16.052595155709344 0.96500000000000008 -0.024420878601794999 1.4350000000000005 -0.8232354508881421 11.674742214532875 239.15000000000001 3.647210128949288 0.12875209254598538 -0.016280703826169102 14.050000000000002 0.48500000000000004 27.489621497709106 0.8082807630346055 1.6327897069128234 75.159629477274393 -0.022885383555591266 1.4950000000000003 13.625000000000002 2.8350000000000004 8.3250000000000011 -0.91100000000000125 0.76960174130086489 0.54534876140992905 0.016073630136986285
decision_type=10 2 10 2 10 10 2 2 2 10 10 10 10 2 2 8 2 8 2 2 8 2 2 10 2 10 2 2 10 2
left_child=1 2 4 -4 6 7 -1 8 -5 10 12 -12 25 -9 -15 16 -8 -18 20 -20 -17 22 -11 -23 -21 -2 -16 -28 29 -29
right_child=9 -3 3 5 -6 -7 15 13 -10 21 11 -13 -14 14 26 18 17 -19 19 24 -22 23 -24 -25 -26 -27 27 28 -30 -31
leaf_value=-0.0095333576276527953 0.0017357387233659879 0.0055747157711900468 0.0014833414285695126 0.0093355612485134069 0.0039768289971834625 -0.0084420680378764594 0.036254807001217242 -0.0098595249715892671 -0.00086238745471654116 0.0070096022812895908 0.0033095932801206003 -0.0069060371710463935 0.010024445397459206 -0.0068118636819189081 -0.00012543410746716294 -0.002089627588954856 -0.01864540619568434 0.0016737461844494195 0.0076754824462563114 -0.009362246571496884 7.2599645161224886e-05 -0.0022846940575219831 0.0011445248338500282 0.00086986561213104609 -0.0260852516017318 0.0098388452430082356 -0.00092989522572224279 0.0054322344116096875 -0.0060531533671924435 -0.0024223775113013019
leaf_weight=22.726977467536926 121.21054649353027 75.756591558456421 345.45005750656128 37.87829577922821 145.45265579223633 45.453954935073853 4.5453954935073844 28.78750479221344 81.817118883132935 81.817118883132935 62.120405077934265 36.363163948059082 65.529451698064804 80.301987051963806 574.23496401309967 522.7204817533493 10.605922818183897 544.31111034750938 10.984705775976179 11.363488733768465 3177.2314499616623 206.05792903900146 146.96778762340546 846.95869362354279 11.742271691560743 30.302636623382568 579.53792542219162 35.605598032474518 242.42109298706055 178.02799016237259
leaf_count=36 80 50 228 25 102 30 3 19 54 54 41 24 47 53 379 345 7 390 29 30 4803 136 97 559 31 20 384 25 160 119
internal_value=-1.62022e-05 -0.000334433 -0.000401335 -0.00122684 1.1174e-05 -0.00172377 -0.000122465 -0.00155768 0.00236481 0.00133196 0.0035493 -0.000462332 0.00536959 -0.00183082 -0.00169407 -7.26495e-05 0.00156951 0.00128539 -0.00031869 -0.00963246 -0.000232875 0.000786139 0.00324197 0.00025257 -0.0178608 0.00335636 -0.00143878 -0.00216702 -0.00373912 -0.00111328
internal_weight=8364.29 6766.96 6691.2 2229.52 4461.68 1884.07 4316.23 1838.61 119.695 1597.33 315.526 98.4836 217.043 1718.92 1690.13 4293.5 559.462 554.917 3734.04 34.0905 3699.95 1281.8 228.785 1053.02 23.1058 151.513 1609.83 1035.59 456.055 213.634
internal_count=8360 7302 7252 1476 5776 1248 5674 1218 79 1058 212 65 147 1139 1120 5638 400 397 5238 90 5148 846 151 695 61 100 1067 688 304 144
is_linear=0
shrinkage=0.03


Tree=76
num_leaves=31
num_cat=0
split_feature=97 42 39 96 39 38 42 97 14 3 67 95 35 103 75 19 33 66 99 21 87 39 98 11 58 70 53 32 39 86
split_gain=3.56486 3.09062 2.80578 2.48845 2.43102 2.31314 2.56696 2.45941 2.23285 2.12686 2.12626 3.9019 2.77793 2.81654 2.76416 2.59459 2.79054 2.5722 3.44593 2.66966 4.11363 3.21878 2.36863 2.15286 2.08141 2.51309 2.0783 2.03925 2.00405 2.02936
threshold=98.786857499834653 1.9650000000000001 0.89500000000000013 12.836500000000003 4.0050000000000008 0.6845755893889659 1.0150000000000003 39.654278602823929 60.595000000000006 2.6650000000000005 -0.039992887624466587 22.980000000000004 20.98 134.50000000000003 0.92500000000000016 -0.39634669659887273 16.975000000000005 -0.050000000000000148 1.0336188448261583 0.86694021718677361 1.3650000000000004 2.7850000000000006 132.94732193044862 14.115 1.8547548805528014 2.9153274038896542 1.3150000000000002 9.7707142857142895 1.425 0.49047453768221277
decision_type=10 2 2 2 2 2 2 8 10 2 2 10 10 2 2 8 10 2 2 10 2 2 10 8 8 10 2 10 2 2
left_child=1 3 -3 4 5 7 -7 8 9 27 15 17 13 -13 -14 -9 23 -12 -19 22 21 24 -20 -17 25 -21 -15 -1 -2 -30
right_child=28 2 -4 -5 -6 6 -8 10 -10 -11 11 12 14 26 -16 16 -18 18 19 20 -22 -23 -24 -25 -26 -27 -28 -29 29 -31
leaf_value=-0.0031645649567450689 0.0041741662276273015 -0.019336481171816702 0.0012146498170539214 0.0054888304616914777 -0.0094069003618085147 0.021311323495868981 0.00086068781945211452 0.0036917467351059276 -0.00038709845402678503 -0.0083779100065469528 -0.0014149836922937662 0.0032089493373266471 0.0059769515970979686 -0.0064456650195675843 -0.0025392729139832532 0.001422743881411462 0.0067511361523168124 0.0028694379769461727 0.00038055929263496681 -0.0012346313105135772 0.0041820545464607423 -0.0095617943354919192 0.0037907833441573873 -0.0013855289959374775 -0.0057041752101378339 0.0056670534199771087 0.00034791108329912873 0.0027907187038595941 -0.0010617414957364768 0.0023674197754887118
leaf_weight=354.16206553578377 239.01204636693001 14.393752396106722 10.227139860391615 69.696064233779907 25.757241129875183 9.4695739448070544 13.257403522729872 275.75399327278137 701.12725487351418 59.090141415596008 888.62481898069382 39.393427610397339 54.544745922088623 246.96648848056793 92.423041701316833 498.47837245464325 59.090141415596008 441.66092878580093 1612.4790513217449 943.54834786057472 122.7256783246994 43.938823103904724 206.81549495458603 484.46340301632881 87.877646207809448 49.999350428581238 48.484218597412109 60.605273246765137 264.01172158122063 377.26782596111298
leaf_count=236 160 29 12 46 20 22 29 182 483 39 999 26 36 163 61 329 39 440 2667 625 81 29 138 922 58 33 32 40 175 249
internal_value=2.32824e-05 -0.000188296 -0.0107999 -0.000153416 -0.000206408 -0.000174362 0.00938179 -0.000203821 -0.00146223 -0.003053 3.47687e-05 -0.00025401 -0.00281699 -0.00432614 0.000621388 0.00110406 0.000419272 2.6792e-05 0.000391905 3.51744e-05 -0.00103337 -0.00160214 0.00076823 3.86279e-05 -0.00127873 -0.000887311 -0.00533082 -0.00229439 0.00182952 0.00095565
internal_weight=8395.35 7515.05 24.6209 7490.43 7420.74 7394.98 22.727 7372.25 1174.98 473.857 6197.27 4879.48 481.812 334.844 146.968 1317.79 1042.03 4397.67 3509.05 3067.38 1248.09 1125.36 1819.29 982.942 1081.43 993.548 295.451 414.767 880.292 641.28
internal_count=8400 7816 41 7775 7729 7709 51 7658 798 315 6860 5388 318 221 97 1472 1290 5070 4071 3631 826 745 2805 1251 716 658 195 276 584 424
is_linear=0
shrinkage=0.03


Tree=77
num_leaves=31
num_cat=0
split_feature=97 16 96 3 63 16 50 33 94 77 84 72 40 61 91 60 88 52 75 65 20 84 98 96 15 28 13 45 15 3
split_gain=3.24753 3.69052 2.94746 2.78345 4.58071 4.19154 3.26632 3.23084 3.63432 2.84168 2.67659 2.99571 2.6474 2.35616 2.3416 2.30351 2.13891 2.13603 2.08721 3.15538 2.18203 2.15889 3.28395 2.52771 2.40766 2.06704 3.09518 2.03551 2.17979 2.40649
threshold=41.404186400607337 -0.97872343101613135 12.836500000000003 2.7350000000000008 0.56500000000000006 -0.62707976250810538 0.67946964405694155 14.955000000000002 4.5283028815878996 1.8850000000000005 1.6225000000000593 0.08950000000004367 3.8550000000000004 3.3479729729729728 0.0054034600850259478 3.4995000000000123 3.6950000000000007 3.6450000000000005 1.7950000000000002 1.7050000000000003 -0.88531242809119515 5.8740000000000245 132.17286102824821 3.3669999999999622 1025.2380000000003 1.885 1.8060000000000003 17.025000000000002 1002.474 2.5350000000000006
decision_type=8 2 2 2 2 2 2 10 10 2 2 2 2 2 2 2 2 2 2 2 10 2 10 2 10 2 8 8 10 2
left_child=1 -1 3 7 16 12 10 17 9 15 11 13 14 -7 -6 -9 -5 25 19 21 -21 23 24 -12 -23 -2 -27 28 -3 -30
right_child=2 27 -4 4 5 6 -8 8 -10 -11 18 -13 -14 -15 -16 -17 -18 -19 -20 20 -22 22 -24 -25 -26 26 -28 -29 29 -31
leaf_value=-0.048158227239084778 0.00089343186784776206 0.0023322398981007841 0.0066015250252651108 -0.0064497482879669141 0.0010244154647878045 -0.0034571446626621054 0.0072273430595289614 0.0012678864524856455 -0.003304520515045616 0.0060775703698251089 0.004680850385165281 -0.00825410916199955 -0.00091394760645404499 0.0017290560193948439 0.0073400952318230309 0.0075642919900536882 -0.021431092980315234 0.0067149522456130739 -0.0028912646173766695 0.001941553430032909 -0.0047512980829507324 0.0074334542513783096 0.014177704246614005 -0.002941017067234541 -0.0033408294557594163 -0.0038154394083182263 -0.00010518456089322892 0.0038925670957176079 -0.001316104518350771 -0.0048445917923280648
leaf_weight=1.5151318311691273 1838.2336941659451 116.66515100002289 65.150668740272522 31.817768454551697 99.619917899370193 348.48032116889954 37.87829577922821 570.06835147738457 98.104786068201065 184.84608340263367 72.726327896118164 90.907909870147705 142.42239212989807 101.89261564612389 112.49853846430779 57.57500958442688 11.742271691560743 44.696389019489288 213.63358819484711 69.696064233779907 118.18028283119202 42.423691272735596 31.817768454551697 84.847382545471191 33.332900285720825 221.20924735069275 2374.5903623998165 64.393102824687958 936.73025462031364 213.63358819484711
leaf_count=1 2027 77 43 60 86 542 37 377 67 122 48 60 139 176 120 38 28 58 141 46 78 28 21 56 22 146 2927 68 622 141
internal_value=-5.21889e-06 -0.00136392 0.000249919 0.000191082 -0.000889512 -0.000628246 -0.00144729 0.000520698 0.00214972 0.0028083 -0.0017193 -0.00328652 0.00224977 -0.00228382 0.00437398 0.00184547 -0.0104882 0.000189493 -0.000446827 0.000705901 -0.00226847 0.00281345 0.00608972 0.000576768 0.00269277 0.000123715 -0.000421366 -0.00131067 -0.00157511 -0.00197138
internal_weight=8431.33 1332.94 7098.39 7033.24 1643.92 1600.36 1245.82 5389.32 910.594 812.489 1207.94 541.281 354.541 450.373 212.118 627.643 43.56 4478.73 666.658 453.024 187.876 265.148 107.574 157.574 75.7566 4434.03 2595.8 1331.42 1267.03 1150.36
internal_count=8402 909 7493 7450 1688 1600 1255 5762 604 537 1218 778 345 718 206 415 88 5158 440 299 124 175 71 104 50 5100 3073 908 840 763
is_linear=0
shrinkage=0.03


Tree=78
num_leaves=31
num_cat=0
split_feature=97 77 20 17 59 57 83 54 58 67 66 54 43 97 56 43 19 96 84 72 106 18 72 7 56 105 86 51 20 63
split_gain=3.98898 3.05901 3.29449 3.81663 2.77942 2.34762 2.88689 2.71376 2.11329 2.31723 2.10442 2.03816 2.16084 2.90761 2.2725 2.0483 1.94771 1.921 1.90429 1.83366 2.28453 2.14477 1.99886 1.72101 2.01431 1.66548 1.62768 1.62593 1.60541 1.56233
threshold=70.328308968460888 2.9750000000000005 0.27110443591680106 0.051725916674897877 23.765000000000004 17.640000000000004 19.075000000000003 -0.37499999999999994 0.66851091477342173 0.010266714082503502 -0.039999999999999918 -0.19500000000000003 0.037818181818182341 20.235916996838366 5.3351351351351353 -0.11854545454545388 -0.011344392475746612 10.09100000000001 -10.106499999999981 1.0375000000000798 80.500000000000014 -0.53752038724879692 5.2925000000000191 7.7250000000000005 15.178378378378381 114.50000000000001 0.41903892764068623 1.5950000000000004 -0.95337516452057935 1.9750000000000003
decision_type=10 2 10 2 10 10 10 2 10 2 2 2 2 8 8 2 8 2 2 2 2 10 2 2 10 2 2 2 10 2
left_child=1 4 3 -3 5 6 11 -8 25 10 27 15 -13 -14 -15 -1 -17 -9 -11 20 -20 -21 -23 24 -5 -2 -18 -10 -12 -29
right_child=8 2 -4 23 -6 -7 7 17 9 18 28 12 13 14 -16 16 26 -19 19 21 -22 22 -24 -25 -26 -27 -28 29 -30 -31
leaf_value=-0.00067457219990498787 -5.8510323495404272e-05 -0.015729949256133233 0.010320587631778731 -0.0037525237560125601 -0.0070071532548534677 0.0024189881231750834 0.00012060175962773882 -0.003399528560565932 0.0036867362487895579 0.0063985503270582982 0.010081420755421894 -0.0013139797614149598 -0.0053802967684352335 0.013581723467294688 0.00053859677115198983 0.0049495213710623051 0.0037444109522161823 0.0038477818762744074 -0.00015321978795603287 0.0025926141881803758 -0.0055685531507729639 0.00053480267280041794 -0.005616792162262684 -0.0012709287996839251 -0.013731523626916988 -0.0050823350670232839 9.6169530860719485e-05 -0.001708185316611782 0.0036698355008813396 0.0019933536365056869
leaf_weight=360.22259286046028 216.66385185718536 23.105760425329208 15.151318311691282 73.105110853910446 54.544745922088623 290.90531158447266 418.17638540267944 593.93167781829834 203.02766537666321 48.484218597412109 41.287342399358749 1269.3016915619373 75.756591558456421 12.121054649353026 1473.4657058119774 165.90693551301956 158.7100593149662 34.848032116889954 636.73415204882622 488.25123259425163 78.786855220794678 272.72372961044312 57.57500958442688 176.89164128899574 24.242109298706055 81.817118883132935 359.08624398708344 178.78555607795715 236.36056566238403 240.90596115589142
leaf_count=498 143 43 13 121 36 192 276 392 134 32 28 1593 53 8 2015 111 191 23 424 326 52 180 38 272 16 54 642 118 156 159
internal_value=2.1326e-05 -0.000441334 -0.00332519 -0.00402052 -0.000270231 -0.000199734 -0.000354523 -0.00175229 0.000949418 0.00123613 0.00245118 2.31694e-05 -0.000394681 0.000352668 0.000645017 0.00115619 0.00212076 -0.00299787 0.000544849 0.000359843 -0.000749508 0.00132956 -0.000537494 -0.00303395 -0.00623757 -0.0014356 0.00121439 0.00148273 0.00462326 0.000416525
internal_weight=8360.88 5579.47 312.496 297.345 5266.98 5212.43 4921.53 1046.96 2781.4 2482.92 900.367 3874.57 2830.65 1561.34 1485.59 1043.93 683.703 628.78 1582.56 1534.07 715.521 818.55 330.299 274.239 97.3472 298.481 517.796 622.719 277.648 419.692
internal_count=8339 6495 465 452 6030 5994 5802 691 1844 1647 595 5111 3669 2076 2023 1442 944 415 1052 1020 476 544 218 409 137 197 833 411 184 277
is_linear=0
shrinkage=0.03


Tree=79
num_leaves=31
num_cat=0
split_feature=27 33 33 3 82 13 96 19 14 24 40 85 24 96 78 13 50 20 24 45 37 88 100 57 100 21 81 94 27 36
split_gain=3.29156 4.04391 2.92098 2.59468 2.53429 2.69973 2.45711 2.54229 2.10651 2.08271 2.05965 2.69146 2.00382 2.94506 1.93868 1.92958 2.39425 2.09085 2.6403 1.92527 2.1441 1.91128 2.49636 1.87094 2.18322 2.22075 2.02464 1.86713 1.83039 1.80421
threshold=2.5650000000000004 14.955000000000002 16.415000000000003 3.6450000000000005 0.90269016363488497 23.665000000000003 10.747000000000016 0.43271500406700164 45.985000000000007 117.16872100000001 1.8950000000000002 1.5808651819923374 88.572665000000015 4.4920000000000195 -0.39999999999999974 2.1555000000000004 0.26916103132328628 0.76536861277749191 85.900920000000013 20.495000000000001 3.4885000000000006 2.6550000000000007 0.6322445021340598 14.235000000000001 0.83517029456062242 0.50686138996327013 17.285000000000004 4.5283028815878996 3.2050000000000005 0.48549999999994503
decision_type=2 10 8 2 8 10 2 8 8 2 2 2 2 2 2 8 2 10 2 10 2 2 2 10 2 10 10 10 2 2
left_child=1 4 3 12 5 -1 7 29 -9 28 11 -6 -2 -14 -13 21 23 18 -18 20 -11 -12 -23 26 -25 -26 -17 -3 -10 -4
right_child=2 27 6 -5 10 -7 -8 8 9 19 15 14 13 -15 -16 16 17 -19 -20 -21 -22 22 -24 24 25 -27 -28 -29 -30 -31
leaf_value=0.0005786628144255001 -0.0029766250354100496 0.0026002006357436682 0.00027847864140858838 -0.0088167720346082838 -0.00012186943593867658 0.010446037439773461 0.0070831850832315723 -0.010467267028273433 -0.0014008553118020754 -0.014561630091864555 0.0012660843477158346 0.00066098471780280145 0.0030767530638140762 -0.0045738311329511549 0.0041192340100778338 -0.00083458010964683883 0.0010134479899111754 0.012069839840518929 -0.013537189339297317 0.0031242108562885662 -0.0040159849958329875 -0.0020459764729242563 -0.008566511911517808 0.0019966660510731715 0.0024954079385217059 -0.0039595538900306475 -0.0036865765191372592 -0.0018182454931205652 0.002533170426234875 0.0048785336360661494
leaf_weight=60.605273246765137 553.78068429231644 817.0348399579525 274.99642735719681 54.544745922088623 1057.5620181560516 42.423691272735596 40.908559441566467 22.726977467536926 362.11650764942169 20.454279720783234 84.847382545471191 287.49626496434212 134.84673297405243 68.180932402610779 296.20827299356461 1655.2815255522728 911.73057940602303 15.151318311691282 11.363488733768461 27.272372961044312 114.3924532532692 183.33095157146454 74.241459727287292 398.47967159748077 72.726327896118164 140.90726029872894 259.08754312992096 96.210871279239655 150.75561720132828 106.43801113963127
leaf_count=43 373 540 201 36 1169 28 27 15 629 30 56 276 89 45 242 2081 1198 10 24 18 149 121 49 263 48 93 171 68 218 71
internal_value=-3.98966e-05 0.000284777 -0.00112662 -0.00249739 -1.95486e-05 0.0046417 -0.000133661 -0.000407238 -0.00148386 -0.00118139 -0.000107692 0.000780676 -0.00204194 0.000507527 0.00241592 -0.000490669 -0.000278346 0.00101576 0.000834326 -0.00414536 -0.00561561 -0.00263903 -0.00392542 -0.000758932 0.000684812 -0.00176212 -0.00122056 0.00213472 -0.000244473 0.00156211
internal_weight=8396.1 6464.69 1931.41 811.353 5551.44 103.029 1120.06 1079.15 697.718 674.991 5448.41 1641.27 756.808 203.028 583.705 3807.15 3464.73 938.245 923.094 162.119 134.847 342.42 257.572 2526.48 612.113 213.634 1914.37 913.246 512.872 381.434
internal_count=8381 6480 1901 543 5872 71 1358 1331 1059 1044 5801 1687 507 134 518 4114 3888 1232 1222 197 179 226 170 2656 404 141 2252 608 847 272
is_linear=0
shrinkage=0.03


Tree=80
num_leaves=31
num_cat=0
split_feature=98 81 80 67 14 73 83 66 21 48 12 39 97 24 83 54 44 17 43 39 97 44 84 59 92 90 80 70 19 84
split_gain=3.39902 3.3842 2.89738 2.89008 2.97886 2.59269 2.54872 2.50301 2.49615 2.49078 2.48053 2.28587 2.15574 2.00796 2.84379 1.85241 2.22208 2.00164 1.88706 3.64456 2.3018 1.84776 2.6786 1.66423 1.80516 1.66423 2.04316 1.63121 1.62965 1.621
threshold=117.86423618263017 8.8150000000000031 12.489068965517243 0.0054623044096727908 43.165000000000006 2.8721232876712333 24.565000000000001 -0.010000000000000118 1.0000000180025095e-35 0.86950000000007333 28.105000000000004 1.425 135.38454751213598 141.113415 11.155000000000003 -0.3199999999999999 9.0588421052631602 0.94687399888095025 0.037818181818182341 0.97500000000000009 18.156418286121305 14.201842105263159 -10.106499999999981 18.235000000000003 12.356612456747406 1.6400000000000006 9.829375862068968 2.9522869397687947 -0.82658943438516286 5.4085000000000045
decision_type=10 8 10 2 10 2 10 2 10 2 10 2 10 2 8 2 10 2 2 2 8 10 2 10 10 2 10 10 10 2
left_child=1 -1 13 7 9 10 -7 11 -9 -5 -6 -2 21 14 -3 16 -16 -18 19 -17 -20 23 -23 24 -12 27 -27 -21 -4 -25
right_child=3 2 28 4 5 6 -8 8 -10 -11 12 -13 -14 -15 15 18 17 -19 20 25 -22 22 -24 29 -26 26 -28 -29 -30 -31
leaf_value=-0.012224688833648103 0.006218877994947334 0.0078759714045163395 0.001699974804566441 -0.00072537774285609015 -0.0044038748578805985 0.0012676662083097854 -0.0080335139845563383 0.0090691040113830401 0.0026874680842565134 -0.011141701528743816 0.00087305814237133522 0.00070530742703768371 0.0053466299698818167 -0.0057491364428157556 2.0657374900853145e-05 0.033987508942588257 0.0051729143841157911 0.00023480569232578607 -0.0055504328192904828 -0.00093581670858527673 0.00049372281783264702 0.010683516711802067 0.0013485083907250363 -0.0034325827788926578 -0.0056345249058061923 -0.0012908760335533349 -0.0072307779290580829 0.0085087965027860254 -0.0021894968998535081 0.0036945333209548971
leaf_weight=21.969411551952362 74.241459727287292 40.908559441566467 107.57436001300812 45.453954935073853 84.847382545471191 45.453954935073853 63.635536909103394 77.271723389625549 192.80052551627159 37.87829577922821 616.65865528583527 765.14157474040985 90.907909870147705 55.302311837673187 545.06867626309395 2.6514807045459738 185.60364931821823 122.7256783246994 58.711358457803726 1317.7859101593494 1661.3420528769493 28.78750479221344 709.0816969871521 207.57306087017059 40.908559441566467 131.43768635392189 86.36251437664032 16.666450142860413 981.80542659759521 33.332900285720825
leaf_count=16 49 27 71 30 56 30 42 51 128 25 407 505 60 77 1019 7 124 81 41 1613 2271 19 471 137 27 299 57 11 648 22
internal_value=-1.48644e-05 -0.000474513 -0.000425934 0.000772761 9.28242e-05 0.000333683 -0.00415802 0.00200124 0.00451335 -0.00546007 0.000604087 0.00119297 0.000850092 -7.02093e-05 5.11757e-06 -7.2876e-05 0.00117201 0.00320738 -0.000397271 -0.00115468 0.000287415 0.000600284 0.00171271 -0.000313291 0.000468209 -0.00121471 -0.00364618 -0.00081786 -0.00180542 -0.00244644
internal_weight=8449.89 5335.92 5313.95 3113.97 2004.52 1921.19 109.089 1109.46 270.072 83.3323 1812.1 839.383 1727.25 4224.57 4169.26 4128.36 853.398 308.329 3274.96 1554.9 1720.05 1636.34 737.869 898.473 657.567 1552.25 217.8 1334.45 1089.38 240.906
internal_count=8421 6362 6346 2059 1326 1271 72 733 179 55 1199 554 1143 5627 5550 5523 1224 205 4299 1987 2312 1083 490 593 434 1980 356 1624 719 159
is_linear=0
shrinkage=0.03


Tree=81
num_leaves=31
num_cat=0
split_feature=23 97 13 67 57 67 92 96 8 96 80 73 73 13 50 36 87 13 37 93 51 72 20 98 34 72 100 72 72 98
split_gain=3.10805 3.09308 2.41176 2.51943 3.21983 2.01201 1.99315 2.08413 1.78908 1.76784 2.18112 2.5526 2.03882 1.9704 3.32115 2.33079 2.44812 1.86971 2.31566 1.79013 1.88171 1.95391 1.98214 1.78372 1.73987 1.72819 1.65775 1.63277 1.6567 1.59944
threshold=1.5780481744500816 67.466858798444974 6.714500000000001 0.027585348506401156 17.640000000000004 -0.070597439544807877 16.052595155709344 12.836500000000003 6.4850000000000012 -1.5380000000000107 8.8312929989550693 0.96095890410958906 1.1189041095890413 11.275 0.11217285097359622 0.040000000000020471 0.74500000000000011 5.6310000000000011 2.4755000000000007 25.835000000000004 2.5150000000000001 1.5535000000000425 -0.44892913366747306 149.29581021851772 1.1960679256888109 6.1889999999999654 0.75393893795646805 -1.8160000000000307 0.26550000000008828 105.32892142365385
decision_type=2 10 8 2 10 2 10 2 2 2 10 2 2 10 2 2 2 10 2 10 2 2 10 10 10 2 2 2 2 10
left_child=-1 2 3 4 29 -3 7 9 25 13 11 -11 -12 14 -7 -16 17 18 -17 20 21 22 27 -18 -6 -4 -15 -14 -29 -2
right_child=1 5 8 -5 24 6 -8 -9 -10 10 12 -13 19 26 15 16 23 -19 -20 -21 -22 -23 -24 -25 -26 -27 -28 28 -30 -31
leaf_value=-0.0052302313780762041 -0.0020193149086607885 0.0036428478823217867 5.1733546049223661e-05 -0.0030992890974347351 -0.00022521021013879419 0.0098164908570814741 -0.0056958512816364703 0.0080343713947522953 -0.0073255138280414701 -0.00067142244706165459 -0.0060992096212600239 0.0067206251464370283 0.0085196314907756646 0.0039658196315104149 0.0041804032727404163 0.010328768602849822 -0.0001594841821274948 0.00010399705155077825 0.0017952172734493023 0.0067614840679953965 -0.0029787253540213107 0.0015852316727792875 -0.0021474651048797211 -0.0072351998664312292 0.0079141859348722966 0.0052906670791252183 -0.0012340105936933187 -0.0018846434178370827 0.0028483402809062713 0.00048606588401070306
leaf_weight=99.619917899370193 584.84088683128357 216.66385185718536 3602.9834945201874 495.44810879230499 39.393427610397339 51.514482259750366 43.938823103904724 34.848032116889954 29.166287750005722 78.786855220794678 53.029614090919495 90.150343954563141 24.242109298706055 68.180932402610779 257.57241129875183 45.453954935073853 89.392778038978577 171.20989692211151 77.271723389625549 33.332900285720825 198.8610528409481 510.59942710399628 425.75204455852509 49.999350428581238 59.090141415596008 57.57500958442688 289.39017975330353 138.63456255197525 128.02863973379135 377.26782596111298
leaf_count=71 386 143 5174 327 26 34 29 23 50 52 35 61 16 45 170 30 59 113 51 22 132 340 281 33 39 38 191 93 86 249
internal_value=3.73154e-05 0.000100367 -0.000342564 -0.0013331 -0.000508039 0.000855525 0.000644381 0.000743301 7.51675e-05 0.000651951 4.02119e-05 0.00327321 -0.0003209 0.00158705 0.00246822 0.00192032 0.000576922 0.00212975 0.00495579 -0.000110943 -0.000271573 0.000167086 -0.000843306 -0.00269751 0.00465843 0.000134134 -0.000242518 0.00106539 0.000387727 -0.00103689
internal_weight=8422.24 8322.62 5245.77 1556.04 1060.59 3076.85 2860.19 2816.25 3689.72 2781.4 1681.42 168.937 1512.48 1099.99 742.415 690.9 433.328 293.936 122.726 1459.45 1426.12 1227.26 716.657 139.392 98.4836 3660.56 357.571 290.905 266.663 962.109
internal_count=8399 8328 6289 1027 700 2039 1896 1867 5262 1844 1118 113 1005 726 490 456 286 194 81 970 948 816 476 92 65 5212 236 195 179 635
is_linear=0
shrinkage=0.03


Tree=82
num_leaves=31
num_cat=0
split_feature=98 40 55 96 95 51 90 70 57 94 7 75 51 3 94 56 23 85 92 43 89 56 74 74 14 36 58 10 91 14
split_gain=2.69654 2.41257 2.32893 2.19447 2.13728 3.34426 3.02488 2.81225 2.80705 3.73734 3.62641 2.93544 2.44771 2.36373 2.16289 2.0359 2.00327 1.82705 2.75544 1.79086 1.78076 2.19938 3.16495 2.97702 2.0651 1.79435 1.77697 2.15513 1.97413 1.76878
threshold=155.12008521600151 1.8950000000000002 -0.12644736842105272 -13.28500000000008 22.980000000000004 0.27500000000000008 3.0150000000000006 1.4557721311115908 14.385000000000003 1.2904091090696033 9.4850000000000012 0.83500000000000008 1.4550000000000003 2.5550000000000002 4.5283028815878996 9.9479324324324363 1.6140403542438746 1.5808651819923374 7.7512145328719724 -0.17481818181818135 2.4650000000000007 14.338108108108109 0.65427832956645615 0.68184383511113145 47.485000000000007 0.31950000000000506 1.3844819955695624 12.145000000000001 0.032814596126594243 94.450000000000017
decision_type=10 2 2 2 10 2 2 10 8 8 2 2 2 2 10 10 2 2 8 2 2 10 2 2 8 2 8 10 2 10
left_child=1 17 -3 -2 5 -4 8 14 10 -10 13 12 -12 -7 -6 -15 -8 -1 -19 -5 21 23 25 24 -11 -23 28 -28 -26 -21
right_child=3 2 4 19 7 6 16 -9 9 20 11 -13 -14 15 -16 -17 -18 18 -20 29 -22 22 -24 -25 26 -27 27 -29 -30 -31
leaf_value=-3.7411669846861475e-06 0.009795457411879151 0.0012535180703396119 -0.014080833552694166 -0.0032614361638632428 -0.0068955909961661921 -0.0014054194207345735 -0.0044998823724199293 -0.00093406692706643447 0.011146139694051944 -0.0043103934239251233 0.0018920252860833019 0.00021108350584907442 0.013950055043935618 -0.012071751567617498 -0.00052709034012171814 -0.0035560148028021652 -0.018473971057637435 0.010927960989862819 0.001634498742211227 0.0019219270406181904 -0.00084357873261820817 0.0028508539558073556 -0.0051725087117891989 0.0061439548639829478 0.0031274954721587935 0.0092490439393035639 0.00033668638281460981 -0.0034159548655724277 -0.0024747453734497681 -0.0032135864330940537
leaf_weight=983.32055842876434 27.272372961044312 582.94697204232216 16.28766718506813 75.756591558456421 162.11910593509674 1442.7842862308025 49.241784512996674 449.99415385723114 28.029938876628876 92.423041701316833 30.302636623382568 166.66450142860413 30.302636623382568 31.817768454551697 68.180932402610779 122.7256783246994 11.363488733768461 30.302636623382568 547.34137400984764 820.82266953587532 1024.6079008281231 99.998700857162476 30.302636623382568 75.377808600664139 301.51123440265656 65.150668740272522 698.09699121117592 171.58867987990379 69.696064233779907 65.150668740272522
leaf_count=1117 18 600 34 50 107 956 79 297 29 61 20 110 20 21 45 81 21 20 503 544 1439 66 20 115 199 46 1528 114 46 43
internal_value=-6.73448e-05 -0.000264415 -0.000545242 0.0014037 -0.000745408 -0.000511312 -0.000462652 -0.00231395 -0.000372619 0.000249604 -0.00127863 0.00226707 0.00792104 -0.00178312 -0.00501018 -0.00530925 -0.00712002 0.000782911 0.00212202 0.00116573 0.000133416 0.000757447 0.00373965 0.000343676 1.57621e-05 0.00537491 0.000337979 -0.000403708 0.00207565 0.00154428
internal_weight=8371.48 7382.48 5821.52 989.002 5238.57 4558.27 4541.99 680.294 4481.38 2656.78 1824.6 227.27 60.6053 1597.33 230.3 154.543 60.6053 1560.96 577.644 961.73 2628.75 1604.15 195.452 1408.69 1333.32 165.149 1240.89 869.686 371.207 885.973
internal_count=8349 7694 6054 655 5454 5005 4971 449 4871 3663 1208 150 40 1058 152 102 100 1640 523 637 3634 2195 132 2063 1948 112 1887 1642 245 587
is_linear=0
shrinkage=0.03


Tree=83
num_leaves=31
num_cat=0
split_feature=97 54 64 56 38 79 16 2 16 30 55 62 7 75 75 73 35 100 60 106 35 41 33 74 83 81 65 1 97 30
split_gain=3.04588 2.44962 1.99594 3.25447 2.6977 2.70238 2.45029 2.23447 2.58342 2.31957 2.25076 2.12509 1.89703 1.86478 1.9633 2.72103 1.83955 1.80898 1.74704 1.6169 1.77735 1.52941 2.27441 1.83924 1.73948 1.9559 1.73465 1.59347 1.6812 1.52427
threshold=118.33536869332234 -0.13499999999999998 2.5950000000000002 8.4880270270270284 0.15406528188353871 1.0000000180025095e-35 -0.94123492117109386 1.0000000180025095e-35 0.094542696961104747 0.31 0.21771052631578947 0.10408100726197936 9.6050000000000022 0.38500000000000006 0.42500000000000004 1.3126208143074585 7.1880000000000015 0.87589267998738529 2.7899999999999641 53.500000000000007 19.895000000000003 0.59000000000000064 15.285000000000002 0.37914000468723236 19.550000000000004 21.535000000000004 0.95000000000000007 1.0000000180025095e-35 97.402251665026299 -0.41499999999999998
decision_type=10 2 2 8 2 2 2 2 2 2 2 2 2 2 2 2 8 2 2 2 10 2 10 2 8 10 2 2 10 2
left_child=1 12 4 -4 5 11 17 29 9 13 -10 -3 21 -9 -15 -16 -6 -5 -18 20 -2 22 24 -24 26 -26 -1 28 -23 -8
right_child=19 2 3 6 16 -7 7 8 10 -11 -12 -13 -14 14 15 -17 18 -19 -20 -21 -22 27 23 -25 25 -27 -28 -29 -30 -31
leaf_value=0.00010682863013264143 0.0022314988533881481 0.0072345507913052368 -0.0084923432791913223 -0.0038989306761878836 -0.0078977051332113409 -0.0014442743351257145 0.0038303097970016848 0.0026541869977478585 -0.0023563152228275506 0.0019537934275668765 -0.023190942160970601 0.00045862666510198538 0.0044528757507346951 -0.01607401494631543 0.0091688744126053271 -0.004768245186841393 0.00099974664278297022 0.0095045398346906788 0.0057395949714041106 -0.0013191624708918277 0.0077302496027415778 -0.0017640164130174115 0.0081884751506548416 0.0020357531903929154 -0.00098768663958890895 0.004899767421103692 0.0027957458183378663 0.001769777776694924 0.0065488167166764472 -0.00092490995938985599
leaf_weight=462.11520850658417 175.37650945782661 45.07517197728157 54.544745922088623 12.499837607145308 19.696713805198669 1390.8910210132599 62.877970993518829 35.605598032474518 8.3332250714302081 78.029289305210114 10.605922818183897 549.23528879880905 105.68044522404671 12.87862056493759 13.257403522729872 257.19362834095955 918.92745560407639 32.954117327928543 75.756591558456421 68.180932402610779 75.756591558456421 598.85585626959801 59.090141415596008 168.17963325977325 736.73285290598869 54.544745922088623 405.29776483774185 176.51285833120346 22.726977467536926 1726.4927216172218
leaf_count=305 118 35 36 27 13 1344 61 94 22 110 28 520 81 16 14 337 1061 60 50 45 50 537 39 111 1135 36 269 256 15 1576
internal_value=-9.59536e-05 -0.000209322 -0.00058778 -0.00125157 -7.764e-05 -0.000720751 -0.00107609 -0.0012182 -0.00319896 -0.00268251 -0.0140237 0.000972543 0.000510341 -0.00381681 -0.00463001 -0.00408505 0.00118096 0.00581859 0.00136074 0.00277792 0.00389025 0.00035511 0.000820962 0.00363546 0.000435327 -0.00058185 0.00136322 -0.000745735 -0.00146007 -0.000757813
internal_weight=8413.91 8094.59 5304.86 2305.27 2999.58 1985.2 2250.73 2205.27 415.904 396.965 18.9391 594.31 2789.74 318.935 283.33 270.451 1014.38 45.454 994.684 319.314 251.133 2684.06 1885.96 227.27 1658.69 791.278 867.413 798.096 621.583 1789.37
internal_count=8401 8188 5404 2381 3023 1899 2345 2258 621 571 50 555 2784 461 367 351 1124 87 1111 213 168 2703 1895 150 1745 1171 574 808 552 1637
is_linear=0
shrinkage=0.03


Tree=84
num_leaves=31
num_cat=0
split_feature=96 39 54 92 67 71 33 80 72 30 72 41 72 66 67 67 86 105 12 58 87 94 79 87 19 86 20 46 70 12
split_gain=2.28803 2.13945 2.87893 2.47867 3.09023 2.8886 2.49433 2.33496 2.26825 2.05814 2.03519 2.19578 2.00478 1.94181 2.06088 1.90563 2.07424 2.23586 1.98532 1.82184 2.14911 1.80226 1.72663 1.72391 1.7213 1.56938 2.50213 1.98059 1.90754 2.16206
threshold=12.836500000000003 1.425 -0.49499999999999994 12.356612456747406 0.038833570412517809 23.190000000000001 11.595000000000001 12.57554827586207 3.2805000000000182 0.23999999999999991 1.5535000000000425 0.76500000000000001 -5.2680000000000282 0.024999999999999915 -0.032208392603129445 -0.071589615931721237 0.63871746054632006 30.500000000000004 324.51000000000005 1.4278054893399885 1.5650000000000002 2.2141240813793819 0.012947056645686744 1.0550000000000004 0.62217304093571613 0.48654756019309259 -0.944089006013486 1.4382967880113409 2.6858639842563101 55.180000000000007
decision_type=2 2 2 10 2 10 10 10 2 2 2 2 2 2 2 2 2 2 10 10 2 10 2 2 10 2 10 10 10 10
left_child=1 7 24 6 5 19 9 8 12 13 -6 22 -1 14 -4 -8 25 18 -18 23 -21 -2 -12 -5 -3 -17 -27 28 29 -28
right_child=21 2 3 4 10 -7 15 -9 -10 -11 11 -13 -14 -15 -16 16 17 -19 -20 20 -22 -23 -24 -25 -26 26 27 -29 -30 -31
leaf_value=-0.0056866373215762652 -0.00044758125614842458 0.0019379609015979654 -0.00011441394021702101 -0.00017344455163818706 -0.0082779245691137395 0.0035422835312133426 0.0053263125019133144 0.0080688602964763684 0.0062896338369765603 -0.0036848681714802601 -0.00023444744137163885 0.0030383752555098475 0.0008472315431652163 0.00022058552861077684 -0.0029539565919772899 1.9564428814790935e-05 -0.0011666594901515268 -0.00048868963357917821 -0.011407667048431032 -0.0019478266507705236 0.003914371108428313 0.0087411934531327357 -0.0097596227314704527 -0.0043673172900417102 -0.00035524861882731032 0.0048179239724708105 0.0066372505029255778 -0.0023138046462406782 0.0060191479093053999 0.00015813711413200228
leaf_weight=43.938823103904724 31.817768454551697 807.94404897093773 426.88839343190193 131.81646931171417 96.968437194824219 109.08949184417725 69.696064233779907 42.423691272735596 66.66580057144165 220.45168143510818 30.302636623382568 42.423691272735596 1108.6977174580097 1098.4705775976181 498.85715541243553 918.16988968849182 34.848032116889954 718.17248797416687 33.332900285720825 143.9375239610672 92.423041701316833 48.484218597412109 39.393427610397339 266.6632022857666 463.6303403377533 192.42174255847931 53.029614090919495 134.84673297405243 80.301987051963806 368.17703497409821
leaf_count=29 21 939 608 87 64 72 46 28 44 417 20 28 1328 1688 630 609 23 477 22 95 61 32 26 176 306 130 35 89 53 243
internal_value=6.06301e-05 1.20698e-05 -0.000190955 -0.000474348 -0.00187299 -0.000967332 -0.000199385 0.00115007 0.000909342 -0.000932197 -0.0050953 -0.00234277 0.000598159 -0.000632412 -0.00164456 0.000432549 0.000297912 -0.000981581 -0.00617337 -0.00174225 0.000344443 0.00510036 -0.00561824 -0.00297999 0.00110183 0.000873851 0.00182028 0.000913851 0.00178171 0.000973853
internal_weight=8414.28 8333.98 7072.26 5800.68 953.018 743.93 4847.66 1261.73 1219.3 2244.67 209.088 112.12 1152.64 2024.22 925.746 2603 2533.3 786.353 68.1809 634.84 236.361 80.302 69.6961 398.48 1271.57 1746.95 828.777 636.355 501.509 421.207
internal_count=8426 8373 6944 5699 629 491 5070 1429 1401 3343 138 74 1357 2926 1238 1727 1681 522 45 419 156 53 46 263 1245 1159 550 420 331 278
is_linear=0
shrinkage=0.03


Tree=85
num_leaves=31
num_cat=0
split_feature=98 38 67 14 94 18 60 39 33 56 91 2 58 106 9 80 103 15 39 17 90 30 2 96 74 62 63 55 30 53
split_gain=3.85363 3.10468 2.98263 2.69548 2.58113 2.52724 2.49456 2.47377 2.65371 2.42757 2.3141 2.208 2.20144 2.09565 1.96556 2.91946 1.80969 1.9894 2.05442 2.71686 1.96733 1.73579 1.65988 4.02343 2.31809 2.12596 1.64919 1.87574 1.6731 1.82693
threshold=107.66377461695232 0.97625220880080099 0.0054623044096727908 71.335000000000022 4.559928284006296 -0.5887731333852485 0.32299999999992229 1.4450000000000001 15.965000000000002 14.204864864864867 0.017625232153065256 1.0000000180025095e-35 0.80416649826971509 125.50000000000001 313.40000000000003 16.895034482758621 143.50000000000003 1001.0295000000002 0.95500000000000007 1.0000000180025095e-35 1.4950000000000003 0.33000000000000002 1.0000000180025095e-35 -3.6909999999999736 0.93392866694264454 0.57529943891306279 0.54500000000000015 0.11471052631578958 -0.35499999999999993 0.40499999999999997
decision_type=10 2 2 8 10 10 2 2 10 10 2 2 10 2 2 10 2 8 2 2 2 2 2 2 2 2 2 2 2 2
left_child=1 3 7 6 13 9 -1 -2 11 -6 16 -9 -11 22 -10 -16 20 -18 19 -19 -5 -21 24 -24 26 -25 27 -4 -28 -30
right_child=2 -3 4 10 5 -7 -8 8 14 12 -12 -13 -14 -15 15 -17 17 18 -20 21 -22 -23 23 25 -26 -27 28 -29 29 -31
leaf_value=-0.0026008849724954812 0.0048705857280358479 -0.014123604282225033 0.010208543919279136 -0.001858534277854759 -0.0074287373773067444 -0.005385066174860482 -0.00036371230030319825 0.0013079949526187979 0.00017664454391056754 -0.0060213419409916973 -0.00077083900322386502 -0.0021946456763083815 0.0040861661412736096 -0.0049732366311592315 0.007302130924598786 -0.0012008967723145124 0.012040624967790721 -0.0021059693943650537 0.0008483629686423796 0.0052286395217695167 -0.017486708160857654 0.019416817566023526 0.0056625518817712758 -0.0017756097585671911 0.0089801079257218249 -0.0095361346415598087 0.0048751711648617763 0.0020063850925859622 0.0031855499133910548 -5.2290818074497103e-05
leaf_weight=846.5799106657505 204.92158016562462 15.151318311691282 33.332900285720825 43.18125718832016 30.302636623382568 143.9375239610672 954.15427067875862 701.50603783130646 95.45330536365509 24.242109298706055 1362.861082136631 210.60332453250885 96.968437194824219 62.120405077934265 160.60397410392761 46.969086766242981 15.151318311691282 18.181581974029541 1164.0000292956829 15.151318311691286 8.7120080292224866 15.908884227275847 62.120405077934265 251.51188397407532 32.196551412343979 36.363163948059082 77.271723389625549 101.5138326883316 178.78555607795715 1277.6349166333675
leaf_count=561 136 28 22 78 20 98 632 463 63 16 2425 139 67 41 106 31 10 33 1921 22 23 36 41 166 22 24 51 67 118 844
internal_value=3.28708e-05 -0.000566552 0.000731041 -0.000520329 8.8039e-05 -0.00253837 -0.00141548 0.00182152 0.00130732 0.000165984 8.9519e-05 0.000499246 0.00206466 0.000455304 0.00373963 0.00537809 0.00100537 0.00123719 0.00110227 0.00710435 -0.00448224 0.0124958 0.000619744 -0.0012617 0.00100693 -0.00275589 0.000853076 0.00403389 0.00057341 0.000345176
internal_weight=8287.39 4459.03 3828.36 4443.88 2408.3 295.451 1800.73 1420.06 1215.14 151.513 2643.15 912.109 121.211 2112.85 303.026 207.573 1280.29 1228.39 1213.24 49.2418 51.8933 31.0602 2050.73 349.995 1700.74 287.875 1668.54 134.847 1533.69 1456.42
internal_count=8304 5769 2535 5741 1597 201 1193 938 802 103 4548 602 83 1396 200 137 2123 2022 2012 91 101 58 1355 231 1124 190 1102 89 1013 962
is_linear=0
shrinkage=0.03


Tree=86
num_leaves=31
num_cat=0
split_feature=3 11 32 37 35 7 98 50 75 80 14 88 3 59 81 96 41 13 72 91 93 82 68 9 21 7 98 75 15 90
split_gain=2.43867 2.99723 2.19715 2.35928 3.08785 2.46585 2.52947 2.52233 3.30573 2.14566 2.09103 2.90411 2.17069 1.97435 2.17691 2.28053 1.90943 1.89053 2.15187 1.88894 1.70673 1.62193 2.79413 1.61137 1.99785 1.61108 2.05369 2.34788 1.58812 2.00645
threshold=3.8050000000000002 2.3030000000000004 8.4096428571428579 1.7465000000000002 19.615000000000006 8.7050000000000018 75.159629477274393 0.8082807630346055 0.91500000000000015 11.810482758620692 59.655000000000008 4.0550000000000006 2.0950000000000002 18.535000000000004 15.670000000000002 12.36700000000002 1.2950000000000002 1.5985000000000003 4.6140000000000336 0.013730878476412234 11.500000000000002 4.7745223575759459 13.47085616438356 125.26500000000001 0.17785758910061158 6.0050000000000008 155.12008521600151 1.3050000000000004 1007.5960000000001 1.7450000000000003
decision_type=2 8 8 2 10 2 10 2 2 10 10 2 2 10 10 2 2 8 2 2 8 10 10 2 8 2 10 2 10 2
left_child=2 -2 10 4 13 16 7 8 -7 -10 12 -12 -1 14 15 19 21 -3 -19 -4 -21 25 -23 -22 -25 -5 -27 -28 -8 -30
right_child=1 17 3 5 -6 6 28 -9 9 -11 11 -13 -14 -15 -16 -17 -18 18 -20 20 23 22 -24 24 -26 26 27 -29 29 -31
leaf_value=-0.0026586927220406164 -0.0448739784200392 -0.00039292762917036885 0.0013099436270916905 -0.0017328695226984845 0.01062677815378108 0.0069345674457311603 0.010124448223449446 -0.012703689519369446 0.00017221017196835772 -0.0077272603415818519 -0.0010084890072074026 0.0081626634091916186 -0.010894945298121999 -0.0037704619760076576 0.003597220054017386 0.010143160761494612 0.0045400553100160921 -0.0037011288956435976 -0.014886439828713613 0.0063211581125714221 -0.004744863608941532 0.0025482033510830842 -0.0057986532505078922 0.0075735891341594747 -0.0011243450676022783 -0.00030247180377100907 0.0036921999838260503 -0.00067701167807885277 0.0045540222537928466 -0.0017360778239663372
leaf_weight=211.7396734058857 1.5151318311691273 157.57371044158936 982.94177547097206 600.37098810076714 30.302636623382568 53.787180006504059 31.817768454551697 14.014969438314436 144.31630691885948 39.393427610397339 458.70616188645363 33.332900285720825 33.332900285720825 75.756591558456421 280.67817172408104 22.726977467536926 71.9687619805336 104.16531339287758 18.181581974029541 26.893590003252029 103.02896451950073 51.893265217542648 118.5590657889843 25.757241129875183 307.57176172733307 3735.9363127052784 260.60267496109009 192.42174255847931 184.84608340263367 60.605273246765137
leaf_count=142 1 104 1119 586 20 73 21 37 213 26 305 22 22 50 186 15 97 152 12 20 131 38 82 17 461 4007 172 127 122 40
internal_value=-4.75419e-05 -0.00279315 4.72312e-05 0.000202492 0.00112874 -0.000106617 0.00184219 -0.000336372 0.000393438 -0.0015217 -0.00151487 -0.000387195 -0.00377892 0.000971068 0.00117637 0.000713803 -0.000311414 -0.00256538 -0.00536334 0.00056562 -0.00101371 -0.000381812 -0.0032575 -0.00146577 -0.000452232 -0.000279466 -7.11608e-05 0.00183638 0.00381837 0.00300091
internal_weight=8434.74 281.436 8153.3 7416.19 1855.66 5560.53 528.781 251.512 237.497 183.71 737.112 492.039 245.073 1825.36 1749.6 1468.92 5031.75 279.921 122.347 1446.19 463.252 4959.78 170.452 436.358 333.329 4789.33 4188.96 453.024 277.269 245.451
internal_count=8420 269 8151 7660 2019 5641 532 349 312 239 491 327 164 1999 1949 1763 5109 268 164 1748 629 5012 120 609 478 4892 4306 299 183 162
is_linear=0
shrinkage=0.03


Tree=87
num_leaves=31
num_cat=0
split_feature=98 67 95 66 67 98 79 57 13 44 84 90 66 105 76 88 44 82 86 41 83 79 72 18 78 94 74 68 55 98
split_gain=2.46888 3.22097 4.55032 3.51307 3.09775 3.36751 2.71622 2.47454 2.40724 2.39435 2.14044 2.00641 1.98496 2.21608 2.46421 2.62854 3.05771 2.81526 2.87567 2.61899 2.42602 1.84696 2.07392 1.83095 1.78707 1.78702 1.72278 1.66255 2.22257 1.62378
threshold=169.437137331466 0.024836415362731096 21.375000000000004 -0.050000000000000148 -0.02787339971550502 78.121229462053464 0.052535634950018548 18.165000000000003 7.7535000000000007 16.570789473684211 6.3499999999999668 3.1250000000000004 0.35499999999999982 94.500000000000014 4.0850000000000009 2.7350000000000008 5.8103157894736848 0.90269016363488497 0.50820350724426777 0.54000000000000004 18.615000000000006 0.097364402073306169 -1.0000000180025095e-35 -0.51189293249245826 1.8150000000000006 4.2482780799397917 0.26026899193440761 12.196712328767125 -0.14123684210526324 188.94162870100484
decision_type=10 2 10 2 2 10 2 10 10 10 2 2 2 2 2 2 8 8 2 2 10 2 2 10 2 10 2 10 2 10
left_child=1 3 7 4 5 -1 -4 11 29 -5 -7 12 -3 14 15 16 -14 -18 19 -19 -20 22 -17 -8 -25 -9 -10 -12 -29 -2
right_child=8 2 6 9 -6 10 23 25 26 -11 27 -13 13 -15 -16 21 17 18 20 -21 -22 -23 -24 24 -26 -27 -28 28 -30 -31
leaf_value=-0.0012195739439097046 0.0014111069139928914 -0.0023188393413914503 -0.0055820762895051872 0.0013889307874557137 -0.0016858569775486194 0.001923184495201784 -2.1827788430797628e-05 0.00051076443436673738 0.0044183731653789039 0.010367994156584523 0.0034138928988894069 -0.0080914870981820871 -0.011606752429677314 0.0021340802346058556 0.01069743929562098 -0.00015324087071611183 0.01386208022409711 -0.0016255906187278893 0.0047926671245263532 0.0015622454590702706 -0.0018227552809709931 0.0001412058570507504 -0.0047093150883407943 0.00068635893903937054 -0.0078883670395797668 0.0081726430489624403 -0.0024944704578760859 0.0032529551533448824 -0.0043565480912485556 0.0052146216872707395
leaf_weight=737.49041882157326 234.8454338312149 457.56981301307678 263.63293862342834 1339.3765387535095 946.95739448070526 1033.3199088573456 228.78490650653839 60.605273246765137 41.287342399358749 27.272372961044312 54.544745922088623 31.817768454551697 19.696713805198669 326.51090961694717 17.424016058444977 128.40742269158363 13.636186480522154 683.32445585727692 185.98243227601051 351.13180187344551 68.180932402610779 201.1337505877018 299.99610257148743 33.332900285720825 63.635536909103394 49.999350428581238 151.51318311691284 45.453954935073853 143.9375239610672 177.27042424678802
leaf_count=1167 155 458 174 1340 907 682 151 40 28 18 36 60 13 403 37 87 9 724 251 441 45 294 432 22 42 33 100 30 95 117
internal_value=-9.36686e-05 -0.000236624 -0.000915473 0.000309925 -0.000270653 0.000394511 -0.00331822 -0.000426373 0.00175275 0.00156811 0.00132649 -0.000601157 -0.000514587 -0.000154928 -0.000534521 -0.000634806 0.000124992 0.000302436 0.000158948 -0.000543524 0.00301804 -0.00223029 -0.0033437 -0.00148608 -0.0049408 0.00397435 -0.00101412 -0.00120114 -0.00253027 0.00304718
internal_weight=8418.07 7813.16 3484.8 4328.35 2961.7 2014.75 589.386 2895.42 604.916 1366.65 1277.26 2784.81 2752.99 2295.42 1968.91 1951.49 1321.95 1302.26 1288.62 1034.46 254.163 629.537 428.404 325.753 96.9684 110.605 192.801 243.936 189.391 412.116
internal_count=8391 7991 3716 4275 2917 2010 389 3327 400 1358 843 3254 3194 2736 2333 2296 1483 1470 1461 1165 296 813 519 215 64 73 128 161 125 272
is_linear=0
shrinkage=0.03


Tree=88
num_leaves=31
num_cat=0
split_feature=97 15 12 83 67 81 57 106 44 87 97 20 89 56 80 71 1 94 8 31 106 74 42 7 88 84 91 86 78 78
split_gain=2.14423 2.6699 2.58765 2.38688 2.10889 3.13559 3.92918 2.80951 2.70842 2.3294 3.12649 2.48377 2.39258 3.7076 2.28181 2.68108 2.2096 2.29636 2.17442 2.14896 2.21142 2.12519 2.19507 2.2963 1.99682 1.89989 2.07949 2.16098 1.87836 1.84914
threshold=18.156418286121305 1017.4230000000001 189.05000000000004 11.155000000000003 -0.02546941678520635 17.385000000000002 12.595000000000001 125.50000000000001 15.466052631578949 1.3650000000000004 41.918117250617712 -0.84329764365126436 2.4250000000000007 12.489081081081084 9.6596896551724161 20.415000000000003 1.0000000180025095e-35 1.9069438014337816 5.3650000000000011 -0.050999999999998706 86.500000000000014 0.72507175680104108 0.71000000000000041 7.6350000000000007 2.1650000000000005 -4.2539999999999614 0.01892725555030705 0.74709550613260622 1.2850000000000004 -0.66999999999999971
decision_type=8 10 10 8 2 8 10 2 10 2 8 10 2 10 10 8 2 10 2 2 2 2 2 2 2 2 2 2 2 2
left_child=1 -1 -3 -2 5 6 -5 9 24 11 -11 12 13 21 15 -13 25 -18 19 20 -19 22 -6 -24 -7 26 -16 -28 -27 -12
right_child=3 2 -4 4 7 8 -8 -9 -10 10 29 14 -14 -15 16 -17 17 18 -20 -21 -22 -23 23 -25 -26 28 27 -29 -30 -31
leaf_value=-4.7459332420221606e-05 0.0068727131309253061 -0.012987844016729705 -0.0027122348984211409 0.00032677407536448651 -2.5677852736516875e-05 0.015271067957760375 0.0042770817671950673 -0.0030035289517784816 0.0039480806142802175 -0.0033231638112197711 -0.0025401445626426454 3.9447946658591425e-05 -0.00071552460518097005 0.0049085820436858361 0.0043691297107714064 0.0080267580470338561 -0.0061157572107280282 0.0068193624897485263 -0.0044065463951508807 2.0125895750365654e-05 -0.001359656094797994 0.010286885876633052 0.0058870801285435381 -0.0093114927469267004 -0.00057740632687212662 -0.0018570869283928461 -0.0030364100515493098 0.0040013855336335936 -0.0046568233654326711 0.0037451180174018651
leaf_weight=126.51350790262222 46.969086766242981 36.363163948059082 56.059877753257751 469.69086766242981 950.74522405862808 7.1968761980533591 437.87309920787811 307.19297876954079 137.87699663639069 84.847382545471191 47.726652681827545 948.47252631187439 842.03451517224312 217.80020073056221 77.271723389625549 39.393427610397339 45.453954935073853 109.08949184417725 59.090141415596008 242.42109298706055 40.908559441566467 20.075496762990952 97.726003110408783 9.8483569025993329 1228.0143491625786 859.83731418848038 165.149369597435 51.514482259750366 287.8750479221344 359.08624398708344
leaf_count=94 31 24 37 310 1580 16 289 316 91 56 48 632 1296 149 51 29 30 72 39 160 27 32 198 20 1580 569 109 34 190 306
internal_value=5.09589e-05 -0.00287906 -0.0067551 0.000129273 9.03828e-05 0.000864442 0.00223268 -0.00021069 -3.99172e-05 -5.62836e-05 0.0019152 -0.000247667 0.000529556 0.00133839 -0.000815544 0.00035796 -0.00141353 0.000311511 0.000958551 0.00176642 0.00458872 0.000617324 0.0004339 0.00449566 -0.000485066 -0.00200819 0.000143835 -0.00136309 -0.00255933 0.00300774
internal_weight=8410.12 218.937 92.423 8191.18 8144.21 2280.65 907.564 5863.56 1373.09 5556.37 491.66 5064.71 2138.23 1296.2 2926.48 987.866 1938.61 496.963 451.509 392.419 149.998 1078.4 1058.32 107.574 1235.21 1441.65 293.936 216.664 1147.71 406.813
internal_count=8415 155 61 8260 8229 2286 599 5943 1687 5627 410 5217 3275 1979 1942 661 1281 328 298 259 99 1830 1798 218 1596 953 194 143 759 354
is_linear=0
shrinkage=0.03


Tree=89
num_leaves=31
num_cat=0
split_feature=23 39 35 84 11 93 93 56 2 8 94 10 55 96 13 106 18 72 87 67 106 35 68 47 98 84 44 88 86 65
split_gain=2.88594 2.67297 3.39771 1.91389 2.05002 2.31228 1.9729 1.82271 2.43304 2.3402 2.79368 2.30349 2.06548 1.96094 1.92845 1.92225 1.87282 1.80493 1.76305 1.60305 1.57347 1.56071 2.18878 2.00451 2.21795 2.13521 2.1506 1.76496 1.56298 1.52298
threshold=1.5780481744500816 1.675 19.515000000000004 -11.259500000000001 6.9355000000000011 12.010000000000002 11.810000000000002 12.318648648648653 1.0000000180025095e-35 4.3450000000000006 1.5989211243975132 15.435 -0.15397368421052618 -6.9990000000000228 28.020000000000007 18.500000000000004 -0.65960817634122682 3.3129999999999318 0.68500000000000016 -0.074267425320056993 74.500000000000014 22.555000000000003 16.866643835616447 14.765000000000002 101.85900442825316 5.8740000000000245 15.221842105263161 3.6250000000000004 0.91283002421131376 1.6050000000000004
decision_type=2 2 10 2 8 8 10 8 2 2 8 8 2 2 10 2 8 2 2 2 2 10 10 8 8 2 10 2 2 2
left_child=18 2 17 -3 -5 6 -6 12 9 10 -9 15 -7 -11 21 -10 20 -2 -1 -17 -13 22 23 -15 -25 27 -27 -26 -24 -12
right_child=1 3 -4 4 5 7 -8 8 11 13 29 16 -14 14 -16 19 -18 -19 -20 -21 -22 -23 28 24 25 26 -28 -29 -30 -31
leaf_value=-0.011263698805660364 0.00040715429533888373 0.0069869618602678126 0.0073131054724039435 -0.0059492225091755174 0.0019257756152293304 0.0032184042760004953 0.011812201203621885 0.0080141276156458323 0.0032464374832388817 -0.0066757068608212138 0.00054976732501082733 0.0067765483841813095 -0.0015112526231407797 0.012137446753760096 -0.008889381054311668 0.0014133707988099981 -0.0011082642616740432 0.0032129348829175036 -0.0025066646867139704 -0.0058683255154536587 -0.0013843125373792257 0.0038947063071205737 -0.0097094531218835673 -0.0027773838726335097 -0.0013688645783628355 0.0012242767986801887 0.0095669558922740552 0.0016155799247191799 -0.0014249174258162244 0.0033204566741195474
leaf_weight=29.166287750005722 2806.0241513252258 31.817768454551697 69.696064233779907 59.090141415596008 90.529126912355423 87.877646207809448 22.726977467536926 54.544745922088623 30.302636623382568 43.938823103904724 953.39670476317406 54.544745922088623 1528.7680176496506 12.121054649353026 22.726977467536926 31.817768454551697 515.90238851308823 222.72437918186188 71.211196064949036 187.87634706497192 34.848032116889954 83.332250714302063 36.363163948059082 224.99707692861557 400.37358638644218 75.756591558456421 43.938823103904724 321.58673116564751 46.969086766242981 219.69411551952362
leaf_count=23 3013 21 46 39 80 58 15 36 20 29 1080 36 1009 8 15 21 1143 147 47 124 23 55 24 150 418 50 29 393 31 223
internal_value=5.23245e-06 6.62778e-05 0.000764183 -0.000348309 -0.000393331 -0.000329272 0.00390967 -0.000425065 -3.0268e-05 0.000435787 0.00137725 -0.00141419 -0.00125416 -0.000445068 -0.000229191 -0.00383674 -0.000413636 0.000613482 -0.00505116 -0.00481374 0.0035952 -7.11587e-05 -0.000355543 6.31742e-06 -0.000131536 0.000575769 0.00428678 -3.94871e-05 -0.00503999 0.00106866
internal_weight=8414.66 8314.29 3098.44 5215.84 5184.02 5124.93 113.256 5011.68 3395.03 2539.74 1227.64 855.292 1616.65 1312.1 1268.17 249.997 605.295 3028.75 100.377 219.694 89.3928 1245.44 1162.11 1078.77 1066.65 841.656 119.695 721.96 83.3323 1173.09
internal_count=8406 8336 3206 5130 5109 5070 95 4975 3908 2541 1339 1367 1067 1202 1173 165 1202 3160 70 145 59 1158 1103 1048 1040 890 79 811 55 1303
is_linear=0
shrinkage=0.03


Tree=90
num_leaves=31
num_cat=0
split_feature=97 54 92 43 90 77 23 80 98 57 7 38 51 62 90 80 18 102 38 16 32 88 51 17 63 30 86 96 105 96
split_gain=2.68264 1.83275 2.88044 2.66478 2.70575 3.14406 1.93201 1.76773 2.38803 1.97038 2.69462 2.35682 2.08674 1.72313 1.68846 2.43686 1.80541 1.76023 1.65185 2.64317 2.58194 3.87025 2.48357 2.08018 1.91519 1.6839 1.60744 1.59391 1.71325 1.91806
threshold=110.27313187179264 -0.039999999999999918 12.236612456747407 0.15327272727272764 2.9150000000000005 3.4650000000000003 1.6183159792555943 12.43493103448276 73.361114121313804 13.315000000000003 7.6650000000000009 0.11323524997582853 1.7050000000000003 0.34661793640286431 1.5950000000000006 12.964903448275864 -0.6279630576493378 34.000000000000007 0.22892138388216951 0.28225773875606786 15.062142857142859 2.6950000000000007 0.74500000000000011 0.8591385681888436 0.57500000000000007 0.26999999999999996 0.35228011397195486 10.343999999999939 131.50000000000003 1.1770000000000211
decision_type=10 2 10 2 2 2 2 8 8 10 2 2 2 2 2 8 8 2 2 2 8 2 2 2 2 2 2 2 2 2
left_child=1 7 3 14 5 18 -6 9 -9 12 11 -11 -1 -10 17 -16 -17 -3 25 20 -20 23 -21 -22 -23 -5 -25 28 29 -4
right_child=-2 2 27 4 6 -7 -8 8 13 10 -12 -13 -14 -15 15 16 -18 -19 19 22 21 24 -24 26 -26 -27 -28 -29 -30 -31
leaf_value=0.0012894338499203815 0.0022122653900513308 0.0071057522892382903 0.0012378059643716845 0.0016902620664747958 -0.0029718227318514963 0.012593366812409112 -0.018506281041042599 -0.0055878661041701859 -0.0007448431111746279 0.0043917907281523297 0.0072985769007586389 -0.00018815112518611374 -0.0020530947061533681 0.0011272700246066066 -0.0038060428195684512 0.0037939641987803953 -0.0014888724558210645 -0.00035860163890252139 -0.0011873284363018508 -0.013104565299663109 0.0042571500012173677 -0.0067503922726565024 -0.0017366885855320912 0.020536324413609901 0.0019510522643514782 0.0065393945110401126 0.0082701774114590058 0.002445566994050765 -0.0048910846154792235 -0.0033763783279218734
leaf_weight=633.70388838648796 485.59975188970566 28.78750479221344 136.36186480522156 271.96616369485855 41.666125357151031 22.348194509744644 8.7120080292224866 69.696064233779907 1014.3807609677315 172.72502875328064 95.45330536365509 243.93622481822968 228.78490650653839 784.83828854560852 327.26847553253174 80.301987051963806 211.7396734058857 2310.5760425329208 218.55776664614677 20.833062678575516 50.37813338637352 26.514807045459747 101.89261564612389 16.666450142860413 160.98275706171989 84.468599587678909 22.726977467536926 56.059877753257751 224.23951101303101 199.99740171432495
leaf_count=419 322 19 90 289 50 32 20 46 1418 114 66 161 151 902 216 53 433 2419 145 37 112 58 98 38 212 100 54 37 148 132
internal_value=4.82708e-05 -8.53117e-05 -0.000468864 -0.000175077 0.0011251 0.00146774 -0.00565823 0.000461372 -0.000139269 0.00127801 0.00275202 0.00171044 0.00040279 7.17923e-05 -0.00063549 -0.00202837 -3.62637e-05 -0.000266748 0.00121273 0.000275365 0.00125102 0.00317306 -0.00366642 0.0082954 0.000720545 0.00283942 0.0134597 -0.00237758 -0.00285989 -0.00150576
internal_weight=8352.16 7866.56 4623.05 4006.39 1047.71 997.336 50.3781 3243.52 1868.92 1374.6 512.115 416.661 862.489 1799.22 2958.67 619.31 292.042 2339.36 974.987 618.553 495.827 277.269 122.726 89.7716 187.498 356.435 39.3934 616.659 560.599 336.359
internal_count=8391 8069 4792 4385 1245 1175 70 3277 2366 911 341 275 570 2320 3140 702 486 2438 1143 754 619 474 135 204 270 389 92 407 370 222
is_linear=0
shrinkage=0.03


Tree=91
num_leaves=31
num_cat=0
split_feature=30 35 16 68 16 75 8 52 31 35 54 95 48 13 85 14 3 56 15 70 83 44 20 60 75 69 77 38 12 23
split_gain=2.29296 2.10973 2.66173 2.16027 2.33328 2.22618 1.99831 2.85995 2.04802 1.82007 2.69256 2.10259 1.79673 2.21528 1.64514 1.597 1.59262 1.83501 1.80628 1.70782 1.69388 1.69378 2.06253 1.6736 1.6496 1.8153 1.62499 1.53292 1.52955 1.77299
threshold=1.2000000000000004 18.825000000000003 -0.88417342385248776 15.79178082191781 -0.19380630957397299 0.45500000000000007 4.745000000000001 3.6250000000000004 -0.24299999999999833 21.210000000000004 0.36000000000000026 24.565000000000001 -0.45099999999996493 7.7150000000000007 2.2586551724137935 73.585000000000022 1.8450000000000004 9.4792837837837869 1002.7055000000001 0.67286530051656401 18.505000000000003 9.7121052631578966 -0.50249188015764201 1.8750000000000571 1.0750000000000004 15.145000000000001 1.6250000000000007 0.46485075663565323 286.27500000000003 1.6298106966299386
decision_type=2 10 2 10 2 2 2 2 2 10 2 10 2 10 2 10 2 8 10 8 10 10 10 2 2 10 2 2 10 2
left_child=1 6 -3 4 5 -4 7 16 -8 10 -5 -11 14 -14 -7 -13 19 18 -18 -1 23 -21 -23 -19 26 -26 -22 -9 29 -10
right_child=-2 2 3 9 -6 12 8 27 28 11 -12 15 13 -15 -16 -17 17 20 -20 21 24 22 -24 -25 25 -27 -28 -29 -30 -31
leaf_value=-0.0043744450285767705 -0.0098047528362105868 0.0085939715371376995 -0.0036305717524007736 -0.00096664317208437615 -0.0017451782157621458 -0.0042739692850207005 0.0021563851822011004 0.0028491266952149104 -0.0012305972103558891 0.0046897376444951476 -0.0093391804049037051 -0.0039590257142257494 0.0053865995079124063 -0.0012959730788543451 0.0041021691552802142 0.0036894298650143073 0.0039709807882760953 -0.00012903846093554759 -0.0035885028084249064 -0.00023288806741567973 -0.0062383025184196252 0.0030768547506938851 0.0005271190282995728 0.0024160458159952322 -0.0033055864434846684 0.00024173972563374177 -0.0017375084544259034 0.011616855280684051 -0.0054735913404490794 -0.0089704402835205192
leaf_weight=65.529451698064804 21.59062859416008 42.423691272735596 42.423691272735596 162.11910593509674 118.18028283119202 45.453954935073853 110.60462367534637 129.54377156496048 535.97788527607918 89.392778038978577 43.938823103904724 75.756591558456421 319.6928163766861 51.893265217542648 39.393427610397339 36.363163948059082 31.817768454551697 1673.0843245685101 268.55711707472801 1346.5734149515629 90.907909870147705 400.37358638644218 995.44161307811737 270.07224890589714 159.08884227275848 706.05143332481384 350.75301891565323 20.833062678575516 110.60462367534637 28.029938876628876
leaf_count=44 36 28 28 107 78 30 142 126 719 59 29 50 211 35 26 24 21 2446 178 1839 60 265 657 179 105 466 236 28 73 38
internal_value=-4.07753e-05 -1.55614e-05 0.00123038 0.000925494 0.00204504 0.00294295 -0.000197833 -2.53588e-05 -0.00162746 -0.000769433 -0.00275196 0.00125782 0.00355393 0.00445336 -0.000385048 -0.00147845 -0.00012207 -0.000544316 -0.00278775 0.000411818 -0.000336969 0.000526186 0.00125848 0.000224694 -0.00117214 -0.000410571 -0.00266392 0.0040638 -0.00224784 -0.00161525
internal_weight=8382.47 8360.88 1067.03 1024.61 617.037 498.857 7293.84 6508.63 785.217 407.57 206.058 201.513 456.433 371.586 84.8474 112.12 6358.25 3550.33 300.375 2807.92 3249.96 2742.39 1395.82 1943.16 1306.8 865.14 441.661 150.377 674.612 564.008
internal_count=8363 8327 705 677 408 330 7622 6650 972 269 136 133 302 246 56 74 6496 3691 199 2805 3492 2761 922 2625 867 571 296 154 830 757
is_linear=0
shrinkage=0.03


Tree=92
num_leaves=31
num_cat=0
split_feature=23 3 63 35 59 7 58 13 98 60 32 40 16 97 3 83 48 75 62 67 12 49 57 81 56 15 71 71 105 31
split_gain=2.55312 1.96613 3.30708 3.15965 2.69521 2.57303 2.12993 2.23345 2.11765 2.09151 2.24351 2.16694 3.56999 2.60087 2.85138 2.68342 2.08701 2.03289 1.95938 1.95387 3.44324 3.41335 2.61358 3.62932 2.2444 2.02462 2.06478 2.16165 1.77551 1.74956
threshold=1.5780481744500816 3.8050000000000002 0.65500000000000014 18.825000000000003 18.635000000000002 8.7050000000000018 1.1682169236809146 8.3250000000000011 213.05218108230051 1.9375000000000002 14.06714285714286 3.9850000000000008 -0.12966094179518275 18.156418286121305 2.2750000000000004 11.155000000000003 -0.93450000000001399 0.88500000000000012 0.67298498014862418 -0.023741109530583161 104.85000000000001 2.2176315789473695 12.705000000000002 14.580000000000002 11.368243243243244 1020.7605000000001 13.380000000000001 12.745000000000003 3.5000000000000004 -0.13499999999999945
decision_type=2 2 2 10 10 2 10 10 10 2 10 2 2 8 2 8 2 2 2 2 10 2 10 10 10 10 8 10 2 2
left_child=-1 3 -3 4 9 16 -5 8 -8 11 -11 13 29 14 -2 -15 -6 18 -4 22 25 -22 -17 -24 -23 26 27 -21 -28 -13
right_child=1 2 17 6 5 -7 7 -9 -10 10 -12 12 -14 15 -16 19 -18 -19 -20 20 21 24 23 -25 -26 -27 28 -29 -30 -31
leaf_value=-0.0049154518036522475 -0.0015212380272074783 -0.0268882384143691 -0.0044236985703164566 -0.00025703967948530432 0.0020058464509358147 0.0042054413255760495 0.0032659017519261835 -0.00089182541195035844 0.010974363023068033 0.0010934648661339117 0.0072678333655210956 0.0068699054981717399 0.022922633877398367 0.0080626068805585826 -0.010987812818337961 -0.00030718324697890032 -0.0026809982479533956 -0.0040396670813137373 0.0046021307317921836 0.0013753715406473765 -0.00074731739176974897 -0.0072657649292781901 0.0066135723795447939 0.0010934696672464425 -0.0023495949587250156 -0.0036006865298776518 0.0066972205172067239 0.0073359676379692743 7.5289740087149243e-05 -0.0082808537483580191
leaf_weight=96.589654237031937 102.27139860391617 4.9241784512996665 33.332900285720825 291.28409454226494 96.968437194824219 62.120405077934265 403.02506709098816 110.60462367534637 34.848032116889954 715.89979022741318 57.196226626634598 20.833062678575516 9.4695739448070508 36.363163948059082 39.772210568189621 1001.5021404027939 723.47544938325882 170.07354804873466 61.741622120141983 179.54312199354172 1541.6466382145882 121.96811240911484 128.78620564937592 639.38563275337219 265.52685341238976 103.02896451950073 37.499512821435928 78.786855220794678 1291.649886071682 10.227139860391619
leaf_count=69 69 10 40 193 64 41 266 73 23 474 40 46 19 24 27 1456 482 158 49 123 1022 82 85 422 176 68 87 52 2696 21
internal_value=-6.59081e-05 -9.96952e-06 -0.00252804 7.39506e-05 -0.000127464 -0.00168134 0.00181619 0.00291723 0.00387938 8.74419e-05 0.00155027 -0.000114208 0.00679745 -0.00016452 -0.00417188 -5.96085e-05 -0.00212706 -0.00207564 0.0014377 -0.000114411 -0.000513818 -0.00137998 0.000702525 0.00201893 -0.00389701 0.00047461 0.000739101 0.00319327 0.000262115 0.00188124
internal_weight=8470.34 8373.75 270.072 8103.68 7263.92 882.564 839.762 548.478 437.873 6381.36 773.096 5608.26 40.5298 5567.73 142.044 5425.69 820.444 265.148 95.0745 5389.32 3619.65 1929.14 1769.67 768.172 387.495 1690.51 1587.48 258.33 1329.15 31.0602
internal_count=8457 8388 257 8131 7576 587 555 362 289 6989 514 6475 86 6389 96 6293 546 247 89 6269 4306 1280 1963 507 258 3026 2958 175 2783 67
is_linear=0
shrinkage=0.03


Tree=93
num_leaves=31
num_cat=0
split_feature=23 97 7 47 19 62 100 95 80 67 70 94 92 35 84 3 46 94 82 13 80 15 56 92 87 24 55 85 67 23
split_gain=2.94921 2.01201 2.81093 3.39055 2.2208 2.12875 1.95786 2.17032 2.30898 1.87453 2.31105 2.07924 1.79282 2.08809 2.01045 1.95073 1.86188 1.82394 1.7314 1.66954 2.28804 2.17309 1.66741 1.66363 1.61137 1.56083 1.55643 1.54361 1.76509 1.47583
threshold=1.5780481744500816 55.572070724722678 11.365 4.4590000000000005 0.51376585771735417 0.090041633474527996 0.63781634496971373 13.280000000000003 9.118344827586208 -0.011184210526315746 1.3991393050033347 5.2587297825891044 12.356612456747406 19.205000000000002 1.5360000000000016 2.5250000000000004 1.4680779704529765 4.4139280396454614 0.90269016363488497 1.7065000000000003 14.502413793103448 1019.8485000000002 15.906418918918918 8.3106944144079211 0.68500000000000016 141.113415 0.17573684210526322 1.4867586206896555 0.080241820768136546 1.6142184552406034
decision_type=2 8 2 8 10 2 2 10 10 2 10 10 10 10 2 2 10 10 8 10 10 10 10 10 2 2 2 2 2 2
left_child=24 2 3 -2 -4 -3 23 8 -8 10 18 12 13 17 -14 -15 -16 25 -7 20 -17 -21 29 -5 -1 -11 -23 28 -19 -12
right_child=1 5 4 6 -6 9 7 -9 -10 11 22 -13 14 15 16 19 -18 27 -20 21 -22 26 -24 -25 -26 -27 -28 -29 -30 -31
leaf_value=-0.011559959330668109 -0.019149952714812381 0.0077867940230630494 0.0097345213365318678 0.0072598240802301253 -0.00024523142398610534 0.0084613910281532111 0.00014300343514959209 -0.0018069029401855798 0.0089896740893967916 0.00014943671914544388 -0.0013232070772376775 -0.0073893210842272275 -0.004484127341178523 0.005104526366363547 -0.0013360685153376223 0.006278141773191994 0.005786408732967499 -0.0012711394946595669 9.4335950505858941e-05 -0.0035771931517977582 -0.0023347263738827798 -0.00024288969002867557 0.0080853332135226025 0.00010587889079079637 -0.0028606164163882501 -0.0095052527745564126 0.0081959358060870041 0.0024806049659507083 -0.007640281323619099 0.0027862594987788014
leaf_weight=26.893590003252029 9.0907909870147687 34.090466201305389 40.908559441566467 30.302636623382568 39.393427610397339 22.726977467536926 182.95216861367226 1467.7839614450932 31.060202538967133 2817.7664230167866 93.938173532485962 34.848032116889954 163.63423776626587 134.84673297405243 204.54279720783234 86.36251437664032 39.393427610397339 84.847382545471191 1079.531429708004 115.15001916885376 40.908559441566467 56.059877753257751 45.453954935073853 846.5799106657505 66.66580057144165 15.151318311691282 30.302636623382568 38.635861694812775 72.726327896118164 483.32705414295197
leaf_count=23 6 27 27 20 26 15 147 971 22 3689 62 23 108 89 135 57 26 56 1647 76 27 37 30 561 44 40 20 36 48 319
internal_value=-6.45012e-05 -5.09814e-06 -0.000688296 -0.000861145 0.00483879 0.000312618 -0.000796166 -0.00139539 0.00142695 0.000267602 0.0010922 -9.386e-05 -2.86776e-05 0.000191036 -0.00191156 0.00206596 -0.000185855 -9.59357e-05 0.000266853 0.000819731 0.00350972 -0.00087921 0.00255313 0.000353099 -0.00536124 9.78005e-05 0.0027181 -0.00289314 -0.00421074 0.00211753
internal_weight=8435.88 8342.32 2648.07 2567.77 80.302 5694.24 2558.68 1681.8 214.012 5660.15 1724.98 3935.18 3900.33 3492.76 407.57 463.63 243.936 3029.13 1102.26 328.784 127.271 201.513 622.719 876.883 93.5594 2832.92 86.3625 196.21 157.574 577.265
internal_count=8414 8347 1780 1727 53 6567 1721 1140 169 6540 2073 4467 4444 4175 269 306 161 3869 1662 217 84 133 411 581 67 3729 57 140 104 381
is_linear=0
shrinkage=0.03


Tree=94
num_leaves=31
num_cat=0
split_feature=98 54 95 32 51 84 80 73 33 19 38 106 93 100 81 69 86 46 75 38 99 80 43 42 54 19 82 66 100 100
split_gain=2.00488 2.08252 2.28052 3.3485 2.20856 2.15406 2.2076 2.14224 2.53295 1.85515 1.71919 1.66121 1.61322 2.02115 1.91167 1.82009 1.70876 1.69074 1.56579 1.51873 1.46508 1.85664 1.42935 1.88256 1.67026 1.46218 1.83625 1.5197 1.78873 1.51878
threshold=122.74503977492061 0.23000000000000012 24.565000000000001 14.48357142857143 2.7550000000000003 5.7939999999999836 12.555724137931035 1.9519863013698633 18.325000000000003 0.88051871880469712 0.97625220880080099 113.50000000000001 18.815000000000001 0.80098255566830845 19.955000000000002 18.265000000000004 0.93927035313499585 1.4382967880113409 1.385 0.21685248438796464 1.0735804439019823 10.466413793103451 0.14363636363636381 0.54000000000000026 -0.1799999999999998 -0.3632512304729783 0.71742497240192049 -0.27999999999999986 0.61606429355346326 0.9171838140718841
decision_type=10 2 10 10 2 2 10 2 10 10 2 2 10 2 10 10 2 10 2 2 2 10 2 2 2 8 10 2 2 2
left_child=10 2 3 20 5 7 -7 8 -3 -10 12 -4 15 14 -14 22 -16 -18 -9 -5 -2 -22 23 24 -1 26 -26 -27 -29 -28
right_child=1 4 11 19 -6 6 -8 18 9 -11 -12 -13 13 -15 16 -17 17 -19 -20 -21 21 -23 -24 -25 25 27 29 28 -30 -31
leaf_value=0.00046418727344525962 0.0020679636844235997 -0.00028703570419577297 0.00022439775900386772 0.0035312862035480276 -0.0052809706503939378 0.00076844823041812829 0.010938171556428986 -0.0083219308015385907 0.0070467550634893935 -0.00092665305182211772 -0.0093168413505084115 -0.0052346133154242483 -0.0018014634177548217 -0.0039165796870676336 0.0027827861179220929 0.0036964861548577604 0.0011628187477312538 -0.0071884724712608658 -0.0017395839168873682 0.0085895626327928791 0.0029612776244741321 -0.0017701168455998384 0.00098380018190065855 -0.0091295266227204297 0.010152480120471638 -0.0023181385068309153 -0.0017656154384282827 0.0028800128893903365 -0.00045753131117294359 -0.0060052508673159857
leaf_weight=1297.7104133963585 513.62969076633453 885.21577236056328 218.17898368835449 228.78490650653839 74.241459727287292 48.484218597412109 31.817768454551697 42.423691272735596 78.786855220794678 39.393427610397339 19.317930847406387 65.150668740272522 522.7204817533493 227.26977467536926 199.99740171432495 110.60462367534637 54.544745922088623 36.363163948059082 139.39212846755981 69.696064233779907 104.54409635066986 260.98145791888237 757.94469854235649 22.348194509744644 10.227139860391615 339.76831313967705 342.7985768020153 162.11910593509674 1331.4220966398716 97.726003110408783
leaf_count=1692 339 588 144 151 49 32 21 28 52 26 36 43 345 150 132 73 36 24 92 46 69 173 1080 35 18 474 227 215 1847 66
internal_value=-5.18316e-05 0.000602186 0.00138557 0.00196695 -0.000252071 4.29498e-05 0.00479796 -0.000279218 0.000263704 0.00438895 -0.000382892 -0.00103088 -0.00035159 -0.00141532 -0.000716646 -0.000104035 0.00123263 -0.0021777 -0.00327546 0.00471241 0.00103484 -0.000416889 -0.000200401 -0.000449438 -0.000395279 -0.000883593 -0.00241439 -0.000507221 -9.52516e-05 -0.00270614
internal_weight=8333.6 2800.72 1460.97 1177.64 1339.76 1265.51 80.302 1185.21 1003.4 118.18 5532.88 283.33 5513.56 1040.9 813.626 4472.67 290.905 90.9079 181.816 298.481 879.155 365.526 4362.06 3604.12 3581.77 2284.06 450.752 1833.31 1493.54 440.525
internal_count=8303 1853 965 778 888 839 53 786 666 78 6450 187 6414 687 537 5727 192 60 120 197 581 242 5654 4574 4539 2847 311 2536 2062 293
is_linear=0
shrinkage=0.03


Tree=95
num_leaves=31
num_cat=0
split_feature=23 37 57 79 30 53 96 97 2 98 99 74 86 30 15 23 99 77 87 93 98 19 65 13 57 94 103 63 90 67
split_gain=1.95318 1.96508 2.96 2.07723 1.86388 1.7712 1.65843 1.97323 2.33233 2.62913 2.05767 2.08622 1.92679 1.66679 1.83756 1.63205 1.6166 1.60883 1.5303 1.52458 1.63955 1.87299 1.50969 1.78298 1.73019 1.62151 1.49299 2.12042 1.83573 2.1259
threshold=1.5780481744500816 1.7790000000000004 18.630000000000006 0.0063518141429099806 -0.54499999999999993 2.9850000000000003 -3.4550000000000405 30.295045968976993 1.0000000180025095e-35 183.30906093444665 1.6465178258705355 0.52139803748181246 1.2995664182784703 0.17999999999999985 1007.5960000000001 1.6483230154613406 1.7611331510154287 0.94500000000000028 0.68500000000000016 21.235000000000003 155.91022570952057 0.88905709175216996 2.0250000000000008 4.9595000000000011 16.800000000000001 2.3660103551923002 143.50000000000003 0.81500000000000006 2.2850000000000006 0.10645448079658605
decision_type=2 2 10 2 2 2 2 8 2 8 2 2 2 2 8 2 2 2 2 10 10 10 2 8 10 10 2 2 2 2
left_child=18 2 3 15 -3 6 19 -8 13 10 11 -10 26 -9 -15 16 -2 -5 -1 20 -6 -22 23 25 -25 -19 -11 28 29 -28
right_child=1 4 -4 17 5 -7 7 8 9 12 -12 -13 -14 14 -16 -17 -18 22 -20 -21 21 -23 -24 24 -26 -27 27 -29 -30 -31
leaf_value=-0.010596817480465058 0.00090875704094577178 0.0034640963189595765 0.011947605245562751 -0.0024823688162544772 0.0007331841068093796 -0.0091129977366717664 -0.0028423010937145316 0.00033301265035201426 -0.0047924153403322003 -0.012608368510454925 -0.010446243279273765 -0.00026505901617117719 -0.014558603377048198 0.0046117307804728093 -0.0016078583018844734 0.0042234015358958987 0.0080787428891518354 0.0013152416979170961 -0.0019927978950223593 -0.0029841233992575905 0.0063762313173610736 -0.0018050119888097392 -0.0073711720746647081 0.00040063820490427967 -0.0053421791043196665 0.0090253407740137955 0.018685866654322376 -0.00063763381200013616 -0.0092272002412529027 0.0040844828407863194
leaf_weight=24.999675214290619 954.5330536365509 120.83176353573799 21.211845636367798 220.83046439290047 601.88611993193626 20.454279720783234 298.10218778252602 2957.916117399931 210.60332453250885 8.3332250714302045 34.848032116889954 162.11910593509674 8.3332250714302045 45.453954935073853 719.30883684754372 180.67947086691856 29.166287750005722 65.150668740272522 72.726327896118164 78.786855220794678 103.02896451950073 33.332900285720825 22.348194509744644 848.09504249691963 49.999350428581238 39.393427610397339 10.605922818183897 421.96421498060226 7.5756591558456412 58.332575500011444
leaf_count=21 948 136 14 196 410 33 202 2712 139 22 23 107 22 30 693 141 38 43 48 52 68 22 38 1006 33 26 25 1024 20 139
internal_value=2.27065e-05 7.21549e-05 0.000789898 0.000691701 -0.000223538 -0.000300616 -0.000269325 -0.000476264 -0.000324432 -0.00167463 -0.00347498 -0.0028232 -0.00025024 1.02341e-05 -0.00123819 0.0016027 0.00112134 -0.000159745 -0.00419383 0.000982766 0.00140612 0.00437637 0.000340657 0.000512549 8.092e-05 0.0042205 -1.49758e-05 0.000195552 0.00479045 0.00633085
internal_weight=8430.95 8333.23 2431.41 2410.2 5901.82 5780.99 5760.53 4943.5 4645.39 922.715 407.57 372.722 515.145 3722.68 764.763 1164.38 983.699 1245.82 97.726 817.035 738.248 136.362 1024.99 1002.64 898.094 104.544 506.812 498.478 76.5142 68.9385
internal_count=8431 8362 2483 2469 5879 5743 5710 5158 4956 1521 269 246 1252 3435 723 1127 986 1342 69 552 500 90 1146 1108 1039 69 1230 1208 184 164
is_linear=0
shrinkage=0.03


Tree=96
num_leaves=31
num_cat=0
split_feature=98 14 94 89 82 85 62 79 3 16 43 14 48 58 19 30 26 36 60 82 58 20 96 82 14 30 61 19 91 89
split_gain=2.27304 2.27649 2.06087 2.32482 1.93778 1.82653 1.71687 1.64999 1.82299 1.50936 1.65703 1.46764 1.69511 1.43405 1.53506 1.86346 1.73444 1.47639 2.07739 1.95082 1.49845 1.3679 1.34427 1.33841 2.24811 1.97489 1.96806 1.78353 1.46217 2.66786
threshold=133.49507134317872 94.65000000000002 4.9430757615288394 3.9650000000000003 1.7173924842386421 2.1290000000000004 0.4057157319356352 0.14956682710107366 4.2200000000000015 -0.3092659686183889 0.033909090909091076 43.550000000000004 0.86950000000007333 1.8547548805528014 -0.77328689161192832 0.16499999999999995 0.12027745701779151 0.70749999999998192 2.9319999999999031 2.3761853123149916 1.753799996129829 -0.94868298308194865 10.343999999999939 1.4850251762224691 94.850000000000009 0.40999999999999986 3.3479729729729728 0.34538009533479314 -0.020911903637222468 1.9150000000000003
decision_type=10 10 10 2 10 2 2 2 2 2 2 10 2 10 10 2 2 2 2 10 10 10 2 10 10 2 2 10 2 2
left_child=2 4 3 7 -2 9 -7 8 22 -5 -11 12 -6 17 -15 -16 -17 18 20 -20 21 -13 23 24 26 28 -1 -27 29 -25
right_child=1 -3 -4 5 11 6 -8 -9 -10 10 -12 13 -14 14 15 16 -18 -19 19 -21 -22 -23 -24 25 -26 27 -28 -29 -30 -31
leaf_value=5.5282095115266307e-05 -0.00046285238010910427 -0.0038868999033719186 -0.0036845965988854153 -0.017554875670285824 0.002004855647431279 -0.0059320379190766154 0.0030465194245571322 0.0072112686291408859 -0.0070020311312313588 0.0016742767662684267 -0.016007825015517493 0.0058750780368759534 -0.0070632713734919469 0.004677249783469185 -0.0021879031194044695 0.007910854080304822 0.00035828865379201923 -0.0002547781758700517 0.013376227088987084 0.0043163362301637071 0.0074355132205317729 0.0016157044804984049 0.0022180855589764375 0.0093890575444480519 0.0071500885210483067 -0.0012423525602250737 0.0037672970923096714 -0.0080832701301516863 -0.00061697696289996634 0.00056838652189264167
leaf_weight=2470.0436677634716 512.11455893516541 84.847382545471191 150.376834243536 14.393752396106718 37.87829577922821 42.044908314943314 35.226815074682236 28.029938876628876 34.090466201305389 12.878620564937593 7.5756591558456412 76.135374516248703 36.363163948059082 64.393102824687958 207.57306087017059 36.363163948059082 110.60462367534637 148.48291945457458 30.302636623382568 72.726327896118164 50.37813338637352 624.23431444168091 227.26977467536926 34.848032116889954 43.18125718832016 84.847382545471191 135.60429888963699 57.57500958442688 2655.2685341238976 269.69346594810486
leaf_count=4187 338 56 100 35 25 42 42 38 30 34 20 51 24 44 137 24 73 98 20 48 34 412 150 23 30 56 223 38 1760 178
internal_value=6.96873e-05 0.000926439 -0.00021473 -0.000129921 0.00112987 -0.00441029 -0.00183887 -5.04715e-05 -8.43257e-05 -0.0101121 -0.00487465 0.0016753 -0.00243668 0.00189011 0.000416116 -0.000357808 0.00222696 0.00250622 0.00298639 0.00698101 0.00243819 0.00207873 -4.48786e-05 -0.000134306 0.000360975 -0.0005572 0.000248464 -0.00400783 -0.00039116 0.00157772
internal_weight=8395.35 2092.4 6302.95 6152.57 2007.55 112.12 77.2717 6040.45 6012.42 34.848 20.4543 1495.44 74.2415 1421.19 418.934 354.541 146.968 1002.26 853.777 103.029 750.748 700.37 5978.33 5751.06 2648.83 3102.23 2605.65 142.422 2959.81 304.541
internal_count=8370 1384 6986 6886 1328 173 84 6713 6675 89 54 990 49 941 278 234 97 663 565 68 497 463 6645 6495 4440 2055 4410 94 1961 201
is_linear=0
shrinkage=0.03


Tree=97
num_leaves=31
num_cat=0
split_feature=98 16 21 7 18 70 67 82 13 93 15 96 39 35 40 16 90 100 13 47 12 11 59 96 74 75 23 66 70 13
split_gain=2.49989 3.26598 2.75571 2.98715 2.43726 2.35479 2.2202 2.57537 2.15292 1.95928 1.93661 1.93378 1.76325 2.18874 1.7703 1.74 2.16015 2.03134 1.85071 2.4276 1.76521 1.72494 1.66284 1.64839 1.54997 2.42257 1.9294 1.84939 1.54406 1.52752
threshold=105.82490560144679 0.34046154101284459 0.52261609476129534 10.285000000000002 0.30187059433932051 1.1175634123543399 0.019096728307254559 2.81675283403233 9.4950000000000028 19.900000000000002 1026.6155000000001 13.450500000000035 1.675 19.515000000000004 3.1450000000000005 -0.94123492117109386 1.7250000000000003 0.75945458252107834 2.8050000000000002 18.530000000000005 307.86000000000007 14.425000000000002 18.715000000000003 5.4904999999999982 0.4153599357634597 0.92500000000000016 1.6192166635880005 0.76500000000000035 0.69164865265339348 4.1975000000000007
decision_type=8 2 8 2 10 8 2 10 10 10 10 2 2 10 2 2 2 2 10 8 8 8 10 2 2 2 2 2 8 10
left_child=1 4 6 11 -1 24 8 9 10 -8 -2 12 13 14 22 16 -14 18 19 -17 -21 -19 28 -6 27 26 -26 -3 -4 -9
right_child=2 5 3 -5 23 -7 7 29 -10 -11 -12 -13 15 -15 -16 17 -18 21 -20 20 -22 -23 -24 -25 25 -27 -28 -29 -30 -31
leaf_value=-0.0011947546232173312 0.0053806768658154983 0.0023967597951306155 -0.0038832447058328181 -0.0087401250490145733 -0.010018619889544353 -0.00060673614389133719 -7.4711260980969024e-05 0.0061392580956647017 -0.00020109792408136486 -0.005667266147202546 0.00042555696932989836 0.0085758341605626717 -0.0017732570140882066 0.0065714123877173942 0.01330335021100024 -0.004527886873242324 0.008663510377348662 -0.0037325575872078783 0.0019699971171903479 0.0073235471653395985 -0.00014926812138454609 -0.00084485638975149242 -0.0038415642977514129 -0.0012308278397675215 0.014346289187550239 0.00085349384699205211 0.004325404761707596 -0.0031887058529901789 0.00094235058989218209 0.0012427523142809367
leaf_weight=1798.0827006399632 306.05662989616394 240.52717819809914 62.120405077934265 34.469249159097672 48.484218597412109 551.50798654556274 295.07192412018776 81.817118883132935 131.05890339612961 69.696064233779907 92.423041701316833 24.242109298706055 31.438985496759415 57.57500958442688 9.8483569025993329 115.15001916885376 41.287342399358749 219.69411551952362 427.26717638969421 30.302636623382568 465.14547216892242 1220.0599070489407 74.241459727287292 31.817768454551697 31.817768454551697 65.150668740272522 37.87829577922821 68.559715360403061 1517.0257459580898 191.66417664289474
leaf_count=1192 202 164 41 79 32 364 206 54 97 46 61 16 74 38 26 76 67 145 282 20 1033 1640 49 21 21 43 25 46 2100 134
internal_value=3.01394e-05 -0.000686894 0.000404959 5.61453e-05 -0.00142312 0.000702362 0.00169827 0.000506787 0.00313437 -0.00114328 0.00423139 0.000126733 7.87775e-05 0.000820836 0.000621772 -0.000421916 0.00415178 -0.000556169 0.00045557 -0.000604153 0.000307785 -0.00128549 0.000546235 -0.00653666 0.00232868 0.00501244 0.00890016 0.00115783 0.000752521 0.00270763
internal_weight=8371.48 2873.83 5497.66 4329.87 1878.38 995.442 1167.79 638.249 529.539 364.768 398.48 4295.4 4271.16 1720.81 1663.24 2550.35 72.7263 2477.62 1037.87 610.598 495.448 1439.75 1653.39 80.302 443.934 134.847 69.6961 309.087 1579.15 273.481
internal_count=8394 1908 6486 5686 1245 663 800 440 360 252 263 5607 5591 2254 2216 3337 141 3196 1411 1129 1053 1785 2190 53 299 89 46 210 2141 188
is_linear=0
shrinkage=0.03


Tree=98
num_leaves=31
num_cat=0
split_feature=23 96 94 98 13 77 21 90 67 21 67 95 64 41 23 53 81 53 83 95 57 78 63 62 87 72 63 96 93 13
split_gain=2.36192 1.80689 1.71687 1.58603 2.62115 2.24373 3.18984 2.57396 1.92382 1.88659 1.90589 1.85647 1.79806 1.73195 3.97872 2.93191 1.8302 1.84273 2.21055 1.68632 2.34024 2.30326 1.75161 2.14486 2.33847 2.68075 1.63181 1.59192 2.051 1.52276
threshold=1.5780481744500816 12.836500000000003 2.304778447361695 107.66377461695232 7.1265000000000009 3.9200000000000004 -0.76062965362114654 2.555000000000001 -0.056546941678520549 0.52261609476129534 -0.039203413940256053 20.585000000000004 3.3650000000000007 2.3000000000000003 1.6399121475844385 2.7300000000000004 8.8150000000000031 0.96000000000000041 11.155000000000003 24.415000000000003 18.265000000000004 2.1250000000000004 0.56500000000000006 0.35910465896403804 1.385 0.75650000000001694 1.5650000000000002 -8.0254999999999637 18.450000000000003 4.2575000000000012
decision_type=2 2 10 10 8 2 8 2 2 10 2 10 2 2 2 2 8 2 8 10 10 2 2 2 2 2 2 2 10 10
left_child=-1 3 -3 4 8 6 -6 -7 12 11 -11 27 -2 15 -15 16 -8 18 -18 20 21 22 -12 24 -24 -26 -21 -5 -29 -22
right_child=1 2 -4 9 5 7 13 -9 -10 10 19 -13 -14 14 -16 -17 17 -19 -20 26 29 -23 23 -25 25 -27 -28 28 -30 -31
leaf_value=-0.0045765201079282641 0.002201966252431257 -0.00027728011104303618 0.0083707033351286594 -0.0019986627561151154 0.010282232735458396 0.00080120285634505996 -0.0093218525339054028 -0.022259777899128301 -0.0026799052750531476 0.001819611391498527 0.0032868209989457002 2.0130473822376874e-06 -0.0022002481554192362 0.016533751787853383 -0.0089526634974799093 -0.014364891579357374 0.0084088397024902409 0.0014136635143961042 -0.00042393353949497472 0.0023883315024467219 0.0053363027304734667 -0.0066107111095352177 -0.00025279840651439879 -0.0024513517685534826 0.00049239131200761854 0.0115442315566963 -0.0040591326747987386 0.0025038673664908168 0.0093503374732233774 0.00075393864150929447
leaf_weight=100.75626677274704 175.7552924156189 37.87829577922821 45.453954935073853 63.635536909103394 27.272372961044312 8.7120080292224902 18.939147889614105 8.7120080292224866 662.11261022090912 445.44875836372375 116.66515100002289 446.96389019489288 159.08884227275848 16.287667185068134 8.3332250714302045 12.87862056493759 25.757241129875183 685.59715360403061 2557.9213139712811 43.938823103904724 106.05922818183899 53.029614090919495 1159.0758508443832 392.41914427280426 48.484218597412109 33.332900285720825 180.30068790912628 548.85650584101677 42.423691272735596 169.69476509094238
leaf_count=71 116 25 30 42 24 23 14 20 437 294 77 295 105 31 22 34 17 1213 3687 29 70 35 765 259 32 22 119 372 28 112
internal_value=-1.09219e-05 4.44944e-05 0.0044398 -7.65456e-08 -0.000391404 8.3138e-06 6.41125e-05 -0.0107293 -0.00174273 0.0004438 2.33307e-05 0.00149259 0.000110416 -1.96808e-05 0.00790758 -7.88055e-05 -2.28526e-05 3.10171e-05 -0.000335878 -0.000324108 -5.74844e-05 -0.000451135 -0.000264481 -0.000518146 9.32098e-05 0.00499499 -0.00279578 0.00250987 0.00299509 0.00251639
internal_weight=8401.78 8301.03 83.3323 8217.7 4367.37 3370.41 3352.99 17.424 996.957 3850.33 2748.45 1101.88 334.844 3325.71 24.6209 3301.09 3288.21 3269.28 2583.68 2303 2078.76 1803.01 1749.98 1633.31 1240.89 81.8171 224.24 654.916 591.28 275.754
internal_count=8420 8349 55 8294 5743 5085 5042 43 658 2551 1814 737 221 5018 53 4965 4931 4917 3704 1520 1372 1190 1155 1078 819 54 148 442 400 182
is_linear=0
shrinkage=0.03


Tree=99
num_leaves=31
num_cat=0
split_feature=97 96 3 97 67 72 15 16 41 103 42 32 7 51 39 7 75 87 66 78 94 54 70 96 66 72 56 26 73 80
split_gain=2.1682 2.06514 1.85441 2.64375 1.69968 1.67105 1.68446 1.52691 1.40295 3.85189 1.91608 1.56759 1.97531 4.07357 2.43375 1.87992 1.85209 2.69174 1.81707 1.74238 1.65157 2.26671 1.48058 1.47769 2.59078 2.12528 1.975 1.70963 1.43312 1.42641
threshold=103.68145112382818 12.836500000000003 3.8050000000000002 14.166992191083216 0.00085704125177809936 2.5695000000000054 1019.6525 -0.22979495079922821 1.8350000000000002 143.50000000000003 1.9650000000000001 8.2652857142857172 8.1450000000000014 0.82500000000000007 2.4850000000000008 7.3250000000000011 0.92500000000000016 0.69500000000000006 1.4050000000000005 1.8550000000000006 4.5945451783381079 0.68500000000000005 2.360922732538834 4.05899999999997 0.21000000000000033 2.5060000000000291 12.370405405405409 1.0000000180025095e-35 2.8305479452054798 12.723017241379312
decision_type=10 2 2 8 2 2 10 2 2 2 2 8 2 2 2 2 2 2 2 2 10 2 10 2 2 2 10 2 2 8
left_child=1 2 8 -4 -2 6 -6 -7 11 -10 -11 -1 14 -14 18 29 17 -15 -13 23 21 -20 -17 25 26 27 -25 -18 -26 -16
right_child=4 -3 3 -5 5 7 -8 -9 9 10 -12 12 13 16 15 22 19 -19 20 -21 -22 -23 -24 24 28 -27 -28 -29 -30 -31
leaf_value=-0.001544769085089644 0.0042288334644618878 0.0047243350347765797 -0.037982703332306043 -0.0024113074670048138 0.0010809696161794607 0.0057905567557561023 -0.0032571701512883158 -0.00085223835991466855 -0.0053724031709718959 0.018724912340033088 0.0031096858985506562 -0.00014062422020346706 -0.017331340936452097 0.0022937139371749034 -0.007271834354529395 -0.0013318508412823121 -0.014504842977260072 0.011241698918929205 0.0073478290622750932 -0.0045397437527129204 -0.005321736529830169 0.0012634725047550657 0.0033743999669411428 -0.0025121316691810694 -0.0019708553440073288 0.0070134835503510911 0.0032186309902657272 0.0015408014184971131 -0.010451364971928851 -0.002481704143702568
leaf_weight=659.46112951636314 168.17963325977325 77.271723389625549 1.8939147889614094 264.39050453901291 253.02701580524445 92.423041701316833 118.18028283119202 46.969086766242981 19.317930847406387 16.287667185068134 12.499837607145308 4533.2744388580322 10.605922818183897 163.63423776626587 73.483893811702728 376.88904300332069 6.0605273246765128 37.120729863643646 75.377808600664139 52.650831133127213 23.863326340913773 204.92158016562462 71.589979022741318 87.877646207809448 43.938823103904724 68.180932402610779 140.90726029872894 429.91865709424019 30.302636623382568 234.46665087342262
leaf_count=439 111 51 2 248 170 61 78 31 42 34 21 4843 28 213 50 401 4 32 97 43 18 277 48 58 29 45 93 568 20 262
internal_value=-1.24461e-05 -0.000155442 -0.000204804 -0.0026643 0.0016131 0.000751535 -0.000300152 0.00355222 -0.000115972 0.00499054 0.0119446 -0.00014951 -1.14588e-05 0.00116875 -0.000237462 -0.0018199 0.00135375 0.00394825 9.98329e-06 0.000747983 0.00225465 0.00289967 -0.0005806 0.00109289 -0.000562765 0.00208802 0.00101741 0.00131775 -0.00543229 -0.00362474
internal_weight=8394.97 7716.19 7638.92 266.284 678.779 510.599 371.207 139.392 7372.63 48.1054 28.7875 7324.53 6665.06 1071.2 5593.87 756.43 1060.59 200.755 4837.44 859.837 304.163 280.299 448.479 807.186 303.026 504.16 228.785 435.979 74.2415 307.951
internal_count=8417 7966 7915 250 451 340 248 92 7665 97 55 7568 7129 1133 5996 761 1105 245 5235 860 392 374 449 817 200 617 151 572 49 312
is_linear=0
shrinkage=0.03


Tree=100
num_leaves=31
num_cat=0
split_feature=30 42 39 27 39 17 14 94 16 23 54 35 54 105 38 95 44 79 51 74 77 67 59 93 99 103 69 60 103 82
split_gain=1.63088 1.9495 1.80798 2.30286 2.00067 2.13746 2.0853 1.9111 1.98152 1.93319 1.79851 2.65076 1.75701 1.701 1.69861 1.69335 2.3758 2.57813 1.90401 1.803 1.73914 1.70668 1.67928 1.68802 1.65573 1.64182 1.556 1.46485 1.69829 1.72613
threshold=-0.59000000000000041 -0.46499999999999991 4.0050000000000008 0.96500000000000008 1.4350000000000003 -0.53604772113315668 83.050000000000011 2.7244886081358044 0.17648349576033365 1.6398023993578994 -0.1799999999999998 22.555000000000003 -0.7699999999999998 62.500000000000007 0.15406528188353871 21.710000000000004 14.330000000000004 0.050829785264716758 1.4850000000000001 0.31873835420376961 1.1050000000000006 -0.079591038406827935 19.695000000000004 17.150000000000002 1.6465178258705355 96.500000000000014 15.880000000000001 2.3195000000000054 143.50000000000003 4.3074786500154323
decision_type=2 2 2 2 2 2 10 8 2 2 2 10 2 2 2 10 10 2 2 2 2 2 10 10 2 2 10 2 2 10
left_child=1 -1 3 -2 5 12 7 26 27 -10 14 15 -5 -8 -6 16 25 19 -19 -18 -17 -22 23 24 -20 -12 -7 28 -9 -30
right_child=2 -3 -4 4 10 6 13 8 9 -11 11 -13 -14 -15 -16 20 17 18 22 -21 21 -23 -24 -25 -26 -27 -28 -29 29 -31
leaf_value=-0.00060083793182435271 -0.010154554619425216 0.0086474516167585249 -0.0077430709058446973 0.063170898910112766 0.0012893503260012604 0.00025002566809366017 0.0031613002130939892 -0.0061094073127616992 0.0004547407761860387 -0.01229808357319743 0.0040263046170801384 0.0037318702856142883 -0.0014897944288411833 0.010846553698393928 -0.00029292502748128426 0.002715578336222821 0.000600036299610845 -0.0050499679430219963 0.0065979069540530264 0.0057079497745006853 0.0013570408236537393 -0.0031140938456411648 0.0027008776067027718 -0.0055290049947038598 -0.0026542371728043267 -0.00084269956343596263 -0.0066362315525696049 0.0081327342872139097 0.0036374037884420261 -0.0039755297383153639
leaf_weight=39.393427610397339 20.075496762990952 42.802474230527878 27.272372961044312 0.37878295779228111 1182.939177185297 410.97950920462608 98.104786068201065 19.317930847406387 41.666125357151031 14.393752396106718 63.635536909103394 127.27107381820679 251.13310101628304 35.226815074682236 1262.104815363884 63.635536909103394 106.05922818183899 63.635536909103394 30.302636623382568 150.376834243536 89.392778038978577 546.96259105205536 163.63423776626587 60.605273246765137 40.908559441566467 3035.1878407895565 31.817768454551697 47.726652681827545 331.05630511045456 29.166287750005722
leaf_count=47 35 53 21 1 1170 272 67 36 92 32 42 84 330 24 1235 42 70 42 20 103 59 361 108 43 27 3399 21 33 514 20
internal_value=9.96393e-06 0.00421509 -3.14556e-05 -6.17042e-06 1.83829e-05 0.00109379 0.001684 0.001179 0.0024834 -0.00281963 -0.000183405 -0.000536573 -0.00139241 0.00519178 0.000472597 -0.000659638 -0.000404563 0.00129784 -0.000342913 0.00359537 -0.00201313 -0.00248601 0.000670914 -0.00184904 0.00128285 -0.000742713 -0.000244795 0.00317918 0.00255628 0.003021
internal_weight=8427.16 82.1959 8344.97 8317.69 8297.62 1310.97 1059.46 926.124 483.327 56.0599 6986.65 4541.61 251.512 133.332 2445.04 4414.34 3714.35 615.522 359.086 256.436 699.991 636.355 295.451 131.816 71.2112 3098.82 442.797 427.267 379.541 360.223
internal_count=8403 100 8303 8282 8247 1442 1111 1020 727 124 6805 4400 331 91 2405 4316 3854 413 240 173 462 420 198 90 47 3441 293 603 570 534
is_linear=0
shrinkage=0.03


Tree=101
num_leaves=31
num_cat=0
split_feature=30 98 20 86 27 60 96 30 54 70 43 49 80 84 46 84 17 80 35 40 13 94 69 83 66 62 12 31 81 39
split_gain=3.66571 2.13719 3.30455 2.07912 1.73319 2.30816 1.90336 1.65685 1.57669 3.72904 1.86963 1.57325 1.57257 1.74728 1.55166 2.33412 2.02732 1.91849 1.54594 1.84485 1.68081 1.5388 1.82734 1.53415 1.49831 1.54083 1.43099 1.70297 1.42536 1.44365
threshold=1.2000000000000004 117.86423618263017 -0.011606178900499057 0.60903384289132945 2.2350000000000008 2.6519999999999873 -4.7199999999999127 -0.59000000000000041 0.23000000000000012 1.218359363637803 -0.22772727272727233 2.5884210526315798 12.256068965517242 9.3384999999999554 1.5916309120594627 5.7939999999999836 0.9191009543388734 10.074958620689657 18.125000000000004 2.0050000000000003 -0.11849999999999998 2.5723510490156878 18.365000000000006 22.550000000000001 1.5150000000000003 0.15888925211450985 295.61000000000007 -0.10499999999999961 19.125000000000004 2.8050000000000002
decision_type=2 10 10 2 2 2 2 2 2 10 2 2 10 2 10 2 2 10 10 2 10 10 10 10 2 2 10 2 10 2
left_child=1 7 8 -2 5 -4 -6 -1 10 11 -3 -10 13 23 15 26 17 -16 19 -12 -21 -20 -23 -9 25 -14 -11 -28 -8 -30
right_child=3 2 4 -5 6 -7 28 12 9 14 18 -13 24 -15 16 -17 -18 -19 21 20 -22 22 -24 -25 -26 -27 27 -29 29 -31
leaf_value=0.0057048542573216766 -0.0048778349934765789 -0.0016465870222957648 -0.0011979327549527766 -0.0236397335826719 0.0020814393949824886 0.0042632993329672578 -0.0085562232305159518 -0.0002808536430809616 -0.0020720531507479986 0.0024083751067209402 0.0033157371463807821 -0.0086759299698886995 -0.0062895137396894972 0.0043557925542703725 0.005542121353642359 0.0074658927821429147 -0.0054386535665287379 -0.0017320634028288485 0.0072419282500492295 -0.0049848283019506444 0.0008960728740843324 0.0063719541483941546 0.0012326034115208242 0.0092837770834298793 -0.0076689326972854549 -0.00098181976538594721 0.0047521313969016007 -0.0013974859229529161 0.0018623024605111541 -0.006045222890376109
leaf_weight=39.772210568189621 13.636186480522158 125.75594198703766 424.23691272735596 8.7120080292224866 40.908559441566467 83.332250714302063 65.150668740272522 3915.8582176566124 113.63488733768463 371.96486455202103 295.45070707798004 45.453954935073853 51.514482259750366 75.756591558456421 49.999350428581238 57.57500958442688 69.696064233779907 93.938173532485962 87.877646207809448 48.484218597412109 446.96389019489288 87.877646207809448 213.63358819484711 15.151318311691282 33.332900285720825 1107.5613685846329 48.484218597412109 246.96648848056793 36.363163948059082 48.484218597412109
leaf_count=69 21 83 280 20 27 55 43 5373 75 250 195 30 34 50 33 38 46 62 58 32 295 58 141 10 22 731 32 163 24 32
internal_value=-5.79682e-05 -2.54585e-05 0.000598584 -0.0121918 -0.00121781 -0.000301313 -0.00365453 -0.000394984 0.00112639 0.000288309 0.00183078 -0.00395888 -0.000441646 -0.00015702 0.00100817 0.0016703 -0.00123884 0.000794759 0.00220128 0.00143946 0.000320572 0.00374865 0.0027305 -0.000243989 -0.00139806 -0.00121772 0.00117034 -0.000388318 -0.00521888 -0.00265628
internal_weight=8363.53 8341.18 3102.23 22.3482 698.476 507.569 190.907 5238.95 2403.76 1097.71 1306.04 159.089 5199.17 4006.77 938.624 724.991 213.634 143.938 1180.29 790.899 495.448 389.389 301.511 3931.01 1192.41 1159.08 667.416 295.451 149.998 84.8474
internal_count=8382 8341 2052 41 461 335 126 6289 1591 729 862 105 6220 5433 624 483 141 95 779 522 327 257 199 5383 787 765 445 195 99 56
is_linear=0
shrinkage=0.03


Tree=102
num_leaves=31
num_cat=0
split_feature=23 94 32 47 33 53 77 90 30 90 60 36 72 68 82 65 30 68 16 13 65 23 91 95 28 28 56 95 62 36
split_gain=2.04924 1.63638 1.95959 1.92868 2.17636 1.91335 1.67281 2.35252 1.966 1.62187 2.24624 1.48559 1.48402 1.75153 1.45658 1.49643 1.45589 1.43107 1.34589 1.73532 1.74803 1.72176 1.62768 1.80055 1.46971 1.28848 2.36905 1.80925 2.17361 2.11407
threshold=1.5780481744500816 5.2587297825891044 14.209285714285716 16.650000000000002 13.105000000000002 0.64000000000000001 3.895 2.515000000000001 -0.7599999999999999 1.8150000000000006 -0.41349999999999903 -0.75950000000000262 3.2805000000000182 12.917739726027399 0.90269016363488497 1.0350000000000004 -0.35499999999999993 4.6593082191780821 -0.52153093712437715 4.2575000000000012 1.0950000000000006 1.6094516920290085 0.01142991261218705 21.710000000000004 3.0850000000000004 1.8950000000000002 9.4792837837837869 17.720000000000002 0.12875209254598538 0.22200000000009371
decision_type=2 10 10 10 10 2 2 2 2 2 2 2 2 10 8 2 2 8 2 10 2 2 2 10 2 2 8 10 2 2
left_child=-1 2 3 4 6 -4 8 -8 -2 16 -11 -7 -6 -14 15 -10 -5 -16 19 20 -13 -21 23 24 -20 -19 -27 29 -29 -28
right_child=1 -3 5 9 12 11 7 -9 14 10 -12 18 13 -15 17 -17 -18 25 22 21 -22 -23 -24 -25 -26 26 27 28 -30 -31
leaf_value=-0.0045254747341198559 0.011069723112685352 -0.0043089278749728387 0.0032590147494112771 0.0035680587452702871 0.0010017778263118344 -0.0040790021636066404 0.0014897989279001544 -0.019656678325868124 -5.1246083734972546e-05 0.0028438736412159408 -0.0054510531660671609 -0.00097049300612872958 0.0076957594535799166 -3.5714527064344559e-05 0.0085155377058147401 0.0071805454520629261 -0.0011351338350204406 0.000301368935994972 0.0024096032564902589 -0.006891671299600049 0.0050441128506422978 0.0011592851125271778 -0.00083202794137499461 -0.0022124830350864337 0.0095701004223620583 -0.0029211065294860055 -0.00014099433757511364 -0.0093899018488381482 -0.0012015229586676607 0.0034465445518063551
leaf_weight=91.286692827939987 14.014969438314436 78.786855220794678 276.13277623057365 63.635536909103394 583.32575500011444 60.605273246765137 9.4695739448070544 9.4695739448070508 54.923528879880905 36.363163948059082 153.02831494808197 56.059877753257751 69.696064233779907 42.423691272735596 16.666450142860413 48.484218597412109 856.80705052614212 1942.3990075588226 136.36186480522156 29.166287750005722 193.93687438964844 132.57403522729874 575.7500958442688 62.120405077934265 31.817768454551697 375.75269412994385 1409.830168902874 30.302636623382568 784.83828854560852 165.149369597435
leaf_count=64 25 52 183 42 385 40 25 22 40 24 101 37 46 28 11 32 570 2101 90 20 128 92 380 41 21 248 2894 20 518 109
internal_value=-5.51588e-05 -5.99184e-06 3.52453e-05 -0.000188413 3.96302e-05 0.000994406 -0.000184929 -0.00908344 -0.000150126 -0.00133019 -0.00385843 0.00050525 0.00160935 0.00477034 -0.000182693 0.00333948 -0.000809975 -0.000259778 0.000733393 0.00212884 0.00369538 -0.000292527 2.05902e-05 0.00215214 0.00376429 -0.000290841 -0.000706734 -0.000358611 -0.00150592 0.000235188
internal_weight=8391.18 8299.89 8221.11 6666.58 5556.75 1554.53 4861.3 18.9391 4842.36 1109.83 189.391 1278.39 695.446 112.12 4828.35 103.408 920.443 4724.94 1217.79 411.737 249.997 161.74 806.05 230.3 168.18 4708.27 2765.87 2390.12 815.141 1574.98
internal_count=8389 8325 8273 7241 6504 1032 6045 47 5998 737 125 849 459 74 5973 72 612 5901 809 277 165 112 532 152 111 5890 3789 3541 538 3003
is_linear=0
shrinkage=0.03


Tree=103
num_leaves=31
num_cat=0
split_feature=3 13 69 60 55 66 67 67 34 14 19 38 59 83 69 80 84 57 58 60 29 16 59 15 104 25 13 61 63 97
split_gain=2.36972 2.22737 1.92168 2.12618 1.87149 1.88231 2.66742 2.45545 2.39186 2.0143 1.74591 1.87551 1.74213 2.07601 1.73977 2.24638 1.82093 1.87787 1.80465 1.88056 1.70917 1.62827 1.51238 2.20956 2.77842 1.57605 1.48813 1.47862 1.4501 1.42997
threshold=3.6050000000000004 1.7065000000000003 18.815000000000001 -0.32949999999999585 -0.095000000000000154 -0.050000000000000148 -0.023741109530583161 0.006298008534850596 1.0889269493468003 45.295000000000009 0.58616024815059198 0.27036395220106024 9.5550000000000015 11.155000000000003 18.235000000000003 10.804979310344828 7.4044999999999854 18.095000000000002 2.0083686955513649 2.2530000000001 0.5500000000000006 0.84665775008022048 20.485000000000003 1020.3050000000002 0.5103806228373704 1.9037500000000003 4.7235000000000005 0.66185214626391109 0.19500000000000003 55.814734178591166
decision_type=2 10 10 2 2 2 2 2 10 8 8 2 8 8 8 8 2 8 10 2 2 2 8 8 2 2 10 2 2 10
left_child=4 -2 3 -3 10 6 -6 8 -7 -9 11 26 -11 -14 16 -16 17 18 19 20 21 -15 -17 -24 27 -26 29 -25 -12 -1
right_child=1 2 -4 -5 5 7 -8 9 -10 12 28 -13 13 14 15 22 -18 -19 -20 -21 -22 -23 23 24 25 -27 -28 -29 -30 -31
leaf_value=0.0021315511661309872 -0.00051388740606816464 -0.014209408313491106 -0.009079894260368147 -0.00083657461538788787 -6.6381140146526302e-05 0.0011262474973403349 -0.002240652276847342 -0.0033623516020403646 0.0058949695428804618 -0.0068874410357350705 0.034050518074686495 -0.0016413464801447184 0.008408975487667161 -0.00077705262012671742 0.0053448447038796781 0.0035095020562988227 0.0039163440422838019 -0.005482315086503849 -0.0028520563008523035 0.0021132433397539206 -0.0071529644395873131 0.0016099852560290246 -0.0035066897300286099 0.013068154161174206 -0.0022066319521446874 -0.02006289399847426 0.0021319723269157633 0.00089962110500970208 0.00013186360727979136 0.0084794376522681902
leaf_weight=53.029614090919495 278.02669101953506 12.121054649353026 62.120405077934265 91.286692827939987 1515.889397084713 607.94664725661278 763.62644290924072 157.57371044158936 112.1197555065155 31.817768454551697 1.1363488733768452 81.438335925340652 27.272372961044312 1376.4972686171532 99.998700857162476 143.9375239610672 86.36251437664032 66.66580057144165 236.73934862017632 298.85975369811058 33.711683243513107 316.28376975655556 124.99837607145309 9.0907909870147687 9.0907909870147723 8.7120080292224866 293.17800933122635 788.62611812353134 658.3247806429863 80.301987051963806
leaf_count=35 299 8 41 76 1494 603 720 104 74 21 3 56 18 916 66 95 57 44 157 201 23 211 84 24 24 23 195 1860 844 53
internal_value=-1.9941e-05 -0.00215424 -0.00490942 -0.00240409 9.86423e-05 -9.14561e-05 -0.000794751 0.000261953 0.00186877 -4.12294e-05 0.00120852 0.00253044 0.000101807 0.000163122 0.000100647 0.00104243 -0.000361235 -0.00051987 -0.000373622 -8.3923e-05 -0.000464257 -0.000331052 0.000645702 0.000207424 0.000776703 -0.0109448 0.003327 0.00103829 0.00019031 0.00595471
internal_weight=8426.78 443.555 165.528 103.408 7983.23 6815.82 2279.52 4536.3 720.066 3816.24 1167.41 507.948 3658.66 3626.85 3599.57 1184.45 2415.12 2328.76 2262.09 2025.35 1726.49 1692.78 1084.46 940.518 815.52 17.8028 426.51 797.717 659.461 133.332
internal_count=8429 424 125 84 8005 6819 2214 4605 677 3928 1186 339 3824 3803 3785 2176 1609 1552 1508 1351 1150 1127 2110 2015 1931 47 283 1884 847 88
is_linear=0
shrinkage=0.03


Tree=104
num_leaves=31
num_cat=0
split_feature=27 72 32 33 67 98 58 80 93 98 20 31 67 57 21 77 20 15 20 77 57 80 47 56 3 39 58 103 55 79
split_gain=2.02598 1.86617 1.90622 1.62519 2.29801 2.96598 2.48911 2.16853 1.78601 1.96161 1.57706 1.55569 1.53326 2.08193 1.64432 1.50622 1.48077 1.85107 1.47309 1.71475 1.46032 2.06673 2.23831 2.3262 2.03691 1.92811 1.62555 2.35494 2.48457 2.01134
threshold=1.8050000000000004 3.1190000000000286 15.925714285714287 15.285000000000002 0.023986486486486495 169.437137331466 3.0389769213499958 16.290172413793105 12.010000000000002 33.835400577889459 -0.66861162019345055 -0.050999999999998706 -0.0064758179231863408 11.345000000000001 -0.23836395540924413 1.5050000000000006 -0.011606178900499057 1016.8535000000001 -0.84860254829152315 1.6150000000000004 13.315000000000003 12.489068965517243 16.565000000000001 12.290270270270272 2.8950000000000005 2.5950000000000002 1.48601930599474 142.50000000000003 0.1908157894736843 0.01241206960385032
decision_type=2 2 10 10 2 10 10 10 8 8 10 2 2 10 10 2 10 10 10 2 8 10 8 10 2 2 10 2 2 2
left_child=1 2 12 8 6 7 18 16 9 -2 -3 -7 13 -1 -15 -11 -6 -18 19 -5 -10 22 23 -22 -23 -25 27 -24 -29 -30
right_child=3 10 -4 4 5 11 -8 -9 20 15 -12 -13 -14 14 -16 -17 17 -19 -20 -21 21 24 26 25 -26 -27 -28 28 29 -31
leaf_value=-0.00027599362693422755 -0.0065530546414130711 0.0071428362270710526 0.0084896253850387082 0.0076726172586231356 -0.00033625647666851987 0.0070667687902902223 -0.0057960022124201602 -0.0085278152922451094 -0.0020935209551183336 -0.00087537277009442651 0.0017249190491072069 0.0011659815157692138 -0.00030073476720356943 0.0063591916799086963 0.0016751249809586516 0.0063520747395451015 0.0011824785539696985 -0.0067095432265443242 0.0013065200684805006 0.001907891701433421 0.00021810363457645216 -0.0010294174382167768 -0.010327909276402347 0.0055883868582153971 -0.0046571889979074368 -0.0018112268771122591 -0.0039088322250063852 -0.00070902476042723165 0.013828778683886192 0.0023428069646426013
leaf_weight=557.18973091244698 18.181581974029541 62.120405077934265 25.757241129875183 87.877646207809448 671.96096712350845 57.57500958442688 34.848032116889954 34.848032116889954 695.44551050662994 38.257078737020493 218.17898368835449 133.3316011428833 1674.5994563996792 75.756591558456421 615.14352345466614 80.680770009756088 40.908559441566467 77.271723389625549 339.38953018188477 98.483569025993347 418.17638540267944 719.687619805336 20.833062678575516 162.11910593509674 172.72502875328064 39.393427610397339 129.1649886071682 895.06412926316261 15.530101269483565 117.80149987339973
leaf_count=817 12 41 17 58 451 38 23 23 459 26 144 88 1832 50 406 75 27 51 224 65 276 475 52 107 114 26 86 2000 35 263
internal_value=-1.58406e-06 0.000586459 0.00036408 -0.000373899 0.00042671 -0.00042414 0.00196859 -0.00120391 -0.000732155 0.0026244 0.00292565 0.00294558 0.000292471 0.00108839 0.00218873 0.00402732 -0.0008809 -0.00397769 0.00248324 0.00462622 -0.000868084 -0.000551331 3.44363e-05 0.00149404 -0.00173157 0.00414185 -0.000733134 -0.00034219 -0.000139902 0.00368066
internal_weight=8328.3 3228.75 2948.45 5099.55 1576.49 1015.9 560.599 824.989 3523.06 137.119 280.299 190.907 2922.69 1248.09 690.9 118.938 790.141 118.18 525.751 186.361 3385.94 2690.5 1798.08 619.689 892.413 201.513 1178.39 1049.23 1028.4 133.332
internal_count=8361 3307 3122 5054 1048 678 370 552 4006 113 185 126 3105 1273 456 101 529 78 347 123 3893 3434 2845 409 589 133 2436 2350 2298 298
is_linear=0
shrinkage=0.03


Tree=105
num_leaves=31
num_cat=0
split_feature=25 56 7 12 3 95 100 16 20 105 68 14 62 85 7 16 89 50 92 55 80 42 67 33 100 80 41 13 64 92
split_gain=1.57353 2.23957 2.22607 1.87252 1.81958 1.79813 2.63044 2.31362 2.52403 2.98042 2.69116 2.23176 1.93391 1.87324 1.84732 1.66134 1.6463 1.57704 1.56543 1.9872 1.86589 1.50169 1.484 1.49518 1.46468 1.78742 1.60935 1.4498 1.44248 1.73837
threshold=1.8462500000000004 12.081756756756759 9.4850000000000012 113.45000000000002 2.5350000000000006 21.260000000000002 0.75945458252107834 -0.12966094179518275 -0.96849623396981721 132.50000000000003 11.867123287671236 93.750000000000014 0.12613627679987716 2.178655172413793 10.485000000000001 -0.92980860373494434 1.3450000000000004 0.3110785797356726 9.1005328719723213 0.34370477674413263 10.142655172413795 1.0350000000000004 -0.011184210526315746 11.125000000000002 0.94058943601573197 11.893989655172414 0.44000000000000011 28.165000000000003 3.1250000000000004 11.492169550173012
decision_type=2 8 2 10 2 8 2 2 10 2 10 10 2 2 2 2 2 2 8 2 10 2 2 8 2 10 2 10 2 10
left_child=16 2 4 27 28 6 -3 8 -8 10 -10 -9 -7 -11 15 17 22 -14 20 21 -17 -20 23 -1 25 26 -12 -4 29 -2
right_child=1 5 3 -5 -6 12 7 11 9 13 24 -13 14 -15 -16 18 -18 -19 19 -21 -22 -23 -24 -25 -26 -27 -28 -29 -30 -31
leaf_value=-0.00014466347134505102 -0.00094166273882163344 0.0033539718448562781 -0.0017455275743431045 0.0076951352766257792 -0.0043701922696045324 0.0088567542778598702 0.0048800164650933085 -0.002071933730371497 0.0049574177406821185 0.011208869553965805 -0.00077315872052927603 0.004406783733412958 -8.4383574944537734e-05 0.0020275343613409638 -0.01024815907828526 0.00069849924758388113 0.0010880286029326678 0.008355326248469002 -0.00032621714251977437 0.0060071376189888273 -0.0072211463395191345 -0.0060775531675557213 -0.0011206430835820713 0.0062060130020121706 -0.0037661753644275299 -0.0022338963089493851 0.0066047019200395178 0.0041490889900566708 0.00077746957329781323 -0.003770005404479305
leaf_weight=87.877646207809448 770.4445361495018 331.05630511045456 103.02896451950073 39.393427610397339 178.78555607795715 20.454279720783234 148.86170241236687 410.6007262468338 70.074847191572189 33.332900285720825 53.029614090919495 54.165962964296341 42.044908314943314 49.999350428581238 17.045233100652695 45.453954935073853 2083.6850508153439 37.87829577922821 2108.3059430718422 43.938823103904724 65.150668740272522 41.666125357151031 653.02181923389435 53.787180006504059 149.24048537015915 139.39212846755981 53.408397048711777 59.090141415596008 277.2691251039505 262.11780679225922
leaf_count=58 510 232 68 26 118 27 105 271 53 22 35 41 108 33 45 30 2204 70 2959 77 43 68 581 64 100 92 36 39 183 173
internal_value=7.47935e-05 -0.000217989 -0.00113067 0.00182851 -0.00153125 0.00017601 0.000994831 0.000322768 0.00141557 0.000475284 -0.000460752 -0.00131688 -0.000328805 0.00570007 -0.000407042 -0.000336692 0.000644947 0.00391548 -0.000484163 -0.000308603 -0.0039665 -0.000437677 -0.000516824 0.00226656 -0.00142179 1.45903e-06 0.0029289 0.000402978 -0.00114375 -0.00165964
internal_weight=8483.6 5605.23 1690.13 201.513 1488.62 3915.1 1493.16 1162.11 697.339 548.478 465.145 464.767 2421.94 83.3323 2401.48 2384.44 2878.37 79.9232 2304.52 2193.91 110.605 2149.97 794.687 141.665 395.071 245.83 106.438 162.119 1309.83 1032.56
internal_count=8471 5564 1117 133 984 4447 1020 788 476 371 316 312 3427 55 3400 3355 2907 178 3177 3104 73 3027 703 122 263 163 71 107 866 683
is_linear=0
shrinkage=0.03


Tree=106
num_leaves=31
num_cat=0
split_feature=24 82 35 106 23 74 18 91 98 37 7 56 57 50 64 45 100 17 20 23 62 19 3 54 15 37 62 36 79 40
split_gain=2.1534 2.13519 2.40666 2.20026 1.96555 2.01963 1.77861 1.73514 1.59214 1.45557 1.99807 1.73936 1.9683 1.5146 1.40259 1.67977 3.30806 1.87461 1.66938 1.41663 1.37752 1.37377 1.36699 1.46552 1.40847 1.62236 1.57999 1.33894 1.31873 2.01178
threshold=114.34343550000001 4.7745223575759459 20.98 58.500000000000007 1.613222009305209 0.88894533734945158 -0.74878219594134776 0.027262104393008978 20.93283432316618 1.7790000000000004 8.1550000000000029 16.478513513513516 17.640000000000004 0.63554852418692975 2.0650000000000004 11.135000000000003 0.96328361168244048 0.87634871430917649 -0.12775704858859274 1.6477247794868835 0.63226473864220778 0.054078730618053843 2.8150000000000004 0.81500000000000017 1018.1615 3.5175000000000005 0.19581737454235035 0.55349999999998556 0.073343206219918536 3.1550000000000007
decision_type=2 10 10 2 2 2 10 2 8 2 2 10 10 2 2 10 2 2 10 2 2 10 2 2 10 2 2 2 2 2
left_child=1 2 8 27 -2 -6 -5 -3 -1 14 13 12 22 -11 18 16 19 -18 -10 20 -16 -17 23 -12 25 26 -24 -4 29 -15
right_child=4 7 3 6 5 -7 -8 -9 9 10 11 -13 -14 28 15 21 17 -19 -20 -21 -22 -23 24 -25 -26 -27 -28 -29 -30 -31
leaf_value=-0.0082077607019482614 -0.0016987445252291938 -0.00045761460619553313 0.010250499076928796 0.0049845352201160851 -0.0030749322083864113 -0.019718210473073556 -0.0023013745909317147 -0.0061695724160321175 0.000885952112613481 -0.00059880538216536435 0.0020508120429747491 -0.0066896988254692693 0.0045163807853333118 0.0020321149691184602 -0.00050170976609658269 0.00636295024397789 0.0031915156730665415 0.021529470404461262 -0.0011441877719355639 0.0055765103422867335 -0.01064070407735471 0.0021074570998312761 -0.010255971526314267 -0.0061673446949926346 -0.0042400338117380204 0.0078509364313456408 0.0001744802353087938 0.0026351523089384508 -0.0018083746349564455 0.018094952949239376
leaf_weight=21.211845636367798 359.08624398708344 103.02896451950073 48.484218597412109 51.514482259750366 15.530101269483568 11.363488733768461 72.726327896118164 89.392778038978577 957.56331729888916 4151.8400003612041 431.8125718832016 25.757241129875183 137.87699663639069 16.666450142860416 342.7985768020153 87.877646207809448 10.227139860391619 9.8483569025993329 588.62871640920639 33.711683243513107 12.499837607145308 306.05662989616394 14.014969438314436 20.454279720783234 83.332250714302063 23.105760425329208 193.93687438964844 36.363163948059082 16.666450142860413 12.121054649353026
leaf_count=14 342 74 32 34 17 24 48 59 1187 4199 453 17 91 29 479 58 24 20 393 38 24 202 16 30 55 58 248 24 23 20
internal_value=-9.66483e-05 1.02586e-05 8.81916e-05 0.00326281 -0.00228462 -0.0101073 0.000719612 -0.0031112 -3.35315e-07 2.29493e-05 -0.000260376 0.000997522 0.00121642 -0.000539177 0.000641358 0.00165853 0.000312089 0.0121875 0.000113087 -0.000300761 -0.000858412 0.00305676 0.00062295 0.00167914 -0.000896431 0.000309459 -0.000528483 0.00698678 0.00490736 0.00879542
internal_weight=8285.5 7899.52 7707.1 209.088 385.98 26.8936 124.241 192.422 7498.01 7476.8 5127.58 930.291 904.534 4197.29 2349.21 803.02 409.086 20.0755 1546.19 389.01 355.298 393.934 766.657 452.267 314.39 231.058 207.952 84.8474 45.454 28.7875
internal_count=8332 7949 7816 138 383 41 82 133 7678 7664 5239 968 951 4271 2425 845 585 44 1580 541 503 260 860 483 377 322 264 56 72 49
is_linear=0
shrinkage=0.03


Tree=107
num_leaves=31
num_cat=0
split_feature=67 66 67 92 97 77 21 96 7 87 106 19 70 56 58 15 15 90 27 82 78 95 91 84 47 106 25 56 99 68
split_gain=1.58392 3.8582 2.40244 2.59563 2.17738 2.08526 1.86357 1.85434 1.74435 1.7055 2.66174 2.14328 2.41848 2.06229 2.00815 2.09059 1.90451 2.20092 2.37192 1.87684 1.87439 1.77123 3.15699 3.70071 1.97052 1.75251 1.70109 1.60595 1.60153 1.56766
threshold=-0.02546941678520635 -0.050000000000000148 0.023986486486486495 12.450692041522492 20.235916996838366 1.8050000000000006 0.28894824405579816 11.243999999999973 7.4650000000000007 1.1850000000000003 76.500000000000014 0.891520983201324 2.9981664719444239 12.988229729729731 1.4053889940048807 1019.2390000000001 1010.2155000000001 0.11 3.0050000000000003 2.0979390546091192 2.2850000000000006 13.280000000000003 -0.0028429792844041394 -2.1634999999999986 13.040000000000001 54.500000000000007 1.8112500000000005 11.438918918918921 1.2764891973701002 9.5912808219178096
decision_type=2 2 2 10 10 2 8 2 2 2 2 10 10 10 10 10 10 2 2 8 2 8 2 2 8 2 2 10 2 10
left_child=4 8 6 9 29 -5 27 -8 -2 11 19 12 14 26 21 16 -16 -18 -19 -11 -13 22 -4 -24 -23 -21 -14 -3 -7 -1
right_child=1 2 3 5 -6 28 7 -9 -10 10 -12 20 13 -15 15 -17 17 18 -20 25 -22 24 23 -25 -26 -27 -28 -29 -30 -31
leaf_value=-0.00052037959742640843 -0.002790473254175997 0.00088475304949729413 0.018800460989823822 -0.0054911830732891215 0.0011681561915032849 0.0023891195800463342 0.00028979417344574188 0.0068205850864534847 -1.4263342346507366e-05 0.0019964255061964758 -0.00064306409897514117 -0.0015306107065100158 0.0026814214209501109 0.0048311641726720448 -0.0028310459743600396 -0.003480915241811545 -0.0043212223586365757 0.0080661181058689548 -0.002038747789226436 0.015065565436520727 -0.0082541928197264851 -0.003264858369204972 -0.0091141220529741326 0.0041433363106186559 0.00028186975526190176 0.0050258578610363697 -0.0058194806784824986 0.0050840737399962654 -0.0041179827388082828 -0.0063601863136118
leaf_weight=460.60007667541504 669.30948641896248 149.24048537015915 10.984705775976179 146.96778762340546 1911.3388050198555 80.301987051963806 899.60952475667 40.908559441566467 292.79922637343407 95.45330536365509 167.80085030198097 424.99447864294052 50.756916344165802 166.28571847081184 96.968437194824219 301.51123440265656 30.302636623382568 67.423366487026215 30.302636623382568 23.863326340913773 40.908559441566467 154.5434467792511 22.348194509744644 124.61959311366081 1606.7973069548607 45.453954935073853 36.363163948059082 181.81581974029541 59.090141415596008 45.453954935073853
leaf_count=1099 627 100 8 97 1266 53 989 27 302 63 218 282 35 115 64 199 20 46 20 24 27 102 17 89 2304 51 24 120 39 30
internal_value=5.62631e-05 -0.000204292 0.000127085 -0.000252015 0.000704875 -0.002998 0.00125524 0.000573856 -0.00194559 -2.71972e-05 0.00201646 -0.000241933 8.2403e-05 0.00287223 -0.000206647 -0.0018479 0.000340444 0.00274252 0.00493283 0.0047249 -0.00212097 0.000243589 0.0032869 0.00212738 -2.9327e-05 0.00848215 -0.000866781 0.00319102 -0.000369326 -0.00104491
internal_weight=8435.12 6017.72 5055.62 3784.04 2417.39 286.36 1271.57 940.518 962.109 3497.68 332.571 3165.11 2699.21 253.406 2445.8 526.508 224.997 128.029 97.726 164.771 465.903 1919.29 157.952 146.968 1761.34 69.3173 87.1201 331.056 139.392 506.054
internal_count=8457 6062 5133 3897 2395 189 1236 1016 929 3708 356 3352 3043 174 2869 349 150 86 66 138 309 2520 114 106 2406 75 59 220 92 1129
is_linear=0
shrinkage=0.03


Tree=108
num_leaves=31
num_cat=0
split_feature=89 20 7 3 75 44 96 58 44 86 27 13 59 61 19 55 105 19 79 93 57 59 96 43 50 86 74 54 14 66
split_gain=1.82131 2.0549 2.49452 4.43867 1.53962 1.48854 2.09949 1.74615 1.65361 1.77468 1.64265 2.61972 2.08399 1.90395 1.84829 1.64531 1.63564 2.00513 1.75416 1.61111 1.96642 1.55619 1.53003 1.48874 1.47533 1.82755 1.61465 1.50153 1.4137 1.37812
threshold=3.1950000000000007 0.33947678042931656 10.485000000000001 2.9550000000000005 0.17500000000000002 14.901315789473687 5.8884999999999659 1.0339643519277908 16.259736842105269 0.37786883468023086 1.8150000000000002 1.8060000000000003 9.2600000000000033 2.0960810810810817 -0.45709792705869418 0.22921052631578961 109.50000000000001 0.92603527266084573 -0.0098283043317289997 12.010000000000002 13.315000000000003 12.630000000000001 6.3890000000000109 -0.0051818181818176256 0.4370280549785423 0.89660354440780976 0.33476837216145261 -0.17000000000000001 47.315000000000005 0.66500000000000004
decision_type=2 10 2 2 2 10 2 10 10 2 2 8 8 2 10 2 2 10 2 8 8 10 2 2 2 2 2 2 8 2
left_child=5 2 4 -4 -2 10 8 -8 9 -7 13 14 -13 23 -12 19 17 -10 -18 21 22 -14 -21 -1 26 -26 -6 -27 -28 -9
right_child=1 -3 3 -5 24 6 7 29 16 -11 11 12 15 -15 -16 -17 18 -19 -20 20 -22 -23 -24 -25 25 27 28 -29 -30 -31
leaf_value=-0.00067925673993513393 -0.031426078142404078 0.0093150715864974802 0.0019992063894813806 -0.026766893671103988 0.0034277489379735343 0.0089648968766262386 0.0009205734144557366 0.011191528281498421 0.0025636293142143746 0.0012592892878921351 0.0016858123291084181 -0.011949976889310049 0.0010048420985463609 0.0024772466189441973 -0.0048895388024757878 0.0032193397052364828 0.0015450060472797192 -0.0060536636124119076 -0.0062411795723810552 -0.0028575082419454263 -7.545603219065737e-05 0.0090375467073875865 0.00078414755671517527 0.0007515679288915949 -0.0020995274834406177 0.0020351368844428006 -0.0076924958774090661 0.011071366231630462 -0.0017388666699581373 0.0035447941154440835
leaf_weight=1059.455932945013 1.5151318311691273 16.28766718506813 9.8483569025993365 9.4695739448070508 51.893265217542648 28.78750479221344 68.180932402610779 42.423691272735596 122.7256783246994 410.22194328904152 48.484218597412109 13.636186480522154 76.514157474040985 376.88904300332069 186.3612152338028 121.96811240911484 37.87829577922821 30.302636623382568 83.332250714302063 451.50928568840027 2319.2880505621433 30.302636623382568 134.84673297405243 1712.0989692211151 66.66580057144165 58.332575500011444 37.87829577922821 23.105760425329208 685.59715360403061 42.423691272735596
leaf_count=1048 4 19 26 19 53 19 45 28 81 276 32 9 52 380 123 211 25 20 55 298 2694 20 89 1730 83 67 25 34 793 28
internal_value=-2.10924e-05 -0.00125004 -0.00143227 -0.0121018 -0.00120944 0.000138488 0.00130699 0.00449547 0.000622892 0.00176458 -1.64938e-05 -0.000475475 -0.000247455 0.000476668 -0.00353205 -0.000196544 -0.00120475 0.000857235 -0.003808 -0.000334846 -0.000467867 0.00328362 -0.00202002 0.00020462 -0.00115986 0.00158375 -0.00168393 0.0045989 -0.00205058 0.00736816
internal_weight=8358.22 960.594 944.306 19.3179 924.988 7397.63 866.277 153.028 713.248 439.009 6531.35 3382.91 3148.07 3148.44 234.845 3134.43 274.239 153.028 121.211 3012.46 2905.64 106.817 586.356 2771.55 923.473 148.104 775.369 81.4383 723.475 84.8474
internal_count=8386 1123 1104 45 1059 7263 577 101 476 295 6686 3528 3373 3158 155 3364 181 101 80 3153 3081 72 387 2778 1055 184 871 101 818 56
is_linear=0
shrinkage=0.03


Tree=109
num_leaves=31
num_cat=0
split_feature=86 97 50 67 32 19 23 85 32 58 27 40 14 72 20 105 60 98 50 97 81 83 96 86 21 12 15 78 79 94
split_gain=1.94836 2.77252 2.09831 1.87037 2.28916 2.18419 1.91855 2.38075 1.83914 1.67876 1.88394 1.67349 1.5952 1.56054 1.70076 1.87889 1.86349 2.05596 2.09667 1.64067 1.52896 1.50452 1.44659 1.66959 1.4428 1.50433 2.86807 1.88706 1.81492 1.80218
threshold=0.6514464086556927 3.3216005792304957 0.88434679115403914 0.023090327169274474 7.8882142857142865 0.38711327404446177 1.6185152265819862 1.9593103448275864 14.48357142857143 1.1398962510384008 3.4050000000000007 3.4350000000000005 47.485000000000007 1.5024999999999979 -0.98083631758378687 116.50000000000001 4.51150000000007 123.76580538420795 0.30760154904079084 135.38454751213598 8.8150000000000031 11.155000000000003 2.4304999999999954 0.4800656234891732 -0.76062965362114654 91.500000000000014 1020.7605000000001 0.74500000000000033 0.048766660496112529 2.1017518671921871
decision_type=2 8 2 2 10 10 2 2 8 10 2 2 8 2 10 2 2 10 2 10 8 8 2 2 8 10 10 2 2 8
left_child=2 -2 12 4 -3 -6 7 8 11 -10 -11 -5 -1 20 22 19 17 -17 -19 -16 -14 -22 23 -15 -23 26 29 28 -27 -26
right_child=1 3 -4 6 5 -7 -8 -9 9 10 -12 -13 13 14 15 16 -18 18 -20 -21 21 24 -24 -25 25 27 -28 -29 -30 -31
leaf_value=-0.001238949899171094 -0.029289526065892059 -0.0018320608124653183 0.0093028133108767116 0.0016204449197136752 0.0021497994909184482 -0.0003378823423494363 -0.0030292769904586864 -0.0030792590359894089 0.00089130999321805442 0.010947325129090853 0.0012819916407094162 -0.0046948742413647901 -0.009144037087444875 -0.0036293993485425114 -0.00037741514520933753 0.0014633817990832899 -0.0040706654358995996 0.0073391182835537269 -8.9261202341647951e-05 0.0067531498848638774 0.0057927021685201894 0.0071825581450281626 0.0082655116430099436 0.0052450910384825109 0.0036034246380333554 -4.6523052201505971e-05 -0.0043704306762312834 -0.0018945683500603322 0.0070451229449546085 0.00063619605884720327
leaf_weight=536.35666823387146 3.0302636623382559 450.37293681502342 23.48454338312149 71.589979022741318 524.23561358451843 806.05013418197632 461.3576425909996 206.05792903900146 174.61894354224205 37.87829577922821 34.848032116889954 79.923204094171524 15.908884227275847 30.302636623382568 697.71820825338364 445.44875836372375 40.908559441566467 125.75594198703766 46.969086766242981 30.302636623382568 42.423691272735596 25.757241129875183 54.544745922088623 51.514482259750366 216.66385185718536 1268.1653426885605 92.423041701316833 603.40125176310539 33.332900285720825 1230.2870469093323
leaf_count=354 2 898 32 48 346 532 525 172 311 25 23 55 12 20 462 294 27 83 31 20 28 17 36 37 143 840 61 405 22 2543
internal_value=2.98166e-05 -0.00060897 0.000354233 -0.000578442 1.65898e-05 0.000642457 -0.00157214 -0.000460803 0.000891942 0.00248632 0.00631602 -0.00171089 0.000316626 0.000481783 0.00128421 0.000969928 0.00213036 0.00254072 0.00531912 -8.06174e-05 0.000135314 0.000177343 0.00448115 0.00195824 0.000108691 5.57905e-05 0.000753233 -0.000507822 0.000135102 0.0010805
internal_weight=8461.63 2849.96 5611.67 2846.93 1780.66 1330.29 1066.27 604.916 398.858 247.345 72.7263 151.513 5588.18 5051.83 1523.47 1387.1 659.082 618.174 172.725 728.021 3528.36 3512.45 136.362 81.8171 3470.03 3444.27 1539.37 1904.9 1301.5 1446.95
internal_count=8404 2937 5467 2935 1776 878 1159 634 462 359 48 103 5435 5081 1010 917 435 408 114 482 4071 4059 93 57 4031 4014 2747 1267 862 2686
is_linear=0
shrinkage=0.03


Tree=110
num_leaves=31
num_cat=0
split_feature=23 98 65 54 39 17 95 77 95 21 90 87 55 14 68 54 83 72 35 34 68 99 14 74 30 35 34 18 93 16
split_gain=1.94228 1.57747 1.59179 1.48798 1.63613 2.06488 1.59091 1.88352 1.44867 1.36567 1.49721 1.34736 1.33967 1.33563 1.85682 1.92127 1.58619 1.91354 1.6756 1.72055 1.39904 1.3209 1.31976 2.0115 1.58881 1.3105 1.29321 1.27101 2.16429 1.25051
threshold=1.5780481744500816 158.94100804604378 1.3050000000000004 -0.1799999999999998 1.3950000000000002 -0.7333143426936809 20.520000000000003 2.6750000000000007 14.645000000000001 0.58672569239651529 1.3450000000000004 0.68500000000000016 -0.16181578947368422 54.330000000000005 15.641993150684931 0.34000000000000025 25.140000000000004 7.3710000000000386 20.315000000000001 1.3768907857385355 16.866643835616447 1.3305403949204084 82.450000000000017 0.30249114529544124 -0.97499999999999976 11.665000000000001 2.0798340027408284 0.91810050351353423 11.725000000000003 -0.3695845817883841
decision_type=2 10 2 2 2 2 8 2 8 10 2 2 2 8 10 2 10 2 10 10 10 2 10 2 2 10 10 10 8 2
left_child=11 3 9 6 5 8 7 -2 -5 -3 -11 -1 -4 14 25 -16 17 18 20 -20 26 -14 24 -24 -7 -6 -15 28 -26 -21
right_child=1 2 12 4 13 22 -8 -9 -10 10 -12 -13 21 16 15 -17 -18 -19 19 29 -22 -23 23 -25 27 -27 -28 -29 -30 -31
leaf_value=-0.0092926687559461638 0.0011644068436115578 0.0031654447898090418 -0.0029033277431261303 -0.010738006800768512 -0.004681116622478246 0.025990988129125394 -0.00012939996595433311 0.0074914289162205062 -0.001335194516296021 0.00014886431119847375 -0.0053075846018877824 -0.001851246743560167 0.0066901349300888804 -0.00032075095409440002 -9.9654742919099413e-05 -0.0090698408400897278 -0.0048306993232950278 0.0062405806219251363 0.0056698107582004581 0.0031285469668714343 -0.009117352613399958 0.0022618418918770051 0.0084008888100025689 0.00019244568679405865 0.0088987192506624971 -0.00081262100712530081 -0.0055073720189360758 -0.0073057665546910917 0.00065485955311620414 -0.0052919490044774685
leaf_weight=31.060202538967133 951.88157293200493 115.52880212664604 31.817768454551697 16.666450142860413 86.36251437664032 2.2726977467536917 1371.1943072080612 44.317606061697006 128.02863973379135 372.72243046760559 51.514482259750366 74.241459727287292 86.36251437664032 2823.8269503414631 34.848032116889954 56.059877753257751 68.180932402610779 40.908559441566467 83.332250714302063 33.332900285720825 16.666450142860413 203.40644833445549 57.57500958442688 50.37813338637352 30.302636623382568 901.50343954563141 43.938823103904724 16.666450142860413 529.1597920358181 30.302636623382568
leaf_count=25 629 77 21 11 57 3 1781 36 206 246 34 49 57 3345 23 37 45 27 55 22 11 135 38 37 20 595 29 11 686 20
internal_value=2.49742e-06 5.39929e-05 0.00126921 -8.71199e-05 -0.000378031 0.000838647 0.000533476 0.00144588 -0.00241824 0.000273763 -0.000513704 -0.0040462 0.00294002 -0.000617675 -0.00152838 -0.00563127 -0.000304842 -0.000204404 -0.000291379 0.00283328 -0.000450587 0.00358165 0.00152525 0.00457028 0.000956928 -0.00115082 -0.000400218 0.000858174 0.00110138 -0.000881213
internal_weight=8384.36 8279.06 861.352 7417.71 5050.31 831.05 2367.39 996.199 144.695 539.766 424.237 105.302 321.587 4219.26 1078.77 90.9079 3140.49 3072.31 3031.4 146.968 2884.43 289.769 686.355 107.953 578.402 987.866 2867.77 576.129 559.462 63.6355
internal_count=8368 8294 570 7724 5278 1012 2446 665 217 357 280 74 213 4266 712 60 3554 3509 3482 97 3385 192 795 75 720 652 3374 717 706 42
is_linear=0
shrinkage=0.03


Tree=111
num_leaves=31
num_cat=0
split_feature=98 20 39 60 42 30 77 15 73 87 84 39 84 17 15 17 30 26 13 72 37 8 40 80 92 93 87 58 48 57
split_gain=1.91235 1.77681 1.82594 1.94107 1.49664 1.92855 1.45615 1.66227 1.85341 1.58574 1.47229 1.53203 1.48254 1.50294 1.40593 1.38454 1.34696 1.40263 1.35015 1.36939 1.39199 1.78609 1.32893 1.32871 1.28869 1.59245 1.41584 1.63072 1.28428 1.40003
threshold=117.86423618263017 -0.011606178900499057 2.1450000000000005 2.6519999999999873 1.9650000000000001 0.7250000000000002 1.2550000000000006 1028.5065000000002 1.009246575342466 1.385 -10.106499999999981 1.5150000000000003 3.2189999999999945 0.92524282513649292 1007.5960000000001 0.83652531109941397 -0.59000000000000041 0.46140510271243435 7.1715000000000009 6.3335000000000727 1.4175000000000002 3.0350000000000006 2.4550000000000005 7.9877586206896565 9.8000801254325278 20.300000000000004 0.89500000000000013 1.3489432655869027 0.77250000000003649 17.940000000000001
decision_type=10 10 2 2 2 2 2 10 2 2 2 2 2 2 10 2 2 2 8 2 2 2 2 10 10 10 2 10 2 10
left_child=4 6 3 -3 16 -6 9 8 -8 14 -10 -12 13 -13 -2 -16 -1 18 23 20 21 -20 -21 -18 -14 -26 27 -27 29 -4
right_child=1 2 28 -5 5 -7 7 -9 10 -11 11 12 24 -15 15 -17 17 -19 19 22 -22 -23 -24 -25 25 26 -28 -29 -30 -31
leaf_value=0.005260040843647164 -0.0028273727528823076 -0.0007016512194238907 -0.0039475864913276447 0.0040197296615183233 -0.017044037403992806 0.00044384630507607667 -0.0024522680104505042 -0.0033983758431836487 0.0074714576900211981 0.007811461459764228 0.0039696594156229609 0.00067430528032349341 -0.0005287124215337482 -0.0020433218897829191 0.0047874578338375322 0.0012652494781870605 -0.0072855278468770606 -0.008832562698536368 0.001695193857072672 -0.00018227584191218038 -0.00021914765401290156 0.014788397899083754 0.0084982285022070607 -0.00093879130910619508 0.0043358275799807141 0.0078882667548873485 -0.0023095311035503073 -0.0015347967174646653 -0.0059931699112654542 0.0039898102687848319
leaf_weight=39.014644652605057 51.514482259750366 437.87309920787811 49.999350428581238 95.45330536365509 10.984705775976183 11.742271691560743 145.45265579223633 89.392778038978577 31.817768454551697 43.938823103904724 138.63456255197525 696.58185938000679 139.39212846755981 248.48162031173706 148.1041364967823 312.11715722084045 30.302636623382568 17.424016058444977 195.83078917860985 30.302636623382568 3412.8344497084618 9.8483569025993329 33.332900285720825 1462.1022170782089 240.90596115589142 36.363163948059082 80.301987051963806 30.302636623382568 86.36251437664032 33.332900285720825
leaf_count=67 34 289 33 63 20 25 96 59 21 29 93 462 92 164 100 206 20 34 286 20 4855 23 22 965 159 24 53 20 57 22
internal_value=2.32003e-05 0.000609401 -0.000719051 0.000143369 -0.000326745 -0.00800863 0.000993212 0.000593974 0.000793549 0.00234224 0.00108094 0.000954717 0.00067083 -4.02292e-05 0.00187264 0.00239873 -0.00029337 -0.0003351 -0.000306487 2.02194e-06 -7.46998e-05 0.00232212 0.00436466 -0.00106766 0.00194532 0.00283443 0.000373374 0.00360506 -0.00342951 -0.000772628
internal_weight=8390.04 3136.32 703.021 533.326 5253.72 22.727 2433.3 1877.63 1788.23 555.675 1642.78 1610.96 1472.33 945.063 511.736 460.221 5230.99 5191.98 5174.55 3682.15 3618.51 205.679 63.6355 1492.4 527.266 387.874 146.968 66.6658 169.695 83.3323
internal_count=8413 2076 464 352 6337 45 1612 1243 1184 369 1088 1067 974 626 340 306 6292 6225 6191 5206 5164 309 42 985 348 256 97 44 112 55
is_linear=0
shrinkage=0.03


Tree=112
num_leaves=31
num_cat=0
split_feature=3 35 13 58 40 27 94 13 36 36 90 33 46 55 36 21 88 55 67 40 87 15 87 94 56 13 74 90 18 33
split_gain=1.65954 1.66305 2.50274 1.96285 1.90345 2.18184 1.718 1.71325 1.69756 1.64442 1.61735 1.43949 1.64546 1.52484 1.68116 1.51111 1.4571 1.47816 1.42149 1.41051 2.03415 1.83958 1.90074 2.46875 1.85424 1.50847 1.32432 1.31134 1.86469 1.32715
threshold=3.8150000000000004 19.005000000000006 8.3250000000000011 0.75692062217663147 4.035000000000001 3.1350000000000002 4.4139280396454614 -0.63849999999999996 0.061000000000092321 -1.0430000000000061 1.3850000000000005 15.115 0.98771249806811834 0.02568421052631582 0.38249999999999323 0.67918504973244176 4.0750000000000011 -0.14328947368421038 -0.079591038406827935 1.8950000000000002 1.0450000000000002 1008.3855000000002 1.0650000000000002 1.3704955136982953 9.5535270270270285 9.7350000000000012 0.36122358332228616 1.4550000000000003 -0.48725011830408854 17.620000000000001
decision_type=2 10 10 10 2 2 10 8 2 2 2 10 10 2 2 10 2 2 2 2 2 8 2 10 8 10 2 2 10 10
left_child=1 4 3 -3 6 -6 7 26 -8 -2 -10 16 -13 14 -14 -15 17 -9 -18 20 -19 22 23 -21 -23 -22 -1 28 -5 -29
right_child=9 2 -4 27 5 -7 8 11 10 -11 -12 12 13 15 -16 -17 18 19 -20 21 25 24 -24 -25 -26 -27 -28 29 -30 -31
leaf_value=0.0029967975470121706 -0.033496975219292568 -0.0019897499428458022 -0.0023409904248495551 0.003057542242916367 0.01337427753443193 0.0012394104952793651 9.7916415939891866e-05 0.0022952435244122668 -0.0015534228886543628 -0.0021580363615486872 -0.0064588211000759458 0.0035694619187112871 0.0039686443604421365 0.00095941077374239638 -0.0026251047631366056 -0.0034308950780214645 0.00043305700800967461 0.00011784604599141002 -0.0027845835840454376 0.0072222437463954408 0.0041399918127925771 -0.0025068331665395261 0.0056428461911440979 -0.00054725522491145878 -0.00035994086427547925 -0.00028267887820215029 -0.003811771319591502 0.0036598999420904784 0.0094829822373033879 -0.00052035813167478323
leaf_weight=30.302636623382568 1.5151318311691273 92.423041701316833 139.7709114253521 251.51188397407532 19.696713805198669 41.287342399358749 199.23983579874039 248.48162031173706 143.55874100327492 277.64790806174278 104.54409635066986 207.57306087017059 148.48291945457458 156.05857861042023 45.453954935073853 128.78620564937592 194.694440305233 1201.1207591593266 338.25318130850792 42.423691272735596 226.89099171757698 416.66125357151031 80.301987051963806 278.02669101953506 2763.221677094698 99.998700857162476 169.69476509094238 118.18028283119202 48.484218597412109 162.11910593509674
leaf_count=20 1 61 93 166 28 64 133 269 106 256 69 137 98 103 30 85 214 1320 455 28 221 275 53 188 3545 66 112 78 32 107
internal_value=-5.39433e-05 2.44621e-05 0.00131183 0.00207078 -0.000119122 0.00515875 -0.000163679 -4.48092e-05 -0.00196433 -0.00232813 -0.00362043 3.83766e-05 0.00133859 0.000371415 0.00242323 -0.00102557 -0.000113134 3.56927e-05 -0.00160913 -7.42106e-05 0.000688874 -0.000399851 0.00151559 0.000481331 -0.000641249 0.00278705 -0.00278017 0.0027175 0.004096 0.00124213
internal_weight=8376.41 8097.24 812.489 672.719 7284.75 60.9841 7223.77 6776.43 447.343 279.163 248.103 6576.43 686.355 478.782 193.937 284.845 5890.07 5357.13 532.948 5108.65 1528.01 3580.64 400.752 320.45 3179.88 326.89 199.997 580.295 299.996 280.299
internal_count=8413 8156 537 444 7619 92 7527 7219 308 257 175 7087 453 316 128 188 6634 5965 669 5696 1607 4089 269 216 3820 287 132 383 198 185
is_linear=0
shrinkage=0.03


Tree=113
num_leaves=31
num_cat=0
split_feature=60 69 14 106 54 19 103 61 79 16 98 20 69 93 93 90 16 83 94 9 87 63 50 93 14 76 55 98 99 75
split_gain=1.58278 2.28307 2.60519 2.42672 1.94365 2.65437 3.37293 2.44657 2.621 2.21766 2.09573 1.99454 1.9427 1.89975 2.66348 1.70433 1.5952 1.76005 1.80582 1.8619 1.56283 1.78104 1.55629 1.71085 1.55038 1.53783 1.51376 1.48468 1.51856 1.45055
threshold=2.2530000000001 16.260000000000002 44.565000000000005 96.500000000000014 0.79000000000000026 -0.42182703755409506 143.50000000000003 1.9312162162162163 0.0063518141429099806 0.43027450889908786 119.12784493935168 0.015969083800001796 14.535000000000002 17.48 18.020000000000007 1.5450000000000004 0.49082770717814922 11.155000000000003 1.9671940930887317 89.455000000000027 0.34500000000000003 0.74500000000000011 0.32416649421367016 18.420000000000005 81.550000000000011 3.0150000000000001 0.10421052631578956 76.939042729969529 0.79407701083522275 0.56500000000000006
decision_type=2 10 10 2 2 10 2 2 2 2 10 10 10 10 10 2 2 8 10 2 2 2 2 8 10 2 2 8 2 2
left_child=4 12 -3 13 10 6 15 8 -8 20 16 -12 -2 -4 -15 -6 22 -18 -19 -20 21 -10 27 -24 -7 -14 -16 28 -1 -22
right_child=1 2 3 -5 5 24 7 -9 9 -11 11 -13 25 14 26 -17 17 18 19 -21 29 -23 23 -25 -26 -27 -28 -29 -30 -31
leaf_value=0.0013911389201524103 0.00035039749005800119 -0.0061193669310180276 -0.002158146008143986 -0.003514329362312872 -0.0029146113474387558 -0.0040521121138997942 0.0072491797702102833 -0.0027494718691257244 0.0031536903633462049 -0.0067200074995839697 0.0013529468836248073 -0.0010129713900073134 0.0061085639593617645 0.012150212351100685 0.00023972305205657445 -0.014881086076075084 0.007841610330415711 0.0017553195946439107 0.00088505096133283448 -0.0027523387974647193 -0.0038078315878812435 0.015014698533915278 0.0054774443760576439 0.00012666216955469338 -0.00029485591589262103 0.0014346906366949038 0.0040976816821515225 -0.00054542488299403886 -0.0032393685339428633 0.0025586720761337453
leaf_weight=77.271723389625549 183.33095157146454 57.57500958442688 106.43801113963127 109.08949184417725 26.893590003252029 339.76831313967705 74.241459727287292 117.80149987339973 81.05955296754837 30.68141958117485 1593.1611204743385 401.50993525981903 168.55841621756554 23.48454338312149 234.8454338312149 17.802799016237259 30.302636623382568 517.41752034425735 280.29938876628876 231.05760425329208 57.57500958442688 13.257403522729872 72.726327896118164 206.43671199679375 139.39212846755981 101.5138326883316 149.99805128574371 2579.1331596076488 364.0104224383831 73.105110853910446
leaf_count=51 121 38 71 72 47 225 112 179 178 57 1053 265 112 20 155 38 20 730 188 154 95 35 51 359 92 67 99 3425 241 103
internal_value=4.16897e-05 0.00108422 -1.33887e-05 0.000550126 -0.000119827 -0.00136949 0.000177325 0.000961819 0.00228698 0.000846099 7.1276e-05 0.000876708 0.00273383 0.00141147 0.00234195 -0.00768092 -0.000297317 0.000715703 0.000505809 -0.00075851 0.00187784 0.0048209 -0.00062247 0.00152062 -0.00295909 0.00435176 0.00174342 -0.000820547 -0.00242853 -0.00024628
internal_weight=8459.74 1134.83 681.431 623.856 7324.9 971.578 492.418 447.721 329.92 255.678 6353.33 1994.67 453.403 514.766 408.328 44.6964 4358.66 1059.08 1028.77 511.357 224.997 94.317 3299.58 279.163 479.16 270.072 384.843 3020.42 441.282 130.68
internal_count=8453 755 455 417 7698 1161 844 759 580 468 6537 1318 300 345 274 85 5219 1092 1072 342 411 213 4127 410 317 179 254 3717 292 198
is_linear=0
shrinkage=0.03


Tree=114
num_leaves=31
num_cat=0
split_feature=96 89 67 92 12 60 31 66 85 52 69 69 26 14 59 73 51 66 67 46 3 69 62 10 79 89 75 104 90 56
split_gain=1.87686 1.51889 2.09512 2.21075 2.34289 2.0177 1.94567 1.71148 1.82408 1.71119 2.83397 2.32165 2.4713 2.05028 1.7773 2.1607 1.49282 1.46847 2.12575 1.95533 1.71007 1.54204 2.26595 1.8084 1.64882 1.90693 1.79394 2.56534 1.47046 1.46772
threshold=12.836500000000003 3.1950000000000007 -0.041105974395448067 12.396730103806229 210.45000000000002 2.2530000000001 -0.45749999999999963 -0.4549999999999999 0.99541900272885153 3.4650000000000003 16.260000000000002 14.535000000000002 0.17042837087063364 44.565000000000005 19.785000000000004 1.7355479452054798 0.33500000000000008 1.0000000180025095e-35 1.0000000180025095e-35 1.1083216578920145 1.9150000000000003 18.235000000000003 0.41007827178220629 12.365 0.019626064420584968 3.0950000000000011 0.53500000000000014 0.50346020761245691 1.6150000000000004 12.522432432432435
decision_type=2 2 2 10 10 2 2 2 2 2 10 10 2 10 10 2 2 2 2 10 2 8 2 8 2 2 2 2 2 10
left_child=1 2 7 5 -5 17 -3 -1 -9 10 11 -7 -13 -12 -15 -16 -8 20 19 -19 29 22 -20 -23 -25 26 27 -26 -28 -4
right_child=-2 6 3 4 -6 9 16 8 -10 -11 13 12 -14 14 15 -17 -18 18 21 -21 -22 23 -24 24 25 -27 28 -29 -30 -31
leaf_value=0.00046278871358310537 0.0045373387620458649 0.0033326799515987671 -0.0004569110369249233 0.0029846464180817178 -0.0024424917230978505 0.00027632682670030849 -0.013157559029897176 0.049291270776115552 0.0026978760766146084 0.0075372416721350864 -0.0080972293428417021 0.0067333135676824352 -0.0020636121495010915 -0.0019528203124997952 0.006185096198197744 -0.0027513802757617774 -0.0014127746481621157 0.00087252868206778953 -4.6990551008330626e-05 0.0055832057924999016 -0.0025184096263509864 0.0058790233184218563 -0.0024626456009795464 0.0030870870064533397 0.0024810694907294903 0.0071978322033013154 -0.0004966370978624244 -0.0076832283507966299 -0.0043704219740444365 0.0059885455862221703
leaf_weight=898.47317588329315 81.817118883132935 80.301987051963806 689.76376613974571 81.817118883132935 572.71983218193054 153.02831494808197 9.8483569025993329 0.75756591558456321 419.69151723384857 40.908559441566467 31.817768454551697 164.01302072405815 34.848032116889954 170.45233100652695 68.180932402610779 37.87829577922821 885.59455531835556 262.4965897500515 1702.2506123185158 113.63488733768463 448.10023906826973 61.362839162349701 439.76701399683952 185.60364931821823 242.04231002926826 31.060202538967133 315.90498679876328 24.620892256498337 122.34689536690712 33.332900285720825
leaf_count=881 54 92 672 54 378 101 26 2 412 30 21 109 23 114 45 25 1003 309 1131 75 502 42 297 442 606 55 642 62 188 22
internal_value=1.57584e-05 -2.86919e-05 0.000119005 -0.000117968 -0.0017641 8.25474e-05 -0.00114077 0.00120206 0.00278183 0.00158324 0.00121432 0.00305415 0.00519176 -0.000885451 -5.56025e-05 0.0029935 -0.00154195 -0.000142647 0.000164964 0.00229569 -0.0010622 -9.1498e-05 -0.000542937 0.000892273 0.000560233 -7.70076e-05 -0.000397554 0.0015426 -0.00157808 -0.000159792
internal_weight=8404.44 8322.62 7346.87 6027.95 654.537 5373.42 975.745 1318.92 420.449 701.127 660.219 351.889 198.861 308.329 276.512 106.059 895.443 4672.29 3501.09 376.131 1171.2 3124.96 2142.02 982.942 921.579 735.975 704.915 266.663 438.252 723.097
internal_count=8415 8361 7240 5945 432 5513 1121 1295 414 468 438 233 132 205 184 70 1029 5045 3849 384 1196 3465 1428 2037 1995 1553 1498 668 830 694
is_linear=0
shrinkage=0.03


Tree=115
num_leaves=31
num_cat=0
split_feature=96 92 106 37 15 54 33 71 38 79 92 95 9 41 84 38 14 37 13 57 50 30 60 78 74 77 33 15 40 34
split_gain=1.23751 2.45168 1.85752 1.36995 1.34354 1.63451 1.35344 2.18848 1.62728 1.37323 2.43229 2.12545 1.82787 1.55246 1.44011 1.29438 1.28701 1.83407 1.4979 1.81735 1.62949 1.61171 1.27856 1.26285 1.74251 1.91466 1.25984 1.44418 1.23901 1.27303
threshold=11.243999999999973 14.191770893406385 124.50000000000001 1.7273888888888891 1026.6155000000001 0.54000000000000026 11.595000000000001 14.020000000000001 0.053025057847383143 0.0036891311075671709 13.434897923875434 16.880000000000003 74.180000000000021 0.38000000000000006 -11.259500000000001 0.11586630203934314 45.565000000000005 2.6755000000000009 4.7235000000000005 19.450000000000003 0.18702503183796323 -0.099999999999999964 1.4975000000000593 0.2100000000000001 0.37914000468723236 1.0950000000000004 13.985000000000001 1016.9405000000002 3.3050000000000002 0.56301906021885717
decision_type=2 10 2 2 10 2 10 10 2 2 10 8 2 2 2 2 10 2 10 10 2 2 2 2 2 2 10 10 2 10
left_child=4 2 3 -2 6 -6 -1 -8 -9 11 12 -10 -11 15 -15 -14 17 -16 20 21 -18 -20 -19 -13 25 -25 -22 -28 -29 -30
right_child=1 -3 -4 -5 5 -7 7 8 9 10 -12 23 13 14 16 -17 18 22 19 -21 26 -23 -24 24 -26 -27 27 28 29 -31
leaf_value=-0.00040308847104318678 0.0060333522283904694 -0.0053997303307322317 0.0080656119838669795 -0.00084083611920426156 -0.00076505926537132703 -0.0049342478835339276 0.0038901073328982488 0.0043725549088341389 0.0044667182482686675 -0.0026197498197426793 -0.0042291387704790247 0.001004092236105333 -0.00031192985151271371 0.0079788901508314764 0.00090359501924045763 -0.0037116924678154656 -0.0025745043234210664 -0.001710247726624876 0.0023894209087958768 -0.0068456398759834175 -0.0020451696490668245 -0.00031958019882476766 -0.010425023508593376 -0.004955436180764509 -0.0078711900205852368 0.0030112828755957592 0.0077180514545139682 0.0048537439850256728 -0.0045492966207864262 0.0021400181285963376
leaf_weight=3487.4546923935413 39.393427610397339 31.817768454551697 57.57500958442688 77.271723389625549 665.14287388324738 96.968437194824219 156.05857861042023 84.847382545471191 142.80117508769035 218.17898368835449 128.78620564937592 827.26197981834412 436.35796737670898 24.242109298706055 77.271723389625549 131.05890339612961 56.059877753257751 30.302636623382568 274.61764439940453 31.817768454551697 42.423691272735596 705.29386740922928 30.302636623382568 45.453954935073853 34.848032116889954 67.423366487026215 59.090141415596008 133.3316011428833 30.302636623382568 165.149369597435
leaf_count=5145 26 21 38 51 439 64 103 56 95 144 85 546 288 16 51 88 37 20 185 21 28 470 20 30 23 46 39 88 20 109
internal_value=-3.81885e-05 0.00225797 0.00365633 0.00148032 -9.60096e-05 -0.00129553 2.71817e-05 0.000408682 0.000264844 0.000170453 -0.000210758 0.00104849 8.34211e-07 0.000257501 0.0007205 -0.00109719 0.000612943 -0.00216068 0.000868215 0.000210497 0.00223641 0.00043961 -0.00606764 0.000547841 -0.00200716 -0.000196792 0.00286319 0.00340004 0.00262399 0.00110292
internal_weight=8388.91 206.058 174.24 116.665 8182.85 762.111 7420.74 3933.28 3777.22 3692.38 2574.59 1117.79 2445.8 2227.62 1660.21 567.417 1635.96 137.877 1498.09 1011.73 486.357 979.912 60.6053 974.987 147.725 112.877 430.297 387.874 328.784 195.452
internal_count=8392 136 115 77 8256 503 7753 2608 2505 2449 1709 740 1624 1480 1104 376 1088 91 997 676 321 655 40 645 99 76 284 256 217 129
is_linear=0
shrinkage=0.03


Tree=116
num_leaves=31
num_cat=0
split_feature=3 13 27 68 19 57 9 57 82 97 91 14 91 33 19 16 79 78 79 93 60 86 93 58 32 89 13 63 58 15
split_gain=1.95972 2.21267 1.9647 3.12915 1.50132 1.48703 2.60756 1.80872 1.62831 1.46549 1.48944 2.69185 2.17342 1.99434 1.95099 1.9426 1.82559 2.73102 2.01276 1.80506 1.73704 1.5916 1.8348 1.54775 1.54722 1.74645 1.525 1.48848 1.54246 1.4761
threshold=3.8150000000000004 1.5985000000000003 0.96500000000000008 4.6593082191780821 -0.15384811129175294 18.265000000000004 85.75500000000001 20.160000000000004 1.8283480419674534 11.232379302309038 0.017625232153065256 55.715000000000011 0.0056836324988190842 11.925000000000002 -0.8489703945716448 -0.94123492117109386 0.0053874352511221356 0.2100000000000001 0.033574139207700839 14.635000000000003 4.51150000000007 0.38980204787942119 16.915000000000003 0.65660721169954006 11.582642857142858 1.9950000000000003 26.380000000000003 2.1350000000000002 1.3666638298299907 1026.4880000000003
decision_type=2 8 2 8 10 10 2 10 10 8 2 8 2 10 10 2 2 2 2 10 2 2 8 8 10 2 10 2 10 10
left_child=2 -2 -1 -4 -3 9 -7 8 -8 -5 11 12 14 -14 -11 -12 17 24 23 -16 21 -17 -23 -18 -13 -26 27 28 -20 -15
right_child=1 4 3 5 -6 6 7 -9 -10 10 15 16 13 29 19 20 18 -19 26 -21 -22 22 -24 -25 25 -27 -28 -29 -30 -31
leaf_value=-0.0089548845732719973 -0.00014528964712211411 -0.0034098674886824817 0.011614276211248985 -0.0047860271123352713 -0.01087714033508993 -0.0039863500549699284 -8.0939156126912036e-05 -0.00094288201638870813 0.0038971968648100356 0.0036315405734703935 0.0065936823582036985 0.00062560319188121206 -0.0027176085714988875 0.0043547876677954827 0.00049665622561811062 -0.0032854336197757814 -0.0048097949097667255 0.0056896995123705066 0.0013683625463570478 -0.0028692622259315352 -0.0076761188582512054 0.0005276159629800136 -0.00091066766446326847 -0.00042228209366430245 0.0062866035558102901 0.0011948188132054614 0.0071798768690429556 0.0070030925629962467 -0.0023872733718578562 -0.0011979618548087817
leaf_weight=21.59062859416008 149.99805128574371 79.544421136379242 21.211845636367798 58.332575500011444 34.848032116889954 72.726327896118164 124.24081015586853 143.9375239610672 363.63163948059082 59.090141415596008 34.848032116889954 800.74717277288437 78.786855220794678 159.08884227275848 191.28539368510246 170.83111396431923 81.817118883132935 142.80117508769035 530.67492386698723 572.71983218193054 30.302636623382568 1361.7247332632542 1929.1416040360928 626.12822923064232 104.54409635066986 144.31630691885948 37.87829577922821 35.226815074682236 120.83176353573799 59.090141415596008
leaf_count=36 99 120 14 40 23 48 82 95 240 39 74 950 52 105 127 208 54 170 798 378 20 913 2591 744 69 96 25 36 82 39
internal_value=-4.15012e-07 -0.00254198 8.27744e-05 0.000106996 -0.00568467 7.66167e-05 0.00139306 0.00201227 0.00288413 -4.99118e-05 -1.19203e-05 0.000404734 -0.000826556 0.00137355 -0.00162034 -0.00045435 0.00093012 0.00179729 0.000208319 -0.00202653 -0.000524685 -0.000462084 -0.000315522 -0.000929346 0.00126772 0.00333383 0.00131982 0.000996593 0.000671823 0.00285092
internal_weight=8341.94 264.391 8077.55 8055.96 114.392 8034.74 704.536 631.81 487.872 7330.21 7271.88 3745.03 1120.06 296.966 823.095 3526.85 2624.97 1192.41 1432.56 764.005 3492 3461.7 3290.87 707.945 1049.61 248.86 724.612 686.734 651.507 218.179
internal_count=8367 242 8125 8089 143 8075 465 417 322 7610 7570 3764 740 196 544 3806 3024 1285 1739 505 3732 3712 3504 798 1115 165 941 916 880 144
is_linear=0
shrinkage=0.03


Tree=117
num_leaves=31
num_cat=0
split_feature=23 67 98 92 66 84 87 44 95 27 33 11 64 41 54 91 23 65 12 60 100 25 68 7 42 74 34 33 40 37
split_gain=1.61561 1.58759 2.37015 2.36132 1.71584 1.60771 1.86046 1.59448 1.54903 1.6461 1.68108 1.71228 1.5413 1.48501 1.47448 1.38986 1.81515 1.81331 1.89118 1.69802 1.59325 1.58838 1.49712 1.48981 1.67102 2.30633 1.4673 1.38688 1.72086 1.95222
threshold=1.5780481744500816 0.021511379800853506 77.46287076063318 12.450692041522492 0.15000000000000027 0.070499999999981369 1.385 17.526052631578949 16.945000000000004 1.7550000000000001 15.205000000000002 19.355000000000004 3.0550000000000002 0.38000000000000006 0.059999999999999949 0.017625232153065256 1.6214344522406383 2.4350000000000009 71.65000000000002 2.6519999999999873 0.81818142562002361 2.9287500000000004 12.349383561643839 9.0550000000000015 1.2450000000000003 0.53309714014235599 0.56089002225120232 16.575000000000003 4.0150000000000006 2.0525000000000007
decision_type=2 2 10 10 2 2 2 10 10 2 10 10 2 2 2 2 2 2 8 2 2 2 8 2 2 2 8 8 2 2
left_child=-1 2 4 13 -2 -5 -7 8 12 -10 14 -12 -4 -3 -11 19 20 18 -18 22 21 -17 -15 24 27 -26 -22 -24 29 -29
right_child=1 3 7 5 -6 6 -8 -9 9 10 11 -13 -14 15 -16 16 17 -19 -20 -21 26 -23 23 -25 25 -27 -28 28 -30 -31
leaf_value=-0.0040740047540826487 -0.0010426247409563417 -0.0010950187919073872 0.001683699248443657 -0.0064555852198961098 0.0019045379513042322 -0.0037702457843044332 0.0014887834485535611 0.0072584202309419537 0.0015667233937717022 -0.00011729340113633276 0.0019211141903652121 -0.0031728140918349892 0.0069152945818675539 -0.00051325265084915469 -0.0026660824768379335 0.00620882606171982 0.0030207944450866362 -0.0077106491464573896 -0.0020260288487580908 0.0039802643247521547 -0.0040563862863232207 -0.00068627065917751422 0.0045090479388396124 -0.005538687977190703 0.01736246752374208 -0.00029419968996282958 0.00050785799544665199 0.0025290548284139852 0.012747917720540458 -0.0023274907377214284
leaf_weight=88.25642916560173 1212.8630308508873 1148.0911450684071 528.40222612023354 83.332250714302063 208.33062678575516 149.99805128574371 101.5138326883316 34.848032116889954 798.47447502613068 742.41459727287292 460.60007667541504 68.180932402610779 56.059877753257751 571.5834833085537 281.81452059745789 79.16563817858696 78.786855220794678 42.423691272735596 440.14579695463181 145.45265579223633 74.241459727287292 48.484218597412109 114.77123621106148 23.863326340913773 14.772535353899004 12.121054649353026 433.70648667216301 157.57371044158936 10.227139860391615 141.28604325652122
leaf_count=62 1963 1129 351 55 373 99 67 23 527 490 304 45 37 381 186 92 52 67 454 96 49 62 78 45 30 20 530 407 12 262
internal_value=-3.6533e-05 6.58817e-06 0.000396996 -0.000436302 -0.000610605 -0.00284418 -0.00164763 0.000879021 0.000803301 0.000459755 -0.000109388 0.0012643 0.0021855 -0.000208332 -0.000818587 0.000217858 -0.000504198 -0.00174731 -0.0012598 0.000943126 0.000593711 0.00358992 0.000520874 0.00176628 0.00215302 0.00940453 -0.00015925 0.00169291 0.000647214 0.000233121
internal_weight=8351.79 8263.53 4391.99 3871.54 1421.19 334.844 251.512 2970.79 2935.95 2351.48 1553.01 528.781 584.462 3536.7 1024.23 2388.61 1196.95 561.356 518.933 1191.65 635.598 127.65 1046.2 474.615 450.752 26.8936 507.948 423.858 309.087 298.86
internal_count=8348 8286 4299 3987 2336 221 166 1963 1940 1552 1025 349 388 3766 676 2637 1306 573 506 1331 733 154 1235 854 809 50 579 759 681 669
is_linear=0
shrinkage=0.03


Tree=118
num_leaves=31
num_cat=0
split_feature=27 67 80 57 57 81 39 80 54 98 87 106 68 59 15 74 13 76 20 66 72 3 86 33 38 50 31 80 51 64
split_gain=1.93898 1.65402 2.41637 2.89754 2.25099 3.13931 2.2822 1.79046 1.73262 1.70413 1.69085 2.74508 1.54938 1.92742 1.52947 1.81334 1.55043 1.50804 1.42225 1.41403 1.39675 1.39341 1.62052 1.83099 1.38722 1.3303 1.70485 1.31312 1.51229 1.29991
threshold=0.96500000000000008 -0.022885383555591266 10.983604885057472 14.475000000000003 12.705000000000002 14.535000000000002 1.6450000000000002 16.417000000000005 0.15000000000000005 75.159629477274393 1.3650000000000004 128.50000000000003 14.53908904109589 21.805000000000003 1026.6155000000001 0.34193362984890302 20.23 3.8050000000000002 -0.99044909197454423 -0.27999999999999986 1.4584999999999584 3.0250000000000004 0.56522864835337383 16.095000000000002 0.14484090889278792 0.098534583518515323 -0.2339999999999994 11.435862068965518 1.9650000000000001 3.3550000000000004
decision_type=2 2 10 10 10 10 2 8 2 10 2 2 10 10 10 2 10 2 10 2 2 2 2 10 2 2 2 10 2 2
left_child=-1 4 12 -4 19 -6 17 10 9 -8 14 25 13 -3 16 -16 18 -7 -5 20 -2 24 -23 -24 -20 -12 -27 28 -26 -22
right_child=1 2 3 7 5 6 8 -9 -10 -11 11 -13 -14 -15 15 -17 -18 -19 21 -21 29 22 23 -25 27 26 -28 -29 -30 -31
leaf_value=-0.0088648992065920931 -0.0014027749703442855 0.00028814618881179099 -0.0026473305284469119 0.0034083133320298702 0.0059921971277421791 0.0046585626813712934 -0.0040512479633821432 -0.0048652492944560328 -0.0023726235235996293 0.0013686312046729465 0.0088449095881130597 -0.0043495668517792531 -0.0052137775352940905 0.0072316946543433507 0.0015716312952918654 -0.0058826634790786533 -0.0044906165184756385 -0.002362255299965452 -0.0012716103170596063 0.0017526639054572554 0.0030196740043249445 -0.0081073055507114647 -0.0061853771264826097 3.3875223954832398e-05 0.00060528607421719935 0.0078466314111035971 0.0011905285065708622 0.00078657763635620829 0.0098652980441070615 -0.0036193392162958507
leaf_weight=21.969411551952362 721.20275163650513 3410.1829690039158 656.0520828962326 101.89261564612389 128.78620564937592 204.54279720783234 56.059877753257751 74.241459727287292 165.149369597435 760.59617924690247 30.302636623382568 56.059877753257751 45.453954935073853 36.363163948059082 42.423691272735596 95.45330536365509 72.726327896118164 31.817768454551697 268.17833411693573 242.04231002926826 130.30133748054504 34.848032116889954 53.408397048711777 210.60332453250885 30.302636623382568 40.908559441566467 225.75464284420013 365.90433722734451 33.332900285720825 33.332900285720825
leaf_count=37 1097 4266 433 68 85 135 37 49 109 502 20 37 30 24 28 63 48 21 177 339 86 23 36 139 20 27 149 243 22 22
internal_value=3.58834e-05 5.92789e-05 -0.000214354 -0.000948822 0.000710158 0.00153788 0.00106696 -0.000307065 0.000429847 0.00099658 -0.000103463 0.00173911 0.000288835 0.000361405 -0.00060036 -0.00358903 -0.000248524 0.00371345 3.23323e-05 -0.000279215 -0.000835025 -0.000312836 -0.00202684 -0.00122425 0.000421337 0.0028885 0.00221164 0.00147831 0.00545577 0.00166728
internal_weight=8380.19 8358.22 5884.39 2392.39 2473.83 1346.95 1218.17 1736.34 981.805 816.656 1662.1 353.026 3492 3446.55 1309.07 137.877 1171.2 236.361 1098.47 1126.88 884.837 996.578 298.86 264.012 697.718 296.966 266.663 429.54 63.6355 163.634
internal_count=8372 8335 5902 1582 2433 889 804 1149 648 539 1100 233 4320 4290 867 91 776 156 728 1544 1205 660 198 175 462 196 176 285 42 108
is_linear=0
shrinkage=0.03


Tree=119
num_leaves=31
num_cat=0
split_feature=22 41 73 60 69 69 16 23 61 63 55 31 97 23 34 82 45 15 95 56 72 67 92 66 58 37 68 46 31 49
split_gain=1.62898 2.04141 3.22168 1.55736 1.77146 1.77169 1.46811 2.67256 1.85802 3.19664 2.07441 1.51057 1.46651 1.42074 1.37339 1.35868 1.84306 1.67208 1.35729 1.31719 1.27528 1.27475 2.79609 1.97891 1.45866 1.37336 1.81725 1.35618 1.32991 1.33533
threshold=7.5350500000000009 1.8350000000000002 1.0543150684931508 1.9375000000000002 16.215000000000003 14.655000000000003 -0.62707976250810538 1.6062983563945432 1.0160810810810814 0.57500000000000007 0.34370477674413263 -0.43949999999999884 81.814060397163288 1.5780481744500816 1.2763041767136569 4.7745223575759459 17.105000000000004 1011.0090000000001 18.960000000000004 15.663108108108107 1.8975000000000366 -0.022885383555591266 11.366910034602077 -0.36999999999999972 1.1363358446582887 1.9870000000000001 11.570472602739727 1.2489561568137764 0.14400000000000029 1.3973684210526318
decision_type=2 2 2 2 10 10 2 2 2 2 2 2 10 2 10 10 10 10 10 10 2 2 10 2 10 2 10 10 2 2
left_child=1 3 -3 13 5 20 7 12 -8 -10 11 -11 -2 -1 18 16 19 -18 -6 21 -5 23 27 24 -15 -26 -27 -23 -25 -30
right_child=6 2 -4 4 14 -7 8 -9 9 10 -12 -13 -14 15 -16 -17 17 -19 -20 -21 -22 22 -24 28 25 26 -28 -29 29 -31
leaf_value=-0.005820750731329853 -0.0015800457646638075 -0.0014210519760343644 0.02340492206811055 -0.0032905516950382666 -0.0032243425095725632 0.0042520067195058455 0.014357237910692393 0.002196595245560195 -0.011045201062328442 0.0026006710715932068 0.0051147554815740275 -0.001590970260987356 -0.010661954997654292 -0.00099168686004480803 -0.0033368365573900089 -0.0049993174103146075 -0.002177398123890003 0.0045087284642618044 0.0015974008077865841 0.0083409852751285159 0.0018292716558087443 0.00013649276782780453 -0.0026755211742334091 0.0032854493815364602 0.0027770248639009988 -0.0033542934986110439 0.0015283856343920104 -0.0017255389733280997 0.0066386565784933016 -0.00092331350404862515
leaf_weight=38.257078737020493 65.150668740272522 10.227139860391619 8.7120080292224866 56.059877753257751 64.014319866895676 251.8906669318676 6.818093240261077 292.0416604578495 29.923853665590286 82.195901840925217 46.211520850658417 1320.0586079061031 21.211845636367798 701.12725487351418 94.316956490278244 48.863001555204391 43.938823103904724 143.9375239610672 293.17800933122635 16.666450142860413 199.99740171432495 2614.3599746823311 439.38823103904724 324.61699482798576 239.39082932472229 109.08949184417725 184.84608340263367 406.81289666891098 24.242109298706055 157.95249339938164
leaf_count=26 76 24 23 37 43 167 15 291 52 82 44 1271 14 969 63 33 29 95 195 11 132 3194 290 338 158 72 122 270 25 159
internal_value=-6.1059e-05 0.000163989 0.0099989 0.000135124 0.00125031 0.00246565 -0.000842599 0.000825563 -0.00126762 -0.00133968 -0.00113917 -0.00134527 -0.00381069 -5.9647e-05 -0.000116945 -1.92449e-05 2.57652e-05 0.00294504 0.000733271 -7.93345e-05 0.000708364 -0.000106313 -0.000439444 0.000555746 -9.22728e-05 0.00109012 -0.000283743 -0.000114237 0.00213414 8.2853e-05
internal_weight=8335.5 6471.89 18.9391 6452.95 959.457 507.948 1863.61 378.404 1485.21 1478.39 1448.47 1402.25 86.3625 5493.49 451.509 5455.23 5406.37 187.876 357.192 5218.49 256.057 5201.83 3460.56 1741.27 1234.45 533.326 293.936 3021.17 506.812 182.195
internal_count=8320 6475 47 6428 637 336 1845 381 1464 1449 1397 1353 90 5791 301 5765 5732 124 238 5608 169 5597 3754 1843 1321 352 194 3464 522 184
is_linear=0
shrinkage=0.03


Tree=120
num_leaves=31
num_cat=0
split_feature=98 30 51 7 21 7 85 41 39 16 13 58 15 18 97 54 60 75 100 106 96 95 92 96 55 16 75 60 92 44
split_gain=1.49502 2.54105 1.87182 2.42175 1.50501 2.24129 2.21821 2.05257 1.54972 1.64172 2.07868 1.63546 1.47578 1.611 1.68459 1.37065 1.35438 1.34988 1.32787 2.16082 1.44104 1.29043 1.55519 1.27954 1.18419 1.99387 1.15261 1.14643 1.66626 1.33515
threshold=107.66377461695232 0.59000000000000008 2.8750000000000004 8.6450000000000014 0.52261609476129534 10.285000000000002 1.0774482758620691 2.0950000000000002 1.4450000000000001 -0.42759453536902731 9.6150000000000002 2.1114518534842639 1001.3545 -0.38598654602074728 47.203110003686668 0.36000000000000026 5.0430000000000073 0.59500000000000008 0.63781634496971373 49.500000000000007 10.977999999999954 21.260000000000002 9.7499426422529822 13.450500000000035 0.30523684210526336 0.19140859510222866 2.2450000000000006 2.289499999999919 12.294048442906577 11.721315789473687
decision_type=8 2 2 2 8 2 2 2 2 2 10 10 10 10 10 2 2 2 2 2 2 10 10 2 2 2 2 2 10 10
left_child=1 2 3 18 8 16 7 -7 17 10 15 21 -5 -14 -15 -10 23 -2 19 -1 -21 22 -11 24 -6 -26 -23 -20 29 -29
right_child=4 -3 -4 12 5 6 -8 -9 9 11 -12 -13 13 14 -16 -17 -18 -19 27 20 -22 26 -24 -25 25 -27 -28 28 -30 -31
leaf_value=0.0033641053696590252 0.000383969728076103 -0.0075555997989196887 -0.0034681273455049182 0.0082496255378099459 5.7374733967395097e-05 -0.010503715394445886 -0.016357722526236788 0.0090578219076909421 0.0053371800632365527 -0.00049381085646746088 -0.0030592064692934943 -0.0035584693195338029 0.0072965632087762348 -0.0013939555640617119 0.003212236473256482 0.0012802217570821472 -0.0051221915699225309 0.0063615920113859192 -0.0014018314563406862 -0.00080018525419405287 0.0035641746446549473 -0.0026738727257774211 0.0033433669426973294 0.0075220195342016538 0.0053252813593542827 -0.0070994480041078915 0.0035170684243877991 0.00055763797550344456 -0.0047352466106530215 0.0067034312422289584
leaf_weight=172.72502875328064 53.787180006504059 45.453954935073853 169.69476509094238 31.817768454551697 4006.0085616111755 9.8483569025993365 14.772535353899 9.4695739448070508 162.11910593509674 175.37650945782661 51.514482259750366 99.998700857162476 37.87829577922821 156.05857861042023 131.81646931171417 139.39212846755981 43.938823103904724 92.423041701316833 1349.2248956561089 672.71853303909302 75.756591558456421 143.9375239610672 207.57306087017059 21.211845636367798 78.786855220794678 13.636186480522154 33.332900285720825 96.968437194824219 34.848032116889954 47.347869724035263
leaf_count=114 37 30 112 21 5287 26 27 25 107 136 40 66 25 103 87 92 29 64 898 444 50 95 137 14 112 21 22 64 23 32
internal_value=1.75493e-05 -0.00051595 -0.000408461 -0.000223502 0.000318531 5.42619e-05 -0.00760669 -0.000914727 0.00127529 0.000858657 0.00251007 -2.43688e-05 0.00208281 0.00148047 0.000715196 0.0034616 0.000116988 0.00416257 -0.000560158 0.00033953 -0.000358448 0.000606465 0.00158608 0.000172867 0.000134831 0.00349212 -0.00150976 -0.00110242 0.00115231 0.00257397
internal_weight=8379.44 3022.31 2976.86 2807.16 5357.13 4197.67 34.0905 19.3179 1159.45 1013.24 353.026 660.219 357.571 325.753 287.875 301.511 4163.58 146.21 2449.59 921.2 748.475 560.22 382.95 4119.64 4098.43 92.423 177.27 1528.39 179.164 144.316
internal_count=8340 2003 1973 1861 6337 5541 78 51 796 695 239 456 236 215 190 199 5463 101 1625 608 494 390 273 5434 5420 133 117 1017 119 96
is_linear=0
shrinkage=0.03


Tree=121
num_leaves=31
num_cat=0
split_feature=39 23 17 26 64 94 87 57 91 52 79 53 7 3 75 68 75 44 8 20 2 63 40 75 61 69 75 34 51 40
split_gain=1.53194 2.06424 1.78508 2.47845 1.95481 1.68644 1.59229 1.53366 1.43717 1.39855 1.38478 1.31113 1.5153 1.67138 1.56317 1.25684 1.24097 1.18416 1.67816 2.03392 1.4705 1.8843 1.67413 1.58777 1.56424 1.40654 1.56396 1.30946 1.27808 1.70103
threshold=1.425 1.6106693786743027 -0.53604772113315668 0.22514809940718289 3.1550000000000007 2.544680030962819 0.57500000000000007 15.435 0.010633070410440535 2.0650000000000004 0.062084875971862248 2.8000000000000003 8.8150000000000031 4.2500000000000009 0.82500000000000007 5.6522602739726038 0.77500000000000013 15.10342105263158 4.3450000000000006 -0.91201273606214628 1.0000000180025095e-35 0.89500000000000013 2.5650000000000004 1.9450000000000001 3.0454054054054058 17.370000000000001 0.52500000000000013 0.52104290051706592 1.3050000000000004 1.8950000000000002
decision_type=2 2 2 2 2 8 2 10 2 2 2 2 2 2 2 8 2 10 2 10 2 2 2 2 2 10 2 8 2 2
left_child=1 6 3 9 5 7 -1 8 -4 -3 -6 12 13 15 16 -2 -14 18 20 27 24 -22 23 -23 28 -19 -27 -20 -17 -30
right_child=11 2 4 -5 10 -7 -8 -9 -10 -11 -12 -13 14 -15 -16 17 -18 25 19 -21 21 22 -24 -25 -26 26 -28 -29 29 -31
leaf_value=-0.012364692001793718 -0.010572279677549002 -0.00089079071651753522 0.0017131028706777768 -0.012091607986029497 0.014431957375745747 0.0025338698468660909 0.00019072167897654473 -0.0060371304004870497 -0.0026329493462704592 0.010102109550323733 0.00028421016791154135 -0.0079126138662862673 0.0028233186771121055 -0.0063646612247835691 0.00057522075723812115 -0.0018072103937047895 0.010522105879492793 0.0040320361077440022 0.012661622093746159 -0.0032767657554779814 0.002526298063283972 -0.0012923292215998583 -0.0044648573601847267 0.0096849453852822127 0.0041281414619389559 -0.0044094038866305469 0.00073361503071895946 -0.00056830632574277019 0.0016789085479913873 -0.00013255681595834438
leaf_weight=18.181581974029541 10.605922818183897 201.1337505877018 258.3299772143364 17.424016058444977 18.181581974029545 569.3107855618 18.181581974029541 34.848032116889954 93.180607616901398 10.984705775976179 9.4695739448070508 19.696713805198669 80.301987051963806 40.529776483774185 464.00912329554558 324.99577778577805 24.620892256498337 106.05922818183899 6.818093240261077 372.72243046760559 101.13504973053932 548.09893992543221 168.55841621756554 12.121054649353026 84.089816629886627 57.57500958442688 702.6423867046833 540.52328076958656 556.81094795465469 2877.9929133057594
leaf_count=30 7 267 172 34 18 744 15 23 63 17 22 37 89 35 397 291 20 70 6 255 189 841 262 20 69 38 466 887 459 2504
internal_value=-1.27966e-05 0.000955988 0.00116714 -0.00121495 0.00172321 0.00149569 -0.00608699 -3.41033e-05 0.000561024 -0.000321516 0.00958684 -0.000183254 -0.000161751 -0.000291482 0.00132299 -0.000253443 0.00462989 -0.000236502 -0.000396339 -0.00156748 -0.000165794 -0.00131101 -0.00184353 -0.00105482 8.14633e-05 0.000795626 0.000344109 -0.000403504 -9.04268e-06 0.000161097
internal_weight=8349.13 1249.23 1212.86 229.542 983.321 955.669 36.3632 386.359 351.511 212.118 27.6512 7099.91 7080.21 6511.28 568.932 6470.75 104.923 6460.14 5593.87 920.064 4673.8 829.913 728.778 560.22 3843.89 866.277 760.217 547.341 3759.8 3434.8
internal_count=8347 1405 1360 318 1042 1002 45 258 235 284 40 6942 6905 6399 506 6364 109 6357 5783 1148 4635 1312 1123 861 3323 574 504 893 3254 2963
is_linear=0
shrinkage=0.03


Tree=122
num_leaves=31
num_cat=0
split_feature=98 96 43 54 82 25 56 58 70 72 90 96 21 58 98 90 21 66 65 13 104 99 82 48 25 79 93 94 18 72
split_gain=1.24796 1.40323 1.33492 1.46382 1.32403 1.83506 1.73201 1.59587 1.72678 1.40586 1.40009 1.37417 1.59936 1.34696 1.34627 1.26373 1.65798 1.27074 1.77308 1.74571 1.79141 1.36887 1.32635 1.43696 1.29999 1.2946 1.25824 1.24353 1.31091 1.81125
threshold=140.80919729335429 10.09100000000001 -0.17481818181818135 0.30000000000000021 1.4850251762224691 1.8462500000000004 11.937567567567571 1.065741293257134 1.1563317633480532 3.5690000000000173 1.7550000000000006 -0.76350000000002172 0.54534876140992905 2.0279266967926675 51.730790659032593 3.1250000000000004 -0.8584674229618271 -0.61999999999999988 0.95000000000000007 28.165000000000003 0.5103806228373704 0.86031774620775558 1.405989482687551 0.5980000000000133 1.9037500000000003 0.056261569788967021 11.500000000000002 4.7363892522780402 -0.49295504625977032 1.5535000000000425
decision_type=10 2 2 2 10 2 10 10 10 2 2 2 10 10 10 2 8 2 2 10 2 2 10 2 2 2 10 10 10 2
left_child=1 4 -2 -4 7 9 -7 8 15 26 27 13 -13 -12 -9 16 -1 21 22 20 -20 -18 23 25 -22 -19 -6 28 -8 -30
right_child=2 -3 3 -5 5 6 10 14 -10 -11 11 12 -14 -15 -16 -17 17 18 19 -21 24 -23 -24 -25 -26 -27 -28 -29 29 -31
leaf_value=0.0096162246645884446 -0.0020561657271969055 0.0018788516010666374 0.0019098420494096848 5.5352996195160625e-05 0.0055616118531483637 -0.0021364087986824698 -0.00048811361195633623 -0.0040151923323837376 -0.0030503763524457332 0.003410140711505554 0.00089277553078422793 -0.00089043673307987099 -0.0054128363391426322 -0.0053991669882144334 0.0022434475644993227 -0.0053645226769961519 -0.00041760197417921243 -1.2103256782176079e-05 0.0011862001379082481 0.0078466180925834753 -0.00052520690524184824 -0.0053395615676364774 0.0039804110497297174 -0.0043126300562147868 -0.017099171279989014 -0.0042681420011315445 -0.00023679470142389832 -0.0031070107551443935 6.7686555809190057e-05 0.0041964515039463364
leaf_weight=16.666450142860413 145.45265579223633 274.23886144161224 740.8994654417038 793.17151361703873 34.848032116889954 960.59358096122742 594.6892437338829 33.332900285720825 169.69476509094238 118.18028283119202 193.93687438964844 136.36186480522156 145.45265579223633 36.363163948059082 429.53987413644791 37.499512821435928 163.25545480847359 633.70388838648796 931.04851025342941 34.848032116889954 8.7120080292224902 73.86267676949501 53.029614090919495 98.483569025993347 8.3332250714302045 71.589979022741318 1006.0475358963013 99.998700857162476 236.36056566238403 160.60397410392761
leaf_count=20 96 181 489 525 23 634 394 22 112 78 128 90 96 24 285 75 380 1175 2059 23 23 165 35 65 22 162 664 72 156 106
internal_value=-4.13286e-05 -0.000223135 0.000690571 0.000951003 -0.000311996 -0.00068124 -0.00112899 0.000185491 -0.000137865 0.000309381 -0.000525593 -0.00181975 -0.00322458 -0.000100689 0.00179274 9.40595e-05 0.000191834 0.000116205 0.000382613 0.00125214 0.00100976 -0.0019508 -0.000614922 -0.000918102 -0.00862803 -0.000444107 -4.26705e-05 8.15207e-05 0.000403053 0.0017381
internal_weight=8440.8 6761.28 1679.52 1534.07 6487.04 3723.44 2564.36 2763.6 2300.73 1159.08 1603.77 512.115 281.815 230.3 462.873 2131.03 2093.53 2076.87 1839.75 982.942 948.094 237.118 856.807 803.777 17.0452 705.294 1040.9 1091.65 991.654 396.965
internal_count=8379 7269 1110 1014 7088 2465 1700 4623 4316 765 1066 338 186 152 307 4204 4129 4109 3564 2127 2104 545 1437 1402 45 1337 687 728 656 262
is_linear=0
shrinkage=0.03


Tree=123
num_leaves=31
num_cat=0
split_feature=39 102 65 67 92 66 67 100 20 77 83 57 70 7 32 99 33 86 56 91 89 16 51 33 100 66 67 80 53 82
split_gain=1.42481 2.03574 1.6805 1.54966 3.43731 2.62822 2.11748 2.05196 1.73062 1.59434 1.56674 1.49528 1.49092 1.46904 1.59886 1.44315 1.44014 1.42287 1.39573 1.37866 1.37707 2.11703 1.8412 1.57897 1.36002 1.8648 1.48024 1.35389 1.20943 1.45649
threshold=1.2150000000000001 71.500000000000014 2.8800000000000003 0.021511379800853506 12.450692041522492 -0.050000000000000148 -0.018911806543385503 0.78173560651968932 -0.85851267592096281 1.8850000000000005 13.240000000000002 12.935 2.2272172521781095 5.7350000000000012 10.670714285714288 1.2392879675241495 18.015000000000004 0.76467713832904793 12.425270270270273 0.046655349551251786 2.305000000000001 -0.27530179539967709 0.76500000000000012 17.300000000000001 0.75393893795646805 -0.35499999999999993 -0.041105974395448067 9.686337931034485 1.1450000000000005 2.0343089077077221
decision_type=2 2 2 2 10 2 2 2 8 2 8 10 8 2 8 2 10 2 10 2 2 2 2 10 2 2 2 10 2 8
left_child=1 -1 20 5 13 6 12 10 18 -6 -7 -12 16 14 -5 19 24 -15 -9 -11 23 -22 -23 27 25 26 -2 -3 29 -16
right_child=3 2 -4 4 9 7 -8 8 -10 15 11 -13 -14 17 28 -17 -18 -19 -20 -21 21 22 -24 -25 -26 -27 -28 -29 -30 -31
leaf_value=-0.007197387622088167 0.00092076508173489493 0.0022348543972504058 0.010586999811572684 -0.0048126464065648793 -0.0052148375028832072 0.010140400454921388 -0.0016554207744753774 0.00033181708889321656 -0.00067447222518182898 0.0066440765587388378 0.00049461777751927903 0.0036034745731076353 -0.00098295058254204565 0.00026331419068466034 -0.0031420565394244177 -0.0044881346281927812 0.0060587249990682619 -0.0014308131509544206 0.0055631223886785288 -0.0020863828927958198 0.0024939767824451956 -0.017149934871132498 -0.0013325343743975306 0.010455364194611348 -0.0015475407046939818 0.0031441110180818457 -0.0018267717178153773 -0.0046494561541724089 -0.0058907617300348152 0.0019954200758969063
leaf_weight=23.105760425329208 872.71593475341797 366.2831201851368 19.317930847406387 126.13472494482994 198.48226988315582 24.242109298706055 711.73317769169807 99.998700857162476 489.0087985098362 31.817768454551697 232.57273608446121 346.96518933773041 664.76409092545509 2303.0003833770752 77.271723389625549 53.029614090919495 43.938823103904724 553.40190133452415 84.847382545471191 33.332900285720825 31.438985496759415 12.878620564937593 13.636186480522154 19.696713805198669 236.36056566238403 271.20859777927399 221.20924735069275 27.651155918836594 34.469249159097672 139.01334550976753
leaf_count=37 576 433 39 84 131 16 676 66 511 21 320 229 1185 2396 51 35 29 624 56 22 41 31 18 13 156 179 146 19 37 193
internal_value=-2.52368e-05 0.00150494 0.00191454 -0.000125437 -0.000589331 0.000257579 -0.000224702 0.0013983 0.000260256 -0.00357226 0.00266842 0.00235587 0.000216078 -0.000297188 -0.00205762 -0.000813584 0.000700492 -6.49075e-05 0.00273307 0.00217733 0.00155928 -0.00277169 -0.00901527 0.00216609 0.000553483 0.000917256 0.000365169 0.00175163 -0.000671782 0.000159964
internal_weight=8363.53 514.008 490.903 7849.52 3549.95 4299.57 3021.93 1277.63 673.855 316.663 603.78 579.538 2310.2 3233.29 376.889 118.18 1645.43 2856.4 184.846 65.1507 471.585 57.9538 26.5148 413.631 1601.49 1365.13 1093.93 393.934 250.754 216.285
internal_count=8370 631 594 7739 3594 4145 2947 1198 633 209 565 549 2271 3385 365 78 1086 3020 122 43 555 90 49 465 1057 901 722 452 281 244
is_linear=0
shrinkage=0.03


Tree=124
num_leaves=31
num_cat=0
split_feature=31 26 36 86 51 100 100 34 42 79 43 16 7 59 46 48 73 2 41 70 73 39 47 7 78 36 40 68 34 81
split_gain=1.70439 1.13771 1.67197 1.46306 2.43962 4.19056 1.51087 1.45177 1.63705 2.01616 1.44757 1.32031 1.36342 1.6605 1.91119 1.46563 1.31728 1.23892 1.16833 1.12545 1.07847 1.39814 1.12344 1.11551 1.05656 1.04002 0.986856 1.55147 1.43736 0.97611
threshold=-0.45749999999999963 0.16915229420488201 0.86799999999999511 0.59300334671554455 0.72500000000000009 0.70756395965235486 0.97468321529681201 0.46224606515464517 1.1750000000000005 0.024784339133654212 0.10409090909090951 -0.19791396724237717 8.7750000000000004 8.115000000000002 0.98771249806811834 -1.2860000000000011 2.6388356164383562 1.0000000180025095e-35 0.745 1.99799301461227 3.507191780821918 2.2350000000000008 18.815000000000001 7.205000000000001 0.53500000000000014 1.1195000000000166 3.8950000000000005 15.331506849315071 0.76414751655324642 19.325000000000003
decision_type=2 2 2 2 2 2 2 8 2 2 2 2 2 8 10 2 2 2 2 10 2 2 10 2 2 2 2 10 10 10
left_child=-1 10 3 7 5 -5 -6 -3 -9 -10 17 25 13 -13 19 -14 -8 18 26 -15 21 22 -19 -23 -16 -12 27 -2 -29 -20
right_child=1 2 -4 4 6 -7 16 8 9 -11 11 12 15 14 24 -17 -18 20 29 -21 -22 23 -24 -25 -26 -27 -28 28 -30 -31
leaf_value=0.0024702075595074693 -6.3866027096568236e-05 -0.0035466462623367436 -0.0058533181729923762 0.0024041248693090081 -0.00047673859916564179 -0.021536985488081552 -0.0022634983052814374 0.00043035953158232227 0.012738697513431908 0.00064014326060656934 0.0014867524715440257 0.021509552593355373 0.011017416634962246 -0.00026513089723746377 -0.00020199679462440945 0.001359352607307083 -0.0094885763436476766 -0.00090759904534751462 0.0032597910881065626 0.0040782457495640769 0.003310718856116049 -0.005775343339777762 0.0058772156442953244 -0.0013472241592343125 -0.0048597897821534225 0.0077827957291082056 -0.0034690588724819696 -0.00078940845917398867 0.0054448102593451517 -0.00095414246815546508
leaf_weight=255.67849650979042 3927.2217063903809 72.726327896118164 57.57500958442688 12.121054649353029 430.67622300982475 14.393752396106718 74.999025642871857 471.20599949359894 22.726977467536926 27.272372961044312 909.83666461706161 3.0302636623382559 18.181581974029541 305.29906398057938 68.180932402610779 63.635536909103394 32.575334370136261 654.53695106506348 180.30068790912628 65.150668740272522 47.347869724035263 99.998700857162476 22.726977467536926 104.92287930846214 122.7256783246994 24.242109298706055 73.105110853910446 53.029614090919495 89.392778038978577 68.180932402610779
leaf_count=264 3417 48 38 29 447 29 84 512 33 42 962 2 12 386 45 57 26 1047 179 43 59 129 15 169 81 16 58 35 59 45
internal_value=5.84998e-05 -1.74639e-05 -0.000863468 -0.000615525 -0.00170873 -0.0105925 -0.00127111 0.000423994 0.000978037 0.00613949 0.00013164 0.000928905 -0.000113649 -0.000638317 -0.000757874 0.00350559 -0.00445137 -0.00010515 0.000105467 0.000498735 -0.00110013 -0.00133687 -0.000679921 -0.00350808 -0.00319629 0.00165015 -1.43763e-05 4.7682e-05 0.00312356 0.00210353
internal_weight=8373 8117.32 1216.27 1158.7 564.765 26.5148 538.251 593.932 521.205 49.9994 6901.05 1580.28 646.204 564.387 561.356 81.8171 107.574 5320.76 4391.23 370.45 929.533 882.186 677.264 204.922 190.907 934.079 4142.75 4069.64 142.422 248.482
internal_count=8368 8104 1288 1250 615 58 557 635 587 75 6816 1604 626 557 555 69 110 5212 3793 429 1419 1360 1062 298 126 978 3569 3511 94 224
is_linear=0
shrinkage=0.03


Tree=125
num_leaves=31
num_cat=0
split_feature=55 89 30 61 51 61 75 2 33 14 56 106 55 33 8 87 54 68 38 53 96 15 56 92 57 46 96 62 85 34
split_gain=1.3141 1.31051 1.55784 2.03124 1.60349 2.23905 1.27329 1.36229 1.26075 1.2114 1.80897 1.55147 2.23626 1.40726 1.32049 1.41264 1.27808 1.47792 1.25942 1.26139 1.5255 1.25408 1.21557 1.2073 1.2985 1.58447 1.20072 1.20581 1.18948 1.18156
threshold=-0.14328947368421038 3.1950000000000007 -0.26999999999999985 1.176891891891892 0.33500000000000008 1.0000000000000002 0.18500000000000003 1.0000000180025095e-35 10.435 54.925000000000004 9.7413108108108108 142.50000000000003 -0.098868421052631425 18.795000000000005 6.0250000000000012 1.2550000000000001 0.36000000000000026 15.938698630136988 0.35196669314498519 0.4200000000000001 -3.2250000000000791 1026.2775000000004 14.885405405405409 6.1843649430154626 17.475000000000005 1.049682037317311 11.243999999999973 0.38008543752082247 2.6341724137931042 2.2084691078960166
decision_type=2 2 2 2 2 2 2 2 8 8 10 2 2 10 2 2 2 10 2 2 2 10 10 10 10 10 2 2 2 10
left_child=6 9 3 -3 -4 -6 -1 -8 -7 10 -2 12 -12 14 15 21 -14 23 19 20 -17 29 -15 -18 -25 -26 27 -21 -22 -11
right_child=1 2 4 -5 5 8 7 -9 -10 13 11 -13 16 22 -16 18 17 -19 -20 26 28 -23 -24 24 25 -27 -28 -29 -30 -31
leaf_value=0.040338269610955976 -0.0031228368818651498 0.018956514976144086 -0.015683533577351479 0.00069699195921290897 0.018351701947498477 -0.0061825486783107283 0.0024075862915240599 -0.001052607309200606 -0.0015150848991480879 0.00013405894255446481 0.0040593136369883433 -0.0043174567494499924 0.00033687560201759435 -0.0012760538833704474 -0.0042197089853927578 0.010441270855778199 0.0044986290474943631 -0.0074046560996470249 0.0076614838937549192 -0.00042033337600579199 0.001202842050839944 -0.0029260019148697886 0.0049199025348252703 -0.0021079967720673697 -0.0032308814463115581 0.0038552211971201269 0.0045673736667399501 0.0025690643223993267 0.0077514082645466203 -0.0043767075009551936
leaf_weight=0.75756591558456321 227.64855763316154 5.6817443668842307 7.5756591558456412 156.81614452600479 4.9241784512996665 57.57500958442688 357.19232919812202 143.55874100327492 546.20502513647079 3618.1348128318787 109.46827480196953 81.817118883132935 934.83633983135223 39.393427610397339 60.605273246765137 22.726977467536926 33.332900285720825 34.848032116889954 26.514807045459747 605.67394950985909 160.98275706171989 130.30133748054504 103.02896451950073 459.08494484424591 43.938823103904724 80.301987051963806 60.605273246765137 151.89196607470512 29.545070707798004 53.029614090919495
leaf_count=2 151 12 20 186 7 38 295 187 674 4206 73 54 617 26 64 15 22 23 34 711 140 86 68 303 29 53 40 152 30 35
internal_value=-1.44339e-05 -0.000109592 -0.00127758 0.00133544 -0.00196656 -0.00179585 0.00147439 0.00141559 -0.00196016 1.91058e-05 -0.000604942 -0.000282492 -8.7819e-05 0.000266297 0.000181196 0.000236083 -0.000373999 -0.00139402 0.00120568 0.00103972 0.00309466 -3.37538e-05 0.00320613 -0.00105435 -0.00137167 0.00134916 0.000504103 0.000179041 0.00221833 6.89014e-05
internal_weight=8348 7846.49 778.778 162.498 616.28 608.704 501.509 500.751 603.78 7067.71 2005.28 1777.63 1695.81 5062.43 4920.01 4859.41 1586.34 651.507 1057.94 1031.43 213.255 3801.47 142.422 616.659 583.326 124.241 818.171 757.566 190.528 3671.16
internal_count=8353 7869 937 198 739 719 484 482 712 6932 1325 1174 1120 5607 5513 5449 1047 430 1122 1088 185 4327 94 407 385 82 903 863 170 4241
is_linear=0
shrinkage=0.03


Tree=126
num_leaves=31
num_cat=0
split_feature=67 66 11 91 100 66 14 91 67 62 89 10 56 41 23 88 56 23 65 106 97 94 75 51 55 44 13 88 43 49
split_gain=1.22035 2.69399 1.80197 1.72939 1.55753 2.55073 2.58863 1.76523 1.71932 1.54679 1.53908 1.53652 1.51439 2.3649 1.60743 1.4667 1.40969 1.40526 3.03264 1.80897 1.51486 1.35714 1.35673 1.32388 1.26037 1.25081 1.23812 1.22211 1.24214 1.22907
threshold=0.048954480796586063 0.57500000000000007 21.315000000000001 0.046185285781766637 0.77649565142430965 -0.27999999999999986 71.095000000000013 -0.019491193207173071 -0.041105974395448067 0.16814457325117252 3.8100000000000005 6.9780000000000006 14.735945945945948 0.77500000000000036 1.6144011004036212 4.54 6.8607702702702715 1.6309324775767993 2.3150000000000008 80.500000000000014 74.50227040196647 2.6813789317550927 0.68500000000000016 2.9250000000000003 0.1726842105263158 16.07131578947369 3.6195000000000008 3.5750000000000006 -0.13909090909090857 2.9318421052631582
decision_type=2 2 10 2 2 2 10 2 2 2 2 10 8 2 2 2 8 2 2 2 8 8 2 2 2 10 8 2 2 2
left_child=1 2 4 10 5 8 9 -8 11 -7 15 -1 13 -3 26 16 -2 19 20 -18 -19 -16 -5 -11 -23 27 -14 28 -21 -29
right_child=3 12 -4 22 -6 6 7 -9 -10 23 -12 -13 14 -15 21 -17 17 18 -20 25 -22 24 -24 -25 -26 -27 -28 29 -30 -31
leaf_value=-0.0013718028077519928 -0.0064025505363890477 0.0027875712553657038 0.0068407560306262497 0.00052621712501553107 -0.00078240023297982168 -0.001575740319360999 0.0079439357521810822 0.0025080406676432259 -0.0016135152001593303 0.0014414172526674924 0.0065920399131461872 0.00086548785061691985 0.006303987044085778 -0.0040429889610797383 0.016529198114068566 -0.0085738912884307916 0.00096858296940753369 -0.0022320768552317326 -0.01020742414809216 0.013384662301599695 0.0001084048298595311 0.0046031855297876357 -0.0036651398495360348 -0.0042764992245196672 0.015971520936911728 -0.0069203666938697818 -0.0023616056864616407 -0.0072227209590862299 0.00056525627800359821 -0.00010043304784668139
leaf_weight=378.7829577922821 33.332900285720825 181.05825382471085 34.848032116889954 95.832088321447372 1590.1308568120003 239.39082932472229 64.393102824687958 325.75334370136261 643.5522452890873 768.55062136054039 29.166287750005722 1020.8200712502003 24.242109298706055 60.984056204557419 12.121054649353026 19.317930847406387 1089.3797866106033 380.67687258124352 31.060202538967133 7.5756591558456412 718.93005388975143 80.680770009756088 253.02701580524445 38.257078737020493 9.8483569025993329 39.393427610397339 38.257078737020493 40.150993525981903 66.66580057144165 47.726652681827545
leaf_count=736 22 121 23 139 1513 245 44 215 616 850 35 682 16 41 8 18 1229 252 61 5 827 162 215 35 23 26 68 37 68 60
internal_value=-3.11766e-05 0.000229505 4.21775e-05 -0.000534919 -4.55516e-06 0.00035092 0.00131968 0.00340523 -0.000330122 0.000541941 -0.000259155 0.000259996 0.00257781 0.00106657 0.00479267 -0.000339918 -0.000275124 -0.000190779 -0.000962979 0.000485576 -0.000701855 0.00710211 -0.00251377 0.00117029 0.00583991 -0.00212557 0.000999594 -0.000960478 0.00187336 -0.00335458
internal_weight=8363.91 5511.67 5104.48 2852.24 5069.63 3479.5 1436.34 390.146 2043.16 1046.2 2503.38 1399.6 407.192 242.042 165.149 2474.21 2454.89 2421.56 1130.67 1290.89 1099.61 102.65 348.859 806.808 90.5291 201.513 62.4992 162.119 74.2415 87.8776
internal_count=8392 5398 4959 2994 4936 3423 1389 259 2034 1130 2640 1418 439 162 277 2605 2587 2565 1140 1425 1079 193 354 885 185 196 84 170 73 97
is_linear=0
shrinkage=0.03


Tree=127
num_leaves=31
num_cat=0
split_feature=81 100 32 92 22 7 7 88 33 68 63 77 13 91 83 56 35 36 78 58 69 98 104 50 68 17 16 28 41 83
split_gain=2.26996 1.20283 1.42741 2.22794 1.64975 1.72424 1.54653 1.34348 1.67894 1.56649 1.4191 2.17295 1.27293 1.78196 1.68312 1.43325 1.68818 1.62214 1.48017 1.46339 1.32138 1.29948 1.84318 1.28289 1.5364 1.24276 1.4672 1.50448 1.34998 1.22054
threshold=8.8150000000000031 0.62340732725523573 14.209285714285716 13.279567474048445 12.996050000000002 9.4450000000000021 9.9800000000000022 3.1950000000000007 13.485000000000001 4.6593082191780821 0.64500000000000013 3.4650000000000003 7.9675000000000002 -0.028666981577704264 18.735000000000003 16.478513513513516 21.090000000000003 0.29900000000003507 2.1250000000000004 0.64415004367209339 15.255000000000001 213.05218108230051 0.5103806228373704 0.28855456690319314 17.130958904109594 -0.18558086482922079 -0.92980860373494434 2.6450000000000005 1.0050000000000006 23.765000000000004
decision_type=8 2 8 10 2 2 2 2 10 8 2 2 10 2 10 8 8 2 2 10 8 10 2 2 8 2 2 2 2 10
left_child=-1 7 3 4 5 -3 12 9 10 -2 11 -9 13 -4 20 18 17 29 19 -15 -14 22 23 24 -18 -25 -27 28 -28 -17
right_child=1 2 6 -5 -6 -7 -8 8 -10 -11 -12 -13 14 15 -16 16 21 -19 -20 -21 -22 -23 -24 25 -26 26 27 -29 -30 -31
leaf_value=-0.0099132688208315081 0.019534954669399248 -0.00046514953868029079 -0.0072203864170691376 -0.0039804847742814778 -0.0062151702891656427 0.0019356218331336582 -0.004801042478116216 -0.002932517040759532 0.0021612003231909691 0.0018500709016261664 -0.00041479636234234817 0.018754699210777281 -0.0054302759899470063 -0.0037158736241573167 -0.002756907806378718 -0.0010951796868288244 0.0080536786752822432 0.00064342843181575073 -0.0011952606804576881 0.0028897358788156028 0.0023769332695425956 0.012004764593153638 -0.006596385213555993 -0.0025506492565959254 -0.00012933959517468006 0.0092169281071714272 0.0034778912038273767 0.00091488272715744081 0.012004543441476733 -0.0085524871583389731
leaf_weight=20.454279720783234 4.5453954935073844 3204.5038229227066 24.620892256498337 157.57371044158936 42.423691272735596 293.93557524681091 49.999350428581238 7.9544421136379269 324.23821187019348 545.06867626309395 1121.9551209807396 8.7120080292224866 22.726977467536926 31.817768454551697 222.72437918186188 33.332900285720825 21.211845636367798 72.726327896118164 112.1197555065155 587.87115049362183 137.87699663639069 9.0907909870147687 31.060202538967133 46.211520850658417 779.53532713651657 28.408721834421158 84.468599587678909 260.22389200329781 20.833062678575516 48.484218597412109
leaf_count=15 3 2124 44 104 28 194 84 21 214 533 1213 23 15 21 150 22 14 48 74 388 112 6 52 122 1953 63 223 441 55 32
internal_value=6.84663e-05 9.2958e-05 -0.000110332 -0.000490076 -0.000334748 -0.000263439 0.000424631 0.000731754 0.000256638 0.00199633 -0.000285712 0.00840398 0.000526085 0.000804999 -0.00106885 0.000896165 0.00034536 -0.00261656 0.00197668 0.00255057 0.00127214 0.000702682 0.000621905 0.000802582 8.74291e-05 0.00210364 0.00264963 0.00213922 0.00516482 -0.00551432
internal_weight=8356.71 8336.26 6323.78 3698.44 3540.86 3498.44 2625.34 2012.47 1462.86 549.614 1138.62 16.6665 2575.35 2192.02 383.328 2167.4 1435.59 154.543 731.809 619.689 160.604 1281.04 1271.95 1240.89 800.747 440.146 393.934 365.526 105.302 81.8171
internal_count=8391 8376 6369 2450 2346 2318 3919 2007 1471 536 1257 44 3835 3558 277 3514 3031 102 483 409 127 2929 2923 2871 1967 904 782 719 278 54
is_linear=0
shrinkage=0.03


Tree=128
num_leaves=31
num_cat=0
split_feature=54 43 97 34 14 17 77 105 105 34 43 66 67 66 92 85 81 23 65 77 93 16 49 79 20 82 60 106 82 65
split_gain=1.49085 1.78376 1.89357 1.61425 1.55833 1.99559 1.99339 1.88063 1.81499 1.52042 1.39713 1.37477 1.46528 2.00448 1.36873 1.34637 2.20541 1.67824 1.33359 1.49255 1.36929 1.32737 1.32163 1.31707 1.31054 1.25633 1.2407 1.51211 1.33293 1.40857
threshold=0.12500000000000003 0.037818181818182341 18.156418286121305 1.5663728035163342 54.425000000000004 -0.51016725091371151 2.7550000000000003 28.500000000000004 37.500000000000007 2.3541175502990845 -0.15799999999999956 -1.4949999999999994 -0.086177098150782491 -1.0249999999999997 13.226219723183393 2.4580689655172421 15.585000000000003 1.629558378373865 0.94500000000000006 1.8450000000000004 13.060000000000002 0.25612066178609888 2.0713157894736844 -0.029334042947056743 0.10036170873682972 4.7745223575759459 2.2530000000001 61.500000000000007 4.7745223575759459 2.9350000000000009
decision_type=2 2 8 10 8 2 2 2 2 10 2 2 2 2 10 2 10 2 2 2 8 2 2 2 8 10 2 2 10 2
left_child=3 -2 -3 11 6 7 24 -6 -9 26 -5 -1 15 -14 18 16 -13 -18 19 23 -20 22 -10 -15 -4 -22 28 -28 29 -7
right_child=1 2 4 10 5 9 -8 8 21 -11 -12 12 13 14 -16 -17 17 -19 20 -21 25 -23 -24 -25 -26 -27 27 -29 -30 -31
leaf_value=-0.0038315117894886105 -0.0013966124458074925 -0.0046015664345841079 -0.00031608794072889078 -0.0012906919925944034 -0.0039045789561165359 0.00098800417498716929 -0.0073187369376941829 0.006394816088160676 -0.00083445075676614837 -0.00605920540552796 0.0035946441051466537 -0.0036232838529458651 -0.0038857577465695259 0.002628634764215878 -0.0015254255837288883 0.0035336251278443873 -0.00035474727345938446 0.0060059247748109421 0.0054295828387607211 -0.0032229005858088822 0.0010711354733128477 0.0011899153985200643 -0.0088056198617302919 -0.00023169544340559346 -0.0053573066924296683 -0.0037074152658986975 0.0042100552445567948 -0.00066782474892188525 -0.0047335512186976042 -0.0070195294075404389
leaf_weight=74.620242685079575 1226.1204343736172 79.16563817858696 589.38628232479095 68.180932402610779 160.60397410392761 1302.2558088898659 43.938823103904724 37.120729863643646 49.999350428581238 27.272372961044312 231.81517016887665 83.711033672094345 111.74097254872322 163.63423776626587 368.17703497409821 224.23951101303101 84.847382545471191 66.66580057144165 62.499188035726547 133.3316011428833 1276.877350717783 117.80149987339973 29.923853665590286 1264.3775131106377 50.37813338637352 51.514482259750366 208.70940974354744 78.786855220794678 39.393427610397339 20.075496762990952
leaf_count=74 1236 56 389 45 220 1623 29 38 93 18 153 146 121 186 243 196 56 44 48 178 1517 80 40 1181 34 34 140 52 32 50
internal_value=-2.91469e-05 -0.00044058 -2.70749e-05 0.000362488 0.000104343 0.000514155 -0.00113758 -0.00140285 0.000308007 0.000966336 0.00248434 0.000201996 0.000279337 6.63468e-05 0.000199346 0.00187035 0.000284756 0.00244395 0.000414444 -0.000187358 0.00109 -0.000834728 -0.00381892 9.60665e-05 -0.000713058 0.000885825 0.00108251 0.0028733 0.000704432 0.000866435
internal_weight=8327.16 4060.93 2834.81 4266.23 2755.65 2071.94 683.703 395.449 234.845 1676.49 299.996 3966.24 3891.62 3432.15 3320.41 459.464 235.224 151.513 2952.23 1561.34 1390.89 197.725 79.9232 1428.01 639.764 1328.39 1649.22 287.496 1361.72 1322.33
internal_count=8352 4130 2894 4222 2838 2386 452 471 251 1915 198 4024 3950 3508 3387 442 246 100 3144 1545 1599 213 133 1367 423 1551 1897 192 1705 1673
is_linear=0
shrinkage=0.03


Tree=129
num_leaves=31
num_cat=0
split_feature=97 92 51 72 58 69 92 60 86 95 45 55 96 23 57 58 16 93 90 84 73 43 55 17 73 3 42 91 40 77
split_gain=1.3722 1.78511 4.37327 1.52474 1.38803 1.38797 1.62948 1.53314 1.49587 1.35823 2.54707 1.46904 1.32974 1.3051 1.25641 1.2552 1.50696 1.35022 1.21234 1.15331 1.19553 1.09873 1.40995 1.33119 1.09325 1.56235 1.71263 1.51949 1.4293 1.39917
threshold=41.404186400607337 5.6895657439446383 0.41500000000000004 0.75650000000001694 3.8563401965407063 16.015000000000004 9.6380138408304514 2.5085000000000837 0.38980204787942119 21.510000000000002 16.785000000000004 -0.10050000000000005 -6.8340000000000023 1.5612681704635059 18.380000000000006 1.0405052724593808 -0.98483798533721378 12.525 1.7550000000000006 6.7515000000000223 1.6165068493150687 -0.015727272727272319 0.053000000000000193 0.79837276669065227 3.2006164383561648 2.6750000000000003 -0.28999999999999987 0.012211265942371274 3.4350000000000005 1.1650000000000005
decision_type=8 10 2 2 8 10 10 2 2 10 10 2 2 2 10 8 2 8 2 2 2 2 2 2 2 2 2 2 2 2
left_child=1 -1 -3 13 -4 7 12 18 -8 10 11 -10 -7 -2 -14 -15 -17 -18 21 20 -11 -5 23 -23 25 28 -27 -26 -19 -28
right_child=3 2 4 5 -6 6 8 -9 9 19 -12 -13 14 15 -16 16 17 24 -20 -21 -22 22 -24 -25 27 26 29 -29 -30 -31
leaf_value=-0.011499653794979763 -0.013665449825681476 0.02863958413504112 -0.0010128856410932597 0.00010896982598589401 0.004627040763240612 0.0028144194050796433 -0.0030021470923699742 0.0037247420019096414 0.0056061630124175652 -0.0048056925488867506 0.0057097099878413793 -0.00065657564686852647 -0.0024948892931675915 -0.001028451360524202 0.002315944817141982 0.0054501698535629594 0.0041481362281068244 9.452856581735094e-05 -0.0026360049502857901 -0.0018620481963821892 0.0013279194764793164 0.0077027464075103934 0.00059351300318923072 0.0025819664141748817 -0.0013768353000457425 0.0035995235807156131 -0.0095442165563687405 0.003329504948406023 0.010268889217128978 -0.0018572166820456841
leaf_weight=14.014969438314436 6.4393102824687949 4.5453954935073844 1266.6502108573914 430.29744005203247 40.529776483774185 62.120405077934265 87.877646207809448 221.20924735069275 41.666125357151031 30.302636623382568 141.28604325652122 176.51285833120346 380.29808962345123 1079.9102126657963 56.059877753257751 47.726652681827545 71.589979022741318 2120.4269977211952 77.271723389625549 168.17963325977325 509.08429527282715 56.059877753257751 286.35991609096527 246.96648848056793 92.423041701316833 50.37813338637352 22.348194509744644 185.98243227601051 12.499837607145308 459.08494484424591
leaf_count=13 8 3 836 284 47 41 58 146 29 20 97 118 251 715 37 93 48 3486 51 111 336 37 189 163 100 94 35 230 30 732
internal_value=3.65234e-05 -0.00084966 -0.000735871 0.000201522 -0.000838017 0.000720249 0.000141332 0.00144639 0.000760071 0.00106992 0.00257159 0.000539433 -0.00129221 -0.000170012 -0.00187683 -0.000149034 0.000161074 7.73417e-05 0.000986944 0.000307023 0.000983335 0.00126149 0.00210292 0.00352931 -2.16777e-05 -0.000208568 -0.00166333 0.00176713 0.000154155 -0.00221405
internal_weight=8446.1 1325.74 1311.73 7120.36 1307.18 2971.55 1653.39 1318.16 1154.91 1067.03 359.465 218.179 498.478 4148.81 436.358 4142.37 3062.46 3014.73 1096.96 707.567 539.387 1019.68 589.386 303.026 2943.14 2664.74 531.811 278.405 2132.93 481.433
internal_count=8438 899 886 7539 883 1968 1098 870 769 711 244 147 329 5571 288 5563 4848 4755 724 467 356 673 389 200 4707 4377 861 330 3516 767
is_linear=0
shrinkage=0.03


Tree=130
num_leaves=31
num_cat=0
split_feature=92 98 21 87 72 30 18 16 3 87 79 65 84 7 106 27 8 72 92 58 56 50 67 92 44 89 16 47 106 61
split_gain=1.12182 1.15691 2.03192 2.17204 2.05994 1.85687 1.82407 1.76786 2.06866 1.49822 1.92311 1.53445 1.3557 1.34324 1.93397 1.38755 1.73735 1.30827 1.32978 1.33187 1.29675 1.41254 1.24254 1.39766 1.50512 1.21491 1.21267 1.21084 1.19665 1.28691
threshold=16.322387543252599 107.66377461695232 0.52261609476129534 1.385 0.54649999999998056 0.51000000000000001 0.42063964031007667 -0.98483798533721378 2.4250000000000003 0.90500000000000014 0.0063518141429099806 1.3550000000000006 -3.8270000000000546 10.285000000000002 33.500000000000007 1.155 2.7950000000000004 1.9225000000000707 12.217456747404844 1.2788761371363926 15.37945945945946 0.19792195263950305 -0.01719061166429587 9.0521903114186877 8.1083421052631603 3.5250000000000008 0.93289067511139201 19.205000000000002 67.500000000000014 1.2627027027027029
decision_type=10 8 8 2 2 2 10 2 2 2 2 2 2 2 2 2 2 2 10 8 10 2 2 10 10 2 2 10 2 2
left_child=1 5 9 7 -5 6 17 8 -4 10 -3 20 -8 15 25 16 -9 22 19 -19 21 -11 23 24 -1 -15 -24 -23 29 -12
right_child=-2 2 3 4 -6 -7 12 13 -10 11 28 -13 -14 14 -16 -17 -18 18 -20 -21 -22 27 26 -25 -26 -27 -28 -29 -30 -31
leaf_value=-0.0021970218360300923 -0.0034838179694889758 0.0050397025963926706 0.0018926951094654129 0.00088353387730221746 0.005932496800327829 -0.0054330931801113971 -0.0021098579002077561 0.00043974199197677194 0.016513979967658146 -0.0016671040676929658 -0.0015616986360699324 -0.0031337426089141501 0.0014851505114891735 -0.0069245937679110227 -0.017132233443355637 -0.00027976861317070427 0.015454045729268022 0.0021769554220464823 -0.0019723285324499862 -0.00082577821607758366 0.0065298545741450031 0.0042574320516847904 -0.0023895104573100363 -0.00093971077140383996 0.0053046073935969617 0.0070840606340009443 0.0037391835317726481 -0.0014784544004163892 -0.0040388192615536597 0.0024918073301706794
leaf_weight=36.363163948059082 81.817118883132935 173.86137762665749 33.711683243513107 290.90531158447266 96.968437194824219 65.150668740272522 110.60462367534637 17.802799016237262 11.742271691560743 148.48291945457458 85.604948461055756 103.02896451950073 644.68859416246414 14.393752396106722 10.227139860391615 3689.3460088968277 11.363488733768461 339.38953018188477 178.78555607795715 218.55776664614677 34.848032116889954 104.54409635066986 706.80899924039841 610.59812796115875 71.211196064949036 9.0907909870147687 30.302636623382568 48.484218597412109 34.090466201305389 399.23723751306534
leaf_count=24 54 126 44 543 64 43 73 29 28 98 58 68 430 35 15 4763 18 227 118 145 23 69 468 403 47 24 20 32 24 286
internal_value=1.19224e-05 4.62567e-05 0.000312354 7.35855e-06 0.00214577 -0.00042347 -0.000312732 -0.000211047 0.00566986 0.00143989 0.00230899 6.95456e-05 0.0009587 -0.000282288 -0.00624368 -0.000228243 0.00628947 -0.000750823 0.000279249 0.00100073 0.00105073 0.000417468 -0.00127229 -0.00038421 0.00276885 -0.00150189 -0.00213756 0.00244012 0.00139411 0.00177611
internal_weight=8412.01 8330.19 5317.73 4185.55 387.874 3012.46 2947.31 3797.68 45.454 1132.18 692.794 439.388 755.293 3752.22 33.7117 3718.51 29.1663 2192.02 736.733 557.947 336.359 301.511 1455.28 718.172 107.574 23.4845 737.112 153.028 518.933 484.842
internal_count=8399 8345 6347 5563 607 1998 1955 4956 72 784 494 290 503 4884 74 4810 47 1452 490 372 222 199 962 474 71 59 488 101 368 344
is_linear=0
shrinkage=0.03


Tree=131
num_leaves=31
num_cat=0
split_feature=30 86 53 62 35 19 16 15 94 85 74 12 64 66 31 75 28 100 7 85 74 82 98 32 45 50 74 23 94 54
split_gain=1.34636 1.34797 2.5988 1.61494 1.34863 1.45782 1.63529 1.46227 1.23677 1.35078 1.29773 2.09322 1.37247 1.23662 1.97436 1.27696 1.20699 1.10865 1.36453 1.33955 1.32472 1.25085 1.19084 1.08257 1.07719 1.27871 1.29676 1.23699 1.14592 1.08487
threshold=-0.59000000000000041 0.69122279175634183 2.8000000000000003 0.91742151425307006 9.7950000000000017 0.43271500406700164 -0.94909439586795796 1026.6155000000001 4.5026716372615079 1.4585862068965516 0.62234601828681624 264.35000000000008 2.7650000000000001 1.7450000000000003 0.17400000000000065 0.66500000000000015 3.5350000000000006 0.92998563164973425 7.6950000000000012 1.9161724137931038 0.27080380941000753 3.103069235207276 119.45100264592132 14.48357142857143 10.445000000000002 0.26035288692413777 0.52479442591494896 1.6332335246683425 3.6773173212257135 -0.46999999999999981
decision_type=2 2 2 2 8 8 2 10 10 2 2 8 2 2 2 2 2 2 2 2 2 10 8 10 8 2 2 2 8 2
left_child=-1 3 4 8 -3 7 -7 17 10 -10 -2 12 -12 24 15 16 -15 18 21 -20 -21 22 -6 -19 -8 27 29 -26 -29 -27
right_child=1 2 -4 -5 5 6 13 -9 9 -11 11 -13 -14 14 -16 -17 -18 23 19 20 -22 -23 -24 -25 25 26 -28 28 -30 -31
leaf_value=0.0037419567223913991 0.00015815061604413559 -0.0047788916541064855 -0.011677621831324956 0.0072741088748267081 -0.0001063349392361223 0.0063328091221579851 0.0039322930961412129 -0.0024219572986112544 -0.0040208622136600992 0.0018875585831823844 0.0086123069450894391 0.00034399727775553756 0.0021442522115400708 -0.00031752614299636231 -0.0092075567705331013 -0.0048465662212948991 0.011952861531299316 -0.0050931926730622117 0.0061283746720372781 0.0097563450612593913 0.00089981455292519497 -0.0042388881157130881 0.0039578082781784509 0.00066136060522585733 -0.0025212800399514938 -0.00048387831172442538 0.0011238892757686281 -0.002369401980518846 0.0024072652263624917 -0.0059483414011100993
leaf_weight=86.741297334432602 5288.5676566958427 65.150668740272522 18.939147889614105 29.166287750005722 239.39082932472229 26.893590003252029 40.908559441566467 128.78620564937592 121.21054649353027 48.863001555204391 57.57500958442688 219.69411551952362 60.605273246765137 30.302636623382568 42.802474230527878 43.18125718832016 9.4695739448070508 48.105435639619827 89.771560996770859 16.666450142860413 172.72502875328064 46.969086766242981 89.013995081186295 75.756591558456421 554.15946725010872 105.68044522404671 358.70746102929115 80.301987051963806 103.40774747729301 47.347869724035263
leaf_count=103 5163 43 38 41 158 68 27 85 80 42 38 301 40 59 65 51 16 37 63 11 123 31 61 50 728 126 407 53 165 71
internal_value=2.38606e-05 -1.5184e-05 -0.00060803 0.000232555 -0.000521237 -0.000403217 -0.000995593 0.000539144 0.000197124 -0.00232334 0.000273311 0.00207586 0.00529536 -0.00113475 -0.00397453 -0.00127438 0.00260399 0.00102906 0.00152157 0.00310993 0.00167919 0.000340322 0.000995249 -0.00157359 -0.000858027 -0.00101485 0.000137512 -0.00181405 0.00031932 -0.00217462
internal_weight=8346.86 8260.12 2434.44 5825.68 2415.5 2350.35 1443.16 907.185 5796.52 170.074 5626.44 337.874 118.18 1416.27 125.756 82.9535 39.7722 778.399 654.537 279.163 189.391 375.374 328.405 123.862 1290.51 1249.6 511.736 737.869 183.71 153.028
internal_count=8344 8241 2536 5705 2498 2455 1836 619 5664 122 5542 379 78 1768 191 126 75 534 447 197 134 250 219 87 1577 1550 604 946 218 197
is_linear=0
shrinkage=0.03


Tree=132
num_leaves=31
num_cat=0
split_feature=23 30 29 67 90 57 18 69 50 17 17 40 72 83 72 10 27 19 98 75 77 2 56 47 85 53 8 49 61 60
split_gain=1.75676 1.09674 1.23733 1.62849 1.06353 1.90755 1.73998 1.93999 1.73959 1.57954 1.80543 1.60039 1.53125 1.9466 1.51088 1.71598 1.44338 1.40097 1.34325 1.32915 2.42304 1.30405 1.62106 1.71911 1.54887 1.48619 1.34052 1.26778 1.24009 1.18573
threshold=1.5780481744500816 -0.54499999999999993 1.2000000000000004 0.094537695590327195 1.3950000000000005 17.345000000000002 0.94240799058556923 18.865000000000006 0.4370280549785423 0.77720087410275585 0.09810398471274949 3.8550000000000004 5.0584999999999249 24.205000000000002 4.9895000000000786 17.575000000000003 1.8250000000000004 0.6391034097480911 106.83967520239848 0.91500000000000015 2.1250000000000009 1.0000000180025095e-35 12.395000000000001 15.005000000000001 1.2606265590608954 0.51500000000000012 4.7950000000000008 2.1613157894736847 2.6377027027027031 2.8404999999999636
decision_type=2 2 2 2 2 10 10 10 2 2 2 2 2 10 2 10 2 10 10 2 2 2 8 8 2 2 2 2 2 2
left_child=-1 -2 4 -4 5 12 7 -7 9 10 -6 17 13 16 15 18 -3 19 -11 -12 28 22 -18 -24 -23 -25 -27 -19 -21 -16
right_child=1 2 3 -5 8 6 -8 -9 -10 14 11 -13 -14 -15 29 -17 21 27 -20 20 -22 24 23 25 -26 26 -28 -29 -30 -31
leaf_value=-0.0041357019951094361 0.002908931234895322 0.00032200993802236714 0.000195616991045267 -0.015575979420720013 -0.0016147285718644238 0.0042183540179969847 -0.0050081935958700679 0.00071038932878428568 0.0015735530434495986 -0.0018710400066765285 0.0086828648037937453 -0.0016886973273026505 0.0026378997645627495 0.0054397584685787681 -0.0073866056453507417 -0.0075333774824600562 -0.0012493397567749415 0.0039019755270085256 0.00021409252220400336 0.00088780181852357728 -0.0048261617013600601 0.0027465635564123017 0.0063244699918087186 0.0031673076619363879 -0.0034489392669686597 0.00021011153634515036 -0.0036112449497694597 -0.0023304515251415243 0.007791048623378866 -0.0017269461467225634
leaf_weight=91.286692827939987 118.93784874677658 2940.8708842992783 13.257403522729875 10.605922818183897 256.81484538316727 246.20892256498337 31.817768454551697 334.84413468837738 306.05662989616394 604.15881767868996 48.105435639619827 98.862351983785629 198.8610528409481 57.57500958442688 65.150668740272522 36.363163948059082 964.00262758135796 49.999350428581238 515.14482259750366 38.635861694812775 28.78750479221344 42.423691272735596 43.938823103904724 130.30133748054504 252.26944988965988 584.84088683128357 96.210871279239655 71.211196064949036 59.46892437338829 68.180932402610779
leaf_count=64 140 2997 26 19 267 170 21 221 379 893 70 96 132 38 43 24 637 33 340 69 40 100 29 167 414 680 131 47 58 45
internal_value=3.36613e-06 4.88131e-05 7.30272e-06 -0.00681398 2.7224e-05 0.000238008 0.00182276 0.00219682 -0.000528519 -0.000859994 0.000343455 0.00161637 5.51438e-05 -4.53191e-05 -0.00146861 -0.00111975 -0.000107794 0.00271947 -0.000911385 0.00443655 0.00282675 -0.000705716 -0.000405834 0.000544884 -0.00255704 0.000231891 -0.000329724 0.000240425 0.0050724 -0.00449246
internal_weight=8405.19 8313.91 8194.97 23.8633 8171.11 5924.17 612.871 581.053 2246.94 1940.88 651.885 395.071 5311.29 5112.43 1289 1155.67 5054.86 296.208 1119.3 174.998 126.892 2113.99 1819.29 855.292 294.693 811.353 681.052 121.211 98.1048 133.332
internal_count=8390 8326 8186 45 8141 5737 412 391 2404 2025 680 413 5325 5193 1345 1257 5155 317 1233 237 167 2158 1644 1007 514 978 811 80 127 88
is_linear=0
shrinkage=0.03


Tree=133
num_leaves=31
num_cat=0
split_feature=21 57 31 81 29 61 41 25 11 3 16 34 86 63 38 29 82 86 77 53 56 92 60 23 89 15 94 100 41 59
split_gain=1.48342 1.66091 1.29567 1.16552 1.08864 1.5522 1.5855 1.23734 1.07629 1.57263 1.04008 1.40813 1.83432 1.21455 0.999305 0.982848 0.949158 1.49402 0.943633 0.929007 0.906226 0.881712 1.34731 0.910161 0.851358 0.964811 0.837043 1.07171 1.10543 0.83635
threshold=-0.65203211999079569 10.135000000000003 -0.45749999999999963 18.450000000000003 0.47000000000000047 0.94716216216216231 2.0950000000000002 1.3587500000000003 9.5000000000000018 2.2450000000000006 -0.78865499255539617 2.2084691078960166 0.47527890391311339 1.1850000000000003 0.31567255977102276 0.65999999999999992 0.90269016363488497 0.33521544765168948 1.4550000000000005 0.68500000000000005 8.6733918918918942 16.052595155709344 -5.2555000000000396 1.6146535544530014 2.6150000000000007 1017.8075 5.0487156882126021 0.79903104594446572 0.57999999999999996 18.960000000000004
decision_type=8 8 2 8 2 2 2 2 8 2 2 8 2 2 2 2 8 2 2 2 8 10 2 2 2 10 10 2 2 10
left_child=1 -1 -2 -3 7 6 15 -4 9 18 13 19 14 -7 -13 -6 17 -10 -9 -12 -11 22 -18 -23 25 -20 -24 -28 -29 -21
right_child=2 3 4 -5 5 10 -8 8 16 20 11 12 -14 -15 -16 -17 21 -19 24 29 -22 23 26 -25 -26 -27 27 28 -30 -31
leaf_value=-0.0054785745105207151 0.002090549337618707 0.006849575806351588 0.0061240987343227941 -0.00011479921154389958 0.0044260636254856173 -0.0014346189822291239 0.014292018244463 -0.0014976013270826289 -0.00079759287389003918 -0.0088717358843332806 0.0036070640047882394 -0.0042706958623749108 -0.0085494082979290457 0.0084849265218484658 0.0083741033437526608 -0.0063796686734309237 -0.0080939292089826087 0.0074647254640967022 0.0051122580234546945 -0.0039550178699505108 -0.0026126734593457566 -0.0065976711489426267 0.00013597292910534745 -0.00039863512003102445 -0.0014432674524439296 0.00049031802513967333 9.0836278978677205e-05 -0.0090247890572561582 -0.0012071700853730325 -0.00083545043663926495
leaf_weight=16.666450142860413 242.42109298706055 71.211196064949036 29.166287750005722 31.060202538967133 22.726977467536926 29.545070707798004 10.227139860391615 449.99415385723114 39.393427610397339 31.817768454551697 28.78750479221344 12.499837607145311 61.741622120141983 17.802799016237259 10.227139860391615 11.363488733768461 18.181581974029541 39.393427610397339 57.57500958442688 124.24081015586853 60.226490288972855 36.363163948059082 6391.2048468291759 51.514482259750366 110.60462367534637 138.25577959418297 84.847382545471191 31.817768454551697 33.332900285720825 204.92158016562462
leaf_count=11 262 47 35 37 36 36 21 303 26 21 19 33 145 29 27 21 12 26 38 82 48 24 6670 34 73 92 56 21 22 136
internal_value=-2.35037e-05 0.00330334 -7.07207e-05 0.00473447 -0.000135104 -0.00144434 0.00393212 -4.3143e-05 -6.68905e-05 -0.00107375 -0.00193084 -0.00238311 -0.0058672 0.00229513 0.00141946 0.000824153 6.01221e-05 0.00333357 -0.000623212 -0.00156094 -0.0047763 2.13235e-05 6.13153e-05 -0.00296375 0.00066081 0.00184919 8.39832e-05 -0.00213123 -0.00502508 -0.00201292
internal_weight=8499.13 118.938 8380.19 102.271 8137.77 534.084 44.3176 7603.69 7574.52 848.474 489.766 442.418 84.4686 47.3479 22.727 34.0905 6726.05 78.7869 756.43 357.95 92.0443 6647.26 6559.38 87.8776 306.435 195.831 6541.2 149.998 65.1507 329.162
internal_count=8443 95 8348 84 8086 585 78 7501 7466 575 507 442 205 65 60 57 6891 52 506 237 69 6839 6781 58 203 130 6769 99 43 218
is_linear=0
shrinkage=0.03


Tree=134
num_leaves=31
num_cat=0
split_feature=14 32 67 95 65 105 57 57 17 72 98 60 75 9 34 73 69 90 94 16 100 17 98 25 87 79 3 74 36 36
split_gain=1.24106 1.64287 1.86115 2.11956 1.25025 1.77179 1.28308 1.25659 1.09092 1.07169 1.06706 1.07879 2.16558 1.63591 1.30392 1.26202 1.39912 1.10036 2.19622 1.39592 1.95023 1.38339 1.37471 1.4894 1.33529 2.30837 1.86188 1.43742 1.58434 1.32322
threshold=51.665000000000006 8.6978571428571438 -0.0071408250355618859 22.295000000000005 2.3650000000000007 30.500000000000004 17.475000000000005 18.155000000000005 0.74133191046188962 3.23049999999995 252.43633676216101 2.4445000000000054 1.5850000000000002 310.46000000000009 1.3408099889394436 1.9611643835616439 19.080000000000002 0.69000000000000006 1.3704955136982953 -0.89795076453646605 0.99999960395899989 -0.032282979058982857 78.121229462053464 2.3062500000000008 1.4950000000000003 0.045544242873010003 3.0950000000000002 0.35018974489368532 -0.32000000000010681 -0.40449999999998448
decision_type=8 10 2 10 2 2 10 10 2 2 10 2 2 2 10 2 10 2 8 2 2 2 8 2 2 2 2 2 2 2
left_child=1 -1 3 -3 5 9 8 -8 -7 -4 11 17 13 -13 15 -15 -17 22 -19 20 21 -20 23 29 27 26 -26 28 -24 -2
right_child=10 2 4 -5 -6 6 7 -9 -10 -11 -12 12 -14 14 -16 16 -18 18 19 -21 -22 -23 24 -25 25 -27 -28 -29 -30 -31
leaf_value=-0.0041937898401184477 0.0034775704018768544 0.0019196104473417402 -0.00023429122462660263 -0.0022907143814620296 -0.0053209575777207248 -0.0076998165596946768 0.0054266650370177697 -0.0008480250837657429 -0.0019864099957326224 0.0049324225841850724 0.0065965312527463942 -0.00066611612792608684 -0.0012647222399829337 0.0029981873530019916 -0.00033629512203271056 0.011854053371171135 0.0037653240043375846 0.0043640091300006859 -0.0046159765098126278 -0.00064143482714669833 0.012457981277022566 0.0032902713412393571 0.0040831500065923402 -0.0049550848296913376 0.0021480302584022276 0.0084060139293871145 -0.0035303272893375077 -0.00063386401355694359 0.000589212356211865 -0.0011202081746623685
leaf_weight=120.07419762015343 68.180932402610779 413.63098990917206 86.36251437664032 145.45265579223633 66.66580057144165 31.817768454551697 39.393427610397339 106.05922818183899 549.99285471439362 62.120405077934265 22.726977467536926 127.27107381820679 225.75464284420013 224.61829397082329 72.726327896118164 35.226815074682236 42.423691272735596 84.847382545471191 27.272372961044312 3203.3674740493298 15.908884227275847 73.86267676949501 139.39212846755981 74.241459727287292 412.11585807800293 46.969086766242981 59.46892437338829 762.11131107807159 720.82396867871284 324.23821187019348
leaf_count=80 45 273 57 96 44 21 26 70 363 41 15 84 149 149 48 24 28 77 39 3747 24 132 92 49 503 43 61 902 853 214
internal_value=-7.17038e-05 -0.000817091 -0.000547057 0.000824241 -0.00136058 -0.00105909 -0.00166882 0.00085137 -0.00229886 0.00192729 0.000107004 8.5124e-05 0.00117581 0.00227276 0.0032702 0.00413793 0.00743485 -4.69348e-05 -0.000402068 -0.000523857 0.00269414 0.00115825 0.000416843 -0.00105855 0.000738443 0.00206365 0.00143196 0.000314858 0.00115538 -0.000321366
internal_weight=8385.12 1621.57 1501.5 559.084 942.412 875.746 727.263 145.453 581.811 148.483 6763.55 6740.82 728.021 502.266 374.995 302.269 77.6505 6012.8 3405.26 3320.41 117.044 101.135 2607.54 466.661 2140.88 518.554 471.585 1622.33 860.216 392.419
internal_count=8349 1071 991 369 622 578 480 96 384 98 7278 7263 482 333 249 201 52 6781 4019 3942 195 171 2762 308 2454 607 564 1847 945 259
is_linear=0
shrinkage=0.03


Tree=135
num_leaves=31
num_cat=0
split_feature=35 59 10 54 43 103 101 43 41 89 38 87 52 16 90 34 21 98 15 96 98 83 56 13 81 46 52 48 25 17
split_gain=1.08883 1.65403 1.06959 0.989103 1.59095 1.3788 1.27531 1.38345 2.25536 1.42326 1.1812 1.0689 0.982023 1.60654 1.15121 1.11121 1.07237 0.971022 1.30868 1.01552 0.970623 1.23783 1.39131 1.11635 1.09349 0.961197 0.934561 1.33644 1.30139 1.234
threshold=21.090000000000003 23.655000000000005 17.575000000000003 -0.13499999999999998 0.037818181818182341 96.500000000000014 17.500000000000004 0.51345454545454616 1.4250000000000005 3.4950000000000006 0.14186260892895977 0.10500000000000002 3.6250000000000004 -0.99759302102225911 1.4250000000000005 0.92070495470358937 0.99571662974733122 213.05218108230051 1022.1930000000001 -12.779999999999971 125.50310231335837 19.230000000000004 12.522432432432435 14.265000000000002 20.735000000000003 1.2679889123791124 3.3650000000000007 -2.1874999999999996 2.7262500000000007 -0.95244828317041741
decision_type=10 10 10 2 2 2 2 2 2 2 2 2 2 2 2 8 10 10 8 2 10 10 10 10 10 10 2 2 2 2
left_child=1 2 3 10 5 -5 -6 8 -8 -9 20 -7 14 -14 -13 -15 -16 18 19 -2 21 22 -1 -22 25 -23 -12 -28 29 -29
right_child=17 -3 -4 4 6 11 7 9 -10 -11 26 12 13 15 16 -17 -18 -19 -20 -21 23 24 -24 -25 -26 -27 27 28 -30 -31
leaf_value=0.0010939722674266415 0.0043577175672615993 -0.0049809649638989061 -0.0038342345939232853 0.0039310411088853275 -0.0064737894040597732 0.0035632077621788587 0.0002886664032420401 0.0019105034714346953 -0.0076949129256422442 0.013627651890285671 -0.00056841691662070769 -0.00086995237160296585 -0.029482683780536461 -0.0023513352985779449 -0.0022136564043923291 0.0032672471741770634 -0.0078321623976150851 0.0062743250417250295 0.0032527462573500835 -0.0015181100429513526 0.0034664024429515877 -0.0010448330235560549 0.0085810154201118455 -0.0015744144028165847 0.0030386619948345951 -0.006216317080217847 -0.012932884243217089 0.05773901605581877 0.00016663462889368456 0.0035167581730524825
leaf_weight=672.33975008130074 31.817768454551697 60.605273246765137 65.150668740272522 53.029614090919495 25.378458172082901 45.832737892866135 2930.2649614810944 29.545070707798004 32.196551412343979 13.636186480522154 1051.8802737891674 1482.9352797567844 1.5151318311691273 45.453954935073853 369.31338384747505 104.54409635066986 33.332900285720825 36.363163948059082 145.45265579223633 157.57371044158936 249.99675214290619 154.5434467792511 23.105760425329208 46.969086766242981 45.453954935073853 40.908559441566467 6.0605273246765128 0.37878295779228111 309.0868935585022 138.25577959418297
leaf_count=863 21 40 43 35 25 52 3023 48 55 21 1088 1488 1 30 405 162 22 24 96 104 165 102 16 31 30 27 4 1 312 128
internal_value=2.97908e-05 -4.36251e-05 -6.08589e-06 2.54608e-05 -0.000218849 -0.000845938 0.00022306 0.000279606 0.000201899 0.00561066 0.000486342 -0.000967556 -0.00106949 0.00125417 -0.00125621 0.00156465 -0.00267878 0.00161827 0.00111263 -0.000530971 0.0011747 0.000700739 0.00134272 0.00266913 -0.00115254 -0.00212724 -7.7507e-05 0.00106044 0.00124986 0.00366491
internal_weight=8402.92 8031.71 7971.11 7905.96 5166.98 2135.96 3031.02 3005.64 2962.46 43.1813 2738.98 2082.93 2037.09 151.513 1885.58 149.998 402.646 371.207 334.844 189.391 1233.32 936.351 695.446 296.966 240.906 195.452 1505.66 453.782 447.721 138.635
internal_count=8462 8217 8177 8134 5367 2195 3172 3147 3078 69 2767 2160 2108 193 1915 192 427 245 221 125 1234 1038 879 196 159 129 1533 445 441 129
is_linear=0
shrinkage=0.03


Tree=136
num_leaves=31
num_cat=0
split_feature=23 58 67 92 84 60 41 80 57 80 60 56 91 77 54 70 38 40 77 19 74 78 14 50 94 87 87 44 60 7
split_gain=1.45788 1.55412 1.35123 2.12246 1.655 2.479 1.45081 1.43522 1.44001 2.11377 1.43058 1.34184 1.33758 1.90841 2.31559 1.85942 1.94536 1.36838 1.51581 1.36131 1.55115 1.78837 1.30003 1.29971 1.55059 1.24687 1.26217 1.22291 1.21945 1.14536
threshold=1.5780481744500816 1.4142160878965837 0.021511379800853506 12.450692041522492 3.7819999999999827 1.701000000000022 0.38000000000000006 5.9505779932950196 13.415000000000001 12.057517241379314 2.5085000000000837 14.153918918918922 0.017625232153065256 3.5050000000000008 0.8650000000000001 3.0534112627745258 0.27327743288292933 2.1350000000000002 1.3450000000000004 -0.64612373361720488 0.8518985131100606 1.6650000000000005 45.565000000000005 0.098534583518515323 3.5393294402272963 1.5650000000000002 1.1050000000000002 17.526052631578949 2.5810000000000177 8.1450000000000014
decision_type=2 8 2 10 2 2 2 8 10 10 2 10 2 2 2 8 2 2 2 8 2 2 8 2 8 2 2 10 2 2
left_child=1 -1 7 6 11 -6 23 -2 -9 10 25 -5 13 14 28 16 -16 -14 -19 20 21 -20 -21 -4 -25 26 -10 -11 -8 -17
right_child=2 -3 3 4 5 -7 12 8 9 27 -12 -13 17 -15 15 29 -18 18 19 22 -22 -23 -24 24 -26 -27 -28 -29 -30 -31
leaf_value=-0.00092091208566508654 0.0087994322802430278 -0.0086737911310406698 0.0013081451505247074 -0.0066114510227250059 0.0043246482800894451 -0.0041049902447500442 0.0015184692927140942 -0.00013515236588493656 0.0022945614588050136 0.00021996146854410709 0.0076934244713960757 -0.0021073880795618753 -0.0039824074635857534 0.010933675637480137 -0.00081180072910475498 0.0015667650690395856 -0.0066609396393908912 0.0042719344339182804 -0.0019198821198013027 -0.0042532391230203671 0.0026684910927027351 -0.010773026713067435 0.00023713222053685812 -0.0024539638372785477 -9.4639868179710499e-06 0.0060770994066527747 -0.0020674937486462267 0.0055802128127879708 0.005588604991936085 -0.0055790698522285853
leaf_weight=68.559715360403061 18.181581974029541 35.226815074682236 180.30068790912628 101.5138326883316 65.150668740272522 60.605273246765137 615.52230641245842 2419.6655343770981 333.32900285720825 1387.8607573509216 45.453954935073853 143.9375239610672 90.907909870147705 17.045233100652695 162.8766718506813 248.86040326952934 74.620242685079575 65.529451698064804 49.999350428581238 62.120405077934265 27.272372961044312 34.848032116889954 880.67037686705589 577.64401063323021 392.04036131501198 62.120405077934265 72.726327896118164 39.393427610397339 74.241459727287292 21.969411551952362
leaf_count=46 12 27 143 67 43 40 695 2995 220 916 30 95 117 21 109 390 50 68 33 41 27 23 1035 382 585 41 48 26 49 40
internal_value=-1.87336e-05 -0.00355236 2.53122e-05 -0.000377183 -0.00253636 0.000262172 -0.000153078 0.000388184 0.000353113 0.000961825 0.00261218 -0.00397018 0.000262886 0.000966145 0.000824337 -0.000711998 -0.00264957 -0.000442571 -0.000155364 -0.000430381 -0.00355544 -0.005556 -5.8738e-05 -0.00103077 -0.00146566 0.00211885 0.0015133 0.000367909 0.00195655 0.000987103
internal_weight=8430.19 103.787 8326.41 3947.68 371.207 125.756 3576.47 4378.73 4360.55 1940.88 513.63 245.451 2426.48 1215.14 1198.09 508.327 237.497 1211.35 1120.44 1054.91 112.12 84.8474 942.791 1149.99 969.684 468.176 406.055 1427.25 689.764 270.83
internal_count=8414 73 8341 4053 245 83 3808 4288 4276 1281 339 162 2698 1354 1333 589 159 1344 1227 1159 83 56 1076 1110 967 309 268 942 744 430
is_linear=0
shrinkage=0.03


Tree=137
num_leaves=31
num_cat=0
split_feature=67 66 23 82 58 3 80 44 102 88 71 67 71 47 33 18 66 101 80 44 77 37 9 86 35 78 65 32 21 54
split_gain=1.38745 1.96466 1.26326 1.25539 1.23902 1.2239 1.32753 1.27285 1.60393 1.42068 1.22322 1.22166 1.68858 1.63019 1.61858 1.59087 1.56025 1.35501 1.60099 1.53275 1.49215 3.42808 1.68437 1.26991 1.55384 1.16259 1.91739 1.53717 1.21514 1.12209
threshold=-0.090544096728307252 -1.0549999999999995 1.5780481744500816 2.6830419676422488 1.328442436335908 4.2500000000000009 17.171708333333335 14.956052631578949 72.500000000000014 4.6650000000000009 24.010000000000002 -0.023741109530583161 13.710000000000003 12.600000000000001 7.902000000000001 -0.95051428390990289 0.034999999999999927 17.500000000000004 9.5055862068965542 10.41763157894737 3.4650000000000003 2.6245000000000007 331.63500000000005 0.66852247436970835 13.915000000000001 1.6650000000000005 1.8050000000000006 13.800714285714287 0.91782391310925859 -0.40000000000000019
decision_type=2 2 2 8 8 2 10 10 2 2 10 2 10 10 8 10 2 2 10 8 2 2 2 2 10 2 2 10 10 2
left_child=3 -2 4 -1 -3 6 7 9 -9 11 -7 16 17 14 -14 23 29 -13 20 -20 -19 -22 -23 -15 -25 26 -17 -27 -29 -4
right_child=1 2 5 -5 -6 10 -8 8 -10 -11 -12 12 13 15 -16 25 -18 18 19 -21 21 22 -24 24 -26 27 -28 28 -30 -31
leaf_value=0.0026862924032227797 -0.0034916902579187627 -0.00085021325200204776 0.0016564830078282123 -0.00017519480640978795 -0.0080239064902459748 -0.0074733444035966603 -0.0043358183974340422 0.0071911955254064025 0.00089273811732624531 -0.0034778963744072793 -0.00062196626016500234 -0.0075076012642490697 0.0030081287702857819 0.0024425335541649793 -0.0039753526431171469 -0.00064905571610992315 0.0040968299142352003 0.00024393663660753136 0.0014151301472802706 0.008439059170812023 0.019402666626809117 -0.0067620988094213826 0.010269610183044403 0.0039083208738710084 -0.0039397691999498918 -0.0044323955781921769 0.0040504401241886019 0.0032843621346457198 -0.0033988456836106461 -9.1261601398267008e-05
leaf_weight=325.75334370136261 147.72535353899002 59.46892437338829 492.79662808775902 239.39082932472229 34.090466201305389 38.257078737020493 60.605273246765137 37.87829577922821 924.9879829287529 105.68044522404671 60.605273246765137 18.560364931821823 34.848032116889954 277.2691251039505 209.08819270133972 2166.2597356140614 115.90758508443832 1517.4045289158821 76.892940431833267 43.938823103904724 12.121054649353026 14.01496943831444 8.3332250714302045 33.332900285720825 71.211196064949036 159.08884227275848 81.05955296754837 55.302311837673187 43.938823103904724 1004.5324040651321
leaf_count=215 147 40 524 311 27 41 40 25 615 111 40 22 23 183 138 1432 120 2902 53 29 26 34 19 22 47 105 58 38 29 1026
internal_value=3.81797e-05 -6.44808e-05 7.83436e-07 0.00147419 -0.00346411 4.30821e-05 8.64211e-05 0.000122135 0.00114051 -2.77622e-05 -0.00327327 2.88906e-05 -0.000210164 -0.000622713 -0.00297771 -0.00042376 0.000743529 0.000553675 0.000643123 0.00396929 0.000384142 0.00655625 -0.000411292 0.00138015 -0.00143748 -0.000698641 -0.000479548 -0.00260463 0.000325385 0.000483951
internal_weight=8470.34 7905.2 7757.47 565.144 93.5594 7663.92 7565.05 7504.45 962.866 6541.58 98.8624 6435.9 4822.66 3131.4 243.936 2887.46 1613.24 1691.27 1672.71 120.832 1551.87 34.4692 22.3482 381.813 104.544 2505.65 2247.32 258.33 99.2411 1497.33
internal_count=8442 7916 7769 526 67 7702 7621 7581 640 6941 81 6830 5160 2075 161 1914 1670 3085 3063 82 2981 79 53 252 69 1662 1490 172 67 1550
is_linear=0
shrinkage=0.03


Tree=138
num_leaves=31
num_cat=0
split_feature=54 80 31 106 13 14 33 58 94 75 81 68 20 103 13 75 66 67 13 44 67 66 62 68 106 66 30 79 56 18
split_gain=1.20666 1.86127 1.70248 2.51903 1.37973 1.34517 1.59513 1.34882 1.61933 1.61281 1.26995 1.23883 1.05218 1.04284 1.32223 1.01191 0.973507 2.36068 1.55138 1.92884 1.54282 1.33678 1.63542 1.9422 1.62308 1.44023 1.31913 1.18977 1.54236 1.35822
threshold=0.32500000000000001 9.0321436302682017 0.73500000000000065 6.5000000000000009 4.057500000000001 54.425000000000004 18.250000000000004 1.9901903393432412 2.4779138669876906 1.9550000000000003 20.370000000000001 15.641993150684931 0.10036170873682972 141.50000000000003 27.295000000000005 0.84500000000000008 1.0000000180025095e-35 0.022176386913228974 3.3765000000000005 14.529736842105264 -0.018911806543385503 -0.42499999999999999 0.39045941985082205 8.5884315068493162 115.50000000000001 -0.96499999999999986 0.014999999999999904 0.065717789707515753 11.675135135135136 -0.36568900553095846
decision_type=2 10 2 2 8 10 8 10 10 2 10 10 10 2 8 2 2 2 8 10 2 2 2 8 2 2 2 2 8 10
left_child=16 2 4 -4 -2 11 7 9 -9 13 -8 12 -3 -7 15 -15 20 -18 -19 -20 21 22 25 -24 26 -1 -23 28 -22 -30
right_child=1 5 3 -5 -6 6 10 8 -10 -11 -12 -13 -14 14 -16 -17 17 18 19 -21 27 24 23 -25 -26 -27 -28 -29 29 -31
leaf_value=-0.0034447180206358574 0.0046344348714637378 -0.0013971923746341115 0.0019268110092119913 -0.011213842916222161 0.00029263297030533193 0.0046542902522744766 0.0045271828643915039 0.0014828253956361552 -0.0059567360422606071 -0.0047924195641548513 -0.00042990395166184002 -0.006033081686454592 -0.0061150996964997352 -0.0016122648692436365 -0.0073404993139251596 0.00077645021539446055 0.0019971487836415408 -0.0020745164877310836 -1.0899517023342376e-05 0.0036909791014892225 -0.002089665887689527 0.002461334249493889 -0.0069491444368708303 0.0014929823681417069 0.0052947568183187065 -0.00042383148197702893 -0.00026441241459834893 -0.0048189966310598518 -0.00039493274391793102 0.0040224375436766482
leaf_weight=174.24016058444977 69.696064233779907 451.50928568840027 24.999675214290619 27.651155918836594 1200.363193243742 37.87829577922821 89.392778038978577 36.363163948059082 95.45330536365509 75.756591558456421 96.968437194824219 72.726327896118164 46.969086766242981 271.20859777927399 24.242109298706055 387.87374877929688 804.91378530859947 271.20859777927399 1036.3501725196838 144.31630691885948 424.99447864294052 267.79955115914345 25.757241129875183 513.25090780854225 82.574684798717499 768.55062136054039 396.20697385072708 74.620242685079575 289.76896271109581 79.923204094171524
leaf_count=181 46 298 30 52 1840 25 59 24 63 50 64 48 31 188 16 256 778 179 1173 96 282 251 17 488 80 820 368 89 402 55
internal_value=-5.00225e-05 -0.00053071 0.000311755 -0.0049744 0.000530895 -0.00119151 -0.000585098 -0.00109335 -0.00390444 -0.000628395 0.00194789 -0.00237538 -0.00184174 -0.000190998 -0.000459583 -0.000206492 0.000220109 0.00069403 -2.84143e-05 0.000441592 -0.000125161 0.000293009 -0.000228547 0.00108956 0.00132818 -0.000982131 0.000834905 -0.0011971 -0.000857004 0.000560052
internal_weight=8363.53 3009.05 1322.71 52.6508 1270.06 1686.34 1115.14 928.776 131.816 796.959 186.361 571.205 498.478 721.203 683.324 659.082 5354.48 2256.79 1451.88 1180.67 3097.69 2228.38 1481.8 539.008 746.581 942.791 664.007 869.307 794.687 369.692
internal_count=8349 3090 1968 82 1886 1122 745 622 87 535 123 377 329 485 460 444 5259 2226 1448 1269 3033 2205 1506 505 699 1001 619 828 739 457
is_linear=0
shrinkage=0.03


Tree=139
num_leaves=31
num_cat=0
split_feature=54 66 26 14 79 101 85 72 70 66 43 66 106 13 81 100 35 61 92 37 98 13 96 82 100 32 39 7 12 57
split_gain=1.09781 1.56396 1.07247 1.25987 1.18107 0.970342 1.25332 0.942977 1.72732 1.73559 1.53769 1.6179 1.42181 1.46719 1.39679 1.36871 1.52034 1.31744 1.14677 1.31369 1.19406 1.0597 1.05198 1.03267 1.01785 1.0054 1.18214 1.20015 1.07719 0.963568
threshold=0.32500000000000001 -0.23000000000000007 0.027537852736430564 46.765000000000008 0.077965568308034042 18.500000000000004 1.0187586206896555 0.75650000000001694 1.4968162996721528 -0.69999999999999996 -1.0000000180025095e-35 0.64500000000000002 109.50000000000001 1.8765000000000003 20.735000000000003 0.70532321390939023 17.045000000000005 1.7798648648648652 11.113572664359863 1.8140000000000005 153.17091180662541 17.380000000000003 -4.2820000000000382 2.3544861469466158 0.8778450580264856 11.656428571428574 2.9050000000000007 7.5950000000000006 280.05000000000007 12.255000000000001
decision_type=2 2 2 8 2 2 2 2 10 2 2 2 2 10 10 2 10 2 10 2 10 10 2 10 2 10 2 2 10 10
left_child=7 -2 -3 4 -4 6 -5 14 9 -9 21 12 13 -12 18 16 -10 24 20 29 -1 -11 -16 -13 -17 -19 27 -27 -29 -20
right_child=1 2 3 5 -6 -7 -8 8 15 10 11 23 -14 -15 22 17 -18 25 19 -21 -22 -23 -24 -25 -26 26 -28 28 -30 -31
leaf_value=-4.1455452838102799e-05 -0.0036819835175668919 -0.0036139539892430621 -0.0015473669000093527 0.010160721715906573 -0.0079596356435570892 -0.00015587829398520497 -0.00024972055796806117 -0.001423423391752129 0.00017116242976500539 0.0015575336311027229 0.006514039161427356 0.011655564833658106 0.0077450609956529496 0.00091137169197855574 -0.0018007445715964502 -0.00052658196104562864 0.0046115865110650774 -0.0044362627432918238 -0.0012974874677957025 -0.0017876284882801243 0.0031632789204592269 -0.0015627575911681658 0.0044857545004859068 0.004225396084626353 0.0056423786360046265 -0.0017540410653815381 -0.0038887177801368296 0.0071117062272319414 -0.00043178592861807351 0.0028215431463031902
leaf_weight=1939.3687438964844 132.95281818509102 87.877646207809448 137.87699663639069 18.939147889614105 31.817768454551697 2507.9219635426998 23.105760425329208 163.63423776626587 510.97821006178856 510.59942710399628 49.999350428581238 30.302636623382568 40.908559441566467 265.14807045459747 31.817768454551697 71.211196064949036 80.301987051963806 122.7256783246994 93.938173532485962 686.35471951961517 110.60462367534637 121.21054649353027 96.968437194824219 37.87829577922821 36.363163948059082 98.483569025993347 90.907909870147705 34.848032116889954 33.332900285720825 112.1197555065155
leaf_count=3002 120 88 91 32 21 2667 28 108 338 340 33 20 27 175 21 47 53 81 62 453 73 80 64 25 24 65 60 23 22 74
internal_value=-3.66712e-05 -0.000502632 -0.000352072 -0.000246674 -0.00274967 -8.0105e-05 0.00443967 0.000218478 0.000677975 0.0014515 0.00189696 0.00329399 0.00248328 0.00180026 -0.000125465 -0.000196275 0.000774218 -0.00137247 -0.000259315 -0.00115695 0.000131453 0.000958917 0.00293262 0.00752769 0.0015587 -0.00220161 -0.00113686 0.000364157 0.00342378 0.00094375
internal_weight=8310.5 2940.49 2807.54 2719.66 169.695 2549.97 42.0449 5370.01 2298.83 1219.68 1056.05 424.237 356.056 315.147 3071.17 1079.15 591.28 487.872 2942.39 892.413 2049.97 631.81 128.786 68.1809 107.574 380.298 257.572 166.665 68.1809 206.058
internal_count=8317 3047 2927 2839 112 2727 60 5270 1521 808 700 280 235 208 3749 713 391 322 3664 589 3075 420 85 45 71 251 170 110 45 136
is_linear=0
shrinkage=0.03


Tree=140
num_leaves=31
num_cat=0
split_feature=54 94 98 20 35 59 26 7 37 88 24 80 65 58 100 62 72 87 8 83 57 81 70 59 82 84 81 47 18 90
split_gain=1.18739 1.20414 1.33205 1.6644 1.51476 1.48728 1.26123 1.09181 1.09914 1.20691 2.17805 1.08883 1.08468 1.06336 1.07867 1.50365 1.25127 1.14941 1.07473 1.03165 1.3599 1.07586 1.01615 1.72807 1.05951 1.65617 0.999687 1.32778 0.985442 1.34755
threshold=-0.24999999999999986 5.2587297825891044 105.82490560144679 -0.90179481294261976 22.200000000000003 23.655000000000005 0.26818835943782521 10.285000000000002 1.3035000000000003 2.6650000000000005 18.081882000000004 12.341113793103451 0.95000000000000007 2.1374579277720751 0.62045323986332246 0.57529943891306279 0.9870000000000233 0.10500000000000002 4.0650000000000004 21.165000000000003 16.165000000000003 19.515000000000004 1.4614997042970685 23.080000000000002 4.1943461830431987 -4.2539999999999614 16.915000000000003 19.005000000000006 -0.62387959670938598 0.32500000000000012
decision_type=2 10 8 8 10 10 2 2 2 2 2 8 2 10 2 2 2 2 2 10 10 10 8 10 10 2 8 8 10 2
left_child=11 2 6 -4 5 7 -2 8 9 10 -5 12 -1 14 15 16 -10 18 -16 20 -14 -21 -19 24 26 -26 -24 -28 -15 -30
right_child=1 -3 3 4 -6 -7 -8 -9 13 -11 -12 -13 19 28 17 -17 -18 22 -20 21 -22 -23 23 -25 25 -27 27 -29 29 -31
leaf_value=3.0457465739566125e-05 -0.00065747767905976584 -0.00532815543858763 0.0015350757537882943 0.0025352767923060076 0.0031766108246859882 -0.0057209972185288506 -0.0050508582636754002 -0.0050336393769834847 0.00018989511409797048 -0.0040794358628601351 0.016597587612581018 0.0001125019914486235 0.0024279285855952197 -0.0057893863567128959 0.0043377973562550168 0.011742147600449084 0.0042733028535594502 -0.0013693789336177576 -0.0032908730175678674 -0.0051080764386856898 0.0090530728213394137 0.002036643973874059 0.0014720359469072863 0.0088102149451826303 0.0024175191047420331 -0.0046253767786640382 -0.0030762179979142586 6.1064393740925535e-05 0.0045584152955381761 -0.002638395165923001
leaf_weight=293.93557524681091 1983.3075670003891 40.908559441566467 656.0520828962326 77.650506347417831 121.21054649353027 43.938823103904724 60.605273246765137 40.908559441566467 331.05630511045456 18.560364931821823 11.363488733768461 1442.7842862308025 409.08559441566467 54.544745922088623 82.195901840925217 12.121054649353026 84.847382545471191 731.80867445468903 20.833062678575516 31.817768454551697 29.923853665590286 46.969086766242981 365.14677131175995 19.696713805198669 42.423691272735596 103.02896451950073 139.39212846755981 941.27565011382103 30.302636623382568 103.02896451950073
leaf_count=194 1318 27 442 100 80 29 40 78 502 28 18 1694 270 36 82 20 56 483 25 21 22 31 241 13 28 68 92 2224 20 68
internal_value=1.85121e-05 -0.000198419 -0.000163878 0.000152425 -0.000116317 -0.000238972 -0.000787748 -0.000163938 -0.000101081 0.00287946 0.00433047 0.000607019 0.00148598 -0.000205804 -6.28534e-05 0.00132649 0.00102294 -0.000305994 0.00279524 0.00231223 0.00287951 -0.000848724 -0.000442378 -2.1272e-05 -0.000130588 -0.0025712 0.000114944 -0.000343604 -0.00239242 -0.00100276
internal_weight=8370.72 6116.21 6075.3 4031.39 3375.33 3254.12 2043.91 3210.19 3169.28 107.574 89.014 2254.52 811.732 3061.7 2873.83 428.025 415.904 2445.8 103.029 517.796 439.009 78.7869 2342.77 1610.96 1591.27 145.453 1445.81 1080.67 187.876 133.332
internal_count=8350 6118 6091 4733 4291 4211 1358 4182 4104 146 118 2232 538 3958 3834 578 558 3256 107 344 292 52 3149 2666 2653 96 2557 2316 124 88
is_linear=0
shrinkage=0.03


Tree=141
num_leaves=31
num_cat=0
split_feature=30 49 92 98 96 67 89 19 74 76 67 77 56 35 15 11 73 13 94 72 98 74 86 57 57 74 75 35 11 14
split_gain=1.00018 1.88257 0.972836 1.56907 1.52399 1.47324 1.22784 1.21975 1.47877 1.35085 1.53931 1.59895 1.26273 2.30874 1.20161 1.6265 1.14534 1.22058 1.02954 1.02452 0.99396 0.993387 0.99637 1.37106 1.21148 1.6434 0.968085 0.920142 1.43814 1.15382
threshold=-0.59000000000000041 2.1160526315789481 11.770105247981547 77.46287076063318 7.6789999999999745 -0.07681365576102421 3.1950000000000007 -0.83819464228293128 0.62735020765840144 3.7650000000000001 0.043179231863442351 1.9650000000000005 15.953513513513515 20.98 1023.2345000000001 2.3030000000000004 2.8565753424657538 5.1095000000000015 3.1529821108792935 6.448500000000025 20.93283432316618 0.48934487320111125 0.59300334671554455 14.765000000000002 16.075000000000003 0.30078869361915145 2.0750000000000006 19.220000000000002 18.035000000000004 56.455000000000005
decision_type=2 2 10 10 2 2 2 10 2 2 2 2 10 10 10 8 2 10 10 2 8 2 2 10 10 2 2 10 10 10
left_child=1 -1 6 4 -4 16 20 18 9 10 11 21 -10 -14 15 -8 -5 26 -7 -17 -2 22 23 -9 -25 -26 -18 -22 -29 -30
right_child=2 -3 3 5 -6 7 14 8 12 -11 -12 -13 13 -15 -16 19 17 -19 -20 -21 27 -23 -24 24 25 -27 -28 28 29 -31
leaf_value=0.016817630180086141 -0.0067293434349563769 0.0017597620259975596 -0.004308547551274136 0.0035480975984963138 0.0023522386693807171 0.00047952862037878324 -0.023614073206388714 -0.0026209923897393124 0.0051135995984550407 -0.002941773023590256 -0.0029099187921557729 0.0061079797917954872 -0.0051437856564722174 0.0042624807684355339 0.0034022431218217065 -0.0012347487657346197 -0.0014224650826137695 -0.0029761038322280334 0.0065038010025227962 -0.0075687652255786468 0.00020611623830816956 -0.0035112500708613581 0.0019465324802132511 0.0044564151305595059 -0.0058461024801282034 0.0018600748662047477 0.0031535275550815703 0.0047529838568309089 -0.002923998368927763 0.0019858707082078715
leaf_weight=8.3332250714302045 18.181581974029541 72.347544938325882 168.17963325977325 134.84673297405243 37.87829577922821 109.08949184417725 3.0302636623382559 183.33095157146454 60.605273246765137 353.02571666240692 219.69411551952362 36.363163948059082 46.969086766242981 46.969086766242981 45.453954935073853 442.4184947013855 65.150668740272522 78.786855220794678 33.332900285720825 24.242109298706055 5396.5207996666431 78.786855220794678 175.7552924156189 62.120405077934265 37.87829577922821 72.726327896118164 115.15001916885376 104.54409635066986 63.635536909103394 133.3316011428833
leaf_count=16 12 83 111 89 25 72 2 121 40 233 145 24 31 31 30 736 43 52 22 16 5889 52 116 41 25 48 76 69 42 88
internal_value=-9.15737e-06 0.00331503 -4.12846e-05 -0.000596956 -0.00308414 -0.000328711 0.000147463 -0.000753277 -0.00102717 -0.00137747 -0.000740262 -3.49356e-06 0.00173749 -0.000440652 -0.00125532 -0.00170605 0.00130587 0.000138858 0.00188946 -0.00156379 0.000273882 -0.000367452 9.82956e-05 -0.000814026 0.0011039 -0.000779027 0.00150002 0.000296228 0.00190907 0.000399605
internal_weight=8428.68 80.6808 8348 2116.64 206.058 1910.58 6231.36 1516.65 1374.22 1219.68 866.655 646.961 154.543 93.9382 515.145 469.691 393.934 259.088 142.422 466.661 5716.21 610.598 531.811 356.056 172.725 110.605 180.301 5698.03 301.511 196.967
internal_count=8380 99 8281 1397 136 1261 6884 1001 907 805 572 427 102 62 784 754 260 171 94 752 6100 403 351 235 114 73 119 6088 199 130
is_linear=0
shrinkage=0.03


Tree=142
num_leaves=31
num_cat=0
split_feature=27 23 25 96 23 21 94 81 47 54 43 1 54 43 68 87 31 98 42 20 38 19 82 17 95 45 53 87 42 104
split_gain=1.13894 2.22236 1.2141 1.11387 0.926056 0.907357 0.892124 0.872078 0.838234 0.815129 1.20274 1.5064 1.19437 1.15195 1.59044 1.50844 1.58228 1.45588 1.25985 1.2717 1.39467 1.07735 1.9317 1.62865 1.20824 1.0521 1.04248 1.30473 1.00925 1.05667
threshold=0.96500000000000008 1.6348449477260443 1.3587500000000003 12.836500000000003 1.6564334085461805 0.94377192908038166 2.304778447361695 17.475000000000005 26.625000000000004 -0.21000000000000005 -0.12654545454545404 1.0000000180025095e-35 -0.92499999999999993 0.037818181818182341 4.6593082191780821 0.095000000000000015 0.18900000000000031 33.835400577889459 1.9650000000000001 -0.85432263166910072 0.28602446392525699 0.11060162164868496 0.95911346238918427 0.83966725905292339 16.960000000000004 17.385000000000002 0.89000000000000001 0.38500000000000006 0.11000000000000022 0.50000000000000011
decision_type=2 2 2 2 2 10 10 8 10 2 2 2 2 2 8 2 2 8 2 10 2 10 8 2 10 10 2 2 2 2
left_child=1 -1 -2 4 8 7 -5 -6 9 10 11 -4 -13 15 -15 -11 -17 -16 19 25 21 22 -21 26 -24 -19 -23 -28 -12 -30
right_child=2 -3 3 6 5 -7 -8 -9 -10 13 28 12 -14 14 17 16 -18 18 -20 20 -22 23 24 -25 -26 -27 27 -29 29 -31
leaf_value=-0.012168626223431326 0.0052566690740426915 0.0059979603806403015 -0.0011379143756556661 0.00029284597045460862 0.0010520493098231025 0.0031690521136516388 0.006501952299110372 -0.0045890942127391459 0.0054752483663601534 0.0046416948228336311 0.0012217275339226224 0.0070605076460833922 0.00077213286541930103 0.010916232820492941 -0.0065157161952854349 -0.00060794112722292021 -0.0029403795422012309 0.0005107821726395552 -0.0073292992649168437 0.0082342418275422585 -0.002463695083263192 0.0028988649262728268 -0.0033900749922686105 -0.00044235735576357018 -0.00011405156248774751 0.0029850657896417143 0.0048354551905559076 -0.0022230645486275079 -0.00035063428751508884 -0.0077696599715995551
leaf_weight=18.181581974029545 39.772210568189621 9.0907909870147687 705.29386740922928 40.908559441566467 125.75594198703766 157.95249339938164 42.423691272735596 30.68141958117485 24.242109298706055 45.07517197728157 1235.2112253606319 33.332900285720825 147.34657058119774 12.121054649353026 30.302636623382568 2108.6847260296345 298.85975369811058 1146.5760132372379 20.454279720783234 18.181581974029541 249.23918622732162 293.93557524681091 203.78523129224777 695.82429346442223 201.51253354549408 178.78555607795715 31.817768454551697 90.907909870147705 196.96713805198669 18.939147889614105
leaf_count=24 45 21 629 27 83 105 28 21 16 38 1245 37 212 8 20 2096 330 1890 36 12 166 194 142 460 133 121 21 60 208 26
internal_value=7.69771e-06 -0.0061131 2.75115e-05 2.70856e-06 -3.19335e-05 0.00156513 0.00345385 -5.43251e-05 -9.47951e-05 -0.000111752 0.000359178 -0.000511805 0.00193225 -0.000307378 7.00068e-05 -0.000795677 -0.000897478 2.84205e-05 9.17559e-05 0.000140555 -0.000382103 -4.43257e-05 -0.0013321 0.000445881 -0.00176125 0.000844552 0.00192924 -0.000393078 0.000890953 -0.00100143
internal_weight=8452.16 27.2724 8424.89 8385.12 8301.79 314.39 83.3323 156.437 7987.4 7963.15 2337.09 885.973 180.679 5626.06 3173.44 2452.62 2407.54 3161.32 3131.02 3110.57 1785.2 1535.96 423.479 1112.49 405.298 1325.36 416.661 122.726 1451.12 215.906
internal_count=8454 45 8409 8364 8309 209 55 104 8100 8084 2357 878 249 5727 3263 2464 2426 3255 3235 3199 1188 1022 287 735 275 2011 275 81 1479 234
is_linear=0
shrinkage=0.03


Tree=143
num_leaves=31
num_cat=0
split_feature=67 66 67 14 68 75 53 52 70 82 72 67 12 70 9 56 105 77 77 93 36 97 98 13 77 54 45 92 7 99
split_gain=1.44812 2.00085 1.7517 1.56212 2.44038 1.80184 1.69234 1.56918 1.73786 1.55729 1.55445 1.62001 1.36268 1.353 1.31606 1.35179 1.53156 1.52341 1.42074 1.28474 1.26386 1.19265 1.18825 1.20531 1.16665 1.08929 1.08544 1.06678 1.54538 1.05675
threshold=-0.0071408250355618859 -0.22999999999999973 -0.052023470839260393 59.655000000000008 4.6593082191780821 1.8650000000000004 2.9150000000000005 3.3050000000000002 2.3187826110427858 1.3915369170148439 1.5535000000000425 0.11661450924608817 66.790000000000006 3.8691499436918284 318.46500000000009 15.014189189189187 34.500000000000007 2.6650000000000005 1.5250000000000006 18.925000000000001 0.85100000000005604 18.895194944134655 105.32892142365385 9.4050000000000029 2.6650000000000005 0.51000000000000023 6.2365000000000004 6.6933321799307963 5.8350000000000009 1.0059210377234622
decision_type=2 2 2 8 8 2 2 2 8 8 2 2 10 10 2 10 2 2 2 10 2 8 10 10 2 2 8 10 2 2
left_child=1 2 9 10 -5 6 20 -7 -9 -1 12 14 -2 24 -12 16 18 -18 -16 29 -6 -11 -21 -24 -13 -17 -4 -14 -29 -3
right_child=3 19 26 4 5 7 -8 8 -10 21 11 13 27 -15 15 25 17 -19 -20 22 -22 -23 23 -25 -26 -27 -28 28 -30 -31
leaf_value=0.004212461648317109 -0.0068988125804372198 0.0035836491979305278 0.0062390586251208531 0.011011653749647812 0.00041977330829524097 -0.0060618147747420713 -0.0076212972448115963 -0.002402419285204598 0.0037698446477054293 -0.0043727136876873891 -0.0020027727310536611 -0.0014272774304012088 0.0041873000186196264 0.0034695541329097033 0.0066852364595809972 0.0060729407733272562 -0.0014944310047069009 0.0053042472041029166 0.00014783842734191277 -0.0046218352200352508 -0.0023463149686804431 0.00058309568692268339 0.0024594104919190155 -0.0042323443526981197 -0.0057200834841750299 -0.00046877859495476226 -0.0011654145540442265 -0.0043237275122442994 -0.0011683315737180623 0.0012711721340278729
leaf_weight=104.54409635066986 46.969086766242981 300.75366848707199 18.181581974029541 18.181581974029541 2860.1901142895222 72.347544938325882 24.620892256498337 181.81581974029541 53.029614090919495 45.453954935073853 132.19525226950645 193.93687438964844 27.272372961044312 36.363163948059082 59.090141415596008 81.817118883132935 246.96648848056793 33.711683243513107 60.605273246765137 48.484218597412109 156.81614452600479 1135.5913074612617 101.5138326883316 31.817768454551697 80.680770009756088 31.817768454551697 891.27629968523979 177.64920720458031 653.77938514947891 435.22161850333214
leaf_count=69 31 302 12 12 3543 98 47 120 134 33 88 128 18 24 39 54 163 23 40 32 105 1213 67 21 54 21 856 118 433 456
internal_value=-3.02892e-05 0.000482026 -9.78619e-06 -0.000335222 5.04353e-05 -9.07591e-06 0.000212073 -0.00219875 -0.00100868 0.000703016 -0.00103228 -0.000189314 -0.00192319 -0.00196841 0.000666864 0.00135345 0.000533832 -0.000677856 0.00337516 0.00165828 0.000275999 0.000392365 -0.000599979 0.000862514 -0.00268847 0.00424126 -0.00101739 -0.00165103 -0.00184254 0.00221616
internal_weight=8342.69 3112.84 2195.05 5229.86 3367 3348.82 3041.63 307.193 234.845 1285.59 1862.85 957.185 905.67 310.981 646.204 514.008 400.374 280.678 119.695 917.791 3017.01 1181.05 181.816 133.332 274.618 113.635 909.458 858.701 831.429 735.975
internal_count=8354 3061 2183 5293 4059 4047 3695 352 254 1315 1234 634 600 206 428 340 265 186 79 878 3648 1246 120 88 182 75 868 569 551 758
is_linear=0
shrinkage=0.03


Tree=144
num_leaves=31
num_cat=0
split_feature=31 26 62 30 54 9 98 26 52 53 79 26 66 1 70 90 46 34 52 36 98 7 95 94 93 25 85 23 67 66
split_gain=1.16129 1.14096 1.64937 1.15945 1.12565 1.08006 1.34994 1.26487 1.22317 2.20809 1.21977 1.62419 1.14093 1.03769 1.06807 1.03322 1.02842 1.02155 1.02134 1.35459 1.00928 1.16963 1.13581 1.04429 1.00511 1.23786 0.920428 0.910768 0.884376 1.88623
threshold=-0.45749999999999963 0.19352002001259616 1.1220428583524209 0.27000000000000018 0.12500000000000003 261.91000000000003 100.89523257564669 0.22890135271411913 3.6950000000000007 1.6850000000000001 0.018169659385412814 0.26293217626477838 0.36000000000000026 1.0000000180025095e-35 1.8685880661863135 -0.82999999999999974 1.6177879996116749 0.36109291759915618 3.4250000000000003 0.0045000000000072768 132.17286102824821 8.7950000000000017 24.565000000000001 4.8919147615031706 17.925000000000004 1.7787500000000003 2.5866206896551729 1.6391656604110654 -0.033140113798008568 0.010000000000000122
decision_type=2 2 2 2 2 2 8 2 2 2 2 2 2 2 10 2 10 8 2 2 10 2 10 10 10 2 2 2 2 2
left_child=18 3 5 4 20 8 -7 -8 9 12 11 -9 -3 14 -12 -5 17 -6 -1 -20 23 22 26 28 25 -18 -22 -11 -2 -30
right_child=1 2 -4 15 16 6 7 10 -10 27 13 -13 -14 -15 -16 -17 24 -19 19 -21 21 -23 -24 -25 -26 -27 -28 -29 29 -31
leaf_value=2.5570427069170031e-05 0.00082158612281584052 -0.0051981467769484776 -0.0093696566832286513 0.008757898682153032 -0.0021780061786258438 -0.0031336026592952084 -0.0011865876160553845 7.401385857848344e-05 0.0041701923770681645 -0.0064899755475696166 0.0038106863820967962 0.0096622996802447157 1.918506036904444e-05 -0.0036142805229139852 -0.0012699660294642021 0.0012516471239516016 0.00032370821966882466 -4.8220715609647951e-05 0.0068013217773466037 0.00090948195573844657 0.0013342759259058945 0.0070925993075487059 -0.0012818475238304322 -0.0031541440085289317 -0.00060202932688978696 -0.006508226194588288 0.0059800469739733205 -0.017054966104055169 -0.0014301279593250586 0.00067148280088583166
leaf_weight=119.31663170456886 1241.6505356431007 61.741622120141983 20.833062678575516 17.045233100652695 220.0728984773159 110.60462367534637 209.466975659132 28.029938876628876 21.211845636367798 17.802799016237262 96.589654237031937 36.741946905851364 96.968437194824219 39.014644652605057 60.605273246765137 519.69021809101105 34.848032116889954 2565.875756084919 68.938498318195343 71.589979022741318 621.20405077934265 30.302636623382568 148.48291945457458 84.847382545471191 153.02831494808197 75.756591558456421 40.908559441566467 12.499837607145308 685.21837064623833 875.36741545796394
leaf_count=135 1373 52 22 21 146 73 220 26 29 32 111 52 109 58 40 526 23 2706 95 48 410 20 98 56 101 50 27 27 708 982
internal_value=9.25051e-05 2.9378e-05 -0.00103743 0.000147826 4.15333e-05 -0.000818054 -0.000151379 0.000549756 -0.00266072 -0.00342731 0.00194337 0.00551298 -0.00201047 0.00076498 0.00185188 0.00149002 -0.000385934 -0.000216461 0.00206675 0.00379982 0.000391212 0.00130585 0.00108952 0.000124813 -0.00217684 -0.0043557 0.00162131 -0.010848 0.000224095 -0.000251288
internal_weight=8386.25 8126.41 812.111 7314.3 6777.56 791.278 581.053 470.448 210.225 189.013 260.981 64.7719 158.71 196.21 157.195 536.735 3049.58 2785.95 259.845 140.528 3727.98 840.898 810.596 2887.08 263.633 110.605 662.113 30.3026 2802.24 1560.59
internal_count=8376 8098 851 7247 6700 829 580 507 249 220 287 78 161 209 151 547 3026 2852 278 143 3674 555 535 3119 174 73 437 59 3063 1690
is_linear=0
shrinkage=0.03


Tree=145
num_leaves=31
num_cat=0
split_feature=42 67 94 23 106 56 90 69 82 65 62 87 20 70 45 91 48 72 82 24 36 81 57 83 3 70 33 3 50 52
split_gain=1.52178 1.16031 1.23517 1.32146 1.2997 1.4008 1.75562 1.69857 2.01244 1.6666 1.34856 1.34364 1.54868 1.65465 1.56244 1.33499 1.42691 1.28603 1.23237 1.18468 1.07722 1.07412 1.06688 2.61671 1.4019 1.26416 1.31615 1.26039 1.17408 1.1657
threshold=1.9650000000000001 -0.0071408250355618859 4.6466610719186372 1.6185152265819862 129.50000000000003 12.290270270270272 3.0150000000000006 12.795000000000002 3.4185501394030076 1.7550000000000006 0.24262546331505666 1.3650000000000004 -0.97107176543883311 1.8580687507136564 20.240000000000006 0.022862866985683881 0.46349999999995367 0.50199999999995282 0.83426846470255045 132.04328250000003 -1.0430000000000061 13.345000000000001 12.705000000000002 16.960000000000004 1.8050000000000004 3.0534112627745258 16.415000000000003 2.9250000000000003 0.28523612272748883 3.2950000000000004
decision_type=2 2 10 2 2 8 2 10 10 2 2 2 8 8 10 2 2 2 8 2 2 10 10 10 2 10 10 2 2 2
left_child=1 22 4 -4 5 7 11 9 21 15 -6 12 13 -7 18 -3 -17 -13 -14 20 -20 -9 28 -24 -25 26 27 29 -1 -26
right_child=-2 2 3 -5 10 6 -8 8 -10 -11 -12 17 14 -15 -16 16 -18 -19 19 -21 -22 -23 23 24 25 -27 -28 -29 -30 -31
leaf_value=-0.00046054346478482884 -0.0078354171015884676 9.8303726317728276e-05 -0.00056214917944039208 -0.0047312387857119291 0.0026282461127848872 0.005374294600617965 -0.0053604622309281142 -0.0043046326717456583 0.002420376681598503 -0.0060582273212061487 -0.0039900385447446908 0.00010043177238384537 0.01359340970036854 0.00057474998574199546 -0.0057295067093578568 0.00070527048942481733 0.0070322796655728336 0.004152319162201149 0.0073824368469974496 -0.0075790490294128593 4.8670060979602905e-05 -0.001450271339485382 0.003550554014402955 0.002458851193615416 -0.00042552768291596025 -0.0046893252200081916 0.0022506831459426606 -0.0034582986761094365 0.0019971225952332174 0.0028785917192049992
leaf_weight=1279.5288314223289 22.348194509744644 663.62774205207825 176.51285833120346 111.74097254872322 34.469249159097672 102.65018156170845 47.347869724035263 136.36186480522156 111.36218959093094 34.848032116889954 141.28604325652122 123.86202719807625 6.0605273246765128 174.61894354224205 42.423691272735596 74.999025642871857 56.059877753257751 163.63423776626587 18.181581974029541 18.181581974029541 2102.624198704958 913.62449419498444 293.93557524681091 249.99675214290619 622.71918261051178 49.999350428581238 221.20924735069275 103.02896451950073 202.64888241887093 113.63488733768463
leaf_count=1629 41 444 121 79 70 70 83 90 75 23 130 156 4 116 28 51 37 108 12 33 2935 603 194 165 411 33 146 68 355 75
internal_value=-1.7371e-05 3.45081e-06 -0.000269113 -0.00217829 -0.000158299 -6.53389e-05 0.000367271 -0.000673676 -0.00141426 0.000363147 -0.00269206 0.000465807 0.000239421 0.00235163 -2.83082e-05 0.000644733 0.00341162 0.00240664 8.44472e-05 4.61714e-05 0.000111542 -0.00182097 0.000460038 0.000983707 0.000429177 -2.77078e-05 0.000192054 -0.000350473 -0.000124522 8.43673e-05
internal_weight=8413.53 8391.18 5254.48 288.254 4966.22 4790.47 2799.58 1990.88 1161.35 829.535 175.755 2752.24 2464.74 277.269 2187.47 794.687 131.059 287.496 2145.05 2138.99 2120.81 1049.99 3136.7 1654.52 1360.59 1110.59 1060.59 839.383 1482.18 736.354
internal_count=8385 8344 5268 200 5068 4868 3545 1323 768 555 200 3462 3198 186 3012 532 88 264 2984 2980 2947 693 3076 1092 898 733 700 554 1984 486
is_linear=0
shrinkage=0.03


Tree=146
num_leaves=31
num_cat=0
split_feature=31 39 17 45 50 93 24 93 63 14 31 2 16 96 43 101 31 55 72 61 33 37 88 78 72 96 34 1 57 48
split_gain=1.25579 0.955369 1.51552 2.05545 1.8615 1.56379 1.41392 1.30666 1.77158 1.32298 1.1698 1.1495 2.30277 2.17321 1.559 1.48933 1.41809 1.16639 1.43252 1.1431 1.1998 1.10176 1.01444 1.01418 1.63187 1.32591 1.01209 0.995002 0.984058 1.18021
threshold=0.99600000000000044 1.4450000000000001 0.051725916674897877 11.515000000000002 0.40063215917980416 18.250000000000004 50.956990000000005 16.275000000000002 0.91500000000000015 85.850000000000009 0.36900000000000055 1.0000000180025095e-35 -0.33520492691655107 -13.28500000000008 0.095363636363636817 18.500000000000004 -0.20099999999999904 -0.15397368421052618 -2.5425000000000177 1.6201351351351356 12.115 1.4045000000000003 1.8450000000000004 0.86000000000000032 3.3129999999999318 -6.8340000000000023 0.38780210938015436 1.0000000180025095e-35 14.540000000000001 1.8490000000000466
decision_type=2 2 2 8 2 10 2 10 2 10 2 2 2 2 2 2 2 2 2 2 8 2 2 2 2 2 8 2 8 2
left_child=1 2 4 21 22 7 -6 9 -9 23 11 16 13 -13 19 -16 28 18 -18 20 -15 -4 -1 24 -5 -25 -21 -12 -3 -30
right_child=-2 10 3 5 6 -7 -8 8 -10 -11 27 12 -14 14 15 -17 17 -19 -20 26 -22 -23 -24 25 -26 -27 -28 -29 29 -31
leaf_value=-0.0020794204343583117 -0.005902448829990632 -3.5490991068634482e-05 0.0027538912898326818 0.00033313058664346385 -0.013821211536564914 0.0064780705279100254 0.0010924715070544703 -0.0053504870422382599 0.0028918767607411006 0.011068486241907554 -0.00091105716600012234 0.0063526226599455223 0.002006756895919835 -0.0040404912376036158 0.010051928677075384 -0.00011585837428109925 -0.0079124749077427916 -0.00027927557805416768 0.0027323650195176467 3.8882641727955909e-05 0.0027771272471856026 -0.001997381256484861 0.00099222713212875394 -0.0031788431583548958 0.0104580240865606 0.0045015773485442955 -0.0033468178437910229 -0.0043737686269615574 0.0022166109641257826 -0.0024621523587254265
leaf_weight=168.93719917535782 33.332900285720825 438.63066512346268 56.438660711050034 263.25415566563606 16.666450142860416 69.696064233779907 8.7120080292224866 50.37813338637352 43.938823103904724 15.151318311691282 288.63261383771896 30.302636623382568 195.83078917860985 34.848032116889954 14.014969438314436 173.10381171107292 12.121054649353026 4098.4316033124924 185.60364931821823 92.423041701316833 69.696064233779907 198.10348692536354 226.5122087597847 22.726977467536926 15.151318311691282 184.0885174870491 566.65930485725403 100.75626677274704 570.82591739296913 53.029614090919495
leaf_count=200 55 291 38 377 32 46 17 34 29 10 252 20 442 23 22 253 8 3515 151 61 121 133 259 15 10 279 842 134 616 35
internal_value=-9.11986e-05 -6.77608e-05 0.000665551 0.00134836 -0.000825451 0.00222658 -0.00870159 0.00172832 -0.00151067 0.00233885 -0.000209634 -0.000114459 -0.00096344 -0.00155633 -0.00180841 0.000645697 7.19962e-05 -0.000170702 0.00207981 -0.00240976 0.000504588 -0.0009439 -0.00031999 0.00206626 0.000884145 0.00365758 -0.00287204 -0.00180705 0.00105335 0.0018189
internal_weight=8298 8264.67 1339.76 918.927 420.828 664.385 25.3785 594.689 94.317 500.372 6924.91 6535.52 1176.88 981.048 950.745 187.119 5358.64 4296.16 197.725 763.626 104.544 254.542 395.449 485.221 278.405 206.815 659.082 389.389 1062.49 623.856
internal_count=8320 8265 1479 971 508 800 49 754 63 691 6786 6400 1784 1342 1322 275 4616 3674 159 1047 144 171 459 681 387 294 903 386 942 651
is_linear=0
shrinkage=0.03


Tree=147
num_leaves=31
num_cat=0
split_feature=15 80 87 13 58 52 38 7 30 63 19 68 80 44 83 38 32 86 96 10 9 89 96 44 81 99 48 74 71 65
split_gain=0.97142 1.14767 1.05387 1.74924 1.01758 0.998706 1.09046 1.082 1.84637 1.69565 1.52105 1.28692 1.5648 1.76355 1.33461 1.22055 2.12418 3.0123 1.50631 1.07355 1.01108 1.00333 0.979059 1.10768 1.1866 0.968547 0.915107 0.901019 0.988576 0.885703
threshold=1026.6155000000001 8.9594379310344845 1.5650000000000002 4.1975000000000007 0.59241606164214489 4.5950000000000006 0.22732746768213091 8.1250000000000018 -0.099999999999999742 0.79500000000000015 -0.78206431463561632 14.48986301369863 11.544765517241382 15.320263157894738 20.070000000000004 0.31567255977102276 15.262142857142857 0.35501966882862118 3.5465000000000377 16.265000000000004 336.22500000000008 3.225000000000001 3.4699999999999709 8.4970000000000017 12.795000000000002 2.4653275482632817 -1.1335000000000262 0.34193362984890302 16.945000000000004 1.6650000000000005
decision_type=10 10 2 10 10 2 2 2 2 2 8 10 10 10 10 2 8 2 2 10 2 2 2 10 10 2 2 2 10 2
left_child=5 -2 4 -4 -3 7 -7 11 -9 10 -10 15 -13 14 -14 21 18 -18 -17 -15 -19 -1 23 24 -11 -12 -25 28 -6 -16
right_child=1 2 3 -5 27 6 -8 8 9 22 25 12 13 19 29 16 17 20 -20 -21 -22 -23 -24 26 -26 -27 -28 -29 -30 -31
leaf_value=6.2833442846619319e-05 0.0044307979616572315 0.0027211527838907107 0.0029382487644148934 -0.0047823647026182343 -0.001954347278893737 -0.0096618254801769058 -0.0014073387473704441 0.0024489886594288978 0.0042809905712412524 6.4809413710635149e-05 -0.0030572994672949248 -0.0060407517460801287 -0.0074524918268613219 0.0028450081773874519 -0.00076181747707449994 -0.002931658995514 0.013375569219262209 0.0039268542406170007 0.0047567628266640422 -0.00093088303695150444 -0.0015903822985941457 -0.0018876069533281129 -0.0012944066263721038 0.0057126261840805123 -0.0076756637075295914 -0.01118678745416387 0.0014616306679761614 -0.0030167958942027341 0.0022256246972428189 -0.0055834762459511991
leaf_weight=4983.6473756730556 33.332900285720825 42.423691272735596 109.08949184417725 34.848032116889954 162.11910593509674 18.181581974029541 69.317281275987625 446.96389019489288 14.014969438314436 187.49756410717964 28.408721834421158 58.711358457803726 43.18125718832016 125.75594198703766 178.78555607795715 94.316956490278244 26.514807045459747 108.33192592859268 30.302636623382568 146.96778762340546 41.287342399358749 249.23918622732162 210.60332453250885 53.029614090919495 19.696713805198669 24.620892256498337 324.23821187019348 366.66190314292908 74.241459727287292 42.423691272735596
leaf_count=5144 22 28 72 23 107 15 60 481 10 393 48 41 30 83 118 63 55 181 20 97 88 391 139 35 13 47 214 242 49 28
internal_value=-4.31551e-05 -0.00102191 -0.00125215 0.00106905 -0.00176979 6.3838e-05 -0.00312256 0.000101319 0.000884243 7.29954e-05 -0.00450871 -6.58903e-05 -0.00139063 -0.000882335 -0.00262824 7.67493e-05 0.00193523 0.00405595 -0.00106213 0.000810222 0.00240438 -3.00648e-05 0.000459352 0.0010913 -0.000671031 -0.0068317 0.00205916 -0.00208574 -0.000641407 -0.00168652
internal_weight=8348.76 822.717 789.384 143.938 645.446 7526.04 87.4989 7438.54 1309.07 862.11 67.0446 6129.47 595.826 537.114 264.391 5533.64 300.754 176.134 124.62 272.724 149.619 5232.89 795.065 584.462 207.194 53.0296 377.268 603.022 236.361 221.209
internal_count=8337 543 521 95 426 7794 75 7719 1380 899 105 6339 397 356 176 5942 407 324 83 180 269 5535 794 655 406 95 249 398 156 146
is_linear=0
shrinkage=0.03


Tree=148
num_leaves=31
num_cat=0
split_feature=96 92 3 77 49 12 39 7 7 31 49 57 3 7 64 96 29 19 42 83 79 54 44 92 20 68 28 86 85 49
split_gain=1.19315 1.54064 0.847217 1.56657 2.56462 1.22337 1.10581 2.04357 0.982659 1.31704 1.0972 1.35538 1.7648 1.54853 1.4934 1.36191 1.10538 1.07937 1.13207 1.02345 0.9747 0.951606 0.945372 1.18329 0.938016 2.07106 1.7658 1.23649 1.22451 1.89668
threshold=11.243999999999973 14.093901384083045 3.8150000000000004 3.5250000000000008 2.184473684210527 100.55000000000001 0.70500000000000007 6.4850000000000012 8.1450000000000014 0.17100000000000035 2.3034210526315797 14.540000000000001 2.5950000000000002 7.3250000000000011 2.8750000000000004 -1.3309999999999602 0.41499999999999987 0.30386678087244251 -0.37499999999999994 22.550000000000001 -0.033725934838948569 0.25000000000000017 14.47263157894737 11.113572664359863 -0.84329764365126436 10.589246575342466 2.0850000000000004 0.47527890391311339 1.3389310344827587 2.2386842105263165
decision_type=2 10 2 2 2 8 2 2 2 2 2 8 2 2 2 2 2 8 2 10 2 2 10 10 8 10 2 2 2 2
left_child=2 -2 3 6 -5 -4 7 -1 10 -10 19 14 15 -14 -12 22 -15 21 -19 24 -21 -11 23 -13 25 26 -8 -27 29 -26
right_child=1 -3 5 4 -6 -7 8 -9 9 17 11 12 13 16 -16 -17 -18 18 -20 20 -22 -23 -24 -25 28 27 -28 -29 -30 -31
leaf_value=0.00070726690064756381 0.0033912179739308311 -0.0037925307912306389 -0.020723129475909506 0.01634173876578399 0.0013187729919745821 -0.0015430745546760247 0.00031079752106680946 -0.013665452265973628 0.0013396234793127907 0.0038548970821902589 -0.0065052301573732549 -0.0013345162867148131 -0.0025687882130157481 0.00067590328663689342 -0.0014990191083954943 9.134824194874879e-05 -0.002516154024776359 0.0074785963267299752 -0.0032094707624281539 -0.00010703424429499426 0.006459849305397238 -0.0016808224378618987 0.007260452440596565 0.0052430699800825346 0.00031752592330005602 0.00022191441331784585 -0.0045282010310105638 0.0034087366300230293 -0.00065131132716132745 0.0087086529659621426
leaf_weight=21.59062859416008 172.72502875328064 31.817768454551697 3.0302636623382559 13.636186480522154 40.908559441566467 243.17865890264511 389.388880610466 15.151318311691282 912.86692827939987 59.090141415596008 66.66580057144165 49.999350428581238 404.54019892215729 399.9948034286499 274.23886144161224 404.16141596436501 129.1649886071682 9.4695739448070508 153.40709790587425 37.87829577922821 43.938823103904724 53.029614090919495 42.423691272735596 48.484218597412109 1581.7976317405701 170.45233100652695 82.195901840925217 306.8141958117485 2126.1087420880795 24.620892256498337
leaf_count=36 114 21 2 27 69 234 260 37 910 39 44 33 408 402 181 560 131 10 186 25 29 35 28 32 1830 114 55 204 2223 35
internal_value=1.08377e-05 0.00227375 -4.62477e-05 8.01984e-06 0.00507451 -0.00177914 -2.73758e-05 -0.00521963 -2.82556e-06 0.000791349 -0.000146133 -0.000772759 -0.000379643 -0.00117149 -0.00247801 0.000976787 -0.00010326 -0.00102868 -0.00258807 9.32563e-05 0.00341963 0.00123665 0.00351647 0.00190368 3.51209e-05 0.000877373 -0.000532626 0.00227059 -0.000178989 0.000446133
internal_weight=8312.77 204.543 8108.23 7862.02 54.5447 246.209 7807.47 36.7419 7770.73 1187.86 6582.87 1819.67 1478.77 933.7 340.905 545.069 529.16 274.996 162.877 4763.2 81.8171 112.12 140.907 98.4836 4681.38 948.851 471.585 477.267 3732.53 1606.42
internal_count=8314 135 8179 7943 96 236 7847 73 7774 1180 6594 1819 1594 941 225 653 533 270 196 4775 54 74 93 65 4721 633 315 318 4088 1865
is_linear=0
shrinkage=0.03


Tree=149
num_leaves=31
num_cat=0
split_feature=22 23 93 93 35 13 81 57 89 13 90 68 99 15 92 62 86 17 81 92 25 57 54 46 12 15 60 38 18 92
split_gain=1.02852 0.931049 0.882487 1.46275 0.977576 1.40221 1.5417 1.26582 1.17996 1.1604 1.2985 1.15032 1.89575 1.22377 1.7206 1.38001 1.15608 1.05954 0.957213 1.04433 1.28786 1.04737 1.57611 1.30825 1.43465 1.39868 1.07013 1.04849 1.81414 1.99176
threshold=18.062600000000003 1.5780481744500816 11.590000000000002 11.045000000000002 18.825000000000003 7.9675000000000002 20.330000000000002 19.995000000000001 1.6250000000000004 3.0950000000000002 1.5650000000000006 14.48986301369863 1.6465178258705355 1013.1305000000001 13.434897923875434 0.35378169307177321 0.78106839650825599 0.58048978097562298 20.905000000000005 12.587742214532874 2.0787500000000008 14.435 0.12500000000000003 1.6177879996116749 295.61000000000007 1018.3760000000001 1.9375000000000002 0.32545352906428304 0.62972713111760337 6.6234446366782018
decision_type=2 2 8 10 10 10 10 10 2 10 2 10 2 10 10 2 2 2 10 10 2 10 2 10 10 10 2 2 10 8
left_child=1 -1 3 -3 11 6 7 8 -6 -8 -11 18 13 -13 16 -16 -15 -10 19 21 -21 27 -23 24 -24 26 -26 -4 29 -29
right_child=-2 2 4 -5 5 -7 9 -9 17 10 -12 12 -14 14 15 -17 -18 -19 -20 20 -22 22 23 -25 25 -27 -28 28 -30 -31
leaf_value=-0.0028762615486336127 -0.0031096467312780201 -0.0010115894089176136 -0.00025093838764048501 0.0047167434892717627 0.0074883464182159487 -0.0015905276364426638 0.0010307519701934519 0.0078717031319514262 0.00702900175057182 -0.00059920979211786063 -0.0080889360332189672 -0.0046813227285677017 -0.0070645889209275782 0.0034682738644216909 -0.0061897989609442554 0.00023038975269954501 -0.00051141703432331569 0.0012059204787278114 0.0024554968974006526 0.00030087125633124998 -0.0023254004674654704 0.0020072060342639524 0.0014388382892864856 -0.0026275297218060385 -0.00094871454855754436 -0.0029967816400697281 0.0056250418321076171 0.019749288669151564 -0.0085087460088934062 0.0022466191368315531
leaf_weight=97.726003110408783 94.695739448070526 70.453630149364471 4089.3408123254776 93.180607616901398 33.332900285720825 165.52815255522728 209.08819270133972 36.363163948059082 30.302636623382568 66.66580057144165 30.302636623382568 65.150668740272522 49.241784512996674 109.08949184417725 65.150668740272522 56.059877753257751 165.149369597435 390.90401244163513 140.90726029872894 303.02636623382568 377.26782596111298 573.09861513972282 495.06932583451271 143.9375239610672 57.57500958442688 163.63423776626587 36.363163948059082 6.0605273246765128 13.636186480522154 169.69476509094238
leaf_count=69 76 54 5180 78 22 110 138 24 20 44 20 43 34 75 43 37 109 258 93 200 249 379 335 95 38 108 24 4 9 400
internal_value=-7.88408e-07 3.46668e-05 6.93352e-05 0.00225038 2.49562e-05 0.00092201 0.00144386 0.00248572 0.00205484 -0.000227229 -0.00293975 -9.70028e-05 -0.00146972 -0.000871587 -0.00024393 -0.00322046 0.00107166 0.00162485 9.5286e-06 -4.40832e-05 -0.00115557 8.74553e-05 0.0007784 -7.05953e-06 0.000494087 -0.00132178 0.00159597 -0.000149874 0.00203232 0.00285016
internal_weight=8398 8303.3 8205.58 163.634 8041.94 962.487 796.959 490.903 454.54 306.057 96.9684 7079.45 509.842 460.6 395.449 121.211 274.239 421.207 6569.61 6428.7 680.294 5748.41 1469.68 896.579 752.642 257.572 93.9382 4278.73 189.391 175.755
internal_count=8368 8292 8223 132 8091 636 526 324 300 202 64 7455 341 307 264 80 184 278 7114 7021 449 6572 979 600 505 170 62 5593 413 404
is_linear=0
shrinkage=0.03


Tree=150
num_leaves=31
num_cat=0
split_feature=23 21 41 30 31 54 43 70 16 15 13 40 56 84 103 60 20 62 19 79 52 9 78 98 65 83 76 7 49 23
split_gain=0.893859 0.896294 0.864529 2.77033 0.90125 0.771147 1.64535 1.40395 0.922331 1.43443 1.56314 1.42177 1.60727 1.35191 1.46315 1.10357 1.03721 1.03379 1.51082 1.077 0.95586 0.942529 1.19698 1.17946 1.03595 0.884907 0.872353 1.04625 0.873701 0.871588
threshold=1.5780481744500816 0.82375034452460771 2.3000000000000003 0.73999999999999999 0.99600000000000044 -0.13499999999999998 -0.0036363636363631324 3.1492023791484911 -0.62707976250810538 1023.9230000000001 9.7350000000000012 2.7550000000000003 9.9479324324324363 1.6225000000000593 142.50000000000003 2.1974999999999913 -0.79542059233321927 0.12875209254598538 0.48862105544378953 -0.042293594964827853 2.7450000000000006 337.78500000000003 -1.0649999999999993 115.45943892588865 1.9950000000000003 13.445000000000002 2.5350000000000006 6.3850000000000007 1.6886842105263162 1.6224472312844653
decision_type=2 10 2 2 2 2 2 10 2 10 10 2 8 2 2 2 10 2 10 2 2 2 2 10 2 8 2 2 2 2
left_child=1 -1 4 -4 5 25 7 29 9 10 -8 15 -13 14 -14 17 -17 18 19 -10 -19 22 -16 -23 -24 -2 28 -28 -18 -7
right_child=2 -3 3 -5 -6 6 8 -9 11 -11 -12 12 13 -15 21 16 26 20 -20 -21 -22 23 24 -25 -26 -27 27 -29 -30 -31
leaf_value=-0.0056900920292071852 0.0034684746744613527 -0.00017046818628759281 -0.0031761837585128545 0.014573581944362327 -0.0058557320021486092 -0.00021287531341086167 0.0021866900321482032 0.0035837372098657806 0.012559541883965568 -0.003831892474514697 -0.0033844055563033979 -0.01119024990361148 -0.0088031965982753365 0.00023816209115091861 0.018102170112669336 0.0049011454020352653 0.0018273565523461803 -0.00010662718703615965 0.0065106954582553845 -1.512350461473277e-05 0.0052965518551472204 -0.0021811368779855824 -0.001932855675683602 -0.0093451387944192658 0.0024029682090269838 0.00043470197870581242 -0.00090376871468661826 0.0060152818939887241 -0.0031770478219380312 -0.0017459487709851839
leaf_weight=47.726652681827545 89.392778038978577 59.46892437338829 17.045233100652698 14.772535353899 22.726977467536926 553.40190133452415 523.85683062672615 59.090141415596008 6.4393102824687949 45.453954935073853 49.620567470788956 13.636186480522154 27.272372961044312 496.96324062347412 3.0302636623382559 86.36251437664032 65.150668740272522 1930.6567358672619 54.544745922088623 127.64985677599907 29.923853665590286 85.604948461055756 200.37618467211723 27.272372961044312 65.908234655857086 2703.3739697635174 31.817768454551697 51.514482259750366 60.605273246765137 840.89816629886627
leaf_count=36 59 40 36 27 30 621 609 39 8 30 41 9 21 328 2 57 43 2022 36 121 37 178 229 18 102 2706 21 34 40 801
internal_value=9.39526e-05 -0.00262797 0.000129173 0.00506478 0.000110144 0.000126619 -8.15093e-05 -0.000945518 0.000233714 0.00129805 0.00170465 3.79332e-05 -0.000967289 -0.000813496 -0.00208988 0.000416254 0.00213539 0.000179927 0.00230112 0.000588745 -2.41598e-05 -0.00161084 -0.000646339 -0.00391204 -0.000859693 0.000531809 0.000993006 0.00337346 -0.000584405 -0.00113747
internal_weight=8391.56 107.196 8284.36 31.8178 8252.54 8229.82 5437.05 1453.39 3983.66 618.931 573.477 3364.73 920.064 906.428 409.464 2444.67 295.451 2149.21 188.634 134.089 1960.58 382.192 269.315 112.877 266.284 2792.77 209.088 83.3323 125.756 1394.3
internal_count=8381 76 8305 63 8242 8212 5447 1461 3986 680 650 3306 887 878 550 2419 195 2224 165 129 2059 529 333 196 331 2765 138 55 83 1422
is_linear=0
shrinkage=0.03


Tree=151
num_leaves=31
num_cat=0
split_feature=98 77 65 67 90 53 102 16 38 71 103 15 40 62 90 88 76 17 15 20 15 85 87 43 82 61 75 85 94 20
split_gain=0.927585 1.36738 1.69658 2.51161 1.28024 1.11917 1.44645 1.15136 1.23651 1.16894 1.14799 1.13915 1.12822 1.09799 1.06569 0.956549 1.58829 1.14336 1.33522 1.00924 0.870602 0.865569 0.853092 1.13651 1.20412 1.01156 0.865222 0.976922 0.910108 0.851731
threshold=107.66377461695232 3.9200000000000004 3.4250000000000003 0.21992176386913229 2.555000000000001 1.0050000000000006 71.500000000000014 -0.92980860373494434 0.35841006587070218 8.9550000000000018 139.50000000000003 1002.167 2.7550000000000003 0.090041633474527996 1.5350000000000004 2.7350000000000008 2.8050000000000002 0.8591385681888436 1019.1090000000002 -0.67610475961772587 1008.8485000000002 1.5393793103448281 0.65500000000000014 0.067090909090909298 1.6717798478302919 2.2068918918918925 1.1950000000000001 0.78955116796440505 3.8527801769317649 -0.011606178900499057
decision_type=10 2 2 2 2 2 2 2 2 8 2 8 2 2 2 2 2 2 10 8 8 2 2 2 10 2 2 2 10 10
left_child=1 2 5 -4 -3 11 10 8 -8 -9 -7 -1 -13 -2 20 17 21 -11 -19 -18 -14 -17 26 24 -24 -25 27 -21 -29 -15
right_child=13 4 3 -5 -6 6 7 9 -10 15 -12 12 14 29 -16 16 19 18 -20 22 -22 -23 23 25 -26 -27 -28 28 -30 -31
leaf_value=0.0026688707977329013 0.00590168466988065 -0.00037396682019133129 0.017045264258134223 -0.0021205141102283724 -0.015250153403449701 -0.00020618454655884865 0.0022003424982867509 -0.011036384859707595 0.014426396345487084 0.0003069431277340048 -0.013478790141022153 -0.00031971398842850561 0.0031856932978262345 0.00054167251752916415 -0.0028358621836128547 -0.010122339907191946 0.0024146627333904275 0.0082029263935327074 -0.00072127272591455288 -0.0084854505305020575 -0.0010906073465867237 0.00016808881015450511 0.0051026068265107522 0.0042778067313068964 -0.0007390605552023673 -0.0034755228931507703 -0.0060288722286771287 0.0011814589317333704 -0.0058425122299632353 -0.00052807266248122524
leaf_weight=98.483569025993347 31.817768454551697 10.227139860391619 12.499837607145311 12.121054649353026 10.605922818183897 12.121054649353029 21.59062859416008 7.5756591558456412 11.363488733768461 71.9687619805336 11.363488733768461 2765.8731577992439 48.484218597412109 3041.248368114233 351.51058483123779 19.696713805198673 193.55809143185616 52.27204817533493 21.211845636367798 13.257403522729872 368.55581793189049 11.742271691560743 79.16563817858696 19.696713805198669 53.029614090919495 65.529451698064804 34.848032116889954 105.68044522404671 19.696713805198669 859.07974827289581
leaf_count=65 21 24 24 17 22 14 51 5 30 145 27 3390 32 2017 481 40 130 129 14 35 469 16 140 31 35 74 71 252 13 567
internal_value=1.46604e-05 -0.000279282 -0.000243647 0.0076098 -0.0079473 -0.000287017 0.000710198 0.000925122 0.00641622 0.000689789 -0.00662841 -0.000513577 -0.000602253 0.00035133 -0.00161906 0.000806468 0.00028971 0.00299461 0.00562687 0.000643045 -0.000593453 -0.00627893 -0.00023418 0.00101769 0.00275924 -0.00168364 -0.00180312 -0.000740914 7.79952e-05 0.000306052
internal_weight=8435.88 4503.73 4482.9 24.6209 20.8331 4458.28 825.368 801.884 32.9541 768.929 23.4845 3632.91 3534.42 3932.15 768.551 761.354 615.901 145.453 73.4839 584.462 417.04 31.439 390.904 217.421 132.195 85.2262 173.483 138.635 125.377 3900.33
internal_count=8381 5776 5730 41 46 5689 1252 1211 81 1130 41 4437 4372 2605 982 1125 837 288 143 781 501 56 651 280 175 105 371 300 265 2584
is_linear=0
shrinkage=0.03


Tree=152
num_leaves=31
num_cat=0
split_feature=30 54 14 32 43 13 40 56 65 20 77 95 82 17 57 45 32 92 84 63 20 13 7 98 67 66 67 95 84 58
split_gain=1.21435 0.920792 1.26067 1.75399 1.30195 1.67632 1.88475 1.86917 1.48855 1.27361 1.20654 1.60632 1.16167 1.08136 1.05951 1.18598 1.05028 1.05276 1.16935 1.02697 1.28886 1.48655 1.36075 1.09866 1.20425 1.51452 1.37338 1.71677 1.36888 1.28158
threshold=-0.59000000000000041 0.31000000000000022 59.835000000000008 8.8935714285714305 0.11327272727272734 4.6350000000000007 3.5850000000000004 4.6690540540540555 3.395 0.066970480008965841 3.5050000000000008 24.565000000000001 4.8541261579933916 -0.80452820428127336 19.325000000000003 18.295000000000005 16.840714285714288 13.619653979238757 5.8740000000000245 1.1050000000000002 -0.43499537990036857 21.895000000000003 5.7750000000000012 77.46287076063318 0.023090327169274474 -0.024999999999999908 -0.023741109530583161 19.000000000000004 7.9590000000000041 1.1279746421777661
decision_type=2 2 8 10 2 8 2 8 2 10 2 10 10 2 10 10 10 10 2 2 10 10 2 10 2 2 2 10 2 10
left_child=-1 19 3 -3 10 6 -6 -7 12 14 11 16 13 -9 15 -5 17 18 -4 20 21 -2 -22 -21 25 26 27 -25 -26 -29
right_child=1 2 4 9 5 7 -8 8 -10 -11 -12 -13 -14 -15 -16 -17 -18 -19 -20 23 22 -23 -24 24 28 -27 -28 29 -30 -31
leaf_value=0.0035148770012987632 0.0024712574192629201 -0.0063470287150230072 -0.0010220581096759009 -0.00058144579156565004 0.0060383602618644247 0.019392007925036391 -0.00054691624593804645 -0.0019303576804401449 -0.0097299804074483884 -0.0041283696634262929 0.0052685836914480562 -0.0071872926243415338 -0.005703680691435546 0.00095908956464681476 -0.0042855956501880533 0.0051876176148286648 0.0047357645248650507 -0.0087857734341727327 0.0051338986055043528 -0.00060490348325265562 -0.0035867892458861486 0.011777416503769228 0.0014787939314079245 0.0027040848136093911 -0.00093498243163600895 0.0019696491009601456 -0.001021909429886219 -0.001194414717001742 0.0050268078377044981 0.0010050760849965293
leaf_weight=87.120080292224884 211.36089044809341 57.953792542219162 786.73220333456993 846.95869362354279 101.5138326883316 4.5453954935073844 63.635536909103394 140.52847734093666 13.636186480522154 104.54409635066986 28.408721834421158 36.363163948059082 28.408721834421158 683.7032388150692 66.66580057144165 33.332900285720825 30.302636623382568 15.151318311691282 28.78750479221344 1502.2532106041908 68.180932402610779 16.666450142860413 159.08884227275848 318.17768454551697 740.8994654417038 628.77970993518829 531.81127274036407 381.81322145462036 36.363163948059082 634.84023725986481
leaf_count=101 333 39 979 559 67 3 42 191 27 69 33 24 24 959 44 22 20 10 19 2502 45 11 108 210 492 415 351 252 24 419
internal_value=-8.57079e-06 -4.5548e-05 -0.000457868 -0.0012661 -7.72959e-07 0.000729814 0.00350091 0.000204281 0.000103602 -0.000986058 -0.000818349 -0.00101105 0.00026087 0.000466449 -0.000639147 -0.000362996 -0.000750202 -0.000950328 -0.000804755 0.000196565 0.00155794 0.00315144 -4.0881e-05 6.6756e-05 0.000375066 0.000696239 0.000267291 0.000780922 -0.000656068 0.000179038
internal_weight=8388.53 8301.41 3071.17 1109.46 1961.72 1035.97 165.149 870.822 866.277 1051.5 925.746 897.337 852.64 824.232 946.957 880.292 860.974 830.671 815.52 5230.24 455.297 228.027 227.27 4774.94 3272.68 2495.42 1866.64 1334.83 777.263 1016.65
internal_count=8394 8293 3131 733 2398 1313 109 1204 1201 694 1085 1052 1174 1150 625 581 1028 1008 998 5162 497 344 153 4665 2163 1647 1232 881 516 671
is_linear=0
shrinkage=0.03


Tree=153
num_leaves=31
num_cat=0
split_feature=72 80 65 58 96 90 47 9 74 93 99 96 16 100 96 85 85 48 58 51 64 7 30 67 86 100 95 92 74 93
split_gain=0.858592 1.42315 1.4443 1.43787 1.3329 1.3314 1.17129 1.405 1.19955 1.48056 1.28147 1.14669 1.11086 1.10216 1.02419 1.86035 1.34758 1.20981 1.13384 1.12856 1.10811 0.9613 0.973195 0.936004 0.930125 0.916931 0.96852 1.35099 1.29104 0.897785
threshold=1.9225000000000707 9.0656896551724149 1.7250000000000005 1.9901903393432412 -4.1564999999999932 -1.1349999999999996 18.145000000000003 318.46500000000009 0.30848225454538353 20.300000000000004 1.4589333505294066 12.084000000000005 -0.27790150705370692 0.83746883107804626 2.25200000000001 0.99541900272885153 1.405986350574713 1.2825000000000844 1.1279746421777661 2.4650000000000003 3.2650000000000001 8.7450000000000028 0.11000000000000022 -0.041105974395448067 0.60254785469627936 0.59708532728269692 20.520000000000003 11.232664359861593 0.3756540464364751 11.725000000000003
decision_type=2 10 2 10 2 2 10 2 2 10 2 2 2 2 2 2 2 2 10 2 2 2 2 2 2 2 10 10 2 8
left_child=11 4 3 5 -2 -3 25 -8 -9 10 -10 14 13 -5 17 -16 -17 29 19 20 -18 22 -4 -11 -13 -7 27 -27 -29 -1
right_child=1 2 21 12 -6 6 7 8 9 23 -12 24 -14 -15 15 16 18 -19 -20 -21 -22 -23 -24 -25 -26 26 -28 28 -30 -31
leaf_value=0.0021047476313312149 -0.0022347786121881446 -0.0053147241342677053 -0.00080392822720728411 0.0020659463345952685 0.0038566458471560156 0.0022672868057905847 -0.0012537979229909069 -0.0013591143593231294 0.0072094652742783309 0.0035580863284367012 0.0026216150684860544 -0.00027951862738959322 -0.0052131317096532443 -0.004590435040880159 -0.0069495516286256004 0.0014344683360536289 -0.0022733045186172206 -0.0019233096539991933 -0.00025137804678591414 -0.006202616599789117 0.0010271293600642873 0.001654025073039825 -0.0041758710083571069 -0.0029208589133358836 0.0062835280766273529 -0.00011508040289391093 -0.0015293796412951483 0.0011505875649943575 0.0071348103902390686 7.3418574385864601e-06
leaf_weight=192.80052551627159 39.393427610397339 30.302636623382568 200.75496762990952 68.180932402610779 180.30068790912628 209.08819270133972 78.786855220794678 45.453954935073853 121.21054649353027 40.908559441566467 99.998700857162476 34.848032116889954 62.120405077934265 33.332900285720825 44.696389019489288 219.69411551952362 471.20599949359894 282.57208651304245 680.29419219493866 53.029614090919495 113.63488733768463 75.756591558456421 124.99837607145309 39.393427610397339 43.938823103904724 434.84283554553986 246.96648848056793 92.423041701316833 49.999350428581238 3880.6314025819302
leaf_count=158 26 20 140 45 119 138 52 30 80 27 66 23 41 22 31 145 311 188 449 35 75 50 84 26 29 287 163 61 33 5334
internal_value=-2.71562e-05 0.000469417 0.000224011 0.000616029 0.00276439 0.000909306 0.00103857 0.00236277 0.003184 0.00386889 0.00513551 -0.000214833 -0.00205334 -0.000119731 -0.000262534 -0.000916168 -0.000740813 -2.50657e-05 -0.00110336 -0.00201201 -0.00163203 -0.00138992 -0.00209781 0.000379736 0.00338064 0.000492967 4.28633e-05 0.000715503 0.00325143 0.000106615
internal_weight=8291.56 2274.21 2054.52 1653.01 219.694 1489.37 1459.07 425.752 346.965 301.511 221.209 6017.35 163.634 101.514 5938.56 1582.56 1537.86 4356 1318.16 637.871 584.841 401.51 325.753 80.302 78.7869 1033.32 824.232 577.265 142.422 4073.43
internal_count=8288 1510 1365 1091 145 983 963 281 229 199 146 6778 108 67 6726 1046 1015 5680 870 421 386 274 224 53 52 682 544 381 94 5492
is_linear=0
shrinkage=0.03


Tree=154
num_leaves=31
num_cat=0
split_feature=30 98 89 96 92 17 92 65 42 50 102 103 90 16 61 85 8 72 12 36 16 85 19 81 81 38 37 106 106 28
split_gain=1.04147 0.924728 1.53758 1.28432 0.970715 1.03616 1.00406 0.942872 0.941112 0.910743 1.71424 1.61407 0.938144 2.59251 1.34292 1.60878 1.04658 0.998772 1.32672 1.03371 1.04136 1.80537 1.93823 1.89853 1.08474 1.06544 0.98899 0.947376 1.95407 1.20668
threshold=1.2000000000000004 175.67381645370281 2.515000000000001 0.048999999999978179 9.1658321799307974 0.97816573700248444 7.7077782403402546 0.82500000000000029 0.15500000000000005 0.4370280549785423 72.500000000000014 143.50000000000003 1.9650000000000005 -0.91333186482673046 3.3479729729729728 1.9593103448275864 3.9250000000000003 3.1520000000000441 284.75000000000006 0.86799999999999511 0.53139854714343082 1.1007639257294433 0.037515758897038259 9.9650000000000016 10.590000000000002 0.24209846383531855 1.3295000000000001 118.50000000000001 78.500000000000014 2.4450000000000007
decision_type=2 10 2 2 10 2 10 2 2 2 2 2 2 2 2 2 2 2 10 2 2 2 8 8 8 2 2 2 2 2
left_child=1 9 3 4 5 6 -3 -5 -6 12 11 -11 17 -14 15 16 -15 19 -19 20 24 22 -22 -23 -1 27 -26 28 29 -25
right_child=-2 2 -4 7 8 -7 -8 -9 -10 10 -12 -13 13 14 -16 -17 -18 18 -20 -21 21 23 -24 25 26 -27 -28 -29 -30 -31
leaf_value=-0.0069128259839178509 -0.0068134139329154462 -0.00081630140434248535 0.0049233219992424184 -0.0010046272507717004 -0.00076954091113504717 -0.0043783545289363714 0.0051251390066461957 0.0034892516795887022 -0.0080744518895467417 -0.012664211254233995 0.0016011143681860494 0.0006577547854171819 0.007621374368552025 0.003993296437639798 0.00030159242518276296 -0.0064785937201884761 -0.002095623407936115 0.002491582036784885 3.5913012301437739e-06 -0.0028883127610054328 -0.0048117253865532618 0.01090871658407847 0.00045337581480254591 0.0011394667705914676 0.0027965636612025751 -0.0028881458673524758 -0.00035311979744655556 0.004783680762200356 -0.0028726728659258772 0.0047340200707486997
leaf_weight=22.348194509744644 20.075496762990952 60.605273246765137 86.36251437664032 59.090141415596008 33.332900285720825 33.332900285720825 44.317606061697006 145.45265579223633 30.302636623382568 15.151318311691282 490.52393034100533 17.802799016237259 29.166287750005722 27.272372961044312 244.69379073381424 74.620242685079575 371.20729863643646 312.87472313642502 503.02376794815063 122.7256783246994 99.241134941577911 18.181581974029541 171.96746283769608 586.73480162024498 91.665475785732269 56.059877753257751 4232.5207703709602 67.802149444818497 98.104786068201065 98.104786068201065
leaf_count=17 38 40 57 39 22 22 30 96 20 28 587 32 56 30 235 68 419 211 332 81 70 12 208 499 125 67 4568 77 127 76
internal_value=1.12973e-05 2.79154e-05 0.00128803 0.000515576 -0.00118187 0.000229419 0.00169326 0.00219102 -0.00424807 -5.21927e-05 0.00115614 -0.00546729 -0.000139701 -0.00114645 -0.00150272 -0.00243593 -0.00167889 -2.36755e-05 0.000957668 -0.000165001 -0.000104703 0.000679144 -0.00147324 0.00131023 -0.000320423 0.00111778 -0.000286352 0.00138175 0.00108714 0.00165439
internal_weight=8264.67 8244.59 492.797 406.434 201.891 138.256 104.923 204.543 63.6355 7751.79 523.478 32.9541 7228.32 746.96 717.794 473.1 398.48 6481.36 815.898 5665.46 5542.73 1196.2 271.209 924.988 4346.53 906.806 4324.19 850.747 782.944 684.84
internal_count=8289 8251 326 269 134 92 70 135 42 7925 647 60 7278 808 752 517 449 6470 543 5927 5846 1136 278 858 4710 846 4693 779 702 575
is_linear=0
shrinkage=0.03


Tree=155
num_leaves=31
num_cat=0
split_feature=67 80 57 68 57 80 33 87 74 58 33 40 95 19 39 58 39 103 61 17 56 72 89 24 74 63 63 85 78 64
split_gain=0.936657 1.59259 1.60424 1.2306 1.14977 2.26888 1.46915 1.14196 1.1144 1.25747 1.03772 1.32227 1.01006 0.979256 0.958601 0.979176 1.17343 1.44647 1.26782 1.11505 1.44314 1.03746 1.03788 1.64896 1.4648 1.30106 1.78347 1.12601 1.91881 1.45028
threshold=-0.022885383555591266 10.983604885057472 14.665000000000001 15.150479452054798 12.705000000000002 13.055168965517245 16.975000000000005 0.79500000000000015 0.51601745187142745 1.7049157403216102 13.485000000000001 2.9750000000000005 16.315000000000001 0.94709824729421654 0.39500000000000007 1.4087553399073374 0.82500000000000007 143.50000000000003 0.9163513513513516 0.9191009543388734 12.062837837837838 -7.0434999999999368 3.9650000000000003 103.44962500000001 1.1228878939576172 0.36500000000000005 0.28500000000000009 1.3334137931034484 1.0650000000000006 2.1550000000000007
decision_type=2 10 10 10 10 10 10 2 2 10 10 2 10 10 2 10 2 2 2 2 10 2 2 2 2 2 2 2 2 2
left_child=4 3 7 14 -1 12 8 -3 9 -7 -10 -12 -6 -4 -2 16 17 -16 -19 -17 -21 -18 24 -24 25 26 -23 29 -29 -27
right_child=1 2 13 -5 5 6 -8 -9 10 -11 11 -13 -14 -15 15 19 21 18 -20 20 -22 22 23 -25 -26 27 -28 28 -30 -31
leaf_value=-0.00023432925338981304 -0.0073110627748225942 -0.00087941547448399553 -0.00052866831694902111 -0.007953211999361956 0.0057042515119177005 -0.0024597787803378973 0.0028107703222652321 -0.003285266010163497 -0.0013624368541861431 0.0027473872692839016 0.0055116531792239508 0.00015677919872892509 0.002009514689258671 0.0022101338001768852 -0.0036439358298333549 -5.7515511337326714e-06 -0.0061667052470538624 0.0046110755014961442 0.020455030633503523 -4.0828210498502305e-05 -0.0052383936610670987 0.00030992068665449779 0.0043115406369846248 -0.013267047880369595 0.0087758809744997671 0.00042470058336593105 -0.0090251497058214721 0.00041762732525875239 -0.0030183475175939011 0.0024610431688718471
leaf_weight=1143.1669666171074 15.151318311691282 374.23756229877472 1529.5255835652351 16.666450142860413 77.271723389625549 299.99610257148743 139.39212846755981 337.87439835071564 121.21054649353027 48.484218597412109 68.180932402610779 106.05922818183899 481.81192231178284 127.27107381820679 8.3332250714302081 489.76636442542076 21.211845636367798 10.605922818183901 7.9544421136379233 93.938173532485962 98.483569025993347 46.969086766242981 7.9544421136379269 12.121054649353026 19.317930847406387 817.79240587353706 30.302636623382568 1090.5161354839802 168.93719917535782 511.73577597737312
leaf_count=1563 34 247 1014 11 51 198 92 223 80 32 45 70 318 84 22 330 14 28 18 62 65 79 21 32 42 1010 71 1409 320 742
internal_value=-2.28405e-05 -0.000230534 -0.000830105 0.000179048 0.000464868 0.00106029 1.8327e-05 -0.00202091 -0.000586155 -0.0017353 0.000769251 0.00225216 0.00252017 -0.00031828 0.000218321 0.000251523 0.000503592 0.00673942 0.0114013 -0.000765988 -0.002701 0.000442091 0.000493903 -0.00630195 0.000544704 0.000485066 -0.00335089 0.000599556 -4.32583e-05 0.00120849
internal_weight=8322.24 5836.67 2368.91 3467.76 2485.57 1342.41 783.323 712.112 643.931 348.48 295.451 174.24 559.084 1656.8 3451.09 3435.94 2753.75 26.8936 18.5604 682.188 192.422 2726.86 2705.65 20.0755 2685.57 2666.25 77.2717 2588.98 1259.45 1329.53
internal_count=8327 5878 1568 4310 2449 886 517 470 425 230 195 115 369 1098 4299 4265 3808 68 46 457 127 3740 3726 53 3673 3631 150 3481 1729 1752
is_linear=0
shrinkage=0.03


Tree=156
num_leaves=31
num_cat=0
split_feature=27 51 84 98 50 98 79 83 89 86 64 86 64 75 61 58 17 93 49 63 51 88 27 7 18 60 82 76 72 96
split_gain=0.84024 1.63678 1.61988 1.28586 1.2145 1.54613 1.36786 1.34692 1.15833 1.14845 1.54636 1.52821 1.50144 1.18965 1.16589 1.23028 1.06702 1.04659 1.0183 1.01704 1.61539 1.28351 1.26983 1.22123 1.10604 1.13236 1.06195 1.02706 2.53445 0.987416
threshold=1.7850000000000004 0.41500000000000004 -12.356999999999969 47.529130829982577 0.44328089536196885 88.804279913733438 0.011325897815623825 10.620000000000003 3.7350000000000008 0.48654756019309259 3.0750000000000006 0.31675051939145699 2.5150000000000001 2.0550000000000002 2.2632432432432439 2.2274739913149122 0.84484188999428167 18.400000000000002 2.4250000000000007 1.9950000000000003 2.1250000000000004 2.9550000000000005 2.5850000000000004 7.6450000000000005 0.60758312756420951 1.4064999999999943 2.5229193765109419 3.8050000000000002 2.7484999999999791 10.343999999999939
decision_type=2 2 2 8 2 10 2 8 2 2 2 2 2 2 2 10 2 10 2 2 2 2 2 2 10 2 8 2 2 2
left_child=-1 16 -3 -4 7 6 -6 -5 -8 10 11 -9 -11 14 15 -13 -2 -16 -12 21 26 22 24 -22 25 -14 -21 28 -25 -29
right_child=1 2 3 4 5 -7 8 9 -10 12 18 13 19 -15 17 -17 -18 -19 -20 20 23 -23 -24 27 -26 -27 -28 29 -30 -31
leaf_value=0.00038864905516751631 -0.012266780461480876 0.010755509275972205 -0.0037023309367330663 0.01383113128741833 0.011278202571328083 0.00012531481834860658 0.0038823329255564718 0.00073871917303126151 -0.004896228800024491 0.0014637967072044283 0.0050498822537401985 -0.0020367779327269513 -0.0004509645618246938 -0.0088291110420976281 0.0055720264656025061 -0.0069167197266284597 0.0010878801575772592 -0.0020559986817666144 7.8274529766035595e-05 0.0054679598552978192 -0.0012900891823212804 -0.0016195986353677169 -0.0049015645221825201 0.00087022898844365247 0.0086530507275945894 0.003587481317948758 0.00028319823779633175 -0.00056226134841006251 0.0087206268407971389 0.0035583694962477764
leaf_weight=3096.5506799519062 16.666450142860416 12.121054649353026 93.938173532485962 6.0605273246765128 19.696713805198669 296.58705595135689 104.92287930846214 193.55809143185616 15.530101269483565 515.90238851308823 42.802474230527878 663.62774205207825 216.28506889939308 23.863326340913773 32.954117327928543 49.999350428581238 7.9544421136379233 31.817768454551697 277.2691251039505 81.817118883132935 512.49334189295769 822.33780136704445 34.848032116889954 290.14774566888809 16.666450142860413 87.877646207809448 62.877970993518829 575.37131288647652 42.423691272735596 57.57500958442688
leaf_count=3141 38 8 62 4 34 198 229 154 32 468 44 648 265 21 66 33 18 21 300 54 483 890 29 304 11 58 103 541 28 38
internal_value=-2.66919e-06 -0.000235427 -0.000198759 -0.000224445 -0.000160073 0.00135234 0.00394899 -0.000302472 0.00275051 -0.000320962 -0.00107087 -0.00165391 -2.34319e-05 -0.00223117 -0.0020289 -0.00237868 -0.0079522 0.00182493 0.000743117 -0.000297385 0.000189706 -0.000968348 0.000537364 -0.000106455 0.00112813 0.000715809 0.0032149 0.000521814 0.00187165 -0.000187434
internal_weight=8302.54 5205.99 5181.37 5169.25 5075.31 436.737 140.15 4638.58 120.453 4632.52 1315.89 995.82 3316.62 802.262 778.399 713.627 24.6209 64.7719 320.072 2800.72 1622.71 1178.01 355.677 1478.01 320.829 304.163 144.695 965.518 332.571 632.946
internal_count=8323 5182 5126 5118 5056 493 295 4563 261 4559 1287 943 3272 789 768 681 56 87 344 2804 1551 1253 363 1394 334 323 157 911 332 579
is_linear=0
shrinkage=0.03


Tree=157
num_leaves=31
num_cat=0
split_feature=48 92 86 99 22 56 89 86 16 1 89 82 17 67 96 77 57 65 66 16 90 56 72 74 20 18 91 60 72 104
split_gain=0.974128 0.837778 0.779035 1.04113 0.704444 1.38273 1.26705 1.23798 1.19907 2.02786 1.21611 1.18776 1.47187 1.24194 1.46042 1.19554 1.12294 1.23644 1.35995 1.11134 1.08048 1.1566 1.45075 1.24312 2.00241 1.29538 1.42447 1.29676 1.15546 1.13959
threshold=-2.3025000000000087 16.322387543252599 0.6175770905926169 1.2208580292986853 3.4040500000000007 11.910135135135135 1.3450000000000004 0.42944105669215626 -0.91333186482673046 1.0000000180025095e-35 2.0250000000000008 1.5005725590545762 -0.88117967816611331 -0.04330725462304414 8.8235000000000259 1.2450000000000003 10.655000000000003 1.6950000000000005 0.71500000000000008 -0.89795076453646605 1.5350000000000004 15.613108108108113 3.7284999999999973 0.64959168903346176 -0.944089006013486 -0.48725011830408854 -0.020155940009447329 3.1995000000000577 -2.0865000000000005 0.50346020761245691
decision_type=2 10 2 2 2 8 2 2 2 2 2 10 2 2 2 2 10 2 2 2 2 10 2 2 8 10 2 2 2 2
left_child=2 4 3 -1 6 11 -2 19 9 10 -7 12 -6 14 -13 -14 17 18 -9 -8 21 23 -23 25 -25 -10 -27 -28 -22 -30
right_child=1 -3 -4 -5 5 8 7 16 20 -11 -12 13 15 -15 -16 -17 -18 -19 -20 -21 28 22 -24 24 -26 26 27 -29 29 -31
leaf_value=0.0028006273668391493 -0.00058774393764757715 -0.0029044400044175057 -0.0058478123217355184 -0.0034641147108867881 -0.0065194078221807727 -0.0052437036663383913 -0.0034179528854961496 -0.0010620251256315985 -0.00055463554561464422 0.016576519215278515 0.0035790602225357635 -0.00070134102464500681 -0.00083470888125956541 -0.0022839101467351129 0.0058012117066807917 0.002119444142851925 0.00092067348841018903 -0.0066437874124115563 0.005031111799128473 0.0021320706126552518 0.0033659727945670008 0.0036335240958309434 -0.0012672855938289341 0.0078802732874020502 0.0009281533946226562 0.0059348815350002198 0.00022381927853220744 0.0054534346334797123 -0.00050629177235108139 -0.0041398451388252175
leaf_weight=39.393427610397339 734.08137220144272 84.847382545471191 42.423691272735596 60.605273246765137 27.272372961044312 17.045233100652695 34.090466201305389 353.02571666240692 1236.7263571918011 9.4695739448070508 80.301987051963806 287.8750479221344 246.96648848056793 636.35536909103394 34.848032116889954 246.20892256498337 895.4429122209549 31.817768454551697 36.363163948059082 683.7032388150692 65.150668740272522 203.02766537666321 74.241459727287292 46.590303808450699 186.73999819159508 51.514482259750366 466.66060400009155 46.969086766242981 1311.3465998768806 82.574684798717499
leaf_count=26 651 56 28 40 18 36 45 641 1636 25 161 190 163 420 23 164 591 60 81 734 43 134 49 36 274 34 308 31 1575 86
internal_value=1.84837e-05 6.1149e-05 -0.00244135 -0.000996186 9.21125e-05 -0.000108668 0.000480681 0.000866197 0.000188998 0.00332343 0.00203422 -0.000888957 0.000264928 -0.00151512 8.12557e-07 0.000640099 0.000319785 -0.000957643 -0.000493016 0.00186848 0.000100225 0.000503565 0.00232129 0.000255925 0.00231632 -1.08829e-05 0.00117903 0.000702044 -0.000539024 -0.00072154
internal_weight=8353.68 8211.26 142.422 99.9987 8126.41 5357.88 2768.52 2034.44 3878.36 106.817 97.3472 1479.53 520.448 959.078 322.723 493.175 1316.65 421.207 389.389 717.794 3771.54 2312.47 277.269 2035.2 233.33 1801.87 565.144 513.63 1459.07 1393.92
internal_count=8359 8265 94 66 8209 5406 2803 2152 4428 222 197 978 345 633 213 327 1373 782 722 779 4206 2502 183 2319 310 2009 373 339 1704 1661
is_linear=0
shrinkage=0.03


Tree=158
num_leaves=31
num_cat=0
split_feature=60 46 106 9 39 41 41 74 90 12 31 29 13 36 103 24 77 81 31 31 34 29 53 80 74 68 67 43 19 19
split_gain=0.88551 1.38329 1.40701 1.27187 0.93605 0.918396 1.31153 1.26375 1.35664 1.09595 0.907959 1.1159 1.25732 1.77756 1.36257 1.45959 1.02511 0.903833 0.896807 1.06283 0.894253 0.867708 0.823623 0.99683 0.815299 0.811369 0.9082 0.802594 0.880901 0.802548
threshold=2.2530000000001 1.4788603545485515 119.50000000000001 317.07000000000005 1.7150000000000001 0.23000000000000012 0.57999999999999996 0.57672186105204448 1.7550000000000006 337.24000000000007 -0.25199999999999917 0.42999999999999988 7.6575000000000006 0.46450000000004371 144.50000000000003 37.338339500000011 1.1150000000000004 12.755000000000001 0.66750000000000098 0.43500000000000066 1.9354859089532837 0.33000000000000002 0.95000000000000007 7.6971103448275864 0.44651483111430418 11.816232876712331 0.049754623044096724 -0.22772727272727233 0.44635399502666645 0.90992507513462495
decision_type=2 10 2 2 2 2 2 2 2 10 2 2 10 2 2 2 2 8 2 2 10 2 2 8 2 8 2 2 8 10
left_child=10 2 3 21 -3 -5 7 9 -9 -7 17 29 13 14 -13 18 -14 -1 19 -16 -19 -2 -18 -24 -17 -21 -27 -26 -29 -12
right_child=1 4 -4 5 -6 6 -8 8 -10 -11 11 12 16 -15 15 24 22 20 -20 25 -22 -23 23 -25 27 26 -28 28 -30 -31
leaf_value=0.0053263650046298742 0.00084224341884908758 0.0035396166993591658 -0.002098465656910113 -0.0016941076204321393 -0.0021415863954768895 0.0016603698749834304 0.0013868212222172673 0.01103363548237408 0.0029286409184210811 0.007296870865109985 4.238718979848257e-06 -0.0061588716006264381 0.0013458076838603543 0.0042420839373028107 -0.00038478999146317389 -0.0051687120397572407 -0.0077750651635394991 0.00039674723659836609 -0.0043102104896688758 0.00057248385346416841 0.00592369988551003 -0.003585708464705465 -0.0079906577223217649 -0.00066349214959757316 0.02083992730203597 0.014153132323265297 0.0033586364242343091 0.0040792902265808159 -0.0022181303612992826 -0.0010447340393322615
leaf_weight=37.87829577922821 195.83078917860985 30.302636623382568 96.968437194824219 42.423691272735596 188.25513002276421 128.78620564937592 253.02701580524445 44.696389019489288 31.817768454551697 40.908559441566467 5134.7817758321762 47.726652681827545 28.78750479221344 57.57500958442688 29.166287750005722 55.681094795465469 53.408397048711777 776.50506347417831 14.014969438314436 12.121054649353026 27.272372961044312 49.999350428581238 24.242109298706055 53.787180006504059 1.5151318311691273 17.42401605844498 11.742271691560743 24.242109298706055 114.01367029547691 752.64173713326454
leaf_count=25 133 20 64 28 125 85 167 31 21 27 5603 81 19 38 47 75 36 889 22 8 18 33 16 40 4 31 28 16 163 499
internal_value=-8.79429e-06 0.00078329 0.00131141 0.00173129 -0.0013539 0.00254351 0.00290361 0.0044624 0.00766324 0.00301917 -0.000128896 -0.000250128 -0.00154826 -0.000619341 -0.0014736 -0.000674762 -0.00378161 0.000797693 0.00262051 0.00399921 0.000584278 -5.8357e-05 -0.00490462 -0.00293989 -0.00209888 0.00709616 0.0098073 -0.000875943 -0.00111393 -0.000129861
internal_weight=8377.54 1103.02 884.458 787.49 218.558 541.66 499.236 246.209 76.5142 169.695 7274.53 6432.87 545.447 385.222 327.647 279.921 160.225 841.656 84.4686 70.4536 803.777 245.83 131.438 78.0293 195.452 41.2873 29.1663 139.771 138.256 5887.42
internal_count=8392 734 589 525 145 359 331 164 52 112 7658 6726 624 513 475 394 111 932 136 114 907 166 92 56 258 67 59 183 179 6102
is_linear=0
shrinkage=0.03


Tree=159
num_leaves=31
num_cat=0
split_feature=52 73 95 73 94 61 61 86 16 57 57 67 44 27 86 88 53 81 46 84 13 31 41 16 72 90 58 57 65 59
split_gain=0.723667 1.0194 1.07717 1.31813 1.14207 1.37368 1.11055 1.10888 1.08985 1.01685 0.985195 0.904838 0.999051 0.918185 0.981451 0.904799 0.982096 1.32664 1.06994 0.90392 1.34253 0.868333 0.860901 2.6357 0.902997 1.14562 1.16538 1.56833 1.11945 1.06639
threshold=4.5950000000000006 3.3617808219178085 29.205000000000002 2.9034860159817359 4.4139280396454614 3.3479729729729728 3.6550000000000002 1.1310809120785459 -0.15307207431363637 19.355000000000004 19.905000000000005 -0.13015647226173535 15.371842105263161 3.0950000000000002 0.66852247436970835 4.8500000000000005 0.96999999999999997 18.830000000000002 0.88058011639889644 4.7665000000000086 2.1555000000000004 0.16800000000000054 2.4000000000000004 0.14530601035992174 1.2044999999999961 1.8450000000000004 1.7177061262895563 14.540000000000001 1.2050000000000005 17.265000000000004
decision_type=2 2 10 2 10 2 2 2 2 10 10 2 10 2 2 2 2 8 10 2 8 2 2 2 2 2 10 10 2 10
left_child=1 2 3 4 5 7 9 22 -7 15 -2 -6 -13 14 -14 16 17 18 -5 20 -3 -22 24 -24 -1 26 27 28 -26 -29
right_child=10 19 -4 6 11 8 -8 -9 -10 -11 -12 12 13 -15 -16 -17 -18 -19 -20 -21 21 -23 23 -25 25 -27 -28 29 -30 -31
leaf_value=-5.3618986800656217e-05 -0.0065254551153073603 0.0062400921047017057 0.006153467271224013 -0.00045587845481579332 0.007492569625065398 0.0015342084119802123 0.0040096191149784225 -0.0064222761198462893 0.011774717318107397 -0.0075108806652097009 -0.00041094726743230291 -0.002183849276635964 -1.3826637187829104e-05 -0.0014769688559047491 0.0068926280866395094 -0.0057300019354904691 0.0011076341349817366 -0.00022139210231420368 -0.0057642309490561058 -0.0010238083110430123 0.002396273113497098 -0.0027727008383944475 -0.0019684083345176302 0.017871184036101481 0.0010939803915710137 -0.0010438626786198075 -0.00073584898572027146 0.0044723435685844011 -0.0012668240928866441 0.0016952313902263926
leaf_weight=4425.7000788450241 34.848032116889954 68.180932402610779 25.757241129875183 51.514482259750366 10.605922818183897 21.969411551952362 32.575334370136261 22.726977467536926 16.28766718506813 25.757241129875183 74.241459727287292 385.97983399033546 41.666125357151031 86.741297334432602 33.332900285720825 40.150993525981903 136.74064776301384 189.39147889614105 101.5138326883316 78.786855220794678 132.95281818509102 37.499512821435928 15.530101269483568 9.8483569025993329 753.02052009105682 298.4809707403183 309.0868935585022 169.69476509094238 237.87569749355316 466.66060400009155
leaf_count=5309 38 45 17 34 7 34 32 60 19 17 49 266 29 58 22 34 127 236 67 52 192 57 29 20 497 197 204 112 157 308
internal_value=6.31912e-05 9.5382e-05 2.84761e-05 8.46263e-06 0.00011755 0.000225455 -0.00137111 0.000193129 0.00589403 -0.00169268 -0.00236419 -0.00118639 -0.00135445 0.000624835 0.00305571 -0.00140411 -0.00104162 -0.0018999 -0.00397726 0.00176236 0.00268224 0.0012591 0.000215617 0.00573054 0.000194603 0.000686167 0.000952846 0.0012736 0.000527243 0.00243579
internal_weight=8335.12 8226.03 7908.61 7882.85 7305.21 6746.88 577.644 6708.62 38.2571 545.069 109.089 558.326 547.72 161.74 74.999 519.311 479.16 342.42 153.028 317.42 238.633 170.452 6685.9 25.3785 6660.52 2234.82 1936.34 1627.25 990.896 636.355
internal_count=8325 8238 7892 7875 7328 6946 547 6893 53 515 87 382 375 109 51 498 464 337 101 346 294 249 6833 49 6784 1475 1278 1074 654 420
is_linear=0
shrinkage=0.03


Tree=160
num_leaves=31
num_cat=0
split_feature=41 49 31 17 67 66 66 67 52 63 22 17 13 84 92 44 88 106 67 82 44 60 105 22 13 60 91 67 90 91
split_gain=1.0975 2.55166 1.12066 1.06455 0.955762 2.29408 1.43514 1.18625 1.39761 1.48415 1.21289 1.18214 1.04803 1.26063 1.09457 1.04173 1.03734 1.1706 0.983065 1.39801 1.17613 1.12291 1.08812 1.33946 1.36619 1.35026 1.28627 1.05869 0.971303 0.963369
threshold=2.3000000000000003 2.076052631578948 0.99600000000000044 0.33479380278520432 0.024836415362731096 -0.024999999999999908 0.37500000000000006 -0.023741109530583161 3.3050000000000002 2.9950000000000006 4.1820500000000012 -0.11996356085423947 4.1975000000000007 8.1144999999999659 14.599605536332183 4.8751842105263163 4.0750000000000011 129.50000000000003 0.048954480796586063 3.0149349803793655 7.4009736842105269 2.7440000000000286 132.50000000000003 12.996050000000002 26.380000000000003 3.8729999999999909 0.004784878810242468 0.11040540540540543 1.0850000000000006 0.017197626358053844
decision_type=2 2 2 2 2 2 2 2 2 2 2 2 8 2 10 8 2 2 2 8 8 2 2 2 10 2 2 2 2 2
left_child=2 3 4 -2 5 7 -6 12 10 -10 -9 -7 13 14 -1 -13 17 -14 21 22 -21 -8 23 24 25 27 -24 28 -20 -22
right_child=1 -3 -4 -5 6 11 18 8 9 -11 -12 15 16 -15 -16 -17 -18 -19 19 20 29 -23 26 -25 -26 -27 -28 -29 -30 -31
leaf_value=0.0026299839063430534 0.016527771866147779 -0.0079881537752732705 -0.0062055755628755366 0.0028441307815086922 -0.0016140163023151957 -0.00041868741319055761 0.00076914558245386698 -0.00081978362178437196 0.0042056444506341443 -0.0024692735041897426 -0.0034966082697175144 0.019329605029863851 -4.7011879588669391e-05 -0.0020211172782642062 -0.00046013036135421988 0.0017158429670593013 -0.0017792613182662474 0.0035345056872774882 -0.0020243510536505594 0.01558172494129945 0.0010725732694884748 0.0064677473417050005 -0.0025777572267673358 -0.0062051019814950738 0.0018106161304806126 0.0045745092868671603 0.0038800800754213 -0.0037502533624405384 0.00025495203039499622 -0.00049765174450941245
leaf_weight=396.96453976631165 13.257403522729879 8.7120080292224866 26.136024087667465 8.3332250714302045 653.77938514947891 279.54182285070419 468.93330174684525 578.40157654881477 84.089816629886627 46.590303808450699 206.81549495458603 3.0302636623382559 1256.4230709969997 89.392778038978577 139.39212846755981 1107.9401515424252 294.3143582046032 87.877646207809448 465.14547216892242 4.5453954935073844 711.73317769169807 33.332900285720825 42.423691272735596 48.484218597412109 127.27107381820679 31.817768454551697 80.301987051963806 183.33095157146454 263.63293862342834 695.06672754883766
leaf_count=262 23 20 39 19 607 282 479 531 87 51 210 2 1334 59 92 1056 417 73 307 3 1003 22 28 32 84 21 53 121 174 947
internal_value=1.73957e-05 0.00571644 -3.14692e-06 0.0112464 1.61962e-05 0.000308689 -0.00033472 -0.000135723 -0.00104674 0.00182589 -0.00152482 0.00132511 0.000232769 0.00127719 0.0018269 0.00176389 -0.00016607 0.000187114 -6.97095e-05 -0.000300055 0.000345989 0.00114733 -0.00103394 -0.00132788 -0.00110713 -0.00150053 0.00164774 -0.00171245 -0.00119982 0.000296762
internal_weight=8437.01 30.3026 8406.71 21.5906 8380.57 4570.77 3809.8 3180.26 915.897 130.68 785.217 1390.51 2264.36 625.749 536.357 1110.97 1638.62 1344.3 3156.02 2653.75 1411.35 502.266 1242.41 1119.68 1071.2 943.927 122.726 912.109 728.778 1406.8
internal_count=8438 62 8376 42 8337 4456 3881 3116 879 138 741 1340 2237 413 354 1058 1824 1407 3274 2773 1953 501 820 739 707 623 81 602 481 1950
is_linear=0
shrinkage=0.03


Tree=161
num_leaves=31
num_cat=0
split_feature=96 35 2 88 17 24 91 31 91 72 36 55 19 85 13 82 16 31 64 25 16 32 93 7 75 3 21 19 79 85
split_gain=0.830308 1.14858 0.852287 1.88663 2.96896 1.55806 1.52068 1.42713 1.38261 1.30114 1.33205 1.16144 1.24514 1.09036 1.15198 1.05544 1.02891 1.0244 1.01399 1.28758 0.992238 1.57394 1.2911 1.23537 1.26448 1.25009 1.15814 1.08661 1.07862 1.52374
threshold=-12.779999999999971 19.220000000000002 1.0000000180025095e-35 2.3750000000000004 0.90054652073265784 149.50578150000004 0.027262104393008978 -0.16199999999999895 0.018103861596598974 4.5150000000000441 0.06499999999999774 -0.10418421052631575 0.6155239227524153 2.7286206896551728 5.3430000000000009 1.4796100162772172 0.99935049656113184 0.038999999999999833 2.0550000000000002 2.0362500000000003 -0.4946246120072687 9.8106428571428612 14.745000000000003 8.9850000000000012 0.82500000000000007 3.6450000000000005 0.71386182533917586 0.32176994257662417 0.018169659385412814 1.9370000000000003
decision_type=2 10 2 2 2 2 2 2 2 2 2 2 8 2 10 10 2 2 2 2 2 8 10 2 2 2 10 10 2 2
left_child=1 -1 7 4 8 17 -6 9 18 10 -2 12 13 14 -9 -12 20 -5 -4 -20 21 27 28 25 26 -22 -25 -13 29 -23
right_child=2 -3 3 5 6 -7 -8 11 -10 -11 15 16 -14 -15 -16 -17 -18 -19 19 -21 23 22 -24 24 -26 -27 -28 -29 -30 -31
leaf_value=-0.00023010214171124198 0.0014753210062024339 0.0059851317765532144 0.00020098265861181992 -0.0017804972127188339 0.0056716611579736738 -0.010075053540105471 0.019816106699452347 0.0070950311713916924 -0.0038089174365525213 0.0038177660269477173 0.0020194404592453626 -0.0064310284537141514 -0.0004233967778277023 -0.0001410840054215054 0.0022232674429308345 -0.0011731711502483947 0.0049104139213272295 1.4000346768306506e-06 0.009667557869154287 -0.0014727481588117342 -0.00051570104639339621 0.011706210791757033 0.00061022382458186233 0.0085987054096083194 0.00023952305174089025 -0.0038800723387390542 0.0013400376798161516 0.00084860353666541693 0.0017340291432202716 -9.4144061418405625e-05
leaf_weight=57.57500958442688 796.95934319496155 49.999350428581238 149.99805128574371 697.71820825338364 48.863001555204391 17.424016058444977 7.9544421136379233 65.150668740272522 62.499188035726547 132.19525226950645 120.07419762015343 43.938823103904724 218.55776664614677 90.907909870147705 132.57403522729874 416.28247061371803 34.848032116889954 497.3420235812664 25.378458172082901 14.772535353899 3537.0752598643303 29.545070707798004 573.09861513972282 35.9843809902668 234.8454338312149 102.27139860391617 43.938823103904724 31.817768454551697 66.66580057144165 14.772535353899
leaf_count=38 832 33 249 1053 96 25 21 43 159 88 80 29 250 60 92 277 29 758 52 27 3125 48 385 32 185 81 29 21 101 39
internal_value=4.0056e-05 0.00265867 5.884e-06 -0.000635167 0.00145556 -0.00116879 0.00765188 0.000151037 6.20794e-05 0.000978889 0.000697421 -7.97902e-05 0.00128479 0.00257825 0.00382852 -0.000458441 -0.000225532 -0.00103893 0.00133442 0.00556877 -0.0002635 0.000729389 0.00118376 -0.000454297 0.00134877 -0.000610245 0.00460816 -0.00337358 0.0041454 0.00777276
internal_weight=8351.03 107.574 8243.45 1521.95 309.466 1212.48 56.8174 6721.5 252.648 1465.51 1333.32 5255.99 507.19 288.633 197.725 536.357 4748.8 1195.06 190.149 40.151 4713.95 759.839 684.082 3954.12 314.769 3639.35 79.9232 75.7566 110.983 44.3176
internal_count=8337 71 8266 2440 604 1836 117 5826 487 1277 1189 4549 445 195 135 357 4104 1811 328 79 4075 623 573 3452 246 3206 61 50 188 87
is_linear=0
shrinkage=0.03


Tree=162
num_leaves=31
num_cat=0
split_feature=67 45 92 85 73 64 72 56 60 23 95 57 60 52 54 90 47 94 44 96 28 47 12 95 100 14 3 89 16 52
split_gain=0.748881 1.80248 1.72615 1.45385 1.79486 1.67455 1.19344 1.04518 1.02921 1.02491 0.993567 0.985479 0.98162 0.891435 0.887453 0.870937 0.862633 1.21318 1.16751 1.04802 1.02602 0.965846 0.898835 0.844794 0.84459 0.999174 0.834693 0.832269 1.18642 0.979891
threshold=0.023986486486486495 16.045000000000005 12.450692041522492 1.6292734674329503 2.4033561643835619 3.8950000000000005 1.5535000000000425 6.8607702702702715 2.5085000000000837 1.6459026876273464 24.565000000000001 16.755000000000006 -1.0054999999999834 3.0350000000000006 0.25000000000000017 1.7050000000000003 17.755000000000003 3.2244793406573109 12.468684210526318 11.243999999999973 2.9850000000000008 16.350000000000005 7.7320000000000002 16.825000000000003 0.74921297244704455 83.750000000000014 1.5250000000000001 3.9200000000000004 -0.20201815232463718 3.6250000000000004
decision_type=2 10 10 2 2 2 2 8 2 2 10 10 2 2 2 2 10 10 10 2 2 10 8 10 2 10 2 2 2 2
left_child=1 9 7 -3 12 13 -4 -2 11 16 14 -8 -5 -6 -7 -15 18 -18 19 21 23 22 -1 -20 25 -11 -26 29 -29 -24
right_child=2 3 6 4 5 10 8 -9 -10 24 -12 -13 -14 15 -16 -17 17 -19 20 -21 -22 -23 27 -25 26 -27 -28 28 -30 -31
leaf_value=-0.0034695324245322345 -0.0040690076076144253 0.0063514102566358688 -0.00407084147809849 0.0023403827482569783 0.0012397618379652829 0.0043583005440747296 -0.0024768431221083935 -4.5676689239961052e-05 -0.0038825233974829365 0.0013977689469736627 -0.00069760189098122516 0.0036626101628443159 -0.0038860024639161086 0.0074241527426224772 -0.0014758549837733238 0.0017289513909292322 -0.0053798472035264354 0.00037664982627023702 0.005617365197150297 0.0027597963322078325 -0.0028520640036450253 -0.0029682657143308444 -0.0002181430477434207 0.001441319672989734 0.005375212586769337 0.0056913697625426765 -0.0015339237758772307 -0.011756996341912523 -0.00097623462257319924 0.0024925298757687555
leaf_weight=75.756591558456421 59.090141415596008 56.059877753257751 175.7552924156189 31.817768454551697 54.544745922088623 89.392778038978577 37.87829577922821 3509.0453209877014 51.514482259750366 249.99675214290619 177.27042424678802 62.120405077934265 80.301987051963806 87.877646207809448 31.817768454551697 33.332900285720825 66.66580057144165 65.150668740272522 51.893265217542648 99.998700857162476 42.423691272735596 122.7256783246994 2477.240543961525 272.72372961044312 18.181581974029541 60.605273246765137 117.04393395781517 13.257403522729872 29.923853665590286 126.13472494482994
leaf_count=50 39 37 116 21 36 59 25 3747 34 201 117 41 53 58 21 22 44 43 35 66 28 81 2835 180 15 40 87 29 70 195
internal_value=1.4758e-06 0.000263657 -0.000303561 0.00173582 0.00129454 0.00210159 -0.00238878 -0.000112305 -0.000437599 2.05185e-05 0.000733641 0.00133706 -0.00211906 0.00442473 0.00282683 0.00585797 -0.000154693 -0.00253468 -5.99726e-05 -0.000258817 0.0015355 -0.000364916 -0.000247553 0.0021089 0.00137398 0.00223554 -0.000604964 -0.000155326 -0.00428612 -8.68097e-05
internal_weight=8427.54 4532.14 3895.4 642.416 586.356 474.236 327.268 3568.14 151.513 3889.72 298.481 99.9987 112.12 175.755 121.211 121.211 3443.89 131.816 3312.08 2945.04 367.041 2845.04 2722.31 324.617 445.828 310.602 135.226 2646.56 43.1813 2603.38
internal_count=8425 4423 4002 424 387 313 216 3786 100 3999 197 66 74 116 80 80 3656 87 3569 3326 243 3260 3179 215 343 241 102 3129 99 3030
is_linear=0
shrinkage=0.03


Tree=163
num_leaves=31
num_cat=0
split_feature=31 3 89 7 10 89 67 15 46 17 56 47 14 23 54 61 84 85 74 87 7 21 96 30 35 17 25 54 106 46
split_gain=1.09314 0.864919 1.00723 0.935494 0.931417 0.916489 0.89592 1.29558 1.29387 1.19901 1.08239 1.46384 1.33549 1.17724 1.40722 1.37911 1.27801 1.24138 2.04663 1.7249 1.11691 1.76561 1.38122 1.30774 1.05418 1.03394 1.03299 1.03157 1.02046 1.01702
threshold=-0.45749999999999963 1.8450000000000004 1.3550000000000002 10.285000000000002 13.685 3.6650000000000005 -0.07681365576102421 1026.6155000000001 1.0784859128484907 0.99425417407068184 12.169662162162163 16.675000000000004 94.15000000000002 1.6367248700510235 1.3950000000000005 1.9774324324324328 2.5425000000000186 0.85965517241379319 0.80355765381187727 0.38500000000000006 7.2550000000000008 -0.16513367425889061 -1.3940000000000052 0.35000000000000003 20.98 0.68308257082167534 2.233750000000001 0.52000000000000002 143.50000000000003 0.68183039684252389
decision_type=2 2 2 2 10 2 2 10 10 2 8 8 10 2 2 2 2 2 2 2 2 10 2 2 10 2 2 2 2 10
left_child=-1 2 3 4 -2 -4 -3 10 9 -9 11 28 13 15 -15 17 20 19 -19 25 27 23 -23 -22 -24 -12 -16 -17 -8 -27
right_child=1 6 5 -5 -6 -7 7 8 -10 -11 12 -13 -14 14 26 16 -18 18 -20 -21 21 22 24 -25 -26 29 -28 -29 -30 -31
leaf_value=0.0020018352042313545 -0.00098941713930237869 0.00092069883431700216 0.00083128754839742166 0.0051884910364466746 0.0033761342782285793 -0.0049486802123884692 -0.00048328683821517406 -0.005247878670319484 -0.00061011642559457267 0.0013561900561971751 -0.0058558109897726973 -0.0043141144828014065 0.0034818354149545802 -0.0011388065231809096 -0.0025345074441838278 -0.0014292887550194991 0.00073522270185768905 0.0016266971688761354 0.011758671729855905 -0.010780367902196226 0.0015226449732054477 -0.00015957163287989208 -0.0055677666832808295 -0.0042741041961611402 0.00044120547163129529 0.0039943692525293987 -0.015019531069511847 -0.0054485462554047679 -0.0053031834115946121 -0.0021895694197914869
leaf_weight=247.7240543961525 692.41524684429169 535.5991023182869 1992.3983579874039 24.999675214290619 46.969086766242981 24.999675214290619 1176.1210839450359 134.84673297405243 248.48162031173706 30.302636623382568 22.348194509744644 106.43801113963127 100.75626677274704 336.35926651954651 12.121054649353029 327.64725849032402 765.14157474040985 539.38693189620972 18.560364931821823 15.151318311691282 414.7673387825489 186.3612152338028 106.81679409742355 38.257078737020493 34.848032116889954 54.923528879880905 11.742271691560743 69.696064233779907 40.908559441566467 42.423691272735596
leaf_count=270 640 505 2083 21 31 39 777 89 164 20 53 71 80 363 23 505 508 701 31 16 849 123 72 80 23 121 28 94 27 28
internal_value=3.85909e-05 -2.107e-05 0.000408277 -0.000519115 -0.000712097 0.000759662 -0.000243481 -0.00037246 -0.00197801 -0.00403612 -0.000222236 -0.000940359 8.46154e-05 -2.9613e-05 -0.00163824 0.000190187 -0.000219477 0.00133944 0.00196374 -0.0012437 -0.000839371 -0.00018061 -0.00185685 0.00103312 -0.00408962 -3.65224e-05 -0.00867793 -0.00213429 -0.0006453 0.00129942
internal_weight=8399.51 8151.79 2781.78 764.384 739.384 2017.4 5370.01 4834.41 413.631 165.149 4420.78 1323.47 3097.31 2996.55 360.223 2636.33 1943.54 692.794 557.947 134.847 1178.39 781.05 328.026 453.024 141.665 119.695 23.8633 397.343 1217.03 97.3472
internal_count=8435 8165 2814 692 671 2122 5351 4846 273 109 4573 875 3698 3618 414 3204 2254 950 732 218 1746 1147 218 929 95 202 51 599 804 149
is_linear=0
shrinkage=0.03


Tree=164
num_leaves=31
num_cat=0
split_feature=31 100 29 7 24 36 61 66 67 66 67 106 106 94 80 73 94 66 67 21 58 17 21 87 44 15 80 61 50 16
split_gain=1.04729 1.22003 1.20024 0.955988 0.936685 1.23769 0.980345 0.832733 0.877092 0.958477 1.46091 1.24757 1.22867 1.16024 1.29413 1.03071 0.994012 0.981362 1.53031 1.29293 1.27442 1.10201 1.2742 1.09447 1.51626 1.1267 1.26867 1.04144 1.46301 1.04389
threshold=0.99600000000000044 0.99999960395899989 0.99500000000000022 8.4050000000000029 111.86831950000001 0.41599999999999687 3.9782432432432437 -1.4949999999999994 -0.10333926031294467 -0.40999999999999975 -0.024658605974395478 138.50000000000003 114.50000000000001 2.4120856901753021 12.489068965517243 1.222260273972603 1.1815468541086591 -0.024999999999999908 0.0054623044096727908 0.92457928123506949 2.0083686955513649 0.8792747438710018 0.37412086462201538 1.2650000000000003 14.47263157894737 1014.0595000000002 12.283744827586206 2.8186486486486491 0.24664532450311669 -0.53198985263919363
decision_type=2 2 2 2 2 2 2 2 2 2 2 2 2 10 10 2 8 2 2 10 10 2 10 2 10 8 10 2 2 2
left_child=2 -2 4 -4 6 -6 7 -1 -9 13 12 17 15 16 -15 -11 -10 27 19 -19 23 22 -22 -20 25 -25 -27 29 -29 -12
right_child=1 -3 3 -5 5 -7 -8 8 9 10 11 -13 -14 14 -16 -17 -18 18 20 -21 21 -23 -24 24 -26 26 -28 28 -30 -31
leaf_value=-0.0033035141664141902 -0.0098248111930994784 0.0012841553430541861 0.01210359226260046 0.00044675733646346212 -0.0023908314666786696 0.001282370014465949 0.0055294504513523435 0.0016450282196171957 0.006149498350207892 0.015759980538210757 -0.004392320811082465 -0.0032761022294874676 0.0041934599204564308 0.0015513644488158276 -0.00094494214283882176 0.00079391226583996682 -0.0018257345875928297 0.0027314437397794405 2.9232159535475346e-05 -0.00031276410633586052 0.0027528260660386562 -0.0037594842779267263 -0.0017390249681277553 0.0053327992209259087 0.0065463843984358725 0.0013022974431028604 -0.0038520882869134028 -0.0017463998012294342 0.006045917384702627 -0.00088737877846433821
leaf_weight=65.908234655857086 20.833062678575516 15.530101269483565 13.257403522729875 12.121054649353026 301.89001736044884 113.63488733768463 29.545070707798004 310.60202538967133 14.393752396106718 4.1666125357151023 88.635212123394012 102.65018156170845 118.18028283119202 319.6928163766861 449.99415385723114 688.62741726636887 616.27987232804298 369.69216680526733 3138.5955882668495 190.14904481172562 79.16563817858696 136.36186480522156 201.51253354549408 45.453954935073853 51.514482259750366 202.64888241887093 54.544745922088623 43.560040146112442 43.18125718832016 557.56851387023926
leaf_count=69 37 20 20 20 323 75 24 283 14 5 84 112 105 211 297 666 910 406 3396 127 53 90 133 30 34 217 36 49 36 500
internal_value=-1.55808e-07 -0.00508036 2.1932e-05 0.00653615 2.10499e-06 -0.00138631 7.49244e-05 5.45072e-05 8.27833e-05 1.82277e-05 0.000180327 -9.50516e-07 0.00136621 -0.000689756 9.19096e-05 0.000883921 -0.00164372 6.36702e-05 0.00023052 0.00169748 2.04665e-05 -0.00154699 -0.000472093 0.000207623 0.00178853 0.000978679 0.000209173 -0.000953812 0.00213274 -0.00136813
internal_weight=8399.89 36.3632 8363.53 25.3785 8338.15 415.525 7922.62 7893.08 7827.17 7516.57 6116.21 5305.23 810.974 1400.36 769.687 692.794 630.674 5202.58 4469.64 559.841 3909.8 417.04 280.678 3492.76 354.162 302.648 257.194 732.945 86.7413 646.204
internal_count=8382 57 8325 40 8285 398 7887 7863 7794 7511 6079 5303 776 1432 508 671 924 5191 4522 533 3989 276 186 3713 317 283 253 669 85 584
is_linear=0
shrinkage=0.03


Tree=165
num_leaves=31
num_cat=0
split_feature=60 96 92 92 32 8 7 73 67 95 66 106 24 12 74 78 56 49 81 100 36 64 66 67 73 56 14 60 10 13
split_gain=0.820216 0.75704 1.35066 1.22677 0.925898 1.0348 1.12334 2.81269 1.04092 1.26873 1.02601 1.02521 1.0157 1.10236 1.00067 0.997337 0.994567 0.963563 1.21929 0.945593 1.0714 1.17261 0.961654 1.38314 1.63648 1.14142 1.05702 1.1121 0.920924 0.905398
threshold=-5.2555000000000396 11.243999999999973 14.093901384083045 10.593788927335643 8.2652857142857172 5.6950000000000012 8.1450000000000014 0.87376712328767125 -0.090544096728307252 21.710000000000004 -0.61999999999999988 107.50000000000001 40.358002000000006 91.500000000000014 0.26740600971913719 2.0850000000000004 14.934324324324328 2.076052631578948 18.905000000000005 0.61606429355346326 -0.28350000000000358 3.1450000000000005 0.46000000000000013 0.053421052631578987 0.61410958904109603 14.494594594594593 47.625000000000007 2.5085000000000837 13.175000000000002 4.2575000000000012
decision_type=2 2 10 10 8 2 2 2 2 10 2 2 2 10 2 2 8 2 10 2 2 2 2 2 2 10 8 2 10 10
left_child=-1 4 3 -3 12 6 8 -8 -6 10 11 -10 -2 -14 -11 -9 -7 -16 -19 20 -12 -22 -21 24 -24 26 -26 28 -28 -20
right_child=1 2 -4 -5 5 16 7 15 9 14 19 -13 13 -15 17 -17 -18 18 29 22 21 -23 23 -25 25 -27 27 -29 -30 -31
leaf_value=-0.0052249145387037307 -0.00069734312991483747 -0.0020949766861867026 -0.0039727569789420533 0.0039598466295534636 0.0015722200001583332 -0.004740200073585393 -0.013804697081030951 0.00087619078775662707 -0.00054228425027093709 0.0029732522392650986 0.0040341117195724537 -0.004642418988592475 -0.0080251369076276054 -0.0010414254113433627 0.0003498924958039216 0.0038934117410287434 -0.0007723781822927113 -0.0036896889436091903 0.00057165258858749143 -0.00049052602873902692 0.00033986443986122448 0.0063125194073973372 0.019825375258254483 2.3888883326780223e-05 -0.0038505368784145949 0.0067129989411457893 0.0020126725080780185 0.0075144454440373388 -0.0019391892683953489 -0.0025011083874630271
leaf_weight=27.272372961044312 562.87147527933121 37.87829577922821 31.817768454551697 146.96778762340546 342.41979384422302 66.66580057144165 11.363488733768461 908.32153278589249 182.95216861367226 48.484218597412109 103.02896451950073 78.408072263002396 37.87829577922821 43.938823103904724 196.96713805198669 110.60462367534637 386.35861694812775 245.4513566493988 177.27042424678802 1932.171867698431 501.50863611698151 31.438985496759415 4.5453954935073844 1551.1162121593952 33.332900285720825 37.87829577922821 279.16303989291191 27.651155918836594 65.529451698064804 168.17963325977325
leaf_count=18 373 25 21 97 355 44 30 931 264 32 68 105 25 29 130 136 405 162 117 1969 616 62 9 1758 22 25 371 19 44 111
internal_value=-3.07461e-05 -1.37856e-05 0.00173638 0.0027191 -6.03959e-05 3.34945e-05 0.000122954 0.00103818 -3.40071e-05 -0.000131094 5.57513e-05 -0.00177232 -0.00115133 -0.00427463 -0.00120985 0.00120371 -0.00135627 -0.00146728 -0.002073 0.00016036 0.00123359 0.000692196 -1.32553e-05 0.00044801 0.00191612 0.00173259 0.00126757 0.00172575 0.00126138 -0.000924297
internal_weight=8379.44 8352.16 216.664 184.846 8135.5 7490.81 7037.79 1030.29 6007.5 5665.08 4828.73 261.36 644.689 81.8171 836.353 1018.93 453.024 787.869 590.901 4567.36 635.977 532.948 3931.39 1999.22 448.1 443.555 405.677 372.344 344.692 345.45
internal_count=8373 8355 143 122 8212 7785 7336 1097 6239 5884 5332 369 427 54 552 1067 449 520 390 4963 746 678 4217 2248 490 481 456 434 415 228
is_linear=0
shrinkage=0.03


Tree=166
num_leaves=31
num_cat=0
split_feature=60 3 52 16 88 30 106 13 95 57 29 14 7 88 88 106 52 53 15 94 98 90 67 17 16 68 56 46 30 14
split_gain=0.785242 0.751268 1.32089 1.26351 1.87738 1.17216 1.809 1.5574 1.34987 1.11353 1.09823 1.06462 1.01291 0.975967 1.15756 1.03558 1.13328 1.0065 1.2569 0.935236 0.938081 0.923224 0.904137 0.88936 0.874575 1.44435 0.883148 0.882001 0.866707 0.858656
threshold=-5.2555000000000396 2.5750000000000006 3.5150000000000001 -0.91333186482673046 4.3950000000000005 0.050000000000000162 4.5000000000000009 4.0145000000000008 20.520000000000003 18.225000000000005 0.4300000000000001 47.485000000000007 7.5750000000000011 4.0750000000000011 4.1900000000000004 131.50000000000003 2.9550000000000005 0.76500000000000001 1011.8180000000001 5.0487156882126021 100.89523257564669 2.0250000000000008 -0.078506401137980089 -0.95244828317041741 -0.19380630957397299 15.740958904109592 16.021351351351356 0.80721454053606123 -0.10999999999999997 54.185000000000009
decision_type=2 2 2 2 2 2 2 8 10 10 2 10 2 2 2 2 2 2 10 10 10 2 2 2 2 8 10 10 2 8
left_child=-1 2 13 4 -3 12 -7 11 9 10 -9 -8 21 15 22 -2 17 18 -17 20 -13 -5 -15 -4 25 26 27 -14 -23 -16
right_child=1 3 23 5 -6 6 7 8 -10 -11 -12 19 24 14 29 16 -18 -19 -20 -21 -22 28 -24 -25 -26 -27 -28 -29 -30 -31
leaf_value=-0.0049153081612626805 0.00020463175892011237 0.007791884568171828 0.030223691127045035 -0.00034295817180808212 -0.0029243871726596024 0.011122818195819239 -0.0041688417010448675 -0.00069223953725764612 -0.0040596082308050167 0.004021809074268092 -0.0039268075452313905 -0.0025678904082527629 0.0077432729736273348 -0.0019970539276810604 -0.003202619022886146 0.0082075187216951503 -0.0011961712013589248 0.0090838363160469209 -0.00020289886823793738 -0.0033982861196770477 0.0019665920447949838 -0.0016322570839944336 -0.010189545756592465 0.0035124480877659877 -0.00066999028741848948 -3.2304461504254328e-05 0.0077246278093895003 0.0017264224312456876 -0.0079927027173902158 0.00025598372605305345
leaf_weight=28.78750479221344 5382.884613186121 39.393427610397339 1.1363488733768452 253.40579876303673 23.48454338312149 10.605922818183897 45.453954935073853 315.52620384097099 230.30003833770752 33.332900285720825 134.84673297405243 48.484218597412109 24.620892256498337 27.651155918836594 87.877646207809448 23.863326340913773 45.453954935073853 30.302636623382568 48.484218597412109 43.938823103904724 268.17833411693573 51.893265217542648 21.59062859416008 87.877646207809448 274.61764439940453 294.3143582046032 31.817768454551697 200.37618467211723 30.68141958117485 243.93622481822968
leaf_count=19 5409 80 3 237 41 13 30 461 152 22 200 32 17 28 58 24 39 26 32 29 177 53 24 85 290 339 21 136 36 293
internal_value=3.09196e-05 4.79594e-05 0.000226163 -0.000406091 0.00378942 -0.00052117 -0.0012088 -0.00132557 -0.00216918 -0.00126911 -0.00166071 0.000157831 0.000148076 0.00017155 -0.00129696 0.000272722 0.00274749 0.00449376 0.00257122 0.00070321 0.00127232 -0.00124066 -0.00558915 0.00385344 0.000713126 0.00140231 0.0030464 0.00238483 -0.00399554 -0.000659993
internal_weight=8385.12 8356.33 6001.06 2355.27 62.878 2292.39 1130.67 1120.06 714.006 483.706 450.373 406.055 1161.73 5912.04 381.056 5530.99 148.104 102.65 72.3475 360.601 316.663 335.98 49.2418 89.014 825.747 551.129 256.815 224.997 82.5747 331.814
internal_count=8406 8387 6021 2366 121 2245 1116 1103 835 683 661 268 1129 5933 403 5530 121 82 56 238 209 326 52 88 803 513 174 153 89 351
is_linear=0
shrinkage=0.03


Tree=167
num_leaves=31
num_cat=0
split_feature=67 66 66 62 66 99 18 99 60 91 56 93 80 16 90 69 44 3 86 16 57 14 50 79 40 43 97 75 23 79
split_gain=0.918297 1.40017 1.37597 1.03196 1.34855 1.32883 1.20413 1.03481 1.28955 0.96905 1.04234 1.37004 1.53586 1.09273 1.05214 1.17368 1.29949 1.16732 1.00452 1.07409 1.10974 1.05117 1.00538 0.968157 0.984862 0.947659 0.94012 1.23306 0.921976 0.913842
threshold=0.020661450924608842 0.35499999999999982 1.0000000180025095e-35 0.21716833813154765 -0.40999999999999975 0.81378274578918075 0.62972713111760337 0.97678259573032833 -0.70249999999998625 0.043427846008502621 6.8607702702702715 12.010000000000002 9.2370482758620707 0.89234956281588362 2.9650000000000003 18.265000000000004 16.492368421052635 2.5750000000000006 0.85433563701002402 -0.26715428142264253 18.630000000000006 54.615000000000002 0.24407840550877283 0.057543039614957388 3.2850000000000006 -0.1798181818181819 51.939134380073192 0.92500000000000016 1.6101944799641392 0.0063518141429099806
decision_type=2 2 2 2 2 2 10 2 2 2 8 8 10 2 2 10 10 2 2 2 10 10 2 2 2 2 10 2 2 2
left_child=2 25 3 23 5 -5 7 8 -6 10 -3 12 13 -12 15 16 29 -17 19 20 -11 -21 -20 24 -1 -2 -19 28 -28 -13
right_child=1 9 -4 4 6 -7 -8 -9 -10 18 11 14 -14 -15 -16 17 -18 26 22 21 -22 -23 -24 -25 -26 -27 27 -29 -30 -31
leaf_value=-0.00089552269539886105 0.00090557809551527991 -0.0044095592845256127 0.0011307014656295907 0.00060321905201922172 -0.0016459090612115756 -0.0011547043993919272 0.005031293314549835 -0.00039216023055124418 0.002956835741046653 -0.0084761263050594487 0.0035365472430434232 0.0013948167857556005 0.0088230670858179087 -0.0017462446354254242 -0.0069107271188782607 0.0054302799441891397 -0.007598587490333107 0.0053944262576642588 -0.0027936775027155173 0.0024315478934998584 -0.0010718980845153285 -0.0035727892094307881 0.0011626745594129097 -0.0061256651904424966 0.0043542559633448765 -0.0020106819958847812 0.0053578058219429523 -0.0016530241142529234 0.00015026656270760927 -0.00038074516487671551
leaf_weight=915.13962602615356 119.31663170456886 45.453954935073853 1176.4998669028282 839.76181742548943 68.180932402610779 717.79370501637459 72.726327896118164 282.95086947083473 278.78425693511963 49.620567470788956 89.013995081186295 302.26880031824112 30.68141958117485 58.332575500011444 19.696713805198669 60.605273246765137 21.211845636367798 36.363163948059082 87.877646207809448 43.938823103904724 28.78750479221344 65.150668740272522 168.93719917535782 30.68141958117485 33.332900285720825 628.77970993518829 54.544745922088623 142.42239212989807 69.696064233779907 1905.278277695179
leaf_count=805 111 30 1147 825 45 746 48 294 319 56 61 327 21 40 28 40 14 24 103 47 19 43 191 39 37 577 36 94 46 2198
internal_value=-4.68198e-05 -0.000374392 0.000251979 -6.71636e-05 0.00028527 -0.000206913 0.0013763 0.000954314 0.00205237 -0.000107265 9.68569e-05 0.000170271 0.00271667 0.00144516 -3.27978e-06 4.92023e-05 -0.000208634 0.00162953 -0.00140996 -0.00307939 -0.00575767 -0.00115438 -0.000191121 -0.000880691 -0.000711026 -0.00154556 0.000869376 0.000252324 0.0024365 -0.000137626
internal_weight=8443.83 4027.98 4415.85 3239.35 2260.2 1557.56 702.642 629.916 346.965 3279.88 2835.57 2790.12 178.028 147.347 2612.09 2592.39 2228.76 363.632 444.312 187.498 78.4081 109.089 256.815 979.154 948.473 748.096 303.026 266.663 124.241 2207.55
internal_count=8411 4106 4305 3158 2277 1571 706 658 364 3418 2959 2929 122 101 2807 2779 2539 240 459 165 75 90 294 881 842 688 200 176 82 2525
is_linear=0
shrinkage=0.03


Tree=168
num_leaves=31
num_cat=0
split_feature=93 14 33 30 105 106 3 53 47 46 23 62 46 62 51 60 105 65 11 68 90 27 43 91 96 41 80 67 94 37
split_gain=0.854699 0.848594 1.11181 1.15476 1.20761 1.25894 0.903069 0.919368 0.870409 1.23563 0.834888 0.937949 2.16154 1.00347 2.63512 0.814184 1.30194 1.21427 0.911117 0.867295 0.828824 0.770089 0.879579 0.761789 0.739502 0.928437 0.988001 0.759957 0.906985 0.788034
threshold=25.835000000000004 51.665000000000006 9.8050000000000015 0.34000000000000025 131.50000000000003 108.50000000000001 2.8550000000000004 0.62500000000000022 15.960000000000003 0.81783368008629431 1.5780481744500816 0.84941390269359429 0.55524821778887368 1.0105576300228207 0.74500000000000011 2.4774999999999641 29.500000000000004 2.3950000000000009 14.975000000000003 14.715821917808222 0.53500000000000014 2.6550000000000007 0.054727272727273117 -0.016280703826169102 11.243999999999973 0.66000000000000048 14.264286206896552 -0.1236059743954482 3.036539697092826 1.3295000000000001
decision_type=10 8 8 2 2 2 2 2 10 10 2 2 8 2 2 2 2 2 10 10 2 2 2 2 2 2 10 2 10 2
left_child=1 2 -1 4 5 8 7 -6 9 -4 -3 24 -13 21 -15 16 -10 18 -17 -18 -21 22 -14 -9 27 26 -26 28 -12 -29
right_child=-2 10 3 -5 6 -7 -8 23 15 -11 11 12 13 14 -16 17 19 -19 -20 20 -22 -23 -24 -25 25 -27 -28 29 -30 -31
leaf_value=-0.0033989339668164492 0.0036892174919598082 -0.0026102985785981842 -0.00079588761782830892 -0.0033467982700043095 -0.0033291520347414161 0.006362212397698414 -0.0062402232262254512 -0.0039170865359776331 0.0041474875045456883 0.0026627073587132308 -0.00034155419073182046 0.023000064192354164 0.016149208550661539 -0.011827410827150851 0.0025454597108579761 -0.0046565395572326718 -0.0013484041228018508 -0.0079044497004960024 0.0013037961433526243 0.0058777285905762672 0.00023357287332621953 0.0026476787495527936 0.0026171872647747971 0.0012667021495376114 0.0029259015244175834 0.0060240325202398923 -0.0034764817831796089 0.0020772028839017471 0.0055529301481935436 1.3366628384382523e-05
leaf_weight=118.18028283119202 57.57500958442688 95.832088321447372 154.5434467792511 109.08949184417725 109.08949184417725 30.302636623382568 36.363163948059082 31.817768454551697 60.605273246765137 233.33030200004578 44.317606061697006 4.5453954935073844 9.4695739448070544 14.772535353899 51.514482259750366 37.87829577922821 331.81387102603912 30.302636623382568 59.090141415596008 30.302636623382568 103.02896451950073 49.999350428581238 7.9544421136379233 128.78620564937592 62.120405077934265 42.423691272735596 33.332900285720825 171.20989692211151 49.999350428581238 6063.9363712966442
leaf_count=78 38 67 102 72 72 20 24 21 40 154 69 3 19 36 70 25 219 20 39 20 68 69 21 85 41 28 22 209 33 6577
internal_value=4.66224e-05 2.13727e-05 -0.000598335 -0.000375658 -0.00014032 0.000334516 -0.00180224 -0.00120387 0.000159037 0.00128467 0.00016975 0.000210082 0.00265507 0.00196345 -0.000657637 -0.000509554 1.16326e-05 -0.00266255 -0.00102446 -0.000527241 0.00151634 0.00454036 0.00997155 0.000239725 0.000157814 0.00233134 0.000690149 0.000110467 0.00278323 7.00372e-05
internal_weight=8363.53 8305.95 1604.52 1486.34 1377.25 1071.2 306.057 269.693 1040.9 387.874 6701.43 6605.6 138.256 133.71 66.287 653.022 525.751 127.271 96.9684 465.145 133.332 67.4234 17.424 160.604 6467.34 137.877 95.4533 6329.46 94.317 6235.15
internal_count=8361 8323 1059 981 909 707 202 178 687 256 7264 7197 218 215 106 431 347 84 64 307 88 109 40 106 6979 91 63 6888 102 6786
is_linear=0
shrinkage=0.03


Tree=169
num_leaves=31
num_cat=0
split_feature=100 38 88 68 67 66 81 32 30 85 94 14 11 36 38 78 52 89 90 37 92 61 58 7 94 105 20 80 36 70
split_gain=0.768626 1.24211 1.28356 1.13489 1.16508 1.07538 1.35962 1.01056 1.00668 1.01749 1.12464 0.983293 1.26293 1.53936 1.14508 0.96931 0.94889 1.68347 1.31549 1.24981 1.12156 1.09949 1.02637 1.24686 1.0038 0.924879 0.89924 0.890908 0.874104 0.981608
threshold=0.62340732725523573 0.4942255236087098 3.1950000000000007 4.6593082191780821 -0.0087660028449502315 -0.29999999999999988 15.525 12.811428571428573 -0.23500000000000007 1.2909310344827587 1.1815468541086591 93.65000000000002 9.4150000000000009 0.42250000000007054 0.10209200639802669 2.4950000000000006 2.1950000000000007 2.3850000000000007 2.265000000000001 1.3915000000000004 7.4000501730103805 1.0581081081081083 1.4553486789157506 5.0250000000000012 3.5300062545918078 137.50000000000003 -0.9794873263187619 10.77293103448276 0.36700000000007554 1.0146881796384231
decision_type=2 2 2 8 2 2 8 10 2 2 8 10 8 2 2 2 2 2 2 2 10 2 10 2 8 2 10 10 2 8
left_child=1 2 3 -1 5 6 -5 25 -2 10 -10 12 13 -12 -13 16 19 22 21 -14 -21 -19 23 -18 -23 -4 -9 -20 29 -25
right_child=8 -3 7 4 -6 -7 -8 26 9 -11 11 14 15 -15 -16 -17 17 18 27 20 -22 24 -24 28 -26 -27 -28 -29 -30 -31
leaf_value=0.016590163123128075 0.00090577452437611971 0.0075007563033606933 -0.0011191602585402314 -0.0023259531838567484 -0.00027975832859720984 0.0049782107514256468 0.0027677077775834979 -0.0026553956780887094 0.0092279076734040066 -0.00058404751958195718 -0.0032696910249802951 0.00088041648211857311 0.0026903545333554885 0.0041613124785746828 -0.0036875702682146539 -0.0029038803268600561 0.031416008784370099 -0.011859526613498967 0.006213748846754164 -0.0013627715572484419 0.00085967293577512722 -0.006718821101125828 -0.0002812527351250438 -0.0013547870577506488 0.00014035047275776568 0.00055226698342487337 0.0024454034276162589 -0.00028790072213019441 0.0084921153095517867 0.0042934570891153753
leaf_weight=4.5453954935073844 729.91475966572762 22.726977467536926 675.74879670143127 63.635536909103394 202.64888241887093 113.63488733768463 182.19460269808769 36.363163948059082 12.499837607145308 3566.241547614336 145.83143875002861 84.847382545471191 158.7100593149662 30.302636623382568 118.18028283119202 65.150668740272522 1.5151318311691273 7.9544421136379233 46.969086766242981 396.96453976631165 421.2066490650177 21.211845636367798 54.544745922088623 33.332900285720825 202.64888241887093 532.94762161374092 215.14872002601624 31.817768454551697 34.848032116889954 163.63423776626587
leaf_count=3 754 42 791 42 199 114 187 24 9 3355 97 56 203 20 78 124 4 12 73 670 278 14 36 22 256 483 142 21 23 249
internal_value=2.14088e-05 0.000526327 0.000448124 0.00166001 0.00153929 0.00256477 0.00144916 -2.21715e-05 -0.000142122 -0.000278746 0.000257026 0.000201505 0.000422796 -0.00199124 -0.00177856 0.000681981 0.000830278 0.00177095 0.000239152 0.000253986 -0.000218624 -0.000899047 0.00342367 0.00428976 -0.000509588 -0.000382182 0.00170794 0.00358808 0.00411246 0.0033376
internal_weight=8377.92 2049.59 2026.87 566.659 562.114 359.465 245.83 1460.21 6328.33 5598.41 2032.17 2019.67 1816.64 176.134 203.028 1640.51 1575.36 598.477 310.602 976.881 818.171 231.815 287.875 233.33 223.861 1208.7 251.512 78.7869 231.815 196.967
internal_count=8381 2027 1985 545 542 343 229 1440 6354 5600 2245 2236 2102 117 134 1985 1861 710 376 1151 948 282 334 298 270 1274 166 94 294 271
is_linear=0
shrinkage=0.03


Tree=170
num_leaves=31
num_cat=0
split_feature=47 59 56 8 77 105 62 50 21 77 39 92 52 23 98 15 94 50 99 75 93 75 64 62 75 103 54 92 47 85
split_gain=0.750495 0.703413 0.705999 0.873622 0.732396 1.2648 2.30821 1.77314 1.22298 0.891202 0.777739 0.695033 0.9793 1.25807 0.664451 1.12253 1.12547 0.960485 0.955712 1.11434 0.810518 0.969331 0.678915 1.03625 1.00942 0.810592 0.781391 1.02548 0.880083 0.654445
threshold=26.625000000000004 24.565000000000001 18.947837837837842 6.8950000000000005 3.5250000000000008 46.500000000000007 1.0547965640652173 0.51084802705769639 0.86694021718677361 3.3050000000000006 0.49500000000000005 15.413238754325262 4.1900000000000004 1.6118074705503209 76.335631712396506 1001.0295000000002 3.4233689812979469 0.26035288692413777 1.7872717540540104 1.385 11.590000000000002 0.65500000000000014 4.1900000000000004 0.42857090048425311 2.7950000000000004 96.500000000000014 -0.41499999999999998 14.511590914552098 14.890000000000002 1.7354137931034483
decision_type=10 10 10 2 2 2 2 2 10 2 2 10 2 2 8 10 10 2 2 2 8 2 2 2 2 2 2 10 10 2
left_child=1 2 3 4 9 6 7 -6 -7 10 -1 12 14 -14 15 -12 18 -18 19 29 21 -16 24 -24 25 -22 27 -27 -29 -17
right_child=-2 -3 -4 -5 5 8 -8 -9 -10 -11 11 -13 13 -15 20 16 17 -19 -20 -21 22 -23 23 -25 -26 26 -28 28 -30 -31
leaf_value=-0.0062955740312211905 0.0054473979259939158 -0.0022949042015677893 0.0056944170253689615 -0.0040885001276818739 0.0041981883220152047 -0.0045160621184827925 -0.0025053246875073841 0.02141655674041552 0.0044073276187779186 -0.0028689128879089637 0.0038185419103474272 -0.0017316743536937057 0.0014198689572002209 0.010126342305894872 -0.00072774388061141516 -0.00045144693916776248 6.4314223293819449e-06 0.0049407440956002347 -0.0063138745518533769 -0.0022599833874624854 0.0030959598977803281 0.0070019522124837794 -0.0053761380199596667 0.0015185241906775387 0.0035700180995647049 0.0010669240860593807 -6.1011535392590866e-05 0.00096723038155787961 -0.005656161709412728 0.0033211123076481723
leaf_weight=17.424016058444977 22.726977467536926 119.69541466236115 19.696713805198669 46.590303808450699 10.227139860391619 28.029938876628876 13.636186480522154 11.363488733768461 27.272372961044312 96.210871279239655 48.484218597412109 192.42174255847931 76.514157474040985 18.560364931821823 25.757241129875183 348.10153821110725 145.45265579223633 46.969086766242981 33.332900285720825 392.41914427280426 81.817118883132935 33.711683243513107 48.484218597412109 32.954117327928543 77.650506347417831 1018.5473735034466 5254.4771904945374 33.332900285720825 39.393427610397339 46.969086766242981
leaf_count=40 15 79 13 45 21 56 24 21 18 119 32 127 85 19 20 232 96 31 22 259 54 29 56 24 79 1117 5628 22 26 31
internal_value=3.16574e-06 -1.15896e-05 2.14746e-05 7.92417e-06 3.12004e-05 0.00271462 0.00715759 0.0132605 -0.000115486 1.24251e-06 3.5705e-05 4.95026e-05 9.34267e-05 0.00311954 5.61004e-05 -0.000640789 -0.00085417 0.00121087 -0.00133827 -0.00112766 0.000167429 0.00365406 0.00013595 -0.0025862 0.000170028 0.000128953 9.06991e-05 0.000821185 -0.00262044 -2.93558e-06
internal_weight=8408.22 8385.5 8265.8 8246.1 8199.51 90.5291 35.2268 21.5906 55.3023 8108.99 8012.77 7995.35 7802.93 95.0745 7707.85 1061.73 1013.24 192.422 820.823 787.49 6646.13 59.4689 6586.66 81.4383 6505.22 6427.57 6345.75 1091.27 72.7263 395.071
internal_count=8440 8425 8346 8333 8288 140 66 42 74 8148 8029 7989 7862 104 7758 703 671 127 544 522 7055 49 7006 80 6926 6847 6793 1165 48 263
is_linear=0
shrinkage=0.03


Tree=171
num_leaves=31
num_cat=0
split_feature=68 23 58 92 57 75 45 99 60 91 38 89 62 90 67 55 2 12 74 77 66 69 63 61 18 67 66 67 66 85
split_gain=1.02321 0.867021 1.00976 0.725503 1.06449 1.14076 1.45809 1.05474 0.806059 0.780509 1.07891 0.768577 1.30373 1.27506 0.934342 0.84626 0.957869 0.96352 0.88445 1.01665 0.759654 1.06126 0.753798 1.26608 0.862698 0.742324 0.827713 1.69441 1.03479 1.92812
threshold=4.6593082191780821 1.5780481744500816 1.4142160878965837 15.413238754325262 18.265000000000004 0.91500000000000015 18.955000000000002 0.92655094405004712 4.51150000000007 0.052764942176026265 0.19012422713040353 3.9200000000000004 0.42857090048425311 2.4750000000000005 -0.086177098150782491 -0.14123684210526324 1.0000000180025095e-35 10.815000000000003 1.1228878939576172 3.3050000000000006 -0.18999999999999981 18.515000000000004 2.8050000000000002 3.1650000000000009 -0.44775908783876989 -0.13015647226173535 -0.61999999999999988 -0.0079943100995733402 0.090000000000000205 0.76612404214559404
decision_type=8 2 8 10 10 2 10 2 2 2 2 2 2 2 2 2 2 8 2 2 2 10 2 2 10 2 2 2 2 2
left_child=-1 2 -2 4 8 9 20 -5 11 10 -6 15 -13 14 -14 16 17 -3 19 25 -7 -22 23 24 -8 -17 -27 28 -28 -30
right_child=1 3 -4 7 5 6 22 -9 -10 -11 -12 12 13 -15 -16 18 -18 -19 -20 -21 21 -23 -24 -25 -26 26 27 -29 29 -31
leaf_value=0.0058284110507650748 -0.00066354915990047582 -0.0033178840789627869 -0.0071515828155431253 -0.00019567322203889063 0.008252190445783434 0.0044508443137846933 0.0002987360671636134 -0.0050032343643108788 -0.0040082221098186703 -0.00010871229509058546 0.002629428931189236 -0.0063438124438569381 0.00096932759080607417 -0.0084152598753367558 0.012841731363738227 0.0035794282224486341 -0.00096016091814589584 0.0027483150278757476 0.0050339165945907345 -0.003800592559243106 0.0037711701767166234 -0.00076200558655021796 0.00095988783717689333 -0.0081636388650075803 -0.005493778191653852 -0.0010248790580865857 0.00059199476747273563 -0.00025718470471886918 0.041832656207427196 0.0026472151871877155
leaf_weight=27.272372961044312 65.529451698064804 25.757241129875183 32.196551412343979 121.21054649353027 39.393427610397339 72.726327896118164 84.847382545471191 62.120405077934265 45.453954935073853 59.090141415596008 139.39212846755981 45.07517197728157 23.863326340913773 9.8483569025993329 7.9544421136379269 50.756916344165802 117.42271691560745 276.89034214615822 30.68141958117485 65.150668740272522 72.726327896118164 128.78620564937592 77.271723389625549 30.302636623382568 31.817768454551697 717.03613910079002 1400.3605949580669 4281.3837719261646 1.1363488733768452 206.43671199679375
leaf_count=18 44 17 25 80 26 48 56 41 30 39 92 77 42 26 21 50 166 245 60 100 48 85 51 20 21 759 1390 4508 3 200
internal_value=2.70231e-05 8.01259e-06 -0.00280108 4.13895e-05 8.3932e-05 0.0011711 0.000355403 -0.00182468 -2.56524e-05 0.00288041 0.00386834 -7.17172e-07 -0.00280771 0.0010177 0.00393743 3.32271e-05 0.00133972 0.00223204 -4.80442e-05 -7.1239e-05 0.00182258 0.000874028 -0.00143891 -0.00270013 -0.00128104 -3.47412e-05 -6.2509e-05 5.46614e-05 0.000885002 0.00286173
internal_weight=8349.89 8322.62 97.726 8224.89 8041.56 736.354 498.478 183.331 7305.21 237.876 178.786 7259.75 86.7413 41.6661 31.8178 7173.01 420.07 302.648 6752.94 6722.26 274.239 201.513 224.24 146.968 116.665 6657.11 6606.35 5889.32 1607.93 207.573
internal_count=8388 8370 69 8301 8180 486 329 121 7694 157 118 7664 166 89 63 7498 428 262 7070 7010 181 133 148 97 77 6910 6860 6101 1593 203
is_linear=0
shrinkage=0.03


Tree=172
num_leaves=31
num_cat=0
split_feature=66 67 66 82 106 46 23 80 85 15 96 80 74 94 17 68 56 96 70 28 33 91 90 15 96 18 20 45 90 34
split_gain=1.01349 0.845403 1.65681 1.24981 1.09308 1.09948 1.01479 1.01997 1.00292 0.863436 1.07719 1.13471 0.888432 0.812018 1.36239 1.11749 1.21698 1.1051 0.947468 1.11909 2.04276 1.09196 0.982009 0.899364 1.04047 0.889038 0.963279 1.42625 1.18262 1.18206
threshold=-1.4949999999999994 -0.04330725462304414 -0.42499999999999999 2.3325480489522721 131.50000000000003 0.79783679864859913 1.6332335246683425 10.074958620689657 0.97211830535571553 1026.2110000000002 10.343999999999939 8.9594379310344845 0.34367352449910471 1.582560061519781 -0.032282979058982857 14.48986301369863 14.153918918918922 -12.779999999999971 3.6276023047660817 2.2850000000000006 13.225000000000003 0.038097443783834416 0.65500000000000003 1001.0295000000002 -7.4735000000000005 0.70215198355517761 -0.83647748259655674 11.725000000000003 2.8350000000000004 0.7224874560461384
decision_type=2 2 2 8 2 10 2 8 2 10 2 10 2 8 2 10 10 2 10 2 8 2 2 10 2 10 10 8 2 8
left_child=-1 3 -3 -2 9 -6 7 -5 -8 13 11 -11 -13 23 15 16 18 -16 19 21 -21 22 -15 -4 -25 26 27 -19 -28 -29
right_child=1 2 4 6 5 -7 8 -9 -10 10 -12 12 -14 14 17 -17 -18 25 -20 20 -22 -23 -24 24 -26 -27 28 29 -30 -31
leaf_value=-0.0036109061490858163 0.0014047049076495134 -0.001901107797935547 0.0065570212561008381 -0.0065948348658655502 -0.00025550049751124734 -0.0046710025000449512 0.050258870936841331 -0.00064552355208281204 0.0014002802271160639 0.0035402871551888566 0.0030257333612923451 -0.00050694228809160995 -0.0030741454743362655 0.00035156498355337081 0.0045133893072397098 -0.0058171099565595148 0.0043073753768805203 -0.0025758191094865266 0.003781872963955624 0.0021245536079052083 -0.0051870853910748463 0.0057852804515570525 -0.0017472063254345661 0.0063303919342578407 0.00060729703073552179 0.0021510420577562895 -0.00019471288427584202 0.0035187673136931447 -0.0052607821329434283 0.00064915424865558222
leaf_weight=70.453630149364471 856.04948461055756 451.88806864619255 28.78750479221344 27.272372961044312 117.42271691560745 89.392778038978577 0.37878295779228111 529.1597920358181 215.52750298380852 37.87829577922821 53.029614090919495 231.81517016887665 254.54214763641357 373.10121342539787 56.059877753257751 39.393427610397339 42.423691272735596 113.63488733768463 37.87829577922821 46.969086766242981 128.40742269158363 23.48454338312149 434.08526962995529 31.060202538967133 359.46502694487572 213.63358819484711 1846.9457021951675 141.66482621431351 42.423691272735596 1467.4051784873009
leaf_count=69 565 446 19 18 178 59 1 770 269 25 35 153 168 436 37 26 28 75 25 31 204 38 492 28 244 144 1219 95 28 2416
internal_value=-2.79457e-05 2.50019e-06 -0.00014726 0.000615266 -1.96547e-05 -0.00216403 -0.000259738 -0.000937117 0.001486 5.421e-05 -0.00104885 -0.00146102 -0.00185053 0.000171545 6.53537e-05 -0.000853521 -0.00067353 0.000331834 -0.000875947 -0.00105132 -0.00322889 -0.000591573 -0.000777103 0.0014397 0.00106248 0.00027056 0.00015934 0.000672405 -0.000308466 0.000901799
internal_weight=8361.63 8291.18 6662.79 1628.39 6210.9 206.815 772.338 556.432 215.906 6004.09 577.265 524.236 486.357 5426.82 5007.51 1125.74 1086.35 3881.77 1043.93 1006.05 175.377 830.671 807.186 419.313 390.525 3825.71 3612.07 1722.7 1889.37 1609.07
internal_count=8341 8272 6649 1623 6203 237 1058 788 270 5966 381 346 321 5585 5294 1280 1254 4014 1226 1201 235 966 928 291 272 3977 3833 2586 1247 2511
is_linear=0
shrinkage=0.03


Tree=173
num_leaves=31
num_cat=0
split_feature=32 17 88 58 33 76 84 14 55 13 11 89 78 65 61 85 68 12 21 49 28 31 32 3 12 15 60 72 83 85
split_gain=0.874802 0.974194 1.33512 1.15557 1.15537 0.929078 1.29049 1.07525 0.985733 0.910586 0.839883 0.770626 1.57293 1.41972 0.831673 1.30971 0.931439 0.875827 0.84237 0.958968 1.56489 0.87083 0.782785 1.49038 0.890331 2.22571 1.30641 1.21816 0.940309 1.16723
threshold=14.793571428571431 0.98427277832482207 2.0550000000000002 2.3347849346875891 17.205000000000002 3.8050000000000002 6.1669999999999741 79.835000000000022 -0.076026315789473622 4.2575000000000012 17.73 3.9200000000000004 1.3750000000000004 1.4850000000000005 3.3185135135135138 1.9370000000000003 15.214178082191781 253.05000000000004 -0.65203211999079569 3.2876315789473689 3.7050000000000005 0.25500000000000028 7.7043571428571438 2.2850000000000006 78.27500000000002 1021.5335000000001 -2.6259999999999759 -3.8675000000000632 13.380000000000001 1.1595172413793107
decision_type=10 2 2 10 10 2 2 10 2 10 10 2 2 2 2 2 8 10 8 2 2 2 8 2 8 10 2 2 10 2
left_child=10 2 -2 5 -5 6 8 -7 -4 -6 11 14 13 -13 18 -16 17 -17 -1 20 22 -21 23 -20 25 27 -26 -24 -29 -30
right_child=1 -3 3 4 9 7 -8 -9 -10 -11 -12 12 -14 -15 15 16 -18 -19 19 21 -22 -23 24 -25 26 -27 -28 28 29 -31
leaf_value=0.0024093358969988761 0.0067036284167495581 -0.0027687555382184263 0.0057977839173845172 -0.0057850233243366342 0.0041512682513296303 -0.00064031763495236743 0.0064016598436701013 0.0039968479884487339 0.0010561878449199193 -0.0023036202420540774 -0.0031474453778010335 -0.0047342454521735874 -0.0088668724267519979 0.0046585578361014101 0.0096925743435549092 0.00084471451616013676 0.0027575523371549484 -0.0052275584989620368 -0.00076561814016995987 -0.0016571650083148206 0.0065192495478533863 -0.0086044473119280384 0.0061363391037825669 -0.0063929638998089242 -0.0028957339335257478 -0.0034493420854122001 -0.00011543032688961502 0.0029192736170788915 -0.0044370822810379058 0.0008733433522234589
leaf_weight=116.66515100002289 34.848032116889954 68.180932402610779 42.423691272735596 45.453954935073853 31.817768454551697 356.05598032474518 49.999350428581238 51.514482259750366 564.76539006829262 51.514482259750366 81.817118883132935 29.545070707798004 27.272372961044312 28.408721834421158 17.045233100652695 65.150668740272522 126.89229086041451 31.817768454551697 431.43378892540932 78.786855220794678 31.817768454551697 20.454279720783234 46.969086766242981 46.969086766242981 156.81614452600479 93.938173532485962 5060.5403161048889 187.87634706497192 40.908559441566467 416.66125357151031
leaf_count=80 23 45 28 30 21 235 33 34 378 34 54 45 69 48 21 43 230 21 287 94 39 21 31 31 105 62 5875 124 27 275
internal_value=4.84495e-06 0.000721703 0.000915438 0.00074644 -0.00193761 0.00107108 0.00176896 -5.42075e-05 0.00138748 0.000160974 -0.000125372 -9.03295e-05 -0.00292575 -0.00012993 -5.56629e-05 0.00167629 0.00106592 -0.00114775 -0.000117661 -0.000162241 -0.00011765 -0.00308905 -0.000150228 -0.0013181 -5.7166e-05 0.000883864 -0.000198997 0.00147174 0.0011323 0.00039857
internal_weight=8434.36 1296.57 1228.39 1193.55 128.786 1064.76 657.188 407.57 607.189 83.3323 7137.79 7055.97 85.2262 57.9538 6970.74 240.906 223.861 96.9684 6729.84 6613.17 6513.93 99.2411 6482.11 478.403 6003.71 786.353 5217.36 692.415 645.446 457.57
internal_count=8443 861 816 793 85 708 439 269 406 55 7582 7528 162 93 7366 315 294 64 7051 6971 6856 115 6817 318 6499 519 5980 457 426 302
is_linear=0
shrinkage=0.03


Tree=174
num_leaves=31
num_cat=0
split_feature=23 67 105 66 57 83 39 64 42 65 72 54 13 16 103 91 73 50 66 67 51 21 99 66 70 92 58 48 92 11
split_gain=0.834044 0.832069 1.462 1.10712 1.05057 1.94565 1.27492 1.03489 1.01298 0.941647 0.93067 1.0902 1.0677 0.912757 1.04299 0.870292 0.851505 1.0864 0.844858 0.828767 1.47777 1.14123 1.17739 0.976659 0.825215 1.35337 1.05025 0.920512 1.03522 0.876429
threshold=1.7042580017421021 -0.0071408250355618859 22.500000000000004 0.34500000000000003 12.705000000000002 16.960000000000004 1.6450000000000002 3.1250000000000004 -0.71499999999999997 1.8050000000000006 0.95550000000008606 -0.41499999999999998 7.9675000000000002 0.57121501830213606 122.50000000000001 -0.0024106636750118077 1.8178767123287674 0.21079839874107134 -0.36999999999999972 0.020661450924608842 0.33500000000000008 0.37412086462201538 1.2602662456236777 0.53000000000000025 2.9981664719444239 9.1294498269896209 2.0083686955513649 -1.8785000000000307 8.1964048442906599 17.545000000000005
decision_type=2 2 2 2 10 10 2 2 2 2 2 2 10 2 2 2 2 2 2 2 2 10 2 2 10 10 10 2 10 10
left_child=1 2 -1 13 8 16 -7 -8 -4 10 11 15 -12 14 -3 -10 -6 -18 -13 20 -5 23 -23 -22 26 29 27 28 -21 -26
right_child=-2 3 4 19 5 6 7 -9 9 -11 12 18 -14 -15 -16 -17 17 -19 -20 24 21 22 -24 -25 25 -27 -28 -29 -30 -31
leaf_value=0.0079131543686167104 0.0037763390751917644 0.0023222766558797462 0.00386455332332507 0.043501906828618785 0.00049327487281825564 0.0023273916115496519 -0.0016049521113589221 0.00045441863851263377 0.0037588660331276053 -0.0043001078301356313 0.002679207820626809 -0.0022537574158262366 -0.00075983472826793037 0.00063187304651530964 -0.0014235689958425187 -9.7709733347462396e-05 0.0059258770890944787 0.0014647129707883141 -0.00027662688289429557 -0.0075081895795890714 0.0011747968695719796 0.0027419379051386297 -0.0028999412711564988 0.0066130445738549924 0.0011643886663792479 0.0034474067055992024 -0.0023685784436652305 -3.0182691387079115e-05 -0.0003496847314518294 -0.0028805948058975945
leaf_weight=22.726977467536926 51.514482259750366 70.453630149364471 50.756916344165802 0.75756591558456321 83.332250714302063 236.36056566238403 299.99610257148743 819.68632066249847 70.832413107156754 54.923528879880905 177.27042424678802 404.16141596436501 149.99805128574371 283.7084353864193 1326.1191352307796 205.3003631234169 119.69541466236115 83.332250714302063 374.99512821435928 31.817768454551697 64.77188578248024 60.605273246765137 73.86267676949501 54.923528879880905 132.57403522729874 147.72535353899002 201.51253354549408 2624.2083315849304 42.423691272735596 75.756591558456421
leaf_count=24 34 48 77 2 55 156 198 541 112 91 117 599 99 275 1284 371 79 55 534 21 81 40 51 67 89 102 133 2998 28 50
internal_value=-2.91866e-05 -5.26797e-05 0.000331687 -0.00028616 0.000276649 0.000799785 0.000325288 -9.73478e-05 -0.000300677 -0.00044775 -0.000294711 -0.000728166 0.00110298 -0.000919454 -0.0012346 0.000891563 0.00304674 0.0040948 -0.0013022 1.69242e-05 0.0016642 0.0015395 -0.000357122 0.0036702 -0.000112045 0.00125096 -0.000279394 -0.00012338 -0.00341762 -0.000306514
internal_weight=8396.1 8344.59 3153.37 5191.22 3130.64 1642.4 1356.04 1119.68 1488.24 1437.48 1382.56 1055.29 327.268 1680.28 1396.57 276.133 286.36 203.028 779.157 3510.94 254.921 254.163 134.468 119.695 3256.02 356.056 2899.96 2698.45 74.2415 208.331
internal_count=8411 8377 3108 5269 3084 1084 895 739 2000 1923 1832 1616 216 1607 1332 483 189 134 1133 3662 241 239 91 148 3421 241 3180 3047 49 139
is_linear=0
shrinkage=0.03


Tree=175
num_leaves=31
num_cat=0
split_feature=30 29 59 16 86 17 16 25 27 90 12 46 53 17 67 67 98 70 82 72 100 16 94 91 89 70 94 48 89 68
split_gain=0.72703 0.891341 1.38512 1.43495 1.27428 0.92389 1.26347 1.19083 1.33103 1.0994 0.960269 0.922939 0.846906 0.792225 0.726846 0.770548 1.74065 1.41624 1.29642 1.36855 1.10717 1.09514 1.18175 1.3675 1.26939 1.03981 1.01832 1.19639 1.10414 1.03313
threshold=-0.27999999999999953 0.42999999999999988 16.175000000000004 0.57121501830213606 0.30178775877906661 1.0000000180025095e-35 -0.88417342385248776 1.8987500000000004 1.4850000000000001 0.75500000000000023 328.62500000000006 1.010137616822623 1.1250000000000004 0.8591385681888436 0.24274182076813658 0.10099573257467988 154.39783863055834 2.9522869397687947 4.9174284128399526 2.0285000000000086 0.95590688185837547 0.53139854714343082 1.9496731018766162 0.0056836324988190842 1.6950000000000005 1.1450984805007576 3.6773173212257135 0.967999999999961 3.9200000000000004 8.729793444227008
decision_type=2 2 8 2 2 2 2 2 2 2 8 10 2 2 2 2 8 10 10 2 2 2 8 2 2 8 10 2 2 8
left_child=-1 14 3 -3 11 -6 -7 9 -9 -8 12 13 -10 -4 15 18 17 -17 19 21 -21 26 25 24 -24 -23 27 28 29 -2
right_child=1 2 4 -5 5 6 7 8 10 -11 -12 -13 -14 -15 -16 16 -18 -19 -20 20 -22 22 23 -25 -26 -27 -28 -29 -30 -31
leaf_value=0.0008528333431604226 -0.0027676958042456611 -0.0065739960848037017 0.0039578600277123234 0.0008895270579566193 -0.0054293927153554961 0.0063869162429728695 -0.00047701088257890979 -0.022520154648596476 0.0013313060730708052 0.0092205721636307563 -0.0032950195978306532 -0.0014174761154537446 -0.001908222175277201 0.016526053699473398 0.0035027075911939639 -0.0027178493099178913 0.00071875261519181201 0.0019412346431545494 -0.0068145842106161368 0.0006934525897507593 0.0034876254471742614 0.0040136772768813687 0.0058798287367772687 -0.00060725865776312549 0.00061389465787885927 0.00051487826251022067 0.00095990312667088094 -0.0021529921265812132 -0.0064246840970879843 -0.00013660182244575579
leaf_weight=824.98928207159042 141.66482621431351 74.241459727287292 9.84835690259934 33.711683243513107 37.120729863643646 22.726977467536926 23.105760425329208 2.6514807045459738 150.75561720132828 19.317930847406387 134.46795001626015 10.605922818183897 140.14969438314438 8.3332250714302045 53.408397048711777 409.08559441566467 357.57111215591431 68.559715360403061 24.242109298706055 1126.500516474247 143.9375239610672 157.57371044158936 61.362839162349701 580.29549133777618 125.37715902924538 148.48291945457458 463.6303403377533 368.17703497409821 26.514807045459747 2588.9815165102482
leaf_count=852 95 49 26 23 77 39 28 4 101 36 217 7 97 16 66 273 596 49 16 745 95 104 90 569 142 104 306 243 55 3235
internal_value=7.4619e-06 -8.53742e-05 -0.00113221 -0.00424328 -0.000531491 -0.000865192 -0.00052165 -0.000855398 -0.00133058 0.00393885 -0.0011985 0.00561563 -0.000229404 0.00971828 1.66329e-05 -1.07798e-05 -0.000864132 -0.0020491 0.000108872 0.000137163 0.00101003 -0.000100697 0.000740181 0.000111314 0.00234428 0.00231624 -0.000352117 -0.000546749 -0.00033226 -0.000273102
internal_weight=8337.39 7512.4 667.037 107.953 559.084 530.296 493.175 470.448 428.025 42.4237 425.373 28.7875 290.905 18.1816 6845.37 6791.96 835.216 477.645 5956.74 5932.5 1270.44 4662.06 1073.09 767.035 186.74 306.057 3588.97 3125.34 2757.16 2730.65
internal_count=8355 7503 720 72 648 599 522 483 419 64 415 49 198 42 6783 6717 918 322 5799 5783 840 4943 1009 801 232 208 3934 3628 3385 3330
is_linear=0
shrinkage=0.03


Tree=176
num_leaves=31
num_cat=0
split_feature=82 85 30 94 23 33 70 14 48 44 13 66 53 74 105 98 77 67 72 66 12 42 70 87 72 67 92 92 97 72
split_gain=1.00275 0.993472 0.856345 0.819614 0.818882 0.815448 0.740227 1.07638 1.01612 0.805557 0.828727 0.75862 1.0784 1.35786 0.920722 0.829253 0.93301 0.815139 1.38135 1.18902 0.927364 1.3984 1.00317 0.970483 1.11512 0.909915 1.24074 0.892124 0.863716 0.855108
threshold=0.90269016363488497 1.2973605015673981 -0.54499999999999993 1.3530720315967908 1.6931530360525444 18.795000000000005 4.061579267320794 84.15000000000002 -2.5520000000000205 14.091315789473684 8.3250000000000011 3.0100000000000002 2.3700000000000006 0.88894533734945158 12.500000000000002 76.939042729969529 1.4650000000000005 -0.088165007112375668 -0.68199999999995942 -0.99999999999999978 295.61000000000007 0.55000000000000027 0.83084198938702281 1.5650000000000002 -1.6445000000000503 -0.045284495021337121 13.434897923875434 13.564480968858133 78.950599920908886 4.9895000000000786
decision_type=8 2 2 10 2 10 10 10 2 10 10 2 2 2 2 8 2 2 2 2 10 2 8 2 2 2 10 10 10 2
left_child=1 -1 5 -3 6 -2 8 9 -4 -8 -11 12 15 14 -14 16 -10 18 -17 -19 22 23 -21 24 -22 -26 29 -25 -28 -27
right_child=2 3 4 -5 -6 -7 7 -9 11 10 -12 -13 13 -15 -16 17 -18 19 -20 20 21 -23 -24 27 25 26 28 -29 -30 -31
leaf_value=0.0069903787324844917 0.0014425405774402037 -0.0011004803066974194 -0.0036598049708771079 0.0042827882586883486 0.0029751826902892691 0.0086387114133560441 -0.0039425794609947822 0.006576367931334144 -0.0019605131763088305 0.0036469311903581207 -0.0015512581721976249 0.004373607797818169 -0.0062549182424222437 -0.01162718934098266 0.0078620999546510223 0.0051719734476257948 -0.00010475117733238376 -0.0029577276897903753 0.00049481884220268677 -0.0024301594180764891 -0.0046809357264230682 -0.002915250473790933 0.00025913494324015184 0.0042973865616354147 0.0015253327692857387 -0.00012748509327943484 -0.006291742787690624 7.4338630423930702e-05 -0.00098513367648991965 -0.0026177922577542219
leaf_weight=33.332900285720825 94.695739448070526 63.635536909103394 75.756591558456421 42.423691272735596 75.756591558456421 16.666450142860413 28.029938876628876 33.711683243513107 461.73642554879189 74.241459727287292 43.938823103904724 32.954117327928543 8.7120080292224902 16.666450142860413 7.9544421136379233 66.66580057144165 516.65995442867279 131.43768635392189 385.2222680747509 128.78620564937592 57.57500958442688 212.11845636367798 4070.0228814780712 72.726327896118164 187.87634706497192 1040.1380020976067 57.57500958442688 118.18028283119202 53.029614090919495 140.90726029872894
leaf_count=25 127 42 50 28 50 11 20 23 307 49 32 39 23 41 18 44 341 137 405 85 38 140 5195 48 124 688 38 78 35 93
internal_value=-5.04702e-05 0.00247268 -9.33104e-05 0.00105283 -0.00012924 0.00251952 -0.000158555 0.001744 -0.000202202 0.000629797 0.00171427 -0.000168477 -0.000187831 -0.00557222 0.00048275 -0.000164524 -0.000980544 -4.57556e-05 0.00118483 -0.00013444 -7.39922e-05 -0.000616428 0.000176649 -0.00033424 -0.000584794 -0.000425395 -0.000709137 0.00168312 -0.00374748 -0.000424597
internal_weight=8349.13 139.392 8209.74 106.059 8098.38 111.362 8022.62 179.922 7842.7 146.21 118.18 7766.94 7733.99 33.3329 16.6665 7700.66 978.396 6722.26 451.888 6270.37 6138.94 1940.13 4198.81 1728.01 1537.1 1479.53 1291.65 190.907 110.605 1181.05
internal_count=8374 95 8279 70 8141 138 8091 124 7967 101 81 7917 7878 82 41 7796 648 7148 449 6699 6562 1282 5280 1142 1016 978 854 126 73 781
is_linear=0
shrinkage=0.03


Tree=177
num_leaves=31
num_cat=0
split_feature=42 67 66 67 30 106 70 106 81 64 34 19 62 94 41 82 58 48 32 7 67 95 84 98 91 80 85 7 31 51
split_gain=0.958664 0.844888 1.46616 1.31196 1.26142 1.16631 1.08502 1.02835 1.30889 1.50958 1.01315 0.918405 0.911752 0.79522 1.15553 0.971499 1.27889 1.2806 1.28226 1.18005 1.08524 1.22356 1.57061 1.00218 0.940971 1.0514 0.940222 0.929401 2.04685 1.96376
threshold=1.9650000000000001 -0.090544096728307252 -0.46000000000000002 -0.019857752489331495 -0.044999999999999922 143.50000000000003 0.68385614053504507 90.500000000000014 15.585000000000003 3.6550000000000007 1.5910411366741781 0.66333868616842395 0.41451072791848498 4.5026716372615079 0.49000000000000016 2.1265559233168587 1.4087553399073374 -1.7884999999999989 9.8106428571428612 5.2750000000000012 0.10366642958748225 15.400000000000002 -3.8270000000000546 76.939042729969529 0.03022455125177138 10.489755172413796 2.0085126915708815 7.2150000000000007 0.1770000000000008 1.905
decision_type=2 2 2 2 2 2 10 2 10 2 10 8 2 10 2 8 8 2 10 2 2 10 2 10 2 10 2 2 2 2
left_child=1 7 -3 4 11 13 -7 8 -1 -10 -6 -4 -9 15 -15 19 17 -17 -19 -5 21 22 -21 -23 -20 -26 -22 29 -29 -18
right_child=-2 2 3 5 10 6 -8 12 9 -11 -12 -13 -14 14 -16 16 27 18 24 20 26 23 -24 -25 25 -27 -28 28 -30 -31
leaf_value=-0.0036813748255690175 -0.0057422588506872213 -0.0010728931694745764 0.0043290625266720999 -0.0027580413353541396 0.00014834221405730984 0.00057141423327107771 -0.0056733516220730269 0.0061756911774969604 0.0037698395643150488 -0.0017003891570371273 0.0044423292287805328 0.00094051202572844293 0.001639129368912176 -0.0037179127913938475 -0.00023338173917918849 -0.0035791047343302004 3.6068376475265914e-05 -0.0023335508774861898 0.0024089208555274906 -0.0029343115377498201 -0.0036200549894080374 -0.002829561256921386 0.0020298630357000629 -0.00015798923816757221 -0.0051349169002708091 0.0010023026678287268 0.0019078589255056232 0.0020107366830412208 -0.0017655800083269868 -0.0032514457118030839
leaf_weight=70.832413107156754 26.136024087667465 1116.6521595716476 154.92222973704338 173.10381171107292 733.32380628585815 41.287342399358749 63.635536909103394 48.105435639619827 93.938173532485962 87.877646207809448 53.029614090919495 134.46795001626015 232.95151904225349 123.86202719807625 277.64790806174278 45.453954935073853 981.80542659759521 69.696064233779907 675.74879670143127 66.66580057144165 134.84673297405243 139.39212846755981 410.97950920462608 1353.0127252340317 30.302636623382568 146.96778762340546 34.848032116889954 446.20632427930832 181.81581974029541 196.20957213640213
leaf_count=136 42 1148 103 115 727 73 42 46 62 58 35 175 192 84 193 30 1641 46 446 44 89 92 278 893 20 97 23 800 315 314
internal_value=-5.67019e-06 1.23513e-05 -6.68015e-05 0.000101652 0.00106112 -8.28741e-05 -0.00321602 0.00116706 -0.00022187 0.0011259 0.000437917 0.00275454 0.0024156 -2.29788e-05 -0.00130833 7.84709e-05 0.000457012 0.00133676 0.00157892 -0.000375581 -0.000182841 1.54483e-05 0.001337 -0.000407517 0.00189859 -4.67947e-05 -0.00248486 -1.45953e-05 0.000917473 -0.000511498
internal_weight=8345.72 8319.59 7785.88 6669.23 1075.74 5593.49 104.923 533.705 252.648 181.816 786.353 289.39 281.057 5488.57 401.51 5087.06 2774.21 968.169 922.715 2312.85 2139.74 1970.05 477.645 1492.4 853.019 177.27 169.695 1806.04 628.022 1178.01
internal_count=8359 8317 7823 6675 1040 5635 115 494 256 120 762 278 238 5520 277 5243 3709 639 609 1534 1419 1307 322 985 563 117 112 3070 1115 1955
is_linear=0
shrinkage=0.03


Tree=178
num_leaves=31
num_cat=0
split_feature=43 17 14 27 29 46 62 105 75 80 54 70 9 56 45 100 47 66 80 56 105 25 46 61 24 21 16 93 15 47
split_gain=0.813766 0.631701 1.34141 1.8778 1.33579 1.85716 1.11855 1.06518 1.45003 1.25323 1.53645 1.1589 1.0428 0.954371 1.06353 0.900608 1.26903 1.07292 0.92442 1.80716 1.00583 0.90323 0.863469 1.00291 0.980008 1.09259 0.954275 0.83542 0.8556 0.827226
threshold=-0.39281818181818157 -0.032282979058982857 82.450000000000017 1.6650000000000003 0.50000000000000022 0.60124235532413106 0.22120930914274492 42.500000000000007 0.48500000000000004 9.0656896551724149 0.024999999999999915 1.4452206009555777 324.10000000000008 9.4792837837837869 10.445000000000002 0.75393893795646805 13.435 0.91500000000000004 11.202127586206897 14.204864864864867 24.500000000000004 1.8887500000000004 2.0256107571419597 1.6820270270270272 53.656704000000012 0.97670974184320236 0.98461011796876752 19.900000000000002 1016.9405000000002 12.965000000000002
decision_type=2 2 10 2 2 8 2 2 2 10 2 10 2 8 8 2 10 2 10 10 2 2 10 2 2 10 2 10 10 10
left_child=-1 4 7 6 15 -6 -4 9 12 -3 11 -11 -9 -10 -15 16 17 21 19 20 -17 -2 23 -5 26 -26 27 28 -25 -12
right_child=1 2 3 22 5 -7 -8 8 13 10 29 -13 -14 14 -16 18 -18 -19 -20 -21 -22 -23 -24 24 25 -27 -28 -29 -30 -31
leaf_value=0.005811951034924114 0.00013718197498149598 0.001631049934601889 0.010265639387760509 -0.0024083192379357522 0.0064299569631916095 -0.0063587320389484961 0.0030272897476152586 -0.0083380383756196906 -0.0012665837252017343 0.0049377564771178181 -0.0048271399306238942 -7.8780567412692408e-05 -0.0018300197586424854 0.0047053740561862432 1.3177402928160766e-05 -0.0019313733550943729 0.0028059679509471365 0.0060736522293095077 -0.0024537573628589495 0.006676496288910874 0.00031855630077389581 -0.0035195039382949892 -0.0034009036084573152 0.0028291932416884421 -0.0017242333703899619 0.0037243667802013812 0.0078136950832519148 0.0053702136332614949 -0.0023579502766634406 -0.00067781977016708318
leaf_weight=21.969411551952362 243.17865890264511 720.82396867871284 31.060202538967133 58.332575500011444 12.121054649353026 65.150668740272522 50.37813338637352 29.545070707798004 550.3716376721859 77.271723389625549 48.484218597412109 89.392778038978577 88.635212123394012 43.938823103904724 4117.3707512021065 308.32932764291763 172.72502875328064 21.969411551952362 240.90596115589142 31.817768454551697 425.75204455852509 81.05955296754837 39.393427610397339 77.271723389625549 104.54409635066986 48.484218597412109 33.332900285720825 54.544745922088623 45.453954935073853 399.9948034286499
leaf_count=25 279 1123 22 40 8 103 34 54 364 51 32 59 90 29 4204 370 114 52 159 21 458 97 26 51 90 32 22 36 30 264
internal_value=4.57639e-05 3.05226e-05 0.000158368 0.00158813 -0.000504513 -0.00435266 0.00578796 3.25022e-05 -0.000174879 0.000782236 -0.000212402 0.00224707 -0.00345702 -9.25544e-05 6.27218e-05 -0.000309621 0.000705613 -0.000342266 -0.000832899 -0.000323074 -0.000626461 -0.00077699 0.000846776 0.00124333 0.00182911 2.05579e-06 0.00315669 0.00228101 0.000908029 -0.00112639
internal_weight=8333.6 8311.63 6708.62 542.796 1603.01 77.2717 81.4383 6165.83 4829.86 1335.97 615.144 166.665 118.18 4711.68 4161.31 1525.74 518.933 346.208 1006.81 765.899 734.081 324.238 461.358 421.964 363.632 153.028 210.603 177.27 122.726 448.479
internal_count=8339 8314 6653 383 1661 111 56 6270 4741 1529 406 110 144 4597 4233 1550 542 428 1008 849 828 376 327 301 261 122 139 117 81 296
is_linear=0
shrinkage=0.03


Tree=179
num_leaves=31
num_cat=0
split_feature=60 31 26 98 50 74 79 2 50 16 51 73 72 58 19 14 24 17 31 14 43 50 63 19 16 46 96 69 60 89
split_gain=0.746932 0.746765 1.46507 1.23867 0.963926 0.955969 2.19027 1.184 1.3503 1.0699 1.23656 0.966049 0.884358 1.10367 1.08881 0.950748 0.870983 0.955133 1.17338 1.06812 0.816806 0.971688 0.91862 0.794555 0.913823 0.820087 0.750791 0.682324 0.678607 0.75932
threshold=4.7930000000000073 -0.20099999999999904 0.17042837087063364 57.630075447850494 0.49034896194208655 0.82144121526434899 0.011325897815623825 1.0000000180025095e-35 0.46578205314075533 -0.8679388639169785 0.74500000000000011 1.0543150684931508 1.9225000000000707 1.3081036662254346 0.96133379174219269 44.565000000000005 22.564483000000006 0.28083421799301933 0.39299999999999963 81.15000000000002 0.10072727272727307 0.098534583518515323 0.72500000000000009 0.8539143095751861 -0.8679388639169785 2.1573264442551747 11.740500000000056 14.265000000000002 0.78400000000004877 2.975000000000001
decision_type=2 2 2 8 2 2 2 2 2 2 2 2 2 10 10 10 2 2 2 8 2 2 2 8 2 10 2 10 2 2
left_child=1 5 4 -4 12 7 -7 -1 -9 -8 -11 -12 14 20 26 -15 17 -5 -19 -20 21 27 -22 25 -25 -18 -3 -14 -17 -30
right_child=-2 2 3 16 -6 6 9 8 -10 10 11 -13 13 15 -16 28 23 18 19 -21 22 -23 -24 24 -26 -27 -28 -29 29 -31
leaf_value=0.00080413039212272699 -0.0025297771298073762 -0.00015902695050317491 -0.005878667050705574 -0.0026067881851001744 0.0022453417461000776 0.038717556159409312 0.018229383327745801 -0.0010242146691801987 -0.010892141766585251 -0.01119195470055619 0.020578223550381278 0.0023069287233540626 0.0013524663150468325 -0.004805443541203565 -0.001989870188697584 -0.0021804671258209059 -0.0002692029283407353 -0.0025997662374996951 0.0017064439404391588 0.010445212761926909 -0.0011959408119712957 0.00032922572323661837 0.0041255655748998685 0.0042601152346968341 -0.0032624341274499684 -0.0051637845688527603 0.0029806154662695436 0.006241499655493493 0.0010603297656407243 -0.0024021094423546823
leaf_weight=985.97203913331032 106.05922818183899 4165.097403883934 49.999350428581238 33.711683243513107 173.10381171107292 1.5151318311691273 3.7878295779228202 212.87602227926254 13.257403522729872 6.0605273246765128 2.6514807045459738 146.58900466561317 59.090141415596008 40.908559441566467 295.82949003577232 107.57436001300812 406.81289666891098 20.075496762990952 25.757241129875183 24.620892256498337 36.363163948059082 564.00782415270805 148.1041364967823 15.530101269483565 226.5122087597847 33.332900285720825 69.696064233779907 45.453954935073853 347.72275525331497 68.180932402610779
leaf_count=872 70 4654 33 47 202 4 4 316 23 16 4 183 39 27 196 71 276 20 17 47 24 373 100 41 391 22 46 30 231 45
internal_value=-2.80473e-05 3.80449e-06 -0.000122363 -0.00130009 3.85542e-05 0.000643278 0.00281821 0.000355099 -0.00160274 0.00247631 0.00209209 0.00263155 -2.56693e-05 0.000628335 -0.000230275 -0.000400831 -0.00100897 0.00154613 0.00353328 0.00597727 0.00130927 0.000821633 0.00307656 -0.00139912 -0.00277977 -0.000639877 -0.000107355 0.00347813 -5.66206e-05 0.000492717
internal_weight=8436.25 8330.19 6957.49 836.353 6121.13 1372.71 160.604 1212.11 226.133 159.089 155.301 149.24 5948.03 1417.41 4530.62 564.387 786.353 104.165 70.4536 50.3781 853.019 668.552 184.467 682.188 242.042 440.146 4234.79 104.544 523.478 415.904
internal_count=8424 8354 6932 894 6038 1422 211 1211 339 207 203 187 5836 940 4896 374 861 131 84 64 566 442 124 730 432 298 4700 69 347 276
is_linear=0
shrinkage=0.03


Tree=180
num_leaves=31
num_cat=0
split_feature=35 8 16 88 7 49 30 13 74 3 40 75 23 66 91 96 75 97 52 23 32 18 46 58 3 57 9 72 45 60
split_gain=0.924418 0.900735 1.37231 1.7157 1.14053 1.26712 1.32672 1.10562 0.928528 0.897148 0.869608 0.762784 1.6973 1.50894 1.04182 0.835411 1.01785 0.95383 0.817404 0.764421 0.873089 0.830911 0.824547 0.755307 0.735822 0.734748 1.31097 1.1712 0.96752 0.867298
threshold=23.655000000000005 4.3450000000000006 -0.91333186482673046 4.3950000000000005 7.3250000000000011 1.3973684210526318 0.35500000000000004 1.5985000000000003 0.27467117463910751 3.4250000000000003 3.6050000000000004 0.92500000000000016 1.6160302436380654 1.4950000000000003 0.046655349551251786 1.6699999999999593 1.3650000000000004 77.946815250372552 3.1050000000000004 1.6140403542438746 12.492142857142859 -0.81865088085700755 1.2603026880461761 1.0517002432030729 3.4850000000000008 17.115000000000006 125.26500000000001 -0.88499999999993395 16.815000000000001 1.9375000000000002
decision_type=10 2 2 2 2 2 2 8 2 2 2 2 2 2 2 2 2 8 2 2 10 10 10 8 2 10 2 2 10 2
left_child=1 10 3 9 -4 -6 8 -8 -7 -3 25 12 14 15 -10 16 17 -13 -18 21 -21 -17 -22 -15 -16 28 27 -27 29 -1
right_child=-2 2 4 -5 5 6 7 -9 11 -11 -12 13 -14 23 24 19 18 -19 -20 20 22 -23 -24 -25 -26 26 -28 -29 -30 -31
leaf_value=-2.8002971903642236e-05 0.0035151047451633366 0.012123570364469091 -0.0020041042835597365 -0.002696995255475395 0.015534942679433906 0.0032446655244582397 0.0015703902122602262 -0.0037307411399815651 0.0047334778129477315 0.0022255967543724823 0.0056397574361386716 0.0016060834788738437 -0.0027093926592696147 -0.0012140027195865861 0.0033679377192097366 -0.0047509573680597807 -0.0030842551861760695 -0.0058598636541937641 0.0019230808811994131 -0.0031013306880615216 -0.00040948508363824711 -0.0010907879644464489 0.0049331115840180349 -0.0079581485995640546 -0.0022264303207190457 0.0015436746168183333 0.0021840734181489295 -0.0055056574088406607 -0.0033961433783911547 0.001052483777193837
leaf_weight=5141.5998690724373 68.180932402610779 20.833062678575516 454.53954935073853 20.833062678575516 4.5453954935073844 76.514157474040985 45.453954935073853 160.22519114613533 104.92287930846214 13.636186480522154 26.136024087667465 26.514807045459747 70.832413107156754 25.757241129875183 38.257078737020493 75.756591558456421 32.575334370136261 36.741946905851364 295.45070707798004 40.908559441566467 56.059877753257751 212.11845636367798 48.484218597412109 35.605598032474518 47.347869724035263 42.423691272735596 342.7985768020153 42.423691272735596 71.589979022741318 768.55062136054039
leaf_count=5513 45 43 471 34 9 82 30 171 118 27 27 19 91 17 68 50 41 61 315 27 37 140 32 46 59 28 227 28 48 508
internal_value=3.60258e-05 7.71756e-06 -0.000558216 0.00409988 -0.000694615 -0.000279563 -0.000329847 -0.00255922 4.482e-05 0.00820789 0.000178664 -0.000168573 0.00125562 -0.000588706 0.00272968 -0.000250972 0.000753898 -0.00273042 0.00142582 -0.00115834 0.000614299 -0.00205399 0.00206824 -0.00512727 0.000273708 0.000156394 0.0013577 -0.00198099 7.05108e-05 0.000112503
internal_weight=8447.62 8379.44 1943.91 55.3023 1888.61 1434.07 1429.53 205.679 1223.85 34.4692 6435.52 1147.33 261.36 885.973 190.528 824.61 391.283 63.2568 328.026 433.328 145.453 287.875 104.544 61.3628 85.6049 6409.39 427.646 84.8474 5981.74 5910.15
internal_count=8412 8367 1988 104 1884 1413 1404 201 1203 70 6379 1121 336 785 245 722 436 80 356 286 96 190 69 63 127 6352 283 56 6069 6021
is_linear=0
shrinkage=0.03


Tree=181
num_leaves=31
num_cat=0
split_feature=67 66 98 96 95 105 21 96 66 99 77 78 7 75 98 89 58 67 13 98 87 105 31 95 83 58 23 86 7 72
split_gain=0.788503 1.61474 1.12839 1.37722 1.21577 1.08252 1.63421 1.34472 1.03771 0.974968 0.930756 0.924469 0.912132 1.63785 1.597 0.909999 0.936974 1.15548 1.08077 1.39326 0.901879 0.893131 0.880209 0.869085 0.858436 0.841473 1.18835 0.92627 1.17877 0.972421
threshold=0.023090327169274474 0.37500000000000006 170.5344729799634 5.3504999999998981 21.710000000000004 98.500000000000014 -0.34546194431587007 5.1385000000000227 -0.024999999999999908 0.98673397968663024 3.6550000000000002 0.95500000000000029 9.6650000000000009 0.82500000000000007 27.489621497709106 3.1050000000000009 1.1363358446582887 -0.02787339971550502 9.3050000000000015 75.159629477274393 0.44500000000000006 90.500000000000014 0.069000000000000575 24.565000000000001 10.865000000000002 0.85251180200884724 1.5612681704635059 0.34845437091472781 5.0050000000000008 3.2805000000000182
decision_type=2 2 8 2 10 2 10 2 2 2 2 2 2 2 10 2 10 2 10 10 2 2 2 10 8 8 2 2 2 2
left_child=8 -2 4 25 5 6 -3 -7 9 15 -6 21 14 -14 -8 16 23 18 19 -18 -13 -11 -20 -1 -10 -4 -27 28 -28 -30
right_child=1 2 3 -5 10 7 12 -9 24 11 -12 20 13 -15 -16 -17 17 -19 22 -21 -22 -23 -24 -25 -26 26 27 -29 29 -31
leaf_value=0.00027044662979575903 -0.0015553939717054899 -0.0050454752600826167 0.0073379302628505281 0.0071496566224154776 -0.0025856528073695643 0.0033149649529668626 -0.011947153117916031 -0.0015740691033261946 0.014035463802199978 -0.00038155697001667442 0.0017714784668952416 -0.0015013336047185947 0.0061999216143363749 -0.00096578266173989334 -0.00026089595296836956 -0.00085355334329610124 -0.0014715699462934132 -0.00040910269271892221 0.0017305262860508343 0.0036195695128112357 0.0019093028716083902 -0.0030567678497914622 -0.0023107301822137393 -0.0027510373558051917 0.00097548945833584027 -0.026009010769366462 0.0096937630811161114 0.00010461500617013684 0.0010751602581322156 0.0098773365077683469
leaf_weight=974.22976744174957 719.30883684754372 63.635536909103394 16.666450142860413 30.302636623382568 307.57176172733307 166.66450142860413 10.605922818183897 72.726327896118164 4.5453954935073844 214.01237115263939 51.514482259750366 124.99837607145309 54.544745922088623 60.605273246765137 1369.3003924190998 485.59975188970566 56.059877753257751 245.4513566493988 134.84673297405243 353.02571666240692 157.95249339938164 236.36056566238403 75.756591558456421 93.938173532485962 1308.6951191723347 1.5151318311691273 18.181581974029541 757.18713262677193 165.90693551301956 12.121054649353026
leaf_count=1189 663 42 11 20 203 110 7 48 3 190 34 156 36 40 918 538 37 162 89 233 144 222 50 62 1289 4 27 1513 333 8
internal_value=4.03693e-05 -0.000272563 1.95354e-05 0.000851503 -0.000366866 -4.85933e-05 -0.000337068 0.00182969 0.000312157 1.69769e-05 -0.00196058 -0.000941252 -0.00013666 0.0024285 -0.000350716 0.000307477 0.000599099 0.00133295 0.00202296 0.00292189 0.000402596 -0.00178554 0.000276837 4.72747e-06 0.00102069 0.00065507 0.000538431 0.00058062 0.00241756 0.00167446
internal_weight=8343.83 3878.36 3159.05 1001.88 2157.17 1798.08 1558.69 239.391 4465.47 3152.23 359.086 733.324 1495.06 115.15 1379.91 2418.91 1933.31 865.14 619.689 409.086 282.951 450.373 210.603 1068.17 1313.24 971.578 954.912 953.397 196.21 178.028
internal_count=8381 4017 3354 1916 1438 1201 1043 158 4364 3072 237 712 1001 76 925 2360 1822 571 409 270 300 412 139 1251 1292 1896 1885 1881 368 341
is_linear=0
shrinkage=0.03


Tree=182
num_leaves=31
num_cat=0
split_feature=100 14 91 20 44 65 98 11 68 34 16 39 29 98 89 92 71 2 9 86 41 98 67 35 42 39 106 16 106 36
split_gain=0.98534 1.3578 1.16245 1.05862 1.1859 1.07035 0.995391 0.940643 1.01718 0.908618 1.12619 1.12099 0.955649 0.894307 0.880021 0.874769 0.939127 0.868005 1.3786 1.28796 1.1446 1.04508 1.22613 1.02322 0.989541 1.21424 1.02791 1.07444 0.930173 0.916265
threshold=0.75393893795646805 71.335000000000022 -0.020911903637222468 -0.83647748259655674 9.6494736842105286 3.3100000000000009 131.89961276350229 21.790000000000003 10.188986301369864 0.8110501715540579 0.78908407281625292 1.0550000000000004 0.33000000000000024 41.406448875233721 1.9950000000000003 8.7306816608996574 11.155000000000003 1.0000000180025095e-35 342.42500000000007 0.87891290348799389 1.1550000000000005 105.82490560144679 -0.04330725462304414 9.7950000000000017 1.0150000000000003 1.4450000000000001 38.500000000000007 -0.74565044637343025 75.500000000000014 0.24549999999999275
decision_type=2 10 2 10 8 2 10 10 10 8 2 2 2 8 2 10 10 2 2 2 2 8 2 10 2 2 2 2 2 2
left_child=1 17 14 4 -2 9 -4 8 13 -6 11 -11 -12 -5 -3 16 -15 20 24 -20 21 22 23 -1 25 26 27 -19 -25 -23
right_child=3 2 6 7 5 -7 -8 -9 -10 10 12 -13 -14 15 -16 -17 -18 18 19 -21 -22 29 -24 28 -26 -27 -28 -29 -30 -31
leaf_value=-0.0028199867182190411 -0.002490676490986176 0.0076330820149126165 0.00039118754911382584 -0.003685188383657249 0.0021217883070756595 -0.0084526919333440826 0.003016039893113661 0.0035580482244027996 -0.0011449885105202316 0.0045912219932529794 -0.00083807394591832918 0.00025732485909797209 -0.0068959114201391121 0.0057678612392754259 0.0021119778148444898 -0.0018317043838871028 0.00073070053464782377 0.003653112553289508 0.0010511074074015297 0.012170255141696838 0.0052370675253488319 0.0013059341634697825 -0.0015811629248486721 0.0030750074173359278 -0.0094545208531493907 -0.0017322196901839 0.0040626130407075524 -0.0036122548107857654 8.9398927646463266e-05 -0.00047581401539161525
leaf_weight=69.696064233779907 134.84673297405243 42.423691272735596 611.35569387674332 48.484218597412109 261.36024087667465 12.121054649353026 165.149369597435 45.453954935073853 1903.0055799484253 56.059877753257751 74.999025642871857 1283.6954439580441 34.090466201305389 35.9843809902668 67.044583529233932 112.49853846430779 448.47902202606201 28.78750479221344 34.469249159097672 12.87862056493759 41.666125357151031 895.4429122209549 488.25123259425163 142.42239212989807 12.87862056493759 526.88709428906441 67.802149444818497 50.37813338637352 275.75399327278137 365.90433722734451
leaf_count=46 89 28 414 32 174 29 109 30 1256 124 162 2126 75 29 45 78 302 37 70 34 38 1218 323 94 31 770 80 94 182 243
internal_value=-2.31469e-05 0.000325037 0.00135746 -0.00032816 0.000218615 0.000430735 0.000949449 -0.000719638 -0.000795934 0.000493696 0.000200001 0.00043867 -0.00273115 0.000233202 0.00425164 0.000551447 0.00110484 2.14759e-05 -0.000875706 0.00407552 0.000310447 0.000218703 -0.00051832 0.000545348 -0.00121707 -0.00105964 0.00135158 -0.000970303 0.00110624 0.000789067
internal_weight=8350.27 3899.19 885.973 4451.08 1857.17 1722.33 776.505 2593.91 2548.45 1710.21 1448.84 1339.76 109.089 645.446 109.468 596.962 484.463 3013.22 734.081 47.3479 2279.14 2237.47 976.124 487.872 686.734 673.855 146.968 79.1656 418.176 1261.35
internal_count=8362 3856 596 4506 2779 2690 523 1727 1697 2661 2487 2250 237 441 73 409 331 3260 1116 104 2144 2106 645 322 1012 981 211 131 276 1461
is_linear=0
shrinkage=0.03


Tree=183
num_leaves=31
num_cat=0
split_feature=35 17 11 90 13 85 13 36 47 3 7 55 14 50 48 56 104 26 90 49 106 42 74 66 9 55 91 7 86 55
split_gain=0.933751 1.13728 1.17523 0.984684 1.30185 1.05182 0.889641 0.846053 0.715757 0.70791 0.965597 1.16904 1.34454 1.03992 1.85498 1.8144 1.24229 1.25813 1.21214 1.71942 1.1662 0.949848 0.935571 0.83756 0.805871 0.764109 0.7968 1.20212 1.00055 1.16798
threshold=18.825000000000003 0.97563037336673342 16.565000000000001 1.4750000000000003 2.2060000000000004 1.8526551724137932 8.7650000000000023 -0.46600000000006497 20.875000000000004 1.8450000000000004 5.8350000000000009 0.21771052631578947 85.850000000000009 0.42604360506537303 -1.8785000000000307 6.1770675675675681 0.50346020761245691 0.17568911937472589 0.73500000000000021 2.0576315789473685 12.500000000000002 0.70500000000000029 0.39415526303991438 1.3650000000000004 332.78000000000003 0.18376315789473688 0.048118682097307498 8.6450000000000014 0.82730667892611376 -0.011052631578947482
decision_type=10 2 10 2 10 2 8 2 10 2 2 2 8 2 2 8 2 2 2 2 2 2 2 2 2 2 2 2 2 2
left_child=9 2 6 5 -5 -4 -2 -7 -6 -1 11 12 -11 25 -15 -16 18 -18 22 20 -20 -21 -17 -14 -13 26 27 -12 29 -28
right_child=1 -3 3 4 8 7 -8 -9 -10 10 13 24 23 14 15 16 17 -19 19 21 -22 -23 -24 -25 -26 -27 28 -29 -30 -31
leaf_value=0.0003266173989671735 0.0045719882279719919 -0.002083794063590232 0.0046716948962997901 0.0011409425091773572 -0.00017916289230065081 -0.003755463443540598 -0.0012064049355569762 0.0016010636656020461 -0.0039952031534722003 -0.0024559724680163941 -0.00020010907451435719 -0.0094939577225536236 0.00069459206483978735 -0.0093735796486836796 0.016431585663462353 0.004281434416125174 0.0021628518374375389 -0.01047389850940589 0.0051253970766290992 0.0025202841342531535 0.015506064525206321 -0.0028574701891219438 -0.0053891012725731944 0.0092798259245370929 -0.0014852947343527748 -0.0027740710551466719 -0.00085480812941590386 0.0017700551746365227 -0.00058650083378061671 -0.0065783047785965207
leaf_weight=2823.8269503414631 134.84673297405243 103.02896451950073 93.938173532485962 269.69346594810486 84.847382545471191 30.302636623382568 29.166287750005722 213.63358819484711 92.423041701316833 223.10316213965416 2632.5415566563606 27.272372961044312 102.27139860391617 13.636186480522154 7.5756591558456412 12.87862056493759 13.636186480522158 14.772535353899 68.180932402610779 121.96811240911484 11.363488733768461 39.014644652605057 29.923853665590286 11.363488733768461 19.317930847406387 107.9531429708004 69.696064233779907 311.73837426304817 617.41622120141983 59.46892437338829
leaf_count=2817 89 68 62 178 56 20 20 141 61 148 2660 36 165 9 5 16 15 33 114 166 30 58 40 24 21 111 61 310 766 52
internal_value=7.38593e-05 0.000909786 0.00123484 0.000752187 -0.000171704 0.00197438 0.00354442 0.000935657 -0.00216872 -4.59533e-05 -0.000278966 -0.00171932 -0.00110307 -0.000145336 0.0014623 0.00192504 0.00157251 -0.00440826 0.00217219 0.00299995 0.00660835 0.00121697 -0.00247938 0.00155312 -0.00617329 -0.000286239 -0.000213473 8.49059e-06 -0.00108883 -0.00348997
internal_weight=8390.8 1051.88 948.851 784.838 446.964 337.874 164.013 243.936 177.27 7338.92 4515.09 383.328 336.738 4131.76 332.95 319.314 311.738 28.4087 283.33 240.527 79.5444 160.983 42.8025 113.635 46.5903 3798.81 3690.86 2944.28 746.581 129.165
internal_count=8352 695 627 518 295 223 109 161 117 7657 4840 394 337 4446 486 477 472 48 424 368 144 224 56 189 57 3960 3849 2970 879 113
is_linear=0
shrinkage=0.03


Tree=184
num_leaves=31
num_cat=0
split_feature=52 21 7 51 14 49 86 15 53 27 86 90 55 31 73 98 83 64 75 9 49 57 14 54 41 60 18 39 8 16
split_gain=0.693085 0.965086 0.795035 1.56336 2.31936 1.43957 2.12549 1.35964 1.0184 2.92759 1.64052 0.87581 0.840522 0.879771 0.88302 1.13412 0.934786 1.12192 1.13053 0.777252 0.717824 0.70426 0.871663 0.68716 0.671757 0.707475 0.948952 0.669639 0.66547 0.649399
threshold=1.5950000000000004 0.98539303739836226 8.1450000000000014 0.91500000000000015 59.835000000000008 2.0855263157894739 0.81713247329142502 1001.0295000000002 1.8650000000000002 1.5050000000000001 0.40537208532476865 2.6850000000000009 -0.25571052631578955 0.1770000000000008 2.5284246575342473 74.451127361426188 23.765000000000004 3.3050000000000002 1.425 329.68000000000006 1.4486549707602341 11.885000000000003 79.835000000000022 -0.24999999999999986 0.76500000000000001 -0.77649999999999852 -0.86326340641356758 1.7950000000000002 4.3050000000000006 -0.85227513186527171
decision_type=2 10 2 2 10 2 2 8 2 2 2 2 2 2 2 8 10 2 2 2 2 8 10 2 2 2 10 2 2 2
left_child=1 -1 8 4 5 6 28 -5 11 -10 -11 -2 -9 14 19 -16 17 -17 -19 23 -12 -15 -23 -14 25 -20 -27 -22 -4 -13
right_child=2 -3 3 7 -6 -7 -8 12 9 10 20 29 13 21 15 16 -18 18 24 -21 27 22 -24 -25 -26 26 -28 -29 -30 -31
leaf_value=0.0028643850559819323 -0.00020755621247209611 -0.0017145320532477026 -0.016064765134029099 0.0063494660765045004 0.0064066201469985236 -0.02004702967004357 0.0079196833958740803 0.0091592438458674326 0.028728686132098991 0.015181421106013313 -0.0070050903399787338 0.0024438448056739448 0.003796821062738705 -0.0054532398320192863 -0.0026402942760811671 -0.0040420003411784644 -0.00067063049440957672 -0.0034144786068199999 -0.0018490618951785965 0.0037102387110478276 0.0062330326848807332 -0.0013782748886815772 0.0023170469018643429 0.00031519912763864521 0.006484543411551638 0.0010423685937939742 0.0055465006759998822 -0.0001504437016056351 -0.0046440034527774196 -0.0051625995045796666
leaf_weight=158.7100593149662 6506.733648955822 56.059877753257751 10.227139860391622 37.87829577922821 12.121054649353026 7.9544421136379233 7.5756591558456412 10.227139860391615 3.7878295779228202 7.5756591558456412 9.8483569025993329 12.499837607145308 65.150668740272522 27.272372961044312 104.54409635066986 26.136024087667465 225.75464284420013 26.514807045459747 30.302636623382568 150.75561720132828 20.454279720783234 220.83046439290047 77.650506347417831 235.22421678900719 43.560040146112442 90.907909870147705 78.408072263002396 53.408397048711777 8.3332250714302045 52.650831133127213
leaf_count=176 6447 37 24 25 8 18 20 9 10 14 17 18 73 18 69 39 149 52 20 161 27 244 55 234 55 156 54 57 19 64
internal_value=-1.30631e-05 0.00166918 -5.73163e-05 0.000567368 -0.00486474 -0.00887234 -0.00547135 0.000740356 -0.000197614 0.00288508 0.00181273 -0.000242211 0.000590018 0.000527553 0.000940658 0.000211593 0.000783213 0.00189268 0.00246781 0.00195253 0.000602891 -0.000838573 -0.000416928 0.00107036 0.00310918 0.00237262 0.00312817 0.00161729 -0.0109371 -0.00370322
internal_weight=8379.06 214.77 8164.29 1497.33 46.2115 34.0905 26.136 1451.12 6666.96 95.0745 91.2867 6571.88 1413.24 1403.01 1077.26 626.128 521.584 295.829 269.693 451.131 83.711 325.753 298.481 300.375 243.179 199.619 169.316 73.8627 18.5604 65.1507
internal_count=8369 213 8156 1502 89 81 63 1413 6654 125 115 6529 1388 1379 1062 594 525 376 337 468 101 317 299 307 285 230 210 84 43 82
is_linear=0
shrinkage=0.03


Tree=185
num_leaves=31
num_cat=0
split_feature=65 72 50 54 57 83 49 64 13 49 89 48 32 91 59 2 48 15 92 79 16 38 65 21 57 48 65 48 43 55
split_gain=0.889152 0.676482 0.969098 0.84483 1.02421 1.33452 0.948619 1.28189 0.850096 0.845305 1.15411 0.982269 1.0225 1.07541 1.23247 1.0428 0.882609 0.864157 0.81547 0.76956 1.21579 0.765973 0.73108 0.689512 1.6682 0.827305 0.763965 0.698022 1.36547 1.71106
threshold=0.3000000000000001 1.8355000000000248 0.067486182018865679 0.79000000000000026 18.265000000000004 18.865000000000006 1.4381578947368425 1.8150000000000002 5.0235000000000012 1.7989473684210529 1.4850000000000005 1.8490000000000466 12.876428571428573 0.017371918493549608 19.710000000000004 1.0000000180025095e-35 1.3059999999999834 1019.1885000000001 10.487567029507884 -0.031862736023694986 -0.12966094179518275 0.12825538756619029 1.8150000000000006 -0.65203211999079569 10.135000000000003 -2.5520000000000205 1.2250000000000003 1.0454999999999475 0.62729569632495241 0.24805263157894755
decision_type=2 2 2 2 8 10 2 2 10 2 2 2 10 2 10 2 2 10 10 2 2 2 2 8 8 2 2 2 2 2
left_child=-1 23 -3 6 5 8 -4 -8 -5 -9 -11 12 15 14 21 16 19 -13 -19 20 -12 -14 -6 24 -2 -25 -26 28 -27 -30
right_child=1 2 3 4 22 -7 7 9 -10 10 11 17 13 -15 -16 -17 -18 18 -20 -21 -22 -23 -24 25 26 27 -28 -29 29 -31
leaf_value=0.0046622196873219637 -0.0053366262519511159 0.008849216858688386 0.0048368163084084185 0.0039483150778191894 0.005088908730002722 -0.0039424976013429517 -0.0051798123127442565 0.0024161928972193237 -0.0010893091752973865 -0.0032580681030534068 -0.00079706938772424699 0.00078816310020219738 0.0057883422073676978 0.00095028448029873939 0.0070315699259620558 -0.0036948790391326831 0.0027790605604354761 -0.0072826550386202804 -0.0015243560412729962 -0.00052384655561044991 0.0058765558710552933 0.00029190139700898228 0.00010593138368639663 -0.0032479656674764433 0.0017796497746043005 -6.8728279078553015e-05 0.0076084061680411329 -0.0011993724678783105 -0.016851386767132354 -0.00023989164776774119
leaf_weight=36.363163948059082 21.211845636367798 12.121054649353026 46.969086766242981 37.87829577922821 34.848032116889954 139.7709114253521 34.848032116889954 210.60332453250885 147.72535353899002 74.241459727287292 51.514482259750366 85.604948461055756 31.817768454551697 406.81289666891098 65.150668740272522 59.090141415596008 121.58932945132256 31.817768454551697 72.726327896118164 483.32705414295197 46.969086766242981 80.680770009756088 110.60462367534637 81.817118883132935 51.514482259750366 5207.1293207705021 33.332900285720825 578.02279359102249 9.8483569025993365 12.87862056493759
leaf_count=24 14 8 31 25 23 93 23 139 102 49 34 58 21 270 43 39 81 21 48 319 31 54 73 54 37 6217 31 383 17 28
internal_value=-1.8779e-05 -3.90851e-05 0.00038807 0.00034488 -0.000792976 -0.0017285 0.000626288 0.000519779 -6.12226e-05 0.000628794 0.00039518 0.000571631 0.000856573 0.00180067 0.00374803 0.000132906 0.000454465 -0.0014468 -0.00327688 -3.1339e-05 0.00238574 0.00184645 0.00129977 -0.000209121 0.00218829 -0.000252293 0.00406952 -0.000210092 -0.000100753 -0.00743821
internal_weight=8418.83 8382.47 2386.71 2374.59 470.827 325.375 1903.76 1856.79 185.604 1821.95 1611.34 1537.1 1346.95 584.462 177.649 762.49 703.4 190.149 104.544 581.811 98.4836 112.499 145.453 5995.76 106.059 5889.7 84.8474 5807.88 5229.86 22.727
internal_count=8390 8366 1585 1577 316 220 1261 1230 127 1207 1068 1019 892 388 118 504 465 127 69 384 65 75 96 6781 82 6699 68 6645 6262 45
is_linear=0
shrinkage=0.03


Tree=186
num_leaves=31
num_cat=0
split_feature=23 60 71 68 36 67 31 19 54 57 71 41 91 67 62 92 63 7 75 23 31 41 23 92 17 52 90 56 12 81
split_gain=0.675497 0.966642 0.910665 0.804724 0.73409 0.678387 0.766001 0.630802 0.933294 1.1634 1.05206 0.874205 1.05374 0.800593 0.653583 0.635766 0.62627 0.885086 1.58168 1.07118 1.42606 1.1165 1.90205 1.52598 0.984509 1.12378 1.01369 0.979749 1.40263 1.20373
threshold=1.6564334085461805 2.7440000000000286 15.865 12.263424657534248 0.052000000000077769 -0.0020341394025604649 0.072000000000000369 0.93876389767723534 0.79000000000000026 14.540000000000001 14.255000000000001 0.51000000000000056 0.032500531412376014 0.033051209103840601 0.35030520675969939 16.322387543252599 3.5050000000000003 8.8150000000000031 0.18500000000000003 1.606646907243743 0.1560000000000005 1.1550000000000005 1.6399121475844385 9.2849723183391024 1.0000000180025095e-35 1.6450000000000002 0.65500000000000003 9.6010135135135162 88.500000000000014 14.580000000000002
decision_type=2 2 10 10 2 2 2 10 2 10 8 2 2 2 2 10 2 2 2 2 2 2 2 8 2 2 2 8 10 8
left_child=7 2 5 -4 -5 -2 -7 15 9 10 -9 13 -13 -11 -12 16 17 19 -19 20 -1 24 23 -23 26 -26 -21 28 -27 -29
right_child=1 -3 3 4 -6 6 -8 8 -10 11 14 12 -14 -15 -16 -17 -18 18 -20 21 -22 22 -24 -25 25 27 -28 29 -30 -31
leaf_value=-0.00011962385701900446 0.004728591578566723 0.0063522351538978002 -0.0031178133575889403 0.0043191376425222453 -0.0020031830528907529 -0.0016915814549074205 0.0034642591790610658 0.00044488368480674422 -0.0038477351391659051 0.0023979367287033431 -0.0030172384506107612 0.006874598839754339 0.00083417474116511509 -0.0024709066670278398 0.00038009766204288539 -0.00266221483194511 -0.0042586337596833687 -0.019079121225193871 0.0014180645488010347 0.00032218045450902014 -0.0038706730351105913 -0.0002951823882932965 -0.0094606843165438124 0.0063080646844395549 0.0028230868141465052 0.0031674643511528568 -0.0014833699353062179 0.0016104366614564487 -0.0016442793480908303 0.00013602379160297599
leaf_weight=254.92093059420586 65.529451698064804 31.817768454551697 72.726327896118164 36.363163948059082 30.302636623382568 53.029614090919495 50.756916344165802 203.40644833445549 80.301987051963806 53.029614090919495 249.99675214290619 43.938823103904724 63.635536909103394 71.211196064949036 64.014319866895676 74.241459727287292 29.166287750005722 3.4090466201305381 554.91703316569328 490.14514738321304 142.04360917210579 51.514482259750366 10.605922818183897 81.05955296754837 150.376834243536 62.120405077934265 652.26425331830978 578.02279359102249 445.82754132151604 3615.4833321273327
leaf_count=295 44 21 48 24 20 35 35 135 53 35 165 29 42 47 43 49 26 9 541 556 165 34 22 142 172 41 732 383 295 4124
internal_value=6.48275e-05 0.00137351 0.000860366 -0.000935428 0.00144536 0.00233878 0.000829888 9.30047e-06 -0.000774056 -0.000444622 -0.0012359 0.00132153 0.00330139 -0.000392742 -0.00232466 9.96021e-05 0.000128392 0.000146433 0.00129291 4.84724e-05 -0.00146184 0.000146159 0.00276424 0.00374223 8.36224e-05 0.000270184 -0.000708707 0.000188529 -0.00105582 0.000339253
internal_weight=8366.18 340.526 308.708 139.392 66.6658 169.316 103.787 8025.65 829.535 749.233 517.418 231.815 107.574 124.241 314.011 7196.12 7121.88 7092.71 558.326 6534.38 396.965 6137.42 143.18 132.574 5994.24 4851.83 1142.41 4701.45 507.948 4193.51
internal_count=8362 227 206 92 44 114 70 8135 549 496 343 153 71 82 208 7586 7537 7511 550 6961 460 6501 198 176 6303 5015 1288 4843 336 4507
is_linear=0
shrinkage=0.03


Tree=187
num_leaves=31
num_cat=0
split_feature=50 87 100 89 12 81 94 50 78 74 69 81 96 94 36 36 15 10 12 14 32 105 86 79 36 47 47 7 84 72
split_gain=0.864083 0.723272 0.795609 1.36626 0.899105 0.796683 0.667031 0.838695 1.13696 0.681876 0.766072 0.849721 0.88231 1.07179 0.899888 0.808781 0.878699 0.756154 0.657519 0.635014 0.630672 1.62351 1.1159 1.15332 1.0062 0.962392 1.68029 0.901908 0.931968 1.02549
threshold=1.1137365905158669 0.10500000000000002 0.62340732725523573 1.7750000000000006 133.85000000000005 20.735000000000003 3.5001854536178603 0.49963817156674534 1.4150000000000005 0.19007798989140998 11.895000000000001 17.805000000000003 4.7355000000000027 3.0643462404966448 0.21150000000000094 0.084500000000048217 1023.6140000000001 9.8250000000000011 216.25000000000003 64.440000000000012 11.040714285714289 112.50000000000001 0.33925494421499897 0.0063518141429099806 -0.7345000000000822 20.115000000000006 17.755000000000003 5.2750000000000012 3.2189999999999945 1.8975000000000366
decision_type=2 2 2 2 8 10 10 2 2 2 8 8 2 8 2 2 10 10 8 10 8 2 2 2 2 10 10 2 2 2
left_child=1 -1 3 4 -3 6 7 9 -9 -5 -11 12 13 -12 15 16 -14 -13 -6 -7 21 24 23 -22 -4 26 -25 -26 -29 -30
right_child=-2 2 20 5 18 19 -8 8 -10 10 11 17 14 -15 -16 -17 -18 -19 -20 -21 22 -23 -24 25 27 -27 -28 28 29 -31
leaf_value=0.0021391663129950492 -0.0061862209080880363 0.0083391855641535249 0.0031609067891259926 0.0040154850698089087 -0.0052266306276290003 0.0041469374497433127 0.0011964684770920753 0.0099809264275565208 -0.0033187350106378146 -0.0031114174449588558 0.0026521534235690717 -0.00035799983108487942 0.0022060166748986603 -0.0012921235370447416 -0.0032740772583444034 0.0042577528986500815 -0.0029429596543819026 -0.0026442176989536423 0.0024493351073419625 9.0586332570172007e-05 0.0029450141206952994 -0.0027821291369681282 -0.00022051691812368174 -6.37174093850556e-05 -0.0028831781139135979 -0.0053950947652276308 0.0065933336058254677 0.00024933832814519238 -0.0040208445076892847 -0.00038845191084465312
leaf_weight=138.25577959418297 20.454279720783234 22.726977467536926 71.9687619805336 30.68141958117485 10.605922818183897 78.786855220794678 338.25318130850792 15.90888422727585 9.0907909870147687 94.316956490278244 230.30003833770752 409.46437737345695 53.029614090919495 84.847382545471191 86.36251437664032 39.393427610397339 68.180932402610779 190.90661072731018 189.39147889614105 62.120405077934265 212.11845636367798 283.32965242862701 3852.9802466630936 344.31370863318443 127.27107381820679 25.757241129875183 37.87829577922821 917.41232377290726 107.57436001300812 199.99740171432495
leaf_count=143 33 15 49 27 7 52 224 30 15 63 152 850 35 56 57 26 45 126 179 41 236 187 4316 477 84 17 25 610 71 132
internal_value=-2.77283e-05 -1.2612e-05 -4.89143e-05 0.000468863 0.00268482 0.000193392 8.56432e-06 -0.000297582 0.00514469 -0.000403258 -0.000511129 -0.000300158 0.000538073 0.00159023 -0.000804561 0.000523387 -0.000690283 -0.00108497 0.00204228 0.00235865 -0.000217667 -0.000708148 -3.04295e-05 0.00115074 -0.000295559 0.000217779 0.00059605 -0.000479516 -0.000229785 -0.00165889
internal_weight=8353.68 8333.23 8194.97 2014.37 222.724 1791.64 1650.74 1312.48 24.9997 1287.48 1256.8 1162.48 562.114 315.147 246.966 160.604 121.211 600.371 199.997 140.907 6180.6 1707.55 4473.05 620.068 1424.22 407.949 382.192 1352.26 1224.98 307.572
internal_count=8380 8347 8204 2000 201 1799 1706 1482 45 1437 1410 1347 371 208 163 106 80 976 186 93 6204 1133 5071 755 946 519 502 897 813 203
is_linear=0
shrinkage=0.03


Tree=188
num_leaves=31
num_cat=0
split_feature=31 2 34 21 38 44 39 7 37 45 105 23 74 73 64 13 91 16 13 23 74 3 57 84 105 45 71 84 89 91
split_gain=0.736469 1.24322 0.971158 0.774145 0.753291 0.798921 1.20303 1.15911 1.36181 1.13598 1.09388 0.848317 0.844983 0.830463 0.803612 0.800073 0.744038 1.20462 0.973887 1.05905 1.12396 1.059 0.970506 0.921245 0.896041 0.853834 0.794896 1.31043 0.793172 0.782044
threshold=-0.16199999999999895 1.0000000180025095e-35 0.80748875780789298 0.62032672018408885 0.045215105842747412 9.5765789473684233 2.1650000000000005 6.0450000000000008 1.803166666666667 10.645000000000001 7.5000000000000009 1.6227269488287097 0.27293945659106728 1.1273287671232879 2.9350000000000005 7.2890000000000006 0.017625232153065256 -0.92980860373494434 9.0250000000000004 1.6459026876273464 0.8114596357662478 3.3150000000000004 17.345000000000002 -3.1270000000000659 14.500000000000002 17.815000000000001 15.095000000000001 -1.369000000000028 1.4750000000000005 -0.020155940009447329
decision_type=2 2 10 8 2 8 2 2 2 10 2 2 2 2 2 10 2 2 10 2 2 2 10 2 2 10 8 2 2 2
left_child=1 2 -1 4 -2 9 7 10 -9 14 -7 12 -8 15 -6 -12 18 -18 19 20 21 22 -5 24 -20 -24 27 -19 -26 -30
right_child=3 -3 -4 16 5 6 11 8 -10 -11 13 -13 -14 -15 -16 -17 17 26 23 -21 -22 -23 25 -25 28 -27 -28 -29 29 -31
leaf_value=0.0017232156738003354 0.0048355051441945863 -0.0010457287353424455 0.00014772630407755875 -5.6518445419913792e-05 -0.00033230350200005892 0.0054491084952019214 0.0041544881143632181 0.0051542384943255425 0.0014226406482054971 -0.002852933185197473 -0.0073170902167921451 -0.002284632954355078 -0.00012754002739156012 0.0002273186427510486 0.0043943618494188003 -0.00083316360417998376 0.0045246116643816942 -0.0035560085373466648 -0.0027567368239514753 0.0020605590827476985 0.0069277663883927382 -0.0038231689529125848 0.0073109856076306427 -0.0015475166422807812 0.0047453884226674511 0.00096461885683121957 -0.0010786331756495585 0.0015490239942831962 0.004203381171700965 -0.0007501290403245964
leaf_weight=718.55127093195915 33.332900285720825 350.37423595786095 690.52133205533028 1261.7260324060917 222.72437918186188 27.272372961044312 45.453954935073853 109.08949184417725 455.67589822411537 160.60397410392761 30.302636623382568 154.5434467792511 473.85748019814491 172.72502875328064 37.87829577922821 39.393427610397339 38.257078737020493 55.681094795465469 56.059877753257751 290.52652862668037 21.211845636367798 63.256753951311111 30.302636623382568 551.12920358777046 51.514482259750366 51.514482259750366 1841.2639578282833 241.66352707147598 37.87829577922821 118.18028283119202
leaf_count=775 22 544 458 1792 147 18 30 72 303 106 20 102 333 117 25 26 71 39 37 251 29 71 20 366 34 34 2308 161 25 78
internal_value=7.48487e-06 0.000553487 0.000951141 -0.000136477 0.00036407 0.000286825 0.000609415 0.00137078 0.00214343 -0.000868347 -0.000247223 -0.000333414 0.000247255 -0.000888061 0.000354712 -0.00365226 -0.000345069 -0.000751819 4.45208e-06 0.000409464 7.35517e-05 -2.97968e-05 0.000148803 -0.00084982 0.000608726 0.00331513 -0.000846208 0.00059305 0.00151765 0.000452179
internal_weight=8432.47 1759.45 1409.07 6673.02 1962.85 1929.52 1508.31 834.459 564.765 421.207 269.693 673.855 519.311 242.421 260.603 69.6961 4710.17 2176.87 2533.3 1718.54 1428.01 1406.8 1343.54 814.762 263.633 81.8171 2138.61 297.345 207.573 156.059
internal_count=8414 1777 1233 6637 1321 1299 1021 556 375 278 181 465 363 163 172 46 5316 2579 2737 2197 1946 1917 1846 540 174 54 2508 200 137 103
is_linear=0
shrinkage=0.03


Tree=189
num_leaves=31
num_cat=0
split_feature=50 21 58 24 97 41 88 29 51 55 91 82 15 57 75 93 67 48 38 33 33 51 94 51 91 23 78 43 51 52
split_gain=0.608867 0.629914 0.818962 0.544427 0.945776 0.772825 2.39558 0.814141 1.24719 0.907032 1.20392 0.774967 1.08 0.842276 1.22008 1.19715 1.16213 1.14829 0.971121 0.910977 0.925452 0.905639 0.971398 0.927003 0.71644 0.663948 0.646718 0.636135 0.626249 1.18298
threshold=1.1137365905158669 -0.69012477479254575 1.4638823773461869 141.113415 86.503575087620533 2.1950000000000007 3.7350000000000008 0.95000000000000007 0.91500000000000015 0.32527089783281765 -0.011809280340652173 4.7745223575759459 1022.8875000000002 18.155000000000005 0.92500000000000016 18.555000000000003 0.0013798008534851144 -1.2860000000000011 0.20255314773514058 17.825000000000003 17.300000000000001 2.8750000000000004 3.7662253241113075 2.4350000000000005 0.02329194129012346 1.6011993800993303 2.6350000000000007 0.040181818181818367 3.0450000000000004 3.6250000000000004
decision_type=2 8 8 2 8 2 2 2 2 2 2 10 10 10 2 10 2 2 2 10 10 2 10 2 2 2 2 2 2 2
left_child=1 2 -1 5 26 7 -7 9 -9 11 -11 13 -13 19 18 -16 17 -17 27 20 28 22 23 -18 -22 -6 -5 -15 29 -3
right_child=-2 3 -4 4 25 6 -8 8 -10 10 -12 12 -14 14 15 16 21 -19 -20 -21 24 -23 -24 -25 -26 -27 -28 -29 -30 -31
leaf_value=-0.00031643730306362067 -0.0052334351600195677 -6.9124566738892264e-05 0.0053784130328240771 -0.0021347335594534694 -0.0020942042942504869 -0.0031276407150831482 0.017385240446467411 -0.0097106728546771642 0.0019190895458624747 -0.034178972414066033 0.0038439062753384753 -0.0033554033782661986 0.0018311041806618701 0.0034558081874521097 0.0040006971040593559 -0.0039047635050762711 -0.0034637874192310018 0.0024107055658706016 0.0013111577693692236 -0.0040578009581202614 0.0062965135571901457 -0.0044427341318263626 0.0042090616211784447 0.0015076641534634842 0.00076223786994016962 -0.010564407103881464 0.002620801094733114 0.0094615844264293661 -0.0019448085585731672 0.0019660252296105807
leaf_weight=45.453954935073853 19.696713805198669 6631.3532420694828 45.453954935073853 74.241459727287292 17.045233100652695 11.742271691560747 9.0907909870147687 18.939147889614105 14.772535353899 0.75756591558456321 70.074847191572189 130.30133748054504 49.999350428581238 33.332900285720825 72.726327896118164 30.302636623382568 84.847382545471191 178.78555607795715 77.271723389625549 49.999350428581238 36.363163948059082 69.696064233779907 33.332900285720825 56.059877753257751 49.999350428581238 16.28766718506813 39.393427610397339 30.302636623382568 150.75561720132828 267.42076820135117
leaf_count=30 34 6812 42 49 24 25 24 35 15 2 89 95 33 22 48 20 56 118 51 33 24 46 22 37 33 25 26 20 224 295
internal_value=3.49412e-05 4.73005e-05 0.00253099 2.01143e-05 -0.00178957 5.27151e-05 0.00582343 3.79412e-05 -0.00461448 5.72955e-05 0.00343724 2.74916e-05 -0.00191713 7.21416e-05 0.00109222 0.0004278 -0.000145776 0.00149542 0.00357127 -2.2494e-05 5.7804e-06 -0.00155252 -0.000396428 -0.0014859 0.00309246 -0.00623305 -0.000486148 0.0063157 -3.20339e-05 9.765e-06
internal_weight=8415.8 8396.1 90.9079 8305.2 146.968 8158.23 20.8331 8137.39 33.7117 8103.68 70.8324 8032.85 180.301 7852.55 666.658 525.751 453.024 209.088 140.907 7185.89 7135.89 243.936 174.24 140.907 86.3625 33.3329 113.635 63.6355 7049.53 6898.77
internal_count=8409 8375 72 8303 124 8179 49 8130 50 8080 91 7989 128 7861 440 347 299 138 93 7421 7388 161 115 93 57 49 75 42 7331 7107
is_linear=0
shrinkage=0.03


Tree=190
num_leaves=31
num_cat=0
split_feature=72 69 49 60 52 71 100 47 50 47 57 24 35 48 20 73 75 85 8 23 96 94 85 96 17 90 45 15 21 62
split_gain=0.645422 1.10684 1.1134 0.987941 1.06278 1.1018 0.987476 0.967793 1.43217 1.12015 1.27354 1.63785 1.06332 1.05991 1.02748 0.883175 1.03419 0.86895 1.05972 0.845582 0.807208 0.918053 1.09238 0.896044 0.845599 1.38072 1.26961 1.11024 0.990792 1.00172
threshold=1.4384999999999197 16.260000000000002 2.00921052631579 2.5445000000000282 2.5450000000000004 14.890000000000002 0.57387321881781372 18.145000000000003 0.28855456690319314 20.585000000000004 18.125000000000004 32.24976250000001 21.090000000000003 1.8490000000000466 1.0000000180025095e-35 1.1346575342465754 0.66500000000000015 1.1675517241379312 4.745000000000001 1.5780481744500816 1.891500000000008 1.4095029075894447 1.3044137931034487 10.343999999999939 -0.032282979058982857 0.61000000000000032 14.670000000000002 1022.2795000000001 -0.69012477479254575 0.10103851623495026
decision_type=2 10 2 2 2 10 2 10 2 8 10 2 10 2 10 2 2 2 2 2 2 8 2 2 2 2 10 10 8 2
left_child=19 3 6 4 15 -6 -3 8 -4 10 11 -9 -11 17 -14 -2 -17 -13 -19 -1 21 22 -21 -22 25 26 -23 -27 -26 -30
right_child=1 2 7 -5 5 -7 -8 9 -10 12 -12 13 14 -15 -16 16 -18 18 -20 20 23 24 -24 -25 28 27 -28 -29 29 -31
leaf_value=-0.0039416611971736818 -0.00090753427877801726 0.0030049435353647451 -0.0022546659476939575 0.0024703407211457561 0.0046704526923593177 -0.0013101927597330728 -0.0027788202747735802 0.0069369074266161139 0.0013364048309525906 -0.0021723842755199288 0.0041087333131235746 -0.0043164996722742811 0.002301057439430731 -0.0044649121214707125 -0.0034582989677900576 0.0055712170110422832 0.0013177398463760841 0.0035354894612542017 -0.00085421462228552113 0.007643896313029276 -0.00099307195505539164 -2.9303573425889695e-05 0.001135024979148052 0.0013922718845718793 0.0051673990211892886 -0.0016774906846501122 0.0046441038712936511 0.0065281341112918192 0.0067343098671840814 0.00013008090656925475
leaf_weight=54.165962964296341 139.39212846755981 30.302636623382568 282.95086947083473 304.54149806499481 30.302636623382568 325.75334370136261 215.52750298380852 33.332900285720825 154.5434467792511 172.72502875328064 142.42239212989807 27.272372961044312 139.39212846755981 42.423691272735596 34.848032116889954 57.57500958442688 483.32705414295197 101.5138326883316 96.589654237031937 28.029938876628876 1409.830168902874 382.57078737020493 134.84673297405243 157.57371044158936 36.363163948059082 722.33910050988197 60.605273246765137 15.151318311691282 20.833062678575516 2643.9050453901291
leaf_count=41 92 20 189 201 20 215 143 22 102 114 94 18 92 28 23 38 319 70 66 20 932 482 113 104 24 872 40 10 22 3920
internal_value=-2.68504e-05 0.00034447 -0.000222965 0.000968167 0.000526739 -0.000801202 -0.00206588 0.000145958 -0.000986132 0.000772486 0.00177127 0.000665756 -0.000504347 -0.000114811 0.00114919 0.00122176 0.00177049 0.000704031 0.00139519 -0.000211307 -0.000175302 4.86748e-05 0.00225516 -0.000753269 -4.39078e-05 -0.000713631 0.000609795 -0.00150891 0.000248832 0.000181713
internal_weight=8480.95 2814.74 1473.84 1340.89 1036.35 356.056 245.83 1228.01 437.494 790.52 443.555 301.132 346.965 267.8 174.24 680.294 540.902 225.376 198.103 5666.21 5612.05 4044.64 162.877 1567.4 3881.77 1180.67 443.176 737.49 2701.1 2664.74
internal_count=8446 1866 981 885 684 235 163 818 291 527 298 204 229 182 115 449 357 154 136 6580 6539 5503 133 1036 5370 1404 522 882 3966 3942
is_linear=0
shrinkage=0.03


Tree=191
num_leaves=31
num_cat=0
split_feature=7 61 50 38 105 80 79 48 55 36 30 39 51 88 72 46 49 86 105 95 105 32 20 28 68 23 75 99 95 46
split_gain=0.915868 1.46947 1.05181 0.792778 1.62772 0.662524 0.625847 0.620145 0.611239 0.56015 0.826216 0.862362 1.40573 0.768151 0.798027 0.758395 0.740843 0.715856 0.721044 1.26749 1.04704 0.760595 1.18295 1.1075 0.836621 0.922139 1.07178 0.829065 1.04025 0.887744
threshold=11.465000000000002 0.94716216216216231 0.26035288692413777 0.83620196692895099 20.500000000000004 9.118344827586208 0.039222047389855595 -2.5520000000000205 0.036578947368421266 0.069999999999993193 -0.37499999999999994 1.3650000000000004 0.51500000000000012 1.7450000000000003 1.2044999999999961 2.1573264442551747 3.3278947368421057 0.25580626546216989 23.500000000000004 13.280000000000003 17.500000000000004 14.525 -0.011606178900499057 3.0650000000000004 10.717328767123288 1.6081008172913991 1.0150000000000003 1.289678187207238 20.520000000000003 1.5916309120594627
decision_type=2 2 2 2 2 10 2 2 2 2 2 2 2 2 2 10 2 2 2 10 2 10 10 2 10 2 2 2 10 10
left_child=3 -2 5 7 -5 -3 -4 8 -1 10 11 -9 -13 14 -11 17 -14 -15 20 -20 -19 23 24 -21 -23 26 -26 28 -27 -29
right_child=1 2 6 4 -6 -7 -8 9 -10 13 -12 12 16 15 -16 -17 -18 18 19 21 -22 22 -24 -25 25 27 -28 29 -30 -31
leaf_value=-0.00030935963685036882 0.014685926024656673 0.0070092916625491249 -0.0052315455414351101 0.001814943405691665 -0.015025996339688433 0.0010815714769085282 0.0011101590125241428 -0.020645420633308962 -0.0053616538411123283 1.9789289711885924e-05 0.00016695915714173766 0.030865287363412004 0.0010087173967216953 -0.0024103487033543913 0.0051028616805236637 -0.0026051039134666254 0.0048988710084885362 -0.00045976366608563882 0.0055340868082257829 -0.00010895171382352586 -0.0046143131466418316 -0.0046656540719744472 -0.0021616882112452207 -0.0022473890981929206 0.0028681996707517169 0.008511313399724281 -0.0022886836372095578 0.00022101518001868621 0.0026827713139571177 0.0054240207255205871
leaf_weight=49.999350428581238 8.3332250714302045 36.363163948059082 21.969411551952362 11.363488733768465 9.4695739448070508 31.817768454551697 38.635861694812775 1.5151318311691273 37.87829577922821 65.150668740272522 4355.6252316534519 1.5151318311691273 196.20957213640213 130.30133748054504 48.484218597412109 125.75594198703766 56.817443668842316 195.45200622081757 36.741946905851364 1900.3540992438793 75.756591558456421 20.454279720783234 104.54409635066986 246.20892256498337 56.438660711050034 33.332900285720825 101.5138326883316 192.80052551627159 159.08884227275848 34.848032116889954
leaf_count=33 13 24 19 21 22 21 42 4 25 43 5505 4 239 86 32 83 75 129 25 1258 50 15 69 164 38 22 67 131 105 23
internal_value=4.52216e-05 0.00247691 0.00168691 4.79396e-06 -0.00584003 0.00424302 -0.00118871 1.95951e-05 -0.00248707 4.66601e-05 0.000264319 0.00192045 0.00205477 -0.000237919 0.00218857 -0.000318694 0.00188225 -0.000231242 -0.000141317 -2.35142e-06 -0.00162025 -7.37371e-05 0.000782699 -0.000354229 0.00129704 0.00150803 -0.000446056 0.0022428 0.00369244 0.00101748
internal_weight=8384.74 137.119 128.786 8247.62 20.8331 68.1809 60.6053 8226.79 87.8776 8138.91 4611.68 256.057 254.542 3527.23 113.635 3413.59 253.027 3287.84 3157.53 2886.33 271.209 2849.58 703.021 2146.56 598.477 578.023 157.952 420.07 192.422 227.649
internal_count=8387 119 106 8268 43 45 61 8225 58 8167 5827 322 318 2340 75 2265 314 2182 2096 1917 179 1892 470 1422 401 386 105 281 127 154
is_linear=0
shrinkage=0.03


Tree=192
num_leaves=31
num_cat=0
split_feature=67 66 77 32 98 83 61 99 72 83 38 88 67 106 85 100 46 83 59 88 99 7 90 13 18 65 81 84 46 31
split_gain=0.759983 1.56945 1.01551 0.906472 0.801376 1.10224 1.61289 1.19665 0.868755 0.868083 0.780818 1.2899 1.01377 1.0301 0.978356 0.966875 0.925842 0.883183 1.26213 1.29576 1.18421 0.813161 0.787906 0.880733 0.932658 0.767964 0.946605 0.746374 0.736584 0.876615
threshold=-0.04330725462304414 -0.42499999999999999 2.765000000000001 4.4364285714285723 93.517412667537172 19.075000000000003 2.3204054054054057 0.84345386807961387 -2.692499999999995 16.180000000000003 0.15583110368527889 4.3350000000000009 -0.02546941678520635 131.50000000000003 0.94796551724137934 0.80098255566830845 0.50811425672265143 18.505000000000003 20.005000000000003 2.0250000000000004 0.88124359678915087 6.1150000000000011 0.69000000000000006 25.025000000000002 0.30187059433932051 1.0350000000000004 15.585000000000003 -11.259500000000001 0.91546057783188306 -0.077999999999999028
decision_type=2 2 2 8 10 10 2 2 2 8 2 2 2 2 2 2 10 10 10 2 2 2 2 10 10 2 10 2 8 2
left_child=2 3 4 -2 5 6 25 -7 -6 -8 11 17 14 27 -12 -16 -15 20 19 -19 -3 22 28 24 -24 -1 -27 -14 -22 -30
right_child=1 10 -4 -5 8 7 9 -9 -10 -11 12 -13 13 16 15 -17 -18 18 -20 -21 21 -23 23 -25 -26 26 -28 -29 29 -31
leaf_value=0.0012141551681425144 0.014471204098680338 0.0026833620521906497 -0.0021503046865700261 -0.0019899531743131135 -0.0026451554313925846 -0.00028276469390234603 0.0069714153890876891 -0.0049416754103566484 0.0016279046463593015 0.0017915548401150334 0.024013207712099131 -0.0041648850507902176 0.00518505894669208 0.00053712775558885991 0.0042139223514431074 -0.0005697880443971408 -0.0050013294756673264 0.0030645749493729149 0.00088906580761772798 -0.0021934225082551259 -0.0011264611247240543 0.0002842796720251704 -0.0014465886781591989 0.0027502098759388236 -0.0050497887785598437 -0.0034782511093378369 0.0013673468174662453 0.00019693516044603306 -0.002148783848567527 0.0022671753265069215
leaf_weight=103.7865304350853 3.0302636623382559 137.87699663639069 120.83176353573799 467.7969528734684 45.453954935073853 163.63423776626587 33.332900285720825 71.211196064949036 739.38433361053467 230.30003833770752 1.8939147889614094 80.301987051963806 27.272372961044312 46.590303808450699 96.210871279239655 62.877970993518829 65.150668740272522 45.453954935073853 206.05792903900146 585.97723570466042 296.96583890914917 1320.0586079061031 223.86072805523872 31.817768454551697 90.907909870147705 122.7256783246994 51.514482259750366 2679.1318604648113 53.787180006504059 163.25545480847359
leaf_count=169 2 148 142 455 30 108 22 47 488 425 2 98 18 84 83 58 43 30 136 389 196 1532 270 21 60 234 34 2801 58 188
internal_value=-7.06413e-05 -0.00021404 0.000499335 -0.00188401 0.00070439 2.10951e-05 0.000765339 -0.00169547 0.00138043 0.00244648 -8.75376e-05 -0.000410148 0.000262925 0.000130657 0.00257839 0.00232322 -0.00269207 -0.000314612 -0.00114963 -0.00181492 -1.29926e-05 -0.000183476 -0.000900962 -0.00200641 -0.00248722 -0.000828768 -0.00204564 0.0002472 -0.000155579 0.00117282
internal_weight=8368.45 6686.28 1682.18 470.827 1561.34 776.505 541.66 234.845 784.838 263.633 6215.45 3236.32 2979.13 2818.15 160.983 159.089 111.741 3156.02 837.489 631.431 2318.53 2180.65 860.595 346.586 314.769 278.027 174.24 2706.4 514.008 217.043
internal_count=8371 6672 1699 457 1557 1039 884 155 518 447 6215 3126 3089 2946 143 141 127 3028 555 419 2473 2325 793 351 330 437 268 2819 442 246
is_linear=0
shrinkage=0.03


Tree=193
num_leaves=31
num_cat=0
split_feature=27 25 7 31 2 34 78 29 31 103 49 63 85 70 11 56 57 39 90 42 96 82 19 61 3 75 86 29 51 89
split_gain=0.617442 0.843843 0.68347 0.623522 1.25737 1.01665 0.96568 0.917415 0.934263 0.95112 0.998011 1.02505 0.98712 1.16392 0.904709 1.34949 0.863211 0.844438 0.842777 0.689915 0.600328 0.590964 1.0389 0.831345 0.685558 0.600976 1.68742 1.54198 0.96 0.866858
threshold=0.96500000000000008 1.3587500000000003 7.5850000000000009 -0.13799999999999904 1.0000000180025095e-35 0.80748875780789298 2.0850000000000004 0.42999999999999988 0.47250000000000181 144.50000000000003 1.8035087719298246 1.0650000000000002 0.82017390225750453 2.0555544325139627 17.545000000000005 15.663108108108107 16.755000000000006 0.70500000000000007 1.0750000000000004 0.45000000000000012 -8.482000000000026 1.8491220669741264 0.78162933614111874 2.7771621621621629 1.8450000000000004 0.38500000000000006 0.82250596097414086 0.47999999999999993 0.88500000000000012 2.0550000000000006
decision_type=2 2 2 2 2 10 2 2 2 2 2 2 2 10 10 10 10 2 2 2 2 8 8 2 2 2 2 2 2 2
left_child=2 -2 -1 4 5 6 14 17 16 -10 12 -12 -11 18 15 -3 -9 -5 -14 -13 -7 24 -23 25 -6 26 27 -24 -27 -30
right_child=1 3 -4 7 21 20 -8 8 9 10 11 19 13 -15 -16 -17 -18 -19 -20 -21 -22 22 23 -25 -26 28 -28 -29 29 -31
leaf_value=-0.00018570314587017223 0.004842820762319169 0.001337453654639017 -0.010304824761272594 -0.012445928705151573 0.00031366200459265458 0.0036609828594491461 0.0065228266557253393 -0.0038469576161096852 -0.0035893325529242981 -0.0014763156678602842 -0.0052408137744453711 0.0043640009642295632 0.0043497473868439208 0.00028601459051929244 -0.0033879214679322874 0.0087556907648062166 -0.00064388996328733339 -1.7228616376966111e-05 0.013841890323819141 -0.00085236314649443483 -0.00013894260485039083 0.0035348626658446053 0.0035383423515542682 0.0019098145813186314 -0.0047005003022791061 -0.013867998789639246 0.00923081424467166 -0.014787815268842338 0.0013295800299680356 -0.0037405633527539174
leaf_weight=13.257403522729875 32.575334370136261 764.005225867033 10.984705775976179 4.9241784512996665 37.87829577922821 39.393427610397339 33.711683243513107 169.69476509094238 53.408397048711777 24.242109298706055 33.332900285720825 33.332900285720825 16.28766718506813 21.211845636367798 34.848032116889954 22.726977467536926 136.74064776301384 5701.4410806894302 17.424016058444977 72.347544938325882 746.20242685079575 51.514482259750366 9.0907909870147758 60.984056204557419 69.696064233779907 6.818093240261077 14.393752396106718 7.5756591558456412 41.666125357151031 111.74097254872322
leaf_count=17 44 814 23 10 25 26 47 193 60 40 43 34 28 14 23 15 91 5635 25 74 494 34 24 119 46 15 38 20 104 193
internal_value=9.92956e-06 2.37777e-05 -0.00477093 4.94734e-06 0.00045896 0.00083076 0.00154643 -0.000143316 -0.0012822 -1.05728e-06 0.000877323 -0.000653844 0.00356602 0.00579161 0.00134223 0.00155175 -0.00241765 -2.79537e-05 0.0092558 0.000792942 5.16033e-05 -0.00102413 -0.000347481 -0.00114027 -0.00293495 -0.00211268 0.00170652 -0.00479173 -0.00285304 -0.00236349
internal_weight=8393.45 8369.21 24.2421 8336.63 2052.25 1640.89 855.292 6284.39 578.023 271.587 218.179 139.013 79.1656 54.9235 821.58 786.732 306.435 5706.37 33.7117 105.68 785.596 411.358 303.784 252.269 107.574 191.285 31.0602 16.6665 160.225 153.407
internal_count=8368 8328 40 8284 2037 1419 899 6247 602 318 258 151 107 67 852 829 284 5645 53 108 520 618 547 513 71 394 82 44 312 297
is_linear=0
shrinkage=0.03


Tree=194
num_leaves=31
num_cat=0
split_feature=66 67 66 38 58 66 67 30 82 82 29 77 27 37 87 85 75 70 30 45 68 66 12 87 49 38 66 78 91 79
split_gain=0.779086 0.910838 1.07749 1.08114 0.926288 0.785027 1.2762 1.01558 0.981845 0.947857 1.17875 0.831194 0.822209 0.817288 0.905349 2.29885 1.17231 1.23274 1.09075 0.998371 1.07051 0.938067 0.936538 1.00175 0.882946 0.810022 0.846565 1.07512 0.825101 0.788247
threshold=-1.4949999999999994 -0.0071408250355618859 0.044999999999999936 0.28876364742519289 1.294364431854844 0.37500000000000006 0.04821479374110945 -0.62499999999999989 1.132177902827511 2.0979390546091192 0.94499999999999995 2.6250000000000004 0.71000000000000008 1.3915000000000004 1.2350000000000001 1.9593103448275864 0.89500000000000013 1.1205312955331035 0.16000000000000006 19.335000000000004 15.641993150684931 1.0050000000000006 335.12500000000006 0.10500000000000002 3.2876315789473689 0.21348041715329449 0.66000000000000003 0.084999999999999978 0.014796705243268763 0.070938078489448345
decision_type=2 2 2 2 10 2 2 2 8 8 2 2 2 2 2 2 2 8 2 10 10 2 10 2 2 2 2 2 2 2
left_child=-1 2 -2 4 -4 -3 11 29 -9 -10 13 12 -7 -11 16 -16 17 21 -17 20 22 -15 23 -19 -18 26 27 -14 -28 -8
right_child=1 5 3 -5 -6 6 7 8 9 10 -12 -13 25 14 15 18 24 19 -20 -21 -22 -23 -24 -25 -26 -27 28 -29 -30 -31
leaf_value=-0.0033400175410508298 0.00029060510272744595 -0.00066835529804157496 0.001541559397737836 -0.0029069159805033213 0.0051630481741857508 0.023011618275184584 0.010568525242999909 0.0026715808078890523 -0.0014403722869773966 0.0027252073298822494 -0.0068037703606799553 0.0050571469468997463 0.0041240741207403866 -0.00054748011314044085 0.0099528920546882067 0.0027102731521124537 -0.0012730210407133776 0.0052693109801304041 -0.0034614999327213167 0.0034632736782023374 -0.0050581917554494487 -0.0062799856370713975 -0.0030330977529503238 0.00032559396303578593 -0.0057766130157649032 -0.00067354266332551123 0.0015282297421868349 2.7919581817658201e-05 0.0064181818617868053 0.0010686597797690536
leaf_weight=60.605273246765137 2769.6609873771667 1828.764120221138 196.58835509419441 34.469249159097672 93.938173532485962 1.5151318311691273 13.636186480522154 98.483569025993347 586.3560186624527 95.074522405862808 23.105760425329208 46.969086766242981 71.589979022741318 59.090141415596008 27.651155918836594 64.77188578248024 317.4201186299324 38.257078737020493 42.802474230527878 86.36251437664032 34.848032116889954 45.453954935073853 71.9687619805336 1031.4259940683842 44.696389019489288 209.84575861692429 70.832413107156754 296.58705595135689 55.302311837673187 18.560364931821823
leaf_count=64 2710 1720 207 49 62 4 18 65 387 122 46 64 66 39 28 81 343 44 47 57 23 30 49 1409 46 209 67 285 62 22
internal_value=4.91512e-05 7.36737e-05 0.00048236 0.00211652 0.00271252 -0.000165799 0.000100393 -0.000204131 -0.000268051 -0.00038073 -6.73916e-05 0.00119282 0.000935614 1.20284e-05 -0.000126303 0.00223773 -0.000311139 9.07955e-05 0.000254603 0.000349963 0.000121426 -0.00303987 0.00027953 0.000502405 -0.0018289 0.000888113 0.00155107 0.000824394 0.00367217 0.00509213
internal_weight=8436.63 8376.03 3094.66 324.996 290.527 5281.37 3452.61 2699.96 2667.77 2569.28 1982.93 752.642 705.673 1959.82 1864.75 135.226 1729.52 1367.41 107.574 1262.86 1176.5 104.544 1141.65 1069.68 362.117 704.158 494.312 368.177 126.135 32.1966
internal_count=8425 8361 3028 318 269 5333 3613 2856 2816 2751 2364 757 693 2318 2196 156 2040 1651 128 1582 1525 69 1502 1453 389 689 480 351 129 40
is_linear=0
shrinkage=0.03


Tree=195
num_leaves=31
num_cat=0
split_feature=60 36 35 31 1 47 20 13 33 43 86 53 16 34 19 60 70 66 96 64 105 61 50 23 75 82 15 52 51 98
split_gain=0.66962 0.599842 0.660821 0.606473 0.926044 0.93725 0.867817 0.746109 0.741167 0.768648 0.70819 1.22972 0.928266 0.822772 0.761138 1.25545 0.950039 0.902277 1.06319 0.843203 1.29101 1.06159 0.810464 1.26946 0.976401 0.746729 0.718195 0.705231 1.2286 0.718127
threshold=-5.2555000000000396 0.89100000000001967 20.115000000000006 -0.15300000000000011 1.0000000180025095e-35 7.1050000000000013 0.015969083800001796 2.3810000000000007 14.955000000000002 -0.023272727272727355 0.69122279175634183 2.5850000000000004 -0.94123492117109386 0.85185511536653757 -0.42182703755409506 0.69049999999998601 2.9981664719444239 1.4450000000000005 3.0774999999999868 2.3050000000000002 77.500000000000014 1.7847110904007459 0.22784587429385547 1.6345237047048355 1.0550000000000004 4.5929870952683558 1017.1500000000002 3.6250000000000004 2.9050000000000007 111.8276936570211
decision_type=2 2 10 2 2 8 10 10 10 2 2 2 2 8 8 2 10 2 2 2 2 2 2 2 2 10 10 2 2 10
left_child=-1 3 -3 4 5 -2 -6 8 -7 -10 -5 12 13 -12 -14 16 19 18 26 20 -16 -21 23 -23 -24 -19 -17 -9 -29 -30
right_child=1 2 -4 10 6 7 -8 27 9 -11 11 -13 14 -15 15 17 -18 25 -20 21 -22 22 24 -25 -26 -27 -28 28 29 -31
leaf_value=-0.004505898808469134 0.010652848299432716 -0.0022679954288100401 0.00098031163776470497 6.1747774016351464e-05 0.0014944232142590612 -0.001731638191487586 0.0088145682634889321 0.00022777860444166291 -0.00067747619324162354 0.0038668074592935336 -0.0010869061435602502 -0.0078410113160123571 0.00061638128792011477 0.0069596263172766052 0.0070094986572827528 0.00066822826887265785 -0.0079932161836521604 -0.0049585114690318946 -0.00058482986407562966 -0.0082966689856291877 -0.00098764857815638891 -0.0036037222316042759 0.0013467298215436684 0.0013788020035616199 -0.0019428232955581378 0.00087443572188600541 0.0046438932353538021 0.0057443060311696704 -0.0028646819686391095 0.0031589090573018045
leaf_weight=30.302636623382568 7.5756591558456412 208.33062678575516 77.271723389625549 4599.9402394294739 383.70713624358177 314.76863792538643 15.151318311691282 764.005225867033 101.5138326883316 49.999350428581238 19.696713805198669 21.211845636367798 317.79890158772469 27.272372961044312 24.620892256498337 80.301987051963806 21.211845636367798 48.484218597412109 195.45200622081757 22.726977467536926 69.317281275987625 274.23886144161224 131.43768635392189 55.302311837673187 212.49723932147026 33.332900285720825 83.332250714302063 60.605273246765137 38.257078737020493 33.332900285720825
leaf_count=20 5 139 51 4569 551 525 10 505 67 33 13 38 227 57 29 53 14 32 129 36 90 382 236 83 261 22 55 43 29 22
internal_value=-5.44308e-05 -3.81645e-05 -0.00138914 1.00231e-05 0.000500326 0.000129967 0.00177249 7.14576e-05 -0.000901817 0.000822137 -0.000129009 -0.000664627 -0.000570488 0.00358527 -0.00069481 -0.00102757 -0.0017278 0.000261005 0.000908807 -0.0015596 0.00110838 -0.00191959 -0.00170439 -0.00276757 -0.000685692 -0.00258213 0.00269287 0.00057784 0.00260097 -6.0047e-05
internal_weight=8323 8292.7 285.602 8007.09 1768.92 1370.06 398.858 1362.48 466.282 151.513 6238.18 1638.24 1617.02 46.9691 1570.06 1252.26 811.353 440.903 359.086 790.141 93.9382 696.203 673.476 329.541 343.935 81.8171 163.634 896.2 132.195 71.59
internal_count=8326 8306 190 8116 1790 1229 561 1224 625 100 6326 1757 1719 70 1649 1422 1131 291 237 1117 119 998 962 465 497 54 108 599 94 51
is_linear=0
shrinkage=0.03


Tree=196
num_leaves=31
num_cat=0
split_feature=30 67 66 106 13 91 73 98 55 19 95 13 67 83 105 53 91 55 99 41 74 62 80 72 62 86 74 13 62 3
split_gain=0.84985 0.766994 1.31441 0.916272 0.628427 0.84751 0.724857 0.602843 1.19726 0.949634 0.940435 0.901834 0.880182 0.926925 0.808598 0.754051 0.875235 0.741501 0.777532 0.728979 1.86926 0.683145 0.679244 0.953901 0.661699 0.942946 0.963387 1.31125 0.892503 0.879426
threshold=1.2000000000000004 -0.090544096728307252 -1.0549999999999995 32.500000000000007 5.237000000000001 0.018696386395843201 2.8884931506849321 105.82490560144679 -0.14328947368421038 -0.65803235295638784 18.505000000000003 2.0675000000000003 0.09802987197724046 11.155000000000003 131.50000000000003 2.8000000000000003 0.024012131769074876 -0.13802631578947364 0.73175465890689273 1.5750000000000002 0.71141671077196256 0.29772775253383749 17.171708333333335 0.59450000000003922 0.19968067589672386 0.90769045970703 0.43377335395824151 11.160000000000002 0.33958130896525057 1.9850000000000001
decision_type=2 2 2 2 8 2 2 8 2 10 10 10 2 10 2 2 2 2 2 2 2 2 10 2 2 2 2 10 2 2
left_child=1 3 -3 -1 6 -6 -5 8 -4 10 21 -11 13 -13 -12 19 -17 -15 -19 22 -21 -10 -9 -24 29 26 -26 -28 -29 -20
right_child=-2 2 7 4 5 -7 -8 15 9 11 14 12 -14 17 -16 16 -18 18 24 20 -22 -23 23 -25 25 -27 27 28 -30 -31
leaf_value=-0.0038786464100649199 -0.0062607351254087154 -0.0029950196983807476 0.0023976494765945381 0.0048297803505123905 0.002726665714064767 -0.00059797550184549977 0.0012414154468191104 0.00023691435728026802 -0.0022396351821695206 -0.0036232073055417102 0.00097929394237336121 0.0054096046993492939 -0.0020011841534680682 -0.0066260564790827144 -0.0027223940052557342 -0.00076243726534106437 -0.011261038327415445 0.0041258214141846952 -0.0001993274592906177 -0.00041098744839557623 0.013101730015775234 -0.0065375362925859208 -0.0067346642414711005 0.00061971430668378074 6.9405877647738329e-05 -0.0021562350907922022 0.0007376602875531818 0.0073256208355615927 0.0013711511726993146 -0.0028263906656573593
leaf_weight=31.060202538967133 19.317930847406387 132.95281818509102 133.3316011428833 84.847382545471191 105.68044522404671 198.8610528409481 125.75594198703766 4955.6174367964268 89.392778038978577 69.696064233779907 117.42271691560745 28.78750479221344 206.43671199679375 15.151318311691282 96.968437194824219 20.454279720783237 10.984705775976179 40.908559441566467 487.11488372087479 26.893590003252029 14.014969438314436 53.029614090919495 30.302636623382568 33.332900285720825 607.18908134102821 113.63488733768463 189.77026185393333 59.090141415596008 36.741946905851364 149.99805128574371
leaf_count=28 36 138 88 56 123 222 83 5775 59 46 79 19 137 10 64 33 26 27 323 38 22 35 20 22 406 75 126 39 25 99
internal_value=2.42648e-05 3.89541e-05 -3.79193e-05 0.00112536 0.00142708 0.000555725 0.00268709 1.39053e-05 -0.000368154 -0.000524323 -0.00195028 -0.000270497 -0.000149726 7.141e-05 -0.000694968 0.000201098 -0.00443062 -1.90073e-05 4.04219e-05 0.000229875 0.00421837 -0.00383992 0.000197367 -0.00288237 -6.12658e-05 0.000417672 0.00074528 0.00218218 0.00504268 -0.000817827
internal_weight=8284.74 8265.42 7719.22 546.205 515.145 304.541 210.603 7586.27 2494.66 2361.33 356.814 2004.52 1934.82 1728.39 214.391 5091.6 31.439 1699.6 1684.45 5060.16 40.9086 142.422 5019.25 63.6355 1643.54 1006.43 892.791 285.602 95.8321 637.113
internal_count=8279 8243 7731 512 484 345 139 7593 1657 1569 237 1332 1286 1149 143 5936 59 1130 1120 5877 60 94 5817 42 1093 671 596 190 64 422
is_linear=0
shrinkage=0.03


Tree=197
num_leaves=31
num_cat=0
split_feature=31 19 40 13 99 51 61 78 55 63 7 27 75 47 94 16 18 73 67 67 66 45 90 9 75 7 68 66 78 67
split_gain=0.79557 1.05895 1.09736 1.18869 1.09297 1.14851 0.965631 0.999311 0.923101 0.916619 0.818163 0.816961 0.760169 0.816122 0.801241 0.771762 0.784702 1.01208 1.61469 0.940987 0.841659 0.755777 0.745018 0.957521 0.740625 0.740183 1.08776 1.0492 1.16655 0.804095
threshold=0.12900000000000048 -0.22750108877375547 1.9850000000000001 -0.77049999999999985 3.0868525998011092 0.36500000000000005 1.0890540540540543 -0.69000000000000017 0.34370477674413263 0.36500000000000005 6.4250000000000007 1.675 2.9650000000000003 13.240000000000002 1.8112634947850452 -0.81243976305511811 -0.72537437101228763 1.3207534246575345 -0.0014651493598861864 0.015903271692745354 0.62500000000000022 13.105000000000002 1.1750000000000005 333.49500000000006 1.885 7.6250000000000009 14.48986301369863 1.4950000000000003 2.1650000000000005 0.10243954480796587
decision_type=2 10 2 10 2 2 2 2 2 2 2 2 2 8 8 2 8 2 2 2 2 10 2 2 2 2 10 2 2 2
left_child=6 4 -3 -4 9 -6 7 -1 25 10 -2 -5 13 -11 -15 -16 19 18 -18 -17 -20 -22 -9 -24 -13 26 27 29 -29 -8
right_child=1 2 3 11 5 -7 8 22 -10 12 -12 24 -14 14 15 16 17 -19 20 -21 21 -23 23 -25 -26 -27 -28 28 -30 -31
leaf_value=0.046042090042468647 0.0014323349564993146 0.00017893677094466849 0.0013263076246171149 -0.0061626605513628039 0.012786043239587925 0.0016387261329036567 0.00013134890887701197 -0.0014673882679947436 0.0059894544874567303 -0.0020745853202145644 -0.010437912824599698 -0.0014435437346144444 -0.0065441134563814967 0.0043961441440032497 0.002920691977241186 0.0041010456418216082 0.015508799791216998 -0.0014841122766461588 -0.0034590474415277061 7.4740103694988268e-06 0.0030208641713827351 -0.0014431268733104054 -0.011630854009639962 0.00069094473988143409 -0.0040828292453376821 0.0007091132328612827 -0.0018088131120702808 0.004703413397460496 -0.0023595489126927503 -0.0015051319805423308
leaf_weight=0.37878295779228111 8.3332250714302081 429.91865709424019 106.05922818183899 41.287342399358749 12.121054649353026 26.514807045459747 3451.8490943610668 87.877646207809448 24.620892256498337 122.7256783246994 14.014969438314436 653.02181923389435 15.151318311691282 45.832737892866135 92.423041701316833 81.817118883132935 6.818093240261077 371.58608159422874 36.363163948059082 132.19525226950645 107.57436001300812 49.999350428581238 16.287667185068134 8.7120080292224866 112.1197555065155 1633.6908969581127 292.42044341564178 84.468599587678909 28.029938876628876 293.17800933122635
leaf_count=1 22 286 70 28 29 49 3371 103 38 81 37 431 13 37 154 54 15 711 66 88 254 33 31 14 74 1646 193 103 47 315
internal_value=-4.91639e-05 -0.000501934 -0.00107067 -0.00165942 0.000177636 0.00513592 0.000139382 -0.0026041 0.000192877 1.04866e-06 -0.00601172 -0.0020521 0.00012752 0.000224036 0.000529138 0.000327453 2.26602e-05 -0.000556844 0.00115948 0.00157245 0.000655008 0.00160441 -0.00276735 -0.00733689 -0.00183029 0.000168201 -4.4737e-05 8.89891e-05 0.00294362 3.23763e-06
internal_weight=8387.39 2465.88 1342.41 912.488 1123.47 38.6359 5921.51 113.256 5808.26 1084.83 22.3482 806.429 1062.49 1047.33 924.609 878.776 786.353 572.341 200.755 214.012 193.937 157.574 112.877 24.9997 765.142 5783.64 4149.95 3857.53 112.499 3745.03
internal_count=8394 2532 889 603 1643 78 5862 149 5713 1565 59 533 1506 1493 1412 1375 1221 1079 368 142 353 287 148 45 505 5675 4029 3836 150 3686
is_linear=0
shrinkage=0.03


Tree=198
num_leaves=31
num_cat=0
split_feature=42 51 55 43 96 45 86 11 53 90 58 73 16 66 67 73 21 61 60 60 67 98 106 66 67 40 52 49 54 99
split_gain=0.802858 0.646554 0.597166 0.928731 0.715453 0.760959 0.838522 0.667012 0.660464 0.920166 0.787931 0.934608 1.09531 0.636934 0.814653 0.724653 0.672095 0.77226 0.559447 0.757219 1.01014 1.242 0.901981 0.837627 0.911599 0.973157 1.03147 1.10883 0.919694 0.882825
threshold=1.9650000000000001 0.48500000000000004 -0.096842105263157743 0.077727272727272964 -1.1064999999999825 18.955000000000002 0.30475052600546043 17.245000000000001 2.1750000000000003 2.9150000000000005 1.0715471625812556 1.0543150684931508 -0.30195395294159971 -0.96499999999999986 -0.090544096728307252 3.15554794520548 0.94994478792685511 3.4050000000000007 4.7930000000000073 2.2530000000001 0.10243954480796587 155.12008521600151 122.50000000000001 0.010000000000000122 -0.039992887624466587 1.8550000000000002 3.2750000000000004 2.6128947368421058 0.50000000000000022 1.2035291418432064
decision_type=2 2 2 2 2 10 2 10 2 2 10 2 2 2 2 2 8 2 2 2 2 8 2 2 2 2 2 2 2 2
left_child=2 -2 3 4 7 6 -6 -1 18 10 11 -10 -13 14 15 -8 -15 -18 19 20 23 -22 -21 24 28 -26 27 -27 -4 -25
right_child=1 -3 8 -5 5 -7 13 -9 9 -11 -12 12 -14 16 -16 -17 17 -19 -20 22 21 -23 -24 29 25 26 -28 -29 -30 -31
leaf_value=0.0017260586031082232 -0.010169379613875184 -0.00019310300634998011 0.00039224268680923405 -0.0045862979756693531 -0.0061555906052957543 -0.0042843794528389144 -0.00037348686566511454 0.0065710818355613791 0.001278539993739055 -0.0034483046684116621 0.00020980011419285252 0.0056456365972923223 0.018644111765332913 0.0021938526843038697 -0.0028384180752322485 0.0055810825734853757 -0.00013677196351238568 0.0044067469951257141 -0.0025012104626375023 0.0010820385132719623 -0.0021410904399933495 0.0002141258863271116 -0.0026341978438056729 0.00097713522930553925 0.00067796331635546284 -0.0013957231320940952 0.00072125963975243465 -0.004710707473221074 -0.0043230497605055169 -7.8459659382974791e-05
leaf_weight=130.30133748054504 12.499837607145311 10.984705775976179 1021.5776371657848 29.166287750005722 15.908884227275847 28.78750479221344 72.726327896118164 31.817768454551697 17.424016058444977 18.560364931821823 28.78750479221344 16.287667185068134 9.0907909870147687 329.54117327928543 89.013995081186295 24.620892256498337 329.54117327928543 37.499512821435928 84.847382545471191 770.4445361495018 474.99382907152176 349.99545300006866 63.635536909103394 1134.8337415456772 262.4965897500515 787.4897692501545 178.40677312016487 102.65018156170845 38.635861694812775 1918.5356812179089
leaf_count=89 27 14 1062 35 12 19 84 21 40 28 19 25 18 219 79 29 483 48 56 513 321 678 42 1085 246 747 192 100 33 2035
internal_value=3.60948e-05 -0.00550306 5.15854e-05 0.000696819 0.000838216 0.000516869 0.000670639 0.00267695 -4.76038e-05 0.00250425 0.00404751 0.00662862 0.0103018 0.000793634 -0.000764161 0.00113253 0.0012104 0.000327427 -7.96062e-05 -5.06823e-05 -0.000163655 -0.00114191 0.000798511 -1.54266e-05 -0.000435901 -0.000958671 -0.00136072 -0.001778 0.00022041 0.000313869
internal_weight=8421.1 23.4845 8397.62 1118.92 1089.76 927.639 898.852 162.119 7278.69 90.1503 71.59 42.8025 25.3785 882.943 186.361 97.3472 696.582 367.041 7188.54 7103.7 6269.62 824.989 834.08 5444.63 2391.26 1331.04 1068.55 890.14 1060.21 3053.37
internal_count=8399 41 8358 1118 1083 973 954 110 7240 130 102 83 43 942 192 113 750 531 7110 7054 6499 999 555 5500 2380 1285 1039 847 1095 3120
is_linear=0
shrinkage=0.03


Tree=199
num_leaves=31
num_cat=0
split_feature=67 66 66 99 85 45 99 96 19 36 66 62 60 71 54 20 74 94 60 86 62 82 27 94 31 66 80 27 23 75
split_gain=0.607943 1.43328 1.10554 0.957383 1.08618 1.06893 0.934555 1.24269 1.25999 0.900014 0.894937 1.02881 0.953499 0.887444 0.874856 0.770084 0.783085 0.748686 0.737409 0.879137 0.719669 1.36436 1.20682 1.05729 1.05494 1.02878 0.909601 0.988356 1.14548 1.09525
threshold=0.021511379800853506 -0.024999999999999908 0.38999999999999985 0.83673135013809097 1.4243103448275864 16.105000000000004 1.0164007408645583 -2.3935000000000168 0.82090010707719341 -0.11799999999999498 -0.46000000000000002 0.22120930914274492 -3.984500000000025 16.285000000000004 0.53000000000000025 -0.97107176543883311 0.34193362984890302 3.4333734102933762 -1.3044999999999616 0.37040554926670527 0.41007827178220629 2.7920072583257167 2.5050000000000003 5.0198904748982658 -0.16499999999999884 0.98500000000000032 6.6276482758620689 2.5950000000000002 1.6294274723512931 0.91500000000000015
decision_type=2 2 2 2 2 10 2 2 10 2 2 2 2 8 2 8 2 10 2 2 2 8 2 10 2 2 8 2 2 2
left_child=1 3 9 4 -1 10 -3 8 17 18 -5 12 -12 -13 -15 16 -9 -8 -2 -20 23 22 -22 24 -4 -26 -23 28 -28 -29
right_child=2 6 20 5 -6 -7 7 15 -10 -11 11 13 -14 14 -16 -17 -18 -19 19 -21 21 26 -24 -25 25 -27 27 29 -30 -31
leaf_value=0.005349947788205983 -0.0028233679448009877 0.0025069400341514152 0.0024630982855815297 -0.0018878226477257853 0.00035824053859985711 0.0011501194990912547 -0.004277084203053198 0.0011197480672139931 0.0031923429722767664 -0.0020215054950308074 0.010675232262827395 0.0024900071505561351 -0.0012826012078934305 0.0002459553577149402 -0.0053811701220551015 0.00079271215678425213 0.0062756382570036944 -0.00021385039676002701 -0.0020282046008413637 0.0024076416029068523 -0.0035620808999020401 -0.0062892043052252197 -0.00044386346639268317 -0.0058483643100546122 -0.00026690409423064243 0.0015641924700795225 0.0024992923904936883 6.9865391214226754e-05 -0.00029246033799792823 -0.0033697393727155759
leaf_weight=40.529776483774185 56.817443668842316 308.70811060070992 207.95184382796288 509.08429527282715 1225.7416514158249 283.32965242862701 98.483569025993347 56.438660711050034 42.423691272735596 518.17508625984192 6.0605273246765128 162.11910593509674 615.9010893702507 281.81452059745789 27.272372961044312 662.87017613649368 49.999350428581238 69.696064233779907 57.57500958442688 133.3316011428833 210.60332453250885 19.696713805198669 237.87569749355316 24.242109298706055 1125.7429505586624 365.90433722734451 261.73902383446693 309.46567651629448 267.42076820135117 114.01367029547691
leaf_count=41 39 290 213 570 1211 187 65 38 28 537 4 107 549 390 33 754 33 46 38 88 139 13 157 16 1103 402 382 385 361 148
internal_value=-1.55973e-05 0.000224611 -0.000288356 -0.000120018 0.000518011 -0.000548489 0.00106754 0.00061408 -0.00142778 -0.00131045 -0.000848858 -0.000365016 -0.00116608 0.000692339 -0.000250556 0.00117305 0.00354173 -0.00259322 0.000176908 0.00106985 -3.94197e-05 -0.000539317 -0.00190816 0.000372603 0.000461335 0.000182268 9.20467e-05 0.000223985 0.00108843 -0.000856182
internal_weight=8351.03 4440.47 3910.56 3151.85 1266.27 1885.58 1288.62 979.912 210.603 765.899 1602.25 1093.17 621.962 471.206 309.087 769.308 106.438 168.18 247.724 190.907 3144.66 1420.81 448.479 1723.84 1699.6 1491.65 972.336 952.639 529.16 423.479
internal_count=8367 4346 4021 3092 1252 1840 1254 964 139 702 1653 1083 553 530 423 825 71 111 165 126 3319 1585 296 1734 1718 1505 1289 1276 743 533
is_linear=0
shrinkage=0.03


end of trees

feature_importances:
gust_forcing_ratio=181
wind_forcing_ratio=173
hs_slope_12h=167
latest_airt=138
hs_diff_6h=115
sin_wvdir=114
latest_tp=110
latest_relh=103
caph_diff_48h=101
hs_min_3h=98
wspd_max_6h=97
hs_diff_12h=97
hs_diff_48h=96
hs_steepness_proxy=95
gust_max_24h=83
caph_diff_12h=82
wspd_mean_24h=81
wspd_mean_48h=79
gust_max_48h=79
wspd_max_1h=77
cos_wdir=76
hs_min_6h=76
latest_caph=75
wspd_std_24h=75
wspd_std_6h=74
wspd_std_48h=74
cos_wind_wave_diff=72
latest_hs=71
hs_std_48h=71
sin_wind_wave_diff=70
caph_diff_6h=70
wspd_mean_1h=68
hs_diff_1h=66
wspd_std_12h=65
hs_min_24h=63
gust_max_1h=62
wspd_mean_12h=62
hs_slope_48h=62
hs_min_1h=61
hs_range_6h=61
wspd_mean_6h=61
hs_slope_6h=59
hs_min_48h=59
wspd_max_24h=58
cos_wvdir=57
hs_std_24h=57
caph_diff_24h=57
hs_slope_1h=56
hs_range_48h=56
wspd_max_48h=56
high_wave_count_2_0m=56
hs_slope_3h=54
hs_std_6h=54
hs_range_24h=54
latest_wdir=53
wspd_max_3h=53
hs_mean_48h=53
hs_std_12h=52
hs_range_12h=52
hs_over_max_48h=49
hs_min_12h=48
wspd_mean_3h=45
gust_max_6h=45
caph_diff_1h=44
hs_range_3h=44
hs_slope_24h=44
hs_diff_3h=43
gust_max_3h=41
hs_max_48h=41
hs_std_3h=40
hs_mean_24h=39
hs_diff_24h=39
hs_over_mean_24h=39
sin_wdir=38
wspd_std_3h=38
hs_mean_12h=38
high_wave_count_1_5m=38
hs_max_3h=37
wspd_max_12h=35
hs_mean_6h=34
hs_power_proxy=32
hs_mean_3h=32
hs_max_6h=32
is_S_ORS=31
wspd_std_1h=31
hs_max_12h=31
latest_hmax=30
hs_max_1h=29
caph_diff_3h=28
latest_wvdir=26
hs_mean_1h=26
wave_obs_count_48h=26
gust_max_12h=24
latest_wspd=22
latest_gust=22
hs_std_1h=22
hs_range_1h=20
is_G_ORS=17
hs_energy_proxy=17
hs_max_24h=13
wave_obs_count_24h=9
wave_missing_ratio_48h=9
wave_obs_count_6h=8
is_I_ORS=7

parameters:
[boosting: gbdt]
[objective: regression]
[metric: l2]
[tree_learner: serial]
[device_type: cpu]
[data_sample_strategy: bagging]
[data: ]
[valid: ]
[num_iterations: 200]
[learning_rate: 0.03]
[num_leaves: 31]
[num_threads: 10]
[seed: 42]
[deterministic: 0]
[force_col_wise: 0]
[force_row_wise: 0]
[histogram_pool_size: -1]
[max_depth: -1]
[min_data_in_leaf: 20]
[min_sum_hessian_in_leaf: 0.001]
[bagging_fraction: 0.8]
[pos_bagging_fraction: 1]
[neg_bagging_fraction: 1]
[bagging_freq: 1]
[bagging_seed: 400]
[bagging_by_query: 0]
[feature_fraction: 0.8]
[feature_fraction_bynode: 1]
[feature_fraction_seed: 30056]
[extra_trees: 0]
[extra_seed: 12879]
[early_stopping_round: 0]
[early_stopping_min_delta: 0]
[first_metric_only: 0]
[max_delta_step: 0]
[lambda_l1: 0]
[lambda_l2: 0]
[linear_lambda: 0]
[min_gain_to_split: 0]
[drop_rate: 0.1]
[max_drop: 50]
[skip_drop: 0.5]
[xgboost_dart_mode: 0]
[uniform_drop: 0]
[drop_seed: 17869]
[top_rate: 0.2]
[other_rate: 0.1]
[min_data_per_group: 100]
[max_cat_threshold: 32]
[cat_l2: 10]
[cat_smooth: 10]
[max_cat_to_onehot: 4]
[top_k: 20]
[monotone_constraints: ]
[monotone_constraints_method: basic]
[monotone_penalty: 0]
[feature_contri: ]
[forcedsplits_filename: ]
[refit_decay_rate: 0.9]
[cegb_tradeoff: 1]
[cegb_penalty_split: 0]
[cegb_penalty_feature_lazy: ]
[cegb_penalty_feature_coupled: ]
[path_smooth: 0]
[interaction_constraints: ]
[verbosity: -1]
[saved_feature_importance_type: 0]
[use_quantized_grad: 0]
[num_grad_quant_bins: 4]
[quant_train_renew_leaf: 0]
[stochastic_rounding: 1]
[linear_tree: 0]
[max_bin: 255]
[max_bin_by_feature: ]
[min_data_in_bin: 3]
[bin_construct_sample_cnt: 200000]
[data_random_seed: 175]
[is_enable_sparse: 1]
[enable_bundle: 1]
[use_missing: 1]
[zero_as_missing: 0]
[feature_pre_filter: 1]
[pre_partition: 0]
[two_round: 0]
[header: 0]
[label_column: ]
[weight_column: ]
[group_column: ]
[ignore_column: ]
[categorical_feature: ]
[forcedbins_filename: ]
[precise_float_parser: 0]
[parser_config_file: ]
[objective_seed: 16083]
[num_class: 1]
[is_unbalance: 0]
[scale_pos_weight: 1]
[sigmoid: 1]
[boost_from_average: 1]
[reg_sqrt: 0]
[alpha: 0.9]
[fair_c: 1]
[poisson_max_delta_step: 0.7]
[tweedie_variance_power: 1.5]
[lambdarank_truncation_level: 30]
[lambdarank_norm: 1]
[label_gain: ]
[lambdarank_position_bias_regularization: 0]
[eval_at: ]
[multi_error_top_k: 1]
[auc_mu_weights: ]
[num_machines: 1]
[local_listen_port: 12400]
[time_out: 120]
[machine_list_filename: ]
[machines: ]
[gpu_platform_id: -1]
[gpu_device_id: -1]
[gpu_use_dp: 0]
[num_gpu: 1]

end of parameters

pandas_categorical:[]
