tree
version=v4
num_class=1
num_tree_per_iteration=1
label_index=0
max_feature_idx=106
objective=regression
feature_names=is_G_ORS is_I_ORS is_S_ORS latest_hs last_wave_step time_since_last_wave_obs has_wave_obs_at_step0 latest_tp latest_hmax latest_wvdir latest_wspd latest_gust latest_wdir latest_airt latest_relh latest_caph sin_wvdir cos_wvdir sin_wdir cos_wdir sin_wind_wave_diff cos_wind_wave_diff hs_energy_proxy hs_steepness_proxy hs_power_proxy hs_mean_1h hs_std_1h hs_min_1h hs_max_1h hs_range_1h hs_diff_1h hs_slope_1h wspd_mean_1h wspd_max_1h wspd_std_1h gust_max_1h caph_diff_1h hs_mean_3h hs_std_3h hs_min_3h hs_max_3h hs_range_3h hs_diff_3h hs_slope_3h wspd_mean_3h wspd_max_3h wspd_std_3h gust_max_3h caph_diff_3h hs_mean_6h hs_std_6h hs_min_6h hs_max_6h hs_range_6h hs_diff_6h hs_slope_6h wspd_mean_6h wspd_max_6h wspd_std_6h gust_max_6h caph_diff_6h hs_mean_12h hs_std_12h hs_min_12h hs_max_12h hs_range_12h hs_diff_12h hs_slope_12h wspd_mean_12h wspd_max_12h wspd_std_12h gust_max_12h caph_diff_12h hs_mean_24h hs_std_24h hs_min_24h hs_max_24h hs_range_24h hs_diff_24h hs_slope_24h wspd_mean_24h wspd_max_24h wspd_std_24h gust_max_24h caph_diff_24h hs_mean_48h hs_std_48h hs_min_48h hs_max_48h hs_range_48h hs_diff_48h hs_slope_48h wspd_mean_48h wspd_max_48h wspd_std_48h gust_max_48h caph_diff_48h wind_forcing_ratio gust_forcing_ratio hs_over_mean_24h hs_over_max_48h wave_obs_count_6h wave_obs_count_24h wave_obs_count_48h wave_missing_ratio_48h high_wave_count_1_5m high_wave_count_2_0m
feature_infos=[0:1] [0:1] [0:1] [1.5:5.4000000000000004] [-1580:0] [0:1580] [0:1] [3.21:19.620000000000001] [0.48999999999999999:8.5999999999999996] [0.02:360] [0:22.960000000000001] [0:28.32] [0:359.89999999999998] [-7.8490000000000002:31.010000000000002] [32.979999999999997:98.900000000000006] [993.47400000000005:1033.402] [-0.99999506520185821:0.99999945168869453] [-0.99999993907651663:1] [-1:0.99999847691328769] [-1:1] [-0.99999986292216425:0.99999925368741438] [-0.99994876378752273:1] [2.25:29.160000000000004] [0.18282899891795079:1.8868990452516805] [8.8950399999999998:285.28560400000003] [0.7350000000000001:5.0500000000000007] [0:1.5052214676474245] [0.17999999999999999:4.7999999999999998] [1.5:5.4000000000000004] [0:3.4199999999999999] [-1.8499999999999999:3.2800000000000002] [-1.9530000000000001:3.2909999999999995] [0.48771428571428582:21.274285714285718] [1.0169999999999999:28.300000000000001] [0:7.4175774539747339] [1.325:30.09] [-2.8410000000000082:3.9279999999999973] [0.50500000000000012:4.8029999999999999] [0:1.4629498358529669] [0.17999999999999999:4.4199999999999999] [1.5:5.4000000000000004] [0:4.2599999999999998] [-2.3399999999999999:4.0100000000000007] [-1.2358181818181813:1.3385454545454554] [1.1317894736842107:20.466315789473686] [2.4510000000000001:28.300000000000001] [0:7.4623237934078421] [2.6459999999999999:30.09] [-4.75:7.9950000000000045] [0.40000000000000002:4.7333333333333334] [0:1.5473378383420062] [0.10000000000000001:4.0899999999999999] [1.5:5.4000000000000004] [0:4.4199999999999999] [-2.2400000000000002:3.7400000000000002] [-0.68999999999999995:0.81600000000000383] [1.7606756756756758:20.397837837837834] [3.552:28.300000000000001] [0:6.9039449798854342] [3.9199999999999999:30.09] [-7.4519999999999982:10.600999999999999] [0.38702702702702702:4.7333333333333334] [0:1.5124039691053994] [0.10000000000000001:4] [1.5:5.4000000000000004] [0:4.4499999999999993] [-2.4199999999999999:3.9499999999999997] [-0.22631578947368422:0.81600000000000383] [1.8577945205479451:19.512222222222224] [3.552:28.300000000000001] [0:6.6925100354202618] [4.3120000000000003:30.09] [-10.658999999999992:14.616999999999962] [0.32616438356164384:4.7333333333333334] [0:1.6478647800512436] [0.080000000000000002:4] [1.5:5.4000000000000004] [0:4.4499999999999993] [-2.6399999999999997:4.1500000000000004] [-0.1258054812834225:0.81600000000000383] [1.8658620689655174:18.643517241379314] [3.552:28.300000000000001] [0.19714630776828287:6.2952550760405082] [3.9420000000000002:30.09] [-16.588999999999942:16.705000000000041] [0.33098591549295769:3.9452307692307693] [0:1.592465061238195] [0.080000000000000002:3.1200000000000001] [1.5:5.4000000000000004] [0:4.4499999999999993] [-3.3800000000000003:4.1600000000000001] [-0.076796328671328754:0.17999999999999997] [3.3685397923875433:17.535121107266434] [5.8419999999999996:28.300000000000001] [0.19714630776828287:6.2176233713431559] [6.0940000000000003:30.09] [-17.100999999999999:16.081999999999994] [0:213.88750726306716] [2.5346632642620457:325.69879888236915] [0.52648243633966718:7.0209780541202038] [0.30583494852415521:0.99999981481484912] [0:19] [0:73] [1:145] [0.4982698961937716:0.9965397923875432] [1:145] [0:145]
tree_sizes=3391 3419 3451 3449 3467 3464 3461 3447 3448 3457 3475 3465 3462 3464 3453 3438 3453 3470 3478 3473 3464 3457 3482 3464 3480 3460 3492 3450 3491 3453 3485 3463 3448 3479 3473 3465 3485 3489 3485 3470 3458 3474 3436 3469 3446 3489 3475 3465 3481 3475 3456 3480 3480 3494 3492 3454 3475 3497 3474 3483 3479 3488 3485 3476 3485 3477 3480 3477 3498 3474 3479 3472 3494 3494 3469 3473 3462 3490 3480 3505 3500 3461 3483 3472 3471 3465 3484 3485 3499 3485 3489 3500 3477 3491 3460 3475 3460 3486 3487 3485 3510 3500 3475 3483 3502 3488 3487 3479 3479 3505 3469 3482 3462 3499 3489 3490 3509 3501 3505 3503 3494 3476 3485 3498 3495 3489 3487 3495 3493 3477 3498 3492 3464 3499 3507 3511 3502 3494 3478 3515 3487 3493 3514 3489 3511 3491 3473 3491 3497 3473 3491 3497 3474 3511 3479 3497 3487 3489 3507 3503 3510 3468 3500 3485 3496 3480 3509 3506 3479 3475 3481 3483 3488 3499 3486 3493 3492 3488 3490 3471 3474 3484 3516 3473 3515 3492 3495 3469 3495 3512 3501 3470 3514 3497 3457 3494 3426 3505 3483 3498

Tree=0
num_leaves=31
num_cat=0
split_feature=97 89 51 97 68 95 83 43 97 83 56 3 46 84 97 75 96 89 67 96 90 23 18 14 21 91 97 9 98 13
split_gain=364.216 167.518 82.0865 68.4551 62.1083 42.1193 40.6991 37.0044 31.1947 25.4217 24.1167 22.5833 22.0558 19.935 24.0029 18.9788 16.5343 16.4677 15.6024 20.3845 15.4047 14.7527 13.4465 13.2857 13.2601 13.4553 13.0125 12.9605 12.6136 12.7869
threshold=91.845217729308004 2.7950000000000004 0.65500000000000014 58.467509210811841 9.4988904109589054 15.485000000000001 18.505000000000003 0.0065454545454549659 110.27313187179264 20.195000000000004 15.284675675675679 2.5850000000000004 1.8429758034520425 5.319499999999949 61.994056314822465 2.2200000000000002 -0.76350000000002172 1.3050000000000004 -0.049626600284495025 9.5755000000000354 1.0850000000000006 1.5983166717349324 -0.72537437101228763 53.755000000000003 0.88134468318692238 0.034581601322626367 80.498147011467537 320.57500000000005 153.86424122299965 -0.48799999999999993
decision_type=10 2 2 8 10 10 8 2 10 10 8 2 10 2 10 2 2 2 2 2 2 2 10 10 10 2 10 2 8 8
left_child=1 3 11 5 -2 21 17 13 10 16 24 -3 15 14 -4 -7 -9 -5 -8 20 26 -1 23 -10 25 -6 -20 -11 -22 -30
right_child=4 2 7 6 8 12 18 9 22 27 -12 -13 -14 -15 -16 -17 -18 -19 19 -21 28 -23 -24 -25 -26 -27 -28 -29 29 -31
leaf_value=-0.20554816287616851 -0.19063364332963256 -0.25357219104097017 -0.2348439372344778 -0.22747281643869077 -0.20530636985319223 -0.23429972061612425 -0.23450772539584913 -0.22496295956110779 -0.21255755037262072 -0.24081674582552121 -0.22829264056420967 -0.30106437204802622 -0.22311695308060558 -0.24116038652700064 -0.22250808775145789 -0.24492177806511861 -0.24075091015625416 -0.21891378289775784 -0.22659477346280346 -0.20630213569728589 -0.23672232543296814 -0.22605543481395507 -0.21202851790314475 -0.19200312378063822 -0.21935171519754201 -0.22726142099469152 -0.21733314523509875 -0.25311742131205373 -0.19264142110159682 -0.22864775276746782
leaf_weight=33.711683243513107 102.27139860391617 14.772535353899 526.88709428906441 260.60267496109009 146.96778762340546 1403.3908586204052 278.78425693511963 73.86267676949501 46.969086766242981 116.66515100002289 186.3612152338028 23.105760425329208 142.42239212989807 263.63293862342834 194.31565734744072 169.69476509094238 311.35959130525589 904.53370320796967 796.58056023716927 42.423691272735596 226.13342580199242 497.3420235812664 317.04133567214012 71.211196064949036 309.0868935585022 30.302636623382568 164.77058663964272 227.26977467536926 9.0907909870147687 376.88904300332069
leaf_count=23 69 39 800 172 97 927 448 57 31 77 123 49 94 174 129 112 534 597 1578 28 150 335 210 47 204 20 111 150 6 917
internal_value=-0.228208 -0.230816 -0.238859 -0.22816 -0.213003 -0.232137 -0.22524 -0.237894 -0.215067 -0.243017 -0.219116 -0.282542 -0.234422 -0.234101 -0.23152 -0.235446 -0.237724 -0.220828 -0.227953 -0.226823 -0.227376 -0.224754 -0.208809 -0.200172 -0.2156 -0.209059 -0.225007 -0.248945 -0.231096 -0.2278
internal_weight=8268.45 7058.24 1751.87 5306.37 1210.21 2246.56 3059.81 1713.99 1107.94 729.157 672.719 37.8783 1715.51 984.836 721.203 1573.09 385.222 1165.14 1894.67 1615.89 1573.46 531.054 435.222 118.18 486.357 177.27 961.351 343.935 612.113 385.98
internal_count=8308 7507 2009 5498 801 1491 4007 1921 732 818 444 88 1133 1103 929 1039 591 769 3238 2790 2762 358 288 78 321 117 1689 227 1073 923
is_linear=0
shrinkage=1


Tree=1
num_leaves=31
num_cat=0
split_feature=97 89 51 97 7 68 95 42 97 84 15 90 18 56 70 75 100 45 92 100 48 63 20 87 10 88 96 97 83 20
split_gain=339.387 150.05 79.0428 59.1669 53.8862 44.8137 40.2692 37.6587 30.1011 28.5419 28.3881 26.261 24.3442 24.2132 23.652 21.3929 20.1374 20.1978 17.5096 17.3203 16.5668 16.133 14.7458 25.8844 14.646 16.5421 14.6116 14.6078 13.5559 13.4702
threshold=94.030950788319998 2.7950000000000004 0.62500000000000011 66.563812446233797 10.385000000000003 10.377876712328769 15.400000000000002 -0.069999999999999937 121.68376010320102 5.0140000000000677 1020.3050000000002 1.6150000000000004 -0.67835202357004432 15.178378378378381 1.1014050099251242 2.2200000000000002 0.88372063052110617 16.975000000000005 14.191770893406385 0.61022051905617591 2.5500000000000118 1.0250000000000001 -0.44205387264680585 1.385 14.435 2.3550000000000004 2.7414999999999741 44.568584317474603 20.895000000000003 -0.55353690456372306
decision_type=10 2 2 10 2 10 10 2 10 2 8 2 10 8 8 2 2 8 10 2 2 2 10 2 10 2 2 10 10 10
left_child=1 3 19 4 6 24 -1 10 13 20 26 18 -10 29 21 16 17 27 22 -3 -9 -6 28 -24 -2 -26 -4 -8 -5 -7
right_child=5 2 7 11 14 8 15 9 12 -11 -12 -13 -14 -15 -16 -17 -18 -19 -20 -21 -22 -23 23 -25 25 -27 -28 -29 -30 -31
leaf_value=0.0010748692036468184 0.022250799087987265 -0.024355341334950764 0.0068952659875902815 0.013141767605517097 0.041764872494137815 0.021609747564389728 -0.0067418632705164424 -0.010274508717335422 0.03880047850458955 -0.024926928066854166 -0.0086369153875757321 -0.0062842938925610822 0.01618173465532708 0.0018766035928865703 -0.00011972237112934956 -0.013601859223903246 -0.010171101316908645 0.021612487850955247 -0.0058686294587048712 -0.069472480058813013 -0.041998200214369216 0.014955654290134256 0.0028956040770116436 0.023586439718444593 0.053089192939567612 0.023909084145592185 -0.0076191415464073051 -0.00075066979131232061 0.0001655958841323043 0.010603827453041533
leaf_weight=1559.0706542730331 98.483569025993347 11.363488733768461 213.25480523705482 449.99415385723114 36.363163948059082 140.90726029872894 606.05273246765137 668.17313754558563 62.120405077934265 163.63423776626587 599.99220514297485 166.66450142860413 137.87699663639069 224.23951101303101 45.453954935073853 243.93622481822968 401.88871821761131 30.302636623382568 98.483569025993347 23.48454338312149 15.151318311691282 45.453954935073853 687.8698513507843 59.090141415596008 39.393427610397339 31.438985496759415 88.25642916560173 925.74554884433746 86.36251437664032 345.45005750656128
leaf_count=2988 65 30 149 303 24 93 400 852 41 108 774 110 91 148 45 161 266 20 65 47 10 30 454 39 26 23 62 611 57 228
internal_value=-0.000125525 -0.00246985 -0.0100222 4.68304e-06 -0.00196769 0.0155611 -0.00261635 -0.00913057 0.0129259 -0.0136729 -0.00486307 0.00496505 0.0232073 0.0100322 0.0172314 -0.00522281 -0.00418209 -0.00264128 0.00632188 -0.0547604 -0.0109779 0.0268709 0.0072574 0.0045324 0.0297336 0.0401376 0.0026467 -0.00312107 0.0110524 0.0137925
internal_weight=8305.95 7226.04 1783.31 5442.73 3894.27 1079.91 3767 1748.46 910.594 846.959 901.503 1548.46 199.997 710.597 127.271 2207.93 1963.99 1562.1 1381.8 34.848 683.324 81.8171 1283.32 746.96 169.316 70.8324 301.511 1531.8 536.357 486.357
internal_count=8320 7605 2032 5573 4545 715 4446 1955 601 970 985 1028 132 469 99 1458 1297 1031 918 77 862 54 853 493 114 49 211 1011 360 321
is_linear=0
shrinkage=0.03


Tree=2
num_leaves=31
num_cat=0
split_feature=97 89 38 97 56 7 97 42 63 16 70 15 63 63 72 61 2 94 70 21 46 12 66 45 92 85 77 46 16 45
split_gain=349.658 131.781 78.0714 73.7076 44.0075 43.6034 43.7219 33.3203 29.47 27.2412 25.4414 23.1468 20.8399 20.5252 19.1349 18.981 17.7854 16.1786 15.922 15.8323 15.3572 15.2674 15.0417 14.072 14.0417 15.8869 13.6758 13.61 12.9247 12.854
threshold=81.147613515213109 2.5050000000000008 0.83620196692895099 109.09163269536522 14.592702702702704 10.385000000000003 55.393225688275692 0.010000000000000122 1.0150000000000003 -0.5549170249155323 2.5492563879972137 1020.3050000000002 2.0850000000000004 0.70500000000000007 2.5695000000000054 1.7750000000000001 1.0000000180025095e-35 4.0971482141847284 2.0337623122152748 0.80757830117366847 1.6177879996116749 318.68500000000006 2.5950000000000006 14.505000000000001 12.236612456747407 1.6644482758620691 2.8950000000000009 2.5561559448873221 -0.62162637414360755 16.045000000000005
decision_type=10 2 2 10 8 2 8 2 2 2 10 8 2 2 2 2 2 10 10 10 10 10 2 10 10 2 2 8 2 10
left_child=1 5 7 4 10 6 12 11 -7 15 24 26 27 29 28 20 17 -15 -13 -12 -5 -6 -4 -18 25 -2 -3 -1 -9 -8
right_child=3 2 22 9 21 8 13 14 -10 -11 19 18 -14 16 -16 -17 23 -19 -20 -21 -22 -23 -24 -25 -26 -27 -28 -29 -30 -31
leaf_value=-0.003406206121558232 0.0081549795099199202 -0.0016074048218423535 -0.040597310285776837 0.030833833634597685 0.0040605665484618495 0.038568074757896434 0.0086813502039074838 -0.0024878168025537213 0.0080615779067863477 0.016548492470027334 0.032685384095506011 -0.0063679088021929868 -0.01219276780337464 0.0032903963482966568 -0.019875579349644193 0.011627189366966899 -0.0027274401853037474 -0.0091002721248675828 -0.018000330564165681 0.013286152761990716 0.055670502013124151 -0.0073012284612491585 -0.085358684058116516 -0.023853291315190497 3.2669568941382689e-05 0.018824299963709708 0.014300504154096314 0.015384231996940405 -0.012150202168016065 0.042430683862677496
leaf_weight=1351.8763763606548 449.99415385723114 384.46470215916634 16.666450142860416 85.983731418848038 328.0260414481163 38.257078737020493 239.76961228251457 157.19492748379707 111.74097254872322 393.93427610397339 74.241459727287292 717.41492205858231 259.08754312992096 1523.8438391983509 239.39082932472229 33.332900285720825 446.5851072371006 101.13504973053932 124.24081015586853 77.271723389625549 30.302636623382568 157.57371044158936 11.363488733768461 30.302636623382568 122.7256783246994 174.24016058444977 55.681094795465469 35.605598032474518 600.74977105855942 10.605922818183897
leaf_count=899 297 259 41 59 218 29 447 223 79 260 49 1015 171 1851 161 22 933 69 82 51 20 104 18 20 81 115 48 25 755 7
internal_value=0.000114079 -0.00323371 -0.00898134 0.0113264 0.00765017 -3.74339e-05 -0.000633092 -0.00836934 0.0158423 0.0206875 0.0115829 -0.0051697 -0.00438244 0.00199145 -0.0124816 0.0315851 0.00102425 0.00251923 -0.00808503 0.0227918 0.0373059 0.000373744 -0.0587438 -0.00406983 0.00930927 0.0111331 0.000405041 -0.00292401 -0.0101463 0.010111
internal_weight=8383.6 6455.98 2307.17 1927.63 1384.07 4148.81 3998.81 2279.14 149.998 543.554 898.473 1281.8 1646.57 2352.24 997.336 149.619 2101.87 1624.98 841.656 151.513 116.286 485.6 28.0299 476.888 746.96 624.234 440.146 1387.48 757.945 250.376
internal_count=8408 7132 2602 1276 915 4530 4422 2543 108 361 593 1404 1095 3327 1139 101 2873 1920 1097 100 79 322 59 953 493 412 307 924 978 454
is_linear=0
shrinkage=0.03


Tree=3
num_leaves=31
num_cat=0
split_feature=97 64 42 63 68 7 97 78 95 97 21 63 97 98 67 15 95 21 45 87 44 83 94 81 15 75 86 95 53 80
split_gain=343.882 134.651 77.144 55.7608 44.6183 39.4648 32.0409 30.7014 30.5691 29.6329 29.3778 22.1019 21.3648 19.9336 19.5078 18.4987 18.4068 18.2096 17.0484 16.6434 15.7392 15.2771 14.9379 13.5919 12.7111 14.8071 12.646 12.5283 11.7571 11.5807
threshold=91.845217729308004 2.6250000000000004 -0.0099999999999998961 0.36500000000000005 9.4988904109589054 10.485000000000001 61.637171365608673 1.7750000000000006 22.200000000000003 58.467509210811841 0.60355593965540077 1.2750000000000001 121.68376010320102 86.744796750146818 0.056169985775248905 1020.3620000000002 24.565000000000001 0.60355593965540077 16.015000000000004 0.29500000000000004 17.999473684210525 20.360000000000003 3.2519711390805979 14.535000000000002 1012.5275 0.72500000000000009 0.38980204787942119 15.005000000000001 2.7300000000000004 12.781134482758622
decision_type=10 2 2 2 10 2 10 2 10 8 10 2 10 8 2 10 10 8 10 2 8 10 8 8 10 2 2 10 2 10
left_child=1 5 6 19 18 9 15 10 13 27 11 -6 20 29 -7 23 -8 26 -2 -4 -12 -17 -15 -3 -10 -26 -11 -1 -24 -5
right_child=4 2 3 8 7 14 16 -9 24 17 12 -13 -14 22 -16 21 -18 -19 -20 -21 -22 -23 28 -25 25 -27 -28 -29 -30 -31
leaf_value=0.0019867172608877062 0.023718377297893719 0.0074428523057619086 -0.033749962197125581 -0.011492426490316718 0.034503719950579069 0.0076183813007011303 0.0062010643650667312 -0.0022153239865206199 -0.00033759819053358028 0.0019741031843586005 0.010665910521261885 0.01471572406615123 0.021671547236921936 0.00066433877434864217 0.032932822719540074 -0.0018676339256879268 -0.0049166151166272955 0.0022823454931403769 0.047409830128396467 -0.077862472606552047 -0.010540149350632874 -0.013015104552477582 -0.0073034907187931371 -0.0037166060073759318 -0.036889190702500879 -0.016496594860150596 0.013486283735210998 -0.0042591364468876798 -0.03668261191052747 -0.026477908453889913
leaf_weight=435.9791844189167 72.347544938325882 112.1197555065155 22.348194509744644 239.39082932472229 104.92287930846214 57.57500958442688 477.26652681827545 106.05922818183899 39.393427610397339 130.30133748054504 572.71983218193054 98.483569025993347 165.149369597435 257.95119425654411 52.27204817533493 162.11910593509674 186.3612152338028 1621.948625266552 43.938823103904724 11.742271691560743 33.332900285720825 348.48032116889954 637.1129350066185 792.79273065924644 34.848032116889954 398.47967159748077 251.8906669318676 857.56461644172668 12.499837607145308 57.57500958442688
leaf_count=296 50 74 59 158 70 44 315 70 26 86 378 65 109 180 36 107 123 2374 29 22 22 230 1061 1346 23 263 167 566 27 38
internal_value=0.000123405 -0.00235259 -0.00624297 -0.0109603 0.015013 0.00197501 -0.00236011 0.013113 -0.0101883 0.00138577 0.0147811 0.0249229 0.0121061 -0.00765108 0.0196646 -0.00491009 0.00307898 0.00367047 0.0326702 -0.0489443 0.00949958 -0.0094757 -0.00544348 -0.00233394 -0.0166533 -0.0181366 0.00956142 -0.00215402 -0.0078688 -0.0143978
internal_weight=8394.97 7198.01 3790.48 1711.34 1196.95 3407.53 2079.14 1080.67 1677.25 3297.68 974.609 203.406 771.202 1204.53 109.847 1415.51 663.628 2004.14 116.286 34.0905 606.053 510.599 907.564 904.912 472.721 433.328 382.192 1293.54 649.613 296.966
internal_count=8414 7621 4052 1857 793 3569 2195 714 1776 3489 644 135 509 1464 80 1757 438 2627 79 81 400 337 1268 1420 312 286 253 862 1088 196
is_linear=0
shrinkage=0.03


Tree=4
num_leaves=31
num_cat=0
split_feature=98 89 68 51 83 7 98 68 10 70 20 16 95 14 96 21 10 64 105 52 100 24 14 105 78 21 12 63 30 50
split_gain=237.802 131.067 77.6152 69.8038 50.9713 36.0965 36.5338 36.035 33.9883 31.4185 30.7003 26.4352 24.5966 23.2188 20.0813 18.0643 17.909 16.9404 16.9183 16.2575 15.5875 15.3346 15.0726 15.2728 14.8464 12.5915 11.8808 13.4038 11.8659 11.8124
threshold=133.9322060111497 2.7950000000000004 11.735547945205482 0.51500000000000012 19.075000000000003 10.385000000000003 109.94449350758173 16.177191780821925 13.995000000000003 1.99799301461227 -0.17175716364931767 -0.54960617940095735 15.485000000000001 83.350000000000009 -1.0000000180025095e-35 -0.072628958478634029 14.035000000000002 3.8250000000000006 33.500000000000007 3.6250000000000004 0.79107757103565657 77.815282500000009 56.780000000000008 123.50000000000001 1.7950000000000006 -0.1330348436917049 57.39500000000001 0.70500000000000007 0.14000000000000004 0.45017247813903466
decision_type=10 2 10 2 10 2 10 10 10 10 10 2 10 10 2 10 10 2 2 2 2 2 10 2 2 10 8 2 2 2
left_child=1 4 8 21 5 6 12 10 25 14 16 -10 26 -7 -5 -8 -4 19 -15 -6 -14 -3 -17 -24 -12 -2 -1 -28 -16 -18
right_child=2 3 7 9 17 13 15 -9 11 -11 24 -13 20 18 28 22 29 -19 -20 -21 -22 -23 23 -25 -26 -27 27 -29 -30 -31
leaf_value=0.0077686347627576001 0.026750730549460981 -0.031404523201577488 0.0056795815019778477 -0.00059259935830028644 -0.0055826417766996596 0.0015023671755241075 0.014891962394678231 -0.0057409567505628022 0.041553232232121699 -0.018901310323143444 0.0034091180284562231 0.019800366576424023 -0.00169220271846029 0.044156208568049637 -0.0076080832033405136 -0.0015139273789558955 0.013751648235359036 -0.014653433892043892 0.015906276059680854 0.014174928665649721 -0.0086852005078001601 -0.072750266680897444 0.0047460462464819844 0.019737609878633867 -0.012144826071105116 0.010338873454138692 0.0073237536131912605 -0.00088725653704236143 -0.015195148119350256 0.033197314688367216
leaf_weight=224.23951101303101 48.484218597412109 14.772535353899 313.63228905200958 285.22356721758842 772.71723389625549 57.57500958442688 167.04328438639641 228.78490650653839 77.271723389625549 268.17833411693573 418.17638540267944 143.9375239610672 783.32315671443939 30.302636623382568 676.12757965922356 275.75399327278137 389.388880610466 186.3612152338028 51.514482259750366 39.393427610397339 452.64563456177711 17.802799016237259 317.4201186299324 75.756591558456421 63.635536909103394 318.17768454551697 210.22454157471657 1201.8783250749111 255.67849650979042 30.302636623382568
leaf_count=148 32 39 207 210 510 53 111 151 54 177 276 95 517 20 1032 182 257 123 34 26 301 32 211 50 42 210 462 2423 366 20
internal_value=-1.3017e-05 -0.00286586 0.00892258 -0.0105589 -0.00045644 0.00111087 0.000547506 0.00518126 0.0181119 -0.0096061 0.00723769 0.027399 -0.00105893 0.0160981 -0.00755785 0.00606703 0.0111029 -0.00649616 0.0263692 -0.00462425 -0.00425323 -0.0540005 0.00386329 0.00763459 0.00135482 0.012509 0.00135381 0.000335144 -0.0096899 0.0151557
internal_weight=8395.72 6363.93 2031.79 1517.78 4846.15 3847.68 3708.29 1443.92 587.871 1485.21 1215.14 221.209 2872.31 139.392 1217.03 835.974 733.324 998.472 81.8171 812.111 1235.97 32.5753 668.931 393.177 481.812 366.662 1636.34 1412.1 931.806 419.692
internal_count=8371 7027 1344 1856 5171 4512 4405 953 391 1785 802 149 3851 107 1608 554 484 659 54 536 818 71 443 261 318 242 3033 2885 1398 277
is_linear=0
shrinkage=0.03


Tree=5
num_leaves=31
num_cat=0
split_feature=97 89 51 97 56 7 71 42 21 84 34 63 63 19 68 100 7 78 71 92 91 95 42 89 96 98 91 81 93 45
split_gain=299.038 126.137 59.8971 45.2373 41.729 32.6551 30.5757 29.94 28.2558 23.4556 22.6018 25.2519 21.3675 20.8749 19.6449 16.4668 15.3252 15.3121 15.0118 14.3435 15.4477 16.9208 14.1177 13.5892 14.8652 13.3399 12.2562 12.1116 12.0239 11.927
threshold=90.768873776688963 2.7950000000000004 0.55500000000000016 58.467509210811841 16.139864864864869 10.385000000000003 17.720000000000002 -0.099999999999999964 0.70171751849711639 5.5440000000000405 1.7053961969232361 2.0350000000000006 1.3650000000000004 0.27655996418848405 9.4988904109589054 0.79903104594446572 10.385000000000003 1.7750000000000006 22.600000000000005 13.900501730103809 0.0059701228153046636 20.585000000000004 -0.10999999999999997 3.3850000000000007 -1.0000000180025095e-35 113.18891811807309 0.012464454416627309 11.910000000000002 17.150000000000002 17.865000000000006
decision_type=10 2 2 8 8 2 8 2 10 2 8 2 2 10 10 2 2 2 10 10 2 8 2 2 2 10 2 8 10 10
left_child=1 3 15 5 8 10 16 23 12 27 11 -1 -2 -7 -10 -3 25 18 -16 20 21 28 -22 24 -4 -5 -6 -9 -8 -21
right_child=4 2 7 6 26 13 19 9 14 -11 -12 -13 -14 -15 17 -17 -18 -19 -20 29 22 -23 -24 -25 -26 -27 -28 -29 -30 -31
leaf_value=-0.0033123691955707956 0.031141812234750998 -0.029674646356835747 0.0084739015238467948 0.0023280429190931308 0.015649020335702441 0.031187680160508616 0.0065239682792491028 0.010818305755925406 0.030470341882071192 -0.022295979364250616 0.0081743422337020241 -0.011899849500345824 0.014431077922760153 0.0034438810923349749 0.011801724846641416 -0.071540738702104895 0.026593314729010619 -0.0037302576813900016 0.032908824958992146 -0.014613719211520153 0.0033970368349420612 0.0024899773689018071 -0.0035749983494972504 -0.0091948454281653037 -0.004098664762438458 0.0088139314555950345 -0.0027098913196393938 -0.0107540619616011 0.028499336750831498 0.003388341009183421
leaf_weight=1653.3876107633114 159.46762523055077 18.560364931821823 107.57436001300812 586.3560186624527 40.908559441566467 36.363163948059082 48.484218597412109 24.242109298706055 53.029614090919495 174.24016058444977 126.13472494482994 378.7829577922821 121.21054649353027 74.241459727287292 646.96129190921783 15.530101269483565 31.817768454551697 54.544745922088623 31.817768454551697 104.54409635066986 390.14644652605057 469.31208470463753 792.03516474366188 337.49561539292336 396.96453976631165 556.05338203907013 163.63423776626587 693.55159571766853 41.666125357151031 48.484218597412109
leaf_count=1098 109 49 71 387 27 24 32 16 35 115 84 250 80 49 427 29 21 36 21 69 655 1008 1401 369 505 367 108 865 29 32
internal_value=-2.42533e-05 -0.0024219 -0.00936656 -0.000121469 0.0133746 -0.00333343 0.00225321 -0.00859237 0.015754 -0.0124223 -0.00414817 -0.00491302 0.0239253 0.0125651 0.0128374 -0.048747 0.00605694 0.0115623 0.0127911 -0.000104153 0.000669574 0.00477663 -0.00127407 -0.00453505 -0.00141803 0.00548497 0.000961891 -0.0100255 0.0166807 -0.0089101
internal_weight=8377.54 7105.97 1768.16 5337.81 1271.57 2268.91 3068.9 1734.07 1067.03 892.034 2158.31 2032.17 280.678 110.605 786.353 34.0905 1174.23 733.324 678.779 1894.67 1741.64 559.462 1182.18 842.035 504.539 1142.41 204.543 717.794 90.1503 153.028
internal_count=8368 7525 2019 5506 843 1505 4001 1941 708 996 1432 1348 189 73 519 78 775 484 448 3226 3125 1069 2056 945 576 754 135 881 61 101
is_linear=0
shrinkage=0.03


Tree=6
num_leaves=31
num_cat=0
split_feature=97 76 63 97 78 42 70 16 70 84 3 14 83 59 7 21 90 63 75 75 16 64 43 73 58 94 97 14 13 83
split_gain=279.464 115.694 54.6506 36.8958 36.7784 34.0809 29.3319 27.6199 23.6056 22.3609 20.6076 18.8921 18.6716 21.2985 18.5317 18.3671 17.8192 21.6409 16.9173 25.4692 17.7189 15.8382 15.5424 14.3438 13.4055 13.1974 12.916 12.6716 13.2432 12.4776
threshold=90.768873776688963 3.4950000000000006 0.46500000000000002 66.563812446233797 1.7750000000000006 0.010000000000000122 1.6470325017119996 0.49082770717814922 0.96231341900716327 -0.076999999999998167 2.9150000000000005 60.190000000000005 20.360000000000003 18.745000000000001 10.385000000000003 0.91889451886228757 2.1850000000000009 0.95500000000000007 1.3550000000000002 0.44500000000000006 -0.56114472106565871 2.2350000000000008 0.040181818181818367 1.6538356164383565 0.90433405065018546 4.0142998087184347 44.568584317474603 71.095000000000013 9.8350000000000026 13.855000000000002
decision_type=10 2 2 10 2 2 10 2 8 2 2 8 10 10 2 10 2 2 2 2 2 2 2 2 10 10 8 10 10 8
left_child=1 3 10 7 6 9 24 16 14 -4 -3 -11 13 29 -9 25 17 -1 19 -8 23 -16 -17 -21 -2 -5 -19 -24 -29 -7
right_child=4 2 5 15 -6 12 18 8 -10 11 -12 -13 -14 -15 21 22 -18 26 -20 20 -22 -23 27 -25 -26 -27 -28 28 -30 -31
leaf_value=0.0029986989824416495 0.0020722006928321937 -0.018774886942688682 0.003895407403699177 0.0094275599666738992 -0.002487725918910878 0.007383414772712967 0.0073322968975704358 0.0058090705692461463 0.00071299708087271081 -0.011547836724208215 -0.070423647586001628 -0.0031168840399745283 -0.016418926954360352 0.012872059386931447 0.041760070754588943 0.0055342057284485831 -0.015764848835267253 -0.0075728387992362424 0.00966895041829113 0.040197599043481795 0.020662051797520207 0.011087569450088581 -0.0072522840961391317 0.017314994853811164 0.012702052803057962 -0.0036007408377086341 -0.0023960683002564073 0.019130292138351466 -0.0013526480231233309 -0.012037709200256534
leaf_weight=515.52360555529594 154.5434467792511 11.742271691560747 228.78490650653839 581.81062316894531 122.7256783246994 33.332900285720825 89.392778038978577 111.36218959093094 726.12693008780479 399.9948034286499 17.045233100652695 595.06802669167519 465.14547216892242 41.666125357151031 30.302636623382568 360.60137581825256 94.695739448070526 602.26490288972855 131.81646931171417 94.695739448070526 266.6632022857666 30.302636623382568 246.96648848056793 33.332900285720825 345.45005750656128 79.544421136379242 1550.3586462438107 37.87829577922821 113.63488733768463 278.78425693511963
leaf_count=854 102 31 151 384 81 22 59 75 849 267 33 806 307 29 20 238 148 399 87 67 176 20 163 22 228 57 2170 25 75 448
internal_value=-5.60317e-05 -0.00233422 -0.00830973 0.000101862 0.0131003 -0.00773129 0.0148147 -0.00149047 0.00307992 -0.00456153 -0.0493564 -0.00650595 -0.0124683 -0.00727418 0.0130742 0.00420584 -0.00297613 -0.00252224 0.0191971 0.0217916 0.0250664 0.0264238 0.00102161 0.03424 0.00941646 0.00786058 -0.00384443 -0.00306203 0.00376809 -0.00996361
internal_weight=8391.56 7152.94 2071.56 5081.37 1238.62 2042.78 1115.89 3660.94 898.094 1223.85 28.7875 995.063 818.929 353.783 171.967 1420.44 2762.84 2668.15 615.901 484.085 394.692 60.6053 759.081 128.029 499.994 661.355 2152.62 398.48 151.513 312.117
internal_count=8393 7571 2094 5477 822 2030 741 4535 964 1224 64 1073 806 499 115 942 3571 3423 411 324 265 40 501 89 330 441 2569 263 100 470
is_linear=0
shrinkage=0.03


Tree=7
num_leaves=31
num_cat=0
split_feature=97 89 97 51 56 83 7 43 97 68 83 14 45 20 15 64 63 19 105 18 24 60 90 98 98 90 81 14 13 13
split_gain=265.675 108.803 58.7081 49.0334 39.9158 36.3075 33.8888 27.9925 27.6151 21.4567 20.7307 19.901 18.5219 17.7611 16.7241 15.7575 15.1315 14.7104 13.9221 13.501 12.4282 12.4257 12.2477 12.0475 12.0198 11.8921 12.6325 11.6524 15.0557 11.3221
threshold=82.240695522134487 2.7950000000000004 112.1673739795507 0.51500000000000012 14.542702702702703 18.920000000000005 10.385000000000003 0.0065454545454549659 42.709132954225801 9.4988904109589054 20.195000000000004 83.350000000000009 17.620000000000001 -0.39618659661887473 1020.3050000000002 3.8250000000000006 0.87500000000000011 0.77151354329250521 29.500000000000004 -0.78374765672693414 91.354698000000027 0.93299999999999284 1.9650000000000005 109.94449350758173 135.76037483579779 0.95500000000000029 19.080000000000002 60.190000000000005 11.160000000000002 5.9390000000000009
decision_type=10 2 10 2 8 10 2 2 8 10 10 10 10 10 8 2 2 10 2 10 2 2 2 10 8 2 10 10 10 10
left_child=1 5 4 20 13 6 8 14 24 -4 -9 -8 15 16 29 -7 -2 -6 -13 21 -3 -11 -19 -10 -1 26 -14 -15 -29 -5
right_child=2 3 9 7 17 12 11 10 23 19 -12 18 25 27 -16 -17 -18 22 -20 -21 -22 -23 -24 -25 -26 -27 -28 28 -30 -31
leaf_value=-0.0054080267581858672 0.027538950009548861 -0.029972149986017396 0.038421218544327757 0.01067391601227676 0.0040959516857021188 -0.0051841964491739978 0.0017684706321391707 -0.0087847867492298892 0.00053559338614039332 0.015043480694043761 -0.019384671144682605 0.041487222131784907 0.027593538977593514 0.0021253561154320937 -0.0080966425990921052 -0.016293850526336268 0.01270135974216772 -0.00073883776693660721 0.015405424324865037 0.014472105246568884 -0.068397306795536822 0.038571629048721037 -0.017054272342772115 0.0049540963176015291 0.013750401821902923 -0.0043778538098034839 0.0034351313702379736 0.020300687324395612 0.0060558242883847939 -0.0029042756245832037
leaf_weight=748.09634163975716 78.029289305210114 17.045233100652698 48.105435639619827 74.241459727287292 314.01107200980186 895.4429122209549 53.029614090919495 379.16174075007439 2055.655111938715 36.363163948059082 295.45070707798004 30.302636623382568 30.302636623382568 227.26977467536926 648.09764078259468 131.81646931171417 298.4809707403183 113.63488733768463 46.969086766242981 323.10186299681664 13.636186480522154 45.453954935073853 65.150668740272522 760.97496220469475 30.68141958117485 74.241459727287292 54.544745922088623 104.54409635066986 184.84608340263367 216.28506889939308
leaf_count=499 53 45 34 49 208 591 47 596 3306 24 195 20 20 150 889 87 197 75 31 214 24 30 43 503 21 49 36 69 122 157
internal_value=2.68911e-05 -0.00279967 0.0101035 -0.00948025 0.007039 -0.000563881 0.000891542 -0.00876573 0.000346858 0.0194791 -0.0134271 0.015921 -0.00513462 0.0108207 -0.0054155 -0.00660977 0.0157764 0.000184902 0.0256336 0.0172287 -0.04705 0.0281147 -0.00668429 0.00172935 -0.00465324 0.00439067 0.0120631 0.00720927 0.0112019 0.00056551
internal_weight=8394.97 6555.98 1838.99 1643.92 1385.97 4912.06 3725.71 1613.24 3595.41 453.024 674.612 130.301 1186.35 893.17 938.624 1027.26 376.51 492.797 77.2717 404.919 30.6814 81.8171 178.786 2816.63 778.778 159.089 84.8474 516.66 289.39 290.527
internal_count=8384 7165 1219 1955 917 5210 4427 1886 4329 302 791 98 783 591 1095 678 250 326 51 268 69 54 118 3809 520 105 56 341 191 206
is_linear=0
shrinkage=0.03


Tree=8
num_leaves=31
num_cat=0
split_feature=64 32 51 89 98 68 42 42 32 7 46 16 21 20 87 64 75 14 41 46 73 76 19 42 11 71 96 7 81 89
split_gain=183.281 117.407 77.8389 63.091 52.9744 36.5843 27.4349 25.6291 21.0904 23.2686 19.0908 18.8769 18.5994 18.3463 18.021 21.11 17.2999 17.1933 15.6299 15.4913 13.9239 15.8521 16.4293 14.1596 13.8654 13.5792 13.5018 12.9837 12.7375 12.3667
threshold=2.6250000000000004 12.632857142857146 0.48500000000000004 3.1350000000000002 120.66121808991529 10.741116438356167 -0.074999999999999942 -0.21000000000000005 9.849000000000002 11.365 0.79002977687319653 -0.5549170249155323 0.62032672018408885 -0.84860254829152315 1.3650000000000004 2.2650000000000001 0.52500000000000013 60.595000000000006 0.46000000000000069 1.8429758034520425 2.5850000000000009 3.4350000000000005 0.81436881721317123 0.16499999999999995 16.945000000000004 13.380000000000001 -4.8379999999999646 9.6650000000000009 14.390000000000002 1.9050000000000005
decision_type=2 10 2 2 10 10 2 2 8 2 10 2 8 10 2 2 2 8 2 10 2 2 10 2 10 8 2 2 8 2
left_child=1 8 -2 4 6 11 19 -5 9 -1 -6 -3 -10 26 15 29 -12 18 -8 27 21 22 24 -22 -18 -14 -7 -4 -9 -15
right_child=2 5 3 7 10 13 17 28 12 -11 16 -13 25 14 -16 -17 20 -19 -20 -21 23 -23 -24 -25 -26 -27 -28 -29 -30 -31
leaf_value=-0.0027651848982674092 -0.048105369312304906 0.036803749773538515 -0.0023939346800047993 -0.0049703645988382113 -0.0028714603993528188 0.034977000982751041 -0.0066236966330863326 0.008389736544990891 0.0090902957231792474 0.017087290336988532 -0.011773774283042115 0.018076273308269945 0.011579412442903876 0.0081396824366522652 0.027395598446009792 -0.00086582507675865875 0.0044355918247457812 -0.0050622639311431739 -0.018451555497770274 0.018668548283177943 0.0051421789664001776 0.019032125467935063 -0.0035691151748951386 -0.013507209472533121 0.017898242508383178 0.0012972370985376413 0.014533001468818146 0.016072964759177032 -0.015279260978458912 0.021438043823750724
leaf_weight=1018.5473735034466 36.363163948059082 74.241459727287292 910.2154475748539 449.23658794164658 292.42044341564178 39.393427610397339 192.42174255847931 21.211845636367798 418.93395131826401 56.059877753257751 45.453954935073853 139.39212846755981 124.61959311366081 272.72372961044312 40.908559441566467 206.05792903900146 149.99805128574371 718.17248797416687 210.60332453250885 34.848032116889954 149.99805128574371 129.1649886071682 99.998700857162476 48.484218597412109 127.27107381820679 1596.5701670944691 110.98340663313866 35.605598032474518 579.53792542219162 81.817118883132935
leaf_count=679 81 52 1077 478 193 26 127 14 278 37 30 92 83 180 27 136 99 1017 139 23 99 86 66 32 84 2349 74 25 639 54
internal_value=-2.64994e-07 0.00445496 -0.00440205 -0.00402318 -0.00189719 0.013629 -0.00463979 -0.0103904 0.00169962 -0.00172953 0.00363087 0.0245844 0.00342148 0.0105162 0.00817311 0.00677039 0.00616484 -0.00784526 -0.0128044 -0.000974994 0.00732154 0.00996112 0.00685548 0.000586603 0.0106152 0.0020417 0.0198886 -0.00169875 -0.0144435 0.0112085
internal_weight=8411.25 4180.25 4231.01 4194.64 3144.66 965.518 2101.87 1049.99 3214.73 1074.61 1042.79 213.634 2140.12 751.884 601.507 560.599 750.369 1121.2 403.025 980.669 704.915 506.433 377.268 198.482 277.269 1721.19 150.377 945.821 600.75 354.541
internal_count=8376 4067 4309 4228 3097 641 2408 1131 3426 716 689 144 2710 497 397 370 496 1283 266 1125 466 335 249 131 183 2432 100 1102 653 234
is_linear=0
shrinkage=0.03


Tree=9
num_leaves=31
num_cat=0
split_feature=97 89 97 63 97 56 81 84 68 53 21 14 16 89 43 97 90 67 96 46 3 91 42 43 7 88 106 14 71 83
split_gain=218.731 95.9399 42.0937 35.1242 34.9437 28.5194 26.8424 26.7567 25.9746 24.672 21.2272 19.7363 17.9666 16.7448 16.5081 19.0097 16.438 15.8119 21.4246 14.0842 15.0379 14.0084 13.5912 13.5241 12.8075 12.1118 10.7705 10.3298 9.26081 9.10755
threshold=91.845217729308004 2.7950000000000004 55.393225688275692 0.46500000000000002 121.68376010320102 16.139864864864869 11.945000000000002 5.319499999999949 12.075979452054794 2.7300000000000004 0.87634871430917649 92.350000000000009 -0.27790150705370692 1.2750000000000001 -0.037909090909090511 64.122604714994836 1.1850000000000003 -0.049626600284495025 9.9284999999999872 1.8429758034520425 2.0250000000000004 0.032500531412376014 0.6100000000000001 -0.071545454545454176 8.8150000000000031 3.1750000000000003 22.500000000000004 49.305000000000007 21.805000000000003 21.570000000000004
decision_type=10 2 8 2 10 8 10 2 8 2 10 10 2 2 2 10 2 2 2 10 2 2 2 2 2 2 2 8 10 10
left_child=1 2 6 9 5 10 11 14 13 -3 21 22 25 -4 15 -5 17 -10 -19 20 -8 -2 -1 -9 -15 26 -6 -18 -12 -16
right_child=4 3 8 7 12 -7 19 23 16 -11 28 -13 -14 24 29 -17 27 18 -20 -21 -22 -23 -24 -25 -26 -27 -28 -29 -30 -31
leaf_value=0.0042317929954711897 0.020724967888048729 -0.0054236817803561708 -0.0011939787119037365 -0.004641708789469191 0.027526627387728465 -0.0022556660777331133 -0.0030177743396592005 -0.0085051669722176256 -0.0053287209824345273 -0.052087088787667282 0.0066150374835617755 0.027730400098443356 0.013738720699301784 0.0066257761410464678 -0.0064057547615834131 0.0078826897149958126 -0.013352014369660836 0.002597863239259657 0.027551570419601205 0.0047681475668821718 -0.0089773957652506016 0.0011094011886020343 -0.016144190897813323 -0.019647827705574016 0.024761887697192578 0.01557164527575002 0.04893209560543748 -0.0023760257204986793 0.021497432177706603 -0.014222220031901232
leaf_weight=278.02669101953506 242.79987594485283 16.28766718506813 265.14807045459747 446.5851072371006 59.090141415596008 165.149369597435 836.35277080535889 190.90661072731018 229.92125537991524 27.272372961044312 469.69086766242981 29.545070707798004 139.39212846755981 966.27532532811165 537.49301710724831 144.31630691885948 89.392778038978577 1156.8031530976295 31.817768454551697 124.24081015586853 699.99090600013733 37.87829577922821 32.954117327928543 201.51253354549408 36.363163948059082 40.908559441566467 32.954117327928543 564.38660711050034 40.908559441566467 178.78555607795715
leaf_count=188 161 43 175 666 39 109 552 126 382 60 310 21 92 640 774 96 59 1890 21 82 462 25 24 133 24 27 24 962 27 118
internal_value=9.8956e-05 -0.00192769 6.6738e-05 -0.00803882 0.0117834 0.00908378 -0.00337402 -0.00735707 0.00212815 -0.034639 0.0114505 0.00429873 0.021264 0.00551052 -0.00529468 -0.00158287 5.89141e-05 0.00187281 0.00326584 -0.00494743 -0.0057331 0.0180778 0.00207258 -0.0142271 0.00728353 0.0291538 0.0351903 -0.0038768 0.0078074 -0.00835677
internal_weight=8313.15 7084.38 5341.22 1743.16 1228.77 956.427 2001.11 1699.6 3340.11 43.56 791.278 340.526 272.345 1267.79 1307.18 590.901 2072.32 1418.54 1188.62 1660.58 1536.34 280.678 310.981 392.419 1002.64 132.953 92.0443 653.779 510.599 716.279
internal_count=8312 7498 5482 2016 814 632 1329 1913 4153 103 523 233 182 839 1654 762 3314 2293 1911 1096 1014 186 212 259 664 90 63 1021 337 892
is_linear=0
shrinkage=0.03


Tree=10
num_leaves=31
num_cat=0
split_feature=97 89 97 51 83 42 56 97 83 18 97 83 21 70 15 71 99 96 34 80 13 90 96 67 16 80 70 67 65 100
split_gain=204.188 98.7975 41.8331 34.4351 32.198 26.3727 26.285 24.6661 22.6407 20.9718 17.3706 16.0463 15.3726 15.2138 14.6209 14.0794 13.9375 13.8442 13.4221 13.2723 11.9567 11.9359 11.6533 10.7442 10.6555 10.1921 10.1009 9.9463 10.4912 9.93719
threshold=89.449652748762773 2.7950000000000004 119.78236393459581 0.62500000000000011 18.920000000000005 -0.11999999999999976 15.284675675675679 55.081451248669559 20.360000000000003 -0.67835202357004432 67.785868290734172 10.620000000000003 0.83666872016047622 2.9981664719444239 1020.3050000000002 14.510000000000002 0.99274227583169139 -0.76350000000002172 1.6717376116953295 10.882937931034485 5.8035000000000005 1.3250000000000004 -3.2250000000000791 -0.02546941678520635 -0.32003431175174007 11.603718510536401 2.8074036989582085 0.085725462304409653 0.87500000000000022 0.61022051905617591
decision_type=10 2 10 2 10 2 8 10 10 10 10 8 10 10 8 10 2 2 10 10 10 2 2 2 2 10 10 2 2 2
left_child=1 4 6 29 7 14 12 11 17 -4 18 -1 13 -2 20 23 -9 -7 -6 24 -5 27 -23 -13 -11 -18 -10 28 -12 -3
right_child=2 3 9 5 10 8 -8 16 26 19 21 15 -14 -15 -16 -17 25 -19 -20 -21 -22 22 -24 -25 -26 -27 -28 -29 -30 -31
leaf_value=0.022981496146487139 0.013199516964897878 -0.018581446466095764 0.033343530215058689 0.012387028691464578 -0.00777566140168914 0.003682861848751592 -5.9313164893942792e-05 0.0087206866831797316 -0.014540584233542568 0.034728175535522258 0.0096629696461770689 -0.0036722234703020669 0.007933432876808616 0.03166834416125125 -0.0065230170269311568 -0.0045078461422618102 0.0039285528965790273 -0.0092843073394894698 0.0050924530290507022 0.0059091561286392863 -0.0019514188886813665 0.0089430542073008438 -0.012293431464475214 0.0018819106825446969 0.015837784745109544 -0.0034073620774416617 -0.028088149685227173 0.014849188926725102 -0.0024796708436453925 -0.052176996481509114
leaf_weight=25.757241129875183 177.27042424678802 13.257403522729872 86.36251437664032 72.726327896118164 796.95934319496155 90.529126912355423 266.6632022857666 451.50928568840027 354.54084849357605 39.014644652605057 90.907909870147705 408.32802850008011 478.78165864944458 51.893265217542648 570.06835147738457 674.23366487026215 820.44388657808304 408.32802850008011 80.301987051963806 77.271723389625549 186.73999819159508 30.302636623382568 99.998700857162476 1349.2248956561089 86.36251437664032 215.14872002601624 57.57500958442688 56.059877753257751 216.66385185718536 19.696713805198669
leaf_count=17 117 35 57 48 526 71 176 298 234 28 60 724 316 35 740 445 546 691 53 51 136 20 66 2401 57 142 38 37 143 43
internal_value=-0.00016932 -0.00214959 0.0109406 -0.0082811 -0.000104004 -0.00770589 0.00796815 0.00127256 -0.0112298 0.0209644 -0.00406409 -0.000572829 0.0109919 0.0173817 -0.00383602 -0.000822314 0.00432219 -0.00693112 -0.00659775 0.0156888 0.00206753 0.000435889 -0.00735471 0.000591532 0.0217161 0.00240449 -0.0164333 0.00322752 0.00110929 -0.0386615
internal_weight=8352.92 7089.3 1263.62 1773.46 5315.84 1740.51 974.609 3944.65 910.973 289.011 1371.19 2457.54 707.945 229.164 829.535 2431.79 1487.1 498.857 877.261 202.649 259.466 493.933 130.301 1757.55 125.377 1035.59 412.116 363.632 307.572 32.9541
internal_count=8351 7514 837 2036 5478 1958 644 4573 1034 193 905 3587 468 152 924 3570 986 762 579 136 184 326 86 3125 85 688 272 240 203 78
is_linear=0
shrinkage=0.03


Tree=11
num_leaves=31
num_cat=0
split_feature=97 76 97 63 90 7 97 42 56 70 95 16 84 46 95 68 3 76 63 2 23 100 73 84 69 79 90 66 60 103
split_gain=208.017 86.8527 41.8412 36.2417 26.4472 24.0542 25.6147 23.6658 23.494 19.3067 18.1627 17.6768 17.2555 15.1712 14.9543 22.7996 14.1856 13.6951 13.9449 17.7902 15.5178 15.5095 13.5164 13.0824 12.2207 11.5033 11.3287 23.4367 11.254 11.1119
threshold=82.240695522134487 3.4950000000000006 110.27313187179264 0.46500000000000002 2.1650000000000005 10.385000000000003 49.742004198709743 -0.044999999999999922 14.592702702702704 2.9522869397687947 12.775000000000002 -0.5549170249155323 -0.65850000000000353 2.5561559448873221 20.360000000000003 13.20919178082192 2.7350000000000008 3.4650000000000003 0.7350000000000001 1.0000000180025095e-35 1.6352728194859305 0.74921297244704455 1.7270338660578388 3.5985000000000018 13.015000000000002 0.037952610144390928 1.2350000000000005 0.25000000000000017 -2.2534999999999736 143.50000000000003
decision_type=10 2 10 2 2 2 8 2 8 10 10 2 2 8 10 10 2 2 2 2 2 2 2 2 10 2 2 2 2 2
left_child=1 4 8 16 5 6 13 23 9 -2 -7 22 -12 24 15 -9 -3 18 29 21 -21 28 25 -5 -1 -4 27 -25 -20 -8
right_child=2 3 11 7 -6 10 17 14 -10 -11 12 -13 -14 -15 -16 -17 -18 -19 19 20 -22 -23 -24 26 -26 -27 -28 -29 -30 -31
leaf_value=-0.0014062864244253255 0.0075266384003553413 -0.018200130412536597 0.038534589035010183 -0.0016676109574405773 -0.012254115323003238 -0.0067710714717211483 -0.010222758979592073 -0.0092239728546974261 0.0006727750922418561 0.022436171299171491 0.01067734066226057 0.012837244373476966 0.036989243320552957 0.011970252506805546 -0.014453025218737967 0.014972607009404627 -0.062376087051607722 0.018776593377751859 0.019578001995661756 -0.0092733857002412663 0.00029246189167503778 -0.00099841190197832563 0.010684169531868903 -0.0077335680089199096 -0.0073900556437897129 0.016222368758525375 -0.013461279707838617 0.020430474300752795 0.0035100108899487992 0.0080414001561930452
leaf_weight=577.64401063323021 760.59617924690247 11.742271691560747 66.287017613649368 612.49204275012016 162.8766718506813 36.363163948059082 32.954117327928543 275.75399327278137 465.90303808450699 87.120080292224884 86.36251437664032 368.17703497409821 30.302636623382568 51.893265217542648 510.59942710399628 40.150993525981903 14.772535353899 39.014644652605057 40.908559441566467 296.96583890914917 314.01107200980186 1098.4705775976181 39.393427610397339 184.84608340263367 656.0520828962326 30.302636623382568 210.60332453250885 31.060202538967133 956.42696842551231 332.19265398383141
leaf_count=388 502 31 46 777 217 45 63 488 309 59 57 243 20 35 337 28 27 28 27 637 532 1139 26 122 433 20 139 22 1025 562
internal_value=-8.25133e-05 -0.00255599 0.00890428 -0.00798542 -0.000376105 4.91343e-05 -0.000357836 -0.00749042 0.00608458 0.0090589 0.0117415 0.0162512 0.0175116 -0.00391993 -0.0112789 -0.00614863 -0.0428124 0.00111419 0.000889871 0.000147484 -0.00435703 0.00146066 0.0254944 -0.00447673 -0.00458832 0.0315347 -0.00851079 -0.0036819 0.00416909 0.00639308
internal_weight=8422.24 6604.46 1817.78 1892.02 4712.44 4549.56 4396.53 1865.51 1313.62 847.716 153.028 504.16 116.665 1285.59 826.504 315.905 26.5148 3110.94 3071.93 2706.78 610.977 2095.81 135.983 1039 1233.7 96.5897 426.51 215.906 997.336 365.147
internal_count=8384 7179 1205 1971 5208 4991 4869 1913 870 561 122 335 77 856 853 516 58 4013 3985 3360 1169 2191 92 1060 821 66 283 144 1052 625
is_linear=0
shrinkage=0.03


Tree=12
num_leaves=31
num_cat=0
split_feature=98 64 51 80 42 78 47 83 95 96 89 20 96 32 16 98 42 58 95 94 94 83 87 79 99 44 105 92 14 24
split_gain=150.008 85.0458 52.7427 44.3053 36.5827 31.0337 34.6784 23.5548 23.1429 22.8723 18.8543 16.6598 18.1306 16.4455 15.6573 14.9193 14.0726 13.664 13.2639 15.0148 12.7613 12.6762 12.4996 12.3489 10.8887 19.9752 19.7973 10.2855 9.97136 9.79668
threshold=133.9322060111497 2.6250000000000004 0.48500000000000004 10.882937931034485 0.010000000000000122 1.6850000000000003 19.835000000000004 20.360000000000003 24.565000000000001 0.30899999999996913 3.1950000000000007 -0.49500375598202623 -7.4735000000000005 9.903571428571432 0.19140859510222866 113.57816159818017 0.18499999999999986 1.0292336054092137 16.020000000000003 3.6773173212257135 1.9821228548867478 16.900000000000002 1.5750000000000004 0.028485746019992531 1.0130118128683019 12.468684210526318 131.50000000000003 11.692415224913498 57.805000000000007 77.815282500000009
decision_type=10 2 2 10 2 2 10 10 10 2 2 10 2 8 2 10 2 10 8 10 10 8 2 2 2 8 2 10 10 2
left_child=1 13 29 5 10 6 11 -6 16 -8 15 12 -2 14 -1 21 22 -10 19 -15 23 -4 -5 -16 -20 -26 27 -27 -7 -3
right_child=3 2 4 8 7 28 9 -9 17 -11 -12 -13 -14 18 20 -17 -18 -19 24 -21 -22 -23 -24 -25 25 26 -28 -29 -30 -31
leaf_value=-0.0045997391413967661 0.041481341261580387 -0.02685631237855381 0.0043126171298392057 0.00700214856318145 -0.005983449437097367 -0.011318672500870125 0.018973829976925934 -0.014053223244039962 -0.011146729520285878 0.04974918163240493 -0.0078664105877198666 0.0087215744122839407 0.015781582242982373 0.0061623533906153393 0.0042404158454114535 0.0054181833352424762 0.00028165130004143127 0.0022710071679176561 0.0055988477370703602 0.027186899948520228 -0.0015186810729737007 -0.003824573860456208 0.022359500290115492 0.022182495771877479 -0.0050483901320283542 0.0028239831563886555 0.027078357879229385 -0.023527319014933851 0.0075385846209530989 -0.058206209104379202
leaf_weight=631.05240768194199 28.78750479221344 18.939147889614105 213.63358819484711 643.93102824687958 949.23009222745895 54.544745922088623 48.484218597412109 495.44810879230499 128.78620564937592 39.393427610397339 427.6459593474865 368.17703497409821 174.24016058444977 368.93460088968277 130.30133748054504 287.8750479221344 290.90531158447266 145.45265579223633 465.52425512671471 33.332900285720825 251.13310101628304 890.51873376965523 51.514482259750366 46.969086766242981 413.63098990917206 595.82559260725975 30.302636623382568 13.636186480522154 46.969086766242981 17.045233100652695
leaf_count=418 19 50 141 425 1258 36 32 327 85 26 520 243 118 245 86 190 192 96 584 22 171 1166 34 31 273 1393 29 9 31 33
internal_value=2.01905e-05 -0.00226736 -0.00558486 0.00712893 -0.00518667 0.0128471 0.0152253 -0.00875095 0.0036788 0.0327697 -0.00235691 0.0125262 0.0194256 0.00140595 -0.00159482 -0.000664337 0.00582214 -0.00403014 0.00306075 0.0079045 0.00283152 -0.00225017 0.00813973 0.0089943 0.00177794 8.9381e-05 0.00341114 0.0022344 -0.00259367 -0.0417063
internal_weight=8302.16 6280.98 3300.34 2021.19 3264.35 760.596 659.082 1444.68 1260.59 87.8776 1819.67 571.205 203.028 2980.64 1059.46 1392.03 986.351 274.239 1921.19 402.268 428.404 1104.15 695.446 177.27 1518.92 1053.4 639.764 609.462 101.514 35.9844
internal_count=8283 6946 3685 1337 3602 505 438 1585 832 58 2017 380 137 3261 706 1497 651 181 2555 267 288 1307 459 117 2288 1704 1431 1402 67 83
is_linear=0
shrinkage=0.03


Tree=13
num_leaves=31
num_cat=0
split_feature=97 64 42 39 97 97 7 97 21 86 62 44 95 106 20 14 16 36 95 15 83 77 91 46 77 68 7 45 77 77
split_gain=195.465 86.4841 48.0897 34.4418 26.7762 24.607 22.7312 24.1872 20.3447 18.9352 18.8809 15.8877 15.6625 15.3034 13.8022 13.6961 13.4944 11.0276 10.5957 10.3729 9.94147 9.65248 9.61172 9.14086 9.05575 12.632 8.9761 8.96697 8.56064 8.53797
threshold=93.530876145501011 2.6250000000000004 0.030000000000000141 0.99500000000000011 57.933457420629317 121.68376010320102 10.485000000000001 60.239002614939217 0.50686138996327013 0.69122279175634183 0.2504486964417012 16.811315789473689 24.565000000000001 125.50000000000001 -0.81375993805450619 62.605000000000011 -0.85227513186527171 0.57100000000008333 15.005000000000001 1012.5275 21.710000000000004 3.3650000000000007 0.017002716107699562 1.6081797544845806 1.3850000000000005 9.0931575342465774 6.2950000000000008 17.105000000000004 1.1850000000000001 1.7750000000000006
decision_type=10 2 2 2 10 10 2 8 10 2 2 8 10 2 8 8 2 2 10 10 8 2 2 10 2 8 2 8 2 2
left_child=1 6 4 -4 15 8 7 18 17 13 -8 -10 -6 22 28 21 -11 -2 24 -7 27 -3 -5 -21 -1 -26 29 -18 -9 -16
right_child=5 2 3 9 12 19 10 14 11 16 -12 -13 -14 -15 26 -17 20 -19 -20 23 -22 -23 -24 -25 25 -27 -28 -29 -30 -31
leaf_value=-0.00060392350971427526 0.013709661393567633 -0.0075165497021623057 -0.042706741477912112 0.00032036144647731635 0.0044645250382050533 0.0082802867277620915 0.00076736261581660111 0.0027466518835492794 0.0086441592048847257 0.0057211420018885625 0.026201147343651275 -0.0040482714796585603 -0.0049341883827604292 -0.013336730631926251 0.003145703042497304 -0.0023989861489782183 -0.011944913885825029 0.030910554047188767 -0.0037855084324192548 0.019668448377572888 -0.016323358342609128 -0.024942705230834014 -0.0068265906395822192 0.035998277445826059 -0.00041684859901023322 0.019813907852069573 -0.00023504385763317565 5.4151137475838815e-05 0.012995986888216843 0.012528824936409579
leaf_weight=350.37423595786095 128.02863973379135 511.35699301958084 26.893590003252029 324.23821187019348 617.79500415921211 57.57500958442688 46.590303808450699 119.69541466236115 587.87115049362183 36.363163948059082 60.226490288972855 104.54409635066986 215.14872002601624 176.13407537341118 767.03548952937126 858.32218235731125 228.78490650653839 45.453954935073853 939.38173532485962 166.28571847081184 372.34364750981331 30.302636623382568 354.54084849357605 37.87829577922821 58.332575500011444 53.029614090919495 772.71723389625549 74.241459727287292 189.39147889614105 98.483569025993347
leaf_count=238 86 339 65 331 410 38 36 79 388 63 45 69 142 195 1017 1438 151 30 620 112 506 20 369 25 40 35 1215 49 125 149
internal_value=-0.000156658 -0.00195653 -0.00506333 -0.00904444 -0.0022222 0.011466 0.00148404 0.00104944 0.00902955 -0.00846658 0.0151077 0.0067278 0.00203684 -0.00545726 0.00321221 -0.00475619 -0.0120813 0.0182164 -0.00195646 0.0195266 -0.0130398 -0.00849144 -0.00341264 0.0226981 0.00176466 0.00921684 0.00211516 -0.00900514 0.00902688 0.00421337
internal_weight=8409.36 7281.72 3826.47 1593.54 2232.93 1127.64 3455.26 3348.44 865.898 1566.65 106.817 692.415 832.944 854.913 1947.32 1399.98 711.733 173.483 1401.12 261.739 675.37 541.66 678.779 204.164 461.736 111.362 1638.24 303.026 309.087 865.519
internal_count=8425 7677 4078 1729 2349 748 3599 3518 573 1664 81 457 552 895 2585 1797 769 116 933 175 706 359 700 137 313 75 2381 200 204 1166
is_linear=0
shrinkage=0.03


Tree=14
num_leaves=31
num_cat=0
split_feature=97 83 38 58 97 97 81 81 42 53 80 76 51 67 42 84 42 83 15 20 68 99 81 64 19 97 32 58 29 61
split_gain=201.342 69.3344 49.7031 42.9987 32.7657 30.1004 24.2631 23.1573 22.5533 22.356 20.5404 19.4767 18.9267 15.9582 14.1915 14.1655 13.9056 13.6461 13.5377 13.4292 12.4914 12.043 11.6904 10.818 11.6023 10.5927 10.5648 9.36143 9.4293 8.68122
threshold=81.469689966494855 20.360000000000003 0.97625220880080099 2.0083686955513649 55.393225688275692 121.68376010320102 16.055000000000003 11.945000000000002 -0.099999999999999964 2.7300000000000004 10.882937931034485 3.4450000000000007 1.2050000000000003 0.080241820768136546 0.030000000000000141 4.8205000000000391 -0.15999999999999978 19.485000000000003 1020.58 -0.4711656548203908 11.816232876712331 1.9806499556949881 19.820000000000004 3.3450000000000002 -0.71141275993199449 99.935159117303357 13.056428571428572 2.4689716472336087 1.0350000000000004 1.9028378378378381
decision_type=10 10 2 10 10 10 10 8 2 2 10 2 2 2 2 2 2 10 10 10 10 2 10 2 10 10 10 8 2 2
left_child=1 2 4 5 7 6 19 13 18 12 17 20 27 -1 -8 -13 -14 -5 -3 -2 26 -19 -20 -10 -25 -16 -6 -9 -29 -18
right_child=3 8 -4 10 11 -7 14 9 23 -11 -12 15 16 -15 25 -17 29 21 22 -21 -22 -23 -24 24 -26 -27 -28 28 -30 -31
leaf_value=0.0010824936352084927 0.017228938545502726 0.001549027914832095 -0.050207546495955803 0.018221859181132279 0.0033903802902173095 0.018956042479152436 0.0060269650146768479 -0.0057074940465104591 -0.0071003322320670947 -0.038956920509609021 0.010760517980914975 0.0059863527250092301 -0.00066687034826312446 0.015165809994437155 -0.005308309283344039 0.024620457207918577 -0.0026950637102012552 0.046533994469012879 -0.010947398802497009 0.0072381937192172773 -0.0017618703676475196 0.02243728519562967 -0.0011308442001926008 -0.0041709923620335777 -0.01681552099924917 0.0047754261281833807 0.021392710016001765 0.0072101670880905227 -0.019829904432932002 -0.0069810902630785352
leaf_weight=262.4965897500515 169.69476509094238 234.8454338312149 18.181581974029541 81.05955296754837 922.71528518199921 165.90693551301956 422.72178089618683 77.271723389625549 271.20859777927399 15.530101269483565 133.3316011428833 96.968437194824219 881.04915982484818 99.998700857162476 268.93590003252029 59.090141415596008 706.05143332481384 42.423691272735596 292.42044341564178 422.72178089618683 535.97788527607918 33.332900285720825 174.24016058444977 78.786855220794678 381.81322145462036 143.9375239610672 30.302636623382568 273.48129552602768 12.121054649353026 1069.6830728054047
leaf_count=180 112 155 33 55 609 111 279 51 179 41 88 67 1402 66 179 39 1054 28 193 279 356 22 115 52 252 95 20 704 29 1558
internal_value=0.000160347 -0.00234457 -0.000694941 0.00879462 -0.000516423 0.00686098 0.00545577 -0.00219908 -0.0081693 -0.003055 0.0194171 0.00295893 -0.00287036 0.00496755 0.00216313 0.013042 -0.00374812 0.0267772 -0.00432569 0.0101 0.00190215 0.0359314 -0.00728213 -0.0118538 -0.0146526 -0.00179288 0.00396279 0.00355622 0.00606258 -0.00527692
internal_weight=8378.3 6494.23 5060.92 1884.07 5042.74 1593.92 1428.01 3397.68 1433.31 3035.19 290.148 1645.05 3019.66 362.495 835.595 156.059 2656.78 156.816 701.506 592.417 1489 75.7566 466.661 731.809 460.6 412.873 953.018 362.874 285.602 1775.73
internal_count=8403 7155 6209 1248 6176 1055 944 5085 946 4839 193 1091 4798 246 553 106 4014 105 463 391 985 50 308 483 304 274 629 784 733 2612
is_linear=0
shrinkage=0.03


Tree=15
num_leaves=31
num_cat=0
split_feature=98 89 68 51 14 95 24 16 84 84 35 98 7 21 61 90 106 79 86 94 54 48 89 79 96 84 58 10 93 77
split_gain=130.922 73.9065 42.5028 35.7492 30.3015 24.6428 24.1421 22.5338 21.3595 20.2604 19.7672 17.4009 19.773 17.0121 15.4891 15.4776 14.2279 17.8629 14.013 13.2581 13.204 13.0328 12.9085 13.4821 12.2152 11.4836 11.475 11.4231 11.0842 10.719
threshold=133.49507134317872 2.7950000000000004 11.735547945205482 0.62500000000000011 57.965000000000011 24.565000000000001 35.376537000000006 -0.5549170249155323 5.319499999999949 -1.792500000000018 12.745000000000003 115.78428401667898 10.485000000000001 0.54534876140992905 1.8954054054054057 1.0150000000000003 33.500000000000007 0.034112365790447949 0.52691493941630452 3.0969067163628878 0.38000000000000006 2.3679999999999954 1.9350000000000003 0.037406053313587553 -0.70799999999996988 3.1764999999999195 1.1608990407633148 11.365 18.815000000000001 2.9950000000000006
decision_type=10 2 10 2 8 10 2 2 2 2 10 10 2 10 2 2 2 2 2 10 2 2 2 2 2 2 10 10 10 2
left_child=1 4 7 -3 6 13 10 9 21 -2 -1 12 -6 14 -4 -13 29 -18 -19 -8 -16 24 23 -14 28 -21 -7 -11 -5 -15
right_child=2 3 5 8 11 26 19 -9 -10 27 -12 15 22 16 20 -17 17 18 -20 25 -22 -23 -24 -25 -26 -27 -28 -29 -30 -31
leaf_value=-0.0056776496329059064 0.035070398136031335 -0.03840679178485653 0.025948604773741859 0.0062598440677128671 -8.9771152083741412e-05 -0.0096736351980760572 -0.01280172339894203 0.0097213760696778229 -0.014402803122279005 -0.0033197312846927917 0.0028178681905834503 0.011255750289545603 0.0087695830836214024 0.0017654346970953541 0.013274215603065556 -0.00055737256702052547 0.003783311665756922 0.030450676672749248 0.010462871324423081 0.0054948392792146979 -0.0067811889259928888 -0.03175282436881062 -0.0033461707693266626 0.031958448388481782 -0.006630393760452687 -0.00992314822207448 0.0022939444153476365 0.020203738768705379 -0.0062666053308779992 -0.015127917237369183
leaf_weight=461.73642554879189 69.696064233779907 33.711683243513107 62.120405077934265 144.31630691885948 2749.2067076563835 153.02831494808197 325.75334370136261 427.26717638969421 295.45070707798004 25.757241129875183 528.78100907802582 272.34494665265083 59.46892437338829 480.29679048061371 118.18028283119202 157.57371044158936 331.81387102603912 43.938823103904724 112.1197555065155 83.332250714302063 39.393427610397339 16.666450142860413 36.741946905851364 36.363163948059082 937.48782053589821 90.907909870147705 136.36186480522156 66.66580057144165 113.63488733768463 36.363163948059082
leaf_count=307 46 77 41 114 3799 101 215 282 195 17 349 182 43 317 78 104 219 29 74 55 26 11 31 24 1422 60 90 47 75 24
internal_value=1.31668e-05 -0.00213737 0.00650002 -0.00785321 -0.000302869 0.00383867 -0.00385501 0.0133347 -0.00716998 0.0228576 -0.00114238 0.00129586 0.000455928 0.00569977 0.0132619 0.00692601 0.00404591 0.00772008 0.0160905 -0.00922892 0.00826036 -0.00540698 0.0117722 0.0175685 -0.00503967 -0.00254933 -0.00403446 0.013648 0.000741584 0.00057646
internal_weight=8446.48 6343.48 2103 1541.27 4802.21 1513.62 1490.51 589.386 1507.56 162.119 990.517 3311.7 2881.78 1224.23 219.694 429.919 1004.53 487.872 156.059 499.994 157.574 1212.11 132.574 95.8321 1195.44 174.24 289.39 92.423 257.951 516.66
internal_count=8454 7063 1391 1894 5169 999 986 392 1817 110 656 4183 3897 808 145 286 663 322 103 330 104 1622 98 67 1611 115 191 64 189 341
is_linear=0
shrinkage=0.03


Tree=16
num_leaves=31
num_cat=0
split_feature=97 89 58 97 83 14 78 51 83 92 53 92 14 51 43 46 20 89 94 18 96 84 88 63 24 78 35 98 96 99
split_gain=169.275 71.8491 40.345 28.2957 27.459 28.4585 26.5775 22.9288 20.9927 20.7995 19.4145 15.9692 15.2408 14.1162 18.6551 13.8063 13.4966 12.9564 12.7947 12.6423 12.192 22.1629 13.0269 12.0025 11.629 11.1439 9.82431 9.80125 11.3133 9.70674
threshold=81.469689966494855 3.3850000000000007 2.0083686955513649 49.742004198709743 13.595000000000001 94.850000000000009 1.6850000000000003 0.74500000000000011 18.920000000000005 12.396730103806229 2.6450000000000005 11.563333910034604 54.330000000000005 1.3150000000000002 0.0065454545454549659 2.5561559448873221 -0.38010198523966648 1.3050000000000004 4.188389685100927 -0.6333133375067016 0.2040000000000646 -0.37450000000001177 2.7250000000000005 0.54500000000000015 26.738276500000001 1.9550000000000005 19.615000000000006 169.437137331466 -4.7199999999999127 1.0164007408645583
decision_type=10 2 10 8 10 10 2 2 8 10 2 10 8 2 2 8 10 2 10 10 2 2 2 2 2 2 10 10 2 2
left_child=1 3 6 4 5 -1 9 25 17 16 13 20 -9 -10 26 24 18 -5 27 -8 22 -22 -4 -18 -6 -3 -15 28 -2 -19
right_child=2 7 11 8 15 -7 19 12 10 -11 -12 -13 -14 14 -16 -17 23 29 -20 -21 21 -23 -24 -25 -26 -27 -28 -29 -30 -31
leaf_value=0.00039518717831795802 0.023757680107866278 -0.019312660141701497 0.023304848151335111 -0.0027357620531902765 -0.003658276490028456 0.029208653337841124 0.0038133362026830306 -0.019247729206059806 0.0040526525896007904 0.00059307025438433522 -0.036382780942251024 0.0068555319895646435 -0.0079993632788674801 -0.00063562644752216302 -0.0057417087244811971 0.0094075081071535969 0.0233136074100656 0.007417081442265069 -0.0027150497051002067 -0.010800540138598715 0.049377722933694808 0.01973737901229854 0.0018706886885125366 0.0059343515897947998 -0.0090268919800604985 -0.055475768833261718 0.01075294458605845 0.0258550611847124 0.0098969763158226406 0.0020711226262430183
leaf_weight=324.61699482798576 69.696064233779907 15.530101269483568 71.211196064949036 309.0868935585022 657.56721472740173 34.090466201305389 101.5138326883316 140.90726029872894 358.32867807149887 304.54149806499481 14.393752396106718 81.817118883132935 470.06965062022209 1088.6222206950188 865.14027559757233 49.999350428581238 37.87829577922821 492.41784512996674 37.87829577922821 112.1197555065155 34.848032116889954 65.150668740272522 39.772210568189621 640.90076458454132 810.97431263327599 15.151318311691282 72.726327896118164 68.180932402610779 221.20924735069275 806.05013418197632
leaf_count=221 46 41 47 204 434 24 67 93 895 201 38 54 611 1767 1363 33 25 325 28 74 23 43 27 423 536 25 48 45 146 535
internal_value=-4.36884e-05 -0.00233191 0.00787069 -0.00129239 -0.00433174 0.00313353 0.00599044 -0.0118644 0.000131608 0.00751448 -0.00164588 0.0181062 -0.0105935 -0.00143623 -0.00240678 -0.00609517 0.00947392 0.00278444 0.013868 -0.00385636 0.0224691 0.0300666 0.0156237 0.00690418 -0.00662299 -0.037171 7.75522e-05 0.0156173 0.0132178 0.00409847
internal_weight=8412.39 6525.67 1886.72 5884.01 1877.25 358.707 1593.92 641.658 4006.77 1380.29 2399.21 292.799 610.977 2384.82 2026.49 1518.54 1075.74 1607.55 396.965 213.634 210.982 99.9987 110.983 678.779 1468.54 30.6814 1161.35 359.086 290.905 1298.47
internal_count=8442 7193 1249 6423 1248 245 1055 770 5175 914 4111 194 704 4073 3178 1003 713 1064 265 141 140 66 74 448 970 66 1815 237 192 860
is_linear=0
shrinkage=0.03


Tree=17
num_leaves=31
num_cat=0
split_feature=97 89 97 83 21 34 7 92 63 78 70 13 97 63 63 17 3 21 42 18 89 73 71 81 87 42 70 43 45 42
split_gain=165.124 63.1092 40.9359 28.2561 27.5898 21.5639 20.1327 20.0961 19.8259 19.5009 17.663 15.9187 15.6979 14.8531 13.2357 12.7661 12.5726 12.3345 12.2602 12.0626 12.0577 11.4288 11.0997 10.9153 10.5436 10.4793 10.408 10.174 9.70665 9.57952
threshold=80.112875341114162 3.1350000000000002 119.78236393459581 18.920000000000005 0.56201118005614503 1.6717376116953295 10.285000000000002 11.58567474048443 0.46500000000000002 1.6850000000000003 2.0337623122152748 29.155000000000005 42.709132954225801 1.0250000000000001 0.54500000000000015 0.78542495923437528 2.9150000000000005 -0.36024104107293126 -0.3299999999999999 -0.67835202357004432 2.1150000000000007 2.6052739726027401 17.155000000000005 12.795000000000002 0.38500000000000006 0.80000000000000027 1.7209866645474852 0.052181818181818863 17.685000000000006 0.3900000000000004
decision_type=10 2 10 10 10 10 2 10 2 2 10 8 8 2 2 2 2 8 2 10 2 2 8 8 2 2 10 2 10 2
left_child=1 3 4 6 7 18 12 15 16 14 23 13 -1 -8 -6 -2 -3 26 -5 -4 25 -20 -22 -10 -11 -19 -14 -16 -23 -25
right_child=2 8 19 5 9 -7 11 -9 10 24 -12 -13 17 -15 27 -17 -18 20 21 -21 22 28 -24 29 -26 -27 -28 -29 -30 -31
leaf_value=-0.0038968188886704834 0.027824385753589437 -0.014930573948586549 0.027924665516338574 -0.00066132592697101854 0.02132327731305499 0.006823204709731823 0.030211012348414699 0.0027240557240339729 0.013368311175382362 0.0054557241471475792 -0.016749304765739926 -0.0092893360730390701 0.0042799317315982853 0.0085960493635111341 0.0071275011643368129 0.013395746455271586 -0.053412271893140059 0.0014069216502213835 -0.0048188354339933808 0.014278920558991966 0.0022457781249795232 -0.013497232385354019 -0.0045531562120069303 -0.0057678903064031836 -0.009481702463827733 0.014328675577842998 0.020502476571334173 0.0011303736298402091 -0.00039754193330867791 -0.015995370322809552
leaf_weight=774.98993164300919 78.408072263002396 16.287667185068134 84.847382545471191 335.60170060396194 45.453954935073853 137.87699663639069 39.393427610397339 116.66515100002289 24.242109298706055 62.120405077934265 186.3612152338028 30.68141958117485 146.96778762340546 104.54409635066986 654.53695106506348 186.3612152338028 14.393752396106718 1783.3101652860641 635.97658613324165 186.3612152338028 322.72308003902435 318.17768454551697 654.15816810727119 635.97658613324165 134.84673297405243 58.332575500011444 46.969086766242981 416.66125357151031 60.605273246765137 94.695739448070526
leaf_count=519 54 43 56 223 30 91 26 77 16 41 123 42 97 69 432 123 29 2404 422 126 213 210 1373 839 89 124 31 275 40 127
internal_value=0.000119469 -0.00220948 0.00772635 -0.000953634 0.00599489 -0.00447808 0.000370225 0.0130977 -0.00925171 0.00393246 -0.00847816 0.0103298 -8.89554e-05 0.0145117 0.00546761 0.0176686 -0.0329837 0.000890661 -0.00563199 0.018548 0.000387113 -0.00727589 -0.00230706 -0.00643631 -0.00477067 0.00181621 0.00820883 0.00479481 -0.0114013 -0.00709338
internal_weight=8388.53 6422.27 1966.26 5450.31 1695.05 1488.24 3962.07 381.434 971.957 1313.62 941.276 174.619 3787.45 143.938 1116.65 264.769 30.6814 3012.46 1350.36 271.209 2818.52 1014.76 976.881 754.914 196.967 1841.64 193.937 1071.2 378.783 730.672
internal_count=8364 7061 1303 5884 1121 986 4898 254 1177 867 1105 137 4761 95 737 177 72 4242 895 182 4114 672 1586 982 130 2528 128 707 250 966
is_linear=0
shrinkage=0.03


Tree=18
num_leaves=31
num_cat=0
split_feature=97 89 63 64 43 68 34 56 3 70 20 97 14 97 23 71 96 24 35 14 92 91 21 14 95 89 94 19 43 53
split_gain=150.485 66.9065 30.4326 27.7449 29.3138 27.3913 20.3683 18.8908 15.3756 14.7438 14.4032 13.6623 17.359 13.5842 13.3856 13.1192 10.3864 10.0725 10.6448 9.92342 9.68765 9.63388 9.4036 8.57512 9.13562 8.46625 10.7933 9.01196 8.31413 8.27607
threshold=91.845217729308004 3.225000000000001 0.46500000000000002 2.6250000000000004 0.011000000000000386 9.4988904109589054 1.6717376116953295 16.198513513513522 3.5850000000000004 1.99799301461227 -0.45437922971796701 73.527547241417864 73.300000000000026 66.563812446233797 1.5971069677252256 21.805000000000003 -3.4550000000000405 40.358002000000006 16.465000000000003 57.095000000000006 14.191770893406385 0.0098074515824279427 0.65394891699803004 59.835000000000008 21.510000000000002 2.515000000000001 2.7776327718185252 0.25898762307500595 -0.050181818181818043 0.64500000000000002
decision_type=10 2 2 2 2 10 10 8 2 10 10 10 8 10 2 10 2 2 10 8 10 2 10 8 10 2 10 10 2 2
left_child=1 3 8 11 6 -2 13 10 -3 16 25 12 17 23 -14 -12 -4 18 28 -6 -15 -9 -13 24 -5 26 -7 -28 -1 -16
right_child=5 2 9 4 19 7 -8 21 -10 -11 15 22 14 20 29 -17 -18 -19 -20 -21 -22 -23 -24 -25 -26 -27 27 -29 -30 -31
leaf_value=0.0022544622904033772 0.024502529815382413 -0.024466844331451684 0.0043015997849301189 -0.0020491725124883067 -0.0099005433640252608 0.0091600959841787993 0.012340229107393309 0.014703318018754614 -0.069353900168900542 -0.015126966143411833 0.0060877869653441297 0.011536428575480651 0.018465782235222817 0.0066797947134547269 0.00028497792463354286 0.020955637538283386 -0.0072831515166755425 -0.017923835721273141 0.015991970165435507 -0.0042112446244601826 -0.0051908201522136849 -0.003439561007388008 0.0031925820240760096 -0.0006257927727485184 -0.011163987138597417 0.0051809551283498777 0.02641776689161077 0.010786885052589538 -0.0034048470687354213 0.0050567420386068178
leaf_weight=310.60202538967133 104.54409635066986 24.999675214290619 78.786855220794678 226.5122087597847 413.63098990917206 86.36251437664032 112.1197555065155 31.817768454551697 9.4695739448070508 204.54279720783234 556.05338203907013 164.01302072405815 47.347869724035263 288.25383087992668 799.23204094171524 59.090141415596008 600.74977105855942 34.848032116889954 30.302636623382568 828.77711164951324 78.786855220794678 153.02831494808197 469.69086766242981 768.92940431833267 175.7552924156189 59.090141415596008 123.10446128249168 45.453954935073853 942.79078194499016 553.78068429231644
leaf_count=205 72 60 64 151 273 57 74 21 16 135 367 109 35 191 1174 39 794 23 20 1048 52 101 310 1127 116 39 82 30 623 994
internal_value=7.38056e-05 -0.00158398 -0.00914374 -0.000472113 -0.00262474 0.00982004 -4.47866e-06 0.00844216 -0.0367985 -0.00806551 0.0101846 0.00138526 0.000460691 -0.000904265 0.00278671 0.00751598 -0.00593999 -0.00200966 -0.00157765 -0.00610536 0.00413172 -0.000316606 0.00535211 -0.00248249 -0.00603154 0.0154125 0.0177841 0.0222027 -0.00200242 0.00223803
internal_weight=8382.47 7163.92 918.549 6245.37 2892.77 1218.54 1650.36 1114 34.4692 884.079 929.155 3352.61 2718.9 1538.24 1400.36 615.144 679.537 1318.54 1283.7 1242.41 367.041 184.846 633.704 1171.2 402.268 314.011 254.921 168.558 1253.39 1353.01
internal_count=8402 7594 1069 6525 3032 808 1711 736 76 993 614 3493 3074 1637 2203 406 858 871 848 1321 243 122 419 1394 267 208 169 112 828 2168
is_linear=0
shrinkage=0.03


Tree=19
num_leaves=31
num_cat=0
split_feature=97 89 51 78 14 24 58 33 97 80 75 84 18 35 43 21 42 15 78 63 63 7 42 42 81 43 57 35 76 60
split_gain=132.405 58.4556 32.0284 26.3756 23.9562 21.0395 19.0792 18.686 18.6679 17.1536 19.3203 16.8306 15.3442 15.1251 13.6645 13.5086 12.4943 17.0641 12.3771 11.7512 11.4954 12.3528 10.5362 10.1963 9.13138 8.86363 8.6201 10.9447 9.45494 9.55218
threshold=89.449652748762773 2.7950000000000004 0.72500000000000009 1.7750000000000006 56.780000000000008 30.877414000000005 0.69028567696885812 10.925000000000002 59.314293019221147 10.882937931034485 0.43500000000000005 5.319499999999949 -0.5887731333852485 19.825000000000006 0.021363636363636824 -0.072628958478634029 -0.21000000000000005 1020.58 2.265000000000001 0.56500000000000006 1.5250000000000001 11.465000000000002 0.17999999999999985 0.40000000000000008 19.820000000000004 -0.12127272727272666 16.075000000000003 18.825000000000003 1.9550000000000003 2.4774999999999641
decision_type=10 2 2 2 8 2 10 10 10 10 2 2 10 10 2 10 2 8 2 2 2 2 2 2 10 2 10 10 2 2
left_child=1 4 18 6 5 7 -2 -1 20 10 -8 16 -5 19 -7 -9 17 -4 -3 -12 21 -6 -22 -11 -13 -10 28 -28 -27 -30
right_child=3 2 11 12 8 14 9 15 25 23 13 24 -14 -15 -16 -17 -18 -19 -20 -21 22 -23 -24 -25 -26 26 27 -29 29 -31
leaf_value=-0.0054995147011377143 -0.0020503491076905079 -0.017671969576369437 0.0072868750444788459 0.0067035421612535156 0.0013080379358506599 -0.0027729205652353406 0.0022170077977715667 0.0095125826062841205 0.011986497711017556 0.0093819315738226071 0.028870120770741539 -0.015737174588015223 -0.01289629209344534 0.031650730453324893 -0.011286044561305497 2.175266989723282e-05 -0.0062970836557982709 -0.0045117316427164206 -0.05113406615703163 0.013478922782061847 -0.00058109054648166345 0.017092053300626141 -0.0071260851925037507 -0.0020048501726027501 -0.0065484061716232309 -0.00027722397120287366 -0.0058595570579615076 0.0071779790791529101 0.0060652993002975218 0.019344582189608904
leaf_weight=379.54052370786667 104.54409635066986 21.969411551952362 173.4825946688652 69.696064233779907 1299.2255452275276 337.87439835071564 86.36251437664032 193.93687438964844 130.30133748054504 469.69086766242981 51.514482259750366 196.96713805198669 74.241459727287292 60.605273246765137 340.90466201305389 443.93362653255463 840.51938334107399 303.02636623382568 18.181581974029541 334.84413468837738 896.57926109433174 46.211520850658417 293.93557524681091 83.332250714302063 192.42174255847931 195.45200622081757 159.84640818834305 90.907909870147705 459.08494484424591 54.544745922088623
leaf_count=252 69 58 125 46 2089 223 57 128 86 310 34 130 49 40 225 293 1043 488 36 224 1164 35 365 55 127 129 110 60 303 36
internal_value=5.8472e-05 -0.00157788 -0.00634018 0.00872409 -1.50803e-05 -0.0029579 0.0101902 -0.000228808 0.00136149 0.0113681 0.0152069 -0.00571701 -0.00340585 0.0177168 -0.00704849 0.00290733 -0.00409699 -0.000216213 -0.0328246 0.0155311 -4.98107e-05 0.00185017 -0.00219704 0.00766612 -0.0111964 0.00464456 0.00364787 -0.00113296 0.00533852 0.00747549
internal_weight=8403.68 7068.85 1746.57 1334.83 5322.28 1696.19 1190.89 1017.41 3626.09 1086.35 533.326 1706.42 143.938 446.964 678.779 637.871 1317.03 476.509 40.151 386.359 2535.95 1345.44 1190.51 553.023 389.389 1090.14 959.836 250.754 709.082 513.63
internal_count=8389 7505 2007 884 5498 1121 789 673 4377 720 355 1913 95 298 448 421 1656 613 94 258 3653 2124 1529 365 257 724 638 170 468 339
is_linear=0
shrinkage=0.03


Tree=20
num_leaves=31
num_cat=0
split_feature=97 89 58 97 46 69 56 51 83 80 97 64 79 42 43 23 7 98 45 84 47 7 70 98 21 53 19 89 21 78
split_gain=134.187 56.1109 32.9226 23.4363 21.099 21.2992 20.7187 20.3239 19.3361 18.3183 17.5524 17.142 16.3261 13.9517 12.3355 11.4097 10.8883 10.4877 10.2193 10.0431 9.55402 10.0825 9.48633 9.11086 8.97479 8.86939 9.99194 8.57899 8.19578 8.01445
threshold=82.240695522134487 3.3850000000000007 1.9901903393432412 49.742004198709743 2.5561559448873221 13.525 16.401621621621626 0.74500000000000011 20.360000000000003 9.8654068965517254 110.27313187179264 2.3850000000000002 0.01575111069974082 0.030000000000000141 -0.090545454545454068 1.5971069677252256 10.385000000000003 197.81151786485611 17.865000000000006 5.4085000000000045 19.495000000000001 6.3650000000000011 1.99799301461227 105.01057459689044 0.87634871430917649 2.5350000000000006 -0.80850343913648892 1.3150000000000004 0.70171751849711639 2.1050000000000009
decision_type=10 2 10 8 8 10 8 2 8 10 10 2 2 2 2 2 2 10 10 2 10 2 10 10 10 2 10 2 10 2
left_child=1 3 6 4 5 15 10 29 14 12 19 -10 -4 18 -5 -1 20 -11 -13 24 21 27 -9 -7 -2 26 -15 -16 -12 -3
right_child=2 7 9 8 -6 23 -8 22 11 17 28 13 -14 25 16 -17 -18 -19 -20 -21 -22 -23 -24 -25 -26 -27 -28 -29 -30 -31
leaf_value=0.010176649103671912 0.010087241623765789 -0.017581250562476624 0.039044559050754685 0.0070731282782164869 0.01341211566100561 -0.0093086902224296525 -0.0028226521959252553 -0.0073862780718951422 0.0025050165211932375 0.015333545154174962 0.024201539071256342 -0.0022564447894773318 0.015103026397564029 -0.0032373647834332536 -0.0027287676242321096 -0.0021167129422629319 0.015086066946339053 -0.00063003319302594668 0.0088211931162953637 -0.0044653922279094902 0.014214444194823903 -0.0021200089448020929 -0.016348349810377284 -0.0028033468871762322 0.0038186205725107419 -0.029216367579433262 -0.011097203376453991 0.0045454518007080787 0.011066834884995106 -0.050601568487606496
leaf_weight=74.241459727287292 314.76863792538643 11.742271691560747 49.620567470788956 379.91930666565895 61.362839162349701 706.05143332481384 231.81517016887665 447.72145611047745 559.08364570140839 131.81646931171417 52.27204817533493 745.0660779774189 53.029614090919495 348.48032116889954 195.45200622081757 801.50473868846893 48.484218597412109 51.514482259750366 83.332250714302063 90.907909870147705 45.453954935073853 790.14124995470047 139.39212846755981 267.04198524355888 592.41654598712921 15.908884227275847 249.99675214290619 575.7500958442688 234.8454338312149 15.151318311691282
leaf_count=49 210 31 35 253 42 466 153 579 1401 87 36 1331 35 851 129 535 32 34 55 60 30 526 92 177 391 36 165 380 155 25
internal_value=-5.61002e-05 -0.00204799 0.00719256 -0.00115658 -0.00389438 -0.00446878 0.00543244 -0.0106822 0.000138846 0.0165293 0.00692142 -0.00195458 0.0266762 -0.00368269 0.00219799 -0.00107454 0.00107905 0.0108479 -0.0011421 0.00504103 0.000656397 0.000261694 -0.00951405 -0.00752346 0.00599366 -0.00710827 -0.00652059 0.00270189 0.0134581 -0.0361842
internal_weight=8364.29 6561.28 1803.01 5947.27 1910.2 1848.84 1517.03 614.007 4037.07 285.981 1285.21 2001.87 102.65 1442.78 2035.2 875.746 1655.28 183.331 828.398 998.093 1606.8 1561.34 587.114 973.093 907.185 614.386 598.477 771.202 287.117 26.8936
internal_count=8381 7185 1196 6458 1269 1227 1005 727 5189 191 852 3839 70 2438 1350 584 1097 121 1386 661 1065 1035 671 643 601 1052 1016 509 191 56
is_linear=0
shrinkage=0.03


Tree=21
num_leaves=31
num_cat=0
split_feature=97 89 43 68 97 7 51 97 21 56 21 80 9 82 13 63 84 34 97 41 63 51 14 43 19 14 92 3 97 67
split_gain=121.655 57.368 28.9186 23.1579 20.4958 20.2475 18.655 17.4169 15.3107 15.2174 14.6194 14.5441 14.3307 12.3594 12.0495 11.7078 11.5647 10.2226 10.1626 10.0113 11.9435 9.7919 9.67374 9.11014 9.01896 8.98584 11.513 10.9789 8.9821 8.74996
threshold=94.030950788319998 2.5050000000000008 0.0065454545454549659 9.4988904109589054 60.239002614939217 10.385000000000003 0.48500000000000004 58.776493981769626 0.91889451886228757 17.368243243243246 0.70171751849711639 13.000110344827588 321.40500000000003 0.97252970632471591 -3.0234999999999994 1.2750000000000001 5.6190000000000859 2.2084691078960166 135.38454751213598 1.3850000000000002 0.7350000000000001 1.0950000000000004 60.190000000000005 0.089181818181819014 0.74413665707066035 51.445000000000007 13.498967128027683 2.1550000000000007 21.069283739820822 0.079150071123755286
decision_type=10 2 2 10 8 2 2 10 8 8 10 10 2 8 8 2 2 8 10 2 2 2 8 2 8 8 10 2 10 2
left_child=1 4 7 24 5 11 -4 22 29 10 15 17 19 -14 -10 21 -9 23 -12 20 -8 -5 -3 -1 -2 27 -27 -16 -25 -6
right_child=3 2 6 9 8 -7 12 16 14 -11 18 -13 13 -15 25 -17 -18 -19 -20 -21 -22 -23 -24 28 -26 26 -28 -29 -30 -31
leaf_value=-0.00044694828165741491 0.01756664962734614 -0.0087201203986268048 -0.032529623569131083 0.0088264821714755942 0.0041901507935455592 0.011058704555625017 0.014931878173417595 0.005123243491580204 -0.021710834590916567 -0.0054254943819556558 0.0056076801773983186 -0.0090927753851257533 0.016015997788589625 -0.01139737787522606 -0.00073599149717662731 0.0086474745187460917 -0.0042872833110680023 0.011984357446590323 0.01656562007851867 -0.023469580167458121 -0.0042536173991147962 0.028091961019809701 -0.0022762788603118808 -0.020121970646921995 0.038150249041812488 0.0013395171951546157 0.018085134817122501 -0.017881916953712117 -0.0042249335932464339 0.011908147396221088
leaf_weight=1256.801853954792 64.393102824687958 336.73804947733879 28.408721834421158 33.711683243513107 688.24863430857658 107.57436001300812 31.438985496759415 367.79825201630592 21.211845636367798 71.211196064949036 645.44616007804871 248.48162031173706 15.151318311691282 641.65833050012589 118.18028283119202 109.08949184417725 172.72502875328064 50.37813338637352 86.36251437664032 22.348194509744644 410.6007262468338 80.301987051963806 555.67459908127785 34.848032116889954 27.272372961044312 1509.8288697600365 37.87829577922821 46.969086766242981 389.76766356825829 163.63423776626587
leaf_count=834 44 223 66 23 455 71 50 245 14 47 426 164 10 632 78 72 114 34 57 35 472 53 954 23 18 2777 25 31 261 111
internal_value=3.04743e-05 -0.0013887 -0.00497717 0.00924335 0.000594127 -0.00161682 -0.00852142 -0.00213371 0.00237921 0.00795274 0.00895041 -0.00230539 -0.00791311 -0.010765 0.000761257 0.0156732 0.0021161 -0.00133153 0.00690085 -0.00387951 -0.0028891 0.0223955 -0.00470776 -0.00173049 0.0236907 0.00103955 0.00174935 -0.00561236 -0.0055296 0.00567267
internal_weight=8374.13 7256.35 2582.54 1117.79 4673.8 2087.85 1149.61 1432.94 2585.95 1026.12 954.912 1980.28 1121.2 656.81 1734.07 223.103 540.523 1731.8 731.809 464.388 442.04 114.014 892.413 1681.42 91.6655 1712.86 1547.71 165.149 424.616 851.883
internal_count=8419 7679 2801 740 4878 1387 1265 1536 3491 678 631 1316 1199 642 2925 148 359 1152 483 557 522 76 1177 1118 62 2911 2802 109 284 566
is_linear=0
shrinkage=0.03


Tree=22
num_leaves=31
num_cat=0
split_feature=97 89 97 7 31 94 92 16 83 84 75 34 83 85 58 58 92 96 48 96 7 85 42 51 21 98 55 39 70 43
split_gain=114.507 56.4807 23.7739 21.2845 20.6445 17.6495 20.8811 20.4727 16.3093 15.5009 13.9335 13.5532 16.0356 13.4654 13.4085 12.2447 11.8931 16.5975 11.6615 14.1012 11.1501 10.951 10.4091 13.779 9.98326 9.92666 9.73095 9.29469 9.22307 9.09346
threshold=94.030950788319998 2.7950000000000004 58.467509210811841 10.385000000000003 0.36900000000000055 4.4410206229829461 11.58567474048443 -0.58637234780482739 18.505000000000003 5.319499999999949 0.82500000000000007 1.7053961969232361 16.900000000000002 0.9791724137931036 2.1665274077256877 2.7308897766744287 14.093901384083045 9.9284999999999872 2.5500000000000118 -1.0000000180025095e-35 8.1550000000000029 1.6186551724137932 -0.20999999999999983 1.3250000000000004 -0.1330348436917049 106.2516907439708 -0.053394736842105273 0.70500000000000007 1.4132228987120381 0.089181818181819014
decision_type=10 2 8 2 2 10 10 2 8 2 2 8 10 2 10 10 10 2 2 2 2 2 2 2 10 10 2 2 10 2
left_child=1 2 3 11 9 6 7 -2 20 18 -5 12 29 -9 16 21 17 22 19 24 25 -15 -10 -24 -3 -4 -11 -6 -18 -1
right_child=5 4 8 10 27 -7 -8 13 14 26 -12 -13 -14 15 -16 -17 28 -19 -20 -21 -22 -23 23 -25 -26 -27 -28 -29 -30 -31
leaf_value=0.00072340913367093538 0.022303627591991775 0.010083249355900006 -0.00029667514478562982 0.02473620347770512 -0.039364107138368402 -0.0018022147644749802 0.0030092159672221661 0.0016846563337136065 0.0040447531823135097 -0.0055789640822678128 0.002884501814815713 0.0068118751719783953 -0.0063082434080522932 0.0078662323865684152 0.010973542550050433 0.029402336186659054 -0.017467598845248709 0.019473439303681762 -0.029534578622386249 -0.0049197418859756765 0.015026383819085347 0.018760372010250811 0.0037239012869159302 -0.0033687807106380823 -0.0012586991102869411 0.0057344898570880843 -0.015048121062883462 -0.013857031279074292 -0.0021353189663841721 -0.0053502104657304093
leaf_weight=783.70193967223167 162.11910593509674 102.65018156170845 366.66190314292908 39.393427610397339 14.014969438314436 122.34689536690712 260.60267496109009 128.78620564937592 393.17671018838882 199.99740171432495 78.786855220794678 121.96811240911484 960.9723639190197 271.20859777927399 96.968437194824219 36.363163948059082 62.120405077934265 39.393427610397339 15.151318311691282 935.21512278914452 84.847382545471191 119.69541466236115 332.57143694162369 952.63913884758949 218.55776664614677 743.92972910404205 190.90661072731018 155.67979565262794 81.817118883132935 309.46567651629448
leaf_count=521 107 85 242 26 28 83 172 85 684 132 52 82 635 179 64 24 41 26 10 1377 56 79 812 1582 145 491 126 174 54 208
internal_value=-7.59478e-05 -0.00143961 9.26679e-05 -0.00223088 -0.00599619 0.00894052 0.0102834 0.0129229 0.0017828 -0.00497878 0.0101684 -0.00290426 -0.00348117 0.0101879 9.7487e-05 0.012751 -0.000468997 0.000225092 -0.00337263 -0.00305715 0.00454413 0.011202 -0.000226686 -0.00153342 0.00236591 0.0037433 -0.0102034 -0.0159636 -0.00875241 -0.000995977
internal_weight=8381.71 7280.59 5448.41 2294.29 1832.17 1101.12 978.775 718.172 3154.13 1662.48 118.18 2176.11 2054.14 556.053 1958.69 427.267 1861.72 1717.78 1271.57 1256.42 1195.44 390.904 1678.39 1285.21 321.208 1110.59 390.904 169.695 143.938 1093.17
internal_count=8382 7653 5576 1524 2077 729 646 474 4052 1875 78 1446 1364 367 3263 282 3199 3104 1617 1607 789 258 3078 2394 230 733 258 202 95 729
is_linear=0
shrinkage=0.03


Tree=23
num_leaves=31
num_cat=0
split_feature=97 89 58 93 97 78 53 73 71 38 63 43 18 89 63 14 43 14 34 35 99 63 21 39 96 85 63 80 79 84
split_gain=105.226 48.3677 31.5653 22.8812 23.2022 22.5218 15.0269 14.5943 13.2491 13.2462 13.0203 17.469 11.7306 11.5636 17.6936 12.6867 12.4595 11.4006 11.3329 10.9899 11.8786 10.9581 12.6825 10.7996 10.7289 10.445 10.3861 10.3776 12.6344 10.7247
threshold=82.240695522134487 3.3850000000000007 2.0083686955513649 14.635000000000003 49.742004198709743 1.6850000000000003 2.6050000000000009 2.4906164383561649 22.390000000000004 0.83620196692895099 0.7350000000000001 0.018909090909091032 -0.6333133375067016 1.2350000000000005 1.5550000000000004 94.450000000000017 -0.07927272727272712 54.095000000000006 1.480728577096035 9.1300000000000008 0.84707665186608361 0.54500000000000015 0.85094864518202729 1.4950000000000003 -7.4735000000000005 1.5894827586206897 2.2150000000000003 9.8654068965517254 0.01575111069974082 2.7160000000000655
decision_type=10 2 10 8 8 2 2 2 10 2 2 2 10 2 2 10 2 8 10 10 2 2 10 2 2 2 2 10 2 2
left_child=1 3 5 13 26 7 10 8 21 17 -6 18 -7 -1 15 19 -16 -3 -12 -15 -21 -2 24 -13 -23 -24 -5 28 -4 -29
right_child=2 9 27 4 6 12 -8 -9 -10 -11 11 23 -14 14 16 -17 -18 -19 -20 20 -22 22 25 -25 -26 -27 -28 29 -30 -31
leaf_value=-0.0020261981840779398 0.019159352092696043 -0.016598414595710251 0.032146373888380764 -0.0039647239161737582 0.0053136098859779182 0.0035732573022272556 -0.030738428127075407 -0.00041800801514704842 0.027375648365397316 -0.031806347809529872 0.00030770249160337571 0.0017725006291783659 -0.010117923445654514 -0.0061303030806928865 0.0079832631623602303 0.024574535031497025 -0.0048005166281955688 -0.0065535317844921288 0.0095290215682266241 0.030149982196420677 0.0064576770238160214 0.028129531288900358 0.0016079276819578089 -0.0049404692978888068 0.0098383820502058288 0.0090578035676315404 -0.010782654745579481 0.0064429737938060281 0.013022016138410379 0.024652177511460208
leaf_weight=368.55581793189049 65.150668740272522 128.78620564937592 59.46892437338829 936.73025462031364 322.34429708123207 103.02896451950073 14.772535353899 236.36056566238403 30.302636623382568 23.105760425329208 1509.8288697600365 270.45103186368942 124.24081015586853 60.984056204557419 93.938173532485962 34.848032116889954 254.54214763641357 483.32705414295197 130.30133748054504 19.696713805198669 576.12887880206108 33.332900285720825 446.96389019489288 1065.1376773118973 215.14872002601624 272.72372961044312 256.0572794675827 125.75594198703766 65.150668740272522 37.87829577922821
leaf_count=244 43 85 40 619 626 68 39 156 20 43 2117 459 82 41 62 23 168 637 86 13 387 22 295 1363 145 180 169 83 43 25
internal_value=0.000129436 -0.00164207 0.00652024 -0.000797175 -0.00184055 0.0048017 -0.000548761 0.00632494 0.00782337 -0.00950862 -0.000413537 -0.00103393 -0.00391125 0.00253999 0.00415794 0.00693527 -0.00135445 -0.00866694 0.0010403 0.00599939 0.00724089 0.00724999 0.00644858 -0.00358112 0.0122921 0.00443104 -0.00542834 0.0156256 0.0221482 0.0106581
internal_weight=8365.04 6549.54 1815.51 5914.32 4505.62 1527.25 3312.84 1299.98 1063.62 635.219 3298.06 2975.72 227.27 1408.69 1040.14 691.658 348.48 612.113 1640.13 656.81 595.826 1033.32 968.169 1335.59 248.482 719.688 1192.79 288.254 124.62 163.634
internal_count=8383 7181 1202 6416 5478 1011 4690 861 705 765 4651 4025 150 938 694 464 230 722 2203 441 400 685 642 1822 167 475 788 191 83 108
is_linear=0
shrinkage=0.03


Tree=24
num_leaves=31
num_cat=0
split_feature=98 89 80 51 79 45 42 73 95 98 18 20 72 67 95 43 14 106 78 2 63 103 70 100 63 105 11 91 13 89
split_gain=90.978 40.7719 30.4158 24.7138 18.8527 20.4345 17.2343 17.7242 16.7984 16.1591 15.9151 13.7202 13.348 11.6827 11.1267 10.995 10.8736 10.7096 10.79 9.95013 12.2342 10.6405 9.54534 9.35736 8.96728 13.138 8.86893 9.51697 8.38394 8.31077
threshold=130.59309408610429 2.5850000000000009 10.882937931034485 0.48500000000000004 0.010233709737134377 17.105000000000004 0.11999999999999979 2.5030136986301375 15.485000000000001 105.82490560144679 -0.72537437101228763 -0.85432263166910072 2.5374999999999095 0.080241820768136546 24.565000000000001 0.063181818181818422 71.335000000000022 32.500000000000007 0.67500000000000004 1.0000000180025095e-35 0.80500000000000016 143.50000000000003 1.0197550067782715 0.70176113635919146 0.56500000000000006 50.500000000000007 13.605000000000002 0.0044715399149740159 -1.7249999999999999 3.1950000000000007
decision_type=10 2 10 2 2 10 2 2 8 8 10 10 2 2 10 2 10 2 2 2 2 2 10 2 2 2 10 2 10 2
left_child=1 8 4 -3 5 26 14 10 13 16 -8 -6 -5 -1 17 29 -10 -4 28 -11 21 -21 -15 -18 -13 -26 -2 -28 -19 -14
right_child=2 3 6 12 11 -7 7 -9 9 19 -12 24 15 22 -16 -17 23 18 -20 20 -22 -23 -24 -25 25 -27 27 -29 -30 -31
leaf_value=0.0016596658085710867 0.004651474185693138 -0.030306833984963741 0.00097425042919304739 -0.0038848244327374442 0.015565333975005681 0.036613279586980865 0.01114568353103816 -0.013729557255454692 -0.0058039627003226828 0.0018703622683008303 -0.0024720181914510185 0.012723807793403801 -0.0013924544827838548 0.020113169214772252 -0.0011672560761911415 -0.018051754074010079 0.0045122598122675781 -0.008885272731000279 0.014873457108873438 -0.018636926531328642 -0.0051915259330737352 0.0080288077867508318 0.0051664742764469607 -0.0035696306532663038 -0.0010894730719171915 0.011168616184496799 0.012653666869531642 0.031989796404090685 0.0073346841266177859 -0.011840529540012483
leaf_weight=677.64271149039268 72.726327896118164 35.9843809902668 210.60332453250885 1454.147774964571 127.64985677599907 39.393427610397339 99.998700857162476 93.938173532485962 881.04915982484818 1357.5581207275391 339.38953018188477 95.45330536365509 129.54377156496048 59.847707331180573 212.11845636367798 112.49853846430779 212.11845636367798 31.817768454551697 181.81581974029541 15.151318311691282 449.99415385723114 121.21054649353027 107.57436001300812 328.78360736370087 272.72372961044312 110.60462367534637 81.817118883132935 31.817768454551697 290.90531158447266 145.45265579223633
leaf_count=454 48 83 139 1901 85 26 66 62 583 1865 224 63 90 41 140 75 140 21 120 40 939 290 71 217 180 73 57 21 192 96
internal_value=-8.98703e-05 -0.0020079 0.00500355 -0.00568435 0.00958122 0.0169819 0.00239537 -0.00190156 -0.000368598 -0.00131803 0.000627183 0.00682619 -0.00520325 0.00341295 0.00486681 -0.0101509 -0.00374843 0.00665658 0.00902848 0.000459779 -0.00280607 0.00506595 0.0105094 -0.000400262 0.00449621 0.00244745 0.0128322 0.0180678 0.00573553 -0.00691871
internal_weight=8381.33 6088.56 2292.77 1877.63 832.186 225.755 1460.59 533.326 4210.93 3365.87 439.388 606.432 1841.64 845.065 927.261 387.495 1421.95 715.142 504.539 1943.91 586.356 136.362 167.422 540.902 478.782 383.328 186.361 113.635 322.723 274.996
internal_count=8402 6885 1517 2245 553 152 964 352 4640 4074 290 401 2162 566 612 261 940 472 333 3134 1269 330 112 357 316 253 126 78 213 186
is_linear=0
shrinkage=0.03


Tree=25
num_leaves=31
num_cat=0
split_feature=97 22 22 43 20 16 16 98 39 21 42 14 70 64 97 86 23 34 13 19 94 97 14 80 30 71 69 80 92 105
split_gain=109.894 40.8211 25.909 24.4679 23.077 20.8263 20.8088 21.6424 19.1335 18.5417 14.9324 13.927 12.8987 13.6771 12.6459 11.0137 11.2183 10.3573 9.70172 9.23033 8.78653 10.0071 8.75611 8.5023 9.32324 8.32403 8.20592 9.65679 7.93346 8.55182
threshold=81.469689966494855 5.880650000000001 8.2656500000000026 0.0065454545454549659 -0.47984072269990025 -0.7048199483147094 0.38864155935217376 95.905219178085204 0.70500000000000007 -0.42680549645745075 0.63000000000000034 57.530000000000008 0.76852914174916387 2.2450000000000006 121.68376010320102 0.70348683814054225 1.6127924809012468 1.6717376116953295 8.8350000000000026 0.77151354329250521 1.582560061519781 57.122755626767436 59.120000000000012 11.311931034482761 0.31 17.570000000000004 15.085000000000003 11.244514106583074 11.520892733564017 92.500000000000014
decision_type=10 2 2 2 10 2 2 8 2 8 2 8 8 2 10 2 2 10 10 10 8 8 10 10 2 8 8 8 10 2
left_child=1 6 4 17 5 -2 7 22 -5 -9 25 -10 13 -8 -6 26 -17 20 -16 23 -3 -22 -1 -4 -25 -11 -13 -28 29 -7
right_child=2 3 19 8 14 28 12 9 11 10 -12 15 -14 -15 18 16 -18 -19 -20 -21 21 -23 -24 24 -26 -27 27 -29 -30 -31
leaf_value=-0.0077990814192206107 0.028442022910464618 0.0067232381039333588 0.017323440763812623 -0.039534522990487868 0.003906672995288173 0.010168753042025871 0.02509791601410619 0.012435435875473463 -0.012514592525318962 0.001410650216649069 0.0098235329887463047 -0.010592999008973508 0.0024946542968267696 0.0018155123509818241 0.017292460769103749 -0.0050334860785434454 -0.015936769570301237 0.006877529059754286 0.0023949994114101348 -0.0092195036009738093 -0.0081265311942826119 -0.0010330014136582912 -0.0020603634675885221 0.0029075683676340965 -0.013700201595414564 -0.0024941885148737296 0.010004275500040901 -0.0027081959375119093 0.0044064679303064151 0.020812535437978941
leaf_weight=507.19038048386574 68.180932402610779 80.301987051963806 28.029938876628876 17.045233100652695 907.56396687030792 245.4513566493988 48.863001555204391 107.57436001300812 354.54084849357605 818.17118883132935 123.10446128249168 92.423041701316833 994.30526420474052 42.423691272735596 124.24081015586853 207.95184382796288 143.55874100327492 115.15001916885376 57.57500958442688 96.968437194824219 287.49626496434212 474.23626315593719 453.0244175195694 154.5434467792511 37.87829577922821 1229.90826395154 64.014319866895676 336.35926651954651 130.30133748054504 93.938173532485962
leaf_count=337 48 65 20 30 599 162 33 71 234 540 226 61 1026 28 82 267 220 76 38 64 192 673 299 102 25 2188 46 531 86 62
internal_value=7.78596e-05 -0.00179464 0.00633436 -0.00514907 0.00786373 0.0129481 -0.000109052 -0.00131382 -0.00797351 0.00027804 -0.000324316 -0.00752478 0.0034855 0.0142779 0.00535339 -0.00542946 -0.00948644 -0.00156124 0.0125749 -0.00150596 -0.00271526 -0.00371027 -0.00509158 0.00188695 -0.000361678 -0.000934275 -0.00253562 -0.000675644 0.0106989 0.0131148
internal_weight=8442.31 6497.64 1944.67 2173.08 1627.25 537.872 4324.57 3238.97 1215.89 2278.76 2171.18 1198.85 1085.59 91.2867 1089.38 844.307 351.511 957.185 181.816 317.42 842.035 761.733 960.215 220.452 192.422 2048.08 492.797 400.374 469.691 339.39
internal_count=8431 7143 1288 2395 1077 358 4748 3661 1389 3025 2954 1359 1087 61 719 1125 487 1006 120 211 930 865 636 147 127 2728 638 577 310 224
is_linear=0
shrinkage=0.03


Tree=26
num_leaves=31
num_cat=0
split_feature=97 89 14 97 43 3 58 95 94 30 15 14 18 80 79 19 19 33 55 16 56 90 98 87 29 63 95 91 84 106
split_gain=98.4788 50.0156 19.4342 20.1096 19.265 17.3686 15.3086 13.398 16.0472 11.9459 11.6119 11.385 11.0399 10.7339 15.9696 10.6321 9.95299 9.47261 9.39787 9.35136 9.16176 9.12209 8.95424 8.81938 8.79299 8.5646 8.52104 8.36741 8.13787 9.33084
threshold=94.030950788319998 2.7950000000000004 51.905000000000008 67.466858798444974 0.0065454545454549659 2.1550000000000007 1.1750260319839485 15.400000000000002 3.1999694993347925 0.90500000000000036 1020.3050000000002 94.850000000000009 -0.81865088085700755 10.882937931034485 0.010233709737134377 -0.71141275993199449 -0.97629452013645757 10.955000000000002 -0.044263157894736858 -0.8679388639169785 15.953513513513515 2.7650000000000006 100.54170057070517 0.43500000000000005 0.9800000000000002 0.70500000000000007 22.505000000000006 0.016073630136986285 4.5784999999999636 130.50000000000003
decision_type=10 2 8 10 2 2 10 10 10 2 8 10 10 10 2 8 10 10 2 2 8 2 10 2 2 2 8 2 2 2
left_child=1 2 5 7 10 17 20 8 11 15 -3 24 -7 14 -8 -6 -5 -1 22 -17 -2 -21 -9 25 -4 -16 -12 28 29 -20
right_child=6 4 3 16 9 12 13 18 -10 -11 26 -13 -14 -15 23 19 -18 -19 27 21 -22 -23 -24 -25 -26 -27 -28 -29 -30 -31
leaf_value=-0.0055774539499237018 0.0062621977077668761 0.0017781587311276516 0.0010384564033275071 -0.0063528500596088441 0.0029242844144963002 -0.0017094731808510529 0.023224038453818464 -0.0020822336745301368 0.019884161038733954 -0.030916624975827995 -0.010196974294667628 0.020282544709959653 -0.011452018446175417 0.006870627681012942 0.011291241176555283 0.0028472980840775841 0.005389369099754549 0.0020406586399942255 -0.0014911146813182037 -0.0091426810186894854 -0.0040858623666570676 -0.018826852818758146 0.0063407190069558793 0.014909117808351446 -0.027955377043484473 -0.0067381627274967354 -0.0030308110745381495 -0.0064931402614575619 0.0042636545512487155 -0.012685603679733665
leaf_weight=217.04263481497765 353.02571666240692 312.49594017863274 1599.9792137145996 69.696064233779907 65.150668740272522 162.11910593509674 126.89229086041451 271.20859777927399 42.423691272735596 22.348194509744644 212.11845636367798 27.651155918836594 295.45070707798004 284.84478425979614 51.514482259750366 49.241784512996674 957.56331729888916 454.53954935073853 404.91898187994957 538.25058302283287 98.483569025993347 104.54409635066986 195.45200622081757 134.84673297405243 9.4695739448070508 43.938823103904724 504.53889977931976 506.05403161048889 171.20989692211151 80.301987051963806
leaf_count=144 233 219 3048 46 55 107 86 179 28 38 140 19 195 188 34 76 635 300 268 596 65 126 129 89 22 29 807 334 113 53
internal_value=-0.000156072 -0.00141801 1.31139e-05 0.000926053 -0.00574226 -0.00349256 0.00823777 -0.00021235 0.00166784 -0.00929976 -0.00304761 0.00119578 -0.00800019 0.0112144 0.0146783 -0.00866175 0.0045927 -0.000421371 -0.00215068 -0.0097525 0.00400507 -0.0107177 0.00144556 0.00996978 0.000867864 0.00299199 -0.00515187 -0.00359433 -0.00135959 -0.00334375
internal_weight=8367.32 7273.77 5465.08 4335.93 1808.69 1129.15 1093.55 3308.67 1679.52 779.535 1029.15 1637.1 457.57 642.037 357.192 757.187 1027.26 671.582 1629.15 692.036 451.509 642.795 466.661 230.3 1609.45 95.4533 716.657 1162.48 656.431 485.221
internal_count=8401 7677 5620 4874 2057 746 724 4193 3117 891 1166 3089 302 426 238 853 681 444 1076 798 298 722 308 152 3070 63 947 768 434 321
is_linear=0
shrinkage=0.03


Tree=27
num_leaves=31
num_cat=0
split_feature=97 83 41 68 42 16 35 95 97 9 15 83 91 68 78 92 62 60 75 15 77 18 75 7 89 14 56 87 96 86
split_gain=82.7736 36.0599 32.2849 22.2531 21.0764 19.1661 18.6777 15.4289 16.6073 14.1678 13.6686 12.7042 11.8651 13.0068 11.2844 10.5909 9.99263 9.80379 10.3405 9.59475 9.50306 9.43264 11.1699 9.20596 8.73318 8.58938 7.85544 7.76815 7.6701 7.93463
threshold=81.147613515213109 20.360000000000003 1.7050000000000003 11.735547945205482 0.37500000000000006 -0.5549170249155323 18.235000000000003 15.005000000000001 49.002478088307626 272.47000000000008 1020.8295000000002 23.765000000000004 0.012896020443059656 11.798767123287673 1.5450000000000006 12.450692041522492 0.32452610401532006 2.8404999999999636 0.52500000000000013 1025.4090000000003 1.1850000000000001 -0.5887731333852485 1.0050000000000001 5.1850000000000014 1.2550000000000006 52.405000000000008 14.934324324324328 1.385 3.0774999999999868 0.63511039253700541
decision_type=10 10 2 10 2 2 10 8 8 2 10 10 2 8 2 10 2 2 2 10 2 10 2 2 2 10 10 2 2 2
left_child=1 2 6 5 10 -2 7 20 -9 -4 16 -12 17 -14 15 19 -3 18 -10 27 -1 22 25 -7 -22 -16 -15 28 -5 -30
right_child=3 4 9 14 -6 23 -8 8 12 -11 11 -13 13 26 21 -17 -18 -19 -20 -21 24 -23 -24 -25 -26 -27 -28 -29 29 -31
leaf_value=0.00031225303096311214 0.01929696031978588 0.004361094283496846 -0.035834160240070904 0.0050933430250449645 -0.013838367911952441 0.018073366601139305 0.012277211424866733 -0.004292500490575355 0.0087758353272859042 -0.0030631907239853846 -0.0094463472423848092 -0.0011675802873873592 0.0036566688215391957 -0.002659610299435693 -0.0065500044447510076 -0.00012714245109333544 -0.0044482256916783978 0.013092760273550962 0.00048775277535786373 -0.0016268840096748613 0.028126280932378293 -0.0080171724561828063 -0.012982254019019663 0.0055624353251864838 0.0059059490898468276 0.01248029338767627 -0.018927123526087029 0.019875186576904607 0.018239097224964973 0.0031374599447920567
leaf_weight=418.93395131826401 154.5434467792511 228.78490650653839 32.954117327928543 410.6007262468338 242.42109298706055 60.605273246765137 106.43801113963127 1114.0006788671017 154.92222973704338 18.560364931821823 495.44810879230499 251.51188397407532 330.29873919487 1309.4526850879192 28.78750479221344 289.39017975330353 234.8454338312149 69.696064233779907 1079.531429708004 106.05922818183899 16.666450142860413 130.30133748054504 30.302636623382568 418.17638540267944 354.91963145136833 82.574684798717499 27.272372961044312 46.969086766242981 93.938173532485962 46.969086766242981
leaf_count=278 105 151 69 271 160 40 71 736 337 40 327 166 218 2569 19 191 155 46 1530 70 11 86 20 276 262 56 18 31 62 31
internal_value=1.17897e-05 -0.00160097 -0.000399215 0.00552007 -0.00576419 0.0101111 -0.000154907 -0.000426305 -0.00116868 -0.024027 -0.00414734 -0.00665877 2.55858e-06 -0.00167426 0.00322316 0.0047048 -0.000101143 0.00214594 0.0015279 0.00668953 0.00341005 -0.00219162 0.00316664 0.0071461 0.00690258 0.0075609 -0.00299151 0.00816332 0.00716588 0.0132052
internal_weight=8385.88 6486.66 5033.65 1899.22 1453.01 633.325 4982.13 4875.69 4085.17 51.5145 1210.59 746.96 2971.17 1667.02 1265.89 993.926 463.63 1304.15 1234.45 704.536 790.52 271.966 141.665 478.782 371.586 111.362 1336.73 598.477 551.508 140.907
internal_count=8402 7144 6185 1258 959 421 6076 6005 5454 109 799 493 4718 2805 837 656 306 1913 1867 465 551 181 95 316 273 75 2587 395 364 93
is_linear=0
shrinkage=0.03


Tree=28
num_leaves=31
num_cat=0
split_feature=97 64 42 78 51 16 98 21 58 14 63 91 94 23 27 51 2 96 18 41 63 75 20 84 13 103 76 13 34 67
split_gain=79.8968 40.8333 30.6069 21.9536 20.4651 14.5457 16.6735 23.3571 13.7912 13.0133 12.5919 11.094 10.2061 10.9078 10.1761 11.2114 10.1715 10.4447 10.1563 9.88803 9.63986 12.2999 12.4668 8.31099 8.1739 10.3458 8.11393 8.09068 8.00981 7.60179
threshold=89.449652748762773 2.9550000000000005 -0.20999999999999983 1.7750000000000006 0.68500000000000016 0.49082770717814922 106.2516907439708 0.58672569239651529 0.99563787988906038 61.335000000000008 0.7350000000000001 0.042474078885214935 1.9922364210732673 1.5990980604732108 1.7350000000000001 2.2850000000000006 1.0000000180025095e-35 10.977999999999954 -0.61977903179514027 0.89499999999999991 1.2150000000000001 0.43500000000000005 -0.84860254829152315 -0.84550000000001535 12.915000000000001 142.50000000000003 3.4950000000000006 -1.0000000180025095e-35 1.480728577096035 -0.0087660028449502315
decision_type=10 2 2 2 2 2 8 8 10 10 2 2 8 2 2 2 2 2 10 2 2 2 10 2 10 2 2 8 8 2
left_child=1 5 9 8 -4 6 -1 -8 -2 26 23 16 13 -7 -12 27 17 29 -5 24 21 -10 -23 -9 -14 -26 -3 -16 -28 -6
right_child=3 2 4 18 11 12 7 10 20 -11 14 -13 19 -15 15 -17 -18 -19 -20 -21 -22 22 -24 -25 25 -27 28 -29 -30 -31
leaf_value=-0.0033987326791848037 0.0027795633487423502 0.002230378304955575 -0.031443658511237538 0.0043450923810364741 -0.0066395083109929654 0.025730424467240571 0.0077604396551463487 0.03183475424324822 0.0018413772601805095 0.0037599326561670913 0.0010141379074977755 -0.0092186320277898911 0.0052745009755668778 0.0063300435203674605 -0.015699389103787337 0.024949421199918154 -0.011851455582531855 0.014218880673779945 -0.011839290588384876 -0.017073145892012219 0.0065656470936171886 0.023650441261048191 0.011694891506926861 0.0046744663136035714 0.012505575324223583 -0.0034169779247127134 -0.0080878221984770366 -0.003655981273364296 0.00014688286222917839 -0.00096089529438544139
leaf_weight=1165.8939440846443 327.26847553253174 192.42174255847931 29.545070707798004 63.635536909103394 410.6007262468338 28.78750479221344 384.46470215916634 10.605922818183897 74.241459727287292 434.08526962995529 694.68794459104538 682.56688994169235 374.23756229877472 277.64790806174278 54.544745922088623 11.742271691560743 137.87699663639069 30.302636623382568 77.271723389625549 24.620892256498337 387.87374877929688 110.98340663313866 268.17833411693573 230.6788212954998 42.423691272735596 273.48129552602768 293.55679228901863 630.6736247241497 166.66450142860413 439.00944808125496
leaf_count=771 216 286 63 42 370 19 256 7 49 294 976 710 550 184 36 25 217 20 51 35 256 77 177 489 28 185 196 954 353 439
internal_value=-0.000147041 -0.00141583 -0.00421106 0.00665606 -0.00668971 0.000456717 -0.000542705 0.00110785 0.00800494 -0.00026543 -0.000458464 -0.00625959 0.00357213 0.00815258 -0.00155541 -0.00411657 -0.00427515 -0.00308799 -0.00453021 0.00160838 0.0100377 0.0130079 0.0151944 0.00586833 0.00227485 -0.0012787 -0.00294278 -0.00461466 -0.00510571 -0.00370526
internal_weight=8330.57 7021.12 2816.63 1309.45 1729.9 4204.49 3183.29 2017.4 1168.55 1086.73 1632.93 1700.36 1021.2 306.435 1391.65 696.961 1017.79 879.913 140.907 714.763 841.277 453.403 379.162 241.285 690.143 315.905 652.643 685.218 460.221 849.61
internal_count=8331 7463 2948 868 1819 4515 3514 2743 775 1129 2487 1756 1001 203 1991 1015 1046 829 93 798 559 303 254 496 763 213 835 990 549 809
is_linear=0
shrinkage=0.03


Tree=29
num_leaves=31
num_cat=0
split_feature=97 89 95 20 14 16 87 98 63 58 97 42 63 94 42 62 98 67 78 63 33 71 43 94 100 13 75 96 92 100
split_gain=76.7085 34.4055 28.4238 23.0362 21.1657 19.0265 17.5591 16.4811 15.0791 13.9037 13.0024 10.3763 16.3258 10.1268 9.4949 9.27014 9.19545 8.94274 8.7854 8.7086 8.16317 8.2992 8.13352 8.01983 7.88983 7.8755 7.79224 7.86261 12.7684 10.4011
threshold=67.466858798444974 3.225000000000001 22.100000000000005 -0.44205387264680585 60.015000000000008 -0.62162637414360755 1.385 47.529130829982577 2.0150000000000001 0.7676466513840482 121.68376010320102 -0.19999999999999982 1.6450000000000002 3.820710168579549 0.19999999999999987 0.34502817916392459 142.85851499195061 0.013524182076813619 1.6850000000000003 0.54500000000000015 16.055000000000003 13.545000000000002 0.029272727272728141 2.3426770625522169 0.61022051905617591 6.3510000000000009 0.68500000000000016 -5.7915000000000409 11.520892733564017 0.92998563164973425
decision_type=10 2 10 10 8 2 2 8 2 10 10 2 2 10 2 2 10 2 2 2 10 8 2 8 2 10 2 2 10 2
left_child=1 4 3 5 8 16 10 -3 14 22 18 20 -13 17 -1 -9 -2 -7 19 -5 21 -6 -4 -17 -21 -12 -11 -28 -29 -30
right_child=2 7 9 6 11 13 -8 15 -10 26 25 12 -14 -15 -16 23 -18 -19 -20 24 -22 -23 -24 -25 -26 -27 27 28 29 -31
leaf_value=-0.00098943167041730959 0.011145733767182303 -0.033529757203214168 -0.0030830249053155402 0.015562892986252224 0.011397477292027841 0.0045359480628695105 0.016955671013326814 -0.0022168245136414979 -0.010233096640561802 0.012549466198334252 0.023764296648440039 0.0009720303774261122 -0.0042281140457326588 3.9347925508157113e-05 -0.0068923778351505016 0.0092803891249143271 0.026636311027723115 0.011673453393515774 -0.006140720963026639 0.0075751216041722701 0.021634269244434762 0.0014937878117284745 -0.017299093714626346 -0.010640844147039663 0.00029580085607667367 0.0068781492491609055 -0.013288587157295018 0.013538287711033716 0.0006761501000940635 -0.012860151289662379
leaf_weight=843.17086404561996 65.908234655857086 22.726977467536926 77.271723389625549 40.908559441566467 87.120080292224884 265.14807045459747 75.756591558456421 204.54279720783234 299.99610257148743 45.453954935073853 31.817768454551697 1579.1461510360241 828.39832869172096 145.45265579223633 345.82884046435356 18.939147889614105 72.347544938325882 390.90401244163513 134.84673297405243 159.08884227275848 21.211845636367798 604.91638359427452 68.180932402610779 458.32737892866135 849.98895728588104 113.63488733768463 39.393427610397339 60.605273246765137 377.26782596111298 59.090141415596008
leaf_count=558 48 15 51 27 59 175 50 297 198 30 21 2357 1029 96 229 29 50 258 89 105 14 961 45 604 561 75 26 40 249 39
internal_value=-4.18445e-05 -0.00222353 0.00373099 0.00533747 -0.00127985 0.00897387 0.00290701 -0.008398 -0.0042228 -0.00145076 0.00210697 0.00012429 -0.000817258 0.00720098 -0.00270634 -0.00756027 0.0192518 0.00878878 0.00106778 0.00199355 0.00330245 0.00274056 -0.00974681 -0.00985032 0.00144344 0.010572 0.000623249 -0.000387447 0.000635204 -0.00115689
internal_weight=8387.39 5314.32 3073.07 2345.8 4609.79 939.761 1406.04 704.536 1489 727.263 1330.29 3120.79 2407.54 801.505 1189 681.809 138.256 656.052 1184.83 1049.99 713.248 692.036 145.453 477.267 1009.08 145.453 581.811 536.357 496.963 436.358
internal_count=8385 6350 2035 1555 5405 627 928 945 985 480 878 4420 3386 529 787 930 98 433 782 693 1034 1020 96 633 666 96 384 354 328 288
is_linear=0
shrinkage=0.03


Tree=30
num_leaves=31
num_cat=0
split_feature=76 98 21 87 53 16 14 98 30 17 94 59 21 14 96 19 68 1 24 89 76 14 79 81 105 96 100 91 13 99
split_gain=57.8439 39.876 23.073 21.2361 20.4028 18.7686 18.4373 16.5282 16.0456 13.7289 13.4148 12.4642 14.6062 10.8532 14.4561 10.7606 10.7581 11.5151 11.2496 11.0312 9.66866 8.86129 8.65503 11.2411 8.588 8.48865 8.15018 8.10531 9.5148 14.5188
threshold=3.4950000000000006 134.28339832031955 0.72236395105752338 0.44500000000000006 2.6450000000000005 -0.85227513186527171 72.385000000000005 97.524019792138958 0.010000000000000122 -0.87018342332813392 2.7869042356399025 18.500000000000004 -0.36024104107293126 63.670000000000009 -1.1064999999999825 -0.44541649614736795 10.892123287671234 1.0000000180025095e-35 28.592609000000003 1.3650000000000004 3.2850000000000006 54.765000000000008 0.028485746019992531 11.585000000000003 38.500000000000007 -3.9000000000000337 0.91511136079008781 0.033048063297118582 23.665000000000003 1.3410953320691201
decision_type=2 10 10 2 2 2 10 8 2 2 10 10 8 8 2 10 10 2 2 2 2 10 2 10 2 2 2 2 10 2
left_child=1 6 10 4 5 -2 7 22 13 -8 -3 12 -9 14 -5 -12 19 18 20 -4 -18 -19 26 -24 -10 -20 -1 28 29 -11
right_child=3 2 16 8 -6 -7 9 11 24 27 15 -13 -14 -15 -16 -17 17 21 25 -21 -22 -23 23 -25 -26 -27 -28 -29 -30 -31
leaf_value=-0.0057386547148683608 0.01203921223453386 0.00404353335299662 -0.00027718078538957269 0.0073783639995391309 -0.038925645780787131 -0.012168430644399908 -0.0033567723428412585 0.0099932524766097215 0.01444323903167395 0.0070602600205662523 0.021700765508585126 -0.0074014067631264814 7.4815742639374918e-06 0.0020865862430738966 -0.0058847429202207036 0.0098601129573503855 0.001588976841064975 0.0033357414211408125 0.0031868938424426886 0.014314141070832606 0.018080414720397415 0.014651346267601957 0.013795411878973755 -0.0031789168761900142 -0.0068584400883515235 -0.0085096976328625958 -0.017636019609130828 -0.0013930817330155337 0.011437010381745731 -0.0023793596243466904
leaf_weight=518.5538692176342 32.575334370136261 142.42239212989807 69.696064233779907 87.877646207809448 22.726977467536926 250.37553510069847 246.96648848056793 140.90726029872894 17.424016058444977 448.85780498385429 129.1649886071682 187.87634706497192 2046.5643209517002 579.15914246439934 467.03938695788383 148.48291945457458 390.90401244163513 184.84608340263367 80.301987051963806 140.90726029872894 34.848032116889954 93.938173532485962 42.802474230527878 195.45200622081757 760.21739628911018 183.33095157146454 57.57500958442688 174.24016058444977 199.99740171432495 217.80020073056221
leaf_count=343 41 94 46 58 45 373 163 93 19 297 89 127 3444 638 312 98 258 122 53 93 23 62 29 129 684 121 38 115 132 149
internal_value=-8.86359e-05 0.00142482 0.0054918 -0.00423603 -0.0115781 -0.00938147 -2.74032e-05 -0.00125063 -0.00306206 0.00300223 0.0115288 1.38439e-05 0.000650721 -0.000786145 -0.00378437 0.0153685 0.00334042 0.00200373 -7.68406e-05 0.00948536 0.00293881 0.00714861 -0.00493876 -0.000129475 -0.00638115 -0.00494694 -0.00692761 0.00451099 0.005698 0.00397629
internal_weight=8293.83 6076.44 1598.84 2217.4 305.678 282.951 4477.59 3189.73 1911.72 1287.86 420.07 2375.35 2187.47 1134.08 554.917 277.648 1178.77 968.169 689.385 210.603 425.752 278.784 814.383 238.254 777.641 263.633 576.129 1040.9 866.655 666.658
internal_count=8288 6118 1059 2170 459 414 5059 4203 1711 856 281 3664 3537 1008 370 187 778 639 455 139 281 184 539 158 703 174 381 693 578 446
is_linear=0
shrinkage=0.03


Tree=31
num_leaves=31
num_cat=0
split_feature=98 89 20 14 98 95 105 89 17 84 90 2 35 19 16 91 7 85 10 38 41 75 65 24 98 100 13 17 100 14
split_gain=53.7272 38.6497 21.2132 20.3318 23.1599 15.5898 15.0135 13.0113 12.6715 12.5822 13.0437 11.9516 18.422 10.938 10.3581 10.0282 13.5343 9.93127 9.80988 9.40607 9.27311 9.87971 9.86846 9.17301 8.41914 8.44683 8.87955 13.2051 8.38814 12.8523
threshold=133.9322060111497 3.3850000000000007 -0.68689720506865548 73.015000000000015 96.324275001391626 24.565000000000001 114.50000000000001 3.1950000000000007 -0.95909189535710848 -10.106499999999981 1.9550000000000003 1.0000000180025095e-35 16.650000000000002 0.79196995494214029 -0.58637234780482739 0.03346888285309399 11.365 2.5866206896551729 16.995000000000001 0.83620196692895099 2.0950000000000002 0.53500000000000014 2.9150000000000005 39.582972500000004 116.48586264635493 0.73691795390047965 23.665000000000003 0.14910385687656619 0.77793768810724973 61.205000000000005
decision_type=10 2 10 10 8 10 2 2 2 2 2 2 10 10 2 2 2 2 10 2 2 2 2 2 10 2 10 2 2 10
left_child=1 3 6 4 23 9 14 8 -5 -4 18 -6 20 -12 17 16 24 -2 28 -3 21 22 -13 -1 25 -10 -27 -28 29 -11
right_child=2 19 5 7 11 -7 -8 -9 15 10 13 12 -14 -15 -16 -17 -18 -19 -20 -21 -22 -23 -24 -25 -26 26 27 -29 -30 -31
leaf_value=-0.0039369338026128886 0.024915679618063426 -0.0082001920926089277 0.022305020216664629 -0.0047453758723967569 0.00073584050640789769 -0.0047952735584451192 0.00027063719923864788 -0.013094379290524054 0.0068684781157735695 0.0021340998870744104 0.0070158978558292158 0.005872424804930795 -0.017590585301695608 -0.01342544442064552 0.0091127731579423426 -0.0011016677070921684 0.017296255388022177 0.0050208468124655634 0.012487355718906372 -0.028746826233163224 -0.029929871942990342 -0.0036329054692773033 -0.029105754321826216 -0.010264161018920361 0.011133535180263906 -0.0018298174904840799 0.0023431241062465235 0.024512616241564512 0.00080164741919188439 0.011607298858814579
leaf_weight=842.03451517224312 88.635212123394012 535.22031936049461 31.817768454551697 181.81581974029541 2189.3654960393906 228.78490650653839 118.18028283119202 48.484218597412109 318.17768454551697 318.17768454551697 34.848032116889954 173.86137762665749 75.756591558456421 72.726327896118164 253.02701580524445 304.54149806499481 75.756591558456421 30.302636623382568 113.63488733768463 20.833062678575516 10.605922818183897 565.90173894166946 7.5756591558456412 273.1025125682354 133.3316011428833 370.4497327208519 119.69541466236115 30.302636623382568 598.47707331180573 216.66385185718536
leaf_count=558 63 666 21 120 2717 151 78 32 210 210 23 441 50 48 167 201 50 20 75 40 28 1230 20 181 88 252 79 20 395 143
internal_value=-2.81892e-05 -0.00141919 0.00411903 -0.000685257 -0.00179126 0.0024601 0.00958555 0.00220681 0.0026904 0.00365744 0.00321941 -0.00042817 -0.00348496 -0.0068036 0.0125451 0.00369017 0.00508303 0.0198469 0.00408409 -0.00896999 -0.0020751 -0.00167979 0.00441196 -0.0054865 0.0041311 0.00301779 0.000663664 0.00682181 0.00324152 0.00597168
internal_weight=8382.09 6276.81 2105.28 5720.76 4138.2 1615.13 490.145 1582.56 1534.07 1386.35 1354.53 3023.07 833.701 107.574 371.965 1352.26 1047.71 118.938 1246.95 556.053 757.945 747.339 181.437 1115.14 971.957 838.625 520.448 149.998 1133.32 534.842
internal_count=8377 6983 1394 6277 5225 1066 328 1052 1020 915 894 4486 1769 71 250 900 699 83 823 706 1719 1691 461 739 649 561 351 99 748 353
is_linear=0
shrinkage=0.03


Tree=32
num_leaves=31
num_cat=0
split_feature=97 3 92 51 78 16 35 73 67 94 43 43 65 13 86 90 81 34 43 70 64 13 72 16 90 68 79 82 87 97
split_gain=70.3178 26.1741 22.6698 22.0153 19.3036 17.8634 17.6175 19.4687 16.8602 14.1489 14.0729 13.862 13.553 12.8192 11.184 10.9076 10.6287 10.433 10.3432 10.3224 11.7351 9.66762 9.0477 8.59955 8.77343 8.29643 10.2611 10.196 10.1578 8.22987
threshold=73.903903099643642 2.3450000000000002 12.450692041522492 0.48500000000000004 1.7750000000000006 0.49082770717814922 19.825000000000006 1.6845205479452057 0.0013798008534851144 4.3459461676016735 0.04127272727272769 0.2363636363636368 1.3050000000000004 5.6310000000000011 0.62478918042505105 0.78500000000000025 21.535000000000004 0.4978570306461359 0.020181818181818609 0.76852914174916387 2.2450000000000006 2.3065000000000002 2.5695000000000054 -0.68550073427150593 2.4550000000000005 10.16914383561644 0.0031580895964457294 2.2155498083589662 1.385 49.456014017841206
decision_type=10 2 10 2 2 2 10 2 2 10 2 2 2 10 2 2 8 10 2 8 2 8 2 2 2 10 2 10 2 8
left_child=1 5 4 -3 6 11 9 13 16 12 15 29 17 -8 -12 21 -5 -2 -4 20 -7 -10 -16 -6 -25 26 27 -19 -27 -1
right_child=2 3 18 8 23 19 7 -9 10 -11 14 -13 -14 -15 22 -17 -18 25 -20 -21 -22 -23 -24 24 -26 28 -28 -29 -30 -31
leaf_value=-0.0040008065309773272 -0.00036926550155948283 -0.030150103711118544 0.0017841738837796998 -0.0097987371751511679 0.01185289334264975 0.024273809915381275 0.0368889717948611 0.0072964585719872844 0.025934623877405839 -0.0041001083880190603 -0.0012095908086491444 0.010190215311049335 0.01193946247588225 0.013507423954586005 -0.0055504356704182212 -0.00081431204713888045 -0.0025951383383604329 0.011306237097348003 -0.00722647143322351 0.0024320531844698157 0.0005790894640364993 0.0051082532951504051 -0.016485715120932731 -0.0012292853794902919 -0.016681191885837384 0.0039790299845826023 0.0060344458391332683 0.03360535295698569 0.018033351444410137 -0.00061330842947996279
leaf_weight=985.59325617551804 256.0572794675827 29.545070707798004 306.05662989616394 553.02311837673187 36.741946905851364 43.18125718832016 45.453954935073853 121.21054649353027 24.242109298706055 122.7256783246994 341.28344497084618 89.771560996770859 321.20794820785522 39.393427610397339 211.7396734058857 474.61504611372948 276.51155918836594 43.938823103904724 183.33095157146454 823.85293319821358 33.332900285720825 116.28636804223061 100.37748381495476 206.05792903900146 39.393427610397339 622.71918261051178 99.998700857162476 31.817768454551697 49.999350428581238 1870.430245578289
leaf_count=652 169 60 202 365 25 30 30 80 16 87 406 168 212 26 340 557 493 29 121 882 22 130 67 136 26 411 66 21 33 2595
internal_value=1.02932e-05 -0.00176409 0.0042064 -0.00443401 0.00559949 -0.000287142 0.00677079 0.0150116 -0.00407188 0.00567417 -0.00189714 -0.00141745 0.00651552 0.0260333 -0.00496304 0.00135943 -0.00739754 0.00493819 -0.00159133 0.00341098 0.0139514 0.00870094 -0.00906724 -0.00168301 -0.00370922 0.00653991 0.0123437 0.0206719 0.00502361 -0.00178231
internal_weight=8499.89 5973.79 2526.1 2127.62 2036.72 3846.16 1754.52 206.058 2098.08 1548.46 1268.54 2945.8 1425.74 84.8474 653.401 615.144 829.535 1104.53 489.388 900.367 76.5142 140.528 312.117 282.193 245.451 848.474 175.755 75.7566 672.719 2856.02
internal_count=8457 6783 1674 2434 1351 4349 1164 136 2374 1028 1516 3415 941 56 813 703 858 729 323 934 52 146 407 187 162 560 116 50 444 3247
is_linear=0
shrinkage=0.03


Tree=33
num_leaves=31
num_cat=0
split_feature=97 3 58 43 56 16 98 21 20 93 14 14 92 91 82 78 97 72 23 97 103 14 73 91 14 70 0 16 84 57
split_gain=58.6151 28.8491 26.6751 19.5556 15.8689 15.7356 13.3134 14.6819 12.9735 13.0742 12.4516 12.2053 10.5131 11.6164 11.088 11.4447 10.4448 10.29 8.86579 9.71122 9.54 8.4395 8.38787 8.22965 10.5604 7.88638 11.8525 7.3699 7.36711 7.29665
threshold=74.50227040196647 2.4850000000000008 1.9901903393432412 0.011000000000000386 16.401621621621626 0.53139854714343082 95.905219178085204 -0.15393439621244762 -0.44205387264680585 18.815000000000001 75.455000000000013 59.120000000000012 12.450692041522492 0.013730878476412234 2.5504872938392404 0.6150000000000001 31.385387523613847 -0.98450000000002535 1.5971069677252256 42.709132954225801 138.50000000000003 52.050000000000004 0.90472602739726038 -0.0069403637222484717 57.685000000000009 1.3809173377405053 1.0000000180025095e-35 -0.65295805765358261 5.5440000000000405 16.995000000000001
decision_type=10 2 10 2 8 2 8 8 10 10 8 10 10 2 10 2 10 2 2 8 2 10 2 2 10 10 2 2 2 10
left_child=1 5 4 23 8 6 11 17 9 27 16 -1 13 14 -4 29 -5 -8 -7 -20 -21 -10 -9 24 -3 -23 -27 -2 -25 -16
right_child=2 3 12 10 -6 18 7 22 21 -11 -12 -13 -14 -15 15 -17 -18 -19 19 20 -22 25 -24 28 -26 26 -28 -29 -30 -31
leaf_value=-0.0073659486003022695 0.018892258160878698 -0.0049065682578290845 0.0026044091407666395 -0.029032908500000038 -0.0037787106742110475 0.01590878068980835 0.017741730036707048 0.0069467782244401035 -0.0025563589488861861 -0.00024955023369380446 -0.0042911766042243622 -0.00087589566329874223 -0.00052316759230629825 0.0052415647643368566 0.021297007296297993 0.015241759381437394 -0.0099462079354605964 0.0034550380641418109 -0.0018551659347421699 0.024393094146946511 0.0039089889755403676 3.1006878794706514e-05 -0.0014071608844503963 -0.0008363175691123826 0.014975022188446475 0.01315315259708578 0.0027957349627799849 0.0081523749788927295 -0.0077886621218430331 0.042317705417697006
leaf_weight=521.96291583776474 67.423366487026215 41.287342399358749 33.332900285720825 27.272372961044312 303.02636623382568 45.832737892866135 59.090141415596008 115.15001916885376 299.99610257148743 159.08884227275848 497.3420235812664 521.20534992218018 53.029614090919495 90.907909870147705 29.166287750005722 95.45330536365509 479.16044160723686 195.45200622081757 317.4201186299324 21.211845636367798 579.15914246439934 374.23756229877472 1784.8252971172333 558.7048627436161 57.57500958442688 140.90726029872894 337.87439835071564 390.90401244163513 181.81581974029541 30.302636623382568
leaf_count=346 49 61 22 18 200 37 39 247 198 105 869 344 35 60 20 63 320 129 214 14 722 247 2609 695 38 93 223 258 120 20
internal_value=-0.000127312 -0.00171259 0.00382951 -0.00483711 0.00256505 -0.000328648 -0.00134136 5.58861e-06 0.00365084 0.00716028 -0.00766288 -0.00412328 0.0117219 0.014048 0.0183006 0.0216778 -0.0109741 0.00677159 0.00303191 0.00238887 0.00463272 0.00177161 -0.000900862 -0.00145791 0.00667198 0.0032937 0.00584396 0.00973229 -0.00254329 0.0320082
internal_weight=8410.12 6004.47 2405.65 1843.16 2073.46 4161.31 3197.69 2154.52 1770.43 617.416 1003.77 1043.17 332.193 279.163 188.255 154.922 506.433 254.542 963.624 917.791 600.371 1153.02 1899.98 839.383 98.8624 853.019 478.782 458.327 740.521 59.4689
internal_count=8415 6822 1593 2121 1373 4701 3714 3024 1173 412 1207 690 220 185 125 103 338 168 987 950 736 761 2856 914 99 563 316 307 815 40
is_linear=0
shrinkage=0.03


Tree=34
num_leaves=31
num_cat=0
split_feature=97 90 67 97 46 51 19 68 7 2 63 103 24 18 98 94 88 100 67 94 46 23 90 24 54 98 14 55 13 91
split_gain=70.3721 33.5377 23.2957 14.8846 14.3689 14.0251 13.7842 13.0761 12.9028 10.4688 16.1558 13.0554 9.90555 9.51302 11.8942 10.2537 10.7129 9.34113 12.5285 10.4621 10.3202 9.33497 9.14979 8.95557 8.93334 8.19486 7.25467 7.97066 7.0135 7.98978
threshold=96.864190268854841 2.1650000000000005 -0.069391891891891974 43.986876859061837 2.5561559448873221 0.80500000000000016 0.75270217310575604 9.4020068493150699 9.5150000000000023 1.0000000180025095e-35 0.7350000000000001 143.50000000000003 40.668572000000005 -0.7592713073348808 148.74519807130051 2.7776327718185252 3.2950000000000004 0.75393893795646805 0.058243243243243231 4.188389685100927 2.2162587089860875 1.5958754769795447 1.9350000000000003 26.738276500000001 0.34000000000000025 107.30573466150194 71.475000000000009 0.10286842105263162 27.295000000000005 -0.0039533538025507764
decision_type=10 2 2 8 8 2 10 10 2 2 2 2 2 10 10 10 2 2 2 10 10 2 2 2 2 8 10 2 10 2
left_child=1 2 23 4 8 -3 25 -2 12 17 11 -11 -4 14 -9 -16 -17 20 -19 28 26 -10 -15 -1 -12 -7 27 -5 29 -20
right_child=7 5 3 9 -6 6 -8 13 21 10 24 -13 -14 22 15 16 -18 18 19 -21 -22 -23 -24 -25 -26 -27 -28 -29 -30 -31
leaf_value=-0.0011994748926985313 0.018763779679029927 -0.028795095174767964 -0.0027224750536567299 0.0028390945837883357 0.01360759356190519 -0.010251756352526667 -0.014829554625211723 -0.0002163595536327632 0.015518120105723499 -0.014202494648089446 -0.0010504971718081936 0.0095933006399759168 -0.0097611874723361244 0.005929430986252769 0.0016956399897619949 0.026594620390045256 0.008619138444761601 -0.001217769624803889 0.010783049676736879 -0.0044573766018823693 0.019870272807238427 -0.00090518743704230329 -0.0070628229325255497 -0.0073069099316390466 -0.0077584511740644716 -0.0016902294017659646 0.0069908170207499398 -0.0073205991694526226 0.017349832391029173 0.0026128525507207478
leaf_weight=374.616345256567 88.635212123394012 26.136024087667465 724.61179825663567 1087.8646547794342 47.347869724035263 139.39212846755981 136.36186480522156 53.029614090919495 51.514482259750366 23.863326340913773 507.56916344165802 159.08884227275848 239.39082932472229 609.46177908778191 34.848032116889954 81.817118883132935 46.969086766242981 1275.3622188866138 131.81646931171417 129.54377156496048 34.848032116889954 78.786855220794678 53.029614090919495 510.59942710399628 275.75399327278137 361.73772469162941 374.616345256567 74.241459727287292 37.87829577922821 589.38628232479095
leaf_count=407 60 51 485 1165 35 92 90 35 34 63 872 351 158 403 23 54 31 1207 126 93 23 52 35 481 449 538 248 67 25 614
internal_value=0.000174302 -0.000821596 -0.000187005 0.000500035 -0.00257267 -0.00725589 -0.00637282 0.00778133 -0.00327275 0.00124612 -0.0015372 0.0064895 -0.0044704 0.0066741 0.012131 0.0161324 0.0200389 0.00196608 0.00068763 0.00342228 0.00372645 0.00558775 0.00488946 -0.00472229 -0.0034119 -0.00407167 0.00336036 0.00219004 0.00476701 0.00410614
internal_weight=8360.12 7392.33 6728.7 5843.48 1141.65 663.628 637.492 967.79 1094.3 4701.83 966.275 182.952 964.003 879.155 216.664 163.634 128.786 3735.56 2163.99 888.625 1571.57 130.301 662.491 885.216 783.323 501.13 1536.72 1162.11 759.081 721.203
internal_count=8367 7726 6955 6067 764 771 720 641 729 5303 1735 414 643 581 143 108 85 3568 2065 858 1503 86 438 888 1321 630 1480 1232 765 740
is_linear=0
shrinkage=0.03


Tree=35
num_leaves=31
num_cat=0
split_feature=97 89 42 64 97 21 21 53 91 91 13 3 74 97 69 69 18 74 94 75 95 96 58 98 79 57 69 63 94 96
split_gain=65.9953 30.0396 19.3213 18.8262 12.0486 12.6108 11.4185 11.2887 9.19234 9.07587 9.52482 12.3646 8.88318 8.87496 8.76403 8.68544 8.58706 8.25934 8.54268 8.02577 9.27015 15.0659 7.86353 7.79755 7.59197 7.59137 7.58689 7.41696 7.27482 9.07181
threshold=96.864190268854841 3.3850000000000007 -0.16 2.9250000000000003 46.7133874314274 0.58672569239651529 -0.48511470585764821 3.2750000000000004 0.013730878476412234 0.012896020443059656 4.9595000000000011 2.1150000000000007 0.35818072829698405 82.667480786758617 11.595000000000001 14.015000000000002 0.4063379562869191 0.39060842626728826 3.5666211119756204 2.8050000000000002 22.000000000000004 9.5755000000000354 1.9425629891174545 124.0916420441972 0.04779387263976307 13.425000000000002 11.595000000000001 1.6450000000000002 2.6702187983095507 -0.83550000000002445
decision_type=10 2 2 2 8 8 8 2 2 2 8 2 2 10 8 10 10 2 10 2 10 2 10 8 2 10 8 2 10 2
left_child=1 2 6 4 16 12 -1 23 22 10 11 -7 -6 14 -8 -14 -4 18 -10 20 21 -5 27 -3 -18 -12 -11 -2 -24 -30
right_child=8 7 3 19 5 9 13 -9 17 26 25 -13 15 -15 -16 -17 24 -19 -20 -21 -22 -23 28 -25 -26 -27 -28 -29 29 -31
leaf_value=0.012726266240939792 0.0061567339863557915 -0.0097130812996001001 -0.0056314652690426367 -0.0041123095725390038 0.0014004093222811441 0.0002997503806231073 0.0099219957988654888 -0.029078295530778703 0.004213506945409032 0.010192330363991241 0.001471484562593573 -0.016772293677661334 0.018527473974555429 0.0073885245786061739 0.00037543382690046769 0.0057542482313250607 -0.0010819192967985571 0.00087459764945450348 0.017975509921418744 0.0049953697906187236 -0.0092985200146136274 0.015540751181753507 0.0045937281259660328 -0.0032512074953076459 0.0133756373450576 0.0082039038414339367 -0.0030259967201377567 0.02098896567255008 0.010025487703018239 0.026295982442867794
leaf_weight=87.877646207809448 338.25318130850792 313.63228905200958 519.69021809101105 1015.138326883316 292.42044341564178 136.36186480522156 91.665475785732269 20.075496762990952 112.1197555065155 40.908559441566467 695.82429346442223 53.029614090919495 65.150668740272522 215.14872002601624 1549.9798632860184 181.05825382471085 224.61829397082329 275.75399327278137 63.635536909103394 79.923204094171524 315.14742088317871 36.363163948059082 42.423691272735596 362.11650764942169 38.257078737020493 192.42174255847931 874.2310665845871 33.332900285720825 56.059877753257751 68.559715360403061
leaf_count=58 224 207 346 1144 193 90 62 35 74 27 1120 35 43 142 1719 121 149 182 42 70 208 24 28 557 26 127 1228 22 37 46
internal_value=-2.76871e-06 -0.000975892 -0.000360198 -0.00138947 -0.000143031 0.000862731 0.00215944 -0.00690895 0.00727109 -0.000238118 0.00162759 -0.00448042 0.00493556 0.00165934 0.000908491 0.00913424 -0.00339642 0.00411392 0.0091963 -0.00424494 -0.00478532 -0.00343266 0.00991761 -0.00625033 0.00102213 0.00292994 -0.00243511 0.00748725 0.0153239 0.0189767
internal_weight=8391.18 7401.04 6705.22 4760.54 3313.97 2531.41 1944.67 695.824 990.139 1992.78 1077.64 189.391 538.629 1856.79 1641.65 246.209 782.566 451.509 175.755 1446.57 1366.65 1051.5 538.629 675.749 262.875 888.246 915.14 371.586 167.043 124.62
internal_count=8386 7731 6932 4951 3505 2984 1981 799 655 2627 1372 125 357 1923 1781 164 521 298 116 1446 1376 1168 357 764 175 1247 1255 246 111 83
is_linear=0
shrinkage=0.03


Tree=36
num_leaves=31
num_cat=0
split_feature=97 83 30 47 97 43 95 43 91 95 50 72 20 16 78 33 94 94 16 106 85 84 65 69 95 89 47 81 70 76
split_gain=53.8784 27.0708 23.5649 19.7703 15.4119 14.269 13.6656 12.871 11.7353 10.7669 10.6932 9.51637 9.39164 9.63388 9.28195 9.15864 9.04602 8.38868 9.1097 9.02675 8.32735 8.04684 7.94608 7.92922 7.18166 7.07476 9.17842 7.83486 7.41219 6.91611
threshold=82.240695522134487 20.360000000000003 1.3400000000000003 19.405000000000005 110.27313187179264 0.013636363636363882 14.970000000000001 -0.090545454545454068 0.012896020443059656 24.565000000000001 0.88434679115403914 5.2925000000000191 -0.4711656548203908 -0.66841690744972804 0.87500000000000022 11.065000000000003 3.820710168579549 4.5026716372615079 -0.38365070089932202 65.500000000000014 2.479068965517242 0.16400000000004414 1.1450000000000005 12.885000000000003 21.510000000000002 1.3050000000000004 11.650000000000002 11.585000000000003 0.79509520236550324 3.4750000000000005
decision_type=10 10 2 10 10 2 8 2 2 10 2 2 10 2 2 8 10 10 2 2 2 2 2 8 8 2 8 8 8 2
left_child=1 2 3 6 9 21 25 20 11 12 15 14 13 -2 22 -10 -15 18 19 -6 -8 -3 -9 -17 -22 -1 -27 -28 -29 -23
right_child=4 5 -4 -5 17 -7 7 8 10 -11 -12 -13 -14 16 -16 23 -18 -19 -20 -21 24 29 -24 -25 -26 26 27 28 -30 -31
leaf_value=-0.00066781612740613296 0.021972842514351273 0.0027155086834339563 -0.036189073349886684 0.016773768082666077 0.019230824046869578 -0.0083468192568040295 0.00075160262744125789 4.5487971846489907e-05 -0.0075408490992286683 -0.0042700505624967177 -0.027649557295916876 0.015266479702706098 0.0019712853841347844 0.0084290270478642824 0.005082484126918729 0.015446828195492833 -0.0030584395319534934 -0.0044672489989752663 0.0066624251176440824 0.0043726374617255419 0.013538892773987532 0.0017271606145280998 -0.0054110943945820857 -0.0024206759050213081 0.0021123780644962337 0.00058855723948749686 0.017870766626053306 0.01966865725954732 0.0040107785567306473 -0.0055203051590350799
leaf_weight=237.1181315779686 37.87829577922821 213.63358819484711 16.28766718506813 62.120405077934265 139.39212846755981 596.9619414806366 712.11196064949036 1009.8353654742241 353.02571666240692 163.63423776626587 16.28766718506813 36.363163948059082 772.71723389625549 306.05662989616394 246.96648848056793 22.726977467536926 77.271723389625549 37.499512821435928 260.60267496109009 49.999350428581238 96.968437194824219 151.51318311691284 315.14742088317871 1360.209601432085 101.13504973053932 192.42174255847931 68.938498318195343 31.817768454551697 187.87634706497192 543.9323273897171
leaf_count=158 28 141 31 41 92 394 947 1112 233 108 43 24 510 202 445 15 51 27 172 33 64 100 370 2157 183 133 47 21 148 359
internal_value=5.96399e-05 -0.00121188 -0.000162324 -4.61521e-05 0.00458969 -0.00474329 -0.000255587 -0.000899447 -0.00175656 0.00294665 -0.003455 9.38771e-05 0.00393574 0.00753958 -0.000257104 -0.003228 0.00611337 0.00916521 0.0103012 0.0153083 0.00226507 -0.00237698 -0.00125236 -0.00212704 0.00770547 0.00357327 0.00566376 0.00904723 0.00627847 -0.00394134
internal_weight=8418.45 6573.4 5067.36 5051.07 1845.05 1506.04 4988.95 4270.78 3360.56 1357.56 1752.25 1608.31 1193.92 421.207 1571.95 1735.96 383.328 487.494 449.994 189.391 910.215 909.079 1324.98 1382.94 198.103 718.172 481.054 288.633 219.694 695.446
internal_count=8389 7166 6172 6141 1223 994 6100 5593 4399 899 2448 1951 791 281 1927 2405 253 324 297 125 1194 600 1482 2172 247 507 349 216 169 459
is_linear=0
shrinkage=0.03


Tree=37
num_leaves=31
num_cat=0
split_feature=97 89 80 93 45 95 97 43 1 97 42 59 14 70 41 68 42 96 13 43 54 57 14 72 94 14 9 33 35 95
split_gain=47.5421 22.2222 15.8426 13.9328 13.2458 12.7799 13.2822 12.1789 10.4268 10.0807 9.42741 9.1127 8.94175 10.5293 8.40185 8.3191 9.13087 11.5929 9.3247 7.94428 7.48428 8.46977 6.56795 6.51989 6.3693 6.23848 6.14091 5.9091 5.90842 6.14389
threshold=73.903903099643642 3.3850000000000007 15.104344827586209 25.835000000000004 20.745000000000001 15.005000000000001 46.464203740823983 0.2322727272727281 1.0000000180025095e-35 121.68376010320102 -0.079999999999999946 18.440000000000005 73.810000000000016 0.84122442715445833 2.0550000000000002 9.5912808219178096 0.069999999999999965 -6.6640000000000432 10.205000000000002 0.021363636363636824 -0.094999999999999959 18.630000000000006 45.295000000000009 0.43349999999998096 2.3223295212096358 83.350000000000009 319.03500000000003 12.165000000000001 18.515000000000004 20.360000000000003
decision_type=10 2 10 10 8 8 8 2 2 10 2 10 10 10 2 10 2 2 10 2 2 10 10 2 10 10 2 10 10 10
left_child=1 5 3 4 9 8 19 23 12 15 27 14 24 25 -12 -2 -17 18 26 -7 21 -4 -19 -3 -1 -14 -18 -8 -13 -30
right_child=2 7 20 -5 -6 6 10 -9 -10 -11 11 28 13 -15 -16 16 17 22 -20 -21 -22 -23 -24 -25 -26 -27 -28 -29 29 -31
leaf_value=-0.0058407685756255972 0.010331450210816273 -0.0025515359533285847 -0.0053986145407630189 0.023548319446546229 -0.010804752838909637 -0.0021697651327508881 -1.9287528478344677e-05 -0.020974368563186654 0.018942211519147319 0.010188288022192118 -0.0006409602002298636 -0.0090714253977213985 0.0024200789167970835 0.0023364249103954818 -0.027426474092432873 0.0053735634436396741 0.018990917544090026 -0.0097076981221814566 0.00072959845392310226 -0.0070215113026328617 -0.00920950888345912 0.008183502415243472 0.00017293386609254282 -0.0094460985437892497 0.004035125585503254 0.019933157556832486 0.0027598231107247 0.004211432807825273 0.0081716823577813319 -0.0049478489750306451
leaf_weight=171.58867987990379 153.40709790587425 262.11780679225922 90.907909870147705 33.332900285720825 53.029614090919495 753.02052009105682 832.18615826964378 52.650831133127213 34.090466201305389 238.25448045134544 1681.4175496399403 224.23951101303101 27.272372961044312 365.52555426955223 10.605922818183897 804.53500235080719 68.180932402610779 66.66580057144165 92.423041701316833 509.08429527282715 113.63488733768463 75.756591558456421 659.83991247415543 233.33030200004578 89.392778038978577 55.681094795465469 30.302636623382568 462.11520850658417 42.802474230527878 128.78620564937592
leaf_count=114 102 458 60 22 35 497 1417 85 24 158 2702 151 18 245 28 531 45 44 61 336 75 50 437 154 59 39 20 308 29 85
internal_value=-4.37913e-05 -0.00150129 0.00344437 0.0043002 0.00400408 -0.000915836 -0.00150046 -0.00725632 0.00273576 0.00437563 -0.00052041 -0.00176747 0.00195702 0.00452624 -0.000808857 0.00363716 0.00304077 0.000994991 0.00757376 -0.00412677 -0.00327273 0.000775075 -0.000733735 -0.00579852 -0.00245802 0.0141754 0.0139967 0.00149124 -0.00586522 -0.00167521
internal_weight=8416.18 5935.91 2480.27 2199.97 2166.64 5387.81 4644.26 548.099 743.551 2113.61 3382.15 2087.85 709.46 448.479 1692.02 1875.35 1721.95 917.412 190.907 1262.1 280.299 166.665 726.506 495.448 260.981 82.9535 98.4836 1294.3 395.828 171.589
internal_count=8389 6749 1640 1455 1433 6052 5553 697 499 1398 4720 2995 475 302 2730 1240 1138 607 126 833 185 110 481 612 173 57 65 1725 265 114
is_linear=0
shrinkage=0.03


Tree=38
num_leaves=31
num_cat=0
split_feature=76 98 21 84 42 41 57 14 98 21 33 83 100 14 60 14 63 94 98 42 84 81 68 94 75 96 105 77 58 86
split_gain=42.1841 28.5035 18.8376 17.3802 17.2394 14.4709 14.5328 14.9048 16.5006 12.0192 10.9984 11.6681 10.9703 14.7979 10.3998 9.94549 9.78933 9.44028 9.97285 9.79425 9.13558 8.36992 9.53473 8.25987 8.21884 8.08792 7.98623 7.82083 7.72382 9.60183
threshold=3.4950000000000006 130.59309408610429 0.72236395105752338 -10.106499999999981 0.029999999999999919 1.7650000000000003 16.025000000000002 73.810000000000016 93.517412667537172 -0.25206935824311322 15.745000000000003 20.360000000000003 0.74921297244704455 66.355000000000004 0.1375000000000455 61.915000000000006 0.7350000000000001 2.8746294470412868 170.5344729799634 0.45000000000000012 -3.40749999999997 11.585000000000003 9.0458630136986322 2.1497323774667394 0.49500000000000005 12.836500000000003 107.50000000000001 1.2850000000000004 0.99563787988906038 0.31907854189887824
decision_type=2 10 10 2 2 2 10 10 8 8 10 10 2 10 2 8 2 10 10 2 2 10 10 10 2 2 2 2 10 2
left_child=1 5 17 -4 10 6 7 8 21 -10 15 -12 13 -5 -13 -2 -14 19 -19 -3 -9 22 -1 -22 -11 -6 -26 28 29 -28
right_child=4 2 3 12 25 -7 -8 20 9 24 11 14 16 -15 -16 -17 -18 18 -20 -21 23 -23 -24 -25 26 -27 27 -29 -30 -31
leaf_value=-0.0025378042300101206 -0.0065827358469850118 0.0076734459168429177 0.024026167708248718 0.0024616516101080995 -0.0073740335960192464 -0.023537893446336684 -0.0055453591100820014 -0.00079224356039143246 0.0078776545186926561 0.0042641091118027332 0.020276361439059247 0.007114166064489405 0.0060195583602150379 0.014206426148036648 -0.0033830602931292494 -0.00050687798321285855 -0.0016972273167392791 0.0097260479535935598 0.022595612268637023 -0.009999031678235985 0.0090241672381446737 -0.0057476620685617983 0.017121231958055264 0.0026637019995355091 -0.0023190046672789811 0.012077332026385345 0.023075844264635836 -0.0019498645327151965 -0.0010398421479369797 0.0057056206303571491
leaf_weight=73.483893811702728 427.26717638969421 148.48291945457458 33.332900285720825 349.99545300006866 827.6407627761364 23.48454338312149 378.02539187669754 292.79922637343407 196.96713805198669 353.4044996201992 31.817768454551697 153.02831494808197 190.90661072731018 133.3316011428833 190.90661072731018 560.59877753257751 657.56721472740173 209.466975659132 73.105110853910446 34.848032116889954 328.0260414481163 618.17378711700439 31.817768454551697 417.79760244488716 1068.1679409742355 19.696713805198669 34.090466201305389 251.51188397407532 119.69541466236115 179.16433903574944
leaf_count=50 285 98 22 231 829 53 254 194 130 708 21 101 126 88 126 802 434 142 49 23 218 408 21 281 1830 13 48 397 79 350
internal_value=-3.73048e-06 0.00126541 0.00440723 0.00262958 -0.00356133 -5.20367e-05 7.49581e-05 0.000610789 -0.000484966 0.000805964 -0.00147312 0.00289544 0.00209406 0.00570159 0.00128751 -0.00313478 3.90495e-05 0.00961588 0.0130556 0.00431421 0.00369825 -0.00441588 0.00340234 0.00546114 0.000111613 -0.00692188 -0.000776371 0.00204296 0.00505915 0.00848239
internal_weight=8408.6 6197.65 1831.04 1365.13 2210.96 4366.61 4343.13 3965.1 2926.48 2203 1363.62 375.753 1331.8 483.327 343.935 987.866 848.474 465.903 282.572 183.331 1038.62 723.475 105.302 745.824 2006.03 847.337 1652.63 584.462 332.95 213.255
internal_count=8411 6234 1213 901 2177 5021 4968 4714 4021 3542 1335 248 879 319 227 1087 560 312 191 121 693 479 71 499 3412 842 2704 874 477 398
is_linear=0
shrinkage=0.03


Tree=39
num_leaves=31
num_cat=0
split_feature=97 90 16 67 21 53 92 99 33 95 94 16 63 46 63 96 84 90 90 63 24 42 24 21 92 92 48 104 48 94
split_gain=51.2186 25.149 16.9193 15.7002 13.9426 17.1611 14.3582 11.8672 11.3407 16.2383 15.1537 11.2534 15.575 11.0907 11.7949 12.3381 10.3237 10.0957 8.86573 8.81292 8.39333 8.25895 8.14784 8.12727 7.9153 7.6672 7.6643 6.75047 6.55835 6.42469
threshold=96.864190268854841 1.5750000000000004 -0.94909439586795796 -0.057371977240398365 -0.29737483331428188 2.6450000000000005 12.128332179930798 0.84030527832462087 12.285000000000002 15.005000000000001 3.1999694993347925 -0.58637234780482739 0.74500000000000011 2.3557467294041921 0.67500000000000016 9.1905000000000445 3.7354999999999454 0.69000000000000006 1.2250000000000003 1.6450000000000002 114.34343550000001 0.064999999999999961 27.179983500000002 0.71386182533917586 12.326849480968859 12.178131487889276 2.5500000000000118 0.50000000000000011 -1.8785000000000307 3.4425809876184434
decision_type=10 2 2 2 8 2 10 2 8 10 10 2 2 10 2 2 2 2 2 2 2 2 2 10 10 10 2 2 2 8
left_child=1 3 20 22 6 16 -4 28 9 10 -9 12 -2 14 27 21 26 19 -17 -13 -3 29 -1 -14 -23 -21 -6 -10 -5 -16
right_child=11 2 4 7 5 -7 -8 8 13 -11 -12 17 23 -15 15 18 -18 -19 -20 25 -22 24 -24 -25 -26 -27 -28 -29 -30 -31
leaf_value=-0.00061673729346862951 0.024953749988048016 0.027351635787787217 0.0090048829486965402 0.020746774312074723 -0.003046978761395419 -0.029255394783250996 -0.0079435292138206083 0.0010720906118221428 0.010121016953563473 -0.0036825028610645962 0.019640852517455839 0.006141798900868317 0.015991352085775172 0.015391787977318827 0.0046972274135831547 0.020479918228603733 -0.0088736636154837963 0.0016291732012429221 0.0015599945016601666 0.02847778964752147 -0.0026845854902333372 -0.0008168160551618814 -0.0059811909333198276 0.00098503129471114539 -0.0089481095865844972 0.0089282273088671371 -0.024547926973471829 -0.0024833377591264427 0.0042864954430283228 -0.00014043162139788665
leaf_weight=512.11455893516541 64.77188578248024 22.726977467536926 126.89229086041451 22.726977467536926 981.80542659759521 26.893590003252029 69.696064233779907 584.84088683128357 192.42174255847931 1139.3791370391846 42.423691272735596 274.23886144161224 54.544745922088623 51.514482259750366 450.37293681502342 46.969086766242981 443.93362653255463 404.54019892215729 42.423691272735596 33.332900285720825 13.257403522729872 882.5642916560173 507.19038048386574 80.301987051963806 122.7256783246994 39.393427610397339 15.151318311691282 47.726652681827545 525.75074541568756 547.34137400984764
leaf_count=548 45 45 98 15 1305 59 46 392 328 752 28 181 36 34 298 31 293 267 28 22 26 1241 481 53 81 26 10 99 521 986
internal_value=-2.3034e-05 -0.000863313 -0.00406652 8.91391e-05 -0.00450654 -0.00551142 0.0029962 0.000821246 0.000273217 -0.00154843 0.00232795 0.00653121 0.0128628 0.0016231 0.00131902 0.000596296 -0.00506825 0.0048494 0.011501 0.00860398 0.0162857 0.000109628 -0.00328601 0.007055 -0.00180948 0.0178884 -0.00337374 0.00761605 0.00496855 0.00204331
internal_weight=8369.97 7418.84 1700.36 5718.49 1664.37 1467.78 196.588 4699.18 4150.7 1766.64 627.265 951.124 199.619 2384.06 2332.55 2092.4 1440.89 751.505 89.3928 346.965 35.9844 2003 1019.3 134.847 1005.29 72.7263 996.957 240.148 548.478 997.714
internal_count=8375 7745 1882 5863 1811 1667 144 4834 4298 1172 420 630 134 3126 3092 2665 1608 496 59 229 71 2606 1029 89 1322 48 1315 427 536 1284
is_linear=0
shrinkage=0.03


Tree=40
num_leaves=31
num_cat=0
split_feature=97 90 16 98 21 78 70 14 51 43 51 16 94 105 16 20 96 70 105 82 50 42 74 18 87 58 75 63 17 79
split_gain=48.4703 26.2501 15.714 22.3514 15.9759 12.9893 11.9947 11.3574 11.3424 13.1678 11.3316 14.7433 11.2355 10.1567 10.0804 10.004 8.74123 8.51357 8.37664 9.36335 8.20618 7.52249 7.42335 7.39224 7.34966 7.23043 8.42569 7.00774 7.48445 6.99163
threshold=89.449652748762773 2.225000000000001 0.4743954958321015 94.440879857276641 -0.61634844993250826 1.7750000000000006 3.8691499436918284 63.895000000000003 1.2050000000000003 0.052181818181818863 0.68500000000000016 -0.85227513186527171 1.9922364210732673 93.500000000000014 -0.63270531892586301 -0.2823414525425702 -13.977499999999962 1.7621742090084165 80.500000000000014 1.0591898150374852 0.48226953930450839 0.89500000000000002 0.41746186635190391 -0.60931513644865742 0.50500000000000012 0.70623907765945304 0.43500000000000005 0.7350000000000001 0.82328499833428892 0.059556182895223957
decision_type=10 2 2 8 8 2 10 10 2 2 2 2 8 2 2 8 2 10 2 8 2 2 2 10 2 10 2 2 2 2
left_child=1 2 3 7 -5 6 20 -1 13 15 -3 -12 18 16 -15 -10 -6 -13 19 -4 25 -14 -8 -7 -18 -2 -27 28 -28 -29
right_child=5 10 12 4 8 23 22 -9 9 -11 11 17 21 14 -16 -17 24 -19 -20 -21 -22 -23 -24 -25 -26 26 27 29 -30 -31
leaf_value=-0.0069199132790163462 -0.0025214383680685522 -0.031802508473831717 0.025020771828159104 0.015722064239837033 0.053493643943943618 0.0037865744905487275 0.022475087467632448 -0.0012365139292673335 0.0024650953059244781 -0.0038408681251641992 0.01146373463526883 -0.0055006042825618507 0.0010183816162834714 0.031260653591053851 -0.00046917876639572932 -0.001459088010962388 0.005789095414324325 -0.014283821848934378 0.0027942951495426665 0.0079737188268207571 0.019060742949934803 -0.017054849669765046 0.0054461685682196843 -0.010043709067969602 -0.0019471328092772469 -0.0039089321524189077 0.020095872968658189 0.0042302980092125053 0.0042344380346027184 0.012050841527599587
leaf_weight=774.98993164300919 107.57436001300812 16.28766718506813 36.363163948059082 56.817443668842316 3.0302636623382559 66.66580057144165 62.877970993518829 534.84153640270233 1053.3954056203365 984.83569025993347 38.635861694812775 389.388880610466 906.42761799693108 23.105760425329208 14.772535353899 1313.9980805814266 249.99675214290619 133.3316011428833 231.81517016887665 143.17995804548264 37.87829577922821 21.211845636367798 36.363163948059082 72.726327896118164 198.10348692536354 75.756591558456421 65.150668740272522 636.35536909103394 45.453954935073853 122.7256783246994
leaf_count=513 71 37 24 42 2 44 46 353 699 1136 63 512 1001 31 24 2062 474 88 153 96 25 32 24 48 244 50 43 420 30 81
internal_value=-2.3115e-05 -0.0010044 -0.000463498 -0.00120876 -6.94869e-05 0.00523531 0.00625012 -0.00459922 -0.000303067 -0.000925695 -0.00713491 -0.00641918 0.0024351 0.00396515 0.018886 0.000287017 0.00271234 -0.00774096 0.00656185 0.0114263 0.00534173 0.000605111 0.0162355 -0.00342923 0.00236894 0.00484824 0.00568678 0.00652265 0.0135775 0.0054947
internal_weight=8454.06 7124.53 6546.88 5207.89 3898.06 1329.53 1190.14 1309.83 3841.24 3352.23 577.644 561.356 1339 489.009 37.8783 2367.39 451.131 522.72 411.358 179.543 1090.89 927.639 99.2411 139.392 448.1 1053.02 945.442 869.686 110.605 759.081
internal_count=8468 7586 6886 5580 4714 882 790 866 4672 3897 700 663 1306 775 55 2761 720 600 273 120 720 1033 70 92 718 695 624 574 73 501
is_linear=0
shrinkage=0.03


Tree=41
num_leaves=31
num_cat=0
split_feature=97 89 97 14 98 95 21 21 31 70 86 105 7 105 16 13 46 25 45 12 16 54 86 69 47 70 43 17 15 47
split_gain=41.4667 21.6413 17.317 11.9595 12.0439 10.8187 12.4262 10.786 10.1362 10.0741 9.64843 9.1444 8.56179 8.23829 8.16441 8.07396 8.16049 7.80047 7.76153 7.64622 7.57988 7.3889 7.37976 7.27644 7.30541 7.22485 6.72705 6.70845 6.16086 5.95285
threshold=73.903903099643642 3.3850000000000007 109.09163269536522 60.015000000000008 91.923593154755096 22.000000000000004 0.88519071250208126 -0.15393439621244762 0.57300000000000073 2.9522869397687947 0.63129115565173122 132.50000000000003 10.385000000000003 122.50000000000001 -0.96933804121775846 13.435 2.7918072482161946 1.5262500000000003 14.405000000000003 238.25000000000003 -0.32003431175174007 0.030000000000000141 0.64865608548750175 13.315000000000003 9.8500000000000032 0.83084198938702281 -0.054727272727272389 0.84484188999428167 1025.0810000000004 22.380000000000006
decision_type=10 2 10 8 10 10 10 10 2 10 2 2 2 2 2 10 8 2 10 10 2 2 2 10 10 8 2 2 10 10
left_child=1 3 5 4 23 6 9 13 -3 -2 12 -8 15 28 -12 26 -17 -4 19 -9 22 29 -19 24 -1 -14 -5 -26 -6 -7
right_child=2 8 17 10 7 21 11 18 -10 -11 14 -13 25 -15 -16 16 -18 20 -20 -21 -22 -23 -24 -25 27 -27 -28 -29 -30 -31
leaf_value=-0.016299986985743375 0.0049595809235117869 -0.0061294172966806009 0.019757119235958812 0.0052209030331403696 0.0097386357010757398 -0.00085385020982075188 1.0507619890889624e-05 -0.010283673019062503 -0.022930511507234769 0.016799553109672183 0.02094122131952381 0.011806783416576953 0.018800355699530223 -0.002558789849193568 -0.0027622730484908502 -0.0024998807100415337 0.013580825786857651 0.013220071910210903 -0.0075256816897504115 -0.00013564553726315586 0.0030757262157609711 -0.0062943535342923967 -0.00023284596370374777 -0.009374974682789524 0.010854555423641212 0.0035200050148352798 0.00075803955208196181 -0.0030890310051793616 -0.0012912227753340156 0.010891696777855427
leaf_weight=28.78750479221344 520.06900104880333 517.79630330204964 45.832737892866135 403.40385004878044 160.60397410392761 224.23951101303101 837.86790263652802 75.756591558456421 34.469249159097672 73.86267676949501 13.257403522729872 63.635536909103394 42.423691272735596 145.45265579223633 966.65410828590393 734.08137220144272 29.545070707798004 190.5278277695179 254.16336467862129 566.65930485725403 242.42109298706055 212.11845636367798 45.453954935073853 336.35926651954651 39.772210568189621 81.05955296754837 1233.3173105716705 141.66482621431351 63.635536909103394 46.969086766242981
leaf_count=19 344 647 31 666 106 148 553 50 52 51 32 42 28 96 1403 492 21 128 170 374 160 140 30 222 27 70 2089 95 42 31
internal_value=-0.000146858 -0.0015257 0.00308615 -0.000938554 -0.00291664 0.00180177 0.00306287 -0.00131011 -0.00717805 0.00643203 8.49208e-05 0.000843186 0.00106587 0.00300172 -0.00244158 0.000669556 -0.00187771 0.00793413 -0.00308804 -0.00133235 0.00680144 -0.00210012 0.0106288 -0.00663849 -0.00226012 0.0087697 0.001858 -3.25037e-05 0.00660854 0.00118029
internal_weight=8371.86 5868.86 2503 5316.6 1812.86 1978.76 1495.44 1266.27 552.266 593.932 3503.74 901.503 2523.83 369.692 979.912 2400.35 763.626 524.236 896.579 642.416 478.403 483.327 235.982 546.584 210.225 123.483 1636.72 181.437 224.24 271.209
internal_count=8359 6701 1658 6002 1201 1309 990 838 699 395 4801 595 3366 244 1435 3268 513 349 594 424 318 319 158 363 141 98 2755 122 148 179
is_linear=0
shrinkage=0.03


Tree=42
num_leaves=31
num_cat=0
split_feature=97 90 64 97 42 95 42 89 18 84 99 12 7 20 98 82 96 14 87 18 71 68 49 27 53 15 14 106 71 9
split_gain=40.7174 17.7258 17.3584 14.7797 14.476 9.98443 10.4189 9.62658 9.48186 9.62255 9.39458 8.81013 7.9536 7.87913 7.52999 7.43566 7.16744 6.95662 7.1966 6.79561 6.55967 6.27989 5.9426 5.92031 5.87207 5.86458 6.957 5.65628 7.66613 5.54434
threshold=67.466858798444974 1.9650000000000005 2.6650000000000005 107.22118796460278 -0.33999999999999991 24.565000000000001 -0.26999999999999985 3.225000000000001 0.23929606636287984 1.3350000000000366 1.0059210377234622 318.68500000000006 11.705000000000002 -0.20124888315107484 73.361114121313804 0.79278614586520069 9.5755000000000354 54.330000000000005 1.385 -0.60591897749443202 13.380000000000001 8.729793444227008 1.165526315789474 0.96500000000000008 2.8000000000000003 1012.5275 51.445000000000007 56.500000000000007 20.155000000000005 324.57500000000005
decision_type=10 2 2 10 2 10 2 2 8 2 2 10 2 10 8 8 2 10 2 10 10 10 2 2 2 10 10 2 10 2
left_child=2 3 8 5 -4 6 -2 16 10 12 -1 -3 23 17 -9 -16 22 -8 -19 -20 -11 -5 -6 -10 -17 -23 -27 28 29 -28
right_child=1 11 4 21 7 -7 13 14 9 20 -12 -13 -14 -15 15 24 -18 18 19 -21 -22 25 -24 -25 -26 26 27 -29 -30 -31
leaf_value=0.0013905156701095405 0.0078339451706866854 -0.00018753756581016073 0.00038501252450833624 0.021877433217937454 -0.0325888350120788 -0.0029796315490939534 0.00073874533892324674 -0.022120931376707724 -0.021162425324021711 0.016408408179511686 -0.0037315293844533675 -0.0098599266634781819 0.014223268194769465 -0.00037521689332654636 0.01952638159216236 -0.0071470556895252505 0.0073890941446325045 0.004760508298015555 0.0068176997402311593 0.025303545409656441 0.0007745793301052326 0.0017209638965819459 -0.0037081653589434069 0.00097252667289944898 -0.024757229564361782 0.002174727718004788 0.016108545537302746 0.0045460798742551741 0.023774302642241354 0.0045715068495464578
leaf_weight=549.99285471439362 359.46502694487572 266.6632022857666 719.687619805336 28.029938876628876 6.4393102824687949 265.14807045459747 359.08624398708344 33.332900285720825 10.984705775976179 66.66580057144165 778.39897826313972 124.24081015586853 40.908559441566467 642.41589641571045 9.0907909870147687 398.47967159748077 53.029614090919495 467.41816991567612 40.908559441566467 31.817768454551697 37.87829577922821 127.27107381820679 1521.1923584938049 1089.0010036528111 17.802799016237259 95.45330536365509 79.16563817858696 75.756591558456421 54.544745922088623 71.211196064949036
leaf_count=363 238 176 853 20 14 175 237 22 17 44 516 82 30 424 6 530 35 313 27 21 25 84 1820 2056 47 63 53 50 36 47
internal_value=-3.23365e-05 0.00270872 -0.00161985 0.00357385 -0.00327297 0.00247402 0.00323464 -0.00456386 0.000152243 0.00203277 -0.00161085 -0.00326171 0.00123453 0.00216222 -0.00839001 -0.00731403 -0.00345352 0.00397498 0.00612642 0.0149053 0.010744 0.00805706 -0.0038299 0.000751482 -0.00790018 0.00728752 0.00917107 0.0115504 0.0141398 0.0106452
internal_weight=8421.48 3088.6 5332.89 2697.69 2759.06 2166.26 1901.11 2039.37 2573.83 1245.44 1328.39 390.904 1140.89 1541.65 458.706 425.373 1580.66 899.231 540.144 72.7263 104.544 531.432 1527.63 1099.99 416.282 503.403 376.131 280.678 204.922 150.377
internal_count=8424 2046 6378 1788 3327 1435 1260 2474 3051 2172 879 258 2103 1022 605 583 1869 598 361 48 69 353 1834 2073 577 333 249 186 136 100
is_linear=0
shrinkage=0.03


Tree=43
num_leaves=31
num_cat=0
split_feature=97 97 30 63 56 68 15 77 15 20 84 43 23 54 75 75 20 71 89 7 95 63 100 95 95 87 45 98 95 35
split_gain=42.237 19.3984 18.7405 18.2164 14.7812 9.70021 9.33251 8.68843 8.1 7.99812 8.26163 7.40262 9.05925 7.16086 7.05894 7.35845 7.51765 7.8729 6.96664 6.72572 8.64544 7.26744 7.79279 9.14709 12.3843 7.36414 6.88129 6.70339 6.39897 7.68942
threshold=66.563812446233797 107.22118796460278 1.2000000000000004 2.0350000000000006 16.401621621621626 8.6452671232876739 1013.5305000000002 3.3050000000000006 1027.5675000000003 -0.29287238462149828 -10.106499999999981 -0.036272727272726728 1.6454405316727294 0.19000000000000009 0.43500000000000005 1.2250000000000003 -0.45437922971796701 22.600000000000005 3.9650000000000003 10.485000000000001 12.775000000000002 0.67500000000000016 0.82260501566295974 12.890000000000002 12.775000000000002 1.135 15.215000000000002 115.45943892588865 24.565000000000001 19.330000000000002
decision_type=10 10 2 2 8 10 10 2 10 10 2 2 2 2 2 2 10 10 2 2 10 2 2 10 10 2 10 10 10 10
left_child=2 4 3 7 9 -3 18 19 27 10 -2 -11 -13 -6 -7 16 -16 -18 -5 21 -21 -1 26 24 -24 -25 -23 -8 29 -12
right_child=1 5 -4 6 13 14 8 -9 -10 11 28 12 -14 -15 15 -17 17 -19 -20 20 -22 22 23 25 -26 -27 -28 -29 -30 -31
leaf_value=0.004203753906135887 0.022583667587197771 0.025250065244687838 -0.029844639003304457 -0.00092009255039616046 0.00043625894490276619 -0.0028626367285245879 -0.01004873961138949 -0.0097234140450228653 0.0012560925260518558 0.0043495499740468929 0.0034787382213642645 -0.0029855180610785627 0.0049088415564517264 -0.0090595738926290779 0.016203036189080807 0.0022258651349434141 0.0049754768053566767 0.020346305061565734 -0.015392121742246807 -0.0070350177780027128 0.011462145877417384 -0.0001841426620473187 -0.00091767142786218384 -0.006454185215288755 0.019900451922565759 0.0019346462459422743 0.01035740282600783 -0.0027245390585017766 -0.0028837817570867381 0.011215409149131033
leaf_weight=264.76928749680519 21.211845636367798 26.514807045459747 21.211845636367798 506.43281456828117 128.78620564937592 62.120405077934265 463.6303403377533 91.286692827939987 92.423041701316833 309.0868935585022 940.89686715602875 571.20470035076141 169.69476509094238 160.60397410392761 121.96811240911484 149.99805128574371 215.14872002601624 34.848032116889954 31.817768454551697 30.68141958117485 87.877646207809448 2176.8656584322453 451.13050273060799 588.62871640920639 27.272372961044312 112.1197555065155 57.196226626634598 148.48291945457458 119.69541466236115 131.81646931171417
leaf_count=495 14 19 41 863 85 41 306 145 61 204 627 377 112 106 82 99 142 23 81 39 58 2486 1020 390 18 74 40 98 79 87
internal_value=-2.90188e-05 0.00269943 -0.00170448 -0.00158814 0.00155057 0.00750297 -0.00474986 -0.000577465 -0.00702215 0.00236677 0.00402546 0.000449579 -0.0011774 -0.00483368 0.00669733 0.00783509 0.0100971 0.00711808 -0.00177558 -0.000357553 0.00667534 -0.000584257 -0.000955672 -0.00292877 0.00026911 -0.00511197 8.57409e-05 -0.00827208 0.00369532 0.00442943
internal_weight=8315.42 3163.6 5151.83 5130.62 2553 610.598 1242.79 3887.83 704.536 2263.61 1213.62 1049.99 740.899 289.39 584.083 521.963 371.965 249.997 538.251 3796.54 118.559 3677.98 3413.21 1179.15 478.403 700.748 2234.06 612.113 1192.41 1072.71
internal_count=8312 2097 6215 6174 1691 406 1409 4765 465 1500 807 693 489 191 387 346 247 165 944 4620 97 4523 4028 1502 1038 464 2526 404 793 714
is_linear=0
shrinkage=0.03


Tree=44
num_leaves=31
num_cat=0
split_feature=97 86 3 58 42 14 20 84 58 82 58 50 45 80 80 51 7 73 77 41 63 100 87 88 12 84 75 45 42 39
split_gain=39.0342 15.1272 14.3098 13.81 11.2866 10.1501 9.51216 8.80762 8.6021 7.89738 7.86397 7.78335 7.66861 7.5948 7.09987 8.25846 7.09347 8.21237 6.1911 6.1301 6.11746 7.04228 8.67978 6.77671 6.38896 6.56875 6.1115 12.3076 6.02996 6.06252
threshold=67.466858798444974 0.5991892670123905 2.8750000000000004 2.0886940746767837 -0.11999999999999976 59.655000000000008 -0.29287238462149828 5.4769999999999763 0.78874107251188563 5.3305431859119299 1.8547548805528014 0.44328089536196885 8.6350000000000033 9.9388965517241399 10.882937931034485 1.8550000000000002 10.385000000000003 0.91972602739726039 1.4050000000000005 1.5050000000000006 0.66500000000000015 0.6052690567946265 1.385 3.6750000000000003 84.15000000000002 1.4730000000000134 0.71500000000000008 17.275000000000002 -0.21999999999999983 1.2150000000000001
decision_type=10 2 2 10 2 8 10 2 10 10 10 2 10 10 10 2 2 2 2 2 2 2 2 2 10 2 2 10 2 2
left_child=1 5 3 6 -3 10 -2 19 -4 -10 12 20 -1 18 26 -16 28 -18 -14 -6 -8 23 24 -22 25 -23 -5 -28 -7 -30
right_child=2 4 8 14 7 16 11 -9 9 -11 -12 -13 13 -15 15 -17 17 -19 -20 -21 21 22 -24 -25 -26 -27 27 -29 29 -31
leaf_value=-0.019666981396392891 0.0049195343395683237 -0.0011203295537494595 -0.009191625527704958 0.0082411936632434193 -0.0037781753950573574 0.003748998796197021 0.007152167573299663 -0.010915139870306878 0.0015683850338713294 -0.010404429730743413 0.006921581878132293 0.015974678216032028 -0.0013942440605798369 -0.005161749507727624 -0.0052384566201220282 0.012035926397686544 -0.020801436190666683 0.010067142276674683 0.010305023724284114 -0.016387600332846773 0.00744712763724236 0.010282123665153959 0.01370378664022133 -0.0039211442676214238 -0.0034228498585067114 -0.0066245592197136599 0.010476673777238725 0.034452150592933405 0.005136274748434577 -0.00092641143240824889
leaf_weight=26.514807045459747 1076.1223830878735 1010.5929313898087 107.57436001300812 80.301987051963806 971.5782867372036 401.88871821761131 113.63488733768463 215.14872002601624 429.16109117865562 56.059877753257751 66.66580057144165 30.302636623382568 171.20989692211151 548.47772288322449 46.969086766242981 53.029614090919495 8.3332250714302045 112.1197555065155 53.408397048711777 35.9843809902668 171.20989692211151 65.150668740272522 31.817768454551697 65.150668740272522 619.68891894817352 30.302636623382568 48.863001555204391 31.817768454551697 164.39180368185043 1530.2831494808197
leaf_count=19 714 1198 71 53 1278 563 75 142 287 37 44 20 113 362 31 35 16 83 36 83 113 43 21 43 409 20 33 21 305 2105
internal_value=-3.27431e-05 -0.00158594 0.00266836 0.00367502 -0.00346619 -0.00022402 0.00290211 -0.00540509 -0.00151648 0.000185109 -0.00297765 0.000976205 -0.00380298 -0.00325889 0.0102004 0.0039222 0.000851934 0.00793158 0.00138754 -0.00422851 0.000561882 -0.000199707 -0.00162784 0.00431357 -0.00230997 0.00491492 0.0141002 0.0199318 0.00044519 -0.000338301
internal_weight=8373.75 5316.6 3057.16 2464.36 2233.3 3083.29 2203.38 1222.71 592.795 485.221 866.277 1127.26 799.611 773.096 260.981 99.9987 2217.02 120.453 224.618 1007.56 1096.96 983.321 746.96 236.361 715.142 95.4533 160.983 80.6808 2096.56 1694.67
internal_count=8373 6347 2026 1631 2701 3646 1458 1503 395 324 574 744 530 511 173 66 3072 99 149 1361 724 649 493 156 472 63 107 54 2973 2410
is_linear=0
shrinkage=0.03


Tree=45
num_leaves=31
num_cat=0
split_feature=97 68 83 43 29 14 33 84 88 14 13 89 84 86 34 18 73 30 81 81 53 97 13 99 77 79 105 83 75 90
split_gain=35.1844 16.5663 14.9826 14.4852 13.5457 11.1125 10.3885 11.1924 10.3244 9.73333 9.47435 9.34912 9.17022 9.15176 8.80762 8.73384 11.8006 7.72577 6.13459 11.4694 9.07617 9.19951 8.82002 6.45989 6.10567 9.79839 5.89436 11.2049 7.25689 8.65901
threshold=66.563812446233797 12.075979452054794 18.920000000000005 0.060363636363636904 1.8200000000000001 93.550000000000011 12.635000000000003 -0.37450000000001177 2.9850000000000008 54.330000000000005 6.9115000000000011 3.9200000000000004 5.4085000000000045 0.40808894758534914 1.6525700644553363 -0.60591897749443202 2.4575342465753431 0.099999999999999992 11.585000000000003 11.390000000000002 2.7300000000000004 43.339562825230992 23.665000000000003 1.587578631732079 1.1750000000000005 0.0049384487226952359 93.500000000000014 18.275000000000002 0.49500000000000005 0.65500000000000003
decision_type=10 10 10 2 2 10 10 2 2 10 10 2 2 2 10 10 2 2 8 10 2 8 10 2 2 2 2 10 2 2
left_child=2 5 4 12 11 6 -2 8 10 -5 13 18 -3 -8 17 16 -11 -4 19 22 21 -20 23 -1 25 -9 28 -28 29 -23
right_child=1 3 14 9 -6 -7 7 24 -10 15 -12 -13 -14 -15 -16 -17 -18 -19 20 -21 -22 26 -24 -25 -26 -27 27 -29 -30 -31
leaf_value=0.00021281187401822407 0.002022093168266978 0.0039633442722900366 -0.0035594523439020599 -0.0074156317183014728 -0.031750465639322448 -0.0047995251639608091 0.012651728979064421 0.017540814420234103 0.002083634202975102 0.0092014572646797865 0.011059863067573117 -0.013255644247142177 -0.002636918207775848 0.033522627197349122 0.0022980405249864323 -0.0040225390945910324 -0.0072389589794203133 -0.0087270529604099659 -0.0033563473366165085 0.018265316889274623 -0.022022337201193252 0.013988357352691603 0.0089760151452661571 -0.014791361747481527 0.0022514420326177429 0.0012375743843809142 0.0012338625760494792 0.013805449159741147 -0.0021291030096740413 0.00087450759535562825
leaf_weight=137.11943072080612 434.84283554553986 930.66972729563713 957.94210025668144 262.11780679225922 12.499837607145308 96.968437194824219 36.363163948059082 71.211196064949036 77.650506347417831 140.52847734093666 201.51253354549408 50.756916344165802 237.87569749355316 39.393427610397339 169.69476509094238 230.30003833770752 54.544745922088623 357.57111215591431 798.47447502613068 42.423691272735596 17.802799016237259 52.27204817533493 90.907909870147705 31.817768454551697 305.67784693837166 62.120405077934265 994.68404716253281 68.180932402610779 1102.6371901333332 340.52587905526161
leaf_count=95 287 615 636 173 24 64 24 47 52 95 133 134 157 26 112 152 36 236 533 28 47 120 60 24 204 41 1636 45 1867 689
internal_value=-7.0666e-05 0.00241644 -0.00158511 0.000586931 -0.000572804 0.00497776 0.00574933 0.00779077 0.0117523 -0.00286831 0.0144601 -0.000468256 0.00261976 0.0235046 -0.00413432 -6.62273e-05 0.00460453 -0.00496406 -0.000291732 0.00380266 -0.000658477 -0.000545173 0.00144141 -0.00261309 0.00458805 0.00994499 0.000332227 0.00204031 -0.000881774 0.00261965
internal_weight=8407.09 3181.78 5225.31 1856.04 3740.1 1325.74 1228.77 793.929 354.92 687.491 277.269 3727.6 1168.55 75.7566 1485.21 425.373 195.073 1315.51 3676.85 302.269 3374.58 3356.77 259.845 168.937 439.009 133.332 2558.3 1062.86 1495.44 392.798
internal_count=8392 2106 6286 1228 5302 878 814 527 235 456 183 5278 772 50 984 283 131 872 5144 207 4937 4890 179 119 292 88 4357 1681 2676 809
is_linear=0
shrinkage=0.03


Tree=46
num_leaves=31
num_cat=0
split_feature=98 14 78 80 42 94 92 79 62 87 86 42 19 63 16 96 32 41 103 89 16 67 92 79 76 32 9 53 92 87
split_gain=25.5369 17.8247 17.0055 16.8618 13.5394 13.3309 12.6329 12.3348 14.8357 12.8759 12.2536 12.1107 11.3391 10.4577 10.2688 9.47876 8.73135 8.29363 9.04782 8.065 7.81017 7.66814 7.23134 7.20229 7.15552 7.04815 6.95824 6.76162 6.23556 7.67551
threshold=115.78428401667898 73.300000000000026 1.6850000000000003 10.955693103448278 0.15500000000000005 2.089345290637143 12.262010380622838 0.0058353387634209495 0.4057157319356352 0.49500000000000005 0.68131469052956384 0.18000000000000008 0.79531477894905034 2.0350000000000006 -0.96933804121775846 -10.562499999999998 10.766428571428573 0.77500000000000036 120.50000000000001 3.3850000000000007 -0.54960617940095735 -0.024658605974395478 7.9479820910796528 -0.0069853757867456073 3.6750000000000003 13.597142857142858 89.455000000000027 2.6450000000000005 14.261352664840446 1.385
decision_type=10 8 2 10 2 8 10 2 2 2 2 2 10 2 2 2 10 2 2 2 2 2 10 2 2 10 2 2 10 2
left_child=1 11 3 7 17 15 25 9 -9 -2 26 13 -4 16 -12 -3 22 18 -5 -13 -10 -11 -1 -24 -19 -6 -7 -16 29 -20
right_child=2 5 12 4 6 10 -8 8 20 21 14 19 -14 -15 27 -17 -18 24 28 -21 -22 -23 23 -25 -26 -27 -28 -29 -30 -31
leaf_value=0.0054198796635054423 0.026693443849650028 0.034697114961336671 0.00037410990488208822 0.013295191980946862 -0.0036275655554709723 0.0045121187683239338 -0.0085500271448049631 0.00058338316514869163 0.020152821066683108 0.021391954200697692 0.018315675784939936 -0.005625346768013499 -0.0089828463928076866 -0.005740540930353798 -0.0042322897690643818 0.003818251672875095 0.0047174901005742533 0.014938733160741279 0.0012628260908946964 -0.017768797047885674 0.0070733865363957959 0.0064022062432352528 0.00019436564791525999 -0.005570353424791348 0.0033247839590822086 0.0052838020127693331 -0.00039775698752259487 -0.021753039914424007 -0.0044646200587256822 0.010674859876691992
leaf_weight=112.49853846430779 42.423691272735596 9.0907909870147687 315.52620384097099 59.090141415596008 156.05857861042023 331.81387102603912 209.08819270133972 430.29744005203247 51.514482259750366 36.363163948059082 17.802799016237259 685.59715360403061 184.84608340263367 445.44875836372375 643.17346233129501 565.1441730260849 243.55744186043739 87.877646207809448 803.39865347743034 53.029614090919495 203.02766537666321 197.72470396757126 386.35861694812775 393.93427610397339 104.54409635066986 163.63423776626587 1196.5753636658192 20.454279720783234 148.48291945457458 86.36251437664032
leaf_count=75 28 6 209 39 103 555 138 284 37 24 47 457 122 294 1320 397 163 58 531 35 134 132 255 260 69 108 2295 54 98 57
internal_value=-5.64985e-05 -0.00138371 0.0020088 0.00292522 0.00122643 0.000234749 -0.00281631 0.00613873 0.00397945 0.0114866 -0.000823475 -0.00332554 -0.00308251 -0.00184453 -0.00416912 0.0043071 -0.000317288 0.0028839 0.00187651 -0.00649718 0.00972041 0.00873071 -0.0016908 -0.00271598 0.00862879 0.000933703 0.000668179 -0.00477231 0.00122663 0.00217638
internal_weight=8384.74 5104.48 3280.26 2779.89 1818.54 2784.05 528.781 961.351 684.84 276.512 2209.82 2320.42 500.372 1581.8 681.431 574.235 1136.35 1289.76 1097.33 738.627 254.542 234.088 892.791 780.293 192.422 319.693 1528.39 663.628 1038.24 889.761
internal_count=8384 6213 2171 1840 1201 4674 349 639 455 184 4271 1539 331 1047 1421 403 753 852 725 492 171 156 590 515 127 211 2850 1374 686 588
is_linear=0
shrinkage=0.03


Tree=47
num_leaves=31
num_cat=0
split_feature=97 90 67 16 42 63 96 7 54 24 2 97 2 40 96 7 94 78 92 63 16 78 87 63 21 58 60 68 32 13
split_gain=34.8101 20.1742 15.2587 12.6723 11.7638 8.79763 14.1147 9.37146 8.76372 8.38815 7.79469 7.7511 8.3859 9.08491 8.91535 7.23823 7.19157 7.05437 9.05383 7.64841 8.80865 8.65049 6.94572 6.83441 6.04 5.97433 5.67864 5.93757 5.59261 5.44798
threshold=96.864190268854841 2.1850000000000009 -0.068367709815078184 -0.85227513186527171 -0.16 0.67500000000000016 -10.170499999999945 10.485000000000001 1.4150000000000005 26.738276500000001 1.0000000180025095e-35 42.709132954225801 1.0000000180025095e-35 2.3150000000000004 -0.70799999999996988 8.2650000000000023 4.1338236759263252 1.7750000000000006 12.587742214532874 1.6250000000000002 -0.57221744084101489 0.77500000000000024 0.41500000000000004 0.95500000000000007 -0.48511470585764821 1.9425629891174545 -2.6259999999999759 10.997513698630138 10.766428571428573 5.1095000000000015
decision_type=10 2 2 2 2 2 2 2 2 2 2 8 2 2 2 2 10 2 10 2 2 2 2 2 8 10 2 10 8 10
left_child=1 2 9 8 24 6 -6 11 -3 -1 -5 -7 16 14 -14 28 26 18 19 20 22 -21 -2 -12 -4 -24 27 -13 -8 -18
right_child=17 3 4 10 5 7 15 -9 -10 -11 23 12 13 -15 -16 -17 29 -19 -20 21 -22 -23 25 -25 -26 -27 -28 -29 -30 -31
leaf_value=-0.00048957254029564803 0.020908585112808221 0.01511361888961142 0.010179417093499692 -0.0047504321395080498 0.038017227958313402 -0.0041708600301610787 -0.0049374907417549822 0.0074379799532485261 -0.013294896481149615 -0.0062657340315186438 -0.021712703928245827 0.018996308659341057 -0.012924962095155612 -0.0093578416852587235 0.00071889689212391425 -0.013938812955393644 0.004281852998698989 -0.0023874551169618626 -0.0013063720289319674 0.0062091738232328362 0.0042782745502071362 0.023470236142777441 0.0021202496925633411 -0.0085867867747994736 0.0020414940027423368 0.017499643441143655 0.00039297903604702442 0.0021669953403728836 0.0056369903105852361 -0.0078329453365190843
leaf_weight=398.10088863968849 56.059877753257751 40.529776483774185 86.36251437664032 415.90368765592575 10.605922818183897 649.23398965597153 53.408397048711777 116.66515100002289 12.87862056493759 524.23561358451843 49.620567470788956 30.302636623382568 49.999350428581238 183.33095157146454 312.49594017863274 21.59062859416008 42.423691272735596 95.45330536365509 124.24081015586853 51.514482259750366 496.96324062347412 53.029614090919495 62.877970993518829 127.27107381820679 1656.4178744256496 35.605598032474518 2159.8204253315926 49.999350428581238 286.35991609096527 157.19492748379707
leaf_count=430 37 62 60 402 7 433 36 83 16 493 83 20 33 328 585 42 28 63 82 34 328 35 43 189 1712 25 2102 33 477 112
internal_value=3.13873e-05 -0.000667807 -0.000185658 -0.00573292 0.000378315 -0.000495076 0.00390565 -0.000931416 0.00826334 -0.00377261 -0.00699393 -0.00120005 -0.000554021 -0.00391548 -0.00116301 0.00290447 0.000198014 0.00535895 0.00619892 0.00743225 0.00622354 0.0149648 0.0124789 -0.0122688 0.00244476 0.00768049 0.000684226 0.00851768 0.00397478 -0.00525826
internal_weight=8410.5 7434.75 6788.55 646.204 5866.21 4123.43 371.965 3751.47 53.4084 922.337 592.795 3634.8 2985.57 545.826 362.495 361.359 2439.74 975.745 880.292 756.051 651.507 104.544 154.543 176.892 1742.78 98.4836 2240.12 80.302 339.768 199.619
internal_count=8413 7766 7014 752 6091 4319 562 3757 78 923 674 3674 3241 946 618 555 2295 647 584 502 433 69 105 272 1772 68 2155 53 513 140
is_linear=0
shrinkage=0.03


Tree=48
num_leaves=31
num_cat=0
split_feature=97 90 92 16 51 97 21 13 98 21 42 100 16 91 91 63 13 72 32 37 55 56 42 16 84 100 23 93 45 77
split_gain=30.4056 18.1712 15.2405 11.3102 11.0867 10.8341 11.2703 11.1924 10.0627 14.4484 9.87257 9.51796 10.4156 15.0797 11.6947 8.9405 8.74468 8.72501 7.76108 7.72802 7.27111 6.61897 9.76743 6.59297 6.41595 7.60619 7.7035 7.6001 6.05504 5.74343
threshold=73.527547241417864 2.1850000000000009 12.450692041522492 0.4743954958321015 0.78500000000000014 119.78236393459581 -0.32730014946278069 5.7635000000000014 95.905219178085204 -0.48511470585764821 0.71000000000000041 0.6052690567946265 -0.88417342385248776 0.014796705243268763 0.012896020443059656 2.0150000000000001 1.0230000000000004 2.6005000000000114 17.030000000000005 1.3785000000000003 0.10142105263157898 10.170891891891895 -0.15999999999999978 -0.94123492117109386 0.84300000000007469 0.72738938018841781 1.5958754769795447 15.140000000000002 17.685000000000006 0.82500000000000007
decision_type=10 2 10 2 2 10 10 10 8 8 2 2 2 2 2 2 10 2 8 2 2 10 2 2 2 2 2 10 10 2
left_child=1 3 5 8 -3 6 -2 -7 15 21 24 16 13 -13 29 -1 -8 23 -16 -11 28 -10 -23 -6 25 -5 -27 -26 -4 -14
right_child=2 4 20 10 17 7 11 -9 9 19 -12 12 14 -15 18 -17 -18 -19 -20 -21 -22 22 -24 -25 27 26 -28 -29 -30 -31
leaf_value=-0.0020815413870224129 0.012169811186201959 -0.028399216087456398 -0.0033487849451337998 0.0055324448390474488 0.01517080279925102 0.020473686172545566 0.021194844347548307 0.0061565513424980999 0.024333402451096157 0.0089724092526021152 -0.011139867792543789 -0.0018332603969386885 -0.0051607364467164147 0.027407679544558139 -0.00023119395458544466 -0.0078293272463051747 0.0055311921097910138 -0.011316015610178436 -0.0093173878308075685 -0.0009894309543105348 -0.010779842554487905 0.019209141112828072 -0.0015150836276478681 -0.0038068548907624808 0.010383734459241133 0.011320562463451117 -0.00165855397056893 -0.00020264585184836758 0.0037592562575106377 0.0051931110388629114
leaf_weight=1022.7139860391617 116.66515100002289 20.075496762990952 256.0572794675827 264.76928749680519 17.424016058444977 65.150668740272522 39.393427610397339 199.99740171432495 23.863326340913773 71.9687619805336 48.863001555204391 30.302636623382568 53.029614090919495 33.332900285720825 663.62774205207825 319.6928163766861 172.72502875328064 162.11910593509674 96.968437194824219 2679.1318604648113 69.696064233779907 33.332900285720825 53.029614090919495 302.6475832760334 174.24016058444977 44.696389019489288 519.69021809101105 93.938173532485962 186.3612152338028 531.43248978257179
leaf_count=678 77 41 169 366 40 43 26 135 21 154 63 20 35 22 438 211 114 107 64 3734 46 22 35 463 115 31 547 62 123 353
internal_value=8.60927e-05 -0.00109941 0.00284494 -0.0005872 -0.00655523 0.00402596 0.00316397 0.00967448 -0.00130747 -0.000302117 0.00205442 0.00251574 0.00162365 0.0134834 0.00106255 -0.00345037 0.00844016 -0.00564578 -0.00138959 -0.000728829 -0.00177346 0.0103481 0.00648374 -0.00277375 0.00264195 0.00133735 -0.000630678 0.00667551 -0.000354644 0.00425368
internal_weight=8366.94 5852.2 2514.74 5349.93 502.266 2002.63 1737.48 265.148 4203.73 2861.33 1146.2 1620.81 1408.69 63.6355 1345.06 1342.41 212.118 482.191 760.596 2751.1 512.115 110.226 86.3625 320.072 1097.33 829.156 564.387 268.178 442.418 584.462
internal_count=8355 6690 1665 6039 651 1327 1149 178 4855 3966 1184 1072 932 42 890 889 140 610 502 3888 338 78 57 503 1121 944 578 177 292 388
is_linear=0
shrinkage=0.03


Tree=49
num_leaves=31
num_cat=0
split_feature=97 90 88 92 92 16 96 75 97 70 67 99 20 105 76 77 92 82 94 92 75 16 106 105 96 53 39 42 84 90
split_gain=29.662 18.4972 12.2017 11.7858 13.2668 10.5903 10.3829 10.8517 9.78843 11.1396 11.4859 9.02866 8.51971 10.7511 8.37487 7.99759 7.41228 7.21901 7.19269 10.8457 9.27818 9.07777 8.7 6.99854 8.85014 6.87035 6.46529 7.42531 6.97138 6.3216
threshold=96.864190268854841 2.1850000000000009 4.0050000000000008 14.093901384083045 13.535138408304499 -0.8679388639169785 12.836500000000003 2.8050000000000002 46.464203740823983 1.0398090467292487 0.066724751066856255 0.76952140528801205 -0.39618659661887473 120.50000000000001 2.2550000000000003 1.8650000000000004 11.770105247981547 1.8702912706496237 4.4410206229829461 11.58567474048443 0.43500000000000005 -0.5549170249155323 33.500000000000007 54.500000000000007 -0.58049999999997215 1.5150000000000003 1.4750000000000003 0.064999999999999961 -3.9485000000000237 2.9650000000000003
decision_type=10 2 2 10 10 2 2 2 8 10 2 2 8 2 2 2 10 10 10 10 2 2 2 2 2 2 2 2 2 2
left_child=1 2 3 4 8 25 7 11 9 10 -1 -4 16 26 -15 -6 -10 -5 19 20 -2 23 -23 -22 -25 -3 28 -28 -14 -7
right_child=18 5 6 17 15 29 -8 -9 12 -11 -12 -13 13 14 -16 -17 -18 -19 -20 -21 21 22 -24 24 -26 -27 27 -29 -30 -31
leaf_value=0.00035774838172552751 -0.002092798904635713 0.015734309295273551 -0.00078432632140657834 -0.012727061812826993 0.0045335167847325268 -0.0052439971999109023 0.013780977682669417 0.0041986051592483708 0.0040189582029594205 -0.0032423194062922295 0.015614230698449793 -0.0070028268199464798 -0.0065403332645568258 0.024763521668743068 0.0031735858617390968 0.02290924847236556 -0.0014157912773460908 0.0029469646583373502 -0.0025871075351610795 1.7274398592116386e-05 0.02175689319285044 0.0040816049996886252 0.013335446678564022 -0.0023451035859824777 0.020055997286001947 -0.010428404587511056 -0.00015946772243074193 -0.0044339379175445158 0.0028244743726806277 -0.013659812094639043
leaf_weight=203.40644833445549 75.756591558456421 32.575334370136261 325.75334370136261 96.968437194824219 51.514482259750366 496.58445766568184 31.817768454551697 139.01334550976753 1162.8636804223061 1053.7741885781288 56.817443668842316 592.03776302933693 81.817118883132935 16.666450142860413 543.17476147413254 36.363163948059082 280.29938876628876 36.363163948059082 102.27139860391617 216.66385185718536 77.271723389625549 298.4809707403183 131.81646931171417 33.332900285720825 30.302636623382568 12.499837607145308 884.07942348718643 623.85553148388863 569.68956851959229 95.832088321447372
leaf_count=138 50 53 317 64 34 558 21 130 775 697 39 582 54 17 711 24 185 24 69 143 51 197 87 22 20 18 1335 888 964 121
internal_value=-9.51339e-06 -0.000652945 -0.000193976 0.000362065 0.000573274 -0.0055388 -0.00310419 -0.00361256 0.000387713 -0.00186967 0.00368886 -0.00479568 0.00110032 0.000111564 0.00381632 0.0121373 0.00296339 -0.00845233 0.00493583 0.0058267 0.00777225 0.00908061 0.00691641 0.0156896 0.00832209 0.0084791 -0.000848903 -0.00192788 0.00164843 -0.00660538
internal_weight=8389.66 7423.77 6786.28 5697.65 5564.32 637.492 1088.62 1056.8 5476.44 1314 260.224 917.791 4162.45 2719.28 559.841 87.8776 1443.16 133.332 965.897 863.625 646.961 571.205 430.297 140.907 63.6355 45.0752 2159.44 1507.93 651.507 592.417
internal_count=8388 7749 6999 5949 5861 750 1050 1029 5803 874 177 899 4929 3969 728 58 960 88 639 570 427 377 284 93 42 71 3241 2223 1018 679
is_linear=0
shrinkage=0.03


Tree=50
num_leaves=31
num_cat=0
split_feature=97 83 92 82 89 21 15 13 56 21 87 46 42 42 9 53 100 46 82 36 87 63 16 75 105 42 61 88 75 87
split_gain=26.282 16.5613 13.9987 12.0733 11.8262 11.5346 11.4947 20.2116 15.9381 13.0722 11.213 10.7157 10.456 10.1434 8.29135 8.14588 6.86081 6.78766 6.51464 6.15061 6.43386 5.8932 13.0366 6.7688 7.72635 5.84738 8.27368 5.8074 6.79914 6.78352
threshold=67.466858798444974 18.920000000000005 12.450692041522492 5.3305431859119299 3.9200000000000004 -0.8584674229618271 1024.9275000000002 1.3655000000000002 15.178378378378381 0.58672569239651529 1.385 2.3557467294041921 0.029999999999999919 -0.069999999999999937 324.57500000000005 2.7300000000000004 0.76762187003917715 1.2852159365594809 2.2155498083589662 -0.24200000000001862 0.49500000000000005 0.7350000000000001 -0.56676575645887362 1.0750000000000004 89.500000000000014 -0.16 1.866891891891892 3.0350000000000006 0.44500000000000006 0.48500000000000004
decision_type=10 10 10 10 2 8 10 10 10 10 2 10 2 2 2 2 2 10 10 2 2 2 2 2 2 2 2 2 2 2
left_child=1 4 3 6 5 -1 7 8 18 27 19 13 17 -3 -10 25 -6 -4 -2 20 -11 22 -21 24 -23 -7 -27 28 -9 -30
right_child=2 11 12 -5 16 15 -8 9 14 10 -12 -13 -14 -15 -16 -17 -18 -19 -20 21 -22 23 -24 -25 -26 26 -28 -29 29 -31
leaf_value=0.020711736289605855 0.011592566845943838 -0.0019722439614567821 -0.0013265230115348265 -0.0079193472279519058 -0.0077992574350160097 0.0018991463977785193 -0.0013649271597515327 0.00080339675232830941 0.016670471085894492 -0.0019338065347620807 0.012620518055892913 0.0090931381314851133 -0.0066395242843024921 -0.0069075181249737133 -0.002919735048123514 -0.017545843347186708 -0.031741843162918025 0.0073057440093537524 0.02862873325206039 0.02019019302362721 0.0074186492585336236 -0.0050850029335468968 1.8261152354138386e-05 0.0022668963175416653 0.0071444956140952302 0.00059550572283270469 -0.0027764848635208521 0.0040050935366088168 0.017434578346412093 0.0068668596141794307
leaf_weight=23.863326340913773 30.302636623382568 748.47512459754944 275.75399327278137 84.847382545471191 42.802474230527878 969.68437194824219 354.54084849357605 51.514482259750366 31.817768454551697 92.423041701316833 83.332250714302063 54.544745922088623 246.96648848056793 750.74782234430313 49.999350428581238 24.242109298706055 14.393752396106718 116.66515100002289 60.605273246765137 39.393427610397339 233.33030200004578 377.26782596111298 107.57436001300812 304.54149806499481 53.029614090919495 1562.1009179353714 1127.6368653476238 210.60332453250885 127.27107381820679 95.832088321447372
leaf_count=18 20 497 182 56 113 1408 234 34 21 61 55 36 163 497 33 64 35 77 40 26 154 249 71 201 35 2102 1594 142 84 70
internal_value=-9.24008e-05 -0.00136258 0.00213887 0.00319437 -0.000287103 -7.82601e-05 0.00360376 0.00450768 0.0143046 0.00355494 0.00197702 -0.00396842 -0.00180362 -0.00444362 0.00469868 -0.000212941 -0.0138245 0.00123983 0.02295 0.00124252 0.00476516 -5.87984e-05 0.00542517 -0.00115559 -0.00357785 -9.81177e-05 -0.000818157 0.00775287 0.010627 0.0128953
internal_weight=8346.1 5318.49 3027.61 2388.23 3764.72 3707.53 2303.38 1948.84 172.725 1776.11 1290.89 1553.77 639.386 1499.22 81.8171 3683.66 57.1962 392.419 90.9079 1207.56 325.753 881.807 146.968 734.839 430.297 3659.42 2689.74 485.221 274.618 223.103
internal_count=8372 6364 2008 1586 5334 5186 1530 1296 114 1182 852 1030 422 994 54 5168 148 259 60 797 215 582 97 485 284 5104 3696 330 188 154
is_linear=0
shrinkage=0.03


Tree=51
num_leaves=31
num_cat=0
split_feature=97 14 92 91 16 42 54 46 64 42 86 105 87 75 66 45 43 75 92 21 24 16 18 76 24 42 67 82 13 87
split_gain=27.9179 14.3524 12.4185 13.8644 20.3579 12.4441 12.2017 11.5062 11.4241 9.60065 8.99723 8.48338 13.2256 10.038 7.99785 7.48717 7.4363 7.18078 6.52281 6.44236 6.33223 6.24214 5.79781 5.78664 5.44727 5.40081 5.39713 10.9243 5.29522 5.36879
threshold=67.785868290734172 60.015000000000008 12.396730103806229 0.013990965989607926 -0.88417342385248776 0.029999999999999919 1.5050000000000006 1.7737632995710142 3.9850000000000008 0.2900000000000002 0.62858694698084583 89.500000000000014 0.51500000000000012 0.92500000000000016 0.059999999999999949 17.025000000000002 0.038818181818182217 0.43500000000000005 16.449688581314884 0.46831534062592745 45.927896000000011 -0.96933804121775846 -0.88109714881469758 3.0150000000000001 20.691026000000004 -0.33999999999999991 0.075501422475106675 1.0022229994383964 9.8350000000000026 1.4850000000000001
decision_type=10 8 10 2 2 2 2 10 2 2 2 2 2 2 2 10 2 2 10 10 2 2 10 2 2 2 2 8 10 2
left_child=1 8 3 7 -5 18 16 11 9 15 26 12 17 -13 -14 -1 -6 -2 28 23 -11 -12 -7 -18 -9 -23 -3 -28 29 -4
right_child=2 10 5 4 6 22 -8 24 -10 20 21 13 14 -15 -16 -17 19 -19 -20 -21 -22 25 -24 -25 -26 -27 27 -29 -30 -31
leaf_value=-0.0020237113398985165 0.00076353516462690518 4.3318882817974378e-05 0.0018123024828394373 0.021159426885230447 0.0029760146524067696 0.0051397133060939433 -0.01573018381327573 0.024802208989749375 -0.010232834908817184 -0.0044981887993889545 0.011612712751859332 0.022071637076180206 0.013570866699359165 0.0064198116994345789 -0.0025237326295674402 0.01052703242473114 0.0092623136824715978 0.011773610145182769 -0.0097863731943883276 -0.0036665520001184144 -0.013791360145420501 0.00074589826511611162 -0.0082581419120348176 -0.0036065236571955098 0.010275497838969512 -0.003899790025754924 0.031683829868290304 0.0028570824389613485 -0.0065499536922932911 0.010110451040485358
leaf_weight=1231.4233957827091 81.817118883132935 1802.2493131756783 227.26977467536926 43.938823103904724 689.76376613974571 33.332900285720825 40.908559441566467 34.848032116889954 206.05792903900146 199.99740171432495 28.029938876628876 40.908559441566467 30.302636623382568 374.23756229877472 334.84413468837738 44.317606061697006 77.271723389625549 153.02831494808197 39.393427610397339 395.44940793514252 98.483569025993347 302.6475832760334 227.26977467536926 53.029614090919495 69.696064233779907 880.29159390926361 12.121054649353026 495.44810879230499 45.453954935073853 101.5138326883316
leaf_count=815 54 2400 150 29 456 22 27 23 136 132 59 27 20 247 227 30 51 101 26 261 65 478 150 35 46 1403 8 804 30 67
internal_value=-7.34604e-05 -0.00139519 0.0021909 0.00319406 0.001087 -0.00140977 0.000385041 0.00564112 -0.0035904 -0.00272094 -0.000285179 0.00466517 0.00238393 0.00796214 -0.00118808 -0.00158771 0.000927405 0.00793784 0.00182528 -0.00176029 -0.00756446 -0.00237967 -0.00654446 0.004025 0.0151177 -0.00271122 0.000812899 0.00354548 0.00304756 0.0043744
internal_weight=8395.35 5301.07 3094.28 2420.04 1300.36 674.234 1256.42 1119.68 1780.28 1574.22 3520.79 1015.14 599.992 415.146 365.147 1275.74 1215.51 234.845 413.631 525.751 298.481 1210.97 260.603 130.301 104.544 1182.94 2309.82 507.569 374.238 328.784
internal_count=8379 6330 2049 1604 859 445 830 745 1178 1042 5152 676 402 274 247 845 803 155 273 347 197 1940 172 86 69 1881 3212 812 247 217
is_linear=0
shrinkage=0.03


Tree=52
num_leaves=31
num_cat=0
split_feature=97 83 39 31 58 45 7 70 98 58 14 43 87 72 34 83 71 83 16 51 80 85 21 83 100 94 64 51 87 30
split_gain=23.8138 16.8992 12.5265 11.1737 10.9454 8.31347 8.24284 8.87462 8.1581 8.02466 7.0606 6.32326 6.31967 5.89467 5.87913 5.83058 5.74919 8.7463 8.64399 9.01723 9.44634 7.47541 6.35161 6.0318 6.72041 5.66301 6.20931 5.66184 5.4617 5.54625
threshold=73.903903099643642 18.920000000000005 0.59500000000000008 0.13800000000000001 1.9901903393432412 20.240000000000006 9.3950000000000014 0.9138597536198565 112.31713333679676 0.69028567696885812 48.915000000000006 0.10072727272727307 0.55500000000000016 7.3710000000000386 1.5327441452142072 21.375000000000004 13.380000000000001 18.275000000000002 0.40737429413018122 1.2150000000000001 8.5921827586206909 1.6590998563218393 -0.54500492015115343 12.745000000000003 0.74736608346528222 2.7776327718185252 2.0650000000000004 1.5850000000000002 0.6150000000000001 -0.40999999999999975
decision_type=10 10 2 2 10 8 2 8 10 10 10 2 2 2 10 10 10 10 2 2 8 2 8 10 2 10 2 2 2 2
left_child=1 2 -1 12 5 9 8 -8 16 -2 11 -11 -3 -12 -5 -16 18 -18 19 20 -4 -19 -22 24 -20 26 -6 -28 -14 -30
right_child=4 3 6 14 25 -7 7 -9 -10 10 13 -13 28 -15 15 -17 17 21 23 -21 22 -23 -24 -25 -26 -27 27 -29 29 -31
leaf_value=-0.018000666902767817 -0.0026144181647819254 -0.0056203160214124675 -0.0057901095766553501 -0.0093871724788332292 -0.0092868382679980339 -0.0065969206436261923 0.011461071270173432 0.0012239265938716985 0.003256015514138053 0.0016788520691964296 0.004030408632259461 -0.0072267797355741433 0.0085566356708618972 -0.0084595523352535406 0.0088110667029341061 -0.0068154683467723295 -0.0032690070660275762 -0.0014337967801931757 0.0067735069115553203 -0.0023150524971577756 0.030771184145647071 0.013448315597916052 0.0052319689102259207 0.0098571650565019396 -0.001193819759830636 0.01066791127089701 0.015921387823226319 0.00067473201850139068 0.0056458172881288645 -0.0021753714937069253
leaf_weight=34.469249159097672 283.32965242862701 351.51058483123779 78.029289305210114 350.37423595786095 30.302636623382568 104.54409635066986 113.63488733768463 231.43638721108437 512.87212485074997 228.78490650653839 1410.5877348184586 104.54409635066986 51.514482259750366 34.848032116889954 34.848032116889954 56.059877753257751 1107.5613685846329 68.559715360403061 154.5434467792511 1094.6827480196953 9.0907909870147687 54.544745922088623 243.93622481822968 107.57436001300812 248.48162031173706 201.1337505877018 34.848032116889954 59.090141415596008 89.771560996770859 896.57926109433174
leaf_count=73 187 232 53 232 20 69 75 245 340 151 934 69 34 23 23 37 731 46 324 2530 6 36 590 71 401 135 23 39 60 594
internal_value=-3.15739e-05 -0.00107167 7.43683e-06 -0.00346456 0.00242678 0.0016563 0.000161656 0.0045951 -0.000254079 0.00207473 0.00282164 -0.00111428 -0.00214367 0.00372929 -0.00762335 -0.000825297 -0.000822512 -0.00242583 0.000196501 -0.00100302 0.00333539 0.00516012 0.00614955 0.0035459 0.00186132 0.00755732 0.00252158 0.00633075 -0.000966184 -0.00146354
internal_weight=8382.09 5890.07 4059.42 1830.66 2492.01 2166.64 4024.95 345.071 3679.88 2062.09 1778.76 333.329 1389.38 1445.44 441.282 90.9079 3167 1230.67 1936.34 1425.74 331.056 123.104 253.027 510.599 403.025 325.375 124.241 93.9382 1037.87 986.351
internal_count=8383 6733 5521 1212 1650 1433 5448 320 5128 1364 1177 220 920 957 292 60 4788 813 3975 3179 649 82 596 796 725 217 82 62 688 654
is_linear=0
shrinkage=0.03


Tree=53
num_leaves=31
num_cat=0
split_feature=98 14 68 43 42 91 21 53 72 95 89 63 37 14 16 11 21 48 72 33 68 33 90 71 20 75 35 63 43 32
split_gain=20.6789 15.4834 13.7746 13.3998 11.597 10.1854 10.1817 14.0797 9.68767 8.33704 8.31723 7.74527 8.23611 7.52793 7.48624 7.14911 6.72966 6.55875 6.23965 6.18217 5.73628 5.26261 7.68973 6.91866 5.13388 5.05614 5.02783 5.09432 5.80608 4.91684
threshold=119.12784493935168 73.015000000000015 11.735547945205482 0.086363636363636739 0.13000000000000025 0.037576936702881446 -0.51354086879587046 2.7300000000000004 7.0475000000000145 23.860000000000003 1.1450000000000002 2.0350000000000006 2.8395000000000006 56.455000000000005 -0.94909439586795796 7.8500000000000005 -0.44361872531697444 -1.3770000000000093 0.036000000000001371 12.355000000000002 11.400678082191783 15.245000000000003 0.49000000000000016 22.555000000000003 -0.29779143761067933 0.53500000000000014 19.825000000000006 0.56500000000000006 0.19663636363636411 13.519285714285717
decision_type=10 8 10 2 2 2 8 2 2 10 2 2 2 10 2 10 10 2 2 10 10 10 2 10 10 2 10 2 2 10
left_child=1 3 10 11 8 6 -3 -8 16 13 -2 12 -1 24 -7 -5 -4 -18 -15 -13 -17 23 -23 -19 -6 -20 27 -12 -29 -27
right_child=2 5 4 15 9 14 7 -9 -10 -11 26 19 -14 18 -16 20 17 21 25 -21 -22 22 -24 -25 -26 29 -28 28 -30 -31
leaf_value=-0.00082448314809050198 -0.0038761112017997629 0.018066561926904135 0.013186062631680859 -0.019860251926680568 -7.9915024498327937e-05 0.017456704326658804 0.0014280756021490032 -0.021565760259345444 -0.010439292083567531 -0.0088557031065976278 0.012005130426232486 -0.009303109026028801 0.010598357047780544 -0.0026239210925520558 -0.0033805166971120704 -0.0029002411062518515 0.0099028878818641745 -0.0010159197095874651 -0.0060999158737906128 -0.0024336847028661414 -0.0088795015284879771 0.0097543096705875274 0.0017565348507560662 0.013395305592444525 -0.0076221292413886643 -0.0021943470396527109 0.014590804656276433 0.0056834399550471006 -0.0026012347529560226 0.0094901563692818686
leaf_weight=1270.0592574775219 81.817118883132935 32.575334370136261 56.059877753257751 34.848032116889954 154.5434467792511 15.908884227275847 2111.7149896919727 24.242109298706055 49.999350428581238 134.84673297405243 93.938173532485962 169.69476509094238 59.46892437338829 146.96778762340546 631.05240768194199 290.90531158447266 99.998700857162476 519.69021809101105 30.302636623382568 386.35861694812775 286.73869904875755 149.99805128574371 388.25253173708916 31.817768454551697 171.20989692211151 40.908559441566467 59.090141415596008 539.765714854002 88.635212123394012 156.05857861042023
leaf_count=839 54 23 37 23 102 42 3424 64 33 89 62 112 43 97 1129 192 66 343 20 255 193 99 257 21 113 27 39 357 63 103
internal_value=3.34922e-05 -0.00109002 0.00202749 -0.00280925 0.000732244 0.000435393 0.00142097 0.00116711 0.00250875 -0.00202521 0.0052244 -0.00155699 -0.000313547 -0.000709376 -0.00286813 -0.00666439 0.0030284 0.00254979 0.0021932 -0.00453008 -0.00586831 0.00187505 0.00398533 -0.000184503 -0.00404396 0.00530827 0.00617724 0.00548898 0.0045149 0.00706337
internal_weight=8307.47 5313.57 2993.9 2498.07 2130.65 2815.49 2168.53 2135.96 1295.82 834.838 863.246 1885.58 1329.53 699.991 646.961 612.492 1245.82 1189.76 374.238 556.053 577.644 1089.76 538.251 551.508 325.753 227.27 781.429 722.339 628.401 196.967
internal_count=8321 6339 1982 1657 1407 4682 3511 3488 856 551 575 1249 882 462 1171 408 823 786 247 367 385 720 356 364 215 150 521 482 420 130
is_linear=0
shrinkage=0.03


Tree=54
num_leaves=31
num_cat=0
split_feature=97 41 83 97 87 43 16 59 95 83 86 43 31 96 86 7 43 20 69 21 74 72 61 95 88 21 87 103 98 56
split_gain=20.5771 13.0615 13.6288 9.31934 8.68484 8.30006 6.97479 8.66367 6.49642 11.9063 6.47966 6.8402 6.43812 6.36893 6.2013 5.98233 5.55419 8.43616 5.30012 5.17448 5.31104 5.01751 6.04088 6.93208 6.27822 6.21505 5.71599 5.31371 4.9483 5.94752
threshold=73.527547241417864 2.6950000000000007 18.920000000000005 121.68376010320102 2.7850000000000006 -0.11645454545454484 -0.94123492117109386 17.570000000000004 12.890000000000002 12.745000000000003 1.2995664182784703 -0.066545454545454186 0.73500000000000065 -8.3325000000000369 0.21129925153878623 5.3050000000000006 0.11163636363636403 -0.98842778896591765 11.815000000000003 -0.32730014946278069 0.22105323724299816 4.9895000000000786 1.866891891891892 15.770000000000001 1.9150000000000003 -0.26656556598127062 1.0750000000000004 142.50000000000003 96.324275001391626 16.478513513513516
decision_type=10 2 10 10 2 2 2 8 8 10 2 2 2 2 2 2 2 10 8 10 2 2 2 10 2 10 2 2 8 10
left_child=1 2 8 6 5 -4 -2 19 9 13 11 18 21 -1 -15 -5 -9 -18 -10 -8 -21 22 23 24 -13 -25 -23 -26 -7 -30
right_child=3 -3 4 15 -6 28 7 16 10 -11 -12 12 -14 14 -16 -17 17 -19 -20 20 -22 26 -24 25 27 -27 -28 -29 29 -31
leaf_value=0.019035434856318312 0.013773184052681065 -0.026888493335812433 8.6596390095018756e-05 0.020055062951676479 0.011815186135636561 -0.007207205484056259 0.011372998706915492 0.0012620996018301227 0.0092722363203460115 0.01950557026592677 -0.019506451505383302 -0.0023306333507046154 -0.014379922773813225 0.018570342431475897 -0.0027615692526048838 0.0061158846651256189 0.010413734944522982 -0.0043806242636330308 0.0014519439326204958 -0.0022168184669035295 0.0041054524187422057 0.00059309158902721688 -0.0024455942582873452 0.0076301942427985164 -0.0089673821899665662 -0.0029620238783706412 0.017013503934193697 0.0039505975951322179 -0.0024290567830400297 -0.010350315166863851
leaf_weight=16.666450142860413 42.423691272735596 17.424016058444977 476.88774386048317 32.196551412343979 34.848032116889954 422.72178089618683 72.726327896118164 834.83763897418976 86.36251437664032 42.423691272735596 15.530101269483565 226.89099171757698 31.060202538967133 13.636186480522154 121.96811240911484 198.8610528409481 38.257078737020493 371.96486455202103 805.29256826639175 143.9375239610672 706.80899924039841 51.514482259750366 1220.4386900067329 54.544745922088623 29.923853665590286 579.9167083799839 30.302636623382568 677.64271149039268 802.64108756184578 95.45330536365509
leaf_count=14 28 31 317 22 23 279 48 551 57 28 41 413 64 9 103 132 26 247 1274 95 468 34 1722 36 49 385 20 1207 532 63
internal_value=1.20904e-05 -0.000952895 -0.00087547 0.00232539 -0.00301833 -0.00330587 0.00172628 0.0014906 0.000105245 0.00545037 -0.000167937 -8.87759e-05 -0.000794842 0.00153449 -0.000616461 0.00805823 -0.000142476 -0.00300091 0.00220939 0.00369237 0.00303579 -0.00064788 -0.000862666 0.000368671 0.00201181 -0.00205141 0.00667473 0.00340428 -0.00453074 -0.00327096
internal_weight=8296.1 5854.09 5836.67 2442.01 1832.55 1797.7 2210.96 2168.53 4004.11 194.694 3809.42 3793.89 2902.24 152.271 135.604 231.058 1245.06 410.222 891.655 923.473 850.747 2871.17 2789.36 1568.92 934.458 634.461 81.8171 707.567 1320.82 898.094
internal_count=8318 6701 6670 1617 1214 1191 1463 1435 5456 154 5302 5261 3930 126 112 154 824 273 1331 611 563 3866 3812 2090 1669 421 54 1256 874 595
is_linear=0
shrinkage=0.03


Tree=55
num_leaves=31
num_cat=0
split_feature=97 3 95 20 87 65 97 34 58 56 82 15 15 86 67 96 93 90 96 93 71 68 61 9 105 89 60 75 82 105
split_gain=22.5948 13.0387 10.0316 9.98433 12.0841 9.25847 8.5462 8.44754 8.33273 8.06988 7.3704 7.28637 7.10731 6.62225 8.29582 6.13667 5.99223 5.90562 5.8886 5.67191 10.1472 5.39223 6.21638 5.38136 5.1976 5.18184 5.12608 5.05475 4.9818 4.93982
threshold=67.466858798444974 2.0350000000000006 22.100000000000005 -0.44205387264680585 1.385 3.1700000000000004 44.271422179464473 2.2084691078960166 1.2381432134637318 12.707972972972977 5.0721250288802517 1024.6695000000002 1014.0595000000002 0.62858694698084583 -0.026180654338549082 9.9284999999999872 11.590000000000002 -0.12499999999999999 -11.766000000000018 20.740000000000006 22.505000000000006 9.4182945205479474 1.4428791291291294 344.18500000000006 133.50000000000003 1.1250000000000002 0.63150000000001694 0.43500000000000005 2.5368311320632624 52.500000000000007
decision_type=10 2 10 10 2 2 8 8 10 10 10 10 10 2 2 2 10 2 2 8 10 10 2 2 2 2 2 2 10 2
left_child=1 -1 3 10 21 6 7 16 9 -4 11 18 -11 14 -8 -16 -3 -15 -2 20 -10 22 -5 -7 27 -23 -6 -20 -22 -29
right_child=2 5 8 4 26 23 13 -9 19 12 -12 -13 -14 17 15 -17 -18 -19 24 -21 28 25 -24 -25 -26 -27 -28 29 -30 -31
leaf_value=0.00038326508146608592 0.024785171185488199 0.0040542672659810361 0.0046830286429905433 0.0017301838244926529 0.0064593725869875225 -0.020542848732157792 -0.0045813376019869286 0.0077944806801236418 -0.0029167105100394095 0.0049719299565894656 -0.0084122898347045415 -8.7880995209021305e-05 -0.0083025216799709183 -0.015833391635691828 0.0016425649306059257 0.020939477723453316 -0.0067335443629718281 -0.002617028028047183 -0.00084340488269185338 -0.00072842186255705522 0.0052484012270886575 -0.0073164885018014965 0.018595597319781717 0.0042748613100626141 -0.0025866195226962067 0.00077969743209648412 0.022270575073132588 0.012471894662519318 0.020517696436471656 0.0065613725312407434
leaf_weight=2578.3755936920643 16.666450142860413 49.999350428581238 74.241459727287292 51.514482259750366 43.938823103904724 39.014644652605057 222.3455962240696 42.802474230527878 53.029614090919495 42.423691272735596 33.332900285720825 149.99805128574371 251.51188397407532 31.438985496759415 703.77873557806015 15.151318311691282 633.32510542869568 946.95739448070526 60.605273246765137 207.57306087017059 33.332900285720825 75.756591558456421 31.817768454551697 9.8483569025993329 49.999350428581238 1169.6817736625671 31.817768454551697 177.27042424678802 45.453954935073853 451.13050273060799
leaf_count=3054 11 33 49 34 29 70 272 47 35 28 22 99 166 65 1036 10 418 1297 40 137 22 50 21 17 33 772 21 117 30 306
internal_value=4.71269e-05 -0.0011418 0.00210188 0.00304708 0.001446 -0.00260105 -0.00236207 -0.00513435 -0.00102873 -0.00415447 0.00544192 0.00595182 -0.00638662 -0.00131344 0.000482986 0.00204924 -0.00594419 -0.00304171 0.00715068 0.00236213 0.00722886 0.000781569 0.00816971 -0.0155408 0.00675298 0.000287229 0.0131001 0.00743073 0.0140576 0.00822872
internal_weight=8324.13 5273.04 3051.1 2343.53 1404.53 2694.66 2645.8 726.127 707.567 368.177 939.003 905.67 293.936 1919.67 941.276 718.93 683.324 978.396 755.672 339.39 131.816 1328.77 83.3323 48.863 739.006 1245.44 75.7566 689.006 78.7869 628.401
internal_count=8341 6319 2022 1555 927 3265 3178 498 467 243 628 606 194 2680 1318 1046 451 1362 507 224 87 877 55 87 496 822 50 463 52 423
is_linear=0
shrinkage=0.03


Tree=56
num_leaves=31
num_cat=0
split_feature=97 83 47 30 43 57 63 95 71 53 97 87 54 97 92 89 46 75 60 21 92 105 92 78 13 15 64 98 12 88
split_gain=23.7551 13.6753 12.6426 11.8822 9.88193 8.25352 7.43867 7.25837 13.5047 7.27989 7.25148 7.1656 7.58313 6.8911 6.83952 6.49305 5.83702 7.56291 5.68035 5.64955 5.40448 7.05534 7.00613 6.59996 6.39045 5.29543 8.37183 5.25764 5.28284 5.09631
threshold=90.768873776688963 20.360000000000003 19.495000000000001 1.2000000000000004 -0.090545454545454068 20.73 1.5250000000000001 12.890000000000002 12.745000000000003 2.7300000000000004 49.742004198709743 2.7850000000000006 -0.46999999999999981 165.60776869435077 14.191770893406385 1.3150000000000004 0.67251555086555503 0.43500000000000005 2.9860000000000473 -0.51354086879587046 11.563333910034604 92.500000000000014 8.0180484068627464 0.87500000000000022 1.7065000000000003 1002.9750000000001 2.0250000000000004 134.28339832031955 91.500000000000014 3.2950000000000004
decision_type=10 10 10 2 2 8 2 8 8 2 8 2 2 10 10 2 10 2 2 8 10 2 10 2 10 10 2 10 8 2
left_child=1 2 3 4 19 13 7 8 -6 15 -8 12 -3 16 -14 25 -2 -18 -12 -1 21 22 23 -19 -24 26 -9 28 -17 -23
right_child=5 11 -4 -5 6 -7 10 9 -10 -11 18 -13 14 -15 -16 27 17 20 -20 -21 -22 29 24 -25 -26 -27 -28 -29 -30 -31
leaf_value=0.013121187146449801 -0.00047476329116018739 -0.00026705726040175042 0.011355832671595305 -0.023836130550981455 0.00088613212141508055 -0.0072907441054986316 -0.0046956306650518054 -0.00020117356678593811 0.018694212148172296 -0.01805910069696651 -0.001088530418731718 0.0091519007788153622 -0.0034963779347895198 0.018461315033926059 -0.0092142347275835472 0.0045430229944665992 -0.0035719366000209534 0.01993745813777302 0.010965978738584048 0.0021658295253987377 0.0018324843924716894 0.015694436710226533 0.013074616466982825 0.0067792989186163657 0.0010962495540320931 -0.0048332126843733565 0.026218881335255888 0.0051934181540380341 -0.0003688370412579381 0.001921927452410275
leaf_weight=44.317606061697006 216.66385185718536 503.02376794815063 87.877646207809448 18.939147889614105 131.05890339612961 57.57500958442688 642.41589641571045 133.71038410067558 54.165962964296341 20.075496762990952 1082.9404763281345 42.423691272735596 903.01857137680054 30.302636623382568 237.87569749355316 228.78490650653839 84.847382545471191 46.969086766242981 36.363163948059082 961.35114687681198 227.26977467536926 119.69541466236115 46.969086766242981 127.27107381820679 273.48129552602768 366.66190314292908 11.742271691560743 225.75464284420013 1421.5724405944347 30.302636623382568
leaf_count=33 143 332 58 38 91 38 436 245 41 47 1569 28 596 20 157 151 56 31 24 1233 150 79 31 84 185 242 13 149 2079 20
internal_value=9.61553e-06 -0.000659656 6.87646e-05 -0.000115605 -3.18045e-05 0.00380557 -0.000650738 0.000371109 0.00609381 -6.90301e-05 -0.00215506 -0.00302146 -0.00333561 0.0043363 -0.00468855 8.21949e-05 0.00397154 0.00497839 -0.000696912 0.00264861 0.00581039 0.00721271 0.00548456 0.0103263 0.00285194 -0.00291182 0.0019317 0.000899458 0.000312082 0.0129121
internal_weight=8415.42 7154.07 5467.73 5379.85 5360.92 1261.35 4355.25 2593.53 185.225 2408.3 1761.72 1686.34 1643.92 1203.77 1140.89 2388.23 1173.47 956.806 1119.3 1005.67 871.958 644.689 494.691 174.24 320.45 512.115 145.453 1876.11 1650.36 149.998
internal_count=8399 7562 6449 6391 6353 837 5087 3058 132 2926 2029 1113 1085 799 753 2879 779 636 1593 1266 580 430 331 115 216 500 258 2379 2230 99
is_linear=0
shrinkage=0.03


Tree=57
num_leaves=31
num_cat=0
split_feature=97 3 42 95 83 47 19 97 95 68 61 80 41 89 69 33 93 79 94 92 76 87 74 92 96 99 21 74 86 62
split_gain=21.6439 13.3386 13.0233 10.7753 10.2736 7.72382 7.41226 8.64211 7.75093 7.30555 7.26775 7.12769 8.54534 6.96724 9.87236 7.87203 10.0291 9.54281 6.65424 6.44236 7.35024 6.4038 6.19802 6.16732 6.15877 5.38711 5.54417 6.43941 5.20442 6.28932
threshold=96.864190268854841 2.2550000000000003 0.010000000000000122 22.000000000000004 22.295000000000005 19.405000000000005 -0.37379718799586065 55.081451248669559 21.710000000000004 9.4020068493150699 2.512432432432433 11.871103448275862 2.6950000000000007 1.2650000000000003 13.315000000000003 10.925000000000002 14.620000000000003 -0.019450470033230791 4.4139280396454614 11.58567474048443 3.1850000000000005 2.7850000000000006 0.36662183170568291 10.815640138408307 -5.2710000000000141 0.98673397968663024 0.39602632159388967 0.43377335395824151 0.6776112468896397 0.47705041694071698
decision_type=10 2 2 10 10 10 8 8 10 10 2 10 2 2 10 10 10 2 10 10 2 2 2 10 2 2 10 2 2 2
left_child=1 13 6 5 -5 11 8 -8 -3 -2 -6 12 23 14 22 -15 17 -17 19 20 -11 -10 -1 24 -4 -18 27 -27 29 -9
right_child=9 2 3 4 10 -7 7 28 21 18 -12 -13 -14 15 -16 16 25 -19 -20 -21 -22 -23 -24 -25 -26 26 -28 -29 -30 -31
leaf_value=-0.00070899522651052239 0.01321714470001586 0.0076275739245887913 0.0069862642493601617 -0.017928600361987047 0.0048490281608210761 0.0030254840610626907 -0.0056290398218754078 0.0017810067740856076 -0.0031655462447316859 0.0049681889488317503 -0.0075232946510646725 -0.0069162045095526791 -0.024925334993347221 -0.00024553528904539229 -0.0080440134937855186 0.020672967061635208 0.0031264616718634391 0.0051407157187484112 -0.0034764515711018852 -1.4756243900711572e-05 0.016522866122359037 0.011881814834199027 0.015258360760574451 0.0076464326782520603 -0.0030459308082503161 -0.0013109733168494776 -0.0020196491075880002 0.012202361622040588 -0.0016251126609899639 0.014049840449445987
leaf_weight=412.11585807800293 74.999025642871857 208.33062678575516 60.605273246765137 75.756591558456421 49.999350428581238 199.99740171432495 283.32965242862701 226.89099171757698 159.08884227275848 540.90206372737885 293.93557524681091 349.99545300006866 14.014969438314436 1953.0049303770065 190.90661072731018 39.393427610397339 689.38498318195343 369.69216680526733 109.08949184417725 216.66385185718536 54.544745922088623 30.302636623382568 23.105760425329208 63.635536909103394 603.40125176310539 68.559715360403061 530.29614090919495 59.090141415596008 378.7829577922821 45.07517197728157
leaf_count=419 51 151 43 50 33 132 187 302 105 357 194 231 25 2804 126 26 455 244 72 143 36 20 19 45 1077 46 350 39 517 59
internal_value=6.27377e-05 -0.000497642 -0.00202011 -0.0037514 -0.00792755 -0.00239446 0.000204579 -0.00125583 0.00363446 0.00421339 -0.00572468 -0.00338743 -0.00172217 0.000570983 -0.00235621 0.00106508 0.00252238 0.00663641 0.00348035 0.00441484 0.00602663 -0.000757968 0.000138706 -0.00127525 -0.00213027 0.00127325 -0.000668524 0.00494446 0.00064822 0.00381442
internal_weight=8374.89 7378.69 3043.14 1711.34 419.692 1291.65 1331.8 934.079 397.722 996.199 343.935 1091.65 741.657 4335.55 626.128 3709.42 1756.42 409.086 921.2 812.111 595.447 189.391 435.222 727.642 664.007 1347.33 657.946 127.65 650.749 271.966
internal_count=8358 7699 3171 1830 277 1553 1341 1065 276 659 227 1421 1190 4528 564 3964 1160 270 608 536 393 125 438 1165 1120 890 435 85 878 361
is_linear=0
shrinkage=0.03


Tree=58
num_leaves=31
num_cat=0
split_feature=90 97 92 106 21 16 97 16 42 98 37 21 42 13 18 32 31 55 94 50 79 63 81 84 41 67 103 28 87 94
split_gain=18.4251 17.4917 10.1977 13.9092 10.5976 9.635 9.41134 9.28815 9.17335 9.09367 10.8106 8.06001 8.69065 7.85474 7.47162 7.34123 7.21668 7.14204 7.13334 7.1191 6.9043 6.85833 6.57041 6.24865 5.91405 5.70854 5.13036 7.45291 5.04893 4.9858
threshold=2.1650000000000005 73.527547241417864 11.58567474048443 34.500000000000007 0.72236395105752338 -0.85227513186527171 152.34570462742738 0.4743954958321015 0.70500000000000029 95.905219178085204 1.3785000000000003 -0.48511470585764821 -0.15999999999999978 9.0850000000000026 -0.81865088085700755 13.240714285714288 0.41100000000000053 0.13039473684210515 2.0748840653661622 0.55829837490134093 0.043310810810810764 0.54500000000000015 20.405000000000005 1.0000000180025095e-35 0.95500000000000007 0.051714082503556184 144.50000000000003 1.6650000000000003 0.52500000000000013 2.8746294470412868
decision_type=2 10 10 2 10 2 10 2 2 8 2 8 2 10 10 10 2 2 10 2 2 2 10 2 2 2 2 2 2 10
left_child=1 7 3 4 29 19 21 9 18 16 26 12 -12 14 -5 -16 -1 20 23 -2 -4 -6 -22 -9 -7 -25 -11 -28 -26 -3
right_child=5 2 17 13 6 24 -8 8 -10 10 11 -13 -14 -15 15 -17 -18 -19 -20 -21 22 -23 -24 25 28 -27 27 -29 -30 -31
leaf_value=-0.0028716910873521424 0.012798162264709008 0.0017875379152419244 -0.0012065463364171528 0.0033256106749189177 0.007502360067458835 -0.0041462342810747056 0.016431284313875465 0.0028600095529772271 -0.010706935114092167 -0.0056510676296010155 0.017808219006207531 -0.00094904975856154082 0.00068052209935395825 0.0022178820939554016 0.0080746566722517833 0.018763227627759799 -0.014838969486770071 -0.0087527283239165234 -0.00010061907280524101 -0.010947157971787544 0.011051503594492331 -0.0011715882122865307 -0.0019266555428766254 0.0063064917830203083 -0.014436343410914978 0.019382059936182187 0.0069438626725081476 0.028375191875902366 -0.002485844472104975 0.010281102905071218
leaf_weight=1316.6495612859726 45.453954935073853 96.968437194824219 462.11520850658417 86.36251437664032 92.423041701316833 541.65962964296341 31.817768454551697 400.37358638644218 50.37813338637352 14.393752396106718 43.18125718832016 2709.8132800459862 69.696064233779907 134.84673297405243 110.60462367534637 121.21054649353027 46.969086766242981 83.332250714302063 526.12952837347984 15.151318311691282 93.938173532485962 730.2935426235199 56.059877753257751 103.02896451950073 106.05922818183899 42.423691272735596 43.560040146112442 21.969411551952362 45.453954935073853 173.4825946688652
leaf_count=872 66 64 305 57 61 590 21 655 64 35 33 3731 46 89 73 80 31 55 351 22 62 482 37 68 127 28 79 43 42 119
internal_value=-0.000133527 0.000306753 0.00251353 0.00384738 0.00206005 -0.00460889 0.000421978 -0.000624294 0.00180405 -0.00126313 -0.000313791 -0.000621866 0.00723273 0.00828582 0.0108575 0.0136635 -0.0032839 -0.00051305 0.00239202 0.00686183 0.000608689 -0.000197167 0.00620108 0.00479472 -0.0056118 0.0101202 0.0105667 0.0141289 -0.0108512 0.00723579
internal_weight=8415.8 7662.02 2273.46 1578.01 1124.99 753.778 854.534 5388.57 1122.33 4266.23 2902.61 2822.69 112.877 453.024 318.178 231.815 1363.62 695.446 1071.96 60.6053 612.113 822.717 149.998 545.826 693.173 145.453 79.9232 65.5295 151.513 270.451
internal_count=8388 7541 1505 1046 747 847 564 6036 1166 4870 3967 3810 79 299 210 153 903 459 1102 88 404 543 99 751 759 96 157 122 169 183
is_linear=0
shrinkage=0.03


Tree=59
num_leaves=31
num_cat=0
split_feature=97 14 42 42 86 64 33 92 94 24 15 75 63 43 43 21 100 13 94 12 84 42 94 27 24 7 43 21 70 13
split_gain=21.1837 11.307 10.169 9.83013 10.7235 7.6838 8.52798 7.45873 9.98158 6.64066 6.4432 7.03652 7.43776 7.1679 6.39018 5.90705 6.12848 6.59494 5.8947 5.82891 7.23746 5.78386 5.743 5.69331 5.64134 5.3345 6.38437 5.20529 5.08741 5.20363
threshold=79.687668224845581 60.015000000000008 0.27000000000000018 -0.54499999999999993 0.63129115565173122 3.9850000000000008 11.325000000000001 12.809728373702423 4.4410206229829461 30.877414000000005 1025.6630000000002 0.43500000000000005 0.54500000000000015 -0.1837272727272726 0.37390909090909163 0.60355593965540077 0.7293650800870809 1.2280000000000002 2.8338190478658403 200.55000000000004 -1.369000000000028 0.029999999999999919 1.582560061519781 1.5750000000000004 27.917280000000005 11.465000000000002 0.17145454545454611 -0.21345666221828827 2.17420434977848 11.495000000000003
decision_type=10 8 2 2 2 2 10 10 10 2 10 2 2 2 2 10 2 10 10 10 2 2 8 2 2 2 2 10 10 10
left_child=1 2 5 -3 25 6 24 8 10 -4 11 -2 -13 -14 22 18 17 -17 -15 -10 -21 -9 -6 -20 -1 -5 -27 -8 29 -18
right_child=7 3 9 4 14 -7 27 21 19 -11 -12 12 13 15 -16 16 28 -19 23 20 -22 -23 -24 -25 -26 26 -28 -29 -30 -31
leaf_value=-0.0016788757523767792 -0.0021278617263990273 0.0053615699588758598 -0.0022622115210827764 0.00054123438361430235 0.0058122681935267448 -0.0068716538155661902 0.00470737866089557 0.0014309085976900817 -0.013628582416747423 -0.0090072514496644333 -0.0015217320778121385 0.015305462740654287 0.017936992767546688 0.0018712902635813265 -0.016393126095715017 0.017322813927026483 0.0072313242186678797 0.0049882367186094862 0.023435735959292034 0.016704786726507284 -0.0026518915448813666 -0.0072945287623162091 -0.0027991486714802807 0.0092027676745130883 -0.0081183121145245278 0.01480295611653617 -0.0026436785028155479 -0.00030310303814959729 -0.0021019783111097816 -6.8342041132980584e-05
leaf_weight=473.47869724035263 113.63488733768463 295.07192412018776 227.64855763316154 2472.6951484680176 74.241459727287292 206.05792903900146 266.6632022857666 192.42174255847931 36.363163948059082 310.60202538967133 151.51318311691284 68.180932402610779 37.87829577922821 81.817118883132935 29.545070707798004 46.969086766242981 187.87634706497192 230.30003833770752 30.302636623382568 19.696713805198669 148.1041364967823 106.05922818183899 1139.3791370391846 153.02831494808197 165.149369597435 51.135699301958084 29.923853665590286 621.58283373713493 207.57306087017059 165.149369597435
leaf_count=314 75 398 151 3270 67 136 176 127 24 205 100 45 25 54 63 31 124 152 20 13 103 70 1688 101 109 36 28 411 137 109
internal_value=-1.23904e-05 -0.000855122 -0.00255258 8.70213e-05 -0.000322882 -0.00143383 -0.000699969 0.00270021 0.00347731 -0.00615449 0.00433827 0.00500952 0.00568032 0.00510512 -0.00260795 0.00466446 0.00342945 0.0070777 0.00856711 -0.00273949 -0.000379776 -0.0016695 -0.00227236 0.0115553 -0.00334412 0.000789488 0.00836238 0.00120111 0.00162504 0.00381646
internal_weight=8340.04 6363.17 2271.18 4091.99 3796.92 1732.93 1526.87 1976.87 1678.39 538.251 1474.22 1322.71 1209.08 1140.89 1243.17 1103.02 837.868 277.269 265.148 204.164 167.801 298.481 1213.62 183.331 638.628 2553.75 81.0596 888.246 560.599 353.026
internal_count=8362 7052 1502 5550 5152 1146 1010 1310 1113 356 973 873 798 753 1818 728 553 183 175 140 116 197 1755 121 423 3334 64 587 370 233
is_linear=0
shrinkage=0.03


Tree=60
num_leaves=31
num_cat=0
split_feature=89 97 14 14 43 96 53 79 94 98 63 97 7 62 55 103 93 105 17 95 84 72 83 13 82 52 84 56 95 77
split_gain=16.9856 11.3796 8.87835 8.47603 11.9149 8.94657 7.83714 7.5802 7.54297 8.10197 7.45369 7.22271 6.58427 6.52647 5.82162 5.56766 6.27066 9.55882 6.21602 5.53184 6.37491 5.48971 6.62409 6.39358 10.2313 5.35876 5.31954 5.27685 5.05982 5.02387
threshold=2.8050000000000006 109.09163269536522 88.250000000000014 56.315000000000005 0.063181818181818422 9.7879999999999558 2.7300000000000004 0.048205294335431317 4.3065920702338758 115.78428401667898 0.48500000000000004 30.295045968976993 10.285000000000002 0.2504486964417012 0.13639473684210526 120.50000000000001 16.825000000000003 118.50000000000001 -0.53604772113315668 22.200000000000003 0.30500000000000688 2.5060000000000291 20.360000000000003 3.4360000000000004 2.5229193765109419 3.9350000000000005 -1.792500000000018 17.693243243243248 21.375000000000004 2.8650000000000007
decision_type=2 10 10 8 2 2 2 2 10 10 2 8 2 2 2 2 10 2 2 8 2 2 10 8 10 2 2 10 10 2
left_child=1 3 6 4 19 8 11 -7 9 12 -6 -2 25 -14 -15 -11 17 18 -17 28 -21 23 29 24 -13 -5 -20 -25 -1 -23
right_child=2 -3 -4 5 10 7 -8 -9 -10 15 -12 21 13 14 -16 16 -18 -19 26 20 -22 22 -24 27 -26 -27 -28 -29 -30 -31
leaf_value=0.00046555443113401019 -0.010767293052802954 0.0050197880601850478 0.0048308664477264727 6.546121688128206e-05 0.0093174746401174409 0.0042354447149066709 -0.017098967825220298 0.019993949779647229 -0.0068663088266257338 0.013484895271016649 -0.0052245890429314379 -0.00050926826661847947 -0.0013146971315057487 0.016349607196856332 0.00063317682671694289 -0.00097351010423949314 0.00046357479101044548 0.017602997001499286 0.014520682675765588 0.0029131380739181988 -0.0079626455256400878 -0.0031370380516443043 -0.0065282406901308087 -0.0022867154285862706 0.012570372278043434 -0.0093073234381524147 0.0042360080026410405 -0.020159421627970818 0.0066335245621565748 0.011915266839040005
leaf_weight=907.9427498281002 98.483569025993347 492.03906217217445 134.46795001626015 2652.6170534193516 33.332900285720825 99.998700857162476 35.605598032474518 37.87829577922821 112.49853846430779 46.969086766242981 656.43086585402489 236.36056566238403 63.256753951311111 63.635536909103394 31.817768454551697 148.48291945457458 465.14547216892242 51.514482259750366 60.605273246765137 75.756591558456421 134.84673297405243 51.514482259750366 421.2066490650177 793.55029657483101 69.696064233779907 56.059877753257751 178.78555607795715 15.151318311691282 137.87699663639069 32.575334370136261
leaf_count=600 65 327 109 3706 22 66 82 25 78 31 434 156 47 42 27 98 307 34 40 50 89 34 278 1312 46 73 118 10 91 26
internal_value=-9.35711e-05 0.00063335 -0.00259829 0.000274557 -0.0013538 0.00105334 -0.00316778 0.0085647 0.000789913 0.00101545 -0.00452184 -0.00287915 0.000219459 0.00615839 0.0111108 0.00341421 0.00289128 0.00546129 0.00384872 0.000385427 -0.00405049 -0.00239963 -0.0049935 -0.00122388 0.00246926 -0.000128522 0.00683972 -0.00262157 0.00127872 0.00269404
internal_weight=8396.1 6507.49 1888.61 6015.45 1946.19 4069.27 1754.14 137.877 3931.39 3818.89 689.764 1718.54 2867.39 158.71 95.4533 951.503 904.534 439.388 387.874 1256.42 210.603 1620.05 505.296 1114.76 306.057 2708.68 239.391 808.702 1045.82 84.0898
internal_count=8423 6305 2118 5978 1286 4692 2009 91 4601 4523 456 1927 3895 116 69 628 597 290 256 830 139 1862 338 1524 202 3779 158 1322 691 60
is_linear=0
shrinkage=0.03


Tree=61
num_leaves=31
num_cat=0
split_feature=97 90 16 14 98 21 78 41 16 42 63 92 42 14 14 15 72 94 14 81 71 57 92 15 100 48 87 87 92 54
split_gain=16.4174 12.6145 8.93978 8.8939 9.44367 9.10642 8.44299 7.26617 6.3505 5.91318 6.61289 5.89355 6.35975 5.67959 5.31222 5.2904 5.10318 4.74071 4.70951 4.70494 6.15734 6.89736 4.64423 5.2712 4.73625 4.6202 4.36123 5.11843 4.30771 4.23092
threshold=82.240695522134487 2.2450000000000006 -0.94123492117109386 59.655000000000008 97.524019792138958 -0.20654573375215193 1.6850000000000003 0.95000000000000007 -0.8679388639169785 -0.19999999999999982 1.6650000000000003 12.396730103806229 0.029999999999999919 91.950000000000017 94.850000000000009 1025.1785000000002 5.8579999999999481 4.4139280396454614 60.750000000000007 20.405000000000005 19.845000000000002 16.690000000000001 11.915833910034605 1025.1350000000002 0.73217289043465794 1.3199999999999934 1.5450000000000002 1.6150000000000004 16.322387543252599 0.15000000000000005
decision_type=10 2 2 8 10 10 2 2 2 2 2 10 2 10 10 10 2 10 10 10 10 10 10 10 2 2 2 2 10 2
left_child=1 3 -2 4 -1 22 11 8 -3 14 16 13 -13 15 26 17 -11 19 -9 20 21 -4 23 -6 -24 -14 -5 -28 29 -7
right_child=2 7 6 9 5 28 -8 18 -10 10 -12 12 25 -15 -16 -17 -18 -19 -20 -21 -22 -23 24 -25 -26 -27 27 -29 -30 -31
leaf_value=-0.0048354207812342006 0.016999730687747402 0.0097169560685899676 0.0063194997248285107 0.0010666108281673166 0.010319877804039824 -5.2503918437612769e-05 -0.0031327649264693961 -0.015482717743235955 -0.004587945495378905 0.00053940663036580565 -0.0023696423407194109 0.0024722288434409238 -0.01061522519857144 -0.0017095015487946707 0.018737640119704038 -0.0010086927902647816 0.016510957163764439 -0.0028442505675535853 -0.001494251312325831 -0.0034620166774037482 0.010946239725388492 -0.0023882035283505233 0.0039091522687687485 0.00053680628106340391 -0.0078343628836562706 0.0023525731417144515 0.016279852178269417 0.0037482374291524694 -0.012570366419080777 -0.0038823679303252312
leaf_weight=723.47544938325882 36.741946905851364 30.302636623382568 525.75074541568756 814.76214221119881 125.75594198703766 634.46145430207253 243.93622481822968 87.498863250017166 356.81354624032974 1852.2486636042595 958.69966617226601 193.93687438964844 77.271723389625549 146.96778762340546 17.424016058444977 133.3316011428833 18.181581974029541 59.090141415596008 28.78750479221344 45.453954935073853 206.05792903900146 96.968437194824219 77.271723389625549 81.817118883132935 51.514482259750366 36.363163948059082 35.9843809902668 158.7100593149662 33.332900285720825 439.38823103904724
leaf_count=479 25 50 347 1149 83 421 161 129 432 2562 1124 128 51 97 16 88 12 42 19 30 136 64 51 54 34 24 44 179 22 290
internal_value=-0.0001816 -0.000881473 0.00235336 -0.000500171 -0.00203796 -0.000635933 0.00204849 -0.00544361 -0.00346819 0.000364044 -0.000343733 0.00287935 -0.000829899 0.0038194 0.00231402 0.00458119 0.000694659 0.00537975 -0.0120198 0.00593561 0.00645102 0.00496356 0.0036871 0.00646378 -0.000788254 -0.00646553 0.00203054 0.00606439 -0.00194926 -0.00161957
internal_weight=8328.3 6526.43 1801.87 6023.03 2167.02 1443.54 1765.13 503.403 387.116 3856.01 2829.13 1521.19 307.572 1213.62 1026.88 1066.65 1870.43 933.321 116.286 874.231 828.777 622.719 336.359 207.573 128.786 113.635 1009.46 194.694 1107.18 1073.85
internal_count=8343 7150 1193 6520 1434 955 1168 630 482 5086 3698 1007 203 804 1388 707 2574 619 148 577 547 411 222 137 85 75 1372 223 733 711
is_linear=0
shrinkage=0.03


Tree=62
num_leaves=31
num_cat=0
split_feature=97 14 43 68 80 94 43 80 13 21 62 24 32 89 26 18 98 78 90 89 84 85 92 21 84 70 63 67 63 63
split_gain=16.3443 11.9332 11.6079 11.6729 8.2474 7.95993 9.77856 8.26072 9.73972 8.28399 9.34653 7.34626 7.55489 8.71608 7.2414 7.10207 6.98769 6.94281 6.97131 5.76066 5.73568 5.68094 5.60498 5.5626 5.21235 5.11604 6.99548 5.82503 5.30949 6.23409
threshold=58.467509210811841 56.455000000000005 0.079272727272727536 11.486986301369864 12.370172413793105 4.5026716372615079 -0.19899999999999965 13.595217241379315 9.6150000000000002 0.65394891699803004 0.10890281189893862 13.899188000000004 12.14214285714286 1.3750000000000004 0.55884143696331889 0.083860457372332803 87.122330144822286 0.90000000000000036 0.9650000000000003 1.2650000000000003 -1.2760000000000102 1.2909310344827587 16.322387543252599 0.90179481294262021 -1.2760000000000102 0.99654811683659539 0.72500000000000009 0.066724751066856255 0.36500000000000005 0.21500000000000002
decision_type=10 10 2 10 10 10 2 10 10 10 2 2 10 2 2 10 8 2 2 2 2 2 10 10 2 8 2 2 2 2
left_child=4 2 22 20 14 6 -3 8 11 21 -11 -8 -13 -14 25 24 -6 23 -19 -12 -4 -10 -2 -9 -7 27 28 -1 29 -27
right_child=1 5 3 -5 16 15 7 17 9 10 19 12 13 -15 -16 -17 -18 18 -20 -21 -22 -23 -24 -25 -26 26 -28 -29 -30 -31
leaf_value=0.00090805908697482211 0.0016457299702264724 0.012081292041631841 0.01221567649094351 -0.0070365019565497809 -0.0080032090840924698 0.011354144315230545 0.014682743508850724 0.0025937630957762513 0.016272550283272614 0.011665800093828345 -0.0060356664748414234 0.00017260831152491525 0.020855757685360021 0.0059329066133411148 -0.016438375769989483 -0.015052875245902752 -0.0021462377667972963 0.016063975463838615 7.9134224459453348e-05 0.00061871534635417487 -0.00069736500044767383 0.0041078245841504862 -0.011145224415228151 -0.0082929789930489446 -0.0019368835279253158 0.010736797595717593 -0.0013804465262008945 0.0099239170447918881 0.0055145013798052747 -0.0089905066218584073
leaf_weight=327.64725849032402 995.82039603590965 109.08949184417725 40.908559441566467 383.32835328578949 256.0572794675827 30.302636623382568 80.301987051963806 60.605273246765137 46.969086766242981 57.57500958442688 153.02831494808197 201.51253354549408 37.87829577922821 503.02376794815063 25.757241129875183 33.332900285720825 645.44616007804871 31.817768454551697 107.57436001300812 498.47837245464325 127.27107381820679 130.68012043833733 31.817768454551697 139.39212846755981 214.76993706822395 19.696713805198669 2737.0856530070305 80.301987051963806 239.76961228251457 53.787180006504059
leaf_count=220 658 72 27 253 169 20 53 40 31 38 101 133 25 332 53 22 426 21 71 329 84 87 21 92 150 49 4172 53 459 124
internal_value=1.39251e-05 0.0013968 -0.000634573 -0.00414558 -0.00125225 0.00271346 0.00332939 0.00286339 0.00371218 0.00153098 7.96056e-05 0.0060631 0.00513077 0.00697792 -0.00059048 -0.00206059 -0.00380981 -0.00141179 0.00372785 -0.000944291 0.00244365 0.00732408 0.0012497 -0.00499397 -0.00029348 -0.000472445 -0.00089442 0.00268277 0.00335229 -0.00370278
internal_weight=8401.03 4015.48 1579.15 551.508 4385.55 2436.33 2157.93 2048.84 1709.45 886.731 709.082 822.717 742.415 540.902 3484.05 278.405 901.503 339.39 139.392 651.507 168.18 177.649 1027.64 199.997 245.073 3458.29 3050.34 407.949 313.254 73.4839
internal_count=8385 2660 1043 364 5725 1617 1425 1353 1129 586 468 543 490 357 5130 192 595 224 92 430 111 118 679 132 170 5077 4804 273 632 173
is_linear=0
shrinkage=0.03


Tree=63
num_leaves=31
num_cat=0
split_feature=97 41 91 14 42 20 70 19 72 63 42 58 7 98 16 42 21 16 80 80 72 72 46 30 83 46 98 55 54 70
split_gain=18.0166 11.855 10.0451 12.3413 10.2216 8.95778 8.15227 8.26833 7.58668 8.5147 7.76836 8.52146 6.75617 7.48573 6.05802 5.91418 5.88493 5.84684 5.64589 5.58767 6.91648 5.34249 5.84898 5.20643 5.06241 7.43364 4.88663 6.07242 4.77061 4.64458
threshold=107.22118796460278 1.9450000000000001 0.033048063297118582 56.585000000000008 0.024999999999999915 -0.12775704858859274 1.8207986121752928 -0.39634669659887273 2.7484999999999791 0.67500000000000016 0.78500000000000025 2.2274739913149122 11.365 87.51798912101475 -0.54960617940095735 -0.82000000000000006 -0.45476784894324823 -0.88417342385248776 11.689692589875277 13.000110344827588 6.448500000000025 6.7175000000000304 0.55524821778887368 1.2000000000000004 22.505000000000006 0.71638017509416396 106.52071932011306 0.028763157894736876 0.53000000000000025 2.360922732538834
decision_type=10 2 2 8 2 8 8 10 2 2 2 10 2 8 2 2 10 2 10 10 2 2 10 2 8 8 10 2 2 10
left_child=1 2 3 8 6 12 7 -4 9 -1 11 26 13 -5 -2 -7 -15 -6 -10 20 -17 22 28 -3 -8 -26 -11 -28 -18 -16
right_child=14 23 4 5 17 15 24 -9 18 10 -12 -13 -14 16 29 19 21 -19 -20 -21 -22 -23 -24 -25 25 -27 27 -29 -30 -31
leaf_value=0.0097898037854524441 0.01021386758505664 -0.0086249597304826672 0.0075603917473285043 -0.00023643389416735933 0.0088078930990283747 0.017117765056003428 -0.0060834232376103595 0.00010951130247944214 -0.0030104259860146416 -0.0037531975319266683 -0.014413674691446535 0.012582618175891494 0.01251038267431818 0.013849765408778974 0.0056879392986051731 0.0001206062939434307 0.0023160559566671865 -0.0048469190719301692 -0.011668346084061232 -0.0065790954247390053 0.017346235751057818 -0.007944772229256233 0.0046642007846463404 -0.030096822891307457 0.02872892423488654 -0.0012860155137440089 0.0024861794150967979 -0.0030906460679208615 -0.013269049342030336 -0.0009102935774853839
leaf_weight=65.529451698064804 155.67979565262794 32.575334370136261 166.66450142860413 536.35666823387146 29.166287750005722 18.181581974029541 265.14807045459747 684.83958768844604 192.80052551627159 462.49399146437645 39.393427610397339 40.908559441566467 65.150668740272522 53.029614090919495 262.11780679225922 1908.3085413575172 42.423691272735596 871.9583688378334 104.54409635066986 112.1197555065155 21.211845636367798 34.848032116889954 907.9427498281002 14.772535353899 7.5756591558456412 376.51026004552841 427.26717638969421 298.4809707403183 30.302636623382568 151.51318311691284
leaf_count=44 105 65 110 354 44 27 175 452 128 306 26 27 43 35 173 3154 28 880 69 74 14 23 609 27 5 781 282 197 20 100
internal_value=1.72088e-05 -0.000358348 -0.00026707 0.000455231 -0.00187935 0.00140715 -0.000362834 0.00156787 -0.00172113 -0.000755291 -0.00130002 -0.000879738 0.00303992 0.00265547 0.00516955 8.33476e-05 0.00410706 -0.00440496 -0.00605448 -6.83504e-05 0.000309973 0.0035983 0.00400848 -0.0153242 -0.00289505 -0.000694005 -0.00134322 0.000192579 -0.00417774 0.003271
internal_weight=8379.82 7810.5 7763.16 5361.29 2401.86 3729.88 1500.74 851.504 1631.42 1334.07 1268.54 1229.15 1670.05 1604.9 569.311 2059.82 1068.55 901.125 297.345 2041.64 1929.52 1015.52 980.669 47.3479 649.234 384.086 1188.24 725.748 72.7263 413.631
internal_count=8377 7999 7907 5460 2447 4381 1523 562 1079 882 838 812 1112 1069 378 3269 715 924 197 3242 3168 680 657 92 961 786 785 479 48 273
is_linear=0
shrinkage=0.03


Tree=64
num_leaves=31
num_cat=0
split_feature=90 45 44 16 61 75 21 63 7 8 76 33 92 90 53 48 12 61 33 2 42 94 67 105 106 92 64 3 92 75
split_gain=14.1433 13.4302 12.6436 13.8233 10.6979 14.1676 10.1633 9.44942 9.83878 9.56357 11.1781 9.7758 8.58774 7.64153 7.58466 7.31392 7.18626 6.87057 6.66284 9.70441 9.87459 7.54554 7.97716 11.1832 11.4554 8.56367 7.16753 6.88692 6.39158 6.11913
threshold=1.5750000000000004 17.275000000000002 7.2071578947368433 -0.94909439586795796 1.5458108108108111 0.72500000000000009 -0.29737483331428188 0.67500000000000016 9.4450000000000021 2.9950000000000006 1.9550000000000003 10.925000000000002 12.396730103806229 1.0750000000000004 2.6450000000000005 -1.2860000000000011 322.44500000000005 1.8821621621621623 12.285000000000002 1.0000000180025095e-35 -0.82000000000000006 4.5945451783381079 -0.0087660028449502315 129.50000000000003 59.500000000000007 14.511590914552098 2.2850000000000006 2.2550000000000003 5.5032871972318347 0.89500000000000013
decision_type=2 10 8 2 2 2 8 2 2 2 2 10 10 2 2 2 10 2 8 2 2 10 2 2 2 10 2 2 8 2
left_child=1 7 -2 -4 5 -3 12 -1 9 10 28 -12 -5 -6 16 -13 17 -8 27 21 -21 22 -20 -24 -25 -26 -22 -11 -9 -10
right_child=2 4 3 6 13 -7 14 8 29 18 11 15 -14 -15 -16 -17 -18 -19 19 20 26 -23 23 24 25 -27 -28 -29 -30 -31
leaf_value=0.0047661872434839889 -0.023143198363766111 0.0040320138919035572 0.015515495849399289 0.0084027963137039315 0.0061992015372572661 0.029155244259750926 0.0031923605267325256 0.019140802581866425 0.01466710626174101 -0.002050878887854251 0.00045428670711474293 0.013768279770656193 -0.0054791336569875188 -0.001865870256634468 -0.020815896185909198 0.0040160592995247355 -0.0068400026405452423 -0.0028531688607600176 -0.0017389219341130122 0.01903229437202816 0.00091124266718537448 -0.0070474563180437525 0.00048731994756405082 0.022475939147055399 0.0070392261215086842 -0.0094499720093292328 -0.0078518122004948357 -0.0080366917286031382 -0.0025119824736809164 0.0032051720477751706
leaf_weight=397.34332272410393 25.757241129875183 45.453954935073853 39.772210568189621 132.19525226950645 309.46567651629448 36.363163948059082 202.64888241887093 12.499837607145308 57.57500958442688 740.14189952611923 967.79045715928078 77.271723389625549 57.57500958442688 160.60397410392761 21.59062859416008 663.62774205207825 330.29873919487 1024.6079008281231 537.11423414945602 15.530101269483565 117.80149987339973 107.19557705521584 633.32510542869568 39.393427610397339 259.84510904550552 31.817768454551697 292.79922637343407 225.75464284420013 665.52165684103966 154.16466382145882
leaf_count=533 17 33 75 106 205 24 295 9 44 490 1196 51 38 106 54 438 218 1178 608 20 206 76 568 32 296 21 491 149 659 125
internal_value=5.56717e-05 0.00070788 -0.00227251 -0.00197529 0.00518625 0.0151979 -0.00236855 0.000295715 -2.15305e-05 -0.000270841 0.00114643 0.00243972 0.00419111 0.00344369 -0.00315685 0.00503316 -0.00291206 -0.00185491 -0.00139811 -0.000424152 -0.00444954 0.000642144 0.00119112 0.00282302 0.00729131 0.0052404 -0.00533769 -0.00344992 -0.0021128 0.00632183
internal_weight=8382.85 6548.4 1834.45 1808.69 551.887 81.8171 1768.92 5996.51 5599.17 5387.43 2386.71 1708.69 189.77 470.07 1579.15 740.899 1557.56 1227.26 3000.72 2034.82 426.131 1608.69 1501.5 964.381 331.056 291.663 410.601 965.897 678.021 211.74
internal_count=8361 6380 1981 1964 368 57 1889 6012 5479 5310 2353 1685 144 311 1745 489 1691 1473 2957 2318 717 1601 1525 917 349 317 697 639 668 169
is_linear=0
shrinkage=0.03


Tree=65
num_leaves=31
num_cat=0
split_feature=97 89 98 78 53 92 34 90 14 62 42 97 42 32 93 89 16 105 32 16 13 78 61 61 72 77 21 75 92 21
split_gain=13.3692 9.16197 6.70628 6.62721 9.09784 7.22141 6.29016 7.80779 5.76267 5.75406 5.37056 5.31906 6.04029 6.2861 5.86122 7.06426 5.692 5.60134 5.34357 5.1839 5.15687 4.98708 4.61246 6.11918 5.09534 5.43686 4.58452 4.47161 4.66187 4.1906
threshold=67.466858798444974 3.1950000000000007 47.529130829982577 1.6850000000000003 1.3450000000000004 16.052595155709344 1.6717376116953295 0.76000000000000023 59.655000000000008 0.34502817916392459 0.2900000000000002 116.73944272363846 -0.26999999999999985 17.394285714285719 14.620000000000003 1.2750000000000001 -0.598674154253094 62.500000000000007 15.725000000000001 -0.85227513186527171 -1.2734999999999996 0.67500000000000004 2.4660285285285295 2.1377027027027036 0.20249999999998639 1.2050000000000005 0.23030446396483381 0.18500000000000003 8.6282145328719739 -0.40912689666408675
decision_type=10 2 8 2 2 10 10 2 8 2 2 10 2 8 10 2 2 2 10 2 10 2 2 2 2 2 10 2 10 10
left_child=1 6 -3 4 5 11 8 -8 10 -4 22 12 29 14 15 -14 17 -13 20 -5 -16 -17 23 24 25 -1 -21 -28 -29 -2
right_child=3 2 9 19 -6 -7 7 -9 -10 -11 -12 16 13 -15 18 21 -18 -19 -20 26 -22 -23 -24 -25 -26 -27 27 28 -30 -31
leaf_value=-0.0020305293401876724 0.015233695540355441 -0.017611995503508872 0.0007796850078023174 0.011236988730076766 0.0091008037443100747 -0.0086964736455252892 0.01223074476650339 -0.00046610418771617139 5.5935368743737285e-05 -0.0053187014379696782 -0.0060529424069383298 0.020315687557494244 -0.0011248545895432684 -0.010653711547432476 -0.010956306757911798 0.012307350301932004 0.0033011446193709675 0.003588256333848865 0.0051535431105088512 0.0029080959377839524 -0.00046195880983447069 0.0034048006878320985 -0.0046399409031150354 0.0039337439764532316 -0.0035529508447600128 0.0079244727854939599 0.0068980210559974929 -0.01134580454057642 -0.003044812882992839 0.0036834312257044452
leaf_weight=116.66515100002289 30.302636623382568 31.817768454551697 197.72470396757126 25.757241129875183 157.57371044158936 59.090141415596008 77.271723389625549 99.998700857162476 2994.6580643057823 470.82721653580666 271.58738073706627 40.908559441566467 140.90726029872894 43.938823103904724 43.938823103904724 103.02896451950073 222.72437918186188 32.196551412343979 149.99805128574371 102.27139860391617 1030.6684281527996 125.75594198703766 291.66287750005722 228.78490650653839 448.47902202606201 85.604948461055756 28.78750479221344 86.36251437664032 206.43671199679375 421.58543202280998
leaf_count=77 20 21 291 17 107 39 51 66 4318 619 180 27 93 29 29 68 147 22 99 69 681 83 194 151 296 58 19 57 137 279
internal_value=-4.95935e-05 -0.000958325 -0.00415552 0.00153285 0.00211387 0.00166359 -0.00047309 0.00506842 -0.000694466 -0.0035151 -0.00225201 0.00192017 0.00138727 0.000540254 0.00084876 0.00415937 0.00568524 0.0129487 -0.000150671 -0.00183043 -0.000891054 0.0074139 -0.00137061 -0.000286471 -0.00177018 0.00218264 -0.00262451 -0.004384 -0.00549323 0.00445797
internal_weight=8367.32 5315.08 700.37 3052.23 2602.62 2445.04 4614.71 177.27 4437.44 668.552 1442.78 2385.95 2090.12 1638.24 1594.3 369.692 295.829 73.1051 1224.61 449.615 1074.61 228.785 1171.2 879.534 650.749 202.27 423.858 321.587 292.799 451.888
internal_count=8344 6322 931 2022 1723 1616 5391 117 5274 910 956 1577 1381 1082 1053 244 196 49 809 299 710 151 776 582 431 135 282 213 194 299
is_linear=0
shrinkage=0.03


Tree=66
num_leaves=31
num_cat=0
split_feature=90 16 97 21 92 20 16 56 13 87 23 86 77 13 46 30 81 69 23 94 84 14 91 90 72 72 65 46 53 97
split_gain=15.4419 11.1445 10.8922 11.3433 9.40798 9.5834 10.5384 10.5941 10.5307 12.2116 8.21092 7.56332 7.83978 11.2677 7.18152 7.76667 6.88067 6.39474 6.04703 5.78653 5.73624 5.58428 5.83051 6.73731 5.34971 7.36183 5.19927 4.95435 4.91666 4.80983
threshold=2.225000000000001 -0.83762334005808936 43.986876859061837 -0.54500492015115343 11.692415224913498 -0.401548203699786 -0.5077639176183536 10.92183783783784 -2.3869999999999991 1.0650000000000002 1.6279743308204742 0.66852247436970835 2.3850000000000007 -1.2734999999999996 2.5561559448873221 0.39499999999999996 11.970000000000002 13.525 1.6027965564433091 3.7865505744104513 -0.976500000000044 49.650000000000006 0.0032009329239489864 -0.91499999999999981 7.0475000000000145 1.5804999999999725 1.0950000000000006 1.3058269082551044 0.37000000000000005 73.527547241417864
decision_type=2 2 8 8 8 10 2 10 10 2 2 2 2 8 8 2 10 10 2 10 2 8 2 2 2 2 2 10 2 10
left_child=2 -2 14 27 5 6 7 -5 -7 16 -3 12 13 -6 15 17 -10 18 -1 28 -16 26 23 -23 25 -25 -15 -4 -8 -18
right_child=1 10 3 4 11 8 19 -9 9 -11 -12 -13 -14 21 20 -17 29 -19 -20 -21 -22 22 -24 24 -26 -27 -28 -29 -30 -31
leaf_value=0.0084961131509484929 0.0084571054227213938 -0.0048932662002490459 0.0041482494094932853 -0.0021501824341300497 -0.01368104508315366 0.017558197016736034 -0.0012468853588047542 0.01339504356386755 0.0066780333272490099 0.0058679763272143281 -0.022726527693195466 -0.0026634961857910358 0.008512016747776862 0.00081138747194956721 0.019568057792503937 -0.013581303651890052 -0.0035984909163397374 -0.0040224111369677983 -0.0008223375936286351 -0.0014613677929009275 0.00029519655240447596 -0.0029207654009228202 -0.00030725918722758038 0.0034804038935303855 -0.010300594338616713 0.011947023861191841 -0.0070878759565934386 0.016065173464150474 0.0045833327063496149 -3.6217625092120774e-05
leaf_weight=70.074847191572189 55.302311837673187 560.21999457478523 65.150668740272522 51.514482259750366 51.514482259750366 31.817768454551697 154.5434467792511 168.55841621756554 100.37748381495476 283.32965242862701 24.242109298706055 944.68469673395157 106.81679409742355 148.48291945457458 24.242109298706055 53.408397048711777 565.1441730260849 651.50668740272522 593.55289486050606 248.48162031173706 32.575334370136261 118.5590657889843 847.33747658133507 360.98015877604485 19.696713805198669 124.24081015586853 151.51318311691284 60.605273246765137 825.74684798717499 860.59488010406494
leaf_count=47 77 618 43 34 34 21 102 124 67 187 46 1381 144 98 16 36 373 430 397 164 29 199 1703 671 13 82 100 40 545 568
internal_value=6.38284e-05 -0.00441498 0.00043523 0.000971837 0.000789862 0.00188524 0.0037105 0.00975623 0.000448998 0.000148145 -0.00563295 -0.000464189 0.000612794 0.000149776 -0.00193266 -0.00236655 -0.000913764 -0.00191111 0.000161631 0.00262771 0.00851828 0.000552127 0.00131297 0.00351496 0.00502612 0.00564828 -0.00317814 0.00989135 0.00366419 -0.00144826
internal_weight=8354.82 639.764 7715.05 6289.69 6163.94 3290.11 1448.84 220.073 1841.26 1809.45 584.462 2873.83 1929.14 1822.32 1425.36 1368.54 1526.12 1315.13 663.628 1228.77 56.8174 1770.81 1470.81 623.477 504.918 485.221 299.996 125.756 980.29 1425.74
internal_count=8389 741 7648 6693 6610 2185 969 158 1216 1195 664 4425 3044 2900 955 910 1008 874 444 811 45 2866 2668 965 766 753 198 83 647 941
is_linear=0
shrinkage=0.03


Tree=67
num_leaves=31
num_cat=0
split_feature=98 14 53 98 2 88 46 84 63 73 100 81 82 78 53 15 19 92 100 20 42 35 52 91 42 33 89 53 83 96
split_gain=15.0955 9.2018 9.97713 8.78791 7.93706 10.0788 7.68154 7.27293 7.12523 6.80682 6.5782 7.00445 7.53124 6.37145 7.04818 5.78757 5.71365 5.3946 6.20979 7.12879 5.57233 5.39179 5.33245 7.12125 5.31552 5.28588 7.3289 5.24241 5.11814 4.99212
threshold=133.9322060111497 73.300000000000026 2.6450000000000005 105.01057459689044 1.0000000180025095e-35 2.3850000000000002 2.4634772332483874 -11.259500000000001 2.0350000000000006 1.5552054794520551 0.6822065281730445 11.990000000000002 0.83426846470255045 1.6850000000000003 1.3050000000000004 1028.0125 -0.97629452013645757 11.692415224913498 0.62045323986332246 -0.75373539516206822 0.15000000000000005 16.650000000000002 2.0750000000000006 0.0065449338686820934 0.30000000000000021 12.315000000000003 2.1350000000000007 1.5550000000000004 12.745000000000003 -1.1829999999999357
decision_type=10 10 2 8 2 2 10 2 2 2 2 8 10 2 2 10 10 10 2 10 2 10 2 2 2 10 2 2 10 2
left_child=1 2 3 8 -5 22 7 -2 24 -8 -3 12 -12 14 17 -10 -13 18 -9 29 -19 -7 23 -6 -1 -18 -27 -24 -14 -20
right_child=6 10 -4 4 5 21 9 13 15 -11 11 16 28 -15 -16 -17 25 20 19 -21 -22 -23 27 -25 -26 26 -28 -29 -30 -31
leaf_value=-0.00082597214133719619 0.018748155003360779 0.004735935539804172 -0.016443906424130024 0.00090227949946790949 0.0083862301110134083 -0.0030245181171266733 0.02005381631576077 0.0090107992332881647 -0.0072614065242884709 0.0043247052995647245 0.020152183185210649 -0.0078386908015516503 0.00026944127175971069 -0.0026127252869911463 0.0084232120432240279 0.0050059254418542568 -0.0025717922637200799 0.0011373233003754521 0.013651291632385504 0.000578792051783302 -0.0059101538288969576 -0.010200808575224455 0.012861405980841905 -0.0050890721775838253 -0.0056831048694973973 0.0061145589672220706 -0.0015551648161859985 -0.013555329909754225 0.0093773210391792493 0.0036223594018119703
leaf_weight=1033.6986918151379 22.726977467536926 378.7829577922821 39.014644652605057 1942.3990075588226 56.817443668842316 636.35536909103394 39.393427610397339 135.22551593184471 401.50993525981903 66.66580057144165 24.620892256498337 98.483569025993347 197.34592100977898 268.17833411693573 156.81614452600479 37.87829577922821 437.11553329229355 377.26782596111298 68.180932402610779 653.02181923389435 137.87699663639069 110.60462367534637 62.877970993518829 93.180607616901398 252.26944988965988 212.11845636367798 237.87569749355316 7.5756591558456412 77.271723389625549 129.54377156496048
leaf_count=686 15 253 91 2671 126 1392 26 90 265 44 17 83 134 177 105 25 290 249 45 431 91 73 157 246 168 140 157 14 51 87
internal_value=6.99459e-05 -0.000654524 -0.00133649 -0.00120933 -0.000203466 -0.00242362 0.00230438 0.00187649 -0.00290571 0.0101669 0.00126156 0.000237278 0.00425727 0.00167741 0.00237136 -0.00620388 -0.000983243 0.00173915 0.0030391 0.0020899 -0.000748913 -0.00408713 0.0032129 1.5209e-05 -0.0017788 -0.000222177 0.00206019 0.0100209 0.00283221 0.00708061
internal_weight=8392.69 6337.8 4674.18 4635.17 2909.81 967.412 2054.9 1948.84 1725.36 106.059 1663.61 1284.83 299.239 1926.11 1657.93 439.388 985.593 1501.12 985.972 850.747 515.145 746.96 220.452 149.998 1285.97 887.11 449.994 70.4536 274.618 197.725
internal_count=8399 7039 5914 5823 4679 2008 1360 1290 1144 70 1125 872 202 1275 1098 290 670 993 653 563 340 1465 543 372 854 587 297 171 185 132
is_linear=0
shrinkage=0.03


Tree=68
num_leaves=31
num_cat=0
split_feature=98 68 15 42 43 63 86 42 84 21 82 41 16 2 19 76 80 21 71 84 97 87 9 84 92 92 91 47 63 15
split_gain=14.0964 11.1648 9.15943 10.7844 8.97009 8.81868 6.82939 6.97023 6.55849 5.90252 5.66109 6.28149 5.43733 6.25646 5.07363 6.98932 7.55624 6.84609 5.94886 5.46364 5.06438 5.84834 4.95438 4.92728 4.77265 5.1383 4.65274 8.70281 4.52566 4.51207
threshold=116.13117714387583 11.547280821917811 1020.4225000000001 0.38999999999999985 0.052181818181818863 2.0150000000000001 0.5991892670123905 0.8550000000000002 5.5440000000000405 -0.16513367425889061 4.2600226764289602 0.76500000000000001 -0.88417342385248776 1.0000000180025095e-35 0.25898762307500595 2.1950000000000007 10.983604885057472 0.94543330605441289 13.710000000000003 -1.8490000000000462 132.13274484187238 1.0650000000000002 245.36500000000004 0.92250000000001375 14.599605536332183 13.434897923875434 0.0083861674241505462 21.380000000000003 1.7750000000000001 1027.1825000000001
decision_type=10 10 10 2 2 2 2 2 2 10 10 2 2 2 10 2 10 10 8 2 10 2 2 2 10 10 2 10 2 10
left_child=2 9 6 5 8 28 14 -8 10 -2 11 -3 -6 26 17 18 23 -1 19 -16 21 -11 -9 -17 25 -10 27 -14 -4 -7
right_child=1 4 3 -5 12 29 7 22 24 20 -12 -13 13 -15 15 16 -18 -19 -20 -21 -22 -23 -24 -25 -26 -27 -28 -29 -30 -31
leaf_value=0.00080794046475348347 0.010354851498914863 0.0026595113301873278 -0.0012826027105242988 -0.0085960439877769395 0.0097755677495395977 -0.0072629277237146175 -0.0013645677124070926 -0.023486871110436531 -0.0028447628601103608 0.0013237572743683558 -0.0029675430118832015 0.0093063748661670609 -0.00032193470502889666 -0.0073488243334599579 -0.0052126839500991852 0.0058846817888073832 0.0013409340278086146 -0.0048899104887952707 -0.0069774686230087294 0.0047950946204664479 0.010742095140114472 0.0084241220000453761 -0.0049982314108018592 0.016124981694614116 -0.012223237573198166 0.008905220606338516 -0.0027012572459085417 0.014750357488567721 0.0038812172923983891 0.00060688990709776582
leaf_weight=1258.6957687437534 127.27107381820679 925.74554884433746 740.8994654417038 249.99675214290619 34.848032116889954 307.57176172733307 1270.4380404353142 21.59062859416008 184.84608340263367 581.05305725336075 133.71038410067558 148.48291945457458 184.0885174870491 177.27042424678802 65.150668740272522 91.286692827939987 146.96778762340546 223.48194509744644 80.680770009756088 199.23983579874039 76.135374516248703 127.27107381820679 32.954117327928543 78.786855220794678 37.87829577922821 40.908559441566467 488.25123259425163 42.423691272735596 192.42174255847931 83.332250714302063
leaf_count=2426 84 611 489 165 23 203 1992 48 122 388 89 98 123 117 43 61 97 152 54 133 51 84 66 52 25 27 323 28 127 55
internal_value=1.50413e-05 0.00153621 -0.00098334 -0.00288125 0.000461996 -0.00180237 -0.000122142 -0.00181543 0.00191804 0.00436209 0.00285369 0.00357826 -0.00184971 -0.00230386 0.000924159 0.00310751 0.00632316 -5.11784e-05 0.00015306 0.00232899 0.00338982 0.00259954 -0.0123167 0.0106285 -0.00236897 -0.000715571 -0.00105264 0.00250097 -0.000217984 -0.00558525
internal_weight=8353.68 3310.18 5043.5 1574.22 2398.45 1324.23 3469.27 1324.98 1471.57 911.731 1207.94 1074.23 926.882 892.034 2144.29 662.113 317.041 1482.18 345.071 264.391 784.46 708.324 54.5447 170.074 263.633 225.755 714.763 226.512 933.321 390.904
internal_count=8356 2193 6163 1039 1586 874 5124 2106 972 607 798 709 614 591 3018 440 210 2578 230 176 523 472 114 113 174 149 474 151 616 258
is_linear=0
shrinkage=0.03


Tree=69
num_leaves=31
num_cat=0
split_feature=90 98 68 14 94 90 19 96 57 93 53 54 21 7 105 78 15 91 76 84 95 71 60 35 44 16 7 67 70 54
split_gain=12.0789 9.43189 10.2658 8.60965 7.78359 7.67642 7.35445 8.49684 7.24506 7.95704 7.01547 6.99141 6.7184 6.08438 5.90744 5.80737 5.78322 5.69891 5.57842 5.48369 5.45625 10.5901 5.56216 5.38888 4.52429 4.43183 4.38909 4.35584 4.20262 4.04425
threshold=2.1850000000000009 114.26692327648864 11.547280821917811 59.655000000000008 2.2141240813793819 0.70500000000000029 0.66333868616842395 -8.482000000000026 18.155000000000005 16.630000000000006 2.7300000000000004 0.41000000000000009 -0.38026341273320496 7.785000000000001 56.500000000000007 0.88000000000000034 1001.5855000000001 0.036890883325460554 4.3950000000000005 -6.16949999999997 12.890000000000002 12.745000000000003 -3.984500000000025 16.955000000000002 12.814473684210528 -0.78865499255539617 6.0550000000000006 0.13198079658605991 1.0146881796384231 -0.27999999999999986
decision_type=2 10 10 8 10 2 10 2 10 10 2 2 10 2 2 2 10 2 2 2 8 8 2 10 10 2 2 2 10 2
left_child=1 3 12 27 11 8 7 -2 9 14 -9 -4 -3 24 -6 -10 -7 18 19 -5 21 -21 -22 29 26 -18 -11 28 -1 -24
right_child=6 2 4 17 5 16 -8 10 15 13 -12 -13 -14 -15 -16 -17 25 -19 -20 20 22 -23 23 -25 -26 -27 -28 -29 -30 -31
leaf_value=0.0023744392514361899 0.0083730491300142203 0.016473813314256985 -0.0010051688783818903 -0.0067058989063405157 0.0034082346546564445 -0.0082835763911966731 -0.0090372237702215329 -0.0026034755396148507 0.0038857299328672562 -0.0059661412148074317 -0.020892982712840378 -0.010288865234920069 0.0037975105932926759 0.01279769510108973 0.016694190034086096 0.015460640356715729 0.011485644820943613 -0.0024329442884938506 -0.0088096080157526839 0.0018753997449333926 0.022662289705094686 0.019743317852828454 0.0031304030470473919 0.011296920183750524 -0.0039339568259349703 0.0001221953624325835 0.006789093098741518 0.0086930505142980875 -0.0033721778172956032 5.1510022216155815e-05
leaf_weight=126.89229086041451 62.877970993518829 39.393427610397339 295.45070707798004 78.786855220794678 75.756591558456421 72.726327896118164 177.27042424678802 452.64563456177711 78.786855220794678 33.332900285720825 19.696713805198669 96.968437194824219 840.14060038328171 30.302636623382568 49.999350428581238 77.271723389625549 31.817768454551697 560.9775604903698 52.27204817533493 105.30166226625443 10.605922818183897 41.666125357151031 484.84218597412109 43.938823103904724 208.70940974354744 1058.3195840716362 89.392778038978577 30.302636623382568 1176.1210839450359 1845.4305703639984
leaf_count=86 43 26 195 52 50 48 117 604 52 22 46 64 559 20 33 51 21 872 87 74 7 29 698 32 140 700 59 20 777 2793
internal_value=-5.43323e-06 0.000343156 0.00162604 -0.000523439 0.000530349 0.00136227 -0.00374114 -0.00198702 0.00399111 0.00219013 -0.00336615 -0.00329921 0.00436527 -6.97268e-05 0.0086906 0.009617 -9.25859e-05 0.00031515 0.000894087 0.00108839 0.00133094 0.00694105 0.000985206 0.000888372 -0.00124618 0.00045386 0.00332471 -0.00255106 -0.00281255 0.000692112
internal_weight=8348 7635.51 3078.37 4557.14 2198.84 1806.42 712.491 535.22 643.552 487.494 472.342 392.419 879.534 361.738 125.756 156.059 1162.86 3223.82 2662.84 2610.57 2531.79 146.968 2384.82 2374.21 331.435 1090.14 122.726 1333.32 1303.01 2330.27
internal_count=8377 7567 2040 5527 1455 1196 810 693 427 324 650 259 585 241 83 103 769 4644 3772 3685 3633 103 3530 3523 221 721 81 883 863 3491
is_linear=0
shrinkage=0.03


Tree=70
num_leaves=31
num_cat=0
split_feature=98 14 68 42 89 42 84 14 18 106 55 84 2 61 103 61 72 77 20 72 13 77 63 49 65 63 106 61 86 89
split_gain=10.5254 10.8509 9.57963 9.14042 7.72199 6.81908 6.55851 6.39948 5.8328 10.3293 5.70435 5.44513 5.26893 5.21499 6.702 6.05317 5.11212 6.0436 4.91097 8.28779 5.56045 6.43027 4.87768 4.91588 4.85328 4.72403 5.39748 4.445 4.40551 4.33922
threshold=109.94449350758173 72.00500000000001 11.735547945205482 0.024999999999999915 3.9650000000000003 0.18499999999999986 5.319499999999949 56.455000000000005 -0.60931513644865742 60.500000000000007 0.047842105263157929 -5.8350000000000355 1.0000000180025095e-35 1.6123273273273275 143.50000000000003 3.2839189189189195 5.3849999999999918 2.4250000000000007 -0.46267720726775868 -1.9879999999999993 13.105000000000002 1.1850000000000001 2.0350000000000006 2.6571052631578955 1.8150000000000006 0.7350000000000001 31.500000000000004 3.8160810810810815 0.44025220454710418 3.3850000000000007
decision_type=10 8 10 2 2 2 2 10 10 2 2 2 2 2 2 2 2 2 10 2 10 2 2 2 2 2 2 2 2 2
left_child=1 5 18 6 11 22 16 10 9 -9 -5 -3 -13 14 -14 -15 17 -4 19 28 21 25 23 -1 -10 -20 -27 -17 -2 -7
right_child=2 4 3 7 -6 29 -8 8 24 -11 -12 12 13 15 -16 27 -18 -19 20 -21 -22 -23 -24 -25 -26 26 -28 -29 -30 -31
leaf_value=-0.0007530276130722931 0.0088061111998928854 -0.0062944015618664421 0.0023838049440906618 0.00014643070894399129 -0.010160660913073258 -0.0045626689455417384 -0.0022157865630266444 0.0093914452297797213 -0.00055934720809098582 -0.0021120423257477128 -0.0064749263169087612 0.0016865166145208011 -0.0107999452716845 -0.0042911747917205373 0.0040271795399093972 0.014147967811554066 -0.0078004705310870384 0.0086028783189142869 0.018146728915633823 0.0041090674092919147 -0.0025918028682554166 0.0008495304773566396 -0.0042726883557733355 0.0095138857843029504 -0.0088359189696740822 0.00037892691645857599 0.011856769892666685 -0.011261666355172152 0.023782978426097497 -0.014855226307730895
leaf_weight=937.86660349369049 42.423691272735596 99.998700857162476 839.38303446769714 178.78555607795715 61.741622120141983 574.23496401309967 271.20859777927399 138.63456255197525 392.41914427280426 142.42239212989807 339.38953018188477 1838.6124771237373 31.438985496759415 418.55516836047173 215.52750298380852 28.029938876628876 37.87829577922821 168.93719917535782 33.332900285720825 437.11553329229355 189.39147889614105 313.63228905200958 386.35861694812775 43.938823103904724 76.135374516248703 80.301987051963806 68.180932402610779 7.9544421136379233 30.302636623382568 39.393427610397339
leaf_count=619 28 66 554 118 142 382 179 93 259 94 224 2562 83 1090 566 74 25 113 22 293 125 207 255 32 51 53 45 21 20 26
internal_value=4.06849e-05 -0.000909726 0.00121834 0.000191658 0.000326962 -0.00259575 0.00194159 -0.00162676 0.000145345 0.00356218 -0.00419036 0.000572225 0.000842548 -0.00136945 0.00213968 -0.00327608 0.00301932 0.00342577 0.00344 0.00566923 0.00178041 0.00345174 -0.00141723 -0.000293552 -0.00190421 0.00794055 0.00564937 0.0085311 0.0150465 -0.00522343
internal_weight=8463.53 4683.65 3779.88 2585.19 2701.86 1981.79 1317.41 1267.79 749.611 281.057 518.175 2640.12 2540.12 701.506 246.966 454.54 1046.2 1008.32 1194.68 509.842 684.84 495.448 1368.16 981.805 468.555 181.816 148.483 35.9844 72.7263 613.628
internal_count=8421 5918 2503 1710 4604 1314 871 839 497 187 342 4462 4396 1834 649 1185 692 667 793 341 452 327 906 651 310 120 98 95 48 408
is_linear=0
shrinkage=0.03


Tree=71
num_leaves=31
num_cat=0
split_feature=97 30 92 15 13 56 21 85 88 19 74 69 98 96 30 14 57 14 54 87 95 93 38 24 31 46 2 63 53 103
split_gain=12.1491 7.32287 7.30028 6.99556 8.0324 15.705 9.90573 9.002 9.6128 6.88593 6.84988 6.49714 7.27651 6.81411 5.89387 5.99199 5.8151 5.68712 5.51975 5.3496 5.28605 5.88462 5.87607 5.1848 5.1496 5.12778 4.85816 5.44273 6.5024 5.31054
threshold=67.466858798444974 1.2000000000000004 12.450692041522492 1024.9275000000002 1.3655000000000002 14.774945945945948 0.60355593965540077 1.6456206896551726 2.7550000000000003 0.77731068755604327 0.27960537084165055 13.195000000000002 105.01057459689044 -10.562499999999998 0.40999999999999986 57.805000000000007 16.785000000000004 64.440000000000012 -0.23000000000000007 0.92500000000000016 20.360000000000003 18.155000000000005 0.20710168705161619 23.343820000000004 -0.24599999999999997 2.1573264442551747 1.0000000180025095e-35 0.80500000000000016 2.6450000000000005 141.50000000000003
decision_type=10 2 10 10 10 10 10 2 2 10 2 10 10 2 2 10 8 10 2 2 10 10 2 2 2 10 2 2 2 2
left_child=1 11 3 4 5 17 19 16 10 -7 -9 13 14 -1 15 -13 -8 -2 -14 20 21 22 -6 -5 -4 -20 -15 28 29 -28
right_child=2 -3 24 23 6 9 7 8 -10 -11 -12 12 18 26 -16 -17 -18 -19 25 -21 -22 -23 -24 -25 -26 -27 27 -29 -30 -31
leaf_value=0.020294277913022872 0.012133440395818668 -0.020080682168606517 0.0038936289742188012 0.0018064453278209211 0.010821206718573761 0.0078847676816710156 0.00063346496581390165 0.0058353384230199375 0.0025261311191189886 -0.0062054700964778893 0.024895580736955931 -0.0050762703230148171 0.0027565457956588626 0.00093149385421796528 -0.011891111678303116 -0.0011089698556123178 -0.004776684438384575 0.027631005797029942 -0.0023806036209280128 0.0006939850285399414 0.00059561104633538791 0.018556970669774665 0.0014221330069941621 -0.0055989527408364503 -0.0026049032606566087 0.0064296003643673216 -0.014595169905388469 -0.0033497523268574986 -0.011422189010163907 0.0063663707186835212
leaf_weight=15.151318311691282 59.090141415596008 17.802799016237259 137.87699663639069 177.27042424678802 167.42206734418869 68.180932402610779 669.68826937675476 36.363163948059082 392.41914427280426 57.57500958442688 31.817768454551697 612.49204275012016 400.37358638644218 1893.157223045826 68.180932402610779 777.64141234755516 243.93622481822968 33.332900285720825 680.29419219493866 139.39212846755981 78.786855220794678 51.514482259750366 93.180607616901398 163.63423776626587 537.87180006504059 65.150668740272522 11.742271691560743 574.61374697089195 25.757241129875183 147.72535353899002
leaf_count=10 39 35 91 117 115 45 442 24 259 38 21 405 265 2643 45 514 161 22 452 92 52 34 66 108 355 43 31 1445 68 378
internal_value=4.84234e-06 -0.000872527 0.00148329 0.00224095 0.0028816 0.00833398 0.00225698 0.000912975 0.00433264 0.00143382 0.0147301 -0.000807667 -0.00187367 0.000232755 -0.00327934 -0.00285696 -0.000811036 0.0177227 -8.46294e-05 0.00573989 0.0075392 0.00929195 0.00746049 -0.00174815 -0.00127897 -0.00161061 0.000118184 -0.0019082 0.00256386 0.00482288
internal_weight=8429.44 5290.08 3139.35 2463.6 2122.7 218.179 1904.52 1374.22 460.6 125.756 68.1809 5272.28 2604.13 2668.15 1458.31 1390.13 913.624 92.423 1145.82 530.296 390.904 312.117 260.603 340.905 675.749 745.445 2653 759.839 185.225 159.468
internal_count=8415 6334 2081 1635 1410 144 1266 907 304 83 45 6299 1724 4575 964 919 603 61 760 359 267 215 181 225 446 495 4565 1922 477 409
is_linear=0
shrinkage=0.03


Tree=72
num_leaves=31
num_cat=0
split_feature=97 95 14 35 63 45 54 42 77 57 91 77 92 10 76 83 92 91 67 62 73 43 75 53 87 16 105 60 70 94
split_gain=10.6244 9.34331 13.9747 8.82308 8.41748 9.02295 8.0533 7.0104 7.75973 6.45152 8.33122 7.99145 7.97336 6.40534 6.39922 7.80333 6.75553 6.21805 6.18096 5.73714 5.50494 5.47977 5.44457 7.16238 5.89406 6.43609 5.50535 5.2711 5.10124 5.12969
threshold=42.709132954225801 22.100000000000005 54.095000000000006 19.090000000000003 2.0150000000000001 15.755000000000001 0.4200000000000001 -0.52999999999999947 1.4350000000000005 16.095000000000002 -0.0019537671232876543 1.5150000000000003 13.183614186851214 15.085000000000003 2.0250000000000004 18.995000000000001 5.5032871972318347 0.0077473592778730836 -0.039203413940256053 0.28118635405334741 2.8884931506849321 0.21636363636363712 0.68500000000000016 2.6450000000000005 0.53500000000000014 -0.72163940434194906 45.500000000000007 -2.4564999999999482 1.7138260469457844 2.089345290637143
decision_type=8 8 8 10 2 8 2 2 2 8 2 2 10 10 2 10 10 2 2 2 2 2 2 2 2 2 2 2 10 10
left_child=4 3 6 9 5 -1 -3 -4 17 12 11 -11 13 14 16 27 -2 -9 -14 -12 -6 -5 23 24 25 -10 -24 -16 -29 -30
right_child=1 2 7 21 20 -7 -8 8 22 10 19 -13 18 -15 15 -17 -18 -19 -20 -21 -22 -23 26 -25 -26 -27 -28 28 29 -31
leaf_value=-0.0015688755633441536 0.012627760824441867 -0.003740877495112625 0.0046852739414783703 0.007443026775194617 -0.0094373634594005947 0.011427395819674601 -0.014176284704686059 0.0055416454758466958 0.011889709076388109 -0.001970746328942171 -0.0065492603088546444 0.011020855288423221 0.0039146916338764744 0.0095400735748280598 0.0097953650677749717 -0.0017112105987031282 -0.0018308039495023162 -0.00053838069383822047 0.021790923289635195 -0.00075964728670275563 -0.0019270008522106062 -0.00033453602671179214 -0.012283752848890531 -0.014821729286379398 -0.010198754793405923 0.0013586153477917928 -0.0024022516507447669 0.0016643060896193058 0.017741587103684252 0.0047044541752790416
leaf_weight=1053.3954056203365 30.302636623382568 248.48162031173706 253.78458172082901 322.72308003902435 207.57306087017059 50.37813338637352 90.907909870147705 280.29938876628876 63.256753951311111 85.226165503263474 245.4513566493988 85.226165503263474 40.908559441566467 83.711033672094345 93.938173532485962 413.63098990917206 723.09666642546654 329.16239032149315 30.302636623382568 413.63098990917206 152.27074903249741 109.08949184417725 53.408397048711777 23.863326340913773 32.196551412343979 299.61731961369514 1017.0322416722775 1281.8015291690826 30.302636623382568 262.11780679225922
leaf_count=702 20 164 379 213 140 40 60 602 128 57 162 60 27 56 62 273 478 809 20 279 114 72 93 63 85 761 1455 846 20 173
internal_value=4.81535e-05 0.000537794 -0.00084518 0.00141349 -0.00227472 -0.000975703 -0.00653608 -2.42108e-05 -0.000593667 0.000953975 -0.00138684 0.00452505 0.00160338 0.00136141 0.00111993 0.00197733 -0.00124926 0.0022579 0.0115216 -0.00291578 -0.00625929 0.00547817 -0.00176055 0.00113886 0.00210293 0.00319441 -0.00289528 0.00289193 0.00247999 0.00605545
internal_weight=8407.09 6943.47 2692.01 4251.46 1463.62 1103.77 339.39 2352.62 2098.84 3819.65 829.535 170.452 2990.11 2918.9 2835.19 2081.79 753.399 609.462 71.2112 659.082 359.844 431.813 1489.37 418.934 395.071 362.874 1070.44 1668.16 1574.22 292.42
internal_count=8413 7417 4599 2818 996 742 224 4375 3996 2533 558 117 1975 1928 1872 1374 498 1411 47 441 254 285 2585 1037 974 889 1548 1101 1039 193
is_linear=0
shrinkage=0.03


Tree=73
num_leaves=31
num_cat=0
split_feature=76 85 14 75 81 92 96 67 12 63 16 11 100 98 21 93 3 62 12 68 76 27 29 55 19 7 65 13 88 16
split_gain=9.30245 7.97594 7.81851 8.21439 7.77464 7.2842 6.76022 6.62537 6.9396 6.54089 10.5608 10.2243 6.42064 9.95558 7.651 8.70856 6.05868 5.95422 9.69962 5.6212 7.69194 5.57168 5.41415 5.29014 5.0844 4.87266 6.78311 4.93822 4.79876 5.5454
threshold=3.4950000000000006 2.5026551724137938 57.375000000000007 0.49500000000000005 16.765000000000004 14.423048346789699 -4.5895000000000428 -0.0079943100995733402 61.210000000000001 0.7350000000000001 -0.59067608369374736 12.645000000000001 0.73437474182138096 114.26692327648864 0.96938109165892916 12.010000000000002 3.8550000000000004 0.26373771543927199 346.88000000000005 10.717328767123288 3.2850000000000006 0.96500000000000008 0.76000000000000001 -0.087657894736842115 0.82090010707719341 9.6050000000000022 1.1950000000000005 2.3065000000000002 3.6750000000000003 0.68968273440025774
decision_type=2 2 8 2 10 10 2 2 8 2 2 8 2 10 10 10 2 2 10 10 2 2 2 2 10 2 2 8 2 2
left_child=1 5 6 16 23 9 -2 -5 -9 10 11 -1 13 28 17 -16 -4 -14 25 -15 -21 -12 -13 -3 -23 27 -27 -19 29 -11
right_child=2 4 3 7 -6 -7 -8 8 -10 12 21 22 14 19 15 -17 -18 18 -20 20 -22 24 -24 -25 -26 26 -28 -29 -30 -31
leaf_value=-0.010110971246608197 0.0066067189552911215 0.012740435543753738 -0.0076844355302824012 -0.0019417436891563087 0.0094834933756322258 -0.014103667114223662 -0.0053877813127442154 -0.0081041175682114164 0.0030866273358940086 -0.0007776045236665989 -0.018318961347730735 0.013331650485388143 -0.0014477888724120074 0.0083364664305890252 0.0076948167054631351 -0.00433987970197034 -0.035674345703318511 0.011099926896617048 0.019314247006671285 0.0012153771133112412 0.012141809833514436 0.0031530095361473045 -0.0096395832287177984 -0.001711464201415264 -0.0032704481371718446 0.016834170191033771 -4.4058881324456539e-06 2.6582337779354374e-05 -0.0076604698889482688 0.0055993095646849986
leaf_weight=21.59062859416008 45.453954935073853 26.893590003252029 55.681094795465469 828.39832869172096 169.69476509094238 31.817768454551697 607.5678642988205 54.544745922088623 582.18940612673759 987.48717096447945 13.257403522729872 148.1041364967823 1238.9990549385548 190.90661072731018 58.332575500011444 748.47512459754944 7.9544421136379233 37.87829577922821 27.272372961044312 527.26587724685669 65.150668740272522 397.72210568189621 9.8483569025993329 149.61926832795143 153.78588086366653 40.908559441566467 45.453954935073853 840.89816629886627 78.408072263002396 140.14969438314438
leaf_count=15 30 38 132 915 112 21 401 36 628 1209 20 199 1264 126 43 494 15 25 18 348 43 579 17 176 103 27 30 1023 93 169
internal_value=-0.000122117 0.000474952 -0.00180511 -0.000631371 0.00489841 0.00021108 -0.0045529 -0.000173071 0.00212799 0.000289991 0.00291472 0.00925258 -9.85864e-05 0.00122631 -0.000966105 -0.00346977 -0.0111832 -6.08597e-05 0.00167068 0.00385966 0.00241701 0.000899862 0.0118994 0.000490435 0.00136185 0.00117212 0.00797176 0.000503882 -0.000484041 1.49579e-05
internal_weight=8331.71 6149.92 2181.79 1528.77 346.208 5803.71 653.022 1465.13 636.734 5771.89 744.309 179.543 5027.59 1989.37 3038.22 806.808 63.6355 2231.41 992.411 783.323 592.417 564.765 157.952 176.513 551.508 965.139 86.3625 878.776 1206.04 1127.64
internal_count=8349 6192 2157 1726 326 5866 431 1579 664 5845 933 231 4912 1988 2924 537 147 2387 1123 517 391 702 216 214 682 1105 57 1048 1471 1378
is_linear=0
shrinkage=0.03


Tree=74
num_leaves=31
num_cat=0
split_feature=90 97 92 106 13 94 83 88 76 19 67 95 71 106 64 16 31 16 96 10 48 3 15 86 72 85 85 93 15 84
split_gain=11.2186 9.97733 8.54932 11.0414 7.50747 7.88562 10.1582 10.9628 9.36061 6.79317 6.65237 6.02963 6.55653 6.12845 6.08364 8.56358 5.752 5.74578 5.73953 6.1468 5.51055 5.02839 4.97468 4.78803 4.63895 4.6243 4.52049 4.33364 4.03057 4.36903
threshold=2.225000000000001 43.986876859061837 11.692415224913498 31.500000000000004 1.5985000000000003 3.4722740697403074 14.735000000000001 2.8850000000000002 2.5050000000000003 0.75270217310575604 -0.10022759601706975 18.505000000000003 19.790000000000003 3.5000000000000004 2.0250000000000004 -0.56114472106565871 -0.20099999999999904 -0.59067608369374736 -8.482000000000026 7.8425000000000002 -1.4504999999999766 2.0750000000000006 1020.8295000000002 0.66852247436970835 7.3710000000000386 2.1195517241379318 1.9869655172413798 11.590000000000002 1024.6080000000004 -5.5780000000000305
decision_type=2 8 8 2 10 10 10 2 2 10 2 10 10 2 2 2 2 2 2 8 2 2 10 2 2 2 2 8 10 2
left_child=1 21 3 11 -5 6 -6 8 -8 18 -4 14 13 -13 -3 -16 26 -14 -2 -20 -17 -1 27 24 -18 -7 -12 -23 29 -9
right_child=9 2 10 4 5 25 7 28 -10 -11 16 12 17 -15 15 20 23 -19 19 -21 -22 22 -24 -25 -26 -27 -28 -29 -30 -31
leaf_value=-0.00045499083221303081 0.007101035449839998 -0.00039118207953516883 -0.0054692742479256424 0.011959413681073724 -0.0019522730724104561 -0.0012168678795199549 0.003618121329244594 -0.0044867552280988066 0.019027247219509255 -0.0097347149224222898 -0.0010913459027108458 0.001298771877356184 0.010924309379190682 -0.0062641489456018856 0.013714243556775158 0.011091255293041686 0.00049660579731533822 -0.00027797316079525086 -0.022073732693241706 -0.0026517098383545372 0.0015463338957153389 0.008721185238784122 -0.0072114497181587 -0.0028615255772844348 -0.010577246737698047 0.0081511211592476297 0.0045692985507801804 -0.0027778236140684424 -0.003167652448432306 0.0063676680511281234
leaf_weight=846.20112770795822 53.408397048711777 661.35504430532455 212.87602227926254 98.483569025993347 149.99805128574371 363.25285652279854 54.544745922088623 36.363163948059082 101.5138326883316 136.36186480522156 189.39147889614105 139.39212846755981 53.029614090919495 312.87472313642502 68.559715360403061 60.605273246765137 1479.1474501788616 184.84608340263367 15.151318311691282 457.56981301307678 534.84153640270233 32.575334370136261 256.0572794675827 635.21902021765709 34.848032116889954 54.544745922088623 385.2222680747509 312.11715722084045 54.544745922088623 406.05533075332642
leaf_count=566 36 438 241 65 99 242 36 24 67 90 401 92 35 217 46 40 2468 122 10 617 353 26 169 912 23 36 405 206 36 268
internal_value=-2.11201e-05 0.000300445 0.000818533 0.00185797 0.00399159 0.00334883 0.00508796 0.00670509 0.0136415 -0.00376756 -0.000361804 0.000461344 -0.00181256 -0.0039332 0.00164541 0.00367387 3.73612e-05 0.00221935 -0.002221 -0.00327421 0.00251783 -0.0019451 -0.00404404 -0.000675474 0.000241716 6.15154e-06 0.00270356 -0.0016911 0.00452688 0.00547552
internal_weight=8380.95 7718.46 6271.51 3334.81 1319.3 1220.82 803.02 653.022 156.059 662.491 2936.7 2015.5 690.143 452.267 1325.36 664.007 2723.83 237.876 526.13 472.721 595.447 1446.95 600.75 2149.21 1514 417.798 574.614 344.692 496.963 442.418
internal_count=8386 7633 6666 2216 873 808 530 431 103 753 4450 1343 466 309 877 439 4209 157 663 627 393 967 401 3403 2491 278 806 232 328 292
is_linear=0
shrinkage=0.03


Tree=75
num_leaves=31
num_cat=0
split_feature=90 98 96 75 75 67 41 62 94 89 96 62 54 92 21 67 13 105 82 93 54 15 97 21 21 100 96 73 37 14
split_gain=8.50839 8.30869 7.70927 8.27929 8.38478 6.9489 6.42128 6.2523 5.55318 7.17625 6.16767 5.3119 5.26551 7.03567 6.13586 5.76249 6.68923 6.90471 6.96855 6.26179 5.71326 5.24352 5.16403 4.88611 4.73618 4.36273 4.20323 4.1672 5.12757 4.2874
threshold=2.1650000000000005 169.437137331466 -0.202000000000055 1.2250000000000003 0.72500000000000009 -0.079591038406827935 0.95500000000000007 0.32606961874989199 4.4410206229829461 2.3550000000000009 -1.6140000000000325 0.26650586355395123 -0.22999999999999984 14.093901384083045 -0.48511470585764821 0.065693456614509274 27.295000000000005 132.50000000000003 2.2536464686634905 11.910000000000002 0.13000000000000025 1025.5995 48.338366219233755 0.58672569239651529 -0.21345666221828827 0.82857108333348017 -12.183500000000036 1.5467123287671236 1.6005 70.785000000000011
decision_type=2 10 2 2 2 2 2 2 10 2 2 2 2 10 8 2 10 2 8 10 2 10 8 10 8 2 2 2 2 10
left_child=1 5 23 4 -4 -1 11 -6 12 -10 -11 -2 14 15 -7 22 17 21 -19 -18 -15 24 25 -3 -17 -14 -13 -24 -29 -30
right_child=6 2 3 -5 7 8 -8 -9 9 10 -12 26 13 20 -16 16 19 18 -20 -21 -22 -23 27 -25 -26 -27 -28 28 29 -31
leaf_value=-0.002816550480997135 -0.0068116786737891077 0.0068757624025597127 0.0022882460929358932 0.00040881488475950602 0.021897872768668569 0.010312629277875813 -0.0083226742853116185 0.0088089273376502613 -0.0096971307715245664 0.0085858419960649964 -0.0028673550201353194 0.011074863859934119 -0.00081785688546706138 0.00030532099909424558 0.0016301301931604774 0.0095198140542556674 0.0011052908057233104 0.016107154649298031 0.0013045260637265276 0.017323958645652029 -0.01065303224751038 -0.0067674330395946954 -0.0016545712772225208 -0.0029130313991337468 0.00071396060997088611 -0.0054994587277753344 -0.00078172812792394518 0.0068636946638619056 -0.00046763529582431691 0.0033043471476289213
leaf_weight=710.21804586052895 134.84673297405243 62.499188035726547 72.726327896118164 115.15001916885376 62.120405077934265 77.271723389625549 164.39180368185043 69.696064233779907 109.46827480196953 53.029614090919495 209.466975659132 28.78750479221344 460.60007667541504 75.756591558456421 1408.6938200294971 57.953792542219162 39.393427610397339 54.544745922088623 60.226490288972855 46.969086766242981 98.483569025993347 80.301987051963806 702.6423867046833 172.72502875328064 1067.7891580164433 293.17800933122635 412.49464103579521 129.1649886071682 954.91183659434319 378.7829577922821
leaf_count=669 140 42 48 76 41 54 188 46 79 35 145 19 307 50 1499 39 26 36 84 31 65 53 853 114 1337 198 489 143 1204 250
internal_value=-2.28361e-05 0.000275369 0.00381015 0.00684327 0.0104656 -2.11824e-06 -0.0030929 0.0149773 0.000312236 -0.0032445 -0.000553578 -0.00160064 0.000533224 2.19972e-05 0.00208163 0.000260033 0.001837 0.0013081 0.00833944 0.00992597 -0.00588853 0.000638973 -0.000500112 -0.000312144 0.00116729 -0.00263874 -8.25088e-06 0.000244311 0.00115638 0.000603646
internal_weight=8364.29 7623.76 554.917 319.693 204.543 7068.85 740.521 131.816 6358.63 371.965 262.497 576.129 5986.66 4500.7 1485.97 4326.46 1407.18 1320.82 114.771 86.3625 174.24 1206.04 2919.28 235.224 1125.74 753.778 441.282 2165.5 1462.86 1333.69
internal_count=8360 7524 367 211 135 7157 836 87 6488 259 180 648 6229 4676 1553 4561 1606 1549 120 57 115 1429 2955 156 1376 505 508 2450 1597 1454
is_linear=0
shrinkage=0.03


Tree=76
num_leaves=31
num_cat=0
split_feature=98 42 64 81 20 105 81 97 21 16 39 84 92 24 19 68 95 105 7 15 33 90 11 75 71 89 94 17 84 68
split_gain=10.6607 9.81965 8.552 7.44484 7.1429 7.1143 5.9054 5.46713 5.71892 5.66295 6.24176 5.19105 4.88118 4.45604 4.42741 4.31837 4.42796 4.2796 5.47091 4.02665 3.99753 3.99331 5.39151 4.64421 4.62455 5.38437 4.93249 5.58019 5.36395 5.24702
threshold=134.28339832031955 0.24999999999999992 2.3350000000000004 11.585000000000003 -0.7703456791786113 131.50000000000003 11.390000000000002 44.271422179464473 -0.54500492015115343 0.43027450889908786 2.8250000000000006 -10.106499999999981 5.6895657439446383 15.0244725 -0.21558747055258298 5.6522602739726038 12.890000000000002 14.500000000000002 5.0250000000000012 1023.7455000000001 13.105000000000002 1.4350000000000003 18.440000000000005 0.92500000000000016 17.570000000000004 1.2750000000000001 2.2238388719948134 0.74814561892813614 5.4769999999999763 13.247328767123291
decision_type=10 2 2 8 10 2 10 8 8 2 2 2 10 2 10 8 8 2 2 10 10 2 10 2 10 2 10 2 2 10
left_child=1 3 12 6 5 13 14 -5 -9 -10 17 -6 -3 -2 -1 -4 -17 -11 -19 -15 -14 22 24 -24 25 -13 -26 -28 29 -29
right_child=4 2 15 7 11 -7 -8 8 9 10 -12 21 20 19 -16 16 -18 18 -20 -21 -22 -23 23 -25 26 -27 27 28 -30 -31
leaf_value=0.011331095709688715 0.015941343126324947 0.0034514461952958055 -0.0218361914093065 -0.0018476481272056919 0.012273332085608997 -0.0059153836846442759 0.018591750954188805 0.0081230382815867235 -0.00020319835601189388 -0.007058822062352808 -0.00732838579538732 -0.0033554416574875278 -0.0026738213344707482 0.0071388255113203512 -0.00037582575913204248 0.010697061639350519 -0.0040841121591532661 0.019466391292640335 0.0038021916627939034 -0.00069188320886651904 0.0056594444131509878 -0.001941485543369944 0.014930141402133539 0.0036839678597457791 -0.005399320739880858 0.0053411469750163912 -0.0035491129669360105 0.0021619972527791649 -0.0035714066044168023 0.011495883418187488
leaf_weight=45.453954935073853 41.287342399358749 260.98145791888237 12.121054649353026 1049.2287930846214 36.363163948059082 45.453954935073853 30.302636623382568 89.392778038978577 2562.0879265069962 31.060202538967133 49.241784512996674 81.817118883132935 420.44908314943314 289.76896271109581 80.680770009756088 18.560364931821823 1057.1832351982594 20.833062678575516 545.82624217867851 74.241459727287292 59.090141415596008 365.14677131175995 43.938823103904724 133.3316011428833 154.5434467792511 295.45070707798004 177.27042424678802 160.60397410392761 81.817118883132935 81.817118883132935
leaf_count=30 28 608 8 706 24 30 20 59 3254 49 49 54 279 195 57 19 1207 22 628 49 39 241 29 88 102 195 117 106 54 54
internal_value=0.000127404 -0.000482752 -0.00233693 0.00026993 0.00200045 0.00533895 0.00669981 3.85707e-05 0.000638574 0.000430083 0.002938 0.00106698 0.000149861 0.00660112 0.00384288 -0.00402972 -0.00382908 0.00378377 0.00437808 0.00554172 -0.00164697 0.000808377 0.00163781 0.00647148 0.000808572 0.00345514 -0.000713357 0.000730656 0.00307053 0.00531218
internal_weight=8395.35 6332.49 1828.39 4504.11 2062.85 450.752 156.437 4347.67 3298.44 3209.05 646.961 1612.1 740.521 405.298 126.135 1087.86 1075.74 597.72 566.659 364.01 479.539 1575.74 1210.59 177.27 1033.32 377.268 656.052 501.509 324.238 242.421
internal_count=8400 7034 2160 4874 1366 302 107 4767 4061 4002 748 1064 926 272 87 1234 1226 699 650 244 318 1040 799 117 682 249 433 331 214 160
is_linear=0
shrinkage=0.03


Tree=77
num_leaves=31
num_cat=0
split_feature=3 33 31 67 87 19 16 45 68 98 40 14 14 81 69 9 20 100 67 93 15 75 48 18 84 13 71 14 26 63
split_gain=9.86534 10.3077 9.02581 7.198 7.94691 8.91876 7.67851 7.48846 7.01715 6.05267 5.69397 5.40609 5.24743 6.25915 5.0357 7.37047 7.07241 6.57352 6.30787 4.7391 5.57988 4.73492 5.39046 4.14339 4.09676 6.27972 3.91439 3.84429 3.79701 5.42901
threshold=2.5150000000000001 12.675000000000002 0.36900000000000055 -0.0064758179231863408 1.3550000000000002 0.79531477894905034 -0.62707976250810538 17.685000000000006 10.930547945205481 72.211288757325107 2.7550000000000003 54.185000000000009 89.750000000000014 20.495000000000001 11.945000000000002 72.140000000000015 -0.2534202889911582 0.79316160724990847 -0.022885383555591266 16.245000000000001 1024.6080000000004 0.44500000000000006 1.1805000000000521 -0.17880221511635 -1.2164999999999961 7.0195000000000007 22.555000000000003 94.15000000000002 0.015000000000000058 0.8650000000000001
decision_type=2 10 2 2 2 10 2 10 10 8 2 8 10 8 10 2 10 2 2 10 10 2 2 10 2 10 10 10 2 2
left_child=1 14 3 7 5 6 28 12 21 -6 19 -11 13 -2 15 16 -1 27 -17 20 23 -3 24 -10 25 -23 -21 -16 -5 -30
right_child=2 8 -4 4 9 -7 -8 -9 10 11 -12 -13 -14 -15 17 18 -18 -19 -20 26 -22 22 -24 -25 -26 -27 -28 -29 29 -31
leaf_value=0.0030397781025677429 -0.0090680560175191612 -0.0015592731100448117 -0.0060480514992090331 -0.036110002897753214 -0.0053217200552632881 -0.006605562165260496 -0.00094599272066282704 0.0026844403533310681 0.009343867571906455 -0.002011077681523372 0.0062940632962520436 0.007798107579198541 0.002565782922562643 -0.002001496697123102 -0.00042990559586735097 -0.0030682053274246647 0.014660070747996905 -0.0038822682622234495 0.0013108853282598676 -0.0010847603768059828 -0.0010281340255194739 0.01865484065773541 0.014387398913277217 0.0024117599072009462 0.0018370994096672149 0.0048487116070773254 0.0096568624185079267 0.007783038803171315 0.016592355257600663 0.0036720418075788124
leaf_weight=296.20827299356461 275.75399327278137 65.150668740272522 346.96518933773041 1.8939147889614094 51.514482259750366 203.02766537666321 763.62644290924072 143.9375239610672 140.90726029872894 63.635536909103394 195.45200622081757 246.20892256498337 71.211196064949036 190.90661072731018 1566.6463134288788 415.90368765592575 56.059877753257751 580.29549133777618 1027.2593815326691 756.05078375339508 186.3612152338028 42.423691272735596 74.999025642871857 172.72502875328064 146.21022170782089 98.483569025993347 31.817768454551697 53.029614090919495 37.87829577922821 128.78620564937592
leaf_count=530 182 43 364 2 34 134 813 95 93 42 129 266 56 324 1034 753 37 383 1851 499 123 28 51 114 98 65 21 35 46 157
internal_value=1.52257e-05 0.000686258 -0.00155411 -0.000838326 0.000325647 -0.000907749 0.000333222 -0.00339325 0.00249865 0.00420037 0.00152287 0.00578351 -0.00501967 -0.00617719 -0.00018042 0.000998529 0.00488903 -0.00114258 4.88797e-05 0.000798775 0.00308321 0.0058862 0.00722577 0.00552619 0.00535505 0.0090054 -0.000650964 -0.000161007 0.00612849 0.00660848
internal_weight=8431.33 5905.98 2525.35 2178.38 1496.57 1135.21 932.185 681.809 1910.58 361.359 1483.31 309.844 537.872 466.661 3995.4 1795.43 352.268 2199.97 1443.16 1287.86 499.994 427.267 362.117 313.632 287.117 140.907 787.869 1619.68 168.558 166.665
internal_count=8402 5887 2515 2151 1494 1152 1018 657 1264 342 979 308 562 506 4623 3171 567 1452 2604 850 330 285 242 207 191 93 520 1069 205 203
is_linear=0
shrinkage=0.03


Tree=78
num_leaves=31
num_cat=0
split_feature=90 16 63 35 7 8 93 76 10 19 67 33 30 63 8 96 70 60 16 84 95 72 83 72 24 16 87 90 21 95
split_gain=9.17699 8.73281 7.2287 7.96628 8.00873 8.82183 7.99276 7.55369 6.50235 6.59581 6.47106 6.40881 6.32367 6.27682 6.02453 5.64101 5.62156 5.61553 5.52416 5.02122 5.54375 4.91309 4.70713 5.07925 4.49566 4.42755 4.23641 4.19779 4.15667 3.91779
threshold=1.6400000000000006 -0.94909439586795796 0.67500000000000016 19.090000000000003 9.5150000000000023 2.9550000000000005 18.895000000000003 1.9550000000000003 7.759500000000001 0.76666088543399236 0.049754623044096724 10.925000000000002 -0.050000000000000148 1.155 5.3050000000000006 -0.33299999999991309 2.9981664719444239 -2.1360000000000237 -0.32003431175174007 -1.323499999999967 12.890000000000002 4.162999999999955 18.920000000000005 7.3710000000000386 54.123686500000019 0.34046154101284459 0.79500000000000015 2.8350000000000004 -0.48511470585764821 16.180000000000003
decision_type=2 2 2 10 2 2 10 2 8 10 2 10 2 2 2 2 10 2 2 2 8 2 10 2 2 2 2 2 8 8
left_child=2 14 -1 4 5 7 13 19 -3 15 -6 25 28 -5 -2 21 -17 -13 24 -4 -21 26 23 29 -8 -9 -10 -11 -7 -14
right_child=1 8 3 6 10 12 18 11 9 27 -12 17 22 -15 -16 16 -18 -19 -20 20 -22 -23 -24 -25 -26 -27 -28 -29 -30 -31
leaf_value=0.00404976076807097 0.025041738052889569 -0.01335815282028077 -0.0053448514644509572 -3.6677494370850804e-05 0.0019691160685501759 0.0073241746016979737 0.011640864425405188 -0.00072127418214248539 0.0054590780647107316 -0.0044026472590623783 0.012821087720472264 0.012641285401072563 -0.0049655490931583739 0.014746690448317406 0.0017594993573508968 -0.0026576034550368664 0.012012730673016754 0.0035016987947818923 -0.0048584607740189759 0.0093508668283227275 -0.00097654293915331474 -0.0060932971128866368 -0.0044289075827803901 0.014414875902604787 0.0017754713160703442 0.0041147444512963901 -0.0051459163509357982 -0.015746072878993517 -6.2095740495784097e-05 -0.00078102441321677423
leaf_weight=478.4028756916523 17.424016058444977 46.969086766242981 213.63358819484711 36.363163948059082 154.5434467792511 72.726327896118164 53.029614090919495 654.91573402285576 243.17865890264511 380.29808962345123 72.726327896118164 66.66580057144165 246.58770552277565 89.392778038978577 23.48454338312149 776.50506347417831 24.242109298706055 654.53695106506348 87.877646207809448 53.029614090919495 396.96453976631165 51.514482259750366 655.67329993844032 18.181581974029541 192.42174255847931 230.30003833770752 39.393427610397339 31.817768454551697 1199.9844102859497 1098.0917946398258
leaf_count=606 31 31 141 24 120 48 35 841 180 251 51 44 165 59 44 1132 16 432 58 35 481 34 435 12 127 263 26 21 1206 1390
internal_value=5.63041e-06 -0.00201037 0.000495637 0.000223486 -7.81982e-05 -0.000303778 0.00402739 0.00113494 -0.00236163 -0.00202775 0.00544175 0.00224723 -0.00129609 0.010472 0.011676 -0.000847266 -0.00221347 0.00434653 0.00159602 -0.00155753 0.000240492 0.00242728 -0.00234027 -0.00133542 0.00390688 0.000536877 0.00398063 -0.00527843 0.000359977 -0.00154838
internal_weight=8360.88 1634.83 6726.05 6247.65 5788.56 5561.29 459.085 2270.05 1593.92 1546.95 227.27 1606.42 3291.25 125.756 40.9086 1134.83 800.747 721.203 333.329 663.628 449.994 334.087 2018.53 1362.86 245.451 885.216 282.572 412.116 1272.71 1344.68
internal_count=8339 1766 6573 5967 5664 5493 303 2237 1691 1660 171 1580 3256 83 75 1388 1148 476 220 657 516 240 2002 1567 162 1104 206 272 1254 1555
is_linear=0
shrinkage=0.03


Tree=79
num_leaves=31
num_cat=0
split_feature=97 42 64 21 27 96 42 14 83 59 47 81 94 45 85 15 69 87 91 13 79 71 33 39 93 13 38 17 15 13
split_gain=10.0551 10.6131 10.7362 5.89486 5.80757 5.59826 5.49921 4.95167 4.90506 9.43972 4.88202 4.79492 4.73629 4.59166 4.56238 4.51783 4.25844 4.14426 6.33874 6.34393 5.26748 6.99878 5.77965 6.22422 5.81131 5.08003 6.93911 4.13267 4.96809 4.04561
threshold=107.22118796460278 -0.22999999999999984 2.9250000000000003 -0.48511470585764821 0.96500000000000008 12.836500000000003 0.24000000000000013 63.895000000000003 21.570000000000004 19.140000000000004 13.625000000000002 17.385000000000002 4.3065920702338758 17.925000000000004 2.5242413793103453 1013.5305000000002 19.325000000000003 0.47500000000000003 0.0022426783183750513 3.0950000000000002 -0.0085209181784524409 10.620000000000003 14.415000000000001 2.2950000000000004 14.245000000000003 4.3250000000000002 0.18284480365113534 -0.80452820428127336 1023.4250000000001 9.4050000000000029
decision_type=10 2 2 8 2 2 2 10 8 10 8 10 10 8 2 8 10 2 2 8 2 8 10 2 10 8 2 2 10 10
left_child=1 3 4 10 -3 6 8 -5 9 11 -1 -4 16 -8 -9 -10 17 18 -6 -20 25 -22 24 -24 -23 26 -19 -27 29 -29
right_child=-2 2 5 7 12 -7 13 14 15 -11 -12 -13 -14 -15 -16 -17 -18 20 19 -21 21 22 23 -25 -26 27 -28 28 -30 -31
leaf_value=-0.00082666565326980617 0.0038477373966274908 -0.017454167373795557 0.0010666557732183512 0.00013124889332025494 0.0091732217304130413 0.011664194611211194 -0.0067021773645192101 0.0016609030453601894 0.0045161344842337622 0.0086243906835020648 0.013482732880270529 -0.0051931930140558472 -0.0048557095391677432 -0.0022074187146845295 0.0071276224483271247 -0.0041694519180518457 0.010327846432769804 0.00023452242358581909 0.010106891549506896 0.0004264282905626736 0.014629329011377212 -0.00073744994907488557 0.00047413788628843957 0.013177964450867448 -0.0045672494399153427 -0.0057110222584350204 -0.014751799056619249 0.0068313436483580861 -0.0022055347117845275 0.00098115801238860662
leaf_weight=31.817768454551697 567.79565373063087 17.045233100652695 284.84478425979614 1200.7419762015343 94.695739448070526 24.242109298706055 463.25155737996101 428.40352526307106 59.46892437338829 104.54409635066986 65.908234655857086 179.54312199354172 166.28571847081184 366.2831201851368 202.27009946107864 575.37131288647652 37.87829577922821 118.18028283119202 65.150668740272522 939.7605182826519 24.242109298706055 875.74619841575623 190.90661072731018 42.423691272735596 601.50733697414398 47.726652681827545 36.363163948059082 309.46567651629448 112.1197555065155 162.11910593509674
leaf_count=21 377 24 188 1481 136 16 311 285 43 69 48 120 112 544 135 778 25 78 43 1176 16 1100 126 28 397 60 24 439 74 107
internal_value=-7.16601e-06 -0.000286766 -0.000918444 0.00164485 1.8188e-05 -0.00266721 -0.00283808 0.00126178 -0.00154295 0.000479949 0.00882386 -0.00135355 9.60583e-05 -0.00471751 0.00341419 -0.00335583 0.000321139 0.000216444 0.00175324 0.00105403 -0.000453927 -0.00137699 -0.00160383 0.00278392 -0.00229687 0.00158348 -0.00329167 0.00277667 0.00347067 0.0048202
internal_weight=8396.1 7828.31 5899.17 1929.14 3841.62 2057.55 2033.31 1831.42 1203.77 568.932 97.726 464.388 3824.57 829.535 630.674 634.84 3658.29 3620.41 1099.61 1004.91 2520.8 1734.83 1710.58 233.33 1477.25 785.975 154.543 631.431 583.705 471.585
internal_count=8381 8004 6034 1970 3965 2069 2053 1901 1198 377 69 308 3941 855 420 821 3829 3804 1355 1219 2449 1667 1651 154 1497 782 102 680 620 546
is_linear=0
shrinkage=0.03


Tree=80
num_leaves=31
num_cat=0
split_feature=90 31 97 16 43 80 32 7 69 96 27 70 14 43 89 94 67 21 99 67 84 12 58 75 63 34 21 98 13 103
split_gain=8.10484 7.57362 7.32846 5.96906 5.92682 5.91427 5.08927 4.61995 4.55241 4.9279 4.61868 4.50172 4.46812 3.93453 3.91629 3.83513 5.79273 4.31297 3.67254 3.6596 4.74068 4.56748 4.15944 3.65179 5.82043 4.31566 3.6486 4.52931 3.56246 3.5474
threshold=2.1650000000000005 0.36900000000000055 81.469689966494855 -0.85227513186527171 -0.069909090909090518 12.011275862068967 11.040714285714289 4.8150000000000004 11.945000000000002 -9.5909999999999496 0.96500000000000008 1.7872079901877391 63.895000000000003 -0.19899999999999965 0.90500000000000014 4.0142998087184347 0.13198079658605991 0.94994478792685511 1.0059210377234622 -0.02689544807965866 -1.4844999999999684 121.50000000000001 1.4196139102708036 0.43500000000000005 0.54500000000000015 0.78576621437579341 -0.47101187404548883 100.89523257564669 1.5105000000000002 108.00000000000001
decision_type=2 2 10 2 2 10 10 2 10 2 2 10 10 2 2 10 2 10 2 2 2 8 10 2 2 10 8 10 10 2
left_child=2 3 4 -2 12 6 8 -4 9 -6 -11 -5 26 -9 -12 16 17 -8 -10 22 -21 -22 -16 25 -25 -15 27 -1 -13 -7
right_child=1 -3 7 11 5 29 15 13 18 10 14 28 -14 23 19 -17 -18 -19 -20 20 21 -23 -24 24 -26 -27 -28 -29 -30 -31
leaf_value=-0.0011026334683405315 0.0092776202860666065 -0.0091371824135988086 0.012063215860006329 -0.00068075949320685488 0.031316829679381666 0.0048568936918013767 0.0037696968650853097 0.0079683425340784913 -0.00019637741827806395 -0.014543905649551507 0.014358733873458936 0.00079393318845209359 0.0034683782222617457 0.0021936539474981952 -0.0031681808908178752 -0.0036477987021919346 0.011612966195604828 -0.0020881111903681068 -0.0039770926642132285 -0.0048756427977186293 0.005549339401688138 0.00055187310781940621 0.012158158565595207 0.010555110463189098 0.0013828813437219793 -0.0081504085154408233 -0.00028575456386130865 0.015103504526563425 -0.0091607166135270566 -0.0032119966558005917
leaf_weight=30.302636623382568 42.423691272735596 148.1041364967823 39.393427610397339 406.05533075332642 4.5453954935073844 51.514482259750366 359.08624398708344 84.847382545471191 381.81322145462036 19.317930847406387 17.424016058444977 43.938823103904724 537.87180006504059 69.696064233779907 364.0104224383831 91.665475785732269 62.120405077934265 165.149369597435 586.3560186624527 115.52880212664604 204.54279720783234 842.79208108782768 16.666450142860413 65.150668740272522 1406.0423393249512 75.756591558456421 1043.5470487177372 31.817768454551697 122.7256783246994 1019.6837223768234
leaf_count=20 61 175 26 511 3 34 237 56 252 30 16 29 361 46 688 65 41 109 387 80 135 1895 11 43 931 50 1354 21 81 673
internal_value=-9.82804e-05 -0.0030468 0.000194494 -0.00158045 -0.000306741 -0.000892167 -0.000251709 0.00190639 -0.000865296 0.000124855 3.51365e-05 -0.00238476 0.0012257 0.00167124 0.000215561 0.00205867 0.00295076 0.00192432 -0.00248611 5.59085e-05 0.000891691 0.00152787 -0.00249718 0.00134074 0.00178907 -0.00319388 0.000134714 0.00719807 -0.00653631 -0.00282396
internal_weight=8449.89 763.248 7686.64 615.144 5945.76 4302.22 3231.02 1740.89 2553 1584.83 1580.28 572.72 1643.54 1701.49 1560.96 678.021 586.356 524.236 968.169 1543.54 1162.86 1047.33 380.677 1616.65 1471.19 145.453 1105.67 62.1204 166.665 1071.2
internal_count=8421 857 7564 682 6412 4656 3949 1152 3497 2858 2855 621 1756 1126 2825 452 387 346 639 2809 2110 2030 699 1070 974 96 1395 41 110 707
is_linear=0
shrinkage=0.03


Tree=81
num_leaves=31
num_cat=0
split_feature=86 14 72 13 26 63 42 43 14 63 87 92 33 68 43 106 15 76 37 7 96 1 70 52 87 95 84 3 70 77
split_gain=8.21921 6.91118 8.20788 7.93028 6.81746 6.51562 6.23529 5.9157 5.89733 5.5399 5.20898 5.19986 5.12904 9.88226 6.67317 5.78501 5.29335 6.30936 6.56102 5.10244 5.23403 5.63956 5.94462 4.94957 4.91431 5.41973 4.83052 6.62685 4.50474 4.31472
threshold=0.68131469052956384 56.585000000000008 -2.797000000000025 12.915000000000001 0.3344024521441194 0.80500000000000016 -0.36000000000000015 0.086363636363636739 95.750000000000014 0.48500000000000004 0.36500000000000005 6.8048442906574405 13.685 12.666684931506852 -0.19327272727272668 131.50000000000003 1019.7065000000001 2.0550000000000002 1.6725000000000003 9.3950000000000014 9.5755000000000354 1.0000000180025095e-35 3.7678826683256559 2.0350000000000006 1.385 26.525000000000002 5.4085000000000045 2.4950000000000006 0.92387936825683192 1.5550000000000004
decision_type=2 8 2 8 2 2 2 2 10 2 2 8 10 10 2 2 10 2 2 2 2 2 10 2 2 10 2 2 10 2
left_child=1 2 -1 4 12 8 -2 -4 10 -9 -5 -12 13 16 -14 24 17 -3 -19 20 21 22 -7 -13 25 -16 -8 -28 -21 -23
right_child=6 3 7 5 -6 19 26 9 -10 -11 11 23 14 -15 15 -17 -18 18 -20 28 -22 29 -24 -25 -26 -27 27 -29 -30 -31
leaf_value=0.014527707745272228 0.0010665915981771293 4.5815107866659148e-05 -1.0776742652119805e-05 0.00069392740264731252 -0.009533650331692246 -0.0026661759925624912 -0.0015617261103982249 0.0073649270192827649 -0.0065396402752503939 -0.0045071136770455811 0.021043853566266143 0.0022853744392601831 0.017676476707903861 -0.0072025696904909984 0.0046453996762378094 -0.0050247869417239079 0.00062410977601650114 0.021580876917715847 0.0065119093586587197 0.0084573734692551337 0.012285995902371186 0.0041210380466371972 0.010467652582116618 0.013222508717213756 0.011205318167359885 -0.0080702129518160221 4.2452566939342687e-05 -0.0083243409654868237 2.6774064978395811e-05 -0.0022050068114007519
leaf_weight=30.302636623382568 667.41557163000107 119.69541466236115 1186.7270067632198 129.92255452275276 39.393427610397339 1230.6658298671246 1550.7374292016029 37.87829577922821 43.18125718832016 535.22031936049461 25.757241129875183 96.589654237031937 34.848032116889954 103.02896451950073 581.81062316894531 56.059877753257751 473.09991428256035 30.302636623382568 183.33095157146454 98.862351983785629 25.757241129875183 254.54214763641357 31.817768454551697 60.605273246765137 98.483569025993347 31.817768454551697 131.81646931171417 240.90596115589142 134.84673297405243 156.81614452600479
leaf_count=20 700 79 784 322 26 1380 1775 25 30 354 17 165 23 68 384 37 313 20 121 99 17 672 21 112 65 21 87 159 89 414
internal_value=-2.58568e-05 0.000598828 -0.000952942 0.00128621 0.00280541 0.000123684 -0.00143185 -0.00121951 0.00385303 -0.00372244 0.00528737 0.00854939 0.00308925 0.00154649 0.0048365 0.00425402 0.00266427 0.0055599 0.00864935 -0.000563147 -0.00113466 -0.00134118 -0.00233517 0.0065021 0.00498448 0.00398607 -0.00229878 -0.00536535 0.00359304 0.00170945
internal_weight=8422.24 5831.36 1790.13 4041.24 1751.87 2289.36 2590.88 1759.83 356.056 573.099 312.875 182.952 1712.48 909.458 803.02 768.172 806.429 333.329 213.634 1933.31 1699.6 1673.84 1262.48 157.195 712.112 613.628 1923.46 372.722 233.709 411.358
internal_count=8399 5678 1183 4495 1157 3338 2721 1163 646 379 616 294 1131 601 530 507 533 220 141 2692 2504 2487 1401 277 470 405 2021 246 188 1086
is_linear=0
shrinkage=0.03


Tree=82
num_leaves=31
num_cat=0
split_feature=98 21 30 7 63 2 76 14 90 47 63 77 81 56 16 7 16 67 73 70 96 92 99 56 62 17 94 42 91 14
split_gain=8.18555 11.3485 9.91468 9.55909 7.56363 6.60802 8.71246 8.48529 6.38803 8.57973 6.75683 5.94974 6.6404 5.71834 5.5169 6.3912 5.30773 6.33959 5.17054 5.03967 5.02703 4.73268 4.93676 4.60731 5.73519 4.59636 5.65233 4.5767 4.37222 4.08002
threshold=105.01057459689044 -0.49848767142220984 0.40999999999999986 9.5150000000000023 2.0050000000000003 1.0000000180025095e-35 2.4150000000000005 71.335000000000022 0.70500000000000029 19.495000000000001 0.92500000000000016 1.8250000000000004 16.395000000000003 16.021351351351356 -0.8679388639169785 6.245000000000001 0.43027450889908786 0.06959103840682794 0.973082191780822 0.9138597536198565 1.2194999999999825 14.423048346789699 0.93496490710445468 17.368243243243246 0.78935699097402878 -0.063051798000290024 2.3761400705297313 -0.33999999999999991 0.011147496457250836 83.750000000000014
decision_type=8 8 2 2 2 2 2 10 2 10 2 2 10 10 2 2 2 2 2 10 2 10 2 10 2 2 8 2 2 10
left_child=2 18 3 4 -1 8 11 21 9 16 -11 12 -7 -9 15 -10 17 -3 -2 29 -18 22 -8 25 -25 26 -16 -20 -13 -5
right_child=1 5 -4 19 -6 6 7 13 14 10 -12 28 -14 -15 23 -17 20 -19 27 -21 -22 -23 -24 24 -26 -27 -28 -29 -30 -31
leaf_value=-0.00055702070940445182 0.040050816504714808 -0.00031930006582390894 -0.0093584736871648658 -0.00037958273274503229 -0.0044605904470410608 0.00062365816000360523 0.00041453920954119517 0.013220645519521583 0.023994371739759681 0.019942791287387251 0.0057359720844281882 0.0024458706446115895 0.018507178338506718 -0.00057960752371201407 0.0095468396115920978 0.00035419492938473118 0.0070415868283283407 0.0054211367325445242 0.016399848725559007 0.0009769681682024159 -0.0036020268215397606 -0.010533611543058822 -0.0043443450466653872 -0.010008603843771401 0.0049266181806572043 0.00084973781765692333 -0.0039834561010500024 0.0046346773941431602 0.026487934224957578 0.012414828496651785
leaf_weight=1831.0368179678917 4.5453954935073844 913.62449419498444 130.68012043833733 30.302636623382568 590.90141415596008 364.38920539617538 284.08721834421158 46.969086766242981 18.560364931821823 36.363163948059082 175.7552924156189 12.121054649353029 19.696713805198669 63.635536909103394 30.302636623382568 23.105760425329208 244.69379073381424 213.63358819484711 39.772210568189621 168.17963325977325 47.726652681827545 78.786855220794678 634.08267134428024 84.847382545471191 31.817768454551697 1696.9476509094238 334.84413468837738 118.18028283119202 15.530101269483565 86.36251437664032
leaf_count=1216 3 933 87 20 390 710 498 31 16 24 116 29 13 42 20 28 346 204 30 111 33 52 1029 56 21 1780 329 87 38 57
internal_value=2.24268e-05 0.000694148 -0.00128766 -0.000898009 -0.00150941 0.000457858 -0.00121763 -0.00260278 0.00111866 0.00254373 0.00817143 0.00250838 0.00154076 0.00528077 7.13811e-05 0.0108848 0.00170288 0.000768605 0.00850493 0.00430052 0.00530442 -0.0034774 -0.00287192 -0.000135413 -0.00593536 0.000192725 -0.00286061 0.00759713 0.0159489 0.0090916
internal_weight=8371.48 5534.02 2837.46 2706.78 2421.94 5371.52 1519.3 1107.56 3852.22 1631.8 212.118 411.737 384.086 110.605 2220.43 41.6661 1419.68 1127.26 162.498 284.845 292.42 996.957 918.17 2178.76 116.665 2062.09 365.147 157.952 27.6512 116.665
internal_count=8349 6468 1881 1794 1606 6348 2442 1652 3906 1656 140 790 723 73 2250 44 1516 1137 120 188 379 1579 1527 2206 77 2129 349 117 67 77
is_linear=0
shrinkage=0.03


Tree=83
num_leaves=31
num_cat=0
split_feature=3 39 14 76 35 30 61 106 19 82 72 94 68 78 76 86 16 94 20 19 25 105 97 84 82 26 95 19 26 35
split_gain=7.53 7.29027 7.49729 6.85134 7.7398 6.70076 8.23885 6.38053 5.95169 5.98089 5.67257 5.22959 5.20918 7.8392 5.03564 5.89326 5.72256 4.89208 4.8789 6.30331 4.80259 4.39851 4.77015 4.01159 3.99961 3.98252 3.82971 3.8015 3.93458 3.55911
threshold=1.885 0.70500000000000007 51.565000000000005 2.0150000000000001 13.425000000000002 -0.25999999999999984 1.866891891891892 62.500000000000007 -0.086286332942512492 3.1798365361775729 2.8220000000000032 2.6387898403318992 10.020917808219179 0.19000000000000009 2.5050000000000003 0.65684866778907425 -0.94123492117109386 1.2115066606171061 -0.12775704858859274 0.8113189499055472 1.5537500000000004 123.50000000000001 59.588979396895162 3.4220000000000259 3.4491936595870061 0.19172462891692693 15.770000000000001 0.75705207159131971 0.15773130664702492 12.205000000000002
decision_type=2 2 8 2 10 2 2 2 8 10 2 10 10 2 2 2 2 8 8 10 2 2 10 2 10 2 10 8 2 10
left_child=3 -2 10 8 -5 -4 17 12 9 -1 11 -3 13 -6 -8 18 -17 -7 19 25 24 -21 -23 -12 -10 -16 -14 -18 -29 -13
right_child=1 2 5 4 7 6 14 -9 20 -11 23 29 26 -15 15 16 27 -19 -20 21 -22 22 -24 -25 -26 -27 -28 28 -30 -31
leaf_value=-0.0056504616230188863 -0.015624045693397483 -0.004168208822002634 0.0030355946227886188 0.00090560583242572771 0.02437802601947649 0.018066836565595736 -0.0056829356152254895 0.0002063435228300766 0.0031322563218000822 0.0032560823439589893 -0.012644399206964934 -0.0081102617872042433 0.014984696620334576 0.0040280968724709341 0.0018972535647893013 0.012468277010495755 -0.0010188162698414685 0.0016659541271978049 -0.0017463600507538477 -0.0016580293832196848 -0.00094662804057491911 0.0023709025926547701 0.0165000710823122 -0.0044040507029112627 0.01828859955270043 -0.0048563686042472996 0.0045867236685821228 -0.0031042204684925672 -0.0091244938417032601 0.0015035238367159421
leaf_weight=302.26880031824112 29.166287750005722 362.11650764942169 563.25025823712349 1250.7413266301155 34.848032116889954 16.666450142860413 217.80020073056221 186.3612152338028 262.11780679225922 87.498863250017166 69.696064233779907 37.87829577922821 34.848032116889954 33.332900285720825 512.87212485074997 23.105760425329208 664.00652500987053 914.76084306836128 489.38758146762848 30.302636623382568 462.49399146437645 33.332900285720825 60.605273246765137 224.23951101303101 16.666450142860413 92.801824659109116 374.23756229877472 497.3420235812664 121.58932945132256 407.57046258449554
leaf_count=201 62 239 608 1445 23 11 185 123 347 60 46 25 23 22 340 46 460 1029 752 20 561 22 40 148 11 62 247 794 180 269
internal_value=9.76858e-06 -0.000666185 -0.000584477 0.00120135 0.00229508 -1.13497e-05 -0.000478395 0.00491384 -0.000649875 -0.00365103 -0.00278948 -0.00149064 0.006752 0.0144292 -0.00130615 -0.00092867 -0.00232895 0.00195942 0.000571228 0.00212511 0.000928149 0.00828051 0.0114865 -0.00635795 0.00403834 0.000862458 0.00547248 -0.00259545 -0.00428691 0.000686025
internal_weight=8413.91 5368.49 5339.32 3045.41 1914.37 4237.82 3674.57 663.628 1131.05 389.768 1101.5 807.565 477.267 68.1809 2743.15 2525.35 1306.04 931.427 1219.3 729.915 741.278 124.241 93.9382 293.936 278.784 605.674 409.086 1282.94 618.931 445.449
internal_count=8401 5338 5276 3063 1883 4549 3941 438 1180 261 727 533 315 45 2901 2716 1480 1040 1236 484 919 82 62 194 358 402 270 1434 974 294
is_linear=0
shrinkage=0.03


Tree=84
num_leaves=31
num_cat=0
split_feature=72 42 88 92 97 43 99 92 83 15 41 21 93 96 15 21 47 97 73 15 96 92 87 67 94 12 20 8 13 70
split_gain=6.95131 6.80536 7.57001 7.16108 5.98609 5.34578 4.58789 4.53577 7.41731 5.09578 6.86185 5.33702 4.72325 4.51569 4.9833 4.50078 4.60208 4.41507 4.26429 4.22041 4.07699 4.07391 4.31541 6.70049 5.23126 4.94649 4.61998 4.20372 6.00124 3.96297
threshold=8.6290000000000209 -0.33999999999999991 4.0750000000000011 14.093901384083045 121.68376010320102 0.35618181818181865 0.88419624447613832 13.434897923875434 20.895000000000003 1025.4805000000003 0.56500000000000017 -0.65203211999079569 25.835000000000004 12.836500000000003 1013.6885000000001 -0.49848767142220984 13.705000000000002 42.709132954225801 3.3617808219178085 1012.8325000000001 0.73599999999993326 5.6895657439446383 1.135 -0.00084740406544043785 1.3327466072562408 345.95000000000005 -0.401548203699786 4.6550000000000011 5.378000000000001 3.8691499436918284
decision_type=2 2 2 10 10 2 2 10 10 10 2 8 10 2 8 8 10 8 2 10 2 8 2 2 8 10 8 2 10 10
left_child=1 15 3 4 7 13 -5 9 -9 11 -11 -3 17 14 -4 16 -1 -13 21 -6 -21 -19 24 -24 -23 -25 27 -26 -29 -28
right_child=-2 2 5 6 19 -7 -8 8 -10 10 -12 12 -14 -15 -16 -17 -18 18 -20 20 -22 22 23 25 26 -27 29 28 -30 -31
leaf_value=-0.00049254223348018506 -0.010681309633225063 0.0091626040129516827 0.0027954344268032129 -0.00068762722210376226 -0.0026195395088787119 -0.017183360931653759 -0.011448023136078603 0.01364700878246705 -0.0038449316139732045 -0.0014465265198608508 -0.010812504825108349 -0.0018696226179346117 0.011350054508917377 0.010520195502746807 -0.004087937445837588 0.0015932045241660868 0.015333835359009979 0.0085743382531625802 0.014784329544258245 0.0034760134610998701 0.012613707700551291 0.010466467986287411 -0.00062121404479536862 0.0041391451737473588 0.0022407355723451654 0.017076621326921188 -0.00088815484064609955 0.0020403742200190817 -0.0088708439002040413 -0.0090739119983194276
leaf_weight=26.514807045459747 54.544745922088623 59.090141415596008 111.36218959093094 65.150668740272522 53.029614090919495 23.48454338312149 78.786855220794678 54.544745922088623 36.363163948059082 504.53889977931976 81.817118883132935 911.73057940602303 33.332900285720825 22.726977467536926 631.05240768194199 1305.2860725522041 43.938823103904724 53.787180006504059 18.560364931821823 114.77123621106148 71.211196064949036 40.908559441566467 353.4044996201992 349.61667004227638 841.27694925665855 28.78750479221344 2206.031946182251 103.02896451950073 81.05955296754837 54.544745922088623
leaf_count=22 36 39 87 43 35 32 52 36 24 333 54 607 22 15 685 1337 29 37 19 78 47 27 393 359 559 19 3238 68 58 36
internal_value=-6.35778e-06 6.3293e-05 -0.000316604 3.5782e-05 0.000193084 -0.00308492 -0.00657753 1.7489e-06 0.00665023 -0.000103887 -0.00275341 0.000198647 9.42981e-05 -0.0026522 -0.00305543 0.00199186 0.00937767 1.98967e-05 0.000436922 0.00484608 0.00697476 0.000372169 0.00026347 0.0023492 -0.00019533 0.00512338 -0.000328065 0.00134219 -0.00276415 -0.00108567
internal_weight=8414.28 8359.74 6984 6195.37 6051.44 788.626 143.938 5812.42 90.9079 5721.52 586.356 5135.16 5076.07 765.142 742.415 1375.74 70.4536 5042.74 4131.01 239.012 185.982 4112.45 4058.66 731.809 3326.85 378.404 3285.94 1025.37 184.089 2260.58
internal_count=8426 8390 7002 6183 6088 819 95 5928 60 5868 387 5481 5442 787 772 1388 51 5420 4813 160 125 4794 4757 771 3986 378 3959 685 126 3274
is_linear=0
shrinkage=0.03


Tree=85
num_leaves=31
num_cat=0
split_feature=98 14 64 84 80 15 71 76 94 90 51 17 84 1 63 16 15 83 74 96 15 44 33 84 74 61 91 72 47 90
split_gain=8.85278 6.71026 6.70566 5.89864 9.40077 5.7322 5.45758 6.3772 6.32828 7.02398 7.56918 8.23929 7.81135 9.67262 6.26024 5.77685 5.4617 5.42857 4.97483 4.91789 4.90636 4.88667 4.83114 4.7946 4.75187 4.51155 4.38194 4.27984 4.18464 4.10607
threshold=106.2516907439708 74.885000000000005 3.8050000000000002 -3.40749999999997 11.011724137931036 1026.9165 17.570000000000004 2.0150000000000001 2.2141240813793819 0.70500000000000029 2.2850000000000006 0.8264423504948335 -2.4760000000000555 1.0000000180025095e-35 0.54500000000000015 -0.92980860373494434 1014.7800000000001 20.895000000000003 0.3963332216829572 -0.76350000000002172 1020.0740000000002 10.605526315789474 17.255000000000006 5.9594999999999922 0.33287599821644881 2.9255405405405415 0.061426547000472377 1.7835000000000039 17.845000000000002 2.3350000000000004
decision_type=10 8 2 2 8 10 10 2 10 2 2 2 2 2 2 2 10 10 2 2 10 8 10 2 2 2 2 2 10 2
left_child=1 2 18 -3 21 -4 7 14 22 10 12 -12 19 -14 -2 -11 26 -13 -1 28 25 -5 27 29 -6 -20 -17 -8 -10 -18
right_child=6 3 5 4 24 -7 8 -9 9 15 11 17 13 -15 -16 16 23 -19 20 -21 -22 -23 -24 -25 -26 -27 -28 -29 -30 -31
leaf_value=-0.0030348963349469847 0.0091688817927739526 -0.004489993738574811 -0.0080810980922147325 0.0025888783463838536 0.0019163673954789629 0.0057535483296189561 -0.002840374680839872 0.0039232103069547324 0.010893287395215039 0.013846465070489417 0.0021246554619497307 0.024362480194703946 -0.0029353995440492718 0.00945369627612953 -0.0020426788543896845 -0.0060344091620155773 0.002153950993093145 0.0092842752499581408 0.0056791126457620741 0.018207881167986183 -0.001287624486237645 0.0095458142195081787 0.0034169641469489779 -0.0033223118777791394 -0.0015024326398317891 -0.0067615149786765727 0.0043205161518527786 -0.010909392582113476 -0.001770378109130153 -0.0032663724067769069
leaf_weight=856.80705052614212 51.514482259750366 223.10316213965416 243.93622481822968 410.97950920462608 528.40222612023354 30.302636623382568 213.63358819484711 978.77516293525696 46.969086766242981 25.757241129875183 86.36251437664032 34.848032116889954 304.54149806499481 69.696064233779907 345.071274548769 225.75464284420013 822.71658432483673 56.059877753257751 195.45200622081757 31.817768454551697 519.69021809101105 116.66515100002289 75.756591558456421 251.51188397407532 1189.7572704255581 30.302636623382568 43.938823103904724 81.817118883132935 46.969086766242981 148.48291945457458
leaf_count=567 34 148 161 275 1167 20 141 646 31 17 57 23 204 46 230 149 546 37 132 21 343 77 50 166 2784 20 29 54 31 98
internal_value=6.85328e-05 -0.000865356 -0.0022176 0.000162416 0.000624597 -0.00655241 0.00109799 0.00262288 0.000280864 0.0008934 0.00343398 0.00876035 0.00154555 -0.000628119 -0.000586354 -0.000239975 -0.000483091 0.0150643 -0.00147566 0.00801416 0.000316504 0.0041271 -0.00334184 0.000369253 -0.000451016 0.00400923 -0.00434737 -0.00507487 0.00456145 0.00132526
internal_weight=8287.39 4345.4 1876.49 2468.91 2245.8 274.239 3941.99 1375.36 2566.63 2195.43 677.264 177.27 499.994 374.238 396.586 1518.16 1492.4 90.9079 1602.25 125.756 745.445 527.645 371.207 1222.71 1718.16 225.755 269.693 295.451 93.9382 971.2
internal_count=8304 5694 1243 4451 4303 181 2610 910 1700 1455 450 117 333 250 264 1005 988 60 1062 83 495 352 245 810 3951 152 178 195 62 644
is_linear=0
shrinkage=0.03


Tree=86
num_leaves=31
num_cat=0
split_feature=3 35 90 63 75 14 100 68 96 43 1 83 7 68 75 70 18 80 45 105 80 7 81 51 86 81 81 72 76 18
split_gain=7.98249 7.21168 7.544 7.02137 6.48515 6.46069 9.05451 7.32994 5.95802 5.90234 4.63126 6.52139 4.79359 5.14056 4.60874 4.44291 4.37342 4.35124 4.24066 6.59466 5.67838 4.63609 4.16216 7.47165 4.67616 4.13843 4.07219 3.91956 4.54136 3.63089
threshold=2.9050000000000007 19.090000000000003 0.32500000000000012 0.67500000000000016 2.8050000000000002 71.475000000000009 0.6822065281730445 13.761643835616439 11.243999999999973 -0.043818181818181375 1.0000000180025095e-35 14.510000000000002 6.3750000000000009 6.3719794520547959 0.44500000000000006 4.061579267320794 -0.51802700937312995 12.827448275862071 17.925000000000004 32.500000000000007 11.275375862068968 10.555000000000001 17.515000000000004 2.3050000000000002 0.2618821859987393 15.285000000000002 20.080000000000002 2.7484999999999791 4.3350000000000009 0.21149538126976905
decision_type=2 10 2 2 2 10 2 10 2 2 2 8 2 8 2 10 10 10 8 2 10 2 8 2 2 8 8 2 2 10
left_child=1 3 -3 14 8 9 -7 -8 18 22 12 -12 13 -11 29 -16 -4 -14 19 -2 -21 26 23 24 -5 -13 -20 28 -6 -1
right_child=4 2 16 5 27 6 7 -9 -10 10 11 25 17 -15 15 -17 -18 -19 21 20 -22 -23 -24 -25 -26 -27 -28 -29 -30 -31
leaf_value=0.002227941245078204 -0.018119059211109532 0.011539598233538043 0.0056705011960324703 -0.0087062350829242869 0.01226357672239551 0.0049241260494792853 0.00089527904104344481 -0.0066479767321387176 0.0094897936949133246 -0.025452909228569 0.012809851126308858 -0.0051489132837250502 -0.0028701932466465101 -0.00064495209736641762 0.0057954665689537244 0.022652927076934917 -0.0022948653389961706 -0.0081233588369974824 0.0029097756570610686 0.001303629332502216 -0.0056591839548126291 -0.019434714356979205 -0.00070165259042999383 0.013675341098632268 0.0021208266246278205 0.0010527636051909615 -0.0024951202186123136 -0.0062916852910876895 0.0017174406274876378 -0.0095799714057770696
leaf_weight=260.22389200329781 31.817768454551697 101.5138326883316 128.78620564937592 37.87829577922821 49.620567470788956 492.41784512996674 1162.1061145067215 128.78620564937592 34.848032116889954 7.5756591558456412 37.120729863643646 119.69541466236115 795.44421136379242 978.39637997746468 197.34592100977898 15.151318311691282 119.69541466236115 172.72502875328064 174.24016058444977 135.60429888963699 473.47869724035263 12.499837607145308 871.9583688378334 48.863001555204391 687.8698513507843 507.19038048386574 448.10023906826973 36.363163948059082 141.66482621431351 25.757241129875183
leaf_count=414 21 67 85 25 53 328 773 85 23 5 26 79 822 963 248 10 79 114 115 94 314 24 1297 36 454 967 727 24 131 17
internal_value=1.71988e-05 0.000453064 0.00464871 0.000228752 -0.00193695 -5.33092e-05 0.00146299 0.000142724 -0.00274879 -0.000687357 -0.00157243 0.000592105 -0.00230793 -0.000835563 0.003651 0.00699742 0.00183353 -0.00380738 -0.00308309 -0.00480454 -0.00410901 -0.00134521 0.000719971 0.00232025 0.00155574 -0.000131363 -0.000981881 0.00273685 0.00445317 0.00116445
internal_weight=8434.74 6896.5 349.995 6546.51 1538.24 6048.03 1783.31 1290.89 1310.59 4264.72 2618.15 664.007 1954.14 985.972 498.478 212.497 248.482 968.169 1275.74 640.901 609.083 634.84 1646.57 774.611 725.748 626.886 622.34 227.649 191.285 285.981
internal_count=8420 6894 231 6663 1526 5974 1186 858 1318 4788 2976 1072 1904 968 689 258 164 936 1295 429 408 866 1812 515 479 1046 842 208 184 431
is_linear=0
shrinkage=0.03


Tree=87
num_leaves=31
num_cat=0
split_feature=90 35 83 32 16 15 13 58 13 98 21 72 69 70 63 42 25 42 16 75 63 16 63 94 71 94 74 14 8 53
split_gain=7.28191 7.95433 7.05211 6.50018 6.27806 6.05941 6.48331 5.70966 5.61158 6.15274 4.92804 4.83328 4.4787 4.42202 4.27089 5.86472 4.23121 4.01171 3.56905 3.4778 3.4731 4.67923 4.58657 4.07159 4.65605 3.9954 3.73123 3.57153 3.55259 3.39823
threshold=1.9650000000000005 19.090000000000003 18.920000000000005 10.766428571428573 -0.94909439586795796 1026.0170000000003 1.5105000000000002 0.91778550227959566 6.0715000000000012 158.94100804604378 0.60355593965540077 5.2925000000000191 18.955000000000002 1.5958262357995947 0.66500000000000015 0.069999999999999965 3.2187500000000004 0.50000000000000022 -0.74565044637343025 2.8050000000000002 0.83500000000000008 -0.52532314051678164 1.0050000000000001 4.4139280396454614 22.555000000000003 3.5533684924720759 0.24304108323549237 53.085000000000008 3.8450000000000002 0.77500000000000047
decision_type=2 10 10 10 2 10 10 10 10 10 10 2 10 10 2 2 2 2 2 2 2 2 2 10 8 10 2 10 2 2
left_child=1 2 3 -1 16 6 -5 -3 9 12 29 14 -9 -7 -12 -16 -2 -6 -17 20 27 22 -22 24 26 -24 -23 -4 -26 -8
right_child=4 7 19 5 17 13 10 8 -10 -11 11 -13 -14 -15 15 18 -18 -19 -20 -21 21 23 25 -25 28 -27 -28 -29 -30 -31
leaf_value=-0.00021200575711195402 0.025936189855596693 -0.0029592151402604702 0.011932491622842795 0.012494838422478498 -0.0015139414799109009 -0.00061287619604237758 0.0074210612407868025 0.0094963248727426026 0.00020874966052008938 0.011454044912602998 0.0062035951001775244 0.013094296672082699 0.00059065029553844893 -0.011880436061793023 0.0029426187373792628 -0.011843926822176732 0.0026981182882067434 -0.0056726647832758288 -0.0012370782309651168 0.0069651265555866135 -0.01754409147785178 -0.0083386639820590743 -0.0066098645959371599 -0.0045875351284593545 0.0143885446794577 -0.00013961255023295258 -0.00047910732713198203 -0.001532030183713069 0.0014054032890773397 0.0021290469921097246
leaf_weight=3029.5060964226723 10.984705775976183 103.02896451950073 33.332900285720825 59.090141415596008 696.58185938000679 227.26977467536926 242.79987594485283 77.271723389625549 169.69476509094238 151.51318311691284 122.7256783246994 30.302636623382568 148.48291945457458 36.363163948059082 409.08559441566467 30.302636623382568 19.696713805198669 298.10218778252602 493.93297696113586 42.423691272735596 24.242109298706055 57.57500958442688 218.17898368835449 254.54214763641357 31.817768454551697 141.66482621431351 974.22976744174957 37.87829577922821 46.969086766242981 198.48226988315582
leaf_count=4380 20 68 22 39 732 150 161 51 112 100 81 20 98 24 270 20 40 328 326 28 16 38 144 168 21 98 643 25 31 137
internal_value=2.11769e-05 0.000349783 4.42499e-05 0.000643695 -0.00234801 0.0020447 0.00274447 0.00351924 0.00473956 0.00677751 0.00236732 0.00128134 0.0036389 -0.00216702 0.00094237 0.000250554 0.0110179 -0.00276029 -0.00185019 -0.00152603 -0.00172391 -0.0019883 -0.00491353 -0.00116528 -0.000380912 -0.00406263 -0.000917673 0.00477051 0.0066486 0.00504079
internal_weight=8418.07 7392.71 6742.72 4879.86 1025.37 1850.35 1586.72 649.992 546.963 377.268 1527.63 1086.35 225.755 263.633 1056.05 933.321 30.6814 994.684 524.236 1862.85 1820.43 1749.22 384.086 1365.13 1110.59 359.844 1031.8 71.2112 78.7869 441.282
internal_count=8391 7271 6842 5608 1120 1228 1054 429 361 249 1015 717 149 174 697 616 60 1060 346 1234 1206 1159 258 901 733 242 681 47 52 298
is_linear=0
shrinkage=0.03


Tree=88
num_leaves=31
num_cat=0
split_feature=97 30 64 42 41 79 71 92 9 88 17 43 75 96 87 75 86 75 87 81 2 67 52 54 16 63 75 79 96 70
split_gain=6.06224 5.5067 4.85848 7.25701 5.62421 5.55862 6.24861 4.74141 4.6693 4.06425 3.92312 3.86934 4.13488 3.75574 4.53429 3.84739 4.41839 3.93486 4.14891 3.56129 3.50515 3.74847 3.99952 3.88746 3.4219 3.33666 5.23129 4.46352 4.08061 11.7798
threshold=66.563812446233797 1.0350000000000004 2.6650000000000005 0.24999999999999992 0.82000000000000028 -0.010547482413920766 10.340000000000002 7.9168746461151303 203.49000000000004 2.5250000000000004 -0.69176507141280652 0.057636363636364076 1.6650000000000003 0.67549999999999966 0.14500000000000005 1.2550000000000001 0.32460125823342806 0.49500000000000005 0.42500000000000004 11.585000000000003 1.0000000180025095e-35 0.0093385490753911584 2.7050000000000005 -0.64499999999999991 -0.76480886364893286 0.54500000000000015 0.48500000000000004 0.028075249907441625 0.2040000000000646 3.0534112627745258
decision_type=10 2 2 2 2 2 8 10 2 2 2 2 2 2 2 2 2 2 2 8 2 2 2 2 2 2 2 2 2 10
left_child=1 2 4 20 5 10 -7 13 -6 -10 -1 -2 25 14 -8 17 -17 18 -16 -15 21 23 -23 -4 -5 27 -27 -13 -28 -30
right_child=11 -3 3 24 8 6 7 -9 9 -11 -12 12 -14 19 15 16 -18 -19 -20 -21 -22 22 -24 -25 -26 26 28 -29 29 -31
leaf_value=-0.0043497373081770258 0.0020259098845764991 -0.014098465405384968 0.0017687272753485962 0.0036750000096555284 -0.0026068334376594315 0.014489466464466487 0.012319644621194774 -0.0023815646291927462 0.017735128483679773 0.0017887998801990517 0.003503895859626491 0.011686853357114144 -0.0051076955501387026 0.012232634338196527 0.00065748072837468706 0.021361759343815411 0.0023806029042917573 -0.0029704475147912307 0.015095429613754936 0.0022033791777983838 -0.0032127157150546285 -0.007735257555840174 0.0027036283816702028 -0.0021026703539530011 -0.0048035527640352309 -0.0053635638939522464 -0.0012382931529678722 0.00051310810490578682 0.00097365105267549165 0.015632759078172111
leaf_weight=64.014319866895676 1787.8555607795715 26.893590003252029 332.95021989941597 46.211520850658417 27.272372961044312 24.242109298706055 24.999675214290619 904.53370320796967 41.666125357151031 21.969411551952362 541.28084668517113 53.029614090919495 133.3316011428833 42.423691272735596 166.28571847081184 13.257403522729872 65.908234655857086 450.37293681502342 20.075496762990952 128.02863973379135 356.05598032474518 35.226815074682236 530.29614090919495 781.0504589676857 587.49236753582954 146.96778762340546 485.97853484749794 81.817118883132935 432.94892075657845 55.681094795465469
leaf_count=76 1180 53 303 89 54 16 60 597 101 37 580 35 88 28 307 35 132 865 50 86 736 30 560 796 720 97 323 54 288 39
internal_value=6.93567e-05 -0.000558314 -0.000488362 -0.00138175 0.000451858 0.00017948 -0.000640848 -0.000842838 0.00777884 0.0122298 0.00267332 0.00110293 -8.44405e-05 0.000684377 -0.00023936 -0.000677928 0.00555927 -0.0014534 0.00221279 0.00469955 -0.000508978 6.42097e-05 0.00205338 -0.000945595 -0.00418527 0.000448627 -8.74347e-05 0.00490728 0.000708188 0.00264411
internal_weight=8410.12 5232.51 5205.61 2669.28 2536.33 2445.42 1840.13 1815.89 90.9079 63.6355 605.295 3177.61 1389.75 911.352 740.899 715.9 79.1656 636.734 186.361 170.452 2035.58 1679.52 565.523 1114 633.704 1256.42 1121.58 134.847 974.609 488.63
internal_count=8415 6311 6258 3234 3024 2832 2176 2160 192 138 656 2104 924 1563 1449 1389 167 1222 357 114 2425 1689 590 1099 809 836 747 89 650 327
is_linear=0
shrinkage=0.03


Tree=89
num_leaves=31
num_cat=0
split_feature=42 64 76 45 98 89 19 96 20 9 71 80 2 72 67 92 91 18 18 42 47 87 80 99 96 94 65 88 16 86
split_gain=5.90097 8.32797 9.07183 5.59846 5.45944 5.4147 5.64216 5.5985 6.20602 5.09153 5.08598 4.93962 4.77409 7.55636 5.07373 7.02049 6.33846 6.09894 5.62201 4.91986 4.68772 4.68334 4.30469 4.13721 4.13616 4.06733 4.83001 4.71798 4.01098 3.75529
threshold=-0.3299999999999999 2.2650000000000001 2.1950000000000007 16.485000000000003 27.489621497709106 1.8550000000000004 0.13234270771063311 -9.5909999999999496 -0.28685896142721568 345.55500000000006 17.570000000000004 10.217551724137932 1.0000000180025095e-35 -3.7379999999999991 0.014459459459459459 14.093901384083045 0.012211265942371274 0.067275190932416712 -0.14694621984601108 0.38999999999999985 14.610000000000001 0.17500000000000002 10.441186206896553 1.4085970402054062 2.25200000000001 2.544680030962819 0.88000000000000034 2.6950000000000007 -0.54960617940095735 0.99165023191315738
decision_type=2 2 2 10 8 2 10 2 10 2 10 10 2 2 2 10 2 8 8 2 8 2 8 2 2 8 2 2 2 2
left_child=22 2 5 10 -3 7 9 8 -2 -7 24 -9 14 -14 19 16 17 18 -16 -6 -15 29 -1 -19 25 -4 -27 -28 -8 -22
right_child=1 4 3 -5 12 6 28 11 -10 -11 -12 -13 13 20 15 -17 -18 23 -20 -21 21 -23 -24 -25 -26 26 27 -29 -30 -31
leaf_value=0.0064158783252066523 0.016712615387538068 -0.016371003848573921 0.010704901859263136 0.014076220519462192 -0.0010879398943512907 -0.0010894990710197247 0.018690812397269611 -0.00028128040156780984 0.0011789977669556253 0.021645257356363141 -0.0043795123776068558 -0.0043934459547883891 0.021937362143586103 0.0050544274696134369 0.0049595291398120923 -0.0088189374496404245 -0.00034550512747458077 0.003211823910080255 0.019168640202094224 -0.005607744223448315 0.017925576902105896 -0.0046320395418151692 0.0011719803003260568 -0.0060468600814563922 0.00060998434824192753 0.0010794839237950272 0.017878298284399279 0.0037635911261084043 0.0056170864591169427 -0.0064638954118790238
leaf_weight=157.95249339938164 33.332900285720825 21.211845636367798 113.63488733768463 45.453954935073853 1568.1614452600479 139.01334550976753 30.302636623382568 1336.7250580489635 75.756591558456421 9.4695739448070508 71.211196064949036 327.26847553253174 10.605922818183897 53.029614090919495 309.0868935585022 68.180932402610779 1023.8503349125385 101.13504973053932 27.272372961044312 251.51188397407532 15.151318311691286 702.6423867046833 1304.1497236788273 76.135374516248703 198.48226988315582 177.64920720458031 36.741946905851364 50.756916344165802 69.696064233779907 9.0907909870147687
leaf_count=105 22 14 75 30 1419 199 20 1408 50 25 47 216 7 35 210 45 915 126 18 214 40 1123 1361 108 131 232 73 68 46 24
internal_value=6.0838e-06 -0.000358235 0.000938725 0.0038983 -0.00118944 -7.71917e-05 0.00407027 -0.00065842 0.00592538 0.000360422 0.0031849 -0.00109005 -0.00111306 -0.00321451 -0.000628073 0.000601073 0.00101881 0.00373839 0.00611162 -0.00171266 -0.00355654 -0.00418475 0.00173848 -0.000764662 0.00411804 0.00595626 0.00392113 0.00969055 0.00957882 0.00877952
internal_weight=8414.66 6952.56 2715.5 693.93 4237.07 2021.56 248.482 1773.08 109.089 148.483 648.476 1663.99 4215.85 790.52 3425.33 1605.66 1537.48 513.63 336.359 1819.67 779.914 726.884 1462.1 177.27 577.265 378.783 265.148 87.4989 99.9987 24.2421
internal_count=8406 6940 2642 656 4298 1986 290 1696 72 224 626 1624 4284 1229 3055 1422 1377 462 228 1633 1222 1187 1466 234 579 448 373 141 66 64
is_linear=0
shrinkage=0.03


Tree=90
num_leaves=31
num_cat=0
split_feature=42 64 51 97 31 32 21 63 16 79 80 18 21 80 93 59 30 69 33 56 81 13 81 54 69 81 13 18 9 2
split_gain=7.01449 6.97077 8.61907 6.79569 5.40854 4.14947 8.65017 4.26727 7.06677 4.05995 4.86503 4.85499 4.00408 3.87 5.81857 4.15188 3.79068 4.55211 3.72347 6.74155 4.43929 3.7154 3.71358 3.54626 3.45508 3.61394 3.37019 3.23775 3.13839 3.12124
threshold=-0.36000000000000015 2.9250000000000003 2.2950000000000004 165.60776869435077 0.36900000000000055 10.766428571428573 0.60355593965540077 0.7350000000000001 -0.53685793598675657 0.010233709737134377 13.849789655172417 -0.74878219594134776 -0.49848767142220984 10.882937931034485 16.805000000000003 17.450000000000006 0.35500000000000004 11.945000000000002 16.755000000000006 16.401621621621626 17.385000000000002 4.1975000000000007 16.330000000000002 -0.29000000000000009 13.785000000000002 17.690000000000001 2.3065000000000002 -0.6635997978209992 162.27000000000001 1.0000000180025095e-35
decision_type=2 2 2 10 2 8 8 2 2 2 10 8 8 8 8 8 2 10 10 10 10 10 10 2 10 10 8 8 2 2
left_child=12 2 3 5 18 16 21 8 26 10 11 -9 -1 22 -15 -16 17 28 20 -20 29 -7 -13 -21 -23 -26 -8 -4 -2 -3
right_child=1 4 27 -5 -6 6 7 9 -10 -11 -12 13 -14 14 15 -17 -18 -19 19 23 -22 24 -24 -25 25 -27 -28 -29 -30 -31
leaf_value=0.0099489546332839091 0.0028611402416786036 0.00059724376486553301 0.0054897655482259956 0.016057982684360792 -0.0054948618855113025 -0.00033853813384519598 0.020683651915715428 -0.0056607794920036222 0.00023608343152156275 -0.0018149464203232764 -0.013746221895148274 0.0036277084743930343 0.0017220636731728875 -0.0041609598795550543 0.0077368240659763839 0.00097462462783822802 -0.0091514142383170762 -0.0020148559915712052 0.004608035276899132 0.0068711344299761095 -0.0033938294424965226 0.011377970970478549 0.01421428025148835 -0.0038951745705832369 0.0028513636399162927 0.01085296509466635 0.0067114423256598417 0.020891483993575242 -0.0016228263406572671 -0.0037809080568928653
leaf_weight=55.681094795465469 392.04036131501198 701.88482078909874 25.757241129875183 24.242109298706055 287.11748200654984 122.7256783246994 18.181581974029541 80.301987051963806 295.82949003577232 1054.1529715359211 19.696713805198669 122.7256783246994 1216.6508604288101 148.48291945457458 110.60462367534637 312.87472313642502 50.37813338637352 1028.7745133638382 251.8906669318676 31.817768454551697 804.91378530859947 76.135374516248703 39.393427610397339 204.54279720783234 278.78425693511963 62.120405077934265 106.81679409742355 23.48454338312149 218.93654960393906 185.22486636042595
leaf_count=42 264 878 17 16 296 81 12 53 457 1355 13 81 1244 98 73 730 34 679 167 21 535 51 26 135 187 41 177 35 146 447
internal_value=3.12601e-05 -0.0003373 0.0003512 0.000216484 -0.00162435 0.000131876 0.000830538 3.12824e-05 0.00276312 -0.000577558 0.000986317 0.00134264 0.0020821 0.00210875 0.00094907 0.00274078 -0.00104576 -0.000796734 -0.00111465 0.00119327 -0.00178063 0.00424967 0.00620015 -0.00244586 0.00559987 0.00430943 0.00874376 0.0128352 0.00125436 -0.000316896
internal_weight=8352.16 7079.83 4612.44 4563.2 2467.39 4538.96 2848.83 2309.06 420.828 1888.23 834.08 814.383 1272.33 734.081 571.962 423.479 1690.13 1639.75 2180.27 488.251 1692.02 539.766 162.119 236.361 417.04 340.905 124.998 49.2418 610.977 887.11
internal_count=8391 7105 4626 4574 2479 4558 3435 3075 646 2429 1074 1061 1286 1008 901 803 1123 1089 2183 323 1860 360 107 156 279 228 189 52 410 1325
is_linear=0
shrinkage=0.03


Tree=91
num_leaves=31
num_cat=0
split_feature=30 46 63 42 81 35 81 106 60 16 10 21 15 12 69 16 81 15 95 92 10 16 80 17 92 85 19 19 3 85
split_gain=5.94609 5.88855 6.02893 6.32376 6.2177 5.91095 5.86087 6.73162 6.04209 5.80838 8.16724 5.76711 7.10681 6.81592 5.3571 5.13382 5.10214 4.93544 4.89293 4.12438 3.98024 3.97448 3.95738 3.82036 3.81346 3.91708 3.54382 3.51479 3.5146 3.63137
threshold=0.48000000000000015 2.5561559448873221 0.7350000000000001 0.2900000000000002 11.585000000000003 19.090000000000003 17.385000000000002 36.500000000000007 -3.28249999999997 -0.53685793598675657 10.335000000000003 -0.32730014946278069 1025.0235 318.68500000000006 16.915000000000003 0.57121501830213606 11.390000000000002 1024.9275000000002 24.565000000000001 12.487140138408307 8.2350000000000012 0.0078539007690895841 8.5921827586206909 1.0000000180025095e-35 10.513327265955402 0.77714942528735653 -0.19337815887293974 -0.46885492046675264 2.8750000000000004 1.5224482758620692
decision_type=2 10 2 2 8 10 8 2 2 2 8 10 10 10 10 2 10 10 10 10 8 2 10 2 10 2 10 8 2 2
left_child=1 2 9 4 16 6 7 8 -6 10 -1 12 -9 -13 -10 -8 26 19 21 23 -2 -7 -12 -5 25 -25 -4 -11 29 -17
right_child=20 -3 3 17 5 18 15 11 14 27 22 13 -14 -15 -16 28 -18 -19 -20 -21 -22 -23 -24 24 -26 -27 -28 -29 -30 -31
leaf_value=-0.011258357076054406 -0.016266564912229074 0.0066486811682806889 0.010278695344444351 -0.0035786342571317931 0.0093176848069407275 0.0068527334305068773 -0.0018860695422023004 0.010721038441613965 -0.00071458848737553874 0.0073331050605155504 0.0051727193602135891 -0.00013096814592839092 -0.00084761757458606693 0.0048429721289322113 -0.0094418414130809543 -0.0016756096049518224 0.017167870555650666 -0.0059488437497885495 -0.00046288777560922061 -0.0062486043247291451 -0.0031856406683326228 -0.0037164621073428341 0.013996254939352413 0.0089316260487423901 0.0032222137444515471 -0.0015977207293490436 -8.5963767165050958e-05 -5.7791528941784777e-05 -0.0062721592929030909 0.005682524005757807
leaf_weight=20.075496762990952 22.726977467536926 124.24081015586853 45.453954935073853 294.69314116239548 51.514482259750366 268.17833411693573 1994.6710557341576 139.39212846755981 1254.5291562080383 67.044583529233932 109.08949184417725 816.65605700016022 72.726327896118164 356.05598032474518 66.66580057144165 87.877646207809448 30.302636623382568 230.30003833770752 198.48226988315582 130.30133748054504 265.52685341238976 36.363163948059082 78.786855220794678 33.711683243513107 284.84478425979614 560.21999457478523 85.604948461055756 424.99447864294052 38.635861694812775 192.80052551627159
leaf_count=14 15 82 30 286 34 177 2845 92 828 45 192 539 48 235 44 139 20 152 131 86 317 24 55 38 191 735 61 567 45 296
internal_value=1.70123e-05 0.000167795 6.67669e-05 -0.000189264 0.000268313 0.000100266 -0.000207393 0.000726834 -0.000761942 0.00272586 0.00692946 0.00220258 0.00675464 0.00137921 -0.00115495 -0.0013207 0.00607382 -0.00190015 0.00320211 -0.00118498 -0.00421699 0.00559074 0.00887291 -0.00062272 0.00036853 -0.00100007 0.00350872 0.000949282 0.00221104 0.00337876
internal_weight=8382.47 8094.21 7969.97 7269.98 5735.91 5574.55 5071.53 2757.54 1372.71 699.991 207.952 1384.83 212.118 1172.71 1321.19 2313.99 161.362 1534.07 503.024 1303.77 288.254 304.541 187.876 1173.47 878.776 593.932 131.059 492.039 319.314 280.678
internal_count=8363 8031 7949 7076 5588 5477 5145 1820 906 873 261 914 140 774 872 3325 111 1488 332 1336 332 201 247 1250 964 773 91 612 480 435
is_linear=0
shrinkage=0.03


Tree=92
num_leaves=31
num_cat=0
split_feature=31 98 24 21 7 48 71 12 85 86 58 70 72 65 88 21 90 33 69 65 76 82 69 80 60 12 89 83 73 73
split_gain=6.2087 6.15815 5.89927 5.52504 5.50843 5.13416 4.65073 6.58026 4.62028 4.85413 4.4044 4.21028 4.00376 3.97796 3.93978 3.58896 3.48717 3.38495 6.31324 6.90347 6.1777 5.31178 4.17061 4.08204 4.02703 4.06636 3.45564 3.51809 3.25506 4.86278
threshold=0.36299999999999999 113.57816159818017 38.912307000000006 -0.44361872531697444 9.4450000000000021 -1.2249999999999657 13.380000000000001 75.710000000000022 2.0962413793103449 1.2995664182784703 1.1682169236809146 0.9138597536198565 8.6290000000000209 1.9450000000000005 3.4450000000000007 0.89175804043734941 -0.53499999999999992 17.300000000000001 16.075000000000003 1.5150000000000003 2.7650000000000001 4.2874574608723561 19.285000000000004 10.651475862068969 2.5445000000000282 316.35000000000008 1.0950000000000004 22.100000000000005 1.7526712328767124 2.5176027397260277
decision_type=2 10 2 10 2 2 10 8 2 2 10 8 2 2 2 10 2 10 10 2 2 10 10 10 2 10 2 10 2 2
left_child=1 4 10 -3 6 -5 7 15 9 13 -2 -6 17 -9 -10 -1 -16 18 24 22 -19 23 -20 -21 26 -26 -7 -28 -25 -30
right_child=2 3 -4 5 11 12 -8 8 14 -11 -12 -13 -14 -15 16 -17 -18 20 19 21 -22 -23 -24 28 25 -27 27 -29 29 -31
leaf_value=0.001926229784934892 0.0056971502106027564 0.0068105834222439909 -0.0049865513059015321 0.0048703069344997948 0.0081957251147337928 -0.0051043381905868787 -0.0015569381711239014 -0.0014695477453928257 0.0078657742934775607 -0.022509886098550203 -0.0031823798528154575 0.00098786805660718924 -0.0090559798477511163 0.0045651726726644234 -0.0033151107903479022 0.0097822283303420528 0.0032158057389962019 0.010949506886474563 -0.0038010484068316066 0.014000099943016228 0.0016014886149936878 -0.0053453286243779347 0.0036339231035018311 -0.0023411126393718244 0.0025123772429208602 0.013627752763516743 0.001993040980087857 -0.0064153856498385502 0.010507177635084828 -0.0016598666331845812
leaf_weight=118.18028283119202 101.89261564612389 156.05857861042023 398.47967159748077 283.32965242862701 107.57436001300812 74.241459727287292 2432.5441549420357 1141.273051828146 95.832088321447372 9.4695739448070508 99.241134941577911 226.5122087597847 37.87829577922821 107.57436001300812 112.87732142210007 93.938173532485962 211.36089044809341 74.620242685079575 654.91573402285576 34.848032116889954 431.8125718832016 62.120405077934265 75.756591558456421 69.696064233779907 76.135374516248703 48.484218597412109 962.48749575018883 46.969086766242981 75.756591558456421 48.484218597412109
leaf_count=78 185 103 422 187 71 49 1610 2386 157 25 67 226 25 284 250 62 507 50 433 23 285 44 50 46 51 32 636 31 50 32
internal_value=7.02208e-05 0.000294402 -0.00287246 0.00130459 -0.000402666 0.00102356 -0.000689486 0.000426678 -0.000202534 -0.00111198 0.00131591 0.00330877 0.000630694 -0.000949723 0.00252169 0.00540531 0.000942192 0.000764785 0.000261942 -0.0014741 0.00297887 0.00243435 -0.00303019 0.00454672 0.00172969 0.0068369 0.00114238 0.0016018 0.00284806 0.00575906
internal_weight=8470.34 7870.73 599.613 3213.59 4657.14 3057.54 4323.05 1890.51 1678.39 1258.32 201.134 334.087 2774.21 1248.85 420.07 212.118 324.238 2736.33 2229.9 1021.58 506.433 290.905 730.672 228.785 1208.32 124.62 1083.7 1009.46 193.937 124.241
internal_count=8457 7783 674 2127 5656 2024 5359 3749 3609 2695 252 297 1837 2670 914 140 757 1812 1477 678 335 195 483 151 799 83 716 667 128 82
is_linear=0
shrinkage=0.03


Tree=93
num_leaves=31
num_cat=0
split_feature=42 64 69 42 82 45 95 49 69 91 69 96 20 26 13 77 72 23 13 76 45 13 81 72 7 62 71 33 85 90
split_gain=6.06696 7.6443 4.83385 4.79878 4.07712 5.14197 5.13003 3.97097 4.20422 10.6287 5.57942 4.69693 4.64841 4.14103 3.94609 3.86513 4.38541 4.24495 4.34535 3.94148 3.81774 3.78815 3.57843 3.76676 3.57414 4.10185 3.4013 3.18465 3.07297 2.98229
threshold=-0.27999999999999986 2.9250000000000003 19.150000000000002 0.35000000000000037 5.0721250288802517 17.055000000000003 21.710000000000004 2.5076315789473687 16.915000000000003 -0.023335557392536597 17.045000000000005 -9.5909999999999496 -0.28685896142721568 0.32015620763929109 -3.0234999999999994 1.7450000000000001 6.7175000000000304 1.6341287869537304 6.5215000000000005 3.6350000000000002 17.925000000000004 7.9675000000000002 17.395000000000003 1.9975000000000593 10.285000000000002 0.2586230574928034 19.330000000000002 20.945000000000004 2.2680344827586212 -1.2049999999999998
decision_type=2 2 10 2 10 10 10 2 10 2 10 2 10 2 8 2 2 2 8 2 8 10 10 2 2 2 10 10 2 2
left_child=29 2 7 4 5 22 28 8 11 -10 -11 12 -2 14 -13 16 24 -17 -19 -20 -5 -12 23 26 -16 -26 -3 -22 -7 -1
right_child=1 3 -4 20 -6 6 -8 -9 9 10 21 13 -14 -15 15 17 -18 18 19 -21 27 -23 -24 -25 25 -27 -28 -29 -30 -31
leaf_value=-0.0038551737783400638 0.012929560155657147 -0.0018638114174072725 0.0079580850174371994 -0.0061277602789313991 -0.0091269402630439669 0.0042599495080696643 -0.00030157554008616307 0.0082318113060616364 0.015106827476791552 -0.016313844016263252 0.00037762652836001399 -0.013142112171131806 0.0015050881182041215 -0.010028848443927816 -0.0003558250044654626 0.00089871341971044813 0.014041076213160976 7.7244790237091456e-05 0.01267543574278248 -0.0038517552620814391 -0.00085862169948790321 -0.0061339988479612723 -0.0035618069326286035 0.0041255736985310303 -0.00060960016566552217 0.010550698263565007 0.010397914188004049 -0.01287696724296861 0.014325490127359519 0.0018403089602153453
leaf_weight=87.120080292224884 51.514482259750366 507.19038048386574 72.726327896118164 352.64693370461464 53.029614090919495 97.726003110408783 227.26977467536926 54.165962964296341 27.272372961044312 31.817768454551697 148.48291945457458 19.696713805198669 84.847382545471191 35.605598032474518 3067.0056092441082 365.52555426955223 19.696713805198669 57.57500958442688 90.907909870147705 15.151318311691282 307.57176172733307 175.37650945782661 497.72080653905869 142.42239212989807 59.46892437338829 59.090141415596008 21.211845636367798 21.211845636367798 37.87829577922821 1646.9483004808426
leaf_count=101 34 868 48 235 35 66 150 62 18 21 98 13 56 58 3108 491 13 38 129 16 446 118 330 94 46 39 14 14 25 1630
internal_value=-2.74621e-05 -0.000436703 0.000287433 -0.00185435 -0.00094895 -0.000665765 0.00245373 0.000159578 5.81076e-05 -0.00294232 -0.00432628 0.000350768 0.005821 0.000153939 0.000250516 0.000321154 -7.09971e-05 0.00269652 0.00671244 0.0103144 -0.00395956 -0.00314855 -0.00163448 -0.000204486 -0.000158254 0.00495272 -0.00137158 -0.001634 0.00707155 0.00155417
internal_weight=8435.88 6701.81 4435.93 2265.88 1584.45 1531.42 362.874 4363.2 4309.03 382.95 355.677 3926.09 136.362 3789.72 3754.12 3734.42 3205.26 529.16 163.634 106.059 681.431 323.859 1168.55 670.825 3185.56 118.559 528.402 328.784 135.604 1734.07
internal_count=8414 6683 4406 2277 1582 1547 241 4358 4296 255 237 4041 90 3951 3893 3880 3206 674 183 145 695 216 1306 976 3193 85 882 460 91 1731
is_linear=0
shrinkage=0.03


Tree=94
num_leaves=31
num_cat=0
split_feature=8 31 33 16 105 64 75 87 16 84 3 79 94 94 103 105 86 46 16 71 94 13 77 69 40 86 96 96 89 3
split_gain=5.62242 6.72856 6.02222 5.07533 6.66146 5.08117 4.07223 4.64171 4.17143 4.38508 4.01764 3.94451 3.93243 4.50083 4.16704 4.99073 3.88199 3.84598 5.27924 4.13849 5.91183 7.23776 5.29608 4.08526 4.03165 5.71901 3.94037 4.2806 5.1341 3.67764
threshold=4.4050000000000011 0.36900000000000055 12.235000000000001 -0.62707976250810538 121.50000000000001 3.9850000000000008 0.47500000000000003 0.44500000000000006 0.4743954958321015 -1.0000000180025095e-35 1.655 0.011825712699000433 2.0450973189541735 3.0132097090605527 143.50000000000003 67.500000000000014 0.34438249765463119 2.0921095346426903 0.77062443556403204 17.570000000000004 2.2238388719948134 8.2450000000000028 1.1350000000000005 16.785000000000004 2.6750000000000003 0.63511039253700541 -7.68999999999994 3.0185000000000746 2.1050000000000009 1.8450000000000004
decision_type=2 2 10 2 2 2 2 2 2 2 2 2 8 8 2 2 2 10 2 10 10 10 2 10 2 2 2 2 2 2
left_child=2 3 6 4 5 -2 7 -1 10 -10 -8 -12 -11 -14 -15 -16 -17 19 23 -4 -21 22 -22 -19 26 -26 -24 29 -29 -28
right_child=1 -3 17 -5 -6 -7 8 -9 9 12 11 -13 13 14 15 16 -18 18 -20 20 21 -23 24 -25 25 -27 27 28 -30 -31
leaf_value=0.0017980017319378047 0.0093207158644398914 -0.005507281846189164 0.0026404647787316906 -0.0015280723562649558 -0.0048267489411492207 0.00078614920698806567 0.00049653366876818543 0.016494365522478575 -0.0012099699982257217 0.0080466643194073099 -0.00088399626637194377 -0.0037559176842004906 -0.0033989037224199077 0.016397851644187045 -0.0048352013538384394 0.019936017598129897 0.0038390351276328624 0.00044296435324909887 -0.0037575776362867375 -0.0046125849054906359 0.01030927450161024 -0.0028451067702881722 0.010493582922651306 0.013514218718645504 0.0096731829235188679 0.0012689251514445283 0.0035897688690916464 0.012416532630855473 0.0001815373385546077 -0.0045352847914371785
leaf_weight=355.6771973669529 125.37715902924538 308.70811060070992 1069.3042898476124 1287.4832735359669 81.438335925340652 125.75594198703766 771.95966798067093 20.454279720783234 402.26750117540359 109.08949184417725 1017.789807587862 745.82364389300346 113.63488733768463 21.59062859416008 59.847707331180573 14.772535353899 154.5434467792511 30.302636623382568 34.848032116889954 199.99740171432495 69.696064233779907 328.40482440590858 30.302636623382568 74.241459727287292 115.15001916885376 198.48226988315582 63.635536909103394 40.908559441566467 125.75594198703766 236.36056566238403
leaf_count=645 136 311 708 1278 92 98 841 33 270 72 1151 1093 75 24 122 39 291 20 23 132 46 219 20 49 76 131 42 27 83 156
internal_value=-2.8166e-05 -0.00144814 0.000399448 -0.000674658 0.00262917 0.005047 -0.000365278 0.0025972 -0.000691921 0.00109313 -0.00130845 -0.00209852 0.00304985 0.00155392 0.00379841 0.00261135 0.00524347 0.00150603 0.00635469 0.00123329 0.000165132 0.000955678 0.00237361 0.00972545 0.00169129 0.00435455 1.05229e-05 -0.000670195 0.00318467 -0.00281179
internal_weight=8333.6 1928.76 6404.84 1620.05 332.571 251.133 3787.45 376.131 3411.32 875.746 2535.57 1763.61 473.479 364.389 250.754 229.164 169.316 2617.39 139.392 2478 1408.69 1208.7 880.292 104.544 810.596 313.632 496.963 466.661 166.665 299.996
internal_count=8303 1915 6388 1604 326 234 4656 678 3978 893 3085 2244 623 551 476 452 330 1732 92 1640 932 800 581 69 535 207 328 308 110 198
is_linear=0
shrinkage=0.03


Tree=95
num_leaves=31
num_cat=0
split_feature=42 76 93 90 14 79 35 80 53 90 49 73 19 97 85 14 7 71 49 98 86 65 14 96 84 32 58 33 3 93
split_gain=5.05371 7.44321 5.35267 4.89559 4.31953 4.8864 5.77823 5.20952 4.41802 4.25666 6.47278 5.67565 4.5611 5.14434 4.40609 4.14044 4.05866 3.97697 3.77568 3.57834 3.42467 3.37752 3.35485 4.66822 4.34308 3.36084 3.3294 3.32349 3.2458 3.09282
threshold=0.024999999999999915 2.8850000000000002 23.240000000000006 -1.2049999999999998 51.565000000000005 0.0063518141429099806 13.425000000000002 10.882937931034485 1.1550000000000005 0.68000000000000005 2.7636842105263164 2.5176027397260277 -0.07323819712763173 54.530542072401687 1.3126551724137934 80.450000000000017 8.9850000000000012 15.400000000000002 1.2513157894736846 119.45100264592132 0.25580626546216989 0.96000000000000041 86.550000000000011 2.8070000000000168 3.26600000000002 13.143571428571429 2.6185032762565048 9.8550000000000022 2.5050000000000003 11.775000000000002
decision_type=2 2 10 2 8 2 8 8 2 2 2 2 8 8 2 10 2 8 2 10 2 2 8 2 2 10 10 10 2 10
left_child=3 2 4 -1 18 6 -6 15 16 10 14 -12 17 28 21 -8 22 27 -2 -9 -16 -5 24 -24 25 29 -22 -11 -14 -7
right_child=1 -3 -4 9 5 8 7 19 -10 12 11 -13 13 -15 20 -17 -18 -19 -20 -21 26 -23 23 -25 -26 -27 -28 -29 -30 -31
leaf_value=-0.0041164155012755463 -0.011152688248472677 -0.0021083016422534444 0.015978159705015149 0.0022909168474950403 -0.00016617384607881244 0.0059222120041709609 0.0062468063899581688 0.004869192827380903 0.0038667727778276934 -0.00048078671484459717 0.015774819179957635 0.0043357804930940604 -0.0019231252277064595 0.0003947802986923558 -0.0040465824541888662 0.016663958068378296 0.0057557893081918426 0.0012082717198356897 -0.001498675496344944 -0.004128389222237982 0.0011540992568881395 0.010923877767599391 -0.0024089360947960681 -0.0177235597709944 -0.0043280886672559925 0.0052890819215199595 0.011486334401110208 0.01048114465209387 -0.0079184773509544133 -0.0011187727527534528
leaf_weight=169.69476509094238 39.772210568189621 1775.3557231724262 19.696713805198669 91.665475785732269 278.78425693511963 67.044583529233932 101.5138326883316 146.96778762340546 220.83046439290047 35.226815074682236 51.893265217542648 157.57371044158936 306.43541285395622 1110.2128492891788 113.63488733768463 51.893265217542648 81.817118883132935 520.44778400659561 437.87309920787811 54.544745922088623 1123.849035769701 73.483893811702728 514.00847372412682 18.560364931821823 149.99805128574371 148.48291945457458 28.78750479221344 84.847382545471191 110.60462367534637 345.45005750656128
leaf_count=193 27 1765 13 80 184 45 70 334 310 24 38 167 203 1506 78 35 63 357 289 36 1080 80 868 13 99 98 19 56 73 228
internal_value=9.22213e-05 -0.000602057 0.000396778 0.00086926 0.000281295 0.000847449 0.00306609 0.00560498 -6.18554e-05 0.0010914 0.00224415 0.00716968 0.000218823 -0.000672347 0.00152337 0.00977063 -0.00071644 0.00234372 -0.00230254 0.00243376 0.000922285 0.00613219 -0.00114227 -0.00294266 0.000206344 0.00141879 0.00141215 0.00726518 -0.00351317 2.56297e-05
internal_weight=8430.95 4452.59 2677.24 3978.36 2657.54 2179.9 633.704 354.92 1546.19 3808.66 1640.89 209.467 2167.77 1527.25 1431.42 153.407 1325.36 640.522 477.645 201.513 1266.27 165.149 1243.54 532.569 710.976 560.978 1152.64 120.074 417.04 412.495
internal_count=8431 4477 2712 3954 2699 2383 659 475 1724 3761 1542 205 2219 1782 1337 105 1414 437 316 370 1177 160 1351 881 470 371 1099 80 276 273
is_linear=0
shrinkage=0.03


Tree=96
num_leaves=31
num_cat=0
split_feature=39 97 63 34 42 82 2 14 63 16 53 96 44 32 10 31 73 85 21 15 77 94 42 62 81 44 75 68 75 9
split_gain=6.28638 5.33931 5.97852 5.66132 4.66949 4.60064 4.28843 9.58993 7.16217 9.02507 5.41141 4.5823 7.1857 4.74976 4.38235 4.11126 4.21336 5.03915 4.74242 4.68767 3.91701 3.66831 3.95735 3.65742 3.92401 3.4699 3.33779 4.66125 3.33455 3.33441
threshold=0.59500000000000008 43.986876859061837 1.5250000000000001 1.7383077847968398 0.40000000000000008 5.0721250288802517 1.0000000180025095e-35 81.15000000000002 0.7350000000000001 -0.56676575645887362 1.415 -0.202000000000055 12.91605263157895 17.134285714285721 10.545000000000002 -0.1409999999999991 2.5574657534246579 1.6047241379310346 0.65394891699803004 1025.2380000000003 1.2250000000000003 2.9205851836970447 0.94500000000000006 0.6070004479416099 16.035000000000004 17.702894736842108 2.8050000000000002 16.69705479452055 0.88500000000000012 330.90500000000003
decision_type=2 8 2 8 2 10 2 10 2 2 2 2 8 10 10 2 2 2 10 10 2 10 2 2 8 10 2 8 2 2
left_child=-1 2 3 4 -2 6 15 8 9 23 -11 13 14 -10 -13 -3 17 18 19 21 -16 -17 -23 24 -8 26 -18 -28 -19 -22
right_child=1 5 -4 -5 -6 -7 7 -9 11 10 -12 12 -14 -15 20 16 25 28 -20 -21 29 22 -24 -25 -26 -27 27 -29 -30 -31
leaf_value=-0.012787287750526554 0.0013660461289515594 0.0025678050999869543 -0.0030027244996219935 0.01122991592916962 -0.0053486145183764865 -0.0044867344442440747 0.019770705558239426 0.015877445306284963 -0.00965843421099233 0.0032627338737843802 -0.0086290442970210178 -0.0037568674172047257 -0.0026932261682950406 0.0017994134384298646 0.012719733507060684 0.00084804395638639557 -0.0019616684719760899 0.0082980772972311261 -0.0012774548289445592 -0.0041224092187538463 -0.0010220706423581475 0.0067521530224313384 -0.0045101413903793873 0.020590491162840813 0.0028794910271123225 -0.011703208655027372 0.0074931295445106755 -0.0063156575391775964 0.0020039175908839984 0.0096446905866569427
leaf_weight=34.090466201305389 463.6303403377533 1179.1513476073742 923.09406813979149 43.560040146112442 116.66515100002289 163.63423776626587 16.666450142860413 30.302636623382568 125.75594198703766 96.968437194824219 53.408397048711777 57.57500958442688 805.67135122418404 43.938823103904724 51.514482259750366 375.37391117215157 599.99220514297485 80.301987051963806 1094.303965061903 103.02896451950073 74.241459727287292 239.01204636693001 31.817768454551697 25.757241129875183 48.105435639619827 28.78750479221344 80.301987051963806 30.302636623382568 1337.4826239645481 40.908559441566467
leaf_count=72 309 1100 625 34 80 108 11 20 83 190 105 38 1632 29 34 733 576 68 723 68 49 163 21 44 100 19 53 50 1206 27
internal_value=6.91714e-05 0.00012159 -0.00146952 0.000799094 1.61013e-05 0.000482796 0.000605067 -0.000824543 -0.00117589 0.00354454 -0.000960794 -0.00212385 -0.00137122 -0.00669167 0.00337862 0.001011 0.000552158 0.00101572 -1.8429e-05 0.00182046 0.0058436 0.00276798 0.00542903 0.0110283 0.00722577 -0.00149254 -0.00107889 0.0037099 0.00236041 0.00276744
internal_weight=8395.35 8361.26 1546.95 623.856 580.295 6814.31 6650.67 1470.81 1440.51 240.906 150.377 1199.61 1029.91 169.695 224.24 5179.86 4000.71 3261.32 1843.54 749.233 166.665 646.204 270.83 90.5291 64.7719 739.384 710.597 110.605 1417.78 115.15
internal_count=8370 8298 1048 423 389 7250 7142 2362 2342 450 295 1892 1780 112 148 4780 3680 2982 1708 985 110 917 184 155 111 698 679 103 1274 76
is_linear=0
shrinkage=0.03


Tree=97
num_leaves=31
num_cat=0
split_feature=3 33 15 3 30 92 21 63 90 35 76 53 16 61 48 48 63 15 89 93 92 68 1 97 68 15 86 13 63 82
split_gain=5.96446 5.86052 7.51594 6.58942 5.79633 5.50574 6.4637 5.78662 5.29007 5.20901 6.03161 5.18817 5.07427 4.81553 4.95659 4.41163 4.50435 4.3653 4.58579 4.36543 4.14586 3.88233 3.69327 5.547 3.87983 3.6581 3.62323 3.50292 3.4692 3.4641
threshold=1.8250000000000004 12.285000000000002 1006.8730000000002 2.5250000000000004 -0.26999999999999985 12.396730103806229 -0.3372595246653563 1.5850000000000002 1.4350000000000003 13.425000000000002 2.0150000000000001 2.6750000000000003 -0.94123492117109386 1.0890540540540543 0.77250000000003649 -0.82650000000006674 1.2150000000000001 1025.2380000000003 1.4350000000000003 25.835000000000004 15.413238754325262 12.695684931506852 1.0000000180025095e-35 91.337586631671755 11.735547945205482 1025.2380000000003 0.45288976753833871 6.4035000000000002 0.63500000000000012 4.0678229143054212
decision_type=2 8 10 2 2 10 8 2 2 10 2 2 2 2 2 2 2 10 2 10 10 10 2 10 8 10 2 10 2 10
left_child=9 2 -2 -4 -3 6 25 -7 20 -1 13 12 28 14 -11 -12 -17 18 21 22 26 -14 24 -24 -20 27 -9 -6 -8 -26
right_child=1 4 3 -5 5 7 11 8 -10 10 15 -13 17 -15 -16 16 -18 -19 19 -21 -22 -23 23 -25 29 -27 -28 -29 -30 -31
leaf_value=0.00030640964436457082 0.0032223783456890079 0.0029346886921471659 -0.0021901832377780729 -0.0086255901108875672 0.010580611807934789 -0.010517092772173628 0.018434543075144805 -0.0048694828950660834 -0.0050348748927332675 0.00069062816404781883 0.01093435536635492 -0.014431033587518304 0.0035799003182765371 -0.0027174673187942821 0.014040878630610187 0.0095462647890361477 0.0022360231033944542 -0.0043686466206169861 0.0017359180226679354 0.012858129232397526 -0.005416739638873791 0.019081338952102542 0.00042534328209635779 0.0084393759377906115 -0.0011443807206810549 -0.0029059376257650751 0.0028990114658847227 0.0020714997491553832 0.003929384233835688 -0.0053106426881167051
leaf_weight=1809.8249723315239 197.72470396757126 548.47772288322449 1017.0322416722775 166.66450142860413 104.54409635066986 74.241459727287292 18.939147889614105 65.150668740272522 277.2691251039505 80.301987051963806 95.45330536365509 22.726977467536926 114.01367029547691 215.14872002601624 36.363163948059082 96.968437194824219 348.48032116889954 215.14872002601624 347.34397229552269 22.726977467536926 95.45330536365509 16.666450142860413 489.0087985098362 92.423041701316833 1087.4858718216419 40.908559441566467 316.66255271434784 74.620242685079575 68.559715360403061 215.14872002601624
leaf_count=2129 132 617 672 110 69 49 17 43 183 53 63 54 148 142 24 64 230 142 233 15 63 11 1087 61 1392 27 209 62 145 148
internal_value=5.82789e-05 -0.000491595 -0.00219189 -0.00309629 5.36895e-05 -0.000366674 0.000243925 -0.00252554 -0.00173922 0.00122441 0.00312815 -0.000157581 -3.6875e-05 -5.6146e-05 0.00485175 0.00508154 0.00382737 -0.000276016 9.32048e-05 -0.000223544 0.0001754 0.0055569 -0.000356781 0.00169924 -0.0010813 0.00518846 0.00157344 0.00703665 0.00706903 -0.0018325
internal_weight=8371.48 5688.94 1381.42 1183.7 4307.52 3759.04 2930.26 828.777 754.536 2682.54 872.716 2710.19 2687.47 331.814 116.665 540.902 445.449 2599.97 2384.82 2254.14 477.267 130.68 2231.41 581.432 1649.98 220.073 381.813 179.164 87.4989 1302.63
internal_count=8394 5689 914 782 4775 4158 3611 547 498 2705 576 3453 3399 219 77 357 294 3237 3095 2936 315 159 2921 1148 1773 158 252 131 162 1540
is_linear=0
shrinkage=0.03


Tree=98
num_leaves=31
num_cat=0
split_feature=38 91 16 21 42 79 9 33 69 82 82 42 16 46 94 87 99 15 37 77 84 13 83 75 63 69 81 93 96 84
split_gain=5.31554 5.61505 8.05086 7.83088 6.75657 6.58821 6.11338 5.03182 6.73221 5.0722 4.56726 7.52712 5.37942 4.6678 4.33485 4.09686 3.99391 4.77286 3.89484 3.76699 6.0353 5.0796 4.56733 3.86243 4.27102 3.73435 3.59 4.72736 3.42402 3.95498
threshold=0.83620196692895099 0.013990965989607926 -0.94123492117109386 -0.76062965362114654 0.35000000000000037 0.045037948907811882 285.70500000000004 11.035000000000002 13.975000000000003 5.0721250288802517 2.1980882001465614 0.47999999999999993 -0.598674154253094 2.2162587089860875 3.5805137032379393 0.71500000000000008 1.2558542863070299 1020.1915000000001 1.7225000000000004 2.3850000000000007 5.5440000000000405 -2.3869999999999991 21.570000000000004 0.66500000000000015 1.1950000000000001 13.605000000000002 11.585000000000003 11.180000000000001 -5.7915000000000409 4.7015000000000109
decision_type=2 2 2 8 2 2 2 10 10 10 8 2 2 10 8 2 2 10 2 2 2 10 10 2 2 10 8 10 2 2
left_child=1 3 15 -1 7 10 14 26 -9 19 11 12 -5 -12 -7 -3 17 -8 -15 23 21 -21 -23 -10 -25 -6 27 -4 -14 -30
right_child=-2 2 4 5 25 6 16 8 9 -11 13 -13 28 18 -16 -17 -18 -19 -20 20 -22 22 -24 24 -26 -27 -28 -29 29 -31
leaf_value=0.018393761980868062 -0.011657284733556286 0.01288903294803226 -0.0046423896384614836 -0.0050007964206079981 -0.00030184886416689268 0.0038873155887311551 0.0056298733951827161 0.0052669243420070556 -0.0044654066982410846 -0.0073378030129797088 0.0010127989765837506 -0.0059305347892590404 0.0075578544732998161 0.01695202937189173 -0.0051039688829176751 -0.0077688427928273955 0.0043969092345342393 0.021667988048537236 0.0033216871262297647 0.018120573458770613 -0.0015591978158283715 0.0077556281307641899 -0.00033292557976897754 0.0069748237966731335 -0.00029219199386154463 -0.0046654757572330043 -0.0020350248530650351 0.010772125112668547 -0.0004184003633307917 0.0046579252598890446
leaf_weight=22.726977467536926 35.605598032474518 55.681094795465469 29.545070707798004 175.7552924156189 254.54214763641357 93.938173532485962 39.772210568189621 242.42109298706055 187.87634706497192 81.817118883132935 1303.3921577632427 229.54247242212296 60.605273246765137 30.302636623382568 99.241134941577911 10.227139860391615 325.37456074357033 28.78750479221344 49.999350428581238 25.757241129875183 184.84608340263367 140.52847734093666 113.63488733768463 77.271723389625549 1254.5291562080383 575.7500958442688 1419.299742847681 45.453954935073853 1048.4712271690369 159.08884227275848
leaf_count=15 67 84 24 116 471 62 39 160 124 54 1764 153 40 20 157 27 322 19 33 17 122 98 75 51 828 380 2271 30 692 105
internal_value=-9.04764e-05 -4.12492e-05 -0.00072781 0.000838564 -0.00087591 0.000729083 0.00363978 -0.000340615 0.000537312 -1.75824e-05 0.000170096 -0.000884296 -8.20872e-05 0.0014453 -0.000731736 0.0096835 0.00578351 0.0123641 0.00846521 0.000284225 0.00264773 0.00542579 0.00413929 -0.000438614 0.000129444 -0.00332772 -0.00169701 0.00469974 0.000599598 0.000250375
internal_weight=8401.78 8366.18 4699.18 3667 4633.27 3644.27 587.114 3802.98 2308.68 2066.26 3057.16 1673.46 1443.92 1383.69 193.179 65.9082 393.934 68.5597 80.302 1984.44 464.767 279.921 254.163 1519.68 1331.8 830.292 1494.3 74.999 1268.17 1207.56
internal_count=8420 8353 4816 3537 4705 3522 599 3854 1529 1369 2923 1106 953 1817 219 111 380 58 53 1315 312 190 173 1003 879 851 2325 54 837 797
is_linear=0
shrinkage=0.03


Tree=99
num_leaves=31
num_cat=0
split_feature=61 42 76 34 27 21 20 94 24 64 85 106 80 76 86 95 89 94 81 12 52 57 1 57 70 14 77 42 40 69
split_gain=5.59466 9.88041 7.07984 5.32406 4.85996 5.18406 4.7624 7.33041 4.40491 3.88783 5.43859 3.63663 3.48834 3.3682 3.60834 3.15974 3.02193 3.87497 3.00505 4.63061 5.46781 3.68088 3.72908 2.98245 2.93335 3.00694 4.35827 3.07652 2.83268 2.80708
threshold=1.8821621621621623 0.24999999999999992 2.5350000000000006 1.480728577096035 0.96500000000000008 -0.69012477479254575 -0.80364913036467234 2.8924879024024333 15.0244725 2.6250000000000004 2.662655172413793 49.500000000000007 10.615227586206899 2.6850000000000005 0.40986228430937638 17.845000000000002 1.1250000000000002 1.3704955136982953 17.385000000000002 100.55000000000001 3.1250000000000004 17.940000000000001 1.0000000180025095e-35 21.595000000000002 1.0894976712019957 61.705000000000005 1.1350000000000005 -0.60499999999999998 3.0050000000000003 13.355000000000002
decision_type=2 2 2 10 2 8 10 10 2 2 2 2 10 2 2 8 2 10 8 10 2 10 2 10 8 10 2 2 2 10
left_child=4 2 11 9 -1 -6 7 12 -9 10 15 -2 29 14 -11 -4 -8 -18 19 -15 28 22 24 -23 -20 -26 -27 -28 -21 -7
right_child=1 -3 3 -5 5 6 16 8 -10 13 -12 -13 -14 18 -16 -17 17 -19 21 20 -22 23 -24 -25 25 26 27 -29 -30 -31
leaf_value=-0.013398189613688055 -0.0021278347165477759 -0.0032596698800037033 0.0076695673528087331 0.0037665643436492584 0.013359523537635819 0.0014716609881935902 -0.0036081396172402266 0.019472380239162108 0.0057076352625385551 0.003895075247743158 0.016398139336016752 -0.0088396114722310553 0.011273506201192125 -0.0031824639397854612 -0.0083362740377395956 0.00056042320524325381 0.010575832381421841 0.00020035696124487239 -0.0080804069014855165 0.0018946816408478618 0.008371921191833739 0.0028074657980481717 0.00083796649154796552 -0.0053670985716576681 -0.0030588089488269282 -0.0080087245985337192 0.011112344705066727 0.00087234415579318515 -0.0076278681766143597 -0.0037505380057579196
leaf_weight=21.211845636367798 289.76896271109581 1034.0774747729301 69.696064233779907 390.90401244163513 30.302636623382568 918.5486726462841 187.87634706497192 23.105760425329208 221.58803030848503 28.78750479221344 24.999675214290619 96.968437194824219 30.302636623382568 145.45265579223633 88.25642916560173 292.0416604578495 32.954117327928543 1913.6115027666092 75.756591558456421 389.388880610466 124.24081015586853 345.45005750656128 462.49399146437645 45.453954935073853 678.40027740597725 45.453954935073853 29.923853665590286 224.61829397082329 30.302636623382568 103.02896451950073
leaf_count=35 237 996 46 258 20 1852 124 16 153 25 21 85 20 96 74 315 24 1269 50 257 82 228 864 30 939 30 22 161 20 68
internal_value=-1.99515e-06 -0.00065407 4.06543e-05 0.000467237 0.000917818 0.00100555 0.00089644 0.0023305 0.0070074 5.12948e-05 0.00286539 -0.00381071 0.00124253 -0.000349709 -0.00532792 0.00193014 2.53174e-05 0.000376007 -0.000125341 0.00157221 0.00284366 -0.000738834 -0.00140787 0.00185694 -0.0023932 -0.00195284 0.000548142 0.00207615 0.00120713 0.000944988
internal_weight=8394.97 4912.44 3878.36 3491.62 3482.53 3461.32 3431.02 1296.57 244.694 3100.72 386.737 386.737 1051.88 2713.98 117.044 361.738 2134.44 1946.57 2596.94 689.385 543.932 1907.55 1516.65 390.904 1054.15 978.396 299.996 254.542 419.692 1021.58
internal_count=8417 4836 3840 3518 3581 3546 3526 2109 169 3260 382 322 1940 2878 99 361 1417 1293 2779 455 359 2324 2066 258 1202 1152 213 183 277 1920
is_linear=0
shrinkage=0.03


Tree=100
num_leaves=31
num_cat=0
split_feature=42 61 42 76 39 7 14 21 82 87 74 16 82 79 70 84 97 2 99 67 94 16 90 93 90 105 79 15 20 62
split_gain=5.48305 5.92487 5.42405 4.60688 6.81274 5.28953 4.47769 4.2684 6.20746 4.09149 3.95648 3.88588 3.85667 6.28304 4.72927 3.8328 3.55359 4.17603 3.6753 3.55786 4.63308 4.38902 3.95269 3.4902 3.46659 3.45394 3.53472 3.3479 3.32972 3.58852
threshold=-0.36000000000000015 1.8301351351351351 0.82000000000000006 2.0250000000000004 0.70500000000000007 5.2750000000000012 84.15000000000002 0.96860485603907576 0.83426846470255045 0.17500000000000002 0.40394093552100446 -0.98483798533721378 3.0149349803793655 0.017866993706034746 1.9599036177897144 -1.323499999999967 44.271422179464473 1.0000000180025095e-35 0.92875271050422437 0.013524182076813619 3.2884184426212371 -0.51690689471379203 1.0750000000000004 14.975000000000003 -1.2049999999999998 107.50000000000001 0.069487226952980402 1008.6635000000001 -0.67610475961772587 0.23242567994191599
decision_type=2 2 2 2 2 2 10 10 8 2 2 2 10 2 10 2 8 2 2 2 10 2 2 10 2 2 2 10 8 2
left_child=24 3 16 9 -5 6 23 8 -7 -2 -9 -10 14 -14 15 -11 18 19 -3 -18 22 -22 28 -6 -1 -26 -27 -20 29 -21
right_child=1 2 -4 4 5 7 -8 10 11 12 -12 -13 13 -15 -16 -17 17 -19 27 20 21 -23 -24 -25 25 26 -28 -29 -30 -31
leaf_value=-0.0043175076500934955 0.0085967192097545723 -0.00030835060542652563 -0.0075472931699498763 -0.012746002736847704 0.010202892222248837 0.022480245877468077 0.021468575506849136 0.0016734454334403081 0.014839855870145968 -0.0046679602944889069 -0.003982395774420268 0.0018788673036657 0.010891677516756949 -0.00051559733672839367 -0.0067300584601509951 4.9133997409513839e-05 -0.00090438679704574123 -0.0027110452077818664 0.00046859804976766869 0.0072321707516467982 0.0052815482011805753 -0.0025261315445259626 0.00050707687939167848 -0.00034396304076540719 0.00071478324809970005 0.0032633133483889157 0.012848725475312526 -0.0057132747074232415 0.0075002893030895893 -0.0030759102610119137
leaf_weight=79.544421136379242 41.287342399358749 337.87439835071564 114.77123621106148 29.166287750005722 62.499188035726547 13.636186480522154 18.181581974029541 227.26977467536926 21.211845636367798 196.20957213640213 218.17898368835449 1123.4702528119087 60.226490288972855 156.05857861042023 146.96778762340546 738.6267676949501 1421.951223552227 600.37098810076714 99.998700857162476 53.029614090919495 79.923204094171524 342.41979384422302 302.26880031824112 51.514482259750366 681.05175811052322 514.76603963971138 37.120729863643646 372.72243046760559 213.63358819484711 71.211196064949036
leaf_count=84 61 226 111 62 87 9 12 150 29 134 144 1283 42 103 97 945 1372 937 75 35 55 226 357 34 721 456 32 246 231 47
internal_value=-2.91182e-05 -0.000357789 -0.00111951 0.000626151 0.00163283 0.00187441 0.00764238 0.00139897 0.00235874 -0.000700527 -0.00109676 0.00211904 -0.000996237 0.00266086 -0.0017274 -0.000940921 -0.000930129 -0.000465649 -0.00269776 7.69567e-05 0.00139031 -0.00104862 0.00299943 0.00543754 0.00175253 0.00214415 0.00390804 -0.00440557 0.00522914 0.00132388
internal_weight=8427.16 7114.68 4010.18 3104.51 1765.13 1735.96 132.195 1603.77 1158.32 1339.38 445.449 1144.68 1298.09 216.285 1081.8 934.836 3895.4 3084.81 810.596 2484.44 1062.49 422.343 640.143 114.014 1312.48 1232.94 551.887 472.721 337.874 124.241
internal_count=8403 7110 3918 3192 1810 1748 133 1615 1321 1382 294 1312 1321 145 1176 1079 3807 3260 547 2323 951 281 670 121 1293 1209 488 321 313 82
is_linear=0
shrinkage=0.03


Tree=101
num_leaves=31
num_cat=0
split_feature=30 26 92 93 105 63 72 96 81 13 7 70 93 75 13 75 88 88 42 19 42 3 13 82 19 91 92 17 99 13
split_gain=6.22365 5.25689 4.94008 8.83519 5.17446 5.10442 5.03157 4.80667 4.77489 4.09333 4.05715 4.43783 3.9835 3.61303 3.49871 3.25975 3.17681 4.70602 3.14613 3.11786 3.6159 3.3802 3.15163 3.23194 3.03749 2.98473 4.44702 2.95351 2.91138 2.89866
threshold=-0.090000000000000177 0.55884143696331889 11.692415224913498 25.835000000000004 92.500000000000014 0.7350000000000001 1.5024999999999979 -11.289499999999974 14.480000000000002 -2.3869999999999991 9.2450000000000028 1.9755617478120078 17.665000000000003 0.72500000000000009 20.620000000000001 1.0750000000000004 4.0850000000000009 3.9350000000000005 0.53000000000000025 0.93244991839251556 0.49000000000000016 1.5750000000000004 15.740000000000002 1.1707563916670036 0.46846957256944827 0.0095336561171468891 8.4826626297577885 -0.43413080149725919 2.1767250749483691 25.025000000000002
decision_type=2 2 10 10 2 2 2 2 10 8 2 10 10 2 10 2 2 2 2 8 2 2 10 10 10 2 10 2 2 10
left_child=-1 2 3 4 5 7 14 -2 -8 -7 11 19 -10 25 16 24 17 -6 -4 20 22 -21 23 -11 -13 26 -9 -25 -23 -24
right_child=1 -3 18 -5 6 9 8 13 12 10 -12 15 -14 -15 -16 -17 -18 -19 -20 21 -22 28 29 27 -26 -27 -28 -29 -30 -31
leaf_value=0.0012311120017084237 0.01297661491392686 -0.013878904352524014 -0.0015129399586331369 0.017507569510174001 0.0013520514308396011 0.010567195114543865 -0.0010441816361469198 0.0039560222782165548 0.011259766088234837 0.0074080378120682496 0.0031019577990938564 -0.0031979720753434774 0.0024545819106310436 0.011565770945583011 -0.0046429239339293724 0.00081476030013239885 -0.0041900310799604665 0.013656690169792469 -0.0057582748952323152 0.002943612291118627 -0.0048828394512179006 -0.0040437111369965167 -0.005475989241351638 -0.0047790104265193183 -0.0089634783942769362 -0.0017443211053347677 -0.0054256601094026143 0.0012407676365705027 0.0056703088368994731 0.00038238185484463605
leaf_weight=2526.1035455167294 31.817768454551697 26.514807045459747 1156.045587182045 25.757241129875183 684.46080473065376 25.757241129875183 78.786855220794678 283.32965242862701 115.15001916885376 68.559715360403061 164.77058663964272 173.86137762665749 77.271723389625549 28.029938876628876 104.54409635066986 80.301987051963806 87.877646207809448 29.166287750005722 181.81581974029541 81.05955296754837 139.39212846755981 579.15914246439934 144.31630691885948 81.817118883132935 156.05857861042023 278.78425693511963 54.165962964296341 709.0816969871521 29.166287750005722 160.60397410392761
leaf_count=2514 21 49 763 17 868 17 52 379 76 46 144 117 51 23 69 53 232 77 120 163 95 1142 102 54 103 349 38 468 74 106
internal_value=-1.2927e-05 -0.000551276 -0.000490463 -1.20863e-05 -0.000113554 -0.00072755 0.00159192 0.00159402 0.0051767 -0.00133269 -0.00145204 -0.00176425 0.00772383 0.00103191 0.000518891 -0.00460581 0.00119217 0.00185495 -0.00208988 -0.00117942 -0.000316619 -0.00281115 0.000230021 0.00115968 -0.00592517 0.000552806 0.00245032 0.000618032 -0.00357797 -0.00239034
internal_weight=8363.53 5837.42 5810.91 4473.05 4447.29 3270.03 1177.26 676.128 271.209 2593.91 2568.15 2403.38 192.422 644.31 906.049 410.222 801.505 713.627 1337.86 1993.16 1303.77 689.385 1164.38 859.459 329.92 616.28 337.496 790.899 608.325 304.92
internal_count=8382 5868 5819 4936 4919 3494 1425 810 179 2684 2667 2523 127 789 1246 273 1177 945 883 2250 871 1379 776 568 220 766 417 522 1216 208
is_linear=0
shrinkage=0.03


Tree=102
num_leaves=31
num_cat=0
split_feature=42 91 32 16 106 51 95 85 23 59 41 86 77 13 106 94 68 77 43 79 82 58 84 47 100 20 63 87 90 86
split_gain=5.73862 5.31384 6.54106 6.32479 5.03621 6.64311 4.61977 5.4229 4.17306 4.05679 4.85149 4.29974 6.72268 6.68446 7.45841 4.81531 4.68485 4.62976 4.01206 3.87532 4.87641 4.49823 3.64387 4.25814 4.37831 3.56671 3.68051 3.57612 3.55148 3.37784
threshold=-0.34999999999999992 0.01315292867264997 18.211428571428574 -0.94123492117109386 130.50000000000003 2.3250000000000006 22.000000000000004 1.2128371507676821 1.6146535544530014 14.710000000000003 0.86000000000000032 0.24492843299069122 1.2150000000000005 4.3985000000000012 33.500000000000007 3.2884184426212371 9.4455479452054814 1.5950000000000004 0.10745454545454573 0.01075871690741606 3.0819052252856998 0.96107311421699115 3.0719999999999463 19.530000000000005 0.88372063052110617 -0.401548203699786 0.21500000000000002 1.385 -0.53499999999999992 0.73409311519043963
decision_type=2 2 10 2 2 2 10 2 2 8 2 2 2 10 2 10 8 2 2 2 8 8 2 10 2 8 2 2 2 2
left_child=-1 2 4 -3 5 9 22 -8 -7 10 -2 -11 19 14 16 17 -14 -15 -6 20 -13 -21 25 24 -24 -5 -27 -28 -22 -16
right_child=1 3 -4 6 18 8 7 -9 -10 11 -12 12 13 15 29 -17 -18 -19 -20 21 28 -23 23 -25 -26 26 27 -29 -30 -31
leaf_value=0.0017241002239089405 -0.00064905082232278449 0.0087858308091012041 0.013160280322414581 0.0013848164948258297 -0.001572135686545417 0.0018238093397264607 -0.015217404290684152 -0.0030167731634626756 0.011472831431889303 -0.0047409527903049514 -0.012536141191774939 0.0040620889725531215 0.020100962300382136 0.001199524787197432 -0.0068504507704877102 -0.0004633997436132063 0.00091900183758221855 0.0088596964877466905 -0.010138119130846605 0.013666009649138297 0.0008139109675637825 -0.0012045433784942466 -0.0017294664949915408 0.0030022962162669963 -0.0065545655705553062 0.01246594623797964 -0.0015102671004530795 0.0075280626979883228 0.014783654624318927 0.0026172427988876879
leaf_weight=1375.7397027015686 1071.9557705521584 56.817443668842316 36.363163948059082 812.8682274222374 248.48162031173706 80.301987051963806 34.848032116889954 554.538250207901 81.05955296754837 96.968437194824219 31.817768454551697 216.66385185718536 12.121054649353026 130.30133748054504 230.30003833770752 228.78490650653839 209.84575861692429 156.05857861042023 61.362839162349701 21.211845636367798 20.454279720783234 133.71038410067558 537.87180006504059 112.1197555065155 246.96648848056793 17.802799016237259 1411.3453007340431 40.529776483774185 82.195901840925217 39.772210568189621
leaf_count=1367 709 96 24 538 257 77 23 366 64 106 21 143 8 86 308 154 449 103 57 14 51 185 355 74 163 38 2205 86 172 90
internal_value=-4.75282e-05 -0.000394948 0.000509279 -0.00114886 0.000363393 0.000759151 -0.00129863 -0.00373815 0.00667097 0.00040349 -0.000991712 0.00137916 0.00177976 0.000393017 -0.0021077 0.00278157 0.00196648 0.00537412 -0.00326858 0.00472493 0.0066139 0.000831523 -0.000846411 -0.00246653 -0.00324779 -0.000209764 -0.00109171 -0.00125796 0.012 -0.00545619
internal_weight=8391.18 7015.44 3189.73 3825.71 3153.37 2843.52 3768.89 589.386 161.362 2682.16 1103.77 1578.39 1481.42 1007.18 492.039 515.145 221.967 286.36 309.844 474.236 319.314 154.922 3179.5 896.958 784.838 2282.55 1469.68 1451.88 102.65 270.072
internal_count=8389 7022 3078 3944 3054 2740 3848 389 141 2599 730 1869 1763 1198 855 343 457 189 314 565 366 199 3459 592 518 2867 2329 2291 223 398
is_linear=0
shrinkage=0.03


Tree=103
num_leaves=31
num_cat=0
split_feature=38 21 81 30 27 97 48 33 68 47 99 13 53 57 91 87 81 20 88 55 16 41 67 19 14 76 59 47 26 3
split_gain=5.34003 4.78717 5.28766 4.66519 4.77112 3.51001 3.76486 3.43678 3.41346 4.58111 3.52607 3.59312 3.33222 3.2645 3.27942 3.24839 3.18705 3.16226 3.00465 2.99249 2.86779 2.98019 2.74683 2.80181 4.96552 4.62115 4.07574 3.70369 2.65102 2.50466
threshold=0.83620196692895099 -0.76062965362114654 16.98 -0.094999999999999959 1.5750000000000004 38.960407905975863 -0.90699999999998215 17.300000000000001 15.861986301369866 19.495000000000001 2.3802534419637489 5.237000000000001 1.5950000000000004 16.045000000000005 -0.0024106636750118077 0.76500000000000012 11.585000000000003 -0.85432263166910072 4.0850000000000009 -0.049421052631578873 -0.95975627715712675 0.53500000000000003 0.080241820768136546 -0.023559755862717514 74.045000000000016 2.0150000000000001 12.545000000000002 13.435 0.11441882129556603 3.0050000000000003
decision_type=2 8 8 2 2 8 2 10 10 10 2 10 2 10 2 2 8 10 2 2 2 2 2 8 10 2 10 10 2 2
left_child=1 2 -1 16 7 28 -7 22 9 13 11 12 -11 18 -15 -16 -3 -17 20 -18 21 -8 23 25 -25 -5 -26 -27 -6 -2
right_child=29 3 -4 4 5 6 8 -9 -10 10 -12 -13 -14 14 15 17 19 -19 -20 -21 -22 -23 -24 24 26 27 -28 -29 -30 -31
leaf_value=0.017205496973626038 -0.006374631343386828 0.0073655116738361899 -0.00057311592312657509 -0.0050842971971620443 -0.0018261223959829126 0.0017211388147245501 -0.0028965869570951553 0.01307524035301133 -0.004442645417586411 0.0038598033828259916 -0.0058482007051304389 -0.00070131414950174917 0.014271030107319825 0.00076699266675330174 -0.0026939130633921713 -0.0024343160091508309 0.0021935041527350323 -0.012106344292280663 -0.0042009548985508108 -1.5981229800026139e-08 -0.00058950565802985786 0.016937476355838754 0.005391496143479944 0.00019567866603593893 0.0017272669305774186 -0.0014465759503579931 0.011585261150325073 0.0087187696668825487 -0.0062329945769028618 -0.025003448725840503
leaf_weight=30.302636623382568 17.802799016237262 68.180932402610779 29.923853665590286 181.05825382471085 385.60105103254318 503.02376794815063 11.363488733768465 21.211845636367798 248.48162031173706 212.11845636367798 45.453954935073853 148.48291945457458 31.817768454551697 117.42271691560745 206.81549495458603 46.969086766242981 874.2310665845871 86.36251437664032 212.49723932147026 1556.0403906106949 2187.8503642082214 17.045233100652695 110.60462367534637 592.79532894492149 81.817118883132935 90.907909870147705 70.074847191572189 49.999350428581238 180.30068790912628 10.227139860391615
leaf_count=20 41 45 34 121 259 332 27 14 164 140 30 98 21 82 141 31 865 57 345 1546 2674 42 139 827 54 60 47 33 122 18
internal_value=-9.91304e-05 -5.55023e-05 0.0083721 -0.000116372 -0.0005805 -0.00101621 -0.000708809 0.001107 -0.00105094 -0.000797412 0.0020619 0.00297813 0.00521779 -0.00123119 -0.00355564 -0.00504786 0.000968516 -0.00869915 -0.000793268 0.00078905 -0.000466535 0.00900385 0.000891352 0.000424718 0.00143571 -0.00191364 0.00627522 0.00216048 -0.00323019 -0.0131716
internal_weight=8426.78 8398.75 60.2265 8338.53 5840.08 4641.61 4075.7 1198.47 3572.68 3324.2 437.873 392.419 243.936 2886.33 457.57 340.147 2498.45 133.332 2428.76 2430.27 2216.26 28.4087 1177.26 1066.65 744.687 321.966 151.892 140.907 565.902 28.0299
internal_count=8429 8370 54 8316 5860 4565 4184 1295 3852 3688 289 259 161 3399 311 229 2456 88 3088 2411 2743 69 1281 1142 928 214 101 93 381 59
is_linear=0
shrinkage=0.03


Tree=104
num_leaves=31
num_cat=0
split_feature=91 79 9 16 82 27 14 55 84 67 92 39 92 7 14 93 65 83 84 61 61 25 93 16 94 65 94 33 68 63
split_gain=4.91836 6.84579 6.0013 4.68741 5.26999 4.42383 4.6315 4.31594 4.6151 3.9822 4.066 3.50781 3.50471 3.23809 4.94663 3.66949 5.6229 4.67709 4.33718 4.6121 4.22569 3.99364 3.97094 3.45183 3.09547 3.44417 3.07319 2.99007 4.18557 2.96721
threshold=0.01315292867264997 0.045037948907811882 285.70500000000004 -0.92980860373494434 5.0721250288802517 0.96500000000000008 51.145000000000003 -0.044263157894736858 5.23249999999996 0.033051209103840601 14.048062283737027 3.0450000000000004 7.6729844290657443 4.8150000000000004 73.810000000000016 19.150000000000002 0.97500000000000031 20.485000000000003 4.5149999999999872 1.8890540540540544 1.7344594594594598 1.4687500000000004 14.840000000000002 0.061745353205106365 1.9182734680638467 1.2050000000000005 3.6374926001057521 10.875000000000002 10.515246575342468 2.3750000000000004
decision_type=2 2 2 2 10 2 8 2 2 2 10 2 10 2 10 10 2 10 2 2 2 2 8 2 8 2 10 10 10 2
left_child=1 5 12 -2 7 -1 -7 27 9 -9 11 24 -3 14 -8 17 -17 18 19 20 21 -15 -21 -24 25 -11 -14 -5 -29 -10
right_child=3 2 -4 4 -6 6 13 8 29 10 -12 -13 26 15 -16 16 -18 -19 -20 22 -22 -23 23 -25 -26 -27 -28 28 -30 -31
leaf_value=-0.013560634300461538 0.0069770348526862801 -0.0052566702901306224 0.00597998208250988 -0.0010267646319666529 -0.007224383090195895 -0.0020334667285727141 4.9005786369812314e-05 -0.001937323488066944 -0.0023432534478810244 0.011037469732092563 -0.0096983647679270632 0.0050143620660777653 0.0065027397606725584 0.0059044829841377652 0.014728178694834013 0.0081714857131254988 0.00089703630453959507 -0.0070490066186477303 0.0053277437304951264 -0.0065200086850317786 0.0047351790592316716 -0.00057079009774838702 -0.0032122895873719151 0.0035405720890169853 -0.00034086282823849422 -0.0012604988095403079 -0.0043324190806459982 0.011118983321007369 0.0013031682015808709 -0.0072946792228933653
leaf_weight=20.833062678575516 70.832413107156754 81.438335925340652 379.91930666565895 568.93200260400772 112.1197555065155 603.02246880531311 45.453954935073853 1307.1799873411655 345.45005750656128 46.969086766242981 34.848032116889954 148.86170241236687 72.726327896118164 95.45330536365509 37.87829577922821 137.87699663639069 312.11715722084045 78.786855220794678 148.48291945457458 154.5434467792511 217.04263481497765 840.89816629886627 172.72502875328064 112.49853846430779 1027.2593815326691 36.363163948059082 34.848032116889954 40.908559441566467 882.94307461380959 159.08884227275848
leaf_count=28 124 137 370 911 74 398 45 1399 228 31 23 174 48 123 25 91 206 52 98 102 240 912 342 207 1209 24 23 27 585 105
internal_value=-5.51479e-05 0.000791386 0.00380671 -0.000683007 -0.000798182 0.000215248 0.000312311 -0.00064151 -0.00127865 -0.000769378 0.000410188 0.000689884 -0.000561604 0.000913289 0.00672136 0.000700113 0.00312591 0.000100478 0.0004239 -3.31394e-05 0.000963558 8.93106e-05 -0.00264722 -0.00054881 0.000110238 0.00567108 0.00299276 0.000684175 0.00173782 -0.00390451
internal_weight=8328.3 3546.54 568.932 4781.76 4710.92 2977.61 2956.78 4598.8 3106.02 2601.48 1294.3 1259.45 189.013 2353.76 83.3323 2270.43 449.994 1820.43 1741.64 1593.16 1153.39 936.351 439.767 285.224 1110.59 83.3323 107.574 1492.78 923.852 504.539
internal_count=8361 3447 578 4914 4790 2869 2841 4716 3193 2860 1461 1438 208 2443 70 2373 297 2076 2024 1926 1275 1035 651 549 1264 55 71 1523 612 333
is_linear=0
shrinkage=0.03


Tree=105
num_leaves=31
num_cat=0
split_feature=42 7 2 15 76 97 97 14 11 61 83 16 18 103 89 94 14 16 94 32 67 75 94 42 48 94 97 26 41 46
split_gain=4.38998 4.7632 6.80039 5.75451 4.92291 4.6109 4.4172 6.03531 4.2837 3.80962 3.87143 4.60818 6.04593 3.7174 3.40767 3.66251 3.20339 3.25541 4.2596 3.80944 3.55579 3.17644 3.7517 3.53106 3.07512 3.05923 2.92806 2.90266 2.81271 2.60673
threshold=-0.36000000000000015 6.0450000000000008 1.0000000180025095e-35 1015.7035000000001 2.0250000000000004 135.38454751213598 39.980286417154652 92.750000000000014 17.845000000000002 1.7798648648648652 20.730000000000004 -0.74565044637343025 -0.57321890468937731 142.50000000000003 3.9650000000000003 3.3613259767943817 49.995000000000012 -0.6039733330186684 2.4557634965501434 18.211428571428574 0.061141536273115207 1.7550000000000001 3.8386572065842994 0.35000000000000037 1.2205000000000157 4.0316377588846146 53.321050714545372 0.09032349269892824 0.95500000000000007 1.4578967252494555
decision_type=2 2 2 8 2 8 8 10 10 2 10 2 8 2 2 8 8 2 8 10 2 2 10 2 2 10 10 2 2 8
left_child=-1 4 6 -4 5 -2 7 27 28 10 11 12 -6 -13 15 -5 -8 19 20 29 26 22 -20 -23 -22 -15 -19 -3 -7 -18
right_child=1 2 3 14 9 8 16 -9 -10 -11 -12 13 -14 25 -16 -17 17 18 21 -21 24 23 -24 -25 -26 -27 -28 -29 -30 -31
leaf_value=0.0017156923529236757 -0.0017893822648670514 -0.0012850632686321867 0.0049959618426797638 -0.0075883110389341089 0.0043649108250476973 0.0015528938684990288 -0.0016952328641464203 0.00416608591916128 0.022508501985001976 0.00042100531465111372 -0.0075307015122556154 -0.0070287942644743041 0.020934076699546424 0.0036500161971682525 -0.016244727696700892 -0.0024467198515124799 -0.00025483024312719128 -0.0013363610286470722 0.0010241765179749504 0.015177867881075788 0.0035921497281194694 -0.0016029483887728215 -0.0022729252045957764 -0.0096180412203435983 0.012790569862878758 0.01495858474928927 0.0027683549620728591 -0.0050684118699236454 0.01882920919258509 0.0060008991103266225
leaf_weight=1307.9375532567501 604.91638359427452 371.96486455202103 71.211196064949036 160.60397410392761 47.347869724035263 126.51350790262222 622.71918261051178 118.18028283119202 10.605922818183897 418.17638540267944 24.242109298706055 28.029938876628876 34.090466201305389 408.70681145787239 19.696713805198669 557.56851387023926 126.89229086041451 251.51188397407532 1260.9684664905071 24.242109298706055 116.66515100002289 337.87439835071564 412.11585807800293 57.953792542219162 45.453954935073853 22.726977467536926 413.63098990917206 358.32867807149887 9.0907909870147687 113.63488733768463
leaf_count=1308 403 247 47 106 32 292 411 93 7 402 16 26 51 383 37 1157 89 166 1637 16 77 406 272 72 30 15 273 238 24 138
internal_value=0.000117239 -0.000174118 -0.000610505 -0.00314817 0.00119489 -0.000633806 -0.000167259 -0.00212359 0.00414716 0.00259178 0.00419803 0.00472369 0.0113008 0.00355792 -0.00393416 -0.00359653 0.000271441 0.000658884 0.000367787 0.00384304 0.00218725 -0.000359731 0.000212031 -0.00277645 0.00617115 0.00424573 0.00121623 -0.00314142 0.00271108 0.00270063
internal_weight=8483.6 7175.66 5441.22 809.08 1734.45 751.127 4632.14 848.474 146.21 983.321 565.144 540.902 81.4383 459.464 737.869 718.172 3783.66 3160.94 2896.17 264.769 827.262 2068.91 1673.08 395.828 162.119 431.434 665.143 730.294 135.604 240.527
internal_count=8471 7163 5512 1347 1651 726 4165 578 323 925 523 507 83 424 1300 1263 3587 3176 2933 243 546 2387 1909 478 107 398 439 485 316 227
is_linear=0
shrinkage=0.03


Tree=106
num_leaves=31
num_cat=0
split_feature=55 88 92 92 96 91 16 57 19 93 88 21 70 86 21 71 92 70 31 31 49 27 80 71 84 77 3 77 92 15
split_gain=4.56132 5.99831 5.15295 5.28203 4.96109 4.90173 8.95818 5.41997 6.09356 5.24751 4.22255 4.17538 4.09229 5.0383 4.85611 4.16543 5.34019 3.79627 3.55263 3.51869 3.49045 3.40345 3.07647 3.51378 3.08816 3.20349 3.00663 3.0048 2.9796 2.9097
threshold=-0.062289473684210554 4.0050000000000008 14.093901384083045 15.001948096885815 13.450500000000035 0.013990965989607926 -0.91333186482673046 14.325000000000001 0.96781888379161252 25.835000000000004 3.9350000000000005 -0.47101187404548883 1.8315067672820522 0.78869141423953792 -0.54500492015115343 21.380000000000003 8.3936678200692061 3.238871909133084 0.47250000000000181 0.25200000000000017 2.4760526315789479 1.9950000000000003 10.441186206896553 22.600000000000005 5.7939999999999836 2.5250000000000008 2.0150000000000001 3.3050000000000006 13.535138408304499 1013.6885000000001
decision_type=2 2 10 10 2 2 2 8 10 10 2 8 10 2 8 10 10 10 2 2 2 2 8 10 2 2 2 2 10 10
left_child=11 2 5 -4 19 7 -7 18 9 12 -8 -1 13 14 -9 16 21 -17 26 29 -18 -14 -13 27 25 -25 -2 -24 -16 -3
right_child=1 4 3 -5 -6 6 10 8 -10 -11 -12 22 15 -15 28 17 20 -19 -20 -21 -22 -23 23 24 -26 -27 -28 -29 -30 -31
leaf_value=0.0068519890244158011 0.00054648692984088289 0.00027619709218055149 -0.013883597077375198 -0.00059871600932725631 0.010958069617203102 0.011641035966419383 -0.0011786979442956732 0.01813707201294398 0.012952091663018089 0.016756350649674564 0.0055698413303212607 0.0049823547891892405 0.0051915858453818612 0.022321346344688492 0.0020836759777238404 -0.00099954336690450752 -0.0052735687419066379 0.011724389360273181 -0.010458328589636051 -0.0077680781206044269 0.0050773486604872142 -0.0041337425184023906 0.00028204596091909129 0.0041014633020304558 -0.00053241119388305056 0.015163937508624135 -0.0032806860128626928 -0.0074745264385107126 0.012781030594575606 -0.0039381055671590167
leaf_weight=115.52880212664604 1048.8500101268291 237.87569749355316 48.484218597412109 60.605273246765137 22.726977467536926 51.514482259750366 2825.7208651304245 18.181581974029541 46.969086766242981 21.211845636367798 85.983731418848038 154.5434467792511 128.78620564937592 12.121054649353026 703.02116966247559 39.393427610397339 243.55744186043739 45.453954935073853 30.68141958117485 129.54377156496048 33.332900285720825 48.484218597412109 1275.7410018444061 72.726327896118164 66.66580057144165 34.848032116889954 224.23951101303101 46.590303808450699 24.242109298706055 387.87374877929688
leaf_count=80 693 394 32 40 15 73 2885 12 31 14 107 102 85 32 1277 26 166 30 21 141 22 32 1421 48 44 23 148 66 16 256
internal_value=-1.37761e-05 -0.00038021 -4.52001e-05 -0.00650311 -0.00285217 7.98925e-05 -0.000760009 0.00101255 0.00233402 0.00195556 -0.000979411 0.00133835 0.00171342 0.00313508 0.0028231 -0.000284683 -0.00142459 0.00581685 -0.000370735 -0.00326773 -0.00402749 0.00264107 0.000952563 0.000536427 0.004541 0.00768508 -0.000127624 8.7551e-06 0.00244025 -0.00233606
internal_weight=8285.5 6518.85 5740.83 109.089 778.02 5631.75 2963.22 2668.53 1364.75 1317.79 2911.7 1766.64 1296.57 757.566 745.445 539.008 454.161 84.8474 1303.77 755.293 276.89 177.27 1651.11 1496.57 174.24 107.574 1273.09 1322.33 727.263 625.749
internal_count=8332 6548 5742 72 806 5670 3065 2605 1743 1712 2992 1784 1698 1337 1305 361 305 56 862 791 188 117 1704 1602 115 71 841 1487 1293 650
is_linear=0
shrinkage=0.03


Tree=107
num_leaves=31
num_cat=0
split_feature=72 27 82 31 27 26 45 45 97 76 99 93 88 75 12 91 64 21 47 77 79 7 75 71 18 14 21 97 50 101
split_gain=4.31964 3.95126 5.24924 5.22267 3.82937 3.80534 4.93164 4.55072 3.20242 3.02798 3.15986 2.84331 2.82165 3.79637 2.81021 2.76709 2.72641 3.61052 4.03455 2.95873 3.50869 2.65865 3.52933 2.4181 2.41446 2.39081 2.45675 2.38266 2.76299 3.12308
threshold=8.6290000000000209 1.5850000000000002 0.9396465886505897 -0.16499999999999884 0.96500000000000008 0.16214705259938181 17.055000000000003 16.915000000000003 145.35203583109202 1.925 1.6569915520205203 11.610000000000001 4.0550000000000006 0.51500000000000012 325.98000000000008 -0.00070264525271609903 2.6050000000000004 -0.16513367425889061 12.140000000000002 1.7650000000000003 -0.056867363939281795 10.285000000000002 0.78500000000000014 16.380000000000006 0.4459634892706113 55.585000000000008 -0.51354086879587046 50.621115745191013 0.42604360506537303 18.500000000000004
decision_type=2 2 8 2 2 2 10 10 10 2 2 8 2 2 10 2 2 8 10 2 2 2 2 10 8 8 8 8 2 2
left_child=1 2 -1 25 -4 6 7 21 9 10 11 -6 15 -14 -8 -7 17 18 -11 -19 -21 27 -23 -22 -17 -3 -27 -5 29 -29
right_child=-2 3 4 5 8 12 14 -9 -10 16 -12 -13 13 -15 -16 24 -18 19 -20 20 23 22 -24 -25 -26 26 -28 28 -30 -31
leaf_value=0.012970576890085716 -0.008421895735644969 -0.00051864830123371421 -0.010790584084369875 -0.0020909815304144467 0.0054650053517560039 0.002268700768508978 0.003129074359787991 -0.0095214001733121903 0.010914988638482576 0.0010172020240487552 0.002419079137636219 -0.0028744840868758638 -0.02441561320132335 -0.0049166270299281821 -0.0021710782104049577 -0.0043458912772821436 -0.0013207818099145953 0.0015337961592272939 0.015349646430356601 0.00061012985812299708 0.017186947109091542 0.01126477712742718 0.00060571463269968923 0.0027829350735767118 0.00029306949792154484 0.011909352646023197 0.0017783616487273537 0.0063739801674820747 0.0035824506163410152 -0.00076552507151147141
leaf_weight=34.469249159097672 54.544745922088623 498.47837245464325 23.863326340913773 985.97203913331032 40.908559441566467 126.13472494482994 484.08462005853653 53.029614090919495 30.68141958117485 30.302636623382568 221.20924735069275 365.90433722734451 9.4695739448070508 176.13407537341118 110.60462367534637 295.45070707798004 157.19492748379707 563.25025823712349 42.423691272735596 37.87829577922821 34.090466201305389 37.120729863643646 113.25610437989235 15.151318311691282 153.40709790587425 21.969411551952362 1109.076500415802 56.438660711050034 150.75561720132828 2401.8627353608608
leaf_count=25 36 329 39 662 27 111 324 35 21 20 260 399 19 159 73 195 166 593 28 49 48 32 77 10 273 19 1284 68 224 2852
internal_value=-6.78117e-06 4.79884e-05 0.00139036 -0.000268116 0.00113496 -0.000736195 -0.000397001 -0.000794717 0.00131987 0.00112469 -0.0004667 -0.00203588 -0.00269534 -0.00591147 0.00214331 -0.0016572 0.00226004 0.00303847 0.00937779 0.00232959 0.00747459 -0.000671159 0.00323692 0.0127549 -0.00276042 0.00121228 0.00197515 -0.000834631 -0.000359851 -0.000601613
internal_weight=8435.12 8380.57 1597.33 6783.25 1562.86 5153.72 4393.12 3798.44 1539 1508.31 628.022 406.813 760.596 185.604 594.689 574.993 880.292 723.097 72.7263 650.37 87.1201 3745.41 150.377 49.2418 448.858 1629.52 1131.05 3595.03 2609.06 2458.3
internal_count=8457 8421 1685 6736 1660 5104 4347 3950 1621 1600 686 426 757 178 397 579 914 748 48 700 107 3915 109 58 468 1632 1303 3806 3144 2920
is_linear=0
shrinkage=0.03


Tree=108
num_leaves=31
num_cat=0
split_feature=90 31 92 93 13 21 33 15 42 63 18 77 12 75 101 62 95 96 12 15 84 57 75 32 19 83 9 106 92 82
split_gain=4.71049 4.32359 4.51198 7.5347 7.34624 5.90417 5.99188 5.15756 4.70809 4.01187 4.50448 3.7852 3.45128 3.27214 3.26376 3.12273 3.8272 5.53055 4.63799 3.97877 6.2201 5.34777 4.88094 3.58974 3.10119 3.89809 2.89948 4.89588 4.00731 3.42929
threshold=2.7650000000000006 -0.27899999999999997 11.692415224913498 25.835000000000004 -2.3869999999999991 -0.26656556598127062 11.355000000000002 1025.1350000000002 0.27000000000000018 0.46500000000000002 -0.7592713073348808 1.8950000000000005 258.65000000000003 2.8050000000000002 18.500000000000004 0.45860499608459177 21.375000000000004 4.2469999999999581 104.85000000000001 1022.1930000000001 1.2400000000000093 12.015000000000002 0.76500000000000012 8.1967857142857152 -0.55991594901699393 18.355 326.69500000000005 119.50000000000001 13.970370242214534 1.2644966514166691
decision_type=2 2 10 10 8 8 8 10 2 2 10 2 10 2 2 2 10 2 10 10 2 10 2 10 10 8 2 2 10 10
left_child=1 -1 3 4 -3 6 12 24 13 -2 -11 15 -6 26 -13 16 17 19 -19 20 -7 23 -23 -22 25 -8 -4 29 -29 -28
right_child=9 2 8 -5 5 11 7 -9 -10 10 -12 14 -14 -15 -16 -17 -18 18 -20 -21 21 22 -24 -25 -26 -27 27 28 -30 -31
leaf_value=0.0022985561404184197 -0.023841927106056038 0.013476716834199497 -0.0028433845337602561 0.018224133507960399 -0.0033225077537936726 0.00026065066351809747 0.017508204450940791 -0.00024294080766878735 -0.0042148985198470932 0.00067537194873832783 -0.0082867019036065564 0.010376806422545185 0.0078704921381528032 0.0044620221337979046 -0.0017050722425817628 0.003532596422590717 0.0051958832347038155 -0.0076129014712806023 -0.001069705013640243 -0.0019834135874656936 0.00056614063811242848 -0.0047660922327708776 0.0043669715125379373 0.011872234084610692 0.0039951441031769617 0.0070551072607407594 0.0072329429836284114 0.007601608454464971 0.0001289398965395961 -0.0021225618165869723
leaf_weight=786.35342037677765 9.0907909870147687 37.87829577922821 463.6303403377533 21.211845636367798 136.36186480522156 2005.6557615101337 51.514482259750366 93.938173532485962 401.50993525981903 109.08949184417725 93.938173532485962 20.454279720783234 30.302636623382568 109.08949184417725 1242.4081015586853 264.39050453901291 130.30133748054504 142.42239212989807 309.0868935585022 506.05403161048889 33.332900285720825 72.726327896118164 190.90661072731018 104.54409635066986 97.726003110408783 85.226165503263474 37.87829577922821 118.18028283119202 142.42239212989807 510.59942710399628
leaf_count=813 21 25 306 14 90 2820 34 62 265 165 68 33 20 72 1645 287 86 94 204 334 22 48 126 69 66 63 25 78 94 337
internal_value=6.92127e-05 0.000184137 -4.17784e-05 0.000378278 0.000310137 0.000219744 0.00334549 0.00569667 -0.0013553 -0.00434429 -0.00347126 -8.83745e-05 -0.00128742 -0.00052439 -0.00150938 0.00038897 0.000151163 -4.41973e-05 -0.00313367 0.000434628 0.000942969 0.00435134 0.00184751 0.00913889 0.00807635 0.0109931 -0.000951797 0.000132146 0.00351771 -0.00147646
internal_weight=8358.22 8146.11 7359.75 5576.44 5555.23 5517.35 495.069 328.405 1783.31 212.118 203.028 5022.28 166.665 1381.8 1262.86 3759.42 3495.03 3364.73 451.509 2913.22 2407.17 401.51 263.633 137.877 234.467 136.741 1272.71 809.08 260.603 548.478
internal_count=8386 8132 7319 6142 6128 6103 335 225 1177 254 233 5768 110 912 1678 4090 3803 3717 298 3419 3085 265 174 91 163 97 840 534 172 362
is_linear=0
shrinkage=0.03


Tree=109
num_leaves=31
num_cat=0
split_feature=72 43 88 97 92 67 96 88 89 64 73 14 94 12 15 81 92 21 89 75 103 75 23 92 78 32 74 51 75 105
split_gain=4.34923 4.38761 3.94301 3.94013 4.03634 4.50881 3.85597 3.77101 4.63032 4.98097 5.17293 3.75226 3.45641 3.59568 3.46866 4.65206 3.65037 5.49264 5.33791 4.59353 6.65706 4.73825 4.33565 4.3068 4.23412 5.26514 3.89434 3.84767 3.93755 3.7684
threshold=8.6290000000000209 -0.19327272727272668 4.0050000000000008 21.928449040303189 14.093901384083045 0.00085704125177809936 12.836500000000003 3.9350000000000005 3.2550000000000008 3.6250000000000004 2.6052739726027401 63.895000000000003 4.3065920702338758 189.05000000000004 1025.6630000000002 13.345000000000001 11.692415224913498 -0.36024104107293126 1.4950000000000003 0.47500000000000003 142.50000000000003 0.30500000000000005 1.6459026876273464 13.754775086505193 1.9150000000000003 12.334285714285716 0.34881545356460392 0.82500000000000007 0.56500000000000006 44.500000000000007
decision_type=2 2 2 8 10 2 2 2 2 2 2 10 10 10 10 10 8 10 2 2 2 2 2 10 2 10 2 2 2 2
left_child=1 11 3 -3 7 -6 -4 8 9 12 -11 -1 14 -14 16 -16 17 18 -5 20 -18 -22 29 27 25 26 -19 28 -21 -23
right_child=-2 2 6 4 5 -7 -8 -9 -10 10 -12 -13 13 -15 15 -17 19 24 -20 23 21 22 -24 -25 -26 -27 -28 -29 -30 -31
leaf_value=0.00078369375103737749 -0.0085900035730451466 -0.0036939479539369125 -0.0020828865296687758 -0.0044026512792109144 -0.0013924074570390186 -0.012853760932967114 0.0093378490315422346 0.0047524948390809301 -0.0050642434585957226 0.0096423709802622819 -0.0010747885519158259 0.0059540410256584183 -0.0075189392245423843 -0.00091393732079801584 0.0038217109887028269 -0.0031159946277163528 -0.016678351930593655 -0.00095226582671166559 0.0079508437588046883 -0.001527340548434611 -0.00025421404595936766 0.0089938196465014757 0.029670271158653599 0.009092506868886777 -0.0041420852827203135 0.0030597506347122194 0.0019590515671390352 -0.0013399829406886513 0.021116421343188432 -0.0097768718139544259
leaf_weight=357.19232919812202 53.029614090919495 235.22421678900719 1089.7585695683956 37.87829577922821 113.63488733768463 42.423691272735596 27.272372961044312 172.34624579548836 143.9375239610672 103.40774747729301 66.66580057144165 195.45200622081757 93.938173532485962 352.64693370461464 107.57436001300812 454.53954935073853 13.636186480522154 995.06283012032509 186.3612152338028 13.636186480522158 90.907909870147705 104.16531339287758 8.3332250714302045 37.87829577922821 137.87699663639069 934.83633983135223 707.56656515598297 1559.8282201886177 14.014969438314436 10.605922818183897
leaf_count=424 35 156 1092 25 75 28 18 200 203 81 62 132 62 241 71 300 36 659 123 36 240 275 22 25 91 617 473 2537 37 28
internal_value=-2.54869e-05 2.8526e-05 -0.000153233 0.000120402 0.000258359 -0.00450812 -0.00180405 0.000375544 0.000253388 0.000380292 0.00544144 0.00261227 0.000233436 -0.00230328 0.000442655 -0.00178829 0.000701084 0.0013478 0.0058641 -0.000345792 0.00364536 0.00494032 0.00877629 -0.000904795 0.000982892 0.00125081 0.000257599 -0.00114334 0.00994963 0.00725923
internal_weight=8461.63 8408.6 7855.96 6738.93 6503.7 156.059 1117.03 6347.64 6175.3 6031.36 170.074 552.644 5861.29 446.585 5414.7 562.114 4852.59 2999.58 224.24 1853.01 227.649 214.012 123.104 1625.36 2775.34 2637.47 1702.63 1587.48 27.6512 114.771
internal_count=8404 8369 7813 6703 6547 103 1110 6444 6244 6041 143 556 5898 303 5595 371 5224 1988 148 3236 601 565 325 2635 1840 1749 1132 2610 73 303
is_linear=0
shrinkage=0.03


Tree=110
num_leaves=31
num_cat=0
split_feature=90 16 21 35 68 3 30 16 89 70 105 75 75 42 34 39 63 16 7 45 59 91 27 9 54 14 19 90 21 90
split_gain=4.89702 4.31545 3.86494 3.68191 4.88179 4.31644 3.6459 4.28441 3.41366 3.21793 4.9056 5.75692 6.74063 3.31901 3.17389 3.15581 3.4861 3.6359 3.6012 2.98336 3.27428 2.88016 3.54716 3.22711 2.87313 2.80121 2.51794 2.42795 2.37123 2.35986
threshold=2.7350000000000008 -0.85227513186527171 -0.76062965362114654 19.090000000000003 17.002420091324208 1.885 -0.039999999999999918 -0.99214638768961005 1.2650000000000003 2.2487945176495785 109.50000000000001 0.72500000000000009 0.92500000000000016 0.58500000000000019 1.0372995661187621 0.70500000000000007 0.67500000000000016 -0.53685793598675657 9.3950000000000014 17.105000000000004 18.635000000000002 0.016073630136986285 1.4150000000000003 3.1000000000000001 0.090000000000000205 57.805000000000007 0.33619135512560921 -1.1349999999999996 -0.48511470585764821 1.5050000000000006
decision_type=2 2 8 10 10 2 2 2 2 10 2 2 2 2 8 2 2 2 2 10 10 2 2 2 2 8 8 2 8 2
left_child=2 -2 14 5 9 8 25 -8 21 13 11 -11 -13 -5 -1 -9 17 -17 27 20 -10 22 23 -4 -6 -7 -25 -18 -27 -19
right_child=1 -3 3 4 24 6 7 15 19 10 -12 12 -14 -15 -16 16 18 29 -20 -21 -22 -23 -24 26 -26 28 -28 -29 -30 -31
leaf_value=0.00052890256894254242 0.0046204732219168633 -0.0062365069601373196 0.047657738130128552 0.0058782496556942423 0.00098888578671579245 -0.0012770990879696147 0.016662894544830911 -0.015150943344361265 0.0013710191608992223 -0.0019222112475684914 -0.0054821346904267623 0.016208079425973323 0.0012821714572563341 -0.0012216491532041592 0.01463583049217174 0.010487043170689436 -0.0082123765639911181 0.0038311158284269099 0.0026215143458794502 0.0133883615925412 -0.005524718980298448 -0.0075725674289762223 -0.0019016093992853069 -0.0015237294354349359 -0.0074114215898836919 0.010555520780155241 0.0076486144853745086 -0.001885984451913624 0.0010683018421446858 -0.0041428098129227438
leaf_weight=27.272372961044312 40.150993525981903 183.70973452925682 1.5151318311691273 353.02571666240692 77.271723389625549 594.6892437338829 11.742271691560743 15.151318311691282 2370.8025328218937 107.57436001300812 84.847382545471191 48.484218597412109 62.120405077934265 71.211196064949036 30.302636623382568 40.908559441566467 56.059877753257751 74.999025642871857 159.46762523055077 18.181581974029541 63.635536909103394 59.090141415596008 395.44940793514252 48.484218597412109 69.696064233779907 24.242109298706055 60.605273246765137 2092.3970588445663 1081.0465615391731 60.226490288972855
leaf_count=18 55 221 1 233 51 394 25 37 2461 71 56 32 41 47 23 57 64 96 127 12 42 66 339 32 46 16 76 2176 1369 84
internal_value=8.82236e-05 -0.00428923 0.000208307 0.000153273 0.00199216 -6.91195e-05 -0.000689713 -0.00141605 0.000796846 0.00299993 0.000638755 0.0030191 0.00782504 0.00468648 0.0079536 -0.00150099 -0.00141773 0.00265044 -0.0017282 0.00128119 0.00119077 -0.00130511 -0.000573285 0.00417593 -0.00299477 0.00038312 0.00357202 -0.00205106 0.00127638 0.000279704
internal_weight=8384.36 223.861 8160.5 8102.93 874.231 7228.69 4210.93 2510.95 3017.76 727.263 303.026 218.179 110.605 424.237 57.575 2499.21 2484.06 176.134 2307.92 2452.62 2434.44 565.144 506.054 110.605 146.968 1699.98 109.089 2148.46 1105.29 135.226
internal_count=8368 276 8092 8051 577 7474 4445 2666 3029 480 200 144 73 280 41 2641 2604 237 2367 2515 2503 514 448 109 97 1779 108 2240 1385 180
is_linear=0
shrinkage=0.03


Tree=111
num_leaves=31
num_cat=0
split_feature=98 56 48 14 42 92 20 68 12 84 74 14 81 81 63 17 106 106 88 73 24 98 70 14 18 19 42 24 81 46
split_gain=4.06143 4.91734 4.27306 3.71575 3.83426 3.74873 3.68923 4.06925 3.48173 3.46584 3.27657 3.13034 3.8815 3.04147 2.96083 5.53445 3.38246 4.85971 3.59101 3.68466 3.4084 3.34796 3.49455 3.34717 2.88496 2.75941 2.74399 2.63757 2.60918 2.54462
threshold=115.45943892588865 10.235283783783784 -1.2249999999999657 73.015000000000015 0.26999999999999996 8.1744411764705909 -0.401548203699786 16.69705479452055 165.70000000000002 -6.16949999999997 0.46544164062817139 94.850000000000009 11.585000000000003 15.325000000000001 0.7350000000000001 0.82328499833428892 26.500000000000004 59.500000000000007 3.5150000000000001 2.7283561643835621 21.06184 164.36194404020813 1.9599036177897144 54.095000000000006 -0.41636013490874341 -0.95186189831078827 2.0750000000000006 12.627127000000003 11.585000000000003 1.8676192075102285
decision_type=10 8 2 8 2 10 10 10 10 2 2 10 8 10 2 2 2 2 2 2 2 10 10 10 10 10 2 2 10 10
left_child=3 -2 -3 4 5 28 7 25 10 -5 -7 26 -13 -14 15 -8 21 20 -19 -20 -18 22 -16 -22 -23 -4 27 -11 -1 -10
right_child=1 2 6 9 -6 8 14 -9 29 11 -12 12 13 -15 16 -17 17 18 19 -21 23 24 -24 -25 -26 -27 -28 -29 -30 -31
leaf_value=0.0092398928480933833 0.0055790074300036026 0.0038903616408037826 0.013433726228175681 -0.0053015752130557486 -0.0038127490469990915 -0.0082007564824981144 0.0079091950985337688 -0.0046062434406173415 -0.0010659078639408712 0.0063428503224603637 0.0015522026910723518 0.012526036435732336 -0.003365375933363975 0.0076906602083465928 -0.0030628983626426092 -0.0018190268405495738 0.007016542353608244 -0.0057883388849700491 0.00344451746128089 -0.0030339978383669454 -0.0049046998595591567 -0.0033993557851997704 -0.0098098768321129275 0.0024383467620851629 0.0062990700178879293 0.0016533578169325223 -0.014596084941561453 2.8184380854475415e-05 0.0011574978236890787 0.0075171594851459328
leaf_weight=45.832737892866135 180.30068790912628 299.99610257148743 18.181581974029541 101.5138326883316 499.99350428581238 115.15001916885376 93.938173532485962 95.45330536365509 1353.7702911496162 60.984056204557419 42.423691272735596 40.908559441566467 51.893265217542648 39.393427610397339 287.8750479221344 119.69541466236115 99.998700857162476 168.17963325977325 133.3316011428833 193.93687438964844 74.241459727287292 57.57500958442688 90.907909870147705 225.75464284420013 53.029614090919495 1136.7276563346386 11.363488733768461 2499.2099555134773 166.66450142860413 31.817768454551697
leaf_count=31 119 198 12 67 333 76 62 63 895 101 28 27 59 26 190 79 66 111 88 128 49 38 60 149 35 757 30 4405 110 21
internal_value=-5.31472e-05 0.000760672 0.000484776 -0.000588486 -0.00149501 -0.000834945 0.00012615 0.0013468 -0.00134936 0.000140432 -0.00557496 0.000344755 0.00484695 0.00140569 -0.000828672 0.00245863 -0.00133579 -0.000239703 -0.0022255 -0.000394603 0.00221998 -0.00334134 -0.00468217 0.000621128 0.00125057 0.00183881 0.000113312 0.0001786 0.00290076 -0.000868812
internal_weight=8390.04 3329.12 3148.82 5060.92 2255.65 1755.66 2848.83 1250.36 1543.16 2805.27 157.574 2703.75 132.195 91.2867 1598.46 213.634 1384.83 895.443 495.448 327.268 399.995 489.388 378.783 299.996 110.605 1154.91 2571.56 2560.19 212.497 1385.59
internal_count=8413 2204 2085 6209 1494 1161 1887 832 1020 4715 104 4648 112 85 1055 141 914 591 327 216 264 323 250 198 73 769 4536 4506 141 916
is_linear=0
shrinkage=0.03


Tree=112
num_leaves=31
num_cat=0
split_feature=42 61 31 76 88 60 21 35 76 82 84 98 90 94 61 60 94 94 91 30 89 73 9 13 7 21 63 37 63 61
split_gain=4.40798 4.85968 4.76635 4.48883 4.13265 3.76372 3.52614 3.59803 3.27043 4.74559 4.37081 3.69038 3.24215 3.17802 3.01471 3.68663 3.08239 3.40642 2.98016 3.41618 3.37815 2.9439 2.78807 2.73562 2.72345 3.31061 3.40947 3.2005 4.51445 3.14828
threshold=-0.62499999999999989 1.8301351351351351 0.36299999999999999 2.5350000000000006 2.6250000000000004 1.8220000000000598 -0.45476784894324823 11.965000000000002 1.925 0.9396465886505897 -10.106499999999981 27.489621497709106 -1.1349999999999996 3.9213534881769001 1.4135135135135137 1.7694999999999939 3.2519711390805979 1.8211209100841006 0.0028316603684459024 0.37000000000000038 1.7050000000000003 2.1778767123287675 308.50000000000006 -1.2734999999999996 6.0850000000000009 0.91782391310925859 0.90500000000000014 1.5205000000000004 1.0250000000000001 1.493783783783784
decision_type=2 2 2 2 2 2 8 8 2 8 2 8 2 10 2 2 8 10 2 2 2 2 2 8 2 10 2 2 2 2
left_child=23 8 3 12 5 -5 7 -6 14 -10 -11 -12 -3 -14 15 16 17 -2 20 -20 -18 -9 -17 -1 25 27 -27 28 -13 -28
right_child=1 2 -4 4 6 -7 -8 21 9 10 11 24 13 -15 -16 22 18 -19 19 -21 -22 -23 -24 -25 -26 26 29 -29 -30 -31
leaf_value=0.010712426544159029 0.0018858705410724345 -0.012987492607765721 -0.0042956944684798323 0.003304472676622715 -0.0042285685215556314 0.019141484032741771 -0.00052074375066005207 0.0098520884572644574 0.012683387557830094 0.012826558475218384 -0.0086242829521917305 0.0012265805593466136 -0.0019256871018093781 -0.012410767595523901 -0.0038805098061509917 -0.0021500093495820014 0.010401951021853985 -0.0042395756604234579 -0.002643080920509462 0.010667236063137011 -0.0003170379130107171 0.002293499116858509 0.0091652819194778835 0.0022512569779255306 0.0003430355047541128 -0.0043179306032730957 0.010778248249548187 0.0031720469026478167 0.016063596501069727 0.0010775390983056572
leaf_weight=37.87829577922821 118.5590657889843 27.272372961044312 319.6928163766861 71.211196064949036 48.484218597412109 16.666450142860413 3512.0755846500397 70.074847191572189 32.954117327928543 28.78750479221344 34.848032116889954 31.438985496759415 565.1441730260849 27.272372961044312 211.36089044809341 28.029938876628876 60.605273246765137 262.87537270784378 128.02863973379135 20.075496762990952 46.969086766242981 137.11943072080612 65.150668740272522 373.47999638319016 1279.9076143801212 96.968437194824219 33.711683243513107 363.25285652279854 44.696389019489288 281.81452059745789
leaf_count=25 79 18 310 104 32 11 3575 50 24 19 23 53 493 18 222 20 103 175 251 35 61 98 43 386 1426 64 23 422 64 186
internal_value=2.08971e-06 -0.000154307 -0.000756822 -0.000504024 -0.000123121 0.00630804 -0.000273119 0.00312834 0.000757061 0.00138345 0.00121383 0.00105954 -0.00287396 -0.00240838 -0.000725255 0.000187936 -0.000627221 -0.00233564 0.00192148 -0.000838869 0.00572183 0.00484988 0.0057615 0.00303037 0.00121784 0.00253218 0.000601986 0.00434423 0.00993687 0.00211399
internal_weight=8376.41 7965.05 4795.01 4475.32 3855.63 87.8776 3767.75 255.678 3170.03 2228.38 2195.43 2166.64 619.689 592.417 941.654 730.294 637.113 381.434 255.678 148.104 107.574 207.194 93.1806 411.358 2131.79 851.883 412.495 439.388 76.1354 315.526
internal_count=8413 8002 4709 4399 3870 115 3755 180 3293 2304 2280 2261 529 511 989 767 704 254 450 286 164 148 63 411 2238 812 273 539 117 209
is_linear=0
shrinkage=0.03


Tree=113
num_leaves=31
num_cat=0
split_feature=72 42 93 106 14 60 42 90 90 79 86 86 63 63 82 69 86 83 39 19 31 30 13 21 94 106 63 97 69 33
split_gain=4.43632 4.0273 4.53107 4.08397 3.63177 4.03135 3.47975 3.32824 3.78591 6.18302 4.45534 4.10141 3.17215 5.83628 3.05292 2.76645 2.68134 2.67281 2.58492 4.58177 3.93281 3.6523 3.53782 3.41167 2.92734 2.57672 2.60807 2.52068 2.97889 4.02658
threshold=8.6290000000000209 0.064999999999999961 25.835000000000004 130.50000000000003 56.315000000000005 2.1350000000000482 0.93000000000000005 -1.2049999999999998 0.70500000000000029 0.067245001851166178 0.63129115565173122 0.25580626546216989 0.21500000000000002 0.36500000000000005 0.83426846470255045 11.095000000000001 0.54222611198555726 15.015000000000002 1.4150000000000003 -1.0000000180025095e-35 0.66750000000000098 0.33000000000000002 -4.4614999999999991 0.50686138996327013 3.5666211119756204 117.50000000000001 2.3250000000000006 17.081179961659824 14.015000000000002 11.545000000000002
decision_type=2 2 10 2 8 2 2 2 2 2 2 2 2 2 8 8 2 8 2 8 2 2 10 8 10 2 2 8 8 10
left_child=1 7 3 4 6 12 -3 -1 9 11 16 17 -6 -14 -15 -13 -11 -9 19 24 21 23 -23 -21 -16 -20 -27 -10 29 -29
right_child=-2 2 -4 -5 5 -7 -8 8 27 10 -12 15 13 14 18 -17 -18 -19 25 20 -22 22 -24 -25 -26 26 -28 28 -30 -31
leaf_value=-0.0032429838310297789 -0.0083457830578239946 -0.0015029550244823569 0.0091949894243416146 -0.0057419816952639447 0.010811189019058412 0.0030307665665858909 -0.0087234635099066177 0.00059506233558978506 -0.0079904596667794824 0.008361785387193536 -0.0017371008641871427 0.0077225652684122167 -0.011006945104316428 0.010268171099481431 -0.00404368222209695 0.0017255931361597531 0.019997586707285398 -0.0075187487393922874 -0.001309730152874703 0.011951952314266647 -0.0087881823845420808 0.014743088758321478 0.0015743518367097573 0.0014189664906432927 0.0035303017846615306 -0.0002577017337532772 0.010419382622358012 0.0008030768006322441 -0.00018080549890615646 0.0078432803111799024
leaf_weight=179.54312199354172 56.059877753257751 1071.9557705521584 42.423691272735596 137.4982136785984 22.726977467536926 368.17703497409821 63.635536909103394 77.271723389625549 33.711683243513107 45.832737892866135 24.999675214290619 72.726327896118164 46.211520850658417 24.620892256498337 182.57338565587997 1440.5115884840488 29.166287750005722 69.317281275987625 1500.7380787730217 30.302636623382568 24.242109298706055 46.590303808450699 30.302636623382568 319.31403341889381 61.362839162349701 51.135699301958084 34.469249159097672 261.36024087667465 2009.4435910880566 101.5138326883316
leaf_count=201 37 709 28 159 54 246 42 51 26 46 30 48 113 17 122 1400 41 57 1781 20 37 111 20 510 42 48 37 174 2179 67
internal_value=6.55098e-05 0.00012162 -0.000557954 -0.000660984 -0.000480849 0.000109859 -0.00190757 0.000756293 0.000928657 0.00198613 0.00923084 0.00154966 -0.000343024 -0.000450812 -0.000239238 0.00201381 0.0128868 -0.0032417 -0.000352653 0.00117345 0.00296576 0.00363383 0.00955344 0.0023319 -0.00213843 -0.00102096 0.00404148 0.000155195 0.000270948 0.00277257
internal_weight=8459.74 8403.68 4058.28 4015.86 3878.36 2742.77 1135.59 4345.4 4165.85 1759.83 99.9987 1659.83 2374.59 2351.86 2305.65 1513.24 74.999 146.589 2281.03 694.688 450.752 426.51 76.8929 349.617 243.936 1586.34 85.6049 2406.03 2372.32 362.874
internal_count=8453 8416 4096 4068 3909 3158 751 4320 4119 1673 117 1556 2912 2858 2745 1448 87 108 2728 862 698 661 131 530 164 1866 85 2446 2420 241
is_linear=0
shrinkage=0.03


Tree=114
num_leaves=31
num_cat=0
split_feature=30 92 79 35 67 101 91 48 20 92 42 62 9 39 106 15 19 28 31 32 87 7 7 62 58 32 96 88 85 73
split_gain=3.53489 4.32097 5.12354 5.35008 3.42059 3.57439 3.56563 3.196 3.80195 3.03869 3.03273 2.89153 5.14365 2.78158 2.54485 2.53126 2.45828 3.12953 2.93836 3.13721 2.82506 3.18919 3.12715 2.45921 2.58579 2.43182 2.92458 2.54246 2.42575 3.876
threshold=-0.094999999999999959 11.692415224913498 0.0074365975564605396 13.435 0.079150071123755286 18.500000000000004 0.0095336561171468891 1.8770000000000098 -0.57278984051112791 10.267427335640141 0.53000000000000025 0.36245233672520977 96.220000000000013 1.3350000000000002 63.500000000000007 1025.1785000000002 0.92916483094970836 1.6150000000000004 0.62250000000000005 15.985714285714289 0.26500000000000007 9.0550000000000015 6.4250000000000007 0.24804172945179345 1.597869634347912 18.211428571428574 -5.5190000000000046 2.9150000000000005 2.479068965517242 2.6222602739726031
decision_type=2 10 2 10 2 2 2 2 10 10 2 2 2 2 2 10 10 2 2 10 2 2 2 2 8 10 2 2 2 2
left_child=28 2 3 -2 16 -6 25 8 15 -10 -3 12 -8 -11 -15 -5 18 -18 19 20 22 -22 -4 -19 -25 26 -7 -28 -1 -30
right_child=1 10 4 7 5 6 11 -9 9 13 -12 -13 -14 14 -16 -17 17 23 -20 -21 21 -23 -24 24 -26 -27 27 -29 29 -31
leaf_value=0.00039252342086357081 0.00012835746884657821 -0.0013759599267164596 0.0088473675518978261 0.0091036850431166355 0.013547340156809126 0.0068407007273327131 0.015883038987257431 0.012486143175051596 0.0054633459048144505 -0.0091130014881375052 -0.0055211977384969583 -0.0015674721394132462 -0.00029243244679707836 0.0037558612147465696 -0.0034238627033579289 -0.00022182350439360843 0.0034909410932712553 -0.0090488500368880662 -0.010441000913897941 0.0073084943392654964 -0.0018441333405117576 0.0037224541212915858 -0.00066472690641702849 0.0011829667096479978 -0.0084403747993228081 0.013058114805477807 0.0022945966199181818 -0.0046416965572637107 0.0078548676935560995 0.0014334468532103434
leaf_weight=1962.0957213640213 974.22976744174957 1189.3784874677658 51.893265217542648 122.34689536690712 18.939147889614105 90.907909870147705 24.620892256498337 36.363163948059082 109.08949184417725 30.302636623382568 183.33095157146454 618.55257007479668 62.877970993518829 104.54409635066986 77.271723389625549 33.332900285720825 39.393427610397339 102.27139860391617 29.545070707798004 40.908559441566467 1390.1334550976753 99.241134941577911 77.650506347417831 65.150668740272522 40.908559441566467 19.696713805198669 191.66417664289474 63.256753951311111 104.16531339287758 450.37293681502342
leaf_count=1997 1336 785 77 83 26 60 17 24 72 20 121 715 70 69 51 22 26 69 48 27 1540 94 133 43 27 13 266 83 101 400
internal_value=-5.33917e-05 -0.000455635 -7.51753e-06 0.00143426 -0.000715869 0.000628076 0.00039974 0.00391306 0.00325935 0.00139452 -0.00192957 -0.000845401 0.00425911 -0.000698019 0.000704479 0.00710698 -0.00147246 -0.00426334 -0.00106322 -0.000896291 -0.00110362 -0.00147322 0.00314567 -0.0057296 -0.00252889 0.00280486 0.00222089 0.000573406 0.000887677 0.00263966
internal_weight=8404.44 5887.8 4515.09 1487.48 3027.61 1090.52 1071.58 513.251 476.888 321.208 1372.71 706.051 87.4989 212.118 181.816 155.68 1937.1 247.724 1689.37 1659.83 1618.92 1489.37 129.544 208.331 106.059 365.526 345.829 254.921 2516.63 554.538
internal_count=8415 5917 5011 1677 3334 1250 1224 341 317 212 906 802 87 140 120 105 2084 165 1919 1871 1844 1634 210 139 70 422 409 349 2498 501
is_linear=0
shrinkage=0.03


Tree=115
num_leaves=31
num_cat=0
split_feature=42 7 76 61 63 95 39 97 60 13 42 93 91 84 13 77 29 106 91 7 87 19 96 68 96 86 69 94 75 64
split_gain=4.00392 4.2227 4.40058 5.65289 6.51705 4.93556 4.65998 4.63797 4.1883 4.06183 3.2931 3.12877 3.21337 4.80867 3.11695 3.48491 3.0048 2.9994 2.86508 4.95385 5.22041 4.05694 4.5464 4.0247 3.00298 4.16743 2.89531 3.21912 3.04192 2.87946
threshold=-0.62499999999999989 6.0650000000000004 2.0250000000000004 1.5631081081081084 1.0450000000000002 20.730000000000004 1.2950000000000002 135.38454751213598 -3.5310000000000055 -1.9879999999999998 0.24999999999999992 14.620000000000003 0.0095336561171468891 0.034499999999923155 13.975000000000003 1.7550000000000006 0.89499999999999991 130.50000000000003 0.038551192725555052 8.1750000000000025 1.1850000000000003 0.55781753696788494 2.5080000000000386 14.997123287671235 -3.7980000000000582 0.34845437091472781 11.795000000000002 2.179677808107193 2.7550000000000003 3.2450000000000006
decision_type=2 2 2 2 2 10 2 10 2 8 2 10 2 2 8 2 2 2 2 2 2 8 2 10 2 2 8 8 2 2
left_child=9 2 7 4 5 -4 -6 11 -5 -1 18 12 -2 -14 -10 -16 17 -12 19 24 23 22 -20 -21 25 -3 -26 -28 -29 -24
right_child=1 10 3 8 6 -7 -8 -9 14 -11 16 -13 13 -15 15 -17 -18 -19 21 20 -22 -23 29 -25 26 -27 27 28 -30 -31
leaf_value=0.014796664668187487 0.002288217616097299 0.011274864053750255 0.0057620157184759676 0.014193994814470565 0.025790346950344049 -0.0056758130830278052 0.0085072455023585333 0.0099302527604028905 0.0018325658653834073 0.0021204764580893274 -0.0011642927289985017 -0.0038570679029015721 -0.0065519315907055578 0.0028521985791837316 -0.0044518829366288915 0.0037655145387825687 -0.0086267301874892142 -0.0069002939782877313 0.0030347508367867307 0.010078693531568737 0.00066053719269618962 -0.0028460639012048553 0.0018245087527400143 -0.00057921636428649986 0.0028608922324334135 0.0012332777407015416 -0.0029752767934628178 -0.00034193038308303334 0.010129010099523562 -0.0043780805891093727
leaf_weight=24.242109298706055 281.81452059745789 43.938823103904724 170.07354804873466 21.211845636367798 21.59062859416008 42.423691272735596 40.150993525981903 35.226815074682236 607.5678642988205 369.69216680526733 1641.6453390717506 260.98145791888237 118.5590657889843 83.332250714302063 171.96746283769608 63.635536909103394 54.165962964296341 86.36251437664032 310.22324243187904 128.40742269158363 256.0572794675827 707.18778219819069 104.54409635066986 42.423691272735596 210.98210749030113 242.42109298706055 481.81192231178284 1551.4949951171875 25.378458172082901 189.39147889614105
leaf_count=16 315 29 185 14 30 28 43 24 401 391 1703 173 184 55 235 138 77 93 213 150 259 925 69 28 140 160 318 1849 22 125
internal_value=-5.20715e-05 -0.000197555 0.00102945 0.00221857 0.00597137 0.00347853 0.014551 -0.000706578 0.00102794 0.00290055 -0.000584963 -0.00120974 0.000218608 -0.0026703 0.000696715 -0.00223239 -0.00166906 -0.00145097 -0.000135048 0.000378739 0.0033703 -0.00130376 0.000501558 0.00743194 -0.000120889 0.00277405 -0.000486138 -0.000829155 -0.000173409 -0.002172
internal_weight=8388.91 7994.97 1918.54 1138.62 274.239 212.497 61.7416 779.914 864.383 393.934 6076.44 744.687 483.706 201.891 843.171 235.603 1782.17 1728.01 4294.26 2982.92 426.888 1311.35 604.159 170.831 2556.03 286.36 2269.67 2058.69 1576.87 293.936
internal_count=8392 7985 1825 1074 286 213 73 751 788 407 6160 727 554 239 774 373 1873 1796 4287 2955 437 1332 407 178 2518 189 2329 2189 1871 194
is_linear=0
shrinkage=0.03


Tree=116
num_leaves=31
num_cat=0
split_feature=14 42 30 91 89 21 19 16 76 33 69 32 57 9 95 57 89 83 13 13 19 96 72 103 84 63 87 85 60 106
split_gain=3.61412 3.89812 3.6545 3.74244 4.30186 4.09417 4.06931 3.96892 3.6374 3.58833 3.30573 3.26944 3.21562 4.17257 4.43196 3.09979 3.08648 3.03003 4.64761 4.77513 3.37477 2.90527 2.85206 3.55065 3.51481 3.62215 2.86116 4.90951 2.79365 2.77415
threshold=51.565000000000005 0.34999999999999981 -0.38499999999999995 0.038551192725555052 3.9650000000000003 -0.76062965362114654 0.93244991839251556 -0.95975627715712675 3.9900000000000007 12.285000000000002 13.605000000000002 9.3071428571428587 12.015000000000002 81.75500000000001 13.280000000000003 11.105000000000002 1.2250000000000003 26.525000000000002 -4.4614999999999991 -1.4194999999999998 -0.93999037389816353 11.45750000000004 1.2524999999999979 142.50000000000003 -1.2164999999999961 0.95500000000000007 0.26500000000000007 1.0187586206896555 0.67949999999996191 41.500000000000007
decision_type=8 2 2 2 2 8 10 2 2 10 8 10 10 2 8 10 2 10 10 10 10 2 2 2 2 2 2 2 2 2
left_child=1 8 -2 4 5 -4 7 -5 -1 12 11 -9 13 14 15 -7 -16 18 -11 -20 -21 -22 23 -15 -25 -26 27 -27 -10 -12
right_child=2 -3 3 6 -6 9 -8 10 28 17 29 -13 -14 22 16 -17 -18 -19 19 20 21 -23 -24 24 25 26 -28 -29 -30 -31
leaf_value=0.00016333914081341708 0.0035143562020588234 -0.0040231166278481027 0.011020233342778338 0.013222794413735519 -0.013583410392814512 0.0028962933181789262 -0.0051396063187205852 -0.0027959984971912071 -0.00061042225467748863 0.012806245421946177 0.0014108553308244383 0.0073172760278944985 -0.0016815021947474296 -0.0074771678667426202 -0.0091410420327898197 0.015339986849041797 0.0024661680473908815 -0.0054686916911151481 -0.0053865335293898087 -0.0023660074556498966 0.0020523276643657192 0.01120473957999708 0.0030404277059378642 -0.0035914350583962115 0.0029779497874630949 -0.00084895539218774602 -0.001082897241773973 0.027414266346114054 -0.0084170539768580327 -0.0021152396993111633
leaf_weight=1066.6528091430664 305.29906398057938 360.98015877604485 33.711683243513107 18.560364931821823 19.317930847406387 32.196551412343979 201.51253354549408 43.938823103904724 80.301987051963806 33.332900285720825 263.25415566563606 83.332250714302063 860.59488010406494 65.908234655857086 21.969411551952362 40.908559441566467 335.22291764616966 54.544745922088623 86.36251437664032 157.57371044158936 1646.5695175230503 31.817768454551697 213.63358819484711 245.83013960719109 335.22291764616966 15.151318311691286 748.09634163975716 8.7120080292224866 84.847382545471191 846.5799106657505
leaf_count=704 353 239 23 40 30 22 133 29 53 22 392 55 568 114 22 27 588 36 57 104 1101 21 141 166 783 40 1468 23 56 957
internal_value=3.8472e-06 -0.00128155 0.000307196 0.000155246 0.000546066 0.000601015 -0.0011822 -0.000547099 -0.000478126 0.00052982 -0.00075369 0.00382579 -0.000141076 0.00050157 0.00312965 0.0098596 0.00175226 0.00150551 0.00170002 0.00150744 0.00183173 0.00222583 -0.000191122 -0.000677666 -0.000346447 0.000374045 -0.000756699 0.00946936 -0.00462117 -0.00127885
internal_weight=8341.94 1592.78 6749.15 6443.86 4986.68 4967.36 1457.18 1255.67 1231.8 4933.65 1237.11 127.271 2923.45 2062.85 430.297 73.1051 357.192 2010.2 1955.66 1922.32 1835.96 1678.39 1632.55 1418.92 1353.01 1107.18 771.96 23.8633 165.149 1109.83
internal_count=8367 1052 7315 6962 5356 5326 1606 1473 813 5303 1433 84 3962 3394 659 49 610 1341 1305 1283 1226 1122 2735 2594 2480 2314 1531 63 109 1349
is_linear=0
shrinkage=0.03


Tree=117
num_leaves=31
num_cat=0
split_feature=3 2 33 84 70 85 11 30 90 77 65 81 78 70 15 84 67 91 77 20 71 106 69 72 45 65 95 105 71 49
split_gain=3.78474 4.22827 6.16869 4.18219 3.6182 4.33124 3.58621 3.49523 3.40794 4.5464 3.69336 3.0043 3.48739 3.80538 2.91149 2.86592 2.83811 4.07785 3.2395 4.28261 3.41148 2.98418 3.83675 3.51262 3.04654 2.90571 3.78319 4.13629 2.88348 2.76678
threshold=1.8450000000000004 1.0000000180025095e-35 11.125000000000002 -12.356999999999969 1.025875178231709 2.5153103448275864 17.520000000000003 -0.27999999999999953 0.54500000000000015 1.2250000000000003 2.9150000000000005 19.820000000000004 1.9950000000000003 1.3321464105100187 1001.0295000000002 0.7814999999999942 -0.012147937411095322 0.0065449338686820934 1.6350000000000005 -0.13398618541829246 21.285000000000004 101.50000000000001 20.115000000000006 3.6815000000000286 18.295000000000005 1.5650000000000006 18.650000000000002 110.50000000000001 20.360000000000003 2.9157894736842112
decision_type=2 2 8 2 10 2 10 2 2 2 2 8 2 10 8 2 2 2 2 8 8 2 10 2 10 2 10 2 10 2
left_child=6 2 4 -3 -2 -6 -1 -4 9 15 11 12 13 -10 -9 -5 -16 18 20 -20 -18 22 24 -24 25 26 27 -19 -27 -11
right_child=1 3 7 8 5 -7 -8 14 10 29 -12 -13 -14 -15 16 -17 17 21 19 -21 -22 -23 23 -25 -26 28 -28 -29 -30 -31
leaf_value=0.00072653688298664502 0.0014050773377182388 0.016509070093448014 0.002982295534675048 -0.0032004478436809805 -0.0047051136781477865 0.0017639419641326806 0.010020232194032311 -0.0074579914463909361 -0.0062084532865483329 -0.0089320447470063926 -0.0088006395116248578 0.00037450498191735234 -0.011853018203962402 0.0019156719529018224 -0.0011508773008810961 0.012675345807686283 -0.00010604650855299164 -0.00043045425285890041 0.0075614584368085842 -0.0023272387672426064 0.0069423088211661077 0.0041409582735291006 -0.0098121929651455338 0.0010925198474872897 0.004224114663357534 0.0031421001480018132 -0.0035024734763970541 0.009532708092421887 -0.0040744561498999559 0.0068850243063156907
leaf_weight=2774.2063828706741 168.93719917535782 10.605922818183897 421.96421498060226 26.514807045459747 516.65995442867279 113.63488733768463 37.87829577922821 45.453954935073853 103.02896451950073 161.74032297730446 58.332575500011444 499.99350428581238 39.393427610397339 104.54409635066986 990.13865166902542 16.666450142860413 343.17735975980759 409.08559441566467 191.66417664289474 49.620567470788956 75.377808600664139 139.7709114253521 71.211196064949036 42.423691272735596 137.87699663639069 280.29938876628876 409.08559441566467 41.287342399358749 60.605273246765137 10.605922818183897
leaf_count=2800 113 7 388 43 341 75 25 30 68 259 97 1014 26 69 958 11 228 423 131 68 133 156 47 28 91 338 270 52 40 19
internal_value=-4.46302e-05 -0.00049964 -0.000103203 -0.00223243 -0.0024938 -0.00353882 0.000851721 0.000411928 -0.00242715 -0.00577771 -0.0015304 -0.000962648 -0.00366977 -0.00211674 8.19687e-05 0.00292705 0.000187694 0.000776359 0.00275928 0.00552783 0.0011633 -4.56912e-05 -0.000448737 -0.0057411 6.57259e-07 -0.000484461 -0.00141406 0.000482905 0.00185916 -0.00795869
internal_weight=8351.79 5539.7 4508.27 1031.43 799.232 630.295 2812.08 3709.04 1020.82 215.528 805.293 746.96 246.966 207.573 3287.08 43.1813 3241.62 2251.49 659.84 241.285 418.555 1591.65 1451.88 113.635 1338.24 1200.36 859.459 450.373 340.905 172.346
internal_count=8348 5523 3910 1613 529 416 2825 3381 1606 332 1274 1177 163 137 2993 54 2963 2005 560 199 361 1445 1289 75 1214 1123 745 475 378 278
is_linear=0
shrinkage=0.03


Tree=118
num_leaves=31
num_cat=0
split_feature=72 30 55 95 35 62 82 83 83 69 90 16 19 98 15 69 16 75 23 86 96 42 94 75 105 95 51 67 94 71
split_gain=3.94349 3.95139 3.23151 4.56256 5.73535 5.67925 3.42546 3.41708 5.59066 3.84141 3.35569 4.16217 4.10664 3.90169 3.61127 3.75591 3.3245 3.55517 3.54933 3.28616 3.32188 3.27336 3.13683 4.53367 3.3151 5.11591 4.13563 3.41342 4.58843 4.59942
threshold=8.0270000000000454 1.2000000000000004 -0.062289473684210554 22.000000000000004 19.090000000000003 0.19581737454235035 1.5307125276818569 18.505000000000003 18.275000000000002 16.555000000000003 0.14500000000000005 -0.94123492117109386 1.0000000180025095e-35 37.950465513911134 1019.7435000000002 15.495000000000003 0.072541918064764246 0.64500000000000013 1.6327897069128234 0.29434365445631178 8.2795000000001 0.58500000000000019 2.089345290637143 0.79500000000000015 98.500000000000014 18.105000000000004 1.6250000000000002 0.11661450924608817 3.2374918634107561 12.960000000000003
decision_type=2 2 2 10 10 2 10 10 10 10 2 2 10 8 10 10 2 2 2 2 2 2 8 2 2 10 2 2 10 10
left_child=1 2 -1 4 7 -5 -7 8 9 10 12 -12 -4 -13 -14 -16 17 -6 21 -9 -21 -19 23 -15 27 26 -26 28 -24 -30
right_child=-2 -3 3 5 16 6 -8 19 -10 -11 11 13 14 22 15 -17 -18 18 -20 20 -22 -23 24 -25 25 -27 -28 -29 29 -31
leaf_value=0.0012112897580303793 -0.006902768466385446 -0.013645183069227742 -0.0030696479584530296 0.0040071730043946567 -0.00052727942518210487 -0.0080981507079493763 -0.0022935689820043383 0.0093994363758963372 0.01085988655902499 -0.014227784580762817 0.0081548905231250742 -0.0060985177028603926 0.0041642864891394075 0.0069953667836918304 -0.002551919562148508 0.0086391128198671455 -0.0031348766368038913 0.0072282597500054977 0.014663093999167863 -0.0020347207209298044 0.0069904567515151833 -0.0014318913367145848 -0.0020182155497593642 0.0011100796196107621 0.013726285434486429 -0.0016433228862436926 0.003549806558102042 0.0024290761735718696 0.013072861172866596 0.00087220450713863069
leaf_weight=1767.4012810587883 74.241459727287292 18.939147889614105 538.62936598062515 118.18028283119202 84.847382545471191 104.54409635066986 733.32380628585815 24.242109298706055 44.317606061697006 16.666450142860413 66.287017613649368 77.271723389625549 176.13407537341118 158.33127635717392 246.96648848056793 30.302636623382568 56.059877753257751 151.51318311691284 40.908559441566467 1184.0755260586739 37.87829577922821 53.029614090919495 1045.0621805489063 460.22129371762276 44.317606061697006 148.48291945457458 190.14904481172562 319.6928163766861 30.302636623382568 337.87439835071564
leaf_count=1765 49 38 759 78 56 69 484 16 30 11 139 51 117 115 163 20 37 100 27 789 25 35 1664 312 96 98 424 562 20 223
internal_value=-1.93239e-05 4.22026e-05 7.34838e-05 -0.000234964 9.40225e-05 -0.00214945 -0.00301783 -0.000169109 0.000264844 0.000144035 0.000205928 0.000724577 -0.00129873 0.000549404 0.000805072 -0.00132886 0.00361998 0.00476645 0.00659638 -0.00153797 -0.00175496 0.00498304 0.000737266 0.00261654 0.000187883 0.00271394 0.00547331 -0.000370335 -0.0010036 0.00187637
internal_weight=8380.19 8305.95 8287.01 6519.61 5563.56 956.048 837.868 5177.21 3931.01 3886.69 3870.03 2877.99 992.033 2811.71 453.403 277.269 386.359 330.299 245.451 1246.2 1221.95 204.543 2734.43 618.553 2115.88 382.95 234.467 1732.93 1413.24 368.177
internal_count=8372 8323 8285 6520 5889 631 553 5634 4804 4774 4763 3704 1059 3565 300 183 255 218 162 830 814 135 3514 427 3087 618 520 2469 1907 243
is_linear=0
shrinkage=0.03


Tree=119
num_leaves=31
num_cat=0
split_feature=92 55 72 92 95 72 63 63 7 63 19 92 42 93 81 95 33 105 19 16 21 17 85 46 20 9 59 97 73 34
split_gain=3.10707 4.87282 5.44714 3.72604 4.63964 3.10654 2.80029 4.88574 4.56456 4.22346 4.01421 3.73291 3.3688 5.23679 3.35489 3.65596 3.46362 3.82484 3.2682 3.03008 2.99762 2.99334 2.77746 2.66253 2.84148 3.49056 3.71388 2.55822 2.5366 2.46929
threshold=14.191770893406385 -0.0040000000000000426 1.9975000000000593 13.535138408304499 21.165000000000003 8.0270000000000454 0.21500000000000002 0.36500000000000005 7.5850000000000009 0.7350000000000001 0.85635721058796077 5.6895657439446383 0.28000000000000019 25.835000000000004 11.585000000000003 12.775000000000002 10.955000000000002 95.500000000000014 0.6155239227524153 0.43027450889908786 -0.40912689666408675 -0.95909189535710848 1.2065172413793106 1.1334389251180681 0.31005424938525922 28.360000000000003 16.650000000000002 132.13274484187238 2.4575342465753431 0.77551518427464672
decision_type=10 2 2 10 10 2 2 2 2 2 10 8 2 10 8 10 10 2 8 2 10 2 2 10 10 2 10 10 2 10
left_child=3 2 -2 5 -5 6 -1 8 -8 10 27 -11 14 -14 15 -13 17 21 -19 -20 29 -16 -17 24 25 26 -22 -9 -21 -18
right_child=1 -3 -4 4 -6 -7 7 9 -10 11 -12 12 13 -15 16 22 20 18 19 28 23 -23 -24 -25 -26 -27 -28 -29 -30 -31
leaf_value=0.0076668907835864813 0.0020298705766547531 -0.0061252728487405607 -0.0064154690814030822 0.011763632351588588 0.0017194497450634166 -0.0060514979496782677 -0.0022043129732860164 0.0032196355783878665 -0.017115650064204183 0.010303335527189579 -0.0021131762626627861 -0.003263246228142547 -0.0015246471846070513 0.012979211217098049 0.0027238215910808166 0.014113547458763665 -0.0031624964656169824 -0.0018824588710126598 0.00064235398809938651 0.0079027838996448031 -0.0042222250119654794 -0.0024973672119513405 0.0041488358680736382 -0.00078507055272696393 -0.003781320077484579 0.0020757605528437095 0.0070329688321582474 0.013768342851454176 -0.00037213301372980817 0.0055379591205558824
leaf_weight=43.938823103904724 268.17833411693573 184.84608340263367 92.423041701316833 51.514482259750366 210.60332453250885 74.241459727287292 55.681094795465469 496.58445766568184 27.651155918836594 31.060202538967133 137.11943072080612 40.150993525981903 1580.2824999094009 22.726977467536926 109.46827480196953 36.363163948059082 34.848032116889954 325.75334370136261 496.58445766568184 110.60462367534637 154.5434467792511 1016.2746757566929 81.817118883132935 900.74587363004684 95.45330536365509 1368.5428265035152 31.817768454551697 21.59062859416008 47.726652681827545 186.3612152338028
leaf_count=74 177 122 61 34 139 49 99 669 58 25 92 28 1562 15 145 24 23 215 924 208 102 1606 54 596 63 907 21 15 90 123
internal_value=2.40595e-05 -0.00216483 -0.000134691 0.000177322 0.00369345 5.4893e-05 0.000115715 7.09375e-05 -0.00715217 0.000153095 0.00245131 -7.26557e-05 -0.000121191 -0.00131902 0.000260008 0.00455776 0.000120531 -0.000796496 0.000573169 0.00179459 0.000817292 -0.00198965 0.0072149 0.000526805 0.00124281 0.00155124 -0.00230061 0.00365917 0.00540843 0.00416734
internal_weight=8335.5 545.447 360.601 7790.05 262.118 7527.93 7453.69 7409.75 83.3323 7326.42 655.295 6671.13 6640.07 1603.01 5037.06 158.331 4878.72 2106.41 980.669 654.916 2772.31 1125.74 118.18 2551.1 1650.36 1554.9 186.361 518.175 158.331 221.209
internal_count=8320 360 238 7960 173 7787 7738 7664 157 7507 776 6731 6706 1577 5129 106 5023 3188 1437 1222 1835 1751 78 1689 1093 1030 123 684 298 146
is_linear=0
shrinkage=0.03


Tree=120
num_leaves=31
num_cat=0
split_feature=42 64 89 94 17 48 96 42 98 16 82 19 104 74 89 84 13 64 84 98 92 95 33 13 88 96 21 77 21 98
split_gain=3.86561 3.72305 3.63964 3.7187 3.44698 3.30951 3.08789 3.21845 3.08162 3.00063 2.7928 2.97454 2.5831 2.75563 2.55484 2.49723 2.35728 5.27639 2.45875 2.32582 2.36085 2.54656 2.55781 2.43057 2.31752 2.38265 2.44494 2.40454 2.30165 2.66214
threshold=-0.34999999999999992 2.3450000000000002 1.3150000000000004 4.4410206229829461 0.99208185137423244 -1.4504999999999766 12.836500000000003 0.24000000000000013 106.83967520239848 -0.98483798533721378 1.2709516617251149 0.90560581049771072 0.66608996539792398 0.28770618298333051 1.9150000000000003 0.16400000000004414 25.225000000000005 2.0250000000000004 2.4365000000000241 115.78428401667898 7.0117612456747418 15.985000000000001 17.145000000000003 -2.3869999999999991 4.0750000000000011 8.04250000000002 -0.27748231976883792 1.9150000000000005 -0.49848767142220984 98.800330488476575
decision_type=2 2 2 10 2 2 2 2 8 2 8 10 2 2 2 2 8 2 2 8 8 8 10 8 2 2 8 2 8 10
left_child=28 2 4 5 16 14 7 10 -9 -10 11 -3 13 15 -4 -12 18 -18 -2 -7 -21 -22 23 -23 25 26 27 -15 29 -1
right_child=1 6 3 -5 -6 19 -8 8 9 -11 12 -13 -14 24 -16 -17 17 -19 -20 20 21 22 -24 -25 -26 -27 -28 -29 -30 -31
leaf_value=-0.00051057499128878713 -0.0027656172925991972 0.0043459211832617833 0.003733090547007488 -0.0043971025816225157 -0.0059293818272720287 -8.6207726210291063e-05 0.0085686718224965933 -0.0040952076270444962 0.013335310270477222 -0.0012382608090090381 -0.00077375143750113681 -0.0046620544469151782 0.0054630481168239852 0.00095618871921224246 0.013192994479541585 -0.0066842266512613076 0.00072872000502410773 0.016508341113091712 0.0026571960505956675 -0.001762119328810533 0.0076306138362043181 -0.0096254796330357082 0.00869171312873325 0.0019328249447311591 -0.0022287980412967591 0.0044825066427674034 -0.00057809266864477583 0.0081293590554340715 0.0013317428814317151 0.012005760659885931
leaf_weight=24.999675214290619 335.98048356175423 203.02766537666321 112.1197555065155 99.619917899370193 114.77123621106148 762.49009403586388 31.817768454551697 425.3732616007328 12.87862056493759 1001.8809233605862 135.22551593184471 39.393427610397339 63.635536909103394 156.05857861042023 33.332900285720825 122.7256783246994 189.01269593834877 21.211845636367798 96.968437194824219 131.81646931171417 80.301987051963806 16.666450142860413 49.999350428581238 934.07877391576767 437.87309920787811 110.60462367534637 1276.877350717783 57.57500958442688 1261.7260324060917 39.393427610397339
leaf_count=21 224 134 74 68 81 507 21 283 25 1175 186 26 42 103 22 81 274 29 64 87 53 11 33 1383 463 73 1457 38 1276 26
internal_value=0.000128059 -0.000151335 0.00065487 0.00126759 -0.00114011 0.00153367 -0.000740589 -0.000813849 -0.00195179 -0.0010533 -0.00018427 0.00288213 -0.000499176 -0.000664356 0.00590099 -0.00358578 -0.00028549 0.0023209 -0.00155106 0.00121209 0.0020283 0.00249048 0.00207802 0.00173021 -0.000294768 0.00023415 -8.11024e-05 0.00288938 0.00161409 0.00714648
internal_weight=8379.44 7053.32 2978.37 2220.43 757.945 2120.81 4074.95 4043.13 1440.13 1014.76 2603 242.421 2360.58 2296.94 145.453 257.951 643.173 210.225 432.949 1975.35 1212.86 1081.05 1000.74 950.745 2038.99 1601.12 1490.51 213.634 1326.12 64.3931
internal_count=8340 7017 2910 2238 672 2170 4107 4086 1483 1200 2603 160 2443 2401 96 267 591 303 288 2074 1567 1480 1427 1394 2134 1671 1598 141 1323 47
is_linear=0
shrinkage=0.03


Tree=121
num_leaves=31
num_cat=0
split_feature=98 21 30 53 15 49 2 63 103 87 79 92 57 48 12 91 83 79 94 63 19 17 23 14 89 52 9 7 99 85
split_gain=3.34552 4.80346 4.78944 3.81531 3.74039 3.00935 2.92154 5.59439 4.31483 3.857 5.2252 3.81238 3.84077 3.71802 3.6707 3.66779 4.21452 4.10618 3.98964 3.48212 3.45732 3.46965 3.43208 3.01769 2.94933 3.41305 2.84865 2.8233 4.64234 2.98756
threshold=106.52071932011306 -0.44361872531697444 0.40999999999999986 2.7300000000000004 1020.4830000000001 1.1902631578947371 1.0000000180025095e-35 0.7350000000000001 141.50000000000003 1.385 0.028904572380599781 9.0244031141868533 11.705000000000002 -1.0210000000000148 325.61500000000007 0.00070530231459613364 20.730000000000004 0.01241206960385032 1.3530720315967908 0.21500000000000002 0.92603527266084573 -0.82343346510225268 1.6249170615267479 81.15000000000002 3.2950000000000004 2.1250000000000004 300.68500000000006 5.495000000000001 1.4523381436312295 1.0187586206896555
decision_type=8 8 2 2 10 2 2 2 2 2 2 8 8 2 10 2 10 2 8 2 10 2 2 10 2 2 2 2 2 2
left_child=2 5 4 6 -1 -2 9 8 -8 20 13 -9 -13 -11 19 16 17 -14 -17 -10 21 22 -3 -20 25 -21 -15 28 29 -23
right_child=1 3 -4 -5 -6 -7 7 11 14 10 -12 12 15 26 -16 18 -18 -19 23 24 -22 27 -24 -25 -26 -27 -28 -29 -30 -31
leaf_value=0.0003977069587825514 0.025781666274188823 -0.0088074210558693137 -0.006307907553965179 -0.010350543918452559 -0.0018199509846748918 0.0043202717287856652 -0.014229789063131713 -0.012999168642801592 0.023574590171436892 0.0091298846420976524 0.0080767529954795334 0.016637665999104025 0.00062515540623890543 0.0058809265363527754 -0.0024445404315674071 0.02364192975729763 -0.011326673154484077 -0.0081835487373443511 -0.0010897592441826923 0.0021555744346042614 -0.0022003070426628354 0.021313891390874459 -0.00069661368246752152 0.008307415323191087 -0.010385722835070244 0.011292404135239433 -0.0010730679307680482 0.00081403018521824882 -0.00023665125235485546 0.0067025978522127728
leaf_weight=1601.4943455457687 6.0605273246765128 58.711358457803726 136.36186480522156 30.302636623382568 1195.4390147924423 197.72470396757126 11.742271691560743 25.757241129875183 10.227139860391615 48.484218597412109 141.66482621431351 10.605922818183897 134.08916705846786 65.529451698064804 53.029614090919495 6.0605273246765128 63.635536909103394 73.86267676949501 921.20015335083008 76.135374516248703 406.81289666891098 14.393752396106718 234.46665087342262 31.817768454551697 9.8483569025993329 71.211196064949036 277.64790806174278 2231.0316213965416 103.02896451950073 100.75626677274704
leaf_count=1066 4 104 90 77 789 147 31 17 27 32 146 7 207 119 35 4 42 138 1481 177 270 11 235 21 23 146 310 2437 80 74
internal_value=-1.81359e-06 0.000440141 -0.000817808 0.000263477 -0.000550144 0.00495853 0.000325547 -0.000790876 0.00349 0.000780063 0.00313933 -0.00157538 -0.00133833 0.00135345 0.00443383 -0.00149325 -0.00457095 -0.00250362 -0.000621722 0.00661251 0.000380515 0.000763361 -0.00232087 -0.000776022 0.00550895 0.00657132 0.000254792 0.00113255 0.00438967 0.00852901
internal_weight=8349.13 5415.84 2933.3 5212.05 2796.93 203.785 5181.75 1499.22 232.194 3682.53 533.326 1267.03 1241.27 391.662 220.452 1230.67 271.587 207.952 959.078 167.422 3149.2 2742.39 293.178 953.018 157.195 147.347 343.177 2449.21 218.179 115.15
internal_count=8347 6402 1945 6251 1855 151 6174 2356 439 3818 607 1917 1900 461 408 1893 387 345 1506 373 3211 2941 339 1502 346 323 429 2602 165 85
is_linear=0
shrinkage=0.03


Tree=122
num_leaves=31
num_cat=0
split_feature=72 14 100 16 98 2 88 104 75 85 9 94 54 98 48 94 65 21 38 61 96 76 23 32 98 90 94 14 77 92
split_gain=3.66268 3.52809 5.33583 4.97327 4.45375 3.99678 5.01113 4.99561 5.72199 5.46422 4.81147 4.24539 3.83361 3.80441 3.92059 3.75762 6.5701 3.37968 3.29569 3.28421 3.85927 3.14644 3.53574 2.86425 2.7974 2.80527 2.9629 2.81911 3.34304 2.79297
threshold=8.0270000000000454 71.335000000000022 0.7293650800870809 -0.85227513186527171 76.939042729969529 1.0000000180025095e-35 2.4050000000000007 0.50346020761245691 0.47500000000000003 0.82017390225750453 331.63500000000005 1.3704955136982953 1.1550000000000005 164.36194404020813 -0.8464999999999917 4.2714705161536939 1.3700000000000006 -0.61634844993250826 0.24946720974682712 1.4321621621621623 1.891500000000008 2.0650000000000004 1.6294274723512931 17.394285714285719 87.122330144822286 0.069999999999999965 2.0249953350582879 74.885000000000005 1.4350000000000005 14.423048346789699
decision_type=2 10 2 2 8 2 2 2 2 2 2 8 2 10 2 10 2 8 2 2 2 2 2 8 10 2 10 10 2 10
left_child=1 4 24 -4 -1 13 7 8 9 10 -7 -8 -10 17 -15 16 18 -6 21 20 -16 22 -5 -23 -3 27 -27 -26 -29 -13
right_child=-2 2 3 15 5 6 11 -9 12 -11 -12 29 -14 14 19 -17 -18 -19 -20 -21 -22 23 -24 -25 25 26 -28 28 -30 -31
leaf_value=-0.0031770612385055583 -0.0065272836022279785 0.00089736854569817345 0.012125429907810849 0.0076077445931652292 0.0064282809775526072 -0.0041985637070553073 0.017607259300603698 -0.015376106451991617 -0.00031979264951913835 0.022692299779112746 0.017189797162014922 -0.0021504858425804452 0.016511483906232423 0.01347300597001117 -0.0056103414832780309 -0.0048260258946002457 0.0048249769811920355 -3.7949812972665856e-05 -0.0053156323602296324 0.0048095909476465176 0.0064915441562515335 -0.00094641030216148286 0.0006448715308617391 -0.0095615635230512919 0.0093115618811058579 0.01355769896364606 0.0051530001455633075 0.0037960549366319301 -0.0059418239338099154 -0.0079558943651892085
leaf_weight=465.52425512671471 77.271723389625549 294.3143582046032 30.302636623382568 77.650506347417831 74.241459727287292 24.242109298706055 9.4695739448070508 14.393752396106718 224.23951101303101 22.348194509744644 15.530101269483565 1047.33487829566 12.87862056493759 31.817768454551697 74.241459727287292 140.90726029872894 242.42109298706055 3614.3469832539558 118.93784874677658 186.3612152338028 34.848032116889954 634.84023725986481 424.23691272735596 36.741946905851364 33.711683243513107 45.453954935073853 222.72437918186188 73.105110853910446 56.059877753257751 80.301987051963806
leaf_count=308 51 201 20 52 49 55 7 38 418 59 32 1727 19 21 49 93 169 3713 83 123 23 419 283 28 23 30 147 49 37 53
internal_value=-2.57864e-05 3.42818e-05 0.000996719 8.03326e-05 -0.000360194 -0.000120315 -0.00146994 0.00188732 0.00271771 0.0108227 0.00415308 -0.00239592 0.000594366 0.000367239 0.00346718 -0.000137481 0.000292958 9.21982e-05 -0.000557128 0.00238963 -0.00174446 -7.48262e-05 0.00172215 -0.00141774 0.00315202 0.00469145 0.00657753 0.00158599 -0.000430356 -0.0025639
internal_weight=8440.8 8363.53 2431.41 1706.04 5932.12 5466.6 1450.74 313.632 299.239 62.1204 39.7722 1137.11 237.118 4015.86 327.268 1675.74 1534.83 3688.59 1292.41 295.451 109.089 1173.47 501.887 671.582 725.369 431.055 268.178 162.877 129.165 1127.64
internal_count=8379 8328 1634 1147 6694 6386 2408 621 583 146 87 1787 437 3978 216 1127 1034 3762 865 195 72 782 335 447 487 286 177 109 86 1780
is_linear=0
shrinkage=0.03


Tree=123
num_leaves=31
num_cat=0
split_feature=72 42 52 2 15 87 32 15 68 67 86 19 89 75 46 88 95 57 42 83 44 27 59 81 78 82 13 14 81 45
split_gain=3.24424 3.55755 3.28242 3.40796 4.39526 3.81065 3.519 3.93296 3.51161 3.78325 3.35029 2.9262 2.78883 2.95801 3.49181 2.7304 2.7029 3.9968 2.5124 2.54345 2.5055 2.50175 2.7475 2.46875 2.45422 2.38845 2.73045 3.54907 4.23823 4.07637
threshold=8.6290000000000209 -0.35499999999999993 2.2650000000000001 1.0000000180025095e-35 1015.7035000000001 0.21500000000000002 11.446428571428571 1001.0295000000002 16.69705479452055 0.24274182076813658 0.9315288970650818 0.97273540093826494 1.3350000000000004 2.8050000000000002 1.1037201540824182 4.0450000000000008 21.710000000000004 18.165000000000003 0.28000000000000019 18.920000000000005 16.96842105263158 3.2850000000000006 18.715000000000003 15.995000000000003 2.265000000000001 0.97252970632471591 12.915000000000001 72.00500000000001 13.425000000000002 17.750000000000004
decision_type=2 2 2 2 8 2 8 8 10 2 2 10 2 2 10 2 10 10 2 10 10 2 10 10 2 8 10 10 10 10
left_child=1 -1 11 6 20 10 18 -8 9 12 24 25 -9 14 15 -14 17 21 19 23 -5 22 -16 -4 -6 -3 27 29 -29 -27
right_child=-2 2 3 4 5 -7 7 8 -10 -11 -12 -13 13 -15 16 -17 -18 -19 -20 -21 -22 -23 -24 -25 -26 26 -28 28 -30 -31
leaf_value=0.0014502061252045881 -0.007546855332959671 0.0060740528900534293 -0.00094686654100851109 0.010746396819332284 0.026196134423671993 -0.0042150760203365821 -0.011139460842349243 0.0085307048426525294 -0.004810929543801132 0.009724682678916791 -0.0025891856520528925 -0.0026306827882942767 0.0016174769040171 0.0046496823031359075 -0.00013401748804531648 -0.0035253090488127944 -0.0044174733294345871 0.0036532993039598434 -0.0053944065475375119 -0.003475198521326607 -0.00039021379446975245 0.0064002256700060982 -0.0050047697440482241 0.0050052763500850576 0.0045279974652723985 0.00055838925141415985 -0.00092014123606218854 -0.0017994030373860226 0.0072601767708071058 0.014276566270291785
leaf_weight=1294.301366776228 51.514482259750366 72.347544938325882 286.35991609096527 30.302636623382568 8.7120080292224902 582.18940612673759 27.272372961044312 37.499512821435928 113.63488733768463 40.150993525981903 22.726977467536926 259.46632608771324 946.1998285651207 129.92255452275276 212.11845636367798 103.02896451950073 212.11845636367798 156.05857861042023 168.17963325977325 271.20859777927399 45.453954935073853 30.302636623382568 204.92158016562462 80.301987051963806 10.227139860391615 1903.7631458640099 816.27727404236794 65.150668740272522 162.11910593509674 19.696713805198669
leaf_count=1305 34 50 189 20 23 925 18 30 75 43 60 172 1163 127 143 164 140 103 111 179 30 20 136 53 27 2323 544 43 107 13
internal_value=-4.14955e-05 5.01968e-06 -0.000261521 -0.000872594 -0.00275921 -0.00358783 -0.000435436 0.000182648 0.000323905 0.000605471 0.00517651 0.000427366 0.000425297 0.000272916 -3.20261e-05 0.00111248 -0.00150452 -0.00048051 -0.00213255 -0.00127254 0.00406443 -0.00192262 -0.00252737 0.000356702 0.0144953 0.000688428 0.000557105 0.00111777 0.0046631 0.000698867
internal_weight=8363.53 8312.01 7017.71 3718.89 699.612 623.856 3019.28 2213.23 2185.96 2072.32 41.6661 3298.82 2032.17 1994.67 1864.75 1049.23 815.52 603.401 806.05 637.871 75.7566 447.343 417.04 366.662 18.9391 3039.35 2967.01 2150.73 227.27 1923.46
internal_count=8370 8336 7031 3779 1085 1035 2694 2162 2144 2069 110 3252 2026 1996 1869 1327 542 402 532 421 50 299 279 242 50 3080 3030 2486 150 2336
is_linear=0
shrinkage=0.03


Tree=124
num_leaves=31
num_cat=0
split_feature=30 14 97 16 100 21 80 72 16 90 71 1 80 94 16 98 39 19 67 33 17 95 12 15 71 93 58 15 94 32
split_gain=3.36174 2.97459 4.08058 3.94 4.23989 3.67126 3.53599 3.27355 3.05763 2.83249 2.69015 2.68067 3.06816 2.59601 3.61004 3.3321 3.6056 2.58934 3.17185 2.48715 2.47387 2.43037 3.51538 2.98582 4.33576 2.81166 2.63774 2.90966 2.48067 2.41993
threshold=-0.36999999999999994 70.785000000000011 38.630047082643721 -0.85227513186527171 0.7293650800870809 -0.32730014946278069 11.992793103448276 -1.9359999999999784 -0.51129307828961312 0.069999999999999965 10.340000000000002 1.0000000180025095e-35 9.1995176484674346 2.3223295212096358 -0.94123492117109386 169.437137331466 1.0250000000000001 1.0000000180025095e-35 -0.035554765291607442 15.685 -0.98497395578207214 18.445000000000004 117.65000000000002 1025.6630000000002 17.825000000000003 23.240000000000006 0.90807051276111694 1027.5675000000003 1.6871477808214712 7.0110714285714293
decision_type=2 10 8 2 2 8 8 2 2 2 10 2 8 8 2 10 2 10 2 8 2 8 10 10 10 10 8 10 8 10
left_child=-1 2 -2 -3 9 7 8 -4 -6 -5 -10 20 -13 -14 -15 16 -16 19 -19 -12 -7 22 -22 24 -24 26 -23 28 -28 -11
right_child=1 3 5 4 6 11 -8 -9 10 29 17 12 13 14 15 -17 -18 18 -20 -21 21 25 23 -25 -26 -27 27 -29 -30 -31
leaf_value=0.0026543787755536575 -0.0028700294456292376 0.010229366956997079 0.011680470640767182 0.00040628248375872779 0.0076827016956977001 0.0057690267707354711 -0.0022624669518931345 0.0017022189396848103 0.007005940370204973 -0.0012508954263469184 -0.00092479412643445183 0.008229986177728842 -0.0030698596013638353 0.022121487689613292 0.016345788061423058 0.0064661418947982528 0.00013487231513922685 -0.0075239302361346794 0.0017808219364496233 -0.0082429518605382467 -0.0050658014724272761 -0.0043092655999326457 0.0015290562243560641 -0.0016280200175858464 0.011120271932969095 0.0047112902346696647 0.015613241931629862 0.0043669518253231111 -0.0015887957167947024 0.0052766157881815367
leaf_weight=433.32770371437073 560.21999457478523 39.393427610397339 31.817768454551697 293.93557524681091 54.544745922088623 49.241784512996674 500.75107020139694 422.72178089618683 53.029614090919495 60.226490288972855 379.54052370786667 46.969086766242981 166.66450142860413 7.1968761980533591 12.499837607145308 86.36251437664032 1018.1685905456543 34.848032116889954 612.49204275012016 46.969086766242981 93.938173532485962 298.4809707403183 437.87309920787811 240.90596115589142 46.969086766242981 63.635536909103394 7.5756591558456412 78.786855220794678 1856.0364931821823 337.87439835071564
leaf_count=445 372 29 21 194 36 115 347 279 35 45 255 31 110 19 33 57 1911 23 405 31 62 197 289 159 31 42 5 52 2515 223
internal_value=8.12833e-05 -5.91499e-05 -0.000442909 0.000819485 0.000663354 -0.000169094 -0.000149791 0.0024007 0.000745674 0.00263991 0.000409899 -0.000428015 0.000698278 0.000424237 0.000942229 0.000805774 0.000331477 8.41685e-05 0.00127992 -0.0017307 -0.000902838 -0.001008 0.000394992 0.00110182 0.00245821 -0.00150702 -0.00168361 -0.00128013 -0.00151887 0.0042891
internal_weight=8373 7939.67 5526.06 2413.61 2374.21 4965.84 1682.18 454.54 1181.42 692.036 1126.88 4511.31 1337.86 1290.89 1124.23 1117.03 1030.67 1073.85 647.34 426.51 3173.44 3124.2 819.686 725.748 484.842 2304.52 2240.88 1942.4 1863.61 398.101
internal_count=8368 7923 6300 1623 1594 5928 1132 300 785 462 749 5628 2161 2130 2020 2001 1944 714 428 286 3467 3352 541 479 320 2811 2769 2572 2520 268
is_linear=0
shrinkage=0.03


Tree=125
num_leaves=31
num_cat=0
split_feature=39 31 39 42 46 96 16 103 45 82 92 15 33 68 34 58 100 83 14 66 57 96 97 89 14 18 93 93 66 42
split_gain=2.82947 2.88266 3.60763 3.89873 3.10234 2.9302 4.48653 2.66423 2.69143 2.72397 2.592 2.56652 2.49772 2.98738 2.59946 3.6749 4.06198 2.36837 2.27494 2.2682 2.25208 2.97678 2.30652 2.55588 2.54944 2.98853 2.36831 4.11703 2.6288 2.87977
threshold=4.0050000000000008 -0.16199999999999895 1.5850000000000002 0.83500000000000019 2.1573264442551747 -4.9929999999999941 -0.4946246120072687 136.00000000000003 7.8980000000000006 0.83426846470255045 8.9004979995674756 1022.6585000000001 17.115000000000006 16.177191780821925 2.2084691078960166 1.597869634347912 0.61341921918363185 17.755000000000003 83.050000000000011 0.72500000000000031 16.215000000000003 0.24950000000001185 135.38454751213598 1.5350000000000004 68.990000000000023 -0.29679153307236072 14.620000000000003 14.565000000000003 -0.26999999999999985 1.9650000000000001
decision_type=2 2 2 2 10 2 2 2 8 8 10 8 10 10 10 10 2 8 10 2 10 2 10 2 10 10 10 10 2 2
left_child=1 -1 4 5 7 6 19 -3 -9 -10 -6 -5 14 -14 15 -7 -17 -8 -18 -4 22 -22 23 -11 26 -26 27 28 -25 -30
right_child=-2 2 3 11 10 12 17 8 9 20 -12 -13 13 -15 -16 16 18 -19 -20 -21 21 -23 -24 24 25 -27 -28 -29 29 -31
leaf_value=0.0010986317228912281 -0.0090931210549671532 -0.0061690323582718797 0.0019277744930699696 -0.0023447816231341356 0.0018779975023281994 -0.00084498372752455806 0.0034475896071590197 -0.0042754282595782603 0.010837308056380343 -0.00028615646356733673 0.013548527243777994 -0.0099670280045702549 0.0031743155225366104 -0.0024284752287908181 0.0062377652358028548 0.0015924411190717492 -0.0043581432092356228 -0.0017622037432111701 -0.011229163075146518 0.010497319446077315 -0.0054166863397687838 0.0045437493160445791 0.010824947020305139 -0.0032807184025619609 0.010679970862355778 0.0026161024487192253 -0.00025730079784376617 0.019183631662390063 0.0042089029659088334 -0.01030125898499153
leaf_weight=1795.0524369776249 30.68141958117485 52.27204817533493 48.484218597412109 104.92287930846214 39.393427610397339 2808.2968490719795 118.18028283119202 93.938173532485962 24.620892256498337 815.14092516899109 30.302636623382568 64.014319866895676 268.55711707472801 125.75594198703766 42.423691272735596 95.45330536365509 274.23886144161224 234.08786791563034 51.514482259750366 65.150668740272522 104.92287930846214 36.363163948059082 21.59062859416008 60.984056204557419 59.090141415596008 137.87699663639069 439.38823103904724 13.636186480522154 278.78425693511963 12.87862056493759
leaf_count=1805 24 42 32 70 26 3160 78 62 20 838 20 100 178 83 28 63 181 159 34 43 70 24 15 155 39 91 290 9 580 34
internal_value=4.85522e-07 3.40306e-05 -0.000258968 -0.000766001 0.000722846 -0.000583372 0.00165764 0.000521052 0.00068764 0.000920138 0.00695214 -0.00523303 -0.000868159 0.00138745 -0.00113999 -0.00123691 -0.00384997 -1.44021e-05 -0.00544472 0.00684098 0.000796861 -0.00285314 0.00107723 0.000961447 0.00197574 0.00503526 0.00122776 0.00300923 0.0023838 0.00356819
internal_weight=8348 8317.32 6522.26 4301.08 2221.18 4132.14 465.903 2151.49 2099.22 2005.28 69.6961 168.937 3666.24 394.313 3271.93 3229.5 421.207 352.268 325.753 113.635 1980.66 141.286 1839.37 1817.78 1002.64 196.967 805.671 366.283 352.647 291.663
internal_count=8353 8329 6524 4209 2315 4039 312 2269 2227 2165 46 170 3727 261 3466 3438 278 237 215 75 2145 94 2051 2036 1198 130 1068 778 769 614
is_linear=0
shrinkage=0.03


Tree=126
num_leaves=31
num_cat=0
split_feature=90 75 63 51 71 45 7 73 16 90 55 51 56 32 63 73 18 24 101 65 40 91 13 103 103 46 52 61 92 57
split_gain=2.94686 3.36945 4.28542 4.39594 5.05191 4.19502 3.97984 3.65426 3.18285 3.10855 2.99332 2.90793 2.61564 2.58259 2.57681 2.42443 2.1299 2.11031 2.10514 2.65257 2.85113 3.31266 3.2018 2.73969 3.64024 2.46374 2.47127 2.9303 2.8724 2.73899
threshold=2.7350000000000008 2.8050000000000002 2.0550000000000002 2.2950000000000004 21.510000000000002 17.685000000000006 9.5150000000000023 3.57054794520548 -0.85227513186527171 0.9650000000000003 -0.013105263157894604 2.2650000000000001 17.212297297297301 17.825714285714291 2.3750000000000004 2.5030136986301375 -0.074978726826327738 49.802688000000011 15.500000000000002 0.63000000000000034 2.2650000000000001 -0.025384801606046292 4.9595000000000011 136.00000000000003 137.50000000000003 2.5561559448873221 2.0250000000000004 1.8460810810810815 6.7557387543252601 15.515000000000002
decision_type=2 2 2 2 8 8 2 2 2 2 2 2 8 10 2 2 10 2 2 2 2 2 10 2 2 10 2 2 8 8
left_child=1 2 3 18 16 6 10 -3 -2 11 -4 17 -9 -11 -13 -6 -5 -7 -1 -20 23 22 -22 -21 -25 26 -26 28 -28 -29
right_child=8 7 5 4 15 9 -8 12 -10 13 -12 14 -14 -15 -16 -17 -18 -19 19 20 21 -23 -24 24 25 -27 27 29 -30 -31
leaf_value=0.0079200223616935524 0.004804812837574831 0.010002693095481144 -0.0018448321334636087 0.0099041956632341666 0.0012312900939440827 0.00011814786185534678 0.0028305205298366953 0.0044010832567436846 -0.0050794552610385962 -0.00028533155596475323 -0.0053100280463166914 0.0094849884338859772 -0.0043498526550909697 -0.010714714956836223 0.0015334546195586694 -0.010020586938532172 0.0028449094774704998 -0.0176896169841496 -0.0014634240885062293 -0.0065691167800225091 -0.0087774790069009394 -0.00028026658807635914 0.0020963677925829099 0.012937340561613369 -0.00010869992388073847 0.0075953090976683081 -0.0033003276345135758 0.0014880921410305782 0.0037081597738113773 -0.0022788336443923746
leaf_weight=30.68141958117485 34.848032116889954 60.984056204557419 563.62904119491577 105.30166226625443 137.87699663639069 24.242109298706055 109.08949184417725 81.817118883132935 184.84608340263367 357.57111215591431 372.72243046760559 76.514157474040985 49.241784512996674 22.726977467536926 70.453630149364471 19.696713805198669 60.605273246765137 7.9544421136379233 896.20047813653946 43.938823103904724 81.05955296754837 1852.6274465620518 34.848032116889954 22.726977467536926 1458.3143875002861 48.484218597412109 57.57500958442688 646.96129190921783 612.87082570791245 237.49691453576088
leaf_count=21 50 53 372 74 190 55 72 54 218 542 246 97 70 15 117 22 40 21 761 38 94 1957 23 15 1552 32 38 427 634 492
internal_value=-8.30466e-05 9.44043e-06 -8.53867e-05 0.000264806 0.00367175 -0.00147037 -0.00259239 0.00393607 -0.00351161 0.000626292 -0.00322418 0.00388429 0.00111316 -0.000908601 0.00567317 -0.000175195 0.00732546 -0.00428142 8.18509e-05 4.17238e-05 0.000306377 -0.000588089 -0.00550822 0.000869223 0.000975185 0.00088639 0.00077844 0.00161047 0.0031063 0.000476588
internal_weight=8363.91 8144.21 7952.17 6347.27 323.481 1604.9 1045.44 192.043 219.694 559.462 936.351 179.164 131.059 380.298 146.968 157.574 165.907 32.1966 6023.79 5993.1 5096.9 1968.54 115.908 3128.37 3084.43 3061.7 3013.22 1554.9 670.446 884.458
internal_count=8392 8124 7947 6410 326 1537 690 177 268 847 618 290 124 557 214 212 114 76 6084 6063 5302 2074 117 3228 3190 3175 3143 1591 672 919
is_linear=0
shrinkage=0.03


Tree=127
num_leaves=31
num_cat=0
split_feature=27 97 42 93 7 17 96 63 91 106 79 42 45 45 81 16 72 56 92 21 75 13 52 17 24 105 82 72 63 13
split_gain=3.40667 2.95696 3.08419 3.03746 2.87599 3.48535 3.55952 2.97251 2.60144 4.29421 3.1061 2.42471 3.04006 4.70527 2.7031 2.63859 2.62819 3.02606 2.41203 2.4744 2.28818 2.27982 2.81715 2.41821 2.26621 2.2294 3.33417 2.16772 2.18513 2.30344
threshold=0.96500000000000008 165.60776869435077 -0.16 25.835000000000004 6.0650000000000004 0.028357792954432571 -11.766000000000018 0.46500000000000002 -0.0065977798771847031 45.500000000000007 0.010233709737134377 0.47000000000000014 17.055000000000003 16.815000000000001 11.945000000000002 -0.92980860373494434 1.0000000180025095e-35 16.478513513513516 9.8350294117647064 0.86330748077492447 1.5050000000000001 8.0450000000000017 4.0750000000000011 -0.84240534831004943 14.389203000000004 22.500000000000004 2.6643523881551143 8.0270000000000454 0.95500000000000007 5.2955000000000005
decision_type=2 10 2 10 2 2 2 2 2 2 2 2 10 10 8 2 2 10 10 8 2 8 2 2 2 2 8 2 2 8
left_child=-1 2 27 4 5 25 -7 -8 9 18 20 12 13 14 -6 -13 -14 -18 19 -9 -10 -17 23 -23 -16 -4 -27 28 -2 -30
right_child=1 -3 3 -5 11 6 7 8 10 -11 -12 15 16 -15 24 21 17 -19 -20 -21 -22 22 -24 -25 -26 26 -28 -29 29 -31
leaf_value=-0.01150581222349187 0.0047074418736300144 0.011216141185087212 -0.004343547600382346 0.007350349111942496 0.0028848384460323671 0.024436897135740498 0.0074433702604406729 -0.0057252156624014493 0.0054869052992818591 0.0021568997518029713 0.00018789604363185763 0.0066277899594262947 -0.0014798290939475101 -0.0089053919811124798 0.01052050809238407 -0.0038826229389749161 0.0051160131308364918 -0.0011611141766108442 -0.0099511489026261092 0.0036947127477779062 -1.4497828660411496e-05 -0.0054781093938789122 -0.014886295963351021 0.00063669608368769942 -0.00097443441971427 -0.0021803603722832287 0.0053323074645391082 -0.0086588191226849541 0.0020485307659357226 6.3451192331953708e-05
leaf_weight=23.105760425329208 133.3316011428833 21.211845636367798 169.3159821331501 45.453954935073853 181.43703678250313 6.0605273246765128 68.559715360403061 65.908234655857086 257.95119425654411 164.39180368185043 409.46437737345695 29.545070707798004 156.05857861042023 63.635536909103394 15.530101269483565 484.84218597412109 231.81517016887665 98.483569025993347 53.408397048711777 40.529776483774185 92.423041701316833 70.453630149364471 12.499837607145308 334.84413468837738 2541.2548638284206 174.24016058444977 76.514157474040985 21.211845636367798 809.08039784431458 1504.1471253931522
leaf_count=37 172 14 192 30 122 4 82 45 240 143 403 54 103 42 20 320 156 65 36 62 85 90 27 494 2827 115 109 14 534 1754
internal_value=-2.44518e-06 2.94491e-05 9.02488e-07 -0.000374592 -0.00043514 0.00065718 0.00150589 0.00138532 0.0010022 -0.00124751 0.00196219 -0.000843755 -0.00046089 -0.000840937 -0.000653521 -0.00219428 0.00172852 0.00324439 -0.00474873 -0.00213827 0.00403572 -0.00248304 -0.000858873 -0.000426251 -0.000904613 -0.00168386 0.000112025 0.000890215 0.000973006 0.000757758
internal_weight=8356.71 8333.6 8312.39 5844.62 5799.17 1578.77 1158.7 1152.64 1084.08 324.238 759.839 4220.4 3288.21 2801.86 2738.22 932.185 486.357 330.299 159.846 106.438 350.374 902.64 417.798 405.298 2556.78 420.07 250.754 2467.77 2446.56 2313.23
internal_count=8391 8354 8340 5866 5836 1516 1100 1096 1014 286 728 4320 3335 3011 2969 985 324 221 143 107 325 931 611 584 2847 416 224 2474 2460 2288
is_linear=0
shrinkage=0.03


Tree=128
num_leaves=31
num_cat=0
split_feature=43 92 15 13 93 82 17 26 19 43 19 97 79 62 60 101 9 16 96 82 19 15 72 68 87 43 98 84 75 105
split_gain=2.8716 3.23147 3.024 4.4567 4.4358 4.34906 3.48705 3.75849 3.38235 3.31939 2.9861 2.94304 3.25233 2.51785 2.44141 2.50551 2.40354 2.45009 5.81757 3.05799 2.29161 2.19653 2.29582 2.15633 2.14736 2.3423 2.21958 2.3631 2.11655 2.10983
threshold=0.0065454545454549659 12.95659688581315 1025.2380000000003 1.3655000000000002 17.48 4.7745223575759459 -0.032282979058982857 0.22890135271411913 -0.96569922858414659 0.18218181818181861 -0.6218312084579648 38.960407905975863 -0.010547482413920766 0.24005051385913814 -2.9345000000000137 18.500000000000004 34.320000000000007 -0.50279366086606014 -4.5895000000000428 3.6941706127817384 0.13234270771063311 1020.8295000000002 1.6600000000000252 14.273493150684933 1.5750000000000004 -0.22772727272727233 175.67381645370281 1.0619999999999552 1.1250000000000002 20.500000000000004
decision_type=2 10 10 8 10 10 2 2 8 2 10 8 2 2 2 2 2 2 2 10 10 10 2 10 2 2 10 2 2 2
left_child=16 2 3 4 -2 6 7 23 -8 28 -7 12 -10 -3 -13 -16 20 18 -18 24 -1 22 -6 29 26 -26 -19 -28 -4 -5
right_child=1 13 9 5 21 10 8 -9 11 -11 -12 14 -14 -15 15 -17 17 19 -20 -21 -22 -23 -24 -25 25 -27 27 -29 -30 -31
leaf_value=0.00094119802915441355 0.013120834411456287 0.0025345770177178932 0.00087968898763905018 -0.0032479480751321224 0.0030755668642658118 0.0041568784800609061 0.010314841258900339 -0.0093483685931619945 0.0021311739019673165 -0.0087905782480550334 -0.0085856957437076414 0.0084117474486514274 -0.0047032511656305382 -0.0039359604574812964 0.0082497887484070612 0.00057110724736298064 0.0067554599568757871 0.0009916200188564428 -0.0015791363308382106 -0.0024119901899254271 -0.0038840118925657489 0.0055875701272081026 -0.006545312081269925 -0.0094125615117718036 0.010037560945525019 0.0027555226080182363 -0.00051029846368152759 0.0095764437917277411 -0.0038587325825373449 0.00012775483351213781
leaf_weight=160.98275706171989 40.908559441566467 63.635536909103394 171.20989692211151 233.33030200004578 51.514482259750366 20.454279720783234 31.817768454551697 53.029614090919495 94.316956490278244 66.66580057144165 86.741297334432602 37.87829577922821 186.73999819159508 362.11650764942169 39.014644652605057 1936.7172631919384 84.847382545471191 2168.532433360815 674.99123078584671 189.39147889614105 196.96713805198669 86.36251437664032 39.393427610397339 27.272372961044312 45.07517197728157 336.73804947733879 33.332900285720825 56.059877753257751 168.17963325977325 582.94697204232216
leaf_count=245 27 42 113 274 34 21 30 89 63 44 58 25 127 239 52 2389 56 2176 783 125 130 57 26 18 44 307 22 37 111 588
internal_value=4.33512e-05 -0.000485477 -0.000218112 6.25225e-05 0.00421629 -0.000209608 -1.18953e-05 -0.00160144 0.000600681 -0.00267052 -0.00615425 0.000465984 -0.00240976 -0.00296883 0.000867377 0.000722738 0.000630239 0.000864039 -0.000648454 0.00127026 -0.00171394 0.00216139 -0.00109348 -0.00111443 0.00153445 0.00361521 0.00118259 0.00581529 -0.00146837 -0.000837179
internal_weight=8327.16 4380.25 3954.49 3548.44 218.179 3330.26 3223.06 896.579 2326.48 406.055 107.196 2294.67 281.057 425.752 2013.61 1975.73 3946.92 3588.97 759.839 2829.13 357.95 177.27 90.9079 843.55 2639.74 381.813 2257.93 89.3928 339.39 816.277
internal_count=8352 4427 4146 3878 144 3734 3655 969 2686 268 79 2656 190 281 2466 2441 3925 3550 839 2711 375 117 60 880 2586 351 2235 59 224 862
is_linear=0
shrinkage=0.03


Tree=129
num_leaves=31
num_cat=0
split_feature=14 41 31 41 87 61 98 94 87 21 39 86 17 41 80 86 9 50 28 82 86 36 82 94 28 11 99 87 87 14
split_gain=2.87709 4.19248 3.05298 3.58685 3.50196 3.04496 3.03177 2.98335 3.22459 2.86672 3.77948 4.0768 2.8187 2.77643 4.44993 3.03335 2.76582 3.9116 3.6635 2.61934 2.58666 2.53833 2.50533 2.967 2.86805 2.5649 2.46905 3.21596 3.15175 3.00972
threshold=56.585000000000008 0.95500000000000007 -0.065999999999999878 2.0950000000000002 1.5650000000000002 1.8739189189189192 100.22657865718892 3.1529821108792935 1.6150000000000004 -0.04571169117373914 1.5450000000000002 0.75118642749355458 -0.11996356085423947 0.82000000000000028 8.3223655172413817 0.34597178585053107 320.17500000000007 0.36600897947805838 3.0550000000000002 1.0797416982070203 0.49603321082938417 0.38249999999999323 4.1244803497365981 2.6055852316248651 2.2050000000000005 17.045000000000005 1.2241013454049352 0.50500000000000012 0.37500000000000006 84.65000000000002
decision_type=8 2 2 2 2 2 10 10 2 10 2 2 2 2 8 2 2 2 2 8 2 2 10 10 2 10 2 2 2 10
left_child=1 6 4 5 -2 12 -1 8 20 10 -8 -12 19 26 -15 -16 17 -11 22 -4 -6 -7 23 24 -18 -25 29 28 -28 -14
right_child=2 -3 3 -5 7 21 9 -9 -10 16 11 -13 13 14 15 -17 18 -19 -20 -21 -22 -23 -24 25 -26 -27 27 -29 -30 -31
leaf_value=-0.0021525096075120666 0.00094231566027911176 -0.0052080132912141995 0.0075826256478964509 -0.010624447522853736 0.018919459860531757 -0.0013608227269470367 0.008950481136422217 0.015861348669869296 0.0017915644828181538 -0.0038001891526461729 -0.0010120898838834147 0.0047692371298544067 0.0022590835459646856 -0.0036428616026439064 0.01770737158413924 0.0057935388323146 0.0012779270748416774 0.0067795636687461094 -0.0048520592835587456 -0.0010384301241913078 0.0056037284934250938 0.0012553136088764665 -0.004310750929230305 0.0021777089869324238 -0.0046734460226828603 0.0083267775426679302 -0.00050721974648210242 -0.0024061293036866352 0.005137993938211855 0.011860420735338963
leaf_weight=646.96129190921783 1690.508340626955 174.24016058444977 33.332900285720825 28.408721834421158 18.939147889614105 1483.692845672369 63.635536909103394 19.696713805198669 189.01269593834877 322.72308003902435 292.42044341564178 175.7552924156189 384.08591920137405 39.393427610397339 23.105760425329208 114.77123621106148 280.29938876628876 34.848032116889954 107.57436001300812 654.91573402285576 42.802474230527878 430.67622300982475 71.589979022741318 271.20859777927399 98.483569025993347 78.786855220794678 210.60332453250885 277.64790806174278 154.16466382145882 31.817768454551697
leaf_count=427 1988 115 22 54 20 1874 42 13 214 213 193 116 435 26 49 180 185 23 71 739 41 285 48 179 65 52 295 298 155 21
internal_value=0.000114036 -0.000711974 0.00048519 -3.809e-06 0.0014494 7.48003e-05 -0.000391476 0.00461901 0.00373593 0.000242423 0.00209065 0.00115825 0.000917701 0.00177473 0.00524943 0.00779009 -0.000534265 -0.00276911 0.000345875 -0.0006209 0.00968831 -0.00077227 0.00104451 0.00157057 -0.00026943 0.00356191 0.00119271 2.68022e-05 0.00187866 0.00299361
internal_weight=8446.1 2618.53 5827.58 3866.62 1960.96 3838.21 2444.29 270.451 250.754 1797.33 531.811 468.176 1923.84 1235.59 177.27 137.877 1265.51 357.571 907.943 688.249 61.7416 1914.37 800.368 728.778 378.783 349.995 1058.32 642.416 364.768 415.904
internal_count=8438 1729 6709 4433 2276 4379 1614 288 275 1187 351 309 2220 1459 255 229 836 236 600 761 61 2159 529 481 250 231 1204 748 450 456
is_linear=0
shrinkage=0.03


Tree=130
num_leaves=31
num_cat=0
split_feature=30 39 94 59 76 92 76 31 85 16 83 46 92 94 7 85 67 95 10 80 92 60 45 26 62 100 33 71 49 19
split_gain=3.12136 2.599 3.52909 3.2326 3.46615 3.74112 2.83026 4.41457 2.48103 3.51939 2.44724 2.37633 2.18998 2.0753 2.60619 2.07018 2.65354 2.92252 2.64594 2.35101 2.0887 2.36719 2.07804 2.05723 2.39739 3.10617 2.77109 2.52004 3.1374 2.4405
threshold=-0.090000000000000177 1.5150000000000003 1.3327466072562408 11.755000000000001 2.1850000000000005 10.836347293997814 2.6350000000000002 0.26099999999999995 1.9593103448275864 -0.77577112238207024 20.360000000000003 0.94331581497773287 16.449688581314884 2.6941630799218896 5.4750000000000005 2.4890344827586213 0.059281650071123675 21.710000000000004 6.4570000000000016 12.027644827586208 14.934527681660901 0.43550000000004735 17.145000000000003 0.21329752281246472 0.68994370182093812 0.99999972105950741 12.285000000000002 13.040000000000001 1.7755263157894741 0.83895562530112422
decision_type=2 2 8 8 2 8 2 2 2 2 10 10 10 8 2 2 2 10 8 10 10 2 10 2 2 2 10 8 2 10
left_child=12 2 -2 -4 8 10 7 -7 9 13 11 -6 15 -5 -15 16 22 -18 -17 -19 -20 -22 -1 24 25 26 27 28 -3 -26
right_child=1 23 3 4 5 6 -8 -9 -10 -11 -12 -13 -14 14 -16 18 17 19 20 -21 21 -23 -24 -25 29 -27 -28 -29 -30 -31
leaf_value=-0.00053637423549808875 0.0084081335599823642 -0.0036065669809224993 -0.0030202788982147772 -0.0096510539660213841 0.0035553539185749048 0.0010534754009227988 -0.0014370284209166688 0.014400799730319333 0.008716925312417214 0.00026556077813363898 0.00089439078527558198 0.011631825715353698 -0.0077682764366270723 0.0069843638017436406 -0.0073592062130402643 0.013931921323482492 0.0030822631472100593 -0.0066018761153097795 0.0032780558918785404 0.0011619530408345834 0.0036842408250532554 -0.0052407197704253802 0.0045381853619839698 -0.0030893997704906011 0.0053198409559541701 -0.010492012859810999 0.00017931767279992747 -0.0019094216677171605 0.0037173348485192931 -0.0052001172530219087
leaf_weight=1208.3176353573799 51.514482259750366 77.271723389625549 212.11845636367798 54.544745922088623 54.544745922088623 84.468599587678909 182.19460269808769 30.302636623382568 27.651155918836594 790.14124995470047 54.544745922088623 82.195901840925217 25.757241129875183 20.454279720783234 25.757241129875183 18.181581974029541 549.61407175660133 54.544745922088623 405.67654779553413 98.483569025993347 46.969086766242981 62.120405077934265 77.271723389625549 306.05662989616394 109.46827480196953 28.78750479221344 1954.5200622081757 1529.1468006074429 165.149369597435 24.242109298706055
leaf_count=1243 37 51 140 36 36 139 244 71 22 904 36 55 17 24 50 12 635 36 408 65 31 41 51 295 163 25 1293 2114 109 16
internal_value=5.80982e-05 -0.000322718 0.000678021 0.000432046 0.00095259 0.00299507 0.000887472 0.00457752 -0.000133083 -0.000407765 0.00626707 0.00841019 0.000935041 -0.00568805 -0.00101041 0.00102396 0.000578883 0.00206135 0.00268436 -0.00160535 0.0022871 -0.00139803 -0.000231362 -0.000721242 -0.000534853 -0.000675419 -0.000599577 -0.00145891 0.00138284 0.00341254
internal_weight=8412.01 5865.08 1670.43 1618.92 1406.8 488.251 296.966 114.771 918.549 890.898 191.285 136.741 2546.94 100.756 46.2115 2521.18 1988.23 702.642 532.948 153.028 514.766 109.089 1285.59 4194.64 3888.59 3754.88 3726.09 1771.57 242.421 133.71
internal_count=8399 5860 1794 1757 1617 581 454 210 1036 1014 127 91 2539 110 74 2522 2030 736 492 101 480 72 1294 4066 3771 3592 3567 2274 160 179
is_linear=0
shrinkage=0.03


Tree=131
num_leaves=31
num_cat=0
split_feature=24 43 63 105 106 3 2 16 71 23 68 81 85 16 92 21 96 16 87 43 9 106 93 17 75 106 35 13 17 73
split_gain=2.67048 2.71825 2.71103 4.44825 3.03855 2.91006 2.85936 3.86653 3.1659 3.48684 6.03294 3.61011 2.66421 3.06811 3.05894 2.98628 2.61086 2.9797 2.59007 2.5653 2.82553 2.66954 2.53301 2.83835 3.24533 2.48733 2.34539 2.34112 2.32002 2.27253
threshold=186.10469700000004 -0.19327272727272668 0.84500000000000008 88.500000000000014 34.500000000000007 1.5850000000000002 1.0000000180025095e-35 -0.91333186482673046 14.625000000000002 1.6352728194859305 9.4020068493150699 19.995000000000001 0.97211830535571553 -0.85227513186527171 6.8048442906574405 0.13225638824274236 1.7750000000000343 0.34046154101284459 0.71500000000000008 0.084545454545454854 28.360000000000003 130.50000000000003 20.615000000000006 -0.98497395578207214 1.9950000000000003 21.500000000000004 14.505000000000001 -3.6214999999999997 -0.56568675802932489 1.7526712328767124
decision_type=2 2 2 2 2 2 2 2 8 2 8 8 2 2 8 10 2 2 2 2 2 2 8 2 2 2 8 8 2 2
left_child=1 27 3 4 12 -4 7 -7 -8 11 -11 -10 16 -14 -15 28 17 -3 29 20 25 -21 -13 -24 -25 -9 -20 -1 -16 -12
right_child=-2 2 5 -5 -6 6 8 19 9 10 18 22 13 14 15 -17 -18 -19 26 21 -22 -23 23 24 -26 -27 -28 -29 -30 -31
leaf_value=0.010473134272232098 -0.0082975782051769257 0.0021991205455359581 0.0018071221070701065 0.014589562777518291 -0.0096053453881763499 0.011357801226276863 -0.011423603854222733 -0.0069856413044967021 -0.0060211505072820708 0.023119753189340966 -0.00074708779177419342 0.0041460388835170342 -0.0035781231194026491 0.014625417697789751 -0.0026218099234325051 0.00124860924750051 -0.0044615215841970366 -0.0030856828258781681 0.0023537385430895219 -0.0009612898991969781 0.00049140290980821634 -0.0062606888335757522 0.010020700362000132 -0.0044477910450232937 0.0018499167025776075 -0.00099372275069174233 -0.004866524286936855 0.0016874660052915845 0.0082937125497780928 0.0063420560405623647
leaf_weight=28.78750479221344 34.090466201305389 380.67687258124352 561.73512640595436 22.348194509744644 23.48454338312149 26.136024087667465 30.302636623382568 79.16563817858696 218.17898368835449 10.605922818183897 79.544421136379242 65.150668740272522 55.681094795465469 22.726977467536926 20.454279720783234 239.39082932472229 98.862351983785629 128.40742269158363 62.120405077934265 1282.5590950846672 3248.8214289844036 91.665475785732269 16.28766718506813 276.51155918836594 100.37748381495476 293.55679228901863 116.28636804223061 527.26587724685669 122.34689536690712 83.332250714302063
leaf_count=19 30 546 571 26 53 33 20 62 144 7 144 43 57 15 54 158 66 141 41 1073 2733 80 43 658 160 319 163 540 203 142
internal_value=8.17842e-05 0.000116148 -2.9101e-05 0.00134018 0.00106904 -0.000258825 -0.00044968 -0.00015098 -0.00186655 -0.00158495 0.000837144 -0.00284481 0.00130364 0.00302463 0.00393259 0.00329674 -2.4141e-07 0.000866123 0.000144677 -0.00021119 0.000207575 -0.00131478 -0.00133277 -0.00224063 -0.00277051 -0.0022664 -0.00235246 0.00214231 0.00673022 0.00287992
internal_weight=8346.86 8312.77 7756.72 1114.38 1092.03 6642.34 6080.6 5021.9 1058.7 1028.4 351.889 676.506 1068.55 460.6 404.919 382.192 607.947 509.084 341.283 4995.77 3621.54 1374.22 458.327 393.177 376.889 372.722 178.407 556.053 142.801 162.877
internal_count=8344 8314 7755 1319 1293 6436 5865 4300 1565 1545 497 1048 1240 487 430 415 753 687 490 4267 3114 1153 904 861 818 381 204 559 257 286
is_linear=0
shrinkage=0.03


Tree=132
num_leaves=31
num_cat=0
split_feature=91 79 9 66 90 45 96 57 92 13 15 75 7 86 85 21 54 98 23 91 15 32 9 56 59 82 42 100 90 58
split_gain=3.25126 4.81857 4.52296 3.81644 3.7879 3.67649 3.46505 3.12131 2.99192 3.34208 2.95599 2.93313 2.92614 2.95919 3.64061 2.84498 2.79081 3.71816 2.65271 4.16831 2.54132 2.50646 2.50025 2.24836 2.3906 2.23926 3.97917 2.31171 2.74792 2.54903
threshold=0.01315292867264997 0.045037948907811882 285.70500000000004 1.5150000000000003 0.11 10.350000000000001 12.836500000000003 21.595000000000002 9.9320138408304519 -1.1649999999999998 1020.8295000000002 0.52500000000000013 9.3250000000000011 0.58208876505755047 2.6341724137931042 -0.76062965362114654 -0.17000000000000001 86.744796750146818 1.6449340945791981 0.00070530231459613364 1024.8695 10.61707142857143 317.80000000000001 10.484729729729731 23.550000000000001 2.161505568983515 0.54000000000000026 0.59445131145585495 -0.91499999999999981 1.7962776965197269
decision_type=2 2 2 2 2 8 2 10 8 8 10 2 2 2 2 8 2 10 2 2 10 10 2 10 10 8 2 2 2 10
left_child=1 15 3 4 -3 -4 7 12 -7 -10 11 22 16 -14 -15 -1 17 -2 25 -20 -18 -21 -11 -19 -25 26 -17 29 -29 -27
right_child=6 2 5 -5 -6 8 -8 -9 9 10 -12 -13 13 14 -16 18 20 23 19 21 -22 -23 -24 24 -26 27 -28 28 -30 -31
leaf_value=0.010463515386036659 -0.0016053671121235486 -0.0048014042247039122 0.028282750177873895 -0.012786605600628657 0.0043935978073133923 0.0012689428573807709 0.012069868729007456 -0.006140575383425286 -0.0055682044697312246 0.024597537241305343 0.012198055359756373 0.002575478378622278 0.0068876627165634259 -0.0012603225219943192 0.0093878600178971556 -0.00058675152686798202 -0.00086712042116660862 0.0050404917993390041 -0.00026887842557040114 0.0018427040644177623 -0.0035766136077188099 0.0077790686997335958 0.0068531456733846247 0.00054434403658540527 0.0079566967915102454 0.0012357330383072848 -0.0061389073278530553 -0.0082129739284590216 9.6939042651292073e-05 0.0069502266255687716
leaf_weight=24.242109298706055 580.67427429556847 64.77188578248024 6.0605273246765128 20.454279720783234 106.81679409742355 140.90726029872894 19.696713805198669 87.877646207809448 18.181581974029541 10.984705775976183 84.847382545471191 102.27139860391617 92.423041701316833 178.78555607795715 34.469249159097672 1186.3482238054276 2353.3785167634487 131.81646931171417 331.05630511045456 127.27107381820679 359.08624398708344 128.78620564937592 20.454279720783234 915.89719194173813 40.908559441566467 323.10186299681664 128.78620564937592 37.87829577922821 657.18843176960945 89.771560996770859
leaf_count=16 984 75 4 30 111 93 13 58 12 29 56 120 94 172 25 783 2610 87 250 117 237 85 54 606 27 475 85 61 961 60
internal_value=2.48513e-05 0.000704843 0.003221 -0.000537519 0.000922637 0.00510211 -0.000487116 -0.00053891 0.00473011 0.00679019 0.00781827 0.00503903 -0.000433893 0.00240398 0.000460787 0.00022743 -0.000631867 0.000333245 0.000144995 0.00195421 -0.00122581 0.00482845 0.013053 0.00136731 0.000861262 -0.000293381 -0.00113045 0.000700231 -0.000355917 0.00247824
internal_weight=8405.19 3610.18 575.75 192.043 171.589 383.707 4795.01 4775.32 377.647 236.739 218.558 133.71 4687.44 305.678 213.255 3034.43 4381.76 1669.3 3010.19 587.114 2712.46 256.057 31.439 1088.62 956.806 2423.07 1315.13 1107.94 695.067 412.873
internal_count=8390 3477 584 216 186 368 4913 4900 364 271 259 203 4842 291 197 2893 4551 1704 2877 452 2847 202 83 720 633 2425 868 1557 1022 535
is_linear=0
shrinkage=0.03


Tree=133
num_leaves=31
num_cat=0
split_feature=90 18 75 64 63 45 49 89 68 15 55 16 105 88 16 105 47 99 98 94 71 3 23 61 33 76 76 19 16 63
split_gain=2.72045 3.26149 2.72909 3.95088 2.79681 3.65139 3.41465 3.44569 3.34002 3.27343 3.42881 3.2543 2.63137 2.6423 2.47008 2.53396 2.46944 2.28625 2.21594 2.11851 2.11408 2.55239 2.091 2.07299 4.17658 3.70836 2.98639 3.57648 4.03576 3.44855
threshold=2.7350000000000008 -0.7691206935601772 2.8050000000000002 3.9850000000000008 2.1350000000000002 17.685000000000006 2.4581578947368428 2.1150000000000007 12.695684931506852 1009.5910000000001 -0.0053157894736840326 -0.65295805765358261 137.50000000000003 4.1150000000000011 -0.82658973653750667 130.50000000000003 23.655000000000005 0.89089053255952955 183.30906093444665 2.5036524169352128 22.555000000000003 2.8550000000000004 1.6244825085965513 1.8890540540540544 5.988500000000001 2.0250000000000004 2.5350000000000006 -0.73432222982641815 0.67100915603025046 1.4350000000000003
decision_type=2 10 2 2 2 8 2 2 10 10 2 2 2 2 2 2 10 2 10 8 10 2 2 2 8 2 2 10 2 2
left_child=2 22 4 -4 6 9 20 8 -8 17 -11 14 16 -14 -9 -16 18 -6 -7 -15 21 23 -2 25 -25 -1 -26 28 -28 -29
right_child=1 -3 3 -5 5 12 7 11 -10 10 -12 -13 13 19 15 -17 -18 -19 -20 -21 -22 -23 -24 24 26 -27 27 29 -30 -31
leaf_value=-0.00076593231724282878 0.0012962945610969559 -0.0073121191435381958 0.010240456662864173 0.00087528833104783162 0.0082777558123018624 -0.00039488968828647219 0.0018404812037778303 -0.0019157484625896757 0.0098945262942324204 -0.0016902102978239417 -0.0059053769726380122 0.00034901998500917969 0.009835076969365782 0.0081744782051008675 0.015150645636342469 -0.00010341162545072336 -0.0076062028521037212 -0.00035231762684925615 0.0087936937605172915 -0.0018841758991521257 0.0060066467254854114 -0.0046509594913898703 -0.013418948442101623 0.013017217573583815 -0.0030077262822184028 0.0012506466421744946 -0.0030012644731153303 -0.0035477639551222567 0.0069679701039103009 0.0013095122826686882
leaf_weight=1361.3459503054619 105.68044522404671 100.37748381495476 56.438660711050034 143.9375239610672 34.848032116889954 284.84478425979614 99.998700857162476 18.939147889614105 86.36251437664032 487.87244963645935 269.69346594810486 653.40060219168663 50.37813338637352 27.272372961044312 34.848032116889954 13.636186480522154 39.393427610397339 133.3316011428833 25.757241129875183 60.984056204557419 51.514482259750366 108.71070888638496 9.4695739448070508 19.696713805198669 458.70616188645363 2066.6398177146912 505.67524865269661 151.51318311691284 39.393427610397339 998.47187674045563
leaf_count=1404 156 79 56 125 23 422 99 26 57 322 178 657 103 18 53 18 26 88 17 128 34 128 25 13 383 2057 885 100 104 659
internal_value=-3.19786e-05 -0.00335944 5.4597e-05 0.00351311 -3.11366e-05 -0.00124286 0.000225854 0.00193664 0.00557284 -0.00235028 -0.00319081 0.000996536 0.000855228 0.00435321 0.00727162 0.0108604 -0.000530337 0.0014359 0.00036709 0.00122408 -4.35123e-05 -9.80942e-05 8.61594e-05 -9.73386e-06 -0.000734526 0.000449809 -0.00086029 -0.000279162 -0.00228076 0.000669555
internal_weight=8499.13 215.528 8283.6 200.376 8083.23 1414.38 6668.85 907.185 186.361 925.746 757.566 720.824 488.63 138.635 67.4234 48.4842 349.995 168.18 310.602 88.2564 5761.67 5710.15 115.15 5601.44 2173.46 3427.99 2153.76 1695.05 545.069 1149.99
internal_count=8443 260 8183 181 8002 1325 6677 910 156 611 500 754 714 249 97 71 465 111 439 146 5767 5733 181 5605 2144 3461 2131 1748 989 759
is_linear=0
shrinkage=0.03


Tree=134
num_leaves=31
num_cat=0
split_feature=14 43 43 98 105 20 26 39 9 73 92 91 31 12 72 95 72 45 63 38 94 7 63 80 86 94 83 89 74 72
split_gain=3.41857 3.93697 3.37511 3.09552 2.94571 2.8752 3.59979 3.72596 3.48468 2.62107 2.51496 2.43871 2.61503 2.53166 2.70681 2.46768 5.20492 2.83836 2.41492 2.63814 2.36017 2.33179 2.53504 2.10222 3.87729 2.46396 2.73367 2.32404 2.25665 2.21317
threshold=56.585000000000008 -0.21972727272727244 0.084545454545454854 91.923593154755096 105.50000000000001 -0.12775704858859274 0.32015620763929109 1.2050000000000003 203.49000000000004 2.5176027397260277 16.449688581314884 0.039509152102031188 -0.068999999999999492 57.39500000000001 2.5060000000000291 12.890000000000002 -0.10699999999997088 13.385000000000003 0.48500000000000004 0.27596296047758945 1.2470315251512383 5.7250000000000005 1.0450000000000002 13.290493103448279 1.2995664182784703 2.0109125401355175 14.735000000000001 1.2650000000000003 0.44858957636641555 0.11599999999998546
decision_type=8 2 2 10 2 8 2 2 2 2 10 2 2 10 2 10 2 10 2 2 8 2 2 10 2 8 8 2 2 2
left_child=2 4 3 -1 -2 11 7 8 -7 -6 -5 12 -3 -13 -15 16 -14 -17 -4 -20 -9 22 -10 24 25 27 -27 -22 -25 -30
right_child=1 5 18 10 9 6 -8 20 21 -11 -12 13 15 14 -16 17 -18 -19 19 -21 23 -23 -24 28 -26 26 -28 -29 29 -31
leaf_value=-0.002777498578400127 0.0011644781994186496 0.0030877976237620054 0.0043628964170457762 0.00055265746606267588 0.01671201634442809 -0.00050528365273617428 -0.0067371098643606237 -0.0092947158977742285 0.0082464448507964701 0.0053518192396325749 -0.0072760371515487162 -0.0044256009786262634 -0.0035517502797849836 0.0016219658351233263 -0.0035566595867157756 -0.0012156349631002497 0.0094778270175133478 0.0015686704576784985 -0.0020573080587216121 -0.0064724686144134978 -0.0025408740092501625 0.0025927759612753547 0.023843590778536237 -0.0071108469126116075 -0.016366724653811442 -0.0038963454761148345 -2.608107145243608e-05 0.0059924476781295045 -0.008060069788489407 0.0005359857435227064
leaf_weight=348.85910412669182 139.01334550976753 598.85585626959801 42.423691272735596 1477.2535353899002 23.105760425329208 97.726003110408783 79.544421136379242 27.651155918836594 46.590303808450699 87.498863250017166 37.87829577922821 131.81646931171417 42.802474230527878 349.61667004227638 122.7256783246994 580.29549133777618 77.650506347417831 762.49009403586388 569.68956851959229 154.92222973704338 39.393427610397339 50.756916344165802 11.742271691560743 83.332250714302063 13.257403522729872 179.54312199354172 1928.3840381205082 106.05922818183899 33.332900285720825 140.90726029872894
leaf_count=231 190 399 28 975 28 153 150 31 87 90 25 87 29 233 81 383 52 513 376 103 26 92 19 55 35 123 3570 70 22 93
internal_value=-2.31531e-05 0.00038645 -0.000918961 -0.000229692 0.00407142 0.000219343 -0.000445203 -0.000263781 0.00360903 0.00772501 0.00035694 0.000926751 0.00141785 -0.000749462 0.000276437 0.0007344 0.00484782 0.000365411 -0.00259397 -0.00300127 -0.000577653 0.00729478 0.0113861 -0.000482163 -0.000190315 -9.51441e-05 -0.000355732 0.00368134 -0.00305042 -0.00110848
internal_weight=8385.12 5754.09 2631.03 1863.99 249.618 5504.47 2838.22 2758.68 206.815 110.605 1515.13 2666.25 2062.09 604.159 472.342 1463.24 120.453 1342.79 767.035 724.612 2551.86 109.089 58.3326 2524.21 2266.64 2253.38 2107.93 145.453 257.572 174.24
internal_count=8349 6611 1738 1231 308 6303 4526 4376 351 118 1000 1777 1376 401 314 977 81 896 507 479 4025 198 106 3994 3824 3789 3693 96 170 115
is_linear=0
shrinkage=0.03


Tree=135
num_leaves=31
num_cat=0
split_feature=31 90 97 38 21 27 35 12 68 101 74 84 94 16 103 89 85 18 62 2 64 27 3 90 93 98 90 39 39 91
split_gain=2.81095 3.08919 2.05655 2.68041 2.28447 1.90098 2.15538 3.44955 2.70056 2.10728 2.62315 2.0254 2.11017 2.02019 3.03368 2.55395 2.45696 2.16569 2.99369 2.41546 2.74245 2.11735 2.88817 2.3113 2.05041 2.65444 2.65864 2.60122 2.01046 1.9729
threshold=-0.1409999999999991 2.7350000000000008 17.081179961659824 0.23010262153691319 -0.69012477479254575 1.5650000000000002 19.115000000000006 318.68500000000006 16.556986301369864 18.500000000000004 0.5418944355315306 -2.7930000000000059 3.4425809876184434 0.4743954958321015 138.50000000000003 1.1250000000000002 1.0187586206896555 -0.12100309111989711 0.2504486964417012 1.0000000180025095e-35 3.9750000000000005 2.9750000000000005 2.5150000000000001 1.8950000000000005 11.590000000000002 105.01057459689044 0.14500000000000005 2.7550000000000003 3.0850000000000004 0.0098074515824279427
decision_type=2 2 8 2 8 2 10 10 10 2 2 2 10 2 2 2 2 10 2 2 2 2 2 2 8 8 2 2 2 2
left_child=-1 2 3 -2 -4 11 9 8 -8 10 -7 12 -6 15 -15 -11 -16 19 -19 20 28 22 23 -21 -18 -26 -27 -28 29 -17
right_child=1 -3 4 -5 5 6 7 -9 -10 13 -12 -13 -14 14 16 17 24 18 -20 21 -22 -23 -24 -25 25 26 27 -29 -30 -31
leaf_value=0.00093814594657692289 -0.0016176283776423357 -0.0043215693672950259 0.0057333305352319196 -0.011763469232999028 -0.0034998069033350524 0.001014081138540177 0.0039586749134106021 -0.0021401146600830909 -0.0020416700999960195 -0.0053054512740779349 0.013758499927318976 0.0014499825326914867 0.003484151645522105 0.0097680322864281931 -0.0038115997300118944 0.0012454013310596679 0.0075179037029588433 -0.0065910858532963919 -0.00093358737873741994 -0.0019914580262523065 -0.0038412515394485678 0.0042606952467774727 -0.0065608448279334949 0.010054027359350104 -0.0011408267612291224 -0.0026679576413223419 0.0049247773786828273 -0.0072431113803271326 0.0075151796567373237 -0.00075982548932011567
leaf_weight=2018.5343820750713 103.40774747729301 171.20989692211151 58.711358457803726 30.302636623382568 159.46762523055077 58.711358457803726 330.29873919487 190.90661072731018 84.847382545471191 128.40742269158363 19.317930847406387 965.89654237031937 51.514482259750366 30.302636623382568 123.48324424028397 709.83926290273666 38.257078737020493 140.90726029872894 209.08819270133972 485.97853484749794 170.83111396431923 42.044908314943314 136.36186480522156 14.772535353899 424.23691272735596 68.559715360403061 218.55776664614677 17.045233100652695 32.575334370136261 1168.5454247891903
leaf_count=2029 69 209 41 20 106 62 218 126 56 93 27 1152 34 20 128 629 29 93 138 791 157 90 246 30 280 103 274 21 41 1150
internal_value=-3.76841e-05 -0.00034621 -0.000236665 -0.00391697 -0.000155721 -0.000213148 -0.000475905 0.00119751 0.00273233 -0.00071522 0.00416925 0.000868324 -0.00179457 -0.000806843 0.000433415 -0.00115926 0.000115641 -0.000988117 -0.00321128 -0.000706294 -0.000199468 -0.00225984 -0.00269015 -0.00163611 0.000748191 0.000392631 0.00253145 0.00404446 0.00012609 -2.05274e-06
internal_weight=8402.92 6384.39 6213.18 133.71 6079.47 6020.76 4843.88 606.053 415.146 4237.82 78.0293 1176.88 210.982 4159.79 920.443 3239.35 890.14 3110.94 349.995 2760.95 2081.79 679.158 637.113 500.751 766.657 728.4 304.163 235.603 1910.96 1878.38
internal_count=8462 6433 6224 89 6135 6094 4802 400 274 4402 89 1292 140 4313 855 3458 835 3365 231 3134 1977 1157 1067 821 707 678 398 295 1820 1779
is_linear=0
shrinkage=0.03


Tree=136
num_leaves=31
num_cat=0
split_feature=82 43 7 67 39 79 14 91 20 77 62 96 65 54 90 27 14 87 67 23 3 92 51 86 67 98 48 14 71 23
split_gain=2.74568 2.77053 2.62293 3.18247 3.08267 3.08135 3.25602 3.47506 2.97759 3.46205 2.76801 2.56708 2.56256 2.70646 2.47937 2.44641 2.27294 2.80728 2.88879 2.50742 3.34032 2.55529 2.48802 2.38119 2.20628 2.21312 2.63021 2.53007 2.30052 2.19963
threshold=5.0721250288802517 -0.043818181818181375 6.1650000000000009 0.021511379800853506 0.76500000000000012 0.010233709737134377 84.65000000000002 0.015810758148323108 -0.39618659661887473 1.5350000000000004 0.41451072791848498 -8.482000000000026 1.3050000000000004 0.51000000000000023 -1.2049999999999998 2.0550000000000002 50.885000000000012 1.3350000000000002 0.21992176386913229 1.6235831729272667 3.0850000000000004 13.619653979238757 1.0650000000000002 0.41405440272491928 0.099516358463726945 132.94732193044862 0.54099999999999693 95.350000000000009 17.570000000000004 1.637364406435609
decision_type=10 2 2 2 2 2 8 2 10 2 2 2 2 2 2 2 10 2 2 2 2 10 2 2 2 10 2 10 10 2
left_child=1 14 5 -4 -5 6 -3 10 9 11 -8 -7 13 -11 -1 -10 19 18 29 21 22 -6 -21 -19 25 27 -27 -16 -28 -18
right_child=-2 2 3 4 16 8 7 -9 15 12 -12 -13 -14 -15 24 -17 17 23 -20 20 -22 -23 -24 -25 -26 26 28 -29 -30 -31
leaf_value=-0.0032245686542345131 -0.0040419561739945681 0.0010286420578162973 -0.0016359084269505686 -0.011363882868105765 0.00099519097314461173 0.0093063754067726264 0.0099221578541748498 -0.00080039204857702503 -0.0015569159462064002 0.0064019761272499972 -0.0073171587328116541 -0.0015182622925684237 0.0025884531517679876 0.023937289921743352 0.00010139123078755568 -0.0098020309637668959 0.0007307577895144477 0.010555778224883634 0.0093631441352197524 0.0032300891401568941 -0.022526481506257089 -0.0085141576481342889 -0.0042028057246361033 0.0025252105315392184 0.0035455768704933843 0.0040283280626451194 0.0060105355520380602 0.0098596101095221426 -0.0018071028068176035 -0.003251508547677744
leaf_weight=128.02863973379135 148.48291945457458 643.93102824687958 1877.6271217763424 20.833062678575516 376.88904300332069 21.211845636367798 107.57436001300812 51.135699301958084 458.70616188645363 28.408721834421158 9.0907909870147687 279.92060580849648 134.08916705846786 10.984705775976179 1761.3407537341118 34.848032116889954 817.0348399579525 43.938823103904724 31.438985496759415 49.999350428581238 7.9544421136379233 27.272372961044312 214.01237115263939 136.36186480522156 284.46600130200386 342.41979384422302 42.423691272735596 24.242109298706055 168.17963325977325 147.34657058119774
leaf_count=149 98 428 1870 40 704 14 182 102 305 45 18 379 183 20 1881 23 549 29 26 99 21 18 340 90 322 226 28 16 111 98
internal_value=1.46551e-06 7.39601e-05 -0.000313039 -0.000763097 0.000111832 0.00063535 0.00199856 0.00572061 -0.000507593 0.00118899 0.00857883 -0.000755772 0.00456472 0.0112916 0.000851954 -0.00213907 0.000240904 0.00103771 0.000414054 -0.00114514 -0.00337224 0.00035351 -0.00279514 0.00448224 0.00105092 0.000747476 0.00240578 0.000233874 -0.000232327 0.000122313
internal_weight=8430.19 8281.71 5530.61 3750.71 1873.08 1779.9 811.732 167.801 968.169 474.615 116.665 301.132 173.483 39.3934 2751.1 493.554 1852.25 1176.12 995.82 676.128 271.966 404.161 264.012 180.301 2623.07 2338.61 553.023 1785.58 210.603 964.381
internal_count=8414 8316 5583 3884 2014 1699 730 302 969 641 200 393 248 65 2733 328 1974 792 673 1182 460 722 439 119 2584 2262 365 1897 139 647
is_linear=0
shrinkage=0.03


Tree=137
num_leaves=31
num_cat=0
split_feature=72 12 42 73 75 75 88 97 9 88 88 7 91 39 16 21 15 95 19 95 23 59 2 87 75 23 96 91 97 105
split_gain=2.91435 2.67718 2.76197 2.90051 2.40308 2.52902 2.97613 2.36255 2.25 3.2092 3.24489 3.47161 2.36174 3.50015 2.97774 2.43691 2.84867 2.28163 2.24474 4.1209 2.43718 3.57949 3.39559 2.35189 2.50488 2.28429 2.31342 3.0521 2.19743 2.74943
threshold=8.6290000000000209 19.870000000000005 -0.22999999999999984 2.6388356164383562 2.3350000000000004 2.1850000000000005 3.9350000000000005 165.60776869435077 81.75500000000001 1.6850000000000003 2.3850000000000002 5.0250000000000012 0.0083861674241505462 2.3650000000000007 -0.94123492117109386 -0.27748231976883792 1025.1350000000002 16.555000000000003 0.78162933614111874 12.625000000000002 1.6357621313651298 14.710000000000003 1.0000000180025095e-35 0.50500000000000012 0.43500000000000005 1.6237371025466547 -0.91100000000000125 0.0014916745394426181 75.83217316081334 67.500000000000014
decision_type=2 8 2 2 2 2 2 10 2 2 2 2 2 2 2 8 10 10 8 10 2 8 2 2 2 2 2 2 8 2
left_child=1 -1 -3 7 5 6 -5 8 9 -4 -11 -12 13 18 -14 16 17 -16 19 -10 22 -22 -20 24 -21 -25 27 -27 -23 -30
right_child=-2 2 3 4 -6 -7 -8 -9 12 10 11 -13 14 -15 15 -17 -18 -19 20 23 21 28 -24 25 -26 26 -28 -29 29 -31
leaf_value=-0.0023058004414422345 -0.0070296754428412584 0.0011335737031984375 0.013789229413029125 -0.0046252625343330533 0.00021502433349957772 -0.0068696684106140391 0.00026940915353970349 0.010481656686698995 0.011498337893809059 -0.0018440018941835311 0.015445851581897485 0.0020975404582468703 0.0068080580626421411 0.0054352875720798605 -0.0019522007014137045 -0.0011928669468575783 -0.0024856330954976689 0.0069116832021839641 0.0019242245482299517 -0.0028372119582425605 -2.9671282261603313e-05 0.012087539396320455 -0.0046424260619469743 0.0015803545982258516 0.005073992145213555 -0.0062885917341143202 -0.0010200282151206872 0.0027165801485427225 0.0077204570200131422 -0.0004457840399472223
leaf_weight=421.2066490650177 53.029614090919495 1938.9899609386921 18.939147889614105 201.51253354549408 357.57111215591431 116.28636804223061 251.13310101628304 19.696713805198669 24.620892256498337 211.7396734058857 18.181581974029541 493.55419400334358 45.832737892866135 127.64985677599907 34.848032116889954 2311.3336084485054 77.271723389625549 104.54409635066986 210.60332453250885 54.544745922088623 157.57371044158936 42.423691272735596 106.81679409742355 163.63423776626587 106.05922818183899 196.96713805198669 409.46437737345695 40.908559441566467 90.529126912355423 62.877970993518829
leaf_count=278 35 1963 20 172 347 103 261 13 17 184 18 610 64 106 26 2511 51 69 298 36 104 28 219 108 70 130 274 27 203 97
internal_value=-1.88455e-05 2.53232e-05 0.000148118 -0.000167343 -0.00171219 -0.00292344 -0.00190964 0.000111631 7.16666e-05 0.00159855 0.00127942 0.0025718 -0.000187823 0.000647527 -0.000770294 -0.00090769 0.00213453 0.00469571 0.000280912 -0.000622457 0.00162245 0.00333617 -0.000285555 -0.000929612 0.00238717 -0.00158646 -0.00238697 -0.00473993 0.00604447 0.00437331
internal_weight=8470.34 8417.31 7996.11 6057.12 926.503 568.932 452.646 5130.62 5110.92 742.415 723.475 511.736 4368.5 1794.67 2573.83 2528 216.664 139.392 1667.02 996.199 670.825 353.404 317.42 971.578 160.604 810.974 647.34 237.876 195.831 153.407
internal_count=8442 8407 8129 6166 883 536 433 5283 5270 832 812 628 4438 1717 2721 2657 146 95 1611 662 949 432 517 645 106 539 431 157 328 300
is_linear=0
shrinkage=0.03


Tree=138
num_leaves=31
num_cat=0
split_feature=42 32 69 70 8 17 41 81 12 96 95 83 15 68 32 14 57 65 15 19 42 74 39 19 68 58 64 75 72 81
split_gain=2.43105 3.61241 3.77821 3.17557 3.09936 2.94847 4.19329 2.98222 4.50212 4.31413 2.79173 5.2893 3.32278 3.92062 3.78135 3.04639 2.94218 3.42753 3.00375 2.82374 2.74883 2.70156 2.69976 2.69231 3.21751 2.67825 2.60353 2.56566 2.45532 2.8803
threshold=0.45999999999999991 11.476428571428574 11.945000000000002 2.5628757510396576 6.6450000000000005 -0.18558086482922079 1.3350000000000004 16.275000000000002 246.70000000000002 0.30899999999996913 22.100000000000005 22.505000000000006 1014.5045000000001 13.856438356164384 14.525 61.015000000000008 16.215000000000003 0.61500000000000021 1025.6630000000002 0.92603527266084573 0.6100000000000001 0.19007798989140998 0.89500000000000013 -0.78206431463561632 9.9981917808219194 2.1114518534842639 2.4650000000000003 0.67500000000000016 3.1954999999999818 20.080000000000002
decision_type=2 10 8 8 2 2 2 10 8 2 10 10 10 10 10 10 10 2 10 10 2 2 2 10 10 10 2 2 2 10
left_child=1 2 21 22 5 6 -5 8 -7 -9 12 -12 13 19 16 -16 17 -14 -19 -3 -10 -1 -2 -23 27 -11 -22 -25 -13 -30
right_child=3 10 -4 4 -6 7 -8 9 20 25 11 28 14 -15 15 -17 -18 18 -20 -21 26 23 -24 24 -26 -27 -28 -29 29 -31
leaf_value=-0.0028419310312745409 -0.010938949346078813 0.0016935591375617676 -0.00082592393926670261 -0.001129834999276276 -0.0096015963130686045 0.015009522772144596 -0.017988668592257218 -0.0043426662221073466 -0.0019339790269020051 -0.00086643284582812042 -0.0047527745893193767 0.00210931593924429 -0.0044713298427628062 -0.0055152871892553499 0.0029596548497003933 0.0084678408697602733 -0.0013410226641084786 0.0041027710457461238 -0.00054664593003264433 -0.0052211506497186781 0.0082176122251604762 -0.0044999463999854704 -0.0020756238274769198 -0.0025118208848087585 0.012016805051733796 0.010832599078665062 0.0010000325261580324 0.0033195903180177717 -0.0097337915821591268 -0.0002500410414044788
leaf_weight=104.54409635066986 32.196551412343979 432.19135484099388 3396.9255654811859 80.301987051963806 26.514807045459747 28.78750479221344 15.908884227275847 126.51350790262222 84.847382545471191 35.605598032474518 198.48226988315582 439.38823103904724 60.605273246765137 106.05922818183899 263.63293862342834 137.4982136785984 260.60267496109009 515.14482259750366 165.149369597435 60.605273246765137 90.150343954563141 46.969086766242981 785.97463741898537 80.680770009756088 33.332900285720825 34.848032116889954 89.771560996770859 428.78230822086334 34.848032116889954 166.66450142860413
leaf_count=69 22 286 4501 140 31 22 42 85 194 25 131 290 40 70 174 93 175 340 109 40 178 31 521 57 22 23 222 283 23 110
internal_value=-7.55089e-05 0.000156912 -0.000413759 -0.00120108 0.000431041 0.00088442 -0.00391752 0.00182627 0.00374234 -0.00102942 0.000978754 -0.000473454 0.00158778 -0.000282931 0.00238648 0.00484773 0.00140068 0.00236504 0.00297407 0.000843172 0.00251729 0.00160277 -0.00242441 0.00239065 0.00298691 0.00492019 0.00461642 0.0023961 0.00085182 -0.00189009
internal_weight=8363.53 6932.11 4091.23 1431.42 613.25 586.735 96.2109 490.524 293.557 196.967 2840.87 839.383 2001.49 598.856 1402.63 401.131 1001.5 740.899 680.294 492.797 264.769 694.309 818.171 589.765 542.796 70.4536 179.922 509.463 640.901 201.513
internal_count=8349 6844 4963 1505 962 931 182 749 616 133 1881 554 1327 396 931 267 664 489 449 326 594 462 543 393 362 48 400 340 423 133
is_linear=0
shrinkage=0.03


Tree=139
num_leaves=31
num_cat=0
split_feature=43 16 13 20 14 72 89 25 89 98 43 92 91 104 72 84 12 96 23 17 77 91 46 69 100 45 91 84 86 89
split_gain=2.29435 2.66442 2.72874 2.25974 3.11948 3.99598 3.40742 3.03918 3.44394 2.80969 2.43455 2.50274 2.37177 3.10439 2.9114 2.87308 2.72811 2.84943 2.70653 2.69762 2.68045 3.16061 2.64023 2.48631 2.35865 2.3422 2.20681 2.89024 2.62666 2.20601
threshold=-0.19899999999999965 -0.54960617940095735 3.5530000000000004 -0.12775704858859274 54.425000000000004 2.7769999999999873 3.9650000000000003 1.9387500000000004 1.2650000000000003 49.678623502104237 0.090727272727273142 11.809569204152252 0.038097443783834416 0.5069204152249136 6.7175000000000304 4.2350000000000145 61.210000000000001 -0.33299999999991309 1.606646907243743 -0.7333143426936809 1.8450000000000004 0.0095336561171468891 0.54890898332596738 13.605000000000002 0.84688214114722293 11.345000000000001 -0.00070264525271609903 2.8965000000000036 0.45781876686148049 0.90500000000000014
decision_type=2 2 10 10 10 2 2 2 2 8 2 10 2 2 2 2 10 2 2 2 2 2 8 10 2 10 2 2 2 2
left_child=1 -1 -3 4 5 6 9 8 24 -2 11 -7 13 14 15 18 -14 -18 -6 -20 -17 -22 -21 -19 -5 -15 27 -10 -28 -24
right_child=3 2 -4 7 12 10 -8 -9 26 -11 -12 -13 16 25 -16 20 17 23 19 22 21 -23 29 -25 -26 -27 28 -29 -30 -31
leaf_value=-0.0027298357974569463 -0.012257007533303617 0.0054613686643162377 0.00069737766988226251 0.0018895080787696169 0.0048022198590865796 0.00032421528963789829 -0.0095771029857153588 -0.00235401566984736 -0.0025357327729830263 9.990813731978821e-05 -0.0071286733133594168 -0.0064400736166038246 -0.0042726955367025478 -0.00073851838406107078 -0.0062117165282090494 0.0013446039214076251 0.0037026477762196947 0.0042460604852121086 -0.0039724108591940761 -0.004305116024503312 0.012062450090370876 0.0031007484741292844 0.0097614554951757204 -0.0020204404087626644 -0.0050112218039833536 0.007282922057835527 0.0041345611779768695 0.0054023194236966421 -7.0064474852184129e-05 0.00089192037141864642
leaf_weight=90.907909870147705 16.666450142860413 202.64888241887093 232.19395312666893 60.605273246765137 133.71038410067558 159.46762523055077 33.711683243513107 840.14060038328171 236.73934862017632 2612.0872769355774 113.63488733768463 71.211196064949036 145.45265579223633 43.938823103904724 48.484218597412109 178.78555607795715 161.74032297730446 68.180932402610779 119.69541466236115 87.877646207809448 60.605273246765137 85.226165503263474 25.757241129875183 346.96518933773041 168.55841621756554 128.78620564937592 277.64790806174278 49.999350428581238 257.95119425654411 1251.1201095879078
leaf_count=108 11 268 157 40 89 106 83 568 157 4274 75 47 96 29 32 118 109 45 79 58 40 57 17 229 112 85 187 33 171 837
internal_value=2.29472e-05 0.00194104 0.00291753 -0.000106593 0.000182992 -0.000493266 -9.99721e-05 -0.00100875 6.61096e-05 2.15646e-05 -0.00353448 -0.00176394 0.000887471 0.00138432 0.00104967 0.00123089 -0.000601005 0.000324753 0.000714164 0.000345936 0.00380667 0.00682509 0.000724675 -0.000991271 -0.00318624 0.00524238 0.000972452 -0.00115155 0.00210956 0.00107084
internal_weight=8310.5 525.751 434.843 7784.75 5893.11 3006.78 2662.47 1891.64 1051.5 2628.75 344.314 230.679 2886.33 2163.99 1991.26 1942.78 722.339 576.886 1618.16 1484.45 324.617 145.831 1364.75 415.146 229.164 172.725 822.338 286.739 535.599 1276.88
internal_count=8317 533 425 7784 6516 4596 4368 1268 700 4285 228 153 1920 1441 1327 1295 479 383 1080 991 215 97 912 274 152 114 548 190 358 854
is_linear=0
shrinkage=0.03


Tree=140
num_leaves=31
num_cat=0
split_feature=42 63 105 106 11 92 13 50 88 42 92 47 85 68 98 21 105 92 75 49 39 87 88 13 87 99 94 95 42 18
split_gain=3.27504 2.85468 2.48053 4.16246 2.57048 2.52637 3.08769 2.50405 2.4081 3.80983 2.74915 2.45575 2.19798 2.19622 2.15136 2.25288 2.30172 5.20729 4.62206 3.00369 2.84563 2.94538 2.79797 2.76207 3.20084 6.62738 3.47492 3.19564 3.13973 2.92985
threshold=-0.22999999999999984 0.95500000000000007 107.50000000000001 54.500000000000007 5.5490000000000004 11.426564013840833 9.9600000000000026 0.18376981533077771 4.0750000000000011 0.9750000000000002 14.191770893406385 19.015000000000004 2.4580689655172421 13.179691780821921 47.529130829982577 -0.8584674229618271 92.500000000000014 11.692415224913498 0.89500000000000013 1.4913157894736846 2.2950000000000004 0.49500000000000005 3.6250000000000004 -3.0234999999999994 0.78500000000000014 1.0130118128683019 1.9671940930887317 16.590000000000003 0.29999999999999999 0.72362978903158937
decision_type=2 2 2 2 8 10 10 2 2 2 10 10 2 10 8 8 2 10 2 2 2 2 2 8 2 2 8 10 2 10
left_child=1 -1 -3 7 -5 13 -7 -4 10 11 14 -10 -12 -6 -2 -16 23 18 -18 -20 21 -21 -19 -17 26 -26 28 -27 -25 -29
right_child=8 2 3 4 5 6 -8 -9 9 -11 12 -13 -14 -15 15 16 17 22 19 20 -22 -23 -24 24 25 27 -28 29 -30 -31
leaf_value=0.0061034159261133683 -0.0032746803567281543 -0.00022021019152044876 0.0028360875324519191 0.017243368247273155 0.0033062174426608556 0.0012633724093169701 -0.0041490723113724749 0.014278442041082815 -0.0029972283377767404 -0.012690515803584271 -0.010922406577786386 0.00085212023130683203 -0.0020186671668926707 0.016467673880633651 0.0098554948709959189 0.0096874454524499276 0.010228569231492726 -0.0016797932283637816 0.0079628229009106495 0.0075072240662733582 0.0044233436713225919 3.9076212543328142e-05 0.0033712827849012128 0.0056919331028989911 0.00523348314379088 -0.0017912473424844795 -0.00041318618259688971 -0.009942432552293979 -0.0012049872840856526 -0.0024299883816287803
leaf_weight=97.347220152616501 175.7552924156189 970.44193786382675 31.817768454551697 9.0907909870147687 194.694440305233 507.56916344165802 116.66515100002289 37.499512821435928 391.6615783572197 28.78750479221344 34.848032116889954 240.90596115589142 87.877646207809448 12.121054649353026 21.211845636367798 24.242109298706055 60.984056204557419 690.90011501312256 65.529451698064804 50.756916344165802 212.11845636367798 747.33877572417259 115.15001916885376 166.28571847081184 80.680770009756088 237.1181315779686 2673.4501160979271 118.18028283119202 92.423041701316833 77.271723389625549
leaf_count=137 116 1002 27 6 358 335 77 36 509 37 23 159 58 8 14 16 62 456 62 56 257 794 76 112 75 269 3023 78 61 51
internal_value=2.70854e-05 0.00109414 0.000834742 0.00196043 0.00137746 0.0012039 0.000251823 0.00902621 -0.000302912 -0.00201699 -0.000105146 -0.00153125 -0.00454689 0.00407758 -7.96721e-06 9.76971e-05 5.94554e-05 0.000886222 0.0021941 0.00173863 0.00133488 0.000514032 -0.000958211 -0.00040348 -0.00047448 -0.00266003 -9.19166e-05 -0.00413229 0.00322803 -0.0069724
internal_weight=8370.72 1977.25 1879.9 909.458 840.141 831.05 624.234 69.3173 6393.48 661.355 5732.12 632.568 122.726 206.815 5609.4 5433.64 5412.43 1942.78 1136.73 1075.74 1010.21 798.096 806.05 3469.65 3445.41 513.251 2932.16 432.57 258.709 195.452
internal_count=8350 1986 1849 847 784 778 412 63 6364 705 5659 668 81 366 5578 5462 5448 1763 1231 1169 1107 850 532 3685 3669 473 3196 398 173 129
is_linear=0
shrinkage=0.03


Tree=141
num_leaves=31
num_cat=0
split_feature=30 14 95 54 98 72 43 91 16 21 17 68 81 13 94 43 44 82 65 17 81 84 106 105 82 32 69 62 76 58
split_gain=2.81607 2.57203 3.27571 3.58422 3.21583 2.76346 2.33146 2.65854 3.69414 2.98872 2.75581 2.72134 2.60682 2.40002 3.2191 2.26124 2.20465 2.14942 2.54263 2.19228 2.12183 3.08844 2.10509 2.06179 2.43053 1.9407 1.92623 2.36507 1.9818 2.4641
threshold=1.0350000000000004 56.585000000000008 22.100000000000005 0.4200000000000001 58.91194176981535 -2.0865000000000005 -0.21972727272727244 0.038097443783834416 -0.85227513186527171 -0.76062965362114654 0.028357792954432571 14.273493150684933 13.685 -1.7249999999999999 3.1529821108792935 0.089181818181819014 15.055263157894739 4.7745223575759459 1.6450000000000002 -0.99630037472162991 11.715000000000002 -1.4844999999999684 125.50000000000001 105.50000000000001 2.7920072583257167 16.192857142857147 16.825000000000003 0.17299299190335468 3.4950000000000006 1.8386748149329921
decision_type=2 8 10 2 10 2 2 2 2 8 2 10 10 8 10 2 10 10 2 2 8 2 2 2 10 8 10 2 2 10
left_child=1 2 4 -4 -1 -6 23 9 -9 -8 11 12 20 14 -12 16 26 18 22 -20 21 -11 -10 -3 -25 -21 27 -7 29 -29
right_child=-2 6 3 -5 5 15 7 8 17 10 13 -13 -14 -15 -16 -17 -18 -19 19 25 -22 -23 -24 24 -26 -27 -28 28 -30 -31
leaf_value=-0.0077008203692207631 -0.0089342611793091463 0.00090728634622763672 -0.0015890726096910598 -0.007501261023592996 0.0061192988902943985 -0.0026341956819153742 0.010045561652206023 0.0069216364497806486 -0.0022403149030928143 -0.0028625788224892982 -0.0091064698609336619 -0.0078308879745956021 0.0010872117767860498 0.001196056119689488 0.00087312572392043498 -0.0018367609229587953 0.004020646035804651 -0.0095024595294830091 0.042943886736008699 0.0035639277106603202 -0.0022583811904218249 0.0064494784404640427 0.0070897452889052111 0.0045319503032744323 0.017598906973467107 -0.0015920549030645353 -0.0026121699569213197 0.0011700666781333396 -0.0039224484659847207 0.009319279462881927
leaf_weight=51.514482259750366 32.196551412343979 143.55874100327492 403.02506709098816 119.69541466236115 62.120405077934265 181.81581974029541 29.545070707798004 49.999350428581238 832.94372418522835 61.741622120141983 48.484218597412109 45.453954935073853 612.11325979232788 2710.5708459615707 72.726327896118164 607.94664725661278 133.3316011428833 28.78750479221344 1.1363488733768452 142.42239212989807 631.43119063973427 66.66580057144165 22.348194509744644 82.953467756509781 15.151318311691282 121.96811240911484 216.66385185718536 800.36838981509209 65.150668740272522 34.848032116889954
leaf_count=34 52 184 266 79 41 120 21 78 996 43 32 30 404 3256 48 402 88 19 3 94 947 44 17 99 10 235 143 529 43 23
internal_value=-7.88767e-05 -4.49205e-05 -0.000812505 -0.00294288 -0.000295461 -0.000113996 0.000314245 0.000187036 -0.00106109 0.000536965 0.000470851 -0.000609029 -0.000369762 0.00101137 -0.00311871 -0.000303796 0.000346934 -0.00140828 -0.00120038 0.00136409 -0.00154348 0.001972 -0.00199653 0.00319799 0.00655001 0.00118538 -3.01871e-05 0.000486752 0.00111698 0.00151008
internal_weight=8428.68 8396.48 2676.48 522.72 2153.76 2102.25 5720 5478.34 1199.61 4278.73 4249.19 1417.41 1371.95 2831.78 121.211 2040.13 1432.18 1149.61 1120.82 265.527 759.839 128.407 855.292 241.664 98.1048 264.391 1298.85 1082.18 900.367 835.216
internal_count=8380 8328 1768 345 1423 1389 6560 6267 1442 4825 4804 1468 1438 3336 80 1348 946 1364 1345 332 1034 87 1013 293 109 329 858 715 595 552
is_linear=0
shrinkage=0.03


Tree=142
num_leaves=31
num_cat=0
split_feature=1 93 94 74 3 14 21 63 63 23 63 98 89 91 45 95 88 13 86 89 89 13 17 43 13 87 53 71 87 21
split_gain=2.34797 3.77882 3.29987 3.83663 3.06604 3.16783 3.77163 3.52713 5.09859 3.38047 2.75558 2.73719 3.13793 2.83319 2.57375 2.60829 4.48845 2.68262 3.36437 3.38429 4.28135 2.61014 2.70292 2.5424 2.54272 2.53301 2.46955 2.38059 2.33081 2.75655
threshold=1.0000000180025095e-35 11.590000000000002 2.2891141588762669 0.23440640728490966 1.8450000000000004 56.585000000000008 0.79547346873914171 0.21500000000000002 0.36500000000000005 1.600578741225412 0.7350000000000001 148.74519807130051 1.9650000000000005 -0.031145547945205476 17.540000000000003 17.590000000000003 2.7950000000000004 5.2955000000000005 1.2995664182784703 3.0050000000000003 2.8850000000000011 4.5760000000000014 -0.95909189535710848 -0.21972727272727244 -0.77049999999999985 0.33500000000000008 0.74500000000000011 14.945000000000002 1.5750000000000004 -0.36024104107293126
decision_type=2 8 8 2 2 10 10 2 2 2 2 10 2 2 10 8 2 10 2 2 2 10 2 2 10 2 2 10 2 10
left_child=4 -2 -3 26 27 6 7 -6 -9 -10 25 13 -13 -5 15 16 -12 18 19 20 21 22 -17 24 -7 -11 -4 -1 29 -25
right_child=1 2 3 11 5 23 -8 8 9 10 14 12 -14 -15 -16 17 -18 -19 -20 -21 -22 -23 -24 28 -26 -27 -28 -29 -30 -31
leaf_value=-0.00022652491730888472 0.013055862584470083 -0.0025671821695454665 0.0050416023737967141 -0.0067381797519165372 0.014651226667124363 0.011121065355391117 -0.0043424239875687392 -0.014248840642191833 -0.014158196055913707 -0.0025219514987352325 -0.0029277633863703276 0.011668998527794266 0.0024334142960581538 0.00073596858632586529 0.0031324809318538948 0.0073284710726592836 0.0054764114571998835 -0.004697054315928758 -0.016621191949043258 0.0025756802373663834 -0.012444043774194816 0.0066085942802851993 -0.0027972301483683315 0.0034034198450613282 0.0013059073169206323 0.006268850538907955 0.018891322917568065 0.0017012977095086628 0.0016737408392157121 -0.00097201810912741148
leaf_weight=1303.3921577632427 23.105760425329208 221.20924735069275 40.150993525981903 47.726652681827545 12.87862056493759 34.848032116889954 377.26782596111298 26.136024087667465 17.045233100652695 43.938823103904724 113.63488733768463 39.393427610397339 207.57306087017059 1046.5773123800755 115.15001916885376 25.378458172082901 115.15001916885376 285.22356721758842 12.499837607145308 180.30068790912628 34.469249159097672 33.332900285720825 364.38920539617538 139.01334550976753 74.620242685079575 89.771560996770859 16.28766718506813 1033.6986918151379 466.66060400009155 1911.3388050198555
leaf_count=1386 16 146 103 63 34 23 249 69 18 86 75 26 137 1905 76 67 76 189 30 362 88 22 611 106 53 135 34 683 308 1278
internal_value=-8.95645e-06 0.00100934 0.000837403 0.00137623 -0.000254481 -0.000714598 -0.00166675 -0.000979721 -0.00111794 -0.000877995 -0.000717821 0.00105381 0.00390657 0.000409993 -0.00114605 -0.00156917 0.00130215 -0.00227131 -0.00120749 -0.000905437 -0.00227714 -0.00144886 -0.00213793 -4.51828e-05 0.00443046 0.00338009 0.0090385 0.000626154 -0.000239834 -0.000675365
internal_weight=8452.16 1642.02 1618.92 1397.71 6810.14 4473.05 1846.57 1469.3 1456.42 1430.28 1413.24 1341.27 246.966 1094.3 1279.53 1164.38 228.785 935.594 650.37 637.871 457.57 423.101 389.768 2626.48 109.468 133.71 56.4387 2337.09 2517.01 2050.35
internal_count=8454 2430 2414 2268 6024 3955 2187 1938 1904 1835 1817 2131 163 1968 1596 1520 151 1369 1180 1150 788 700 678 1768 76 221 137 2069 1692 1384
is_linear=0
shrinkage=0.03


Tree=143
num_leaves=31
num_cat=0
split_feature=39 27 93 84 42 16 67 87 7 72 33 69 94 105 87 92 95 77 16 87 87 87 42 75 97 92 84 3 63 86
split_gain=2.80874 2.8007 2.54313 3.29173 2.6126 2.58522 3.67042 4.31117 2.47172 2.19005 2.12962 2.84288 2.42133 2.5494 2.82726 2.25976 2.08078 2.75546 2.08371 2.03737 2.45718 2.75791 2.44359 2.27652 2.11671 2.42466 2.74259 2.04551 2.0365 1.99867
threshold=4.0050000000000008 0.96500000000000008 11.590000000000002 1.3034999999999857 0.20000000000000009 -0.7048199483147094 -0.0050320056899004276 0.52500000000000013 5.785000000000001 8.0270000000000454 12.235000000000001 11.945000000000002 3.1999694993347925 144.50000000000003 1.425 16.449688581314884 18.650000000000002 0.66500000000000004 0.59573434819697324 0.10500000000000002 0.36500000000000005 0.32500000000000007 1.2450000000000003 0.42500000000000004 58.467509210811841 12.294048442906577 2.9434999999999722 1.8350000000000002 3.0350000000000006 0.52691493941630452
decision_type=2 2 8 2 2 2 2 2 2 2 10 8 8 2 2 10 8 2 2 2 2 2 2 2 8 10 2 2 2 2
left_child=1 -1 3 -3 9 6 8 -8 -6 10 11 -4 -13 14 16 -12 -14 -18 28 -7 21 -21 23 -22 -25 -26 -27 -23 -19 -10
right_child=-2 2 4 -5 5 19 7 -9 29 -11 15 12 13 -15 -16 -17 17 18 -20 20 22 27 -24 24 25 26 -28 -29 -30 -31
leaf_value=-0.00974254975309778 -0.0091152643828624931 0.0012774759519702968 0.0020631240389164347 0.010739685779093733 0.01516533068480945 0.0037853769911407468 0.0037678828158291826 -0.0038612941029697646 -0.0046797058163002411 -0.0064091489512063437 0.0011357622210084902 -0.0016955306423626774 0.0032698333085373131 0.0041496317341020326 -0.0085474041523097739 -0.0048817013340853787 0.02511914489902986 -0.0012573840899055284 0.0024828719368800247 -0.0019559916955121182 -0.0075855022536119041 0.0020057091906376646 0.0084961717483941785 -0.0023813959290656605 0.00035785532534650383 -0.0055709483324746468 0.001191421391773928 -0.0095613836677688573 0.0089853808859022884 0.0072969901447208071
leaf_weight=26.893590003252029 31.060202538967133 150.376834243536 419.69151723384857 42.423691272735596 23.863326340913773 70.832413107156754 128.40742269158363 138.63456255197525 17.802799016237259 43.938823103904724 2296.1822901368141 1059.0771499872208 156.05857861042023 132.95281818509102 35.605598032474518 57.57500958442688 3.7878295779228202 934.45755687355995 176.51285833120346 245.83013960719109 47.347869724035263 16.28766718506813 24.242109298706055 612.11325979232788 1071.5769875943661 143.9375239610672 86.36251437664032 88.635212123394012 17.802799016237259 42.423691272735596
leaf_count=41 25 127 277 28 24 73 171 156 23 29 1520 699 103 318 67 38 10 1843 337 442 56 19 22 404 1176 95 57 84 47 43
internal_value=-0.000110657 -7.70072e-05 -4.56314e-05 0.00335953 -0.000126764 -0.000876352 0.00152838 -0.000192796 0.00699429 0.000260886 0.000316291 -0.000222677 -0.000603931 0.000189444 -0.00020816 0.00098857 2.22597e-05 -0.000425232 -0.000510951 -0.00122713 -0.0013791 -0.00369391 -0.000970185 -0.00108719 -0.000926436 -0.000242346 -0.00303506 -0.00776577 -0.00106589 0.00375671
internal_weight=8342.69 8311.63 8284.74 192.801 8091.94 2758.3 351.132 267.042 84.0898 5333.64 5289.7 2935.95 2516.26 1457.18 1324.23 2353.76 1288.62 1132.56 1128.77 2407.17 2336.33 350.753 1985.58 1961.34 1913.99 1301.88 230.3 104.923 952.26 60.2265
internal_count=8354 8329 8288 155 8133 2845 417 327 90 5288 5259 3701 3424 2725 2407 1558 2340 2237 2227 2428 2355 545 1810 1788 1732 1328 152 103 1890 66
is_linear=0
shrinkage=0.03


Tree=144
num_leaves=31
num_cat=0
split_feature=30 24 19 94 21 86 53 94 96 94 97 26 14 90 52 99 42 90 16 23 86 79 84 84 20 92 15 105 95 105
split_gain=2.47022 2.50227 2.72685 2.72564 2.53725 3.97769 3.7847 2.0743 2.75295 2.39436 1.96666 2.19711 2.06677 1.95226 2.40635 2.24711 2.04165 2.28618 3.03155 2.39206 2.78206 2.50571 2.31471 2.77149 2.11436 2.27692 2.10636 2.01717 2.1796 1.97111
threshold=-0.36999999999999994 15.502933000000002 -0.086286332942512492 2.9460820419382889 -0.76062965362114654 0.62478918042505105 2.7300000000000004 2.1222146678029739 -1.1064999999999825 2.6055852316248651 34.458017639045913 0.12714820748507102 61.705000000000005 -1.1349999999999996 2.2150000000000003 0.8696945269981875 0.24000000000000013 0.46000000000000013 -0.62162637414360755 1.6046011856012206 0.51221604237792817 -0.016981210662717551 -2.7194999999999818 2.5004999999999886 -0.17648349038433878 14.423048346789699 1005.5040000000001 95.500000000000014 17.170000000000005 33.500000000000007
decision_type=2 2 8 10 8 2 2 8 2 8 8 2 10 2 2 2 2 2 2 2 2 2 2 2 8 10 10 2 8 2
left_child=-1 2 3 -2 5 -3 10 8 -4 -9 11 12 -6 14 -12 -16 24 22 19 -19 21 -21 -18 29 26 27 -15 -26 -29 -24
right_child=1 4 7 -5 6 -7 -8 9 -10 -11 13 -13 -14 16 15 -17 17 18 -20 20 -22 -23 23 -25 25 -27 -28 28 -30 -31
leaf_value=0.0021922945169124256 -0.0036352692959989255 0.014307988682416868 0.012292129271894461 0.0022827428383949979 -0.0031742353090569511 -0.0013054334861176647 -0.011906156407073791 -0.002443352259792152 0.0032697244424204287 0.0025754023002146297 0.0015079126077435813 -0.0047887438426678147 0.00083908735847023307 0.0049025003867843881 -0.0023376745415330767 -0.0098777472631472931 0.0027835355079526411 -0.0071102555365143262 -0.00081269020440080198 0.028542147843546591 0.006503313839310969 -0.0010352431394144756 0.0018796538270058785 0.00063787538825949279 -0.0010950926087688684 -0.006658765271360419 0.00074045905904787277 -0.0059141403856002358 0.0015060587589465358 -0.005444578063244279
leaf_weight=449.23658794164658 162.49788889288902 27.272372961044312 37.87829577922821 123.10446128249168 197.34592100977898 31.817768454551697 25.378458172082901 113.63488733768463 154.92222973704338 346.20762342214584 77.271723389625549 171.20989692211151 278.40547397732735 115.15001916885376 102.27139860391617 54.544745922088623 65.150668740272522 20.075496762990952 1250.7413266301155 2.6514807045459738 132.57403522729874 92.801824659109116 37.120729863643646 121.21054649353027 998.09309378266335 51.514482259750366 2205.6531632244587 37.87829577922821 599.61342218518257 303.02636623382568
leaf_count=475 108 18 25 82 131 33 55 75 103 512 96 116 189 76 111 69 43 23 1301 7 158 116 44 80 1531 34 1461 25 947 332
internal_value=2.80999e-05 -9.43939e-05 0.00136044 -0.0010844 -0.000289426 0.00590076 -0.000342135 0.00243032 0.0050423 0.00133518 -0.00029969 -0.00187445 -0.000825675 -0.000137132 -0.00282517 -0.00496031 -3.28368e-05 -0.000809163 -0.000211783 0.00281752 0.00369156 -0.000213649 -0.00250976 -0.00325725 0.000359472 -0.000448694 0.000946965 -0.000253101 0.00106517 -0.00464527
internal_weight=8386.25 7937.02 938.245 285.602 6998.77 59.0901 6939.68 652.643 192.801 459.843 6914.3 646.961 475.751 6267.34 234.088 156.816 6033.25 2025.35 1498.84 248.103 228.027 95.4533 526.508 461.358 4007.9 1687.1 2320.8 1635.58 637.492 340.147
internal_count=8376 7901 905 190 6996 51 6945 715 128 587 6890 436 320 6454 276 180 6178 2104 1605 304 281 123 499 456 4074 2537 1537 2503 972 376
is_linear=0
shrinkage=0.03


Tree=145
num_leaves=31
num_cat=0
split_feature=55 95 32 62 90 7 42 87 56 89 74 105 87 75 94 45 97 95 94 89 88 72 105 61 57 63 63 62 7 78
split_gain=2.9407 3.00104 4.10777 3.45655 2.55552 2.53232 2.58624 2.58412 3.07681 2.72253 2.47168 3.3896 2.27745 2.23838 2.38732 2.18981 2.25142 2.36923 3.57134 3.16064 2.97617 2.87838 2.43876 3.67091 2.62031 2.39588 2.84091 3.15163 3.12925 2.3585
threshold=-0.049421052631578873 22.000000000000004 12.632857142857146 0.19724453198582395 -1.2049999999999998 4.8850000000000007 0.40000000000000008 1.385 13.990810810810812 1.3550000000000002 0.54785377214847275 38.500000000000007 0.85500000000000009 1.7850000000000004 4.9810482355010501 17.055000000000003 16.270874430149401 14.440000000000003 3.2374918634107561 0.90500000000000014 2.3750000000000004 -1.0929999999999607 93.500000000000014 1.5109459459459462 16.095000000000002 0.21500000000000002 0.36500000000000005 0.78935699097402878 7.5850000000000009 1.6450000000000002
decision_type=2 10 10 2 2 2 2 2 10 2 2 2 2 2 10 10 8 8 10 2 2 2 2 2 10 2 2 2 2 2
left_child=4 2 15 -3 -1 -4 7 9 -9 12 -5 -12 -7 14 -13 16 -2 18 19 -18 21 -21 24 -24 25 29 28 -28 -27 -19
right_child=1 3 5 10 -6 6 -8 8 -10 -11 11 13 -14 -15 -16 -17 17 22 -20 20 -22 -23 23 -25 -26 26 27 -29 -30 -31
leaf_value=-0.0032961940500597516 -0.0051326681434304662 0.0032066716787849665 0.010206947424635928 -0.0043197155305301858 0.0011505995372700392 0.0010909250440573753 -0.00064480162870253217 -0.00028966904681267997 0.011971612857106496 0.0019288339017479979 -0.0082470783521869945 0.0032293286851689936 -0.0094200575963856985 -0.0034542757853626739 -0.0034214872846284202 0.010180989858421655 0.013417515550952523 -2.1478932741175899e-05 0.010268244524519797 -0.0061725325753610753 0.0042778772014947647 0.00017320036569933619 0.0085982551770799696 -0.00017288790550344982 -0.0061643824108421315 -0.0030715368441229136 -0.0014278273347219483 0.0068507742257254067 -0.018531585015363752 0.019827160556102681
leaf_weight=123.48324424028397 101.13504973053932 103.02896451950073 27.272372961044312 398.47967159748077 2003.0042808055878 37.87829577922821 562.87147527933121 30.302636623382568 46.969086766242981 865.89784151315689 51.514482259750366 190.90661072731018 36.363163948059082 118.18028283119202 65.150668740272522 16.666450142860413 16.666450142860413 12.499837607145311 36.363163948059082 80.301987051963806 120.83176353573799 323.48064595460892 44.696389019489288 1095.4403139352798 106.05922818183899 34.848032116889954 1693.5386042892933 42.423691272735596 17.802799016237259 9.4695739448070508
leaf_count=140 75 68 18 263 1991 25 379 20 31 576 34 126 24 78 43 11 11 27 24 59 91 215 64 1335 70 86 2326 103 47 25
internal_value=-7.20043e-05 -0.000398191 -0.000125569 -0.00197401 0.000892378 0.00114329 0.000986868 0.00188957 0.00716327 0.00145612 -0.0026216 -0.00103225 -0.00405731 -3.91176e-05 0.00153711 -0.000669181 -0.00071759 -0.000594731 0.00116728 0.000555878 0.000147277 -0.0010888 -0.000927701 0.000170964 -0.00158126 -0.00131279 -0.00143373 -0.00122551 -0.00829904 0.00853397
internal_weight=8413.53 6287.04 5359.78 927.261 2126.49 1607.55 1580.28 1017.41 77.2717 940.139 824.232 425.752 74.2415 374.238 256.057 3752.22 3735.56 3634.42 577.644 541.281 524.614 403.783 3056.78 1140.14 1916.64 1810.58 1788.61 1735.96 52.6508 21.9694
internal_count=8385 6254 5642 612 2131 1073 1055 676 51 625 544 281 49 247 169 4569 4558 4483 400 376 365 274 4083 1399 2684 2614 2562 2429 133 52
is_linear=0
shrinkage=0.03


Tree=146
num_leaves=31
num_cat=0
split_feature=30 82 92 45 57 93 82 48 77 58 15 84 37 63 44 60 12 106 31 83 103 66 90 66 90 70 24 82 51 16
split_gain=2.72793 2.05924 2.07376 2.26182 3.80385 3.11132 4.04327 2.59981 2.52986 2.51233 3.54975 2.94142 2.81651 2.31539 2.90953 2.75371 3.3346 2.28469 2.66789 2.21185 2.21047 2.29883 2.18712 3.03607 2.15805 1.98591 2.36062 1.97297 1.85191 1.82105
threshold=0.79500000000000015 5.0721250288802517 16.052595155709344 17.105000000000004 16.825000000000003 17.370000000000001 2.1265559233168587 0.99349999999998329 2.1250000000000009 1.0178514215049415 1014.9785000000001 5.9594999999999922 2.8665000000000007 2.0350000000000006 7.9231315789473697 2.9319999999999031 316.35000000000008 65.500000000000014 -0.16499999999999884 22.295000000000005 127.50000000000001 0.91500000000000004 2.515000000000001 0.57500000000000007 2.6050000000000009 1.62456692275237 21.939689500000004 2.7920072583257167 1.7650000000000003 -0.99214638768961005
decision_type=2 10 10 10 10 10 10 2 2 10 10 2 2 2 8 2 10 2 2 10 2 2 2 2 2 10 2 10 2 2
left_child=1 2 3 4 13 7 8 -6 -7 -5 20 24 -13 15 -15 19 -17 22 -19 29 -11 -22 23 -16 25 -12 -27 -18 -3 -1
right_child=-2 28 -4 9 5 6 -8 -9 -10 10 11 12 -14 14 17 16 27 18 -20 -21 21 -23 -24 -25 -26 26 -28 -29 -30 -31
leaf_value=0.0078572458189307866 -0.0063784835104469719 0.0012178857510511756 -0.0039503536693446372 -0.0014803472852044045 -0.0023991691728616447 -0.0084489373676407444 0.00079216461769197779 -0.012810979817866604 0.0015814210848682916 0.0027994072109860601 0.0082459004374300007 0.0066973062364435818 -0.0028327329894557202 -0.01290736308627476 -0.0033416997893339789 0.00034892140056532053 0.010311581960299548 0.0025109965510556748 -0.0012058019577722706 0.0045713359949527818 -0.0063946567167742626 0.0018564616025668916 -0.010354401886760865 0.0079584236983312462 -0.0031862700788707369 0.011800641022542403 0.0030042352004582026 0.0013826899025122018 -0.0058401298317040124 0.00024041646586316401
leaf_weight=28.408721834421158 57.953792542219162 51.514482259750366 106.05922818183899 195.83078917860985 42.423691272735596 89.392778038978577 250.75431805849075 43.938823103904724 30.302636623382568 83.332250714302063 128.02863973379135 37.87829577922821 106.05922818183899 18.181581974029541 207.19427791237831 121.21054649353027 74.241459727287292 257.57241129875183 534.46275344491005 110.60462367534637 84.847382545471191 47.347869724035263 33.711683243513107 23.863326340913773 30.302636623382568 30.302636623382568 292.42044341564178 31.817768454551697 95.45330536365509 5052.585873991251
leaf_count=42 84 34 70 130 28 59 170 29 20 55 86 25 70 12 256 80 49 293 640 73 56 35 68 30 20 20 193 21 63 5509
internal_value=0.000107489 0.000153106 0.000217016 0.000272354 7.74154e-05 -0.00256866 -0.00137323 -0.00769641 -0.00590961 0.00157978 0.00229275 0.00343764 -0.000324828 0.000263554 -0.00100829 0.000515861 0.00374812 -0.000803577 2.913e-06 0.000374364 -0.0010272 -0.00343939 -0.00321612 -0.00217464 0.00456341 0.0050844 0.00383019 0.00763291 -0.00336619 0.000283003
internal_weight=8298 8240.04 8093.08 7987.02 6950.67 456.812 370.45 86.3625 119.695 1036.35 840.519 624.992 143.938 6493.86 1074.99 5418.87 227.27 1056.8 792.035 5191.6 215.528 132.195 264.769 231.058 481.054 450.752 322.723 106.059 146.968 5080.99
internal_count=8320 8236 8139 8069 7379 306 249 57 79 690 560 414 95 7073 1299 5774 150 1287 933 5624 146 91 354 286 319 299 213 70 97 5551
is_linear=0
shrinkage=0.03


Tree=147
num_leaves=31
num_cat=0
split_feature=39 43 14 86 24 19 17 14 13 12 96 16 94 80 89 76 33 85 97 16 3 96 55 39 75 62 56 59 15 45
split_gain=2.33939 1.98164 2.20984 2.52912 2.13005 3.41523 2.63962 1.99412 2.45928 1.91233 2.37364 4.36771 3.35939 3.57978 2.97994 2.86994 2.30464 2.16843 1.95503 2.39182 2.16354 1.95129 2.03966 1.93763 2.89326 2.93174 2.49739 2.34904 2.37073 3.00405
threshold=4.0050000000000008 -0.19899999999999965 59.120000000000012 0.38003298631530558 14.534112000000006 -0.086286332942512492 0.9978187807648744 74.045000000000016 9.7350000000000012 19.870000000000005 -4.5895000000000428 -0.56114472106565871 2.4557634965501434 9.2587068965517254 3.9200000000000004 1.8350000000000002 16.645000000000003 2.0962413793103449 39.980286417154652 0.53139854714343082 2.1050000000000004 2.5080000000000386 -0.016973684210526224 3.0050000000000003 0.99500000000000011 1.1220428583524209 17.368243243243246 17.695000000000004 1017.8075 17.055000000000003
decision_type=2 2 10 2 2 8 2 10 10 8 2 2 10 10 2 2 8 2 8 2 2 2 2 2 2 2 10 8 8 10
left_child=1 2 3 -1 5 -3 7 -7 -9 -6 11 15 13 -13 18 -11 -14 -16 20 23 -12 22 -21 27 25 -25 -26 -20 29 -29
right_child=-2 4 -4 -5 9 6 -8 8 -10 10 14 12 16 -15 17 -17 -18 -19 19 21 -22 -23 -24 24 26 -27 -28 28 -30 -31
leaf_value=0.012476461250213202 -0.008324179962736912 -0.0018150628650517734 0.0039015165605752683 -0.0005741872039380459 -0.0024201879857400676 0.0011475014292859256 0.012123260932195777 0.011671505492645234 0.0023865139565770917 -0.0036223921074917164 -0.00033506358847766669 -0.0032293873592549823 -0.00031934786145136471 0.0072768101196414234 -0.012762145966321132 0.0058203739821082586 -0.0058383609544478037 -0.0027526817934367927 0.00030851431938106041 0.0055652250285501111 -0.0033192874055990242 -0.0020180469855272162 0.0012686302680762047 0.0093290827625619726 0.0013039228863777033 -0.0047071259112753637 -0.0068884914917002934 -0.0055902689812494175 -0.00076929051032116971 0.00060873547229736778
leaf_weight=14.014969438314436 30.68141958117485 194.694440305233 237.1181315779686 287.8750479221344 362.11650764942169 313.63228905200958 26.514807045459747 40.908559441566467 68.938498318195343 33.332900285720825 514.3872566819191 42.044908314943314 406.05533075332642 95.45330536365509 27.651155918836594 221.20924735069275 81.817118883132935 65.908234655857086 1704.9020930230618 140.90726029872894 380.29808962345123 103.02896451950073 337.87439835071564 68.180932402610779 289.01139679551125 16.666450142860413 37.87829577922821 215.14872002601624 1885.9603468477726 104.54409635066986
leaf_count=16 24 130 161 370 239 393 25 27 47 22 341 33 268 63 70 146 54 75 1126 201 251 68 460 90 313 17 25 145 3062 75
internal_value=-5.55085e-05 -2.50093e-05 0.00173408 3.16773e-05 -0.000146896 0.00150452 0.00294076 0.00236583 0.00584437 -0.000296124 -0.000182549 0.00127085 -7.76092e-05 0.00406417 -0.000399587 0.00458382 -0.0012449 -0.00571094 -0.000313892 -7.86126e-05 -0.00160355 0.0017272 0.00253313 -0.000321687 0.00163585 0.00657197 0.000354628 -0.000527793 -0.00117423 -0.00356311
internal_weight=8348.76 8318.07 539.008 301.89 7779.07 644.689 449.994 423.479 109.847 7134.38 6772.26 879.913 625.371 137.498 5892.35 254.542 487.872 93.5594 5798.79 4904.1 894.685 581.811 478.782 4322.29 411.737 84.8474 326.89 3910.56 2205.65 319.693
internal_count=8337 8313 547 386 7766 622 492 467 74 7144 6905 586 418 96 6319 168 322 145 6174 5582 592 729 661 4853 445 107 338 4408 3282 220
is_linear=0
shrinkage=0.03


Tree=148
num_leaves=31
num_cat=0
split_feature=90 16 21 46 39 39 8 32 69 42 42 16 53 8 41 67 105 105 58 16 62 101 100 62 9 92 88 64 72 68
split_gain=2.46915 2.68054 2.5612 2.61898 1.91403 2.42311 2.92072 2.56113 2.71585 2.62443 2.57661 3.84506 2.54401 2.52281 2.4253 2.35459 2.3798 3.87035 2.33401 2.31977 2.01505 2.06067 2.44383 2.01635 1.941 1.93901 2.38352 3.38733 3.05488 3.17019
threshold=2.7650000000000006 -0.85227513186527171 -0.76062965362114654 1.1124439574443741 4.0050000000000008 3.0050000000000003 4.6750000000000007 11.446428571428571 11.945000000000002 0.17999999999999985 0.70500000000000029 -0.81243976305511811 0.66000000000000003 2.5850000000000004 1.5050000000000006 -0.00084740406544043785 144.50000000000003 123.50000000000001 3.4286753503554119 -0.7048199483147094 0.72157360098881218 18.500000000000004 0.74921297244704455 0.26762917324269969 72.140000000000015 14.423048346789699 3.2450000000000006 4.0050000000000008 1.0000000180025095e-35 13.974794520547947
decision_type=2 2 8 8 2 2 2 10 8 2 2 2 2 2 2 2 2 2 10 2 2 2 2 2 2 10 2 2 2 10
left_child=2 -2 3 -1 5 6 7 8 9 12 13 -12 -4 -10 -13 -7 17 -17 20 -8 21 23 -23 -15 -11 26 -9 28 -28 -30
right_child=1 -3 4 -5 -6 15 19 25 10 24 11 14 -14 18 -16 16 -18 -19 -20 -21 -22 22 -24 -25 -26 -27 27 -29 29 -31
leaf_value=-0.0010878303218854642 0.0042335642194179174 -0.0046796892733264126 0.0015999785715482058 0.011840819117364386 -0.0085904361078264751 -0.0011108843209862937 0.0029228163775782421 0.00055336341598608994 0.0013551123696660162 0.0038730991609644701 0.016248067794544317 0.003480569331189661 0.0070089257638311659 0.0018571863366830571 -0.0089250337094275538 0.0044850280227186927 0.0082581789951572081 -0.0031496409301452117 0.010642973539531987 -0.0023760050155994372 0.0050772587493298381 -0.00068153394789959693 -0.0025197105966869868 0.017260580255214718 -0.0018844483591461136 -0.002657223875228164 0.00049263509956609837 -0.0035207655569820025 0.0027754578845252766 0.0083660904584276705
leaf_weight=24.242109298706055 36.741946905851364 174.99772650003433 318.17768454551697 33.711683243513107 22.726977467536926 142.80117508769035 83.711033672094345 1800.7341813445091 432.94892075657845 66.66580057144165 18.560364931821823 84.468599587678909 103.7865304350853 39.772210568189621 17.045233100652695 199.99740171432495 73.483893811702728 85.226165503263474 15.151318311691282 665.52165684103966 45.832737892866135 1733.3108148574829 1042.4106998443604 9.4695739448070508 251.51188397407532 128.78620564937592 209.08819270133972 71.211196064949036 228.78490650653839 151.89196607470512
leaf_count=16 49 207 210 29 15 137 92 1193 558 44 46 184 70 48 45 183 83 87 10 635 91 2083 1483 22 169 85 138 47 151 104
internal_value=6.50656e-05 -0.00313302 0.000148655 0.00643276 0.000103376 0.000128011 -6.66012e-06 0.000190046 -0.000269369 0.00137913 -0.000624162 0.00369305 0.00293037 -0.000780354 0.00139754 0.00214706 0.00344405 0.00220375 -0.00110072 -0.00178397 -0.0011627 -0.00126393 -0.00137185 0.00481938 -0.000678105 0.000931195 0.00111893 0.00265972 0.00340598 0.00500615
internal_weight=8312.77 211.74 8101.03 57.9538 8043.08 8020.35 7518.84 6769.61 4179.11 740.142 3438.97 120.074 421.964 3318.9 101.514 501.509 358.707 285.224 2885.95 749.233 2870.8 2824.96 2775.72 49.2418 318.178 2590.5 2461.71 660.976 589.765 380.677
internal_count=8314 256 8058 45 8013 7998 7508 6781 5063 493 4570 275 280 4295 229 490 353 270 3737 727 3727 3636 3566 70 213 1718 1633 440 393 255
is_linear=0
shrinkage=0.03


Tree=149
num_leaves=31
num_cat=0
split_feature=72 55 69 63 57 96 51 90 64 46 26 18 100 47 15 93 17 68 89 76 51 16 91 44 16 21 81 61 86 69
split_gain=1.99058 1.97309 2.70529 2.45331 3.412 3.03202 2.71348 3.34831 2.46819 2.43061 2.25756 2.24238 2.05808 2.01212 1.95119 2.31216 1.94 1.88808 2.08568 2.05929 1.82036 1.80862 1.78678 1.74543 1.73197 1.71879 1.78559 1.83543 1.91509 1.76621
threshold=8.6290000000000209 -0.062289473684210554 14.025 2.1350000000000002 17.685000000000006 11.45750000000004 2.2850000000000006 1.7550000000000006 2.9350000000000005 2.5561559448873221 0.30631538696662164 -0.75229992297991777 0.96774167533826216 12.930000000000001 1009.5910000000001 20.420000000000005 0.96806016754351842 16.316164383561645 1.8050000000000002 4.160000000000001 2.3150000000000004 0.19140859510222866 -0.0044527139656637569 14.797631578947371 -0.99214638768961005 -0.76062965362114654 20.115000000000006 1.8301351351351351 0.49400089266711411 21.820000000000004
decision_type=2 2 8 2 8 2 2 2 2 10 2 8 2 10 10 10 2 8 2 2 2 2 2 10 2 8 10 2 2 10
left_child=1 2 13 6 14 12 9 8 -8 10 24 -9 17 -1 -5 -16 -12 23 19 -19 -17 -11 -20 -6 -3 -4 27 28 -27 -28
right_child=-2 3 25 4 5 -7 7 11 -10 21 16 -13 -14 -15 15 20 -18 18 22 -21 -22 -23 -24 -25 -26 26 29 -29 -30 -31
leaf_value=0.0013847693507345132 -0.0061060489110594356 0.007388452585391731 0.0094110633257566811 0.00045953637274084809 -0.0017690690945405133 0.0092329767767857472 0.014679833082250125 0.0052130449073921449 0.0042427774620478901 0.010656526460104123 -0.0062778354246726589 -0.0019046257138472572 -0.0049088761345077664 0.0062859388806672774 -0.0058464480930160625 -0.0068925763648145172 0.0047512062989428592 0.013422787363636801 -0.011543243738250743 -0.0055810598197012133 0.0011017305100851573 0.001039908094601163 -0.0014030271086273368 0.0044142967880365369 -0.00019274876825206057 0.0096957298631701969 0.0038631793481190926 -0.00053938392959089866 -0.0011350961928472761 -0.0016825862891188196
leaf_weight=181.81581974029541 48.484218597412109 27.272372961044312 18.560364931821823 96.968437194824219 59.090141415596008 30.302636623382568 24.242109298706055 54.544745922088623 128.40742269158363 31.817768454551697 90.907909870147705 147.72535353899002 81.817118883132935 128.78620564937592 274.23886144161224 34.848032116889954 17.045233100652695 15.90888422727585 16.666450142860413 7.5756591558456412 96.968437194824219 39.393427610397339 253.78458172082901 134.84673297405243 4886.3001555204391 32.954117327928543 199.99740171432495 1140.5154859125614 26.514807045459747 69.696064233779907
leaf_count=120 32 36 16 64 39 20 28 36 120 21 135 180 78 85 181 23 24 42 44 20 64 26 391 89 4872 45 132 1319 40 46
internal_value=-4.49225e-05 -9.72658e-06 0.000870331 -0.000251394 -0.00154163 -1.38632e-05 9.84684e-06 0.00254609 0.00590028 -0.000166907 -0.000244955 1.47461e-05 -0.000505716 0.00341696 -0.0033639 -0.00427696 -0.00453641 0.000232702 -0.00128324 0.00729251 -0.00101171 0.0053367 -0.00202791 0.0025303 -0.00015067 0.000338837 0.000224265 -0.000271469 0.0048667 0.00243
internal_weight=8398 8349.51 1798.84 6550.67 1103.02 599.992 5447.66 354.92 152.65 5092.74 5021.53 202.27 569.69 310.602 503.024 406.055 107.953 487.872 293.936 23.4845 131.816 71.2112 270.451 193.937 4913.57 1488.24 1469.68 1199.98 59.4689 269.693
internal_count=8368 8336 1803 6533 1055 723 5478 364 148 5114 5067 216 703 205 332 268 159 625 497 62 87 47 435 128 4908 1598 1582 1404 85 178
is_linear=0
shrinkage=0.03


Tree=150
num_leaves=31
num_cat=0
split_feature=39 42 23 70 16 68 96 92 58 41 101 36 85 80 13 96 82 82 83 85 65 92 16 74 105 88 60 91 91 71
split_gain=2.25299 2.07884 2.52453 2.76364 2.38535 2.80485 2.72675 3.1946 2.78414 2.66348 2.38172 2.38168 2.29389 2.27089 2.94187 5.47465 3.05082 2.83614 2.82791 2.17802 4.21996 2.82217 3.45337 2.74766 3.45195 4.48829 2.38754 2.17686 2.6878 2.17635
threshold=4.0050000000000008 0.21999999999999989 1.6164288692253261 2.2085534792171058 -0.58637234780482739 8.9861643835616452 0.30899999999996913 8.4091405316137173 1.156470105943542 0.38999999999999985 15.500000000000002 -0.32650000000000995 2.2775862068965522 14.865748275862071 1.3655000000000002 -0.70799999999996988 2.5368311320632624 1.3298549542526923 23.765000000000004 2.5242413793103453 1.1350000000000005 11.464269896193773 0.78908407281625292 0.25397430751638161 85.500000000000014 2.8850000000000002 1.3125000000000002 0.021839878134735535 0.012211265942371274 21.710000000000004
decision_type=2 2 2 10 2 8 2 10 10 2 2 2 2 10 8 2 10 10 10 2 2 8 2 2 2 2 2 2 2 10
left_child=1 2 3 11 5 -3 7 9 -8 -7 -4 -1 -5 14 15 -12 17 -17 -15 21 26 23 -23 -16 29 -26 -21 28 -24 -25
right_child=-2 4 10 12 -6 6 8 -9 -10 -11 13 -13 -14 18 19 16 -18 -19 -20 20 -22 22 27 24 25 -27 -28 -29 -30 -31
leaf_value=0.0055057020129834454 -0.0082230685520500221 -0.004683559189400101 0.0084272626054231817 -0.0041582830546776127 -0.0010374517814935745 -0.0065143873364309256 -2.6217436714619772e-05 -0.0025560282969824162 0.0097015669561865778 0.0042734770403858808 -0.00807509920945205 0.0015540480975859059 0.0024351297275033092 -0.0066918394032979807 -0.0015462426106720719 0.009676711619615681 0.01164764961126204 0.0011885048381294922 0.00061898528814840863 0.0041039032959383093 -0.00046726498154643745 -0.0021387532255865661 0.007096372851956312 0.00039587207013932747 0.0088317608321950049 0.0014441751576242429 0.014025208107633119 0.012997218024450353 -0.004388419943880343 -0.0054987762637898003
leaf_weight=159.08884227275848 29.545070707798004 64.77188578248024 30.302636623382568 127.27107381820679 2209.8197757601738 23.105760425329208 42.423691272735596 155.30101269483566 70.453630149364471 189.77026185393333 34.848032116889954 1000.7445744872093 75.756591558456421 99.998700857162476 566.65930485725403 45.453954935073853 45.453954935073853 160.60397410392761 90.907909870147705 143.17995804548264 261.36024087667465 977.63881406188011 38.257078737020493 1224.9840855002403 99.998700857162476 284.84478425979614 25.757241129875183 18.939147889614105 35.226815074682236 59.090141415596008
leaf_count=105 24 45 20 84 2228 49 28 104 51 324 23 1256 50 66 374 30 30 106 60 165 228 1624 86 813 66 188 17 35 63 39
internal_value=4.66866e-05 7.59057e-05 0.00040753 0.00153086 -0.000598785 0.00117719 0.00196631 0.000715702 0.00604549 0.00310255 4.67576e-05 0.00209608 -0.00169805 -1.35176e-05 0.000138218 0.0030687 0.00461272 0.0030609 -0.00321049 -8.64044e-05 0.00192128 -0.000347747 -0.00161474 0.000258703 0.000871549 0.00336378 0.00561657 0.00392816 0.00159078 0.000124614
internal_weight=8391.56 8362.01 5606.37 1362.86 2755.65 545.826 481.054 368.177 112.877 212.876 4243.51 1159.83 203.028 4213.2 4022.3 286.36 251.512 206.058 190.907 3735.94 430.297 3305.64 1070.06 2235.58 1668.92 384.843 168.937 92.423 73.4839 1284.07
internal_count=8381 8357 5528 1495 2829 601 556 477 79 373 4033 1361 134 4013 3887 189 166 136 126 3698 410 3288 1808 1480 1106 254 182 184 149 852
is_linear=0
shrinkage=0.03


Tree=151
num_leaves=31
num_cat=0
split_feature=98 89 15 85 42 43 82 90 82 91 44 89 100 100 79 75 7 75 87 15 32 64 64 87 17 87 75 64 51 23
split_gain=2.19067 3.08834 2.64425 2.56784 2.56372 2.01347 2.26607 1.95701 3.61836 3.03335 3.76418 2.80487 4.40017 2.605 2.59612 2.47667 3.0235 2.24888 2.92489 2.41326 2.14669 2.78242 3.59202 2.13281 3.91 3.86668 3.29634 2.88047 3.6171 4.36339
threshold=106.2516907439708 3.9650000000000003 1020.4830000000001 2.1195517241379318 0.38999999999999985 0.26745454545454622 2.8642792692494967 0.050000000000000162 2.5229193765109419 0.0062719650448748191 7.729105263157896 1.9950000000000003 0.5529363481090227 0.68015423836014877 -0.027388930025916358 0.26500000000000007 5.745000000000001 1.2550000000000001 1.1650000000000003 1016.7600000000001 9.9815000000000023 3.9150000000000005 4.4350000000000014 0.17500000000000002 0.43011709605541631 0.20500000000000004 0.47500000000000003 1.9850000000000001 0.74500000000000011 1.6341287869537304
decision_type=10 2 10 2 2 2 10 2 10 2 10 2 2 2 2 2 2 2 2 8 10 2 2 2 2 2 2 2 2 2
left_child=1 2 7 -3 -4 -2 -7 8 11 10 13 14 -13 -9 -1 -15 -17 18 -16 -19 21 23 -23 24 -11 -25 27 -27 -29 -30
right_child=5 3 4 -5 -6 6 -8 9 -10 20 -12 12 -14 15 17 16 -18 19 -20 -21 -22 22 -24 25 -26 26 -28 28 29 -31
leaf_value=-0.0062088485422910657 0.00071364144372999436 -0.011981116027346958 -0.00091715433596802596 -0.0013352526376855245 -0.0047273282588876885 -0.0055103459210742063 0.00018028735669329177 0.011100542677437644 0.0049660512523814031 0.013060222025673607 -0.00079766944688297614 -0.0013701080763134491 -0.010310458981383594 -0.0085065064958138887 -0.00097663813304914369 0.012492449887887242 0.0025795404851861737 -0.001398333497708923 -0.015037395090200535 0.0051859017487518259 0.001832089861580501 0.006722019103069932 -0.0073206669353549844 -0.0094580919976179588 -0.00067984148344793147 -0.0024519563024336826 -0.0014044607408875776 -0.0070465132693324139 0.0046163427639234348 0.019863484341661991
leaf_weight=61.741622120141983 3784.4205313026905 37.499512821435928 1031.8047770261765 44.696389019489288 187.87634706497192 101.5138326883316 165.90693551301956 54.165962964296341 74.241459727287292 27.651155918836594 146.21022170782089 126.51350790262222 81.438335925340652 14.014969438314436 109.84705775976181 34.848032116889954 134.84673297405243 86.36251437664032 15.151318311691282 119.31663170456886 481.05435639619827 89.392778038978577 20.075496762990952 48.105435639619827 57.196226626634598 59.46892437338829 1118.9248573184013 17.424016058444977 82.953467756509781 21.211845636367798
leaf_count=91 2503 96 681 64 124 67 114 119 49 73 98 223 158 37 158 86 293 57 25 177 319 209 41 109 139 85 1880 46 204 56
internal_value=3.29983e-05 -0.000431768 -0.000321704 -0.00619212 -0.00150406 0.000535868 -0.0019799 0.000146183 -0.00128189 0.00054634 0.00299049 -0.0020545 -0.00487134 0.00531888 -0.000561799 0.00361419 0.00461523 0.000492575 -0.00268097 0.00242125 8.23995e-05 -0.000463305 0.00414672 -0.000815484 0.00379795 -0.00110585 -0.000796777 0.00295866 0.00560497 0.00772122
internal_weight=8435.88 4384.03 4301.84 82.1959 1219.68 4051.84 267.421 3082.16 674.612 2407.54 384.086 600.371 207.952 237.876 392.419 183.71 169.695 330.678 124.998 205.679 2023.46 1542.4 109.468 1432.94 84.8474 1348.09 1299.98 181.058 121.589 104.165
internal_count=8381 5697 5537 160 805 2684 181 4732 938 3794 633 889 381 535 508 416 379 417 183 234 3161 2842 250 2592 212 2380 2271 391 306 260
is_linear=0
shrinkage=0.03


Tree=152
num_leaves=31
num_cat=0
split_feature=97 42 93 32 20 56 81 93 69 72 23 87 87 23 87 14 81 95 79 19 81 90 96 48 62 16 92 41 14 71
split_gain=2.55998 2.40665 2.14611 1.9893 2.76902 3.06682 2.40942 3.84646 3.03044 3.06499 2.75248 2.38788 2.20257 2.95543 2.23492 2.17399 2.16861 3.81663 2.0911 2.05243 2.04571 2.0059 2.51623 1.93372 1.89497 1.88198 1.93623 1.96588 1.8162 2.02183
threshold=165.60776869435077 0.28999999999999998 25.835000000000004 10.766428571428573 0.33947678042931656 10.865810810810812 17.515000000000004 19.390000000000004 18.165000000000003 5.9800000000000191 1.6241637822385588 1.0750000000000004 1.3450000000000004 1.637636797790132 0.72500000000000009 85.850000000000009 11.805000000000001 12.775000000000002 0.045037948907811882 -0.81965196008138175 16.98 0.7150000000000003 3.0774999999999868 -1.2249999999999657 0.26855552856118164 -0.99214638768961005 5.6895657439446383 0.56500000000000017 54.425000000000004 16.755000000000006
decision_type=10 2 10 10 10 10 8 10 10 2 2 2 2 2 2 10 8 10 2 10 10 2 2 2 2 2 8 2 8 10
left_child=1 3 25 16 5 15 7 10 11 21 19 -8 14 -14 -12 -5 17 -1 -19 -7 -9 22 -10 -23 -21 -3 27 -27 29 -28
right_child=-2 2 -4 4 -6 6 8 20 9 -11 12 -13 13 -15 -16 -17 -18 18 -20 24 -22 23 -24 -25 -26 26 28 -29 -30 -31
leaf_value=-0.0025477176267298699 0.0096830009661996713 0.0079513430520732186 0.006644953405092309 0.0030456397695193971 -0.0039697218403348432 -0.0038427362172662261 2.3601336018574154e-05 0.0026295300862492679 0.0022144309165377869 -0.0035300364883916382 0.0009529077400184685 -0.003992207668630442 -0.0011191311823700372 0.011129112596221654 -0.0024636698400877545 0.011065312613519266 -0.00053582156988160135 0.0032916994453444245 0.011526202402101232 0.00085689814100756471 0.012176129576441794 0.0071267112213161269 0.010485651152785571 0.00035525562393631425 0.0060367209788268483 0.010475238139697326 -4.7678009385759666e-05 -0.00055972068355427307 -0.00073365236794126632 -0.0039028141269463494
leaf_weight=94.316956490278244 24.242109298706055 20.833062678575516 33.332900285720825 154.5434467792511 106.05922818183899 30.302636623382568 272.72372961044312 36.363163948059082 112.1197555065155 118.18028283119202 554.538250207901 260.60267496109009 33.332900285720825 37.87829577922821 249.99675214290619 37.87829577922821 2865.1142927408218 136.36186480522156 34.848032116889954 93.938173532485962 45.453954935073853 40.908559441566467 46.969086766242981 525.75074541568756 196.58835509419441 25.757241129875183 177.64920720458031 33.332900285720825 1594.6762523055077 393.93427610397339
leaf_count=66 16 31 22 102 70 20 180 24 74 78 366 172 22 25 165 25 3877 90 23 62 30 27 31 347 135 17 118 25 1894 260
internal_value=-5.17817e-05 -7.99959e-05 -0.000911403 0.000231471 0.000789879 0.000967122 0.000702131 0.00164005 -0.000168467 0.000950225 0.00120975 -0.00193867 0.000338868 0.00539589 -0.000108741 0.00462432 -0.000295452 0.0022982 0.00496775 0.00358695 0.0079332 0.00167979 0.00465641 0.000844104 0.00436189 -0.00102354 -0.00110756 0.00425039 -0.00125371 -0.00270463
internal_weight=8388.53 8364.29 2279.52 6084.77 2954.13 2848.07 2655.65 1278.39 1377.25 843.928 1196.58 533.326 875.746 71.2112 804.535 192.422 3130.64 265.527 171.21 320.829 81.8171 725.748 159.089 566.659 290.527 2246.18 2225.35 59.0901 2166.26 571.583
internal_count=8394 8378 2367 6011 1955 1885 1758 849 909 557 795 352 578 47 531 127 4056 179 113 217 54 479 105 374 197 2345 2314 42 2272 378
is_linear=0
shrinkage=0.03


Tree=153
num_leaves=31
num_cat=0
split_feature=42 90 21 80 13 67 27 27 20 67 74 41 93 74 41 72 24 86 68 45 24 24 76 32 68 48 56 57 96 38
split_gain=1.94621 2.4748 1.94139 1.9584 2.39719 1.81818 1.73701 2.56135 2.07874 2.15393 1.94623 1.88345 1.75744 2.7202 2.22972 2.04437 1.84507 1.74075 1.73903 2.00228 1.68793 1.68773 1.75714 1.6481 2.39429 2.11374 2.03463 1.80178 1.76749 1.69094
threshold=-0.34999999999999992 -1.2049999999999998 -0.51354086879587046 10.441186206896553 5.2955000000000005 -0.026180654338549082 1.5850000000000002 0.96500000000000008 -0.15798571900135752 0.17631578947368431 1.0076450042353831 1.1350000000000005 15.810000000000002 0.25850093691282094 0.76500000000000001 -0.37950000000000722 14.912089000000002 0.45026443083029877 11.757095890410961 17.055000000000003 23.343820000000004 13.143897500000003 2.5450000000000004 10.766428571428573 10.457267123287673 0.95650000000000557 17.368243243243246 12.015000000000002 11.243999999999973 0.16846529473777838
decision_type=2 2 8 8 10 2 2 2 10 2 2 2 10 2 2 2 2 2 8 10 2 2 2 10 10 2 10 10 2 2
left_child=1 -1 5 -4 21 -3 7 -2 9 10 23 -9 13 15 18 -10 -15 -13 -14 -20 -6 -5 -23 24 -8 -26 27 -25 29 -29
right_child=6 2 3 4 20 -7 8 11 12 -11 -12 17 14 16 -16 -17 -18 -19 19 -21 -22 22 -24 26 25 -27 -28 28 -30 -31
leaf_value=-0.0046149704418902947 -0.0096514312246582176 0.00029599815871298921 0.0044760929045886584 0.012832581231111594 0.0015945351213027673 0.011092896456582051 -0.00027673082007210526 0.00070279197360501977 -0.00029736495932332731 0.0029359081478251797 -0.0050050312120974395 0.014782129602456685 0.0019321156455443381 0.0076994434290790434 -0.004155843187947943 -0.0091141030229663147 -0.0021703416518431967 -0.0020758617627519254 -0.0022954524897266784 0.0016285274522360512 -0.0024362129555118382 -0.0042857054156071146 0.0019522730897782187 0.0086213704243204101 -0.0038088834056202274 0.0018057041173730913 -0.0053012119359387043 0.00096374583794303864 0.005648986378349167 -0.00080911664391311003
leaf_weight=67.423366487026215 21.211845636367798 23.863326340913773 132.19525226950645 12.121054649353026 137.87699663639069 34.090466201305389 1351.1188104450703 1336.7250580489635 31.817768454551697 192.42174255847931 78.029289305210114 16.287667185068134 245.4513566493988 18.181581974029541 149.99805128574371 92.423041701316833 273.1025125682354 8.3332250714302045 384.84348511695862 168.17963325977325 290.52652862668037 43.560040146112442 606.43151542544365 24.242109298706055 354.54084849357605 72.726327896118164 56.059877753257751 1199.9844102859497 56.059877753257751 811.73187854886055
leaf_count=79 32 18 88 17 91 24 2457 1396 21 277 122 25 162 12 99 61 199 16 254 111 197 70 755 16 234 48 37 792 37 541
internal_value=-5.60529e-05 0.00098705 0.00128198 0.00102769 0.00060966 0.00664711 -0.000258573 0.000693051 -0.000495167 -0.0001645 -0.00031348 0.000854234 -0.0015126 -0.00313953 -0.000799847 -0.00685616 -0.00155428 0.00907635 -0.000169404 -0.00110213 -0.00113896 0.00174106 0.00153423 -0.000220246 -0.000895744 -0.00285321 0.000338996 0.000490137 0.000394809 0.000248392
internal_weight=8291.56 1348.09 1280.67 1222.71 1090.52 57.9538 6943.47 1382.56 5560.91 4196.92 4004.49 1361.35 1364 415.525 948.473 124.241 291.284 24.6209 798.474 553.023 428.404 662.113 649.992 3926.46 1778.39 427.267 2148.08 2092.02 2067.78 2011.72
internal_count=8288 1339 1260 1218 1130 42 6949 1469 5480 4561 4284 1437 919 293 626 82 211 41 527 365 288 842 825 4162 2739 282 1423 1386 1370 1333
is_linear=0
shrinkage=0.03


Tree=154
num_leaves=31
num_cat=0
split_feature=67 99 61 76 92 42 64 106 86 30 72 45 75 97 87 63 20 42 73 73 106 92 21 53 16 12 105 76 54 20
split_gain=2.18761 3.23076 3.152 3.28649 2.82385 2.78737 2.83357 3.06786 2.50959 2.48471 2.47961 2.27966 2.27815 2.21142 2.00824 2.61785 2.1022 1.97521 1.96905 1.94676 1.91594 1.93531 1.90518 2.02102 2.60534 2.26976 2.05077 2.04799 1.88988 2.05754
threshold=0.081297245813613916 1.2165016145811387 1.8460810810810815 2.5350000000000006 14.093901384083045 0.29999999999999999 2.6650000000000005 114.50000000000001 0.49047453768221277 -0.070000000000000159 -0.69950000000005719 17.925000000000004 1.5850000000000002 135.38454751213598 1.3650000000000004 1.0150000000000003 -0.55875873526933095 -0.23500000000000007 1.4646859099804306 1.1896575342465756 62.500000000000007 9.497975760524799 0.99914822025948002 0.5800000000000004 0.73218619534538665 84.15000000000002 124.50000000000001 1.925 1.4450000000000005 -0.028270565047931431
decision_type=2 2 2 2 10 2 2 2 2 2 2 10 2 10 2 2 10 2 2 2 2 10 10 2 2 10 2 2 2 10
left_child=1 2 12 10 14 6 7 20 -7 -9 -4 -8 22 28 15 17 -16 19 -17 -2 21 -5 23 26 -25 -26 27 -1 29 -3
right_child=4 13 3 5 -6 8 11 9 -10 -11 -12 -13 -14 -15 16 18 -18 -19 -20 -21 -22 -23 -24 24 25 -27 -28 -29 -30 -31
leaf_value=-0.0021290741970824349 0.0012661452318300358 -0.00087788215146766206 0.002051877281966155 0.0003394221656208729 -0.010376454718534376 -0.0064182459349598747 -0.00043962285627915004 0.015250944470214143 -0.00083195648951607374 0.0032919428932998915 -0.0040328055872054774 0.0027747507312830084 0.0088725381051107024 0.0045580971111923337 -0.00080511147468948299 -0.0049969418607125138 0.0077939480925863901 0.0013336862558949319 -5.6989127345968913e-05 0.010050028550434712 -8.3993612327853807e-05 0.0066141559593246293 -0.0031995545402848714 0.0025540211041308451 0.018116234585568013 0.0042023663030719407 -0.0025223049137937433 0.0022764567801875175 -0.0088008070263355647 -0.0034662872570443972
leaf_weight=114.77123621106148 42.423691272735596 1319.6798249483109 74.241459727287292 78.408072263002396 19.696713805198669 104.54409635066986 2065.5034688413143 27.651155918836594 235.22421678900719 35.9843809902668 320.45038229227066 219.69411551952362 36.363163948059082 54.923528879880905 38.635861694812775 82.953467756509781 75.756591558456421 887.86725306510925 582.94697204232216 48.863001555204391 281.4357376396656 101.5138326883316 80.680770009756088 223.86072805523872 19.696713805198669 22.726977467536926 136.36186480522156 550.3716376721859 31.817768454551697 349.61667004227638
leaf_count=108 58 1495 49 123 13 99 2168 22 225 26 273 145 33 37 45 81 50 1030 570 66 275 67 54 222 31 15 129 493 51 236
internal_value=-1.22572e-05 -0.000267896 0.000140105 -0.000307659 0.000919625 1.5694e-05 0.000326 0.00231349 -0.00255081 0.00848841 -0.00288828 -0.0001306 0.00147968 -0.00136675 0.00104608 0.000778813 0.00488963 0.00176573 -0.000672376 0.00596789 0.00146178 0.00387969 0.0012456 0.00158147 0.00384582 0.0106624 0.000829184 0.00151628 -0.00155805 -0.00142
internal_weight=8264.67 6485.52 4729.48 3544.65 1779.14 3149.96 2810.19 524.993 339.768 63.6355 394.692 2285.2 1184.83 1756.04 1759.45 1645.05 114.392 979.154 665.9 91.2867 461.358 179.922 1148.47 1067.79 266.284 42.4237 801.505 665.143 1701.11 1669.3
internal_count=8289 6376 4557 3472 1913 3150 2826 513 324 48 322 2313 1085 1819 1900 1805 95 1154 651 124 465 190 1052 998 268 46 730 601 1782 1731
is_linear=0
shrinkage=0.03


Tree=155
num_leaves=31
num_cat=0
split_feature=42 93 83 10 95 72 70 72 26 63 17 88 85 90 16 18 67 21 47 15 40 85 76 82 76 81 85 70 86 89
split_gain=1.96865 3.41853 2.39698 2.19736 3.23988 2.83226 2.03935 1.96709 1.95266 2.55079 1.94414 2.44187 2.17657 1.73681 1.70243 1.80226 1.67468 1.61988 3.1005 2.00095 1.671 1.67262 2.77463 2.72614 3.11598 2.32355 2.30925 2.708 3.09634 3.5879
threshold=0.21999999999999989 25.835000000000004 10.390000000000002 7.4665000000000008 12.890000000000002 -0.45900000000000313 1.2949627913913921 8.0270000000000454 0.21116737540941449 0.46500000000000002 -0.032282979058982857 2.2050000000000005 0.83131441570881237 0.050000000000000162 -0.4523568818509261 -0.48725011830408854 -0.090544096728307252 -0.48511470585764821 12.260000000000002 1027.3425000000002 1.5450000000000002 2.4367931034482759 3.5150000000000001 2.9284861064990304 3.1950000000000007 21.665000000000003 2.3047241379310353 2.0944824444823502 0.57904939372476949 1.3550000000000002
decision_type=2 10 8 8 8 2 8 2 2 2 2 2 2 2 2 8 2 8 10 10 2 2 2 8 2 10 2 10 2 2
left_child=2 3 -1 -2 5 -5 -6 16 9 14 -10 12 -12 -13 -8 -16 -4 18 -18 -20 -19 26 23 24 -23 -24 27 -22 29 -29
right_child=1 -3 7 4 6 -7 8 -9 10 -11 11 13 -14 -15 15 -17 17 20 19 -21 21 22 25 -25 -26 -27 -28 28 -30 -31
leaf_value=0.015711915729591394 -0.004795575267619462 0.0088844158468076861 -0.001446726724950359 -0.0043776391133797856 -0.0024437515439536162 0.0071354542204230282 0.0098383284107272824 -0.0055405185104851241 -0.0086076298512964781 -0.00023075218429670529 -0.0014301874783024353 -0.0095156822276315205 0.014083342362790638 -0.0017020560240015715 0.0076497342231653595 -0.0028647361714559043 -0.0038758828108036159 0.0064527053015560939 0.0065065031322693962 -0.0012783809238616326 0.00056201199240499646 -0.0042550499221628291 -0.00034669678600604558 0.0085035120739589271 0.0044605131521778824 0.0044140943341335684 -0.0027985688360682051 -0.0070467936741754828 -0.0048400858092519433 0.0017061032961645647
leaf_weight=9.0907909870147687 117.42271691560745 33.332900285720825 431.05500596761703 24.999675214290619 543.9323273897171 83.332250714302063 37.120729863643646 51.514482259750366 40.529776483774185 1487.1018922924995 16.666450142860413 28.78750479221344 15.908884227275847 231.43638721108437 25.757241129875183 34.090466201305389 46.590303808450699 40.529776483774185 137.87699663639069 37.87829577922821 3202.6099081337452 51.514482259750366 556.43216499686241 84.847382545471191 130.30133748054504 110.60462367534637 238.25448045134544 51.514482259750366 189.39147889614105 231.81517016887665
leaf_count=6 79 22 409 18 359 64 59 34 80 1712 26 31 24 260 17 69 39 41 91 25 3433 34 578 146 86 73 200 34 125 153
internal_value=-1.79123e-06 -0.000663905 0.000319752 -0.00078235 -0.000598963 0.00447859 -0.000822444 0.000294732 -0.000362508 7.66568e-05 -0.00244954 -0.00159712 0.00614619 -0.00256645 0.00479106 0.00166048 0.00034898 0.000500453 0.00300476 0.00482873 0.000386532 0.000335811 0.00147673 0.00406323 0.0019911 0.000442713 6.36121e-05 0.000249154 -0.00187041 0.000114667
internal_weight=8322.24 2720.42 5601.82 2687.09 2569.66 108.332 2461.33 5592.73 1917.4 1584.07 333.329 292.799 32.5753 260.224 96.9684 59.8477 5541.22 5110.16 222.346 175.755 4887.82 4847.29 933.7 266.663 181.816 667.037 3913.59 3675.33 472.721 283.33
internal_count=8327 2820 5507 2798 2719 82 2637 5501 2278 1857 421 341 50 291 145 86 5467 5058 155 116 4903 4862 917 266 120 651 3945 3745 312 187
is_linear=0
shrinkage=0.03


Tree=156
num_leaves=31
num_cat=0
split_feature=91 79 58 84 74 63 65 58 13 19 102 15 62 18 75 90 64 15 75 106 16 63 71 94 39 89 17 75 13 83
split_gain=2.29 3.55344 3.07956 2.72176 2.93247 2.63607 2.66373 2.59085 2.97728 2.67311 2.93993 2.90614 3.98361 2.94114 2.43274 2.32156 2.30335 2.29798 3.25451 3.95936 3.59067 3.05903 2.81752 2.54491 2.53402 2.59006 2.58024 2.36938 2.35326 2.65063
threshold=0.01315292867264997 0.069487226952980402 1.671006152344314 3.8125000000000573 0.77379027549447044 0.19500000000000003 3.3100000000000009 2.1963283992607594 -3.0234999999999994 0.74797185471333394 70.500000000000014 1018.7005000000001 0.1438634651952824 -0.10799935570602261 2.3350000000000004 -0.15999999999999978 2.4450000000000007 1025.1350000000002 1.8550000000000002 30.500000000000004 -0.74565044637343025 1.905 21.710000000000004 2.6601596086897903 2.9650000000000003 3.9650000000000003 -0.95909189535710848 0.67500000000000016 5.0235000000000012 13.595000000000001
decision_type=2 2 10 2 2 2 2 10 8 8 2 8 2 10 2 2 2 8 2 2 2 2 10 10 2 2 2 2 10 10
left_child=1 7 5 4 -3 -2 14 8 -1 -10 -11 16 15 -14 17 -13 -12 18 19 20 -7 -21 28 -20 26 27 -19 -26 -22 -30
right_child=2 3 -4 -5 -6 6 -8 -9 9 10 11 12 13 -15 -16 -17 -18 24 23 21 22 -23 -24 -25 25 -27 -28 -29 29 -31
leaf_value=-0.0092272703351582424 0.01168102444260344 0.0013986554021506103 -0.0022336664412235929 0.013331156159736247 0.014879634462639837 0.0082822417223569304 -0.0074245239886697942 0.0030316816842554471 -0.00063572647631459647 -0.008836522808465648 0.0024212575155103102 0.0034266980635312581 0.00084272885093261793 -0.0035216231419587397 0.002479252725916265 0.014951796751834156 0.008449188441130526 0.0043376723699363861 -0.005910757160463377 0.0034837699938874227 0.005609045425121752 0.00018598759600169183 -0.0088149114196843098 3.6698928147583028e-05 0.013890746745903883 -0.011174464436701228 -0.0020356667741833622 0.0021946870323903546 0.0019955140544661264 -0.0018412337454821641
leaf_weight=30.302636623382568 17.045233100652695 112.87732142210007 710.59682881832123 28.78750479221344 16.666450142860413 39.393427610397339 44.696389019489288 304.16271510720253 1581.7976317405701 26.136024087667465 231.05760425329208 42.423691272735596 921.95771926641464 163.63423776626587 312.87472313642502 24.999675214290619 75.756591558456421 60.226490288972855 127.27107381820679 566.65930485725403 51.514482259750366 457.56981301307678 39.393427610397339 131.81646931171417 18.560364931821823 10.984705775976179 1126.500516474247 97.347220152616501 209.08819270133972 720.44518572092056
leaf_count=20 30 118 469 19 20 26 64 203 1050 51 154 52 1564 108 322 36 50 159 84 377 34 311 26 87 49 23 2050 146 144 477
internal_value=1.90276e-05 0.00059401 -0.000412703 0.00498725 0.00313305 -9.17285e-05 -0.000141717 0.000389559 0.00013016 0.000222591 0.00113626 0.00131481 0.000624333 0.000184878 -5.97156e-05 0.00770005 0.00390964 -0.000276951 0.000286143 0.000680357 -0.0006051 0.0020105 -0.00094819 -0.00288486 -0.00128136 0.00274812 -0.00171222 0.00406759 -0.000632306 -0.0009782
internal_weight=8302.54 3560.56 4741.98 158.331 129.544 4031.39 4014.34 3402.23 3098.07 3067.76 1485.97 1459.83 1153.02 1085.59 3969.65 67.4234 306.814 3656.77 2343.15 2084.06 1059.83 1024.23 1020.44 259.088 1313.62 126.892 1186.73 115.908 981.048 929.533
internal_count=8323 3445 4878 157 138 4409 4379 3288 3085 3065 2015 1964 1760 1672 4315 88 204 3993 1566 1395 707 688 681 171 2427 218 2209 195 655 621
is_linear=0
shrinkage=0.03


Tree=157
num_leaves=31
num_cat=0
split_feature=98 21 92 42 88 88 95 72 99 67 12 90 96 33 82 25 16 88 76 71 1 77 87 62 89 69 24 33 67 79
split_gain=1.98629 2.98127 2.60166 2.23347 2.16629 2.87072 1.97067 4.13277 1.83839 2.49781 1.82228 2.11067 1.77132 1.73079 1.64787 1.55546 2.18096 2.00772 1.99181 2.8348 3.12244 3.95367 2.88751 2.91505 3.2159 2.89678 2.54269 2.53921 2.53921 2.46219
threshold=72.211288757325107 -0.36024104107293126 12.10167993079585 0.28999999999999998 2.5350000000000006 2.8850000000000002 12.890000000000002 0.13799999999997684 1.9147514637352678 0.050600995732574656 41.730000000000011 0.57000000000000006 2.5080000000000386 11.285000000000002 1.4422603244844592 1.5462500000000003 -0.99214638768961005 3.7350000000000008 1.925 17.570000000000004 1.0000000180025095e-35 1.0350000000000004 1.5850000000000002 0.26762917324269969 1.2750000000000001 15.495000000000003 22.103416499999998 12.195000000000002 -0.020743243243243292 -0.0098283043317289997
decision_type=8 8 10 2 2 2 8 2 2 2 10 2 2 8 10 2 2 2 2 8 2 2 2 2 2 8 2 10 2 2
left_child=8 2 4 12 13 -6 7 -3 9 10 11 -1 -4 -2 -11 -8 17 -17 -18 27 22 -22 23 -21 -25 -26 -27 -20 -24 -23
right_child=1 6 3 -5 5 -7 15 -9 -10 14 -12 -13 -14 -15 -16 16 18 -19 19 20 21 29 28 24 25 26 -28 -29 -30 -31
leaf_value=0.0067859441236782789 -0.0059604060180169756 -0.0022826999850786489 0.0043882867385345442 -0.0073743745051679903 0.011252500876693097 0.003601731338177577 0.0015574941438878411 0.0095309031071072591 -0.0079194776420511287 0.0051514588295322088 -0.0025260875619128446 -0.0021643613548451147 -0.0019837969387847647 0.0026866244397185969 -0.00063871904044929381 0.013503732873416965 -0.0020876836239698132 -0.00086147547897407384 -0.0001508715256267438 -0.0029837895840864543 0.0081195480551335669 -0.0019462798581621353 -0.0013243175421191378 0.013780849620639283 -0.0055110510154348534 0.0025835551877825915 -0.0009717200470792471 0.002104371531356499 0.0037782242911362537 0.0012816178972372535
leaf_weight=43.938823103904724 30.302636623382568 49.620567470788956 74.241459727287292 34.848032116889954 56.059877753257751 207.57306087017059 509.46307823061943 57.57500958442688 36.363163948059082 84.847382545471191 564.76539006829262 51.514482259750366 83.332250714302063 66.66580057144165 92.423041701316833 20.075496762990952 469.31208470463753 15.530101269483565 934.83633983135223 728.77841079235077 63.256753951311111 292.42044341564178 158.33127635717392 13.636186480522154 112.1197555065155 206.81549495458603 1453.0114260911942 865.14027559757233 196.96713805198669 779.91411009430885
leaf_count=29 20 44 49 23 37 155 601 38 24 56 375 34 55 44 61 32 522 26 617 766 116 508 148 9 74 324 1583 571 163 1255
internal_value=3.75162e-05 0.000195632 0.00231531 -0.000501523 0.00381842 0.00522862 2.6401e-05 0.00406242 -0.0013159 -0.00102917 -0.00187813 0.00195562 0.00101843 -1.55726e-05 0.00213265 -3.704e-05 -0.000165778 0.00723806 -0.000207792 -5.5816e-05 -0.000500233 0.000831317 -0.00102716 -0.00138489 -0.000732299 -0.000843986 -0.00052873 0.000933088 0.00150438 0.000401386
internal_weight=8353.68 7479.83 553.023 192.422 360.601 263.633 6926.8 107.196 873.852 837.489 660.219 95.4533 157.574 96.9684 177.27 6819.61 6310.15 35.6056 6274.54 5805.23 4005.25 1135.59 2869.66 2514.36 1785.58 1771.95 1659.83 1799.98 355.298 1072.33
internal_count=8359 7780 383 127 256 192 7397 82 579 555 438 63 104 64 117 7315 6714 58 6656 6134 4946 1879 3067 2756 1990 1981 1907 1188 311 1763
is_linear=0
shrinkage=0.03


Tree=158
num_leaves=31
num_cat=0
split_feature=30 26 98 61 62 29 44 92 99 92 62 32 61 76 62 45 98 71 95 36 66 71 53 96 88 20 18 95 81 90
split_gain=2.48366 2.05296 2.07341 2.3442 1.78983 1.7889 1.77512 1.76726 1.76358 2.4536 2.45172 3.43777 2.39837 3.96904 2.3711 2.34488 2.97501 2.20328 4.31277 2.29951 2.61833 2.61386 2.08333 2.28098 1.86924 1.85408 1.82701 1.71846 1.86938 2.1407
threshold=-0.36999999999999994 0.1632993161855453 85.426161184727505 1.0404054054054057 0.51816449518228291 0.37500000000000006 16.492368421052635 5.5032871972318347 1.2165016145811387 12.396730103806229 0.28008913745940173 15.985714285714289 1.8890540540540544 2.5350000000000006 0.44507169460284263 16.725000000000005 169.437137331466 18.635000000000002 19.000000000000004 0.56099999999997874 0.82000000000000028 18.275000000000002 0.5800000000000004 -6.9990000000000228 2.5250000000000004 -0.12775704858859274 0.92337772179252386 16.180000000000003 17.385000000000002 2.0650000000000008
decision_type=2 2 8 2 2 2 10 8 2 10 2 10 2 2 2 10 10 8 8 2 2 10 2 2 2 10 10 8 8 2
left_child=-1 4 -3 -4 5 7 -6 -2 12 10 11 15 22 24 27 16 25 19 -19 21 -21 26 23 -9 -14 -10 -12 -15 29 -29
right_child=1 2 3 -5 6 -7 -8 8 9 -11 17 -13 13 14 -16 -17 -18 18 -20 20 -22 -23 -24 -25 -26 -27 -28 28 -30 -31
leaf_value=0.002237167253674943 0.0066145679545463526 -0.0042292413092077322 0.0039924181001899555 -0.0011739026424680877 0.0023091505397872308 0.0071766285089092004 -0.0019364665628449343 0.0061815003483941689 -0.0012015081832227915 -0.0066322430629980628 -0.00044626128724521279 0.0093412900935073203 -0.0024059036948520253 -0.0037903653171971158 -0.0028248770192278306 -0.0077299989554490836 0.0060515141326167405 -0.0093151911260006721 -0.00020928801858402139 0.013299267976042511 0.0017531830219838294 0.0087424787912633115 0.0034099475508186103 0.00024134186662710486 -0.0085195779991595437 -0.0044703466531710763 0.0051333821948495919 0.0021568095428797585 -7.4534560531479971e-05 -0.0050242441299798738
leaf_weight=435.22161850333214 35.226815074682236 178.78555607795715 86.741297334432602 890.89751672744751 539.38693189620972 30.68141958117485 106.05922818183899 62.120405077934265 564.38660711050034 63.635536909103394 410.97950920462608 24.242109298706055 234.8454338312149 83.332250714302063 221.20924735069275 62.120405077934265 42.423691272735596 51.893265217542648 478.02409273386002 30.302636623382568 42.423691272735596 35.226815074682236 318.93525046110153 917.03354081511497 55.681094795465469 215.9062859416008 60.605273246765137 724.23301529884338 1335.5887091755867 39.393427610397339
leaf_count=462 27 118 133 954 644 30 70 41 692 42 272 16 176 58 194 41 28 35 734 20 28 24 308 828 57 144 40 478 1672 26
internal_value=3.05479e-05 -9.037e-05 -0.00125875 -0.000715519 0.00010874 -4.92222e-05 0.00161151 -8.55082e-05 -0.000124363 -0.000832177 -0.000649326 -0.00180436 0.000244789 -0.000265592 0.000134712 -0.00210972 -0.00168535 0.000297096 -0.001101 0.00157549 0.00656405 0.00085964 0.00130412 0.000618203 -0.00357762 -0.00210599 0.000270801 0.000434677 0.000602398 0.00178636
internal_weight=8377.54 7942.32 1156.42 977.639 6785.9 6140.45 645.446 6109.77 6074.54 2082.17 2018.53 909.079 3992.37 2694.28 2403.76 884.837 822.717 1109.46 529.917 579.538 72.7263 506.812 1298.09 979.154 290.527 780.293 471.585 2182.55 2099.22 763.626
internal_count=8392 7930 1205 1087 6725 6011 714 5981 5954 2116 2074 921 3838 2661 2428 905 864 1153 769 384 48 336 1177 869 233 836 312 2234 2176 504
is_linear=0
shrinkage=0.03


Tree=159
num_leaves=31
num_cat=0
split_feature=14 43 16 97 72 94 51 85 65 88 73 23 82 65 24 72 88 67 20 89 14 95 61 103 39 73 84 20 31 31
split_gain=1.99876 2.53261 2.36808 2.32196 2.28353 3.47801 3.41194 2.95686 2.89097 2.04065 1.99575 1.90738 1.86174 2.63215 2.75117 2.33707 1.98387 1.95383 1.85819 2.45989 1.82661 2.19834 3.43323 2.75032 2.46101 2.29343 2.28984 2.18376 2.00074 2.36023
threshold=72.385000000000005 -0.21972727272727244 -0.97872343101613135 39.654278602823929 -0.15299999999984945 4.5283028815878996 1.4150000000000003 2.5410000000000004 1.0050000000000006 1.6650000000000003 2.5708904109589046 1.6237371025466547 2.4955909456075478 0.70500000000000029 24.534445500000004 -1.6920000000000071 2.3150000000000004 0.065693456614509274 -0.21251877399328387 3.9650000000000003 54.425000000000004 22.100000000000005 3.3479729729729728 141.50000000000003 1.3250000000000004 3.57054794520548 0.30500000000000688 -0.45437922971796701 0.33300000000000024 0.73500000000000065
decision_type=10 2 2 8 2 10 2 2 2 2 2 2 10 2 2 2 2 2 10 2 10 10 2 2 2 2 2 10 2 2
left_child=3 -2 -3 11 5 9 -6 8 -8 -4 -10 -1 13 14 16 -14 -11 -17 19 20 21 22 23 -5 27 -24 -23 28 -25 -30
right_child=1 2 4 18 6 -7 7 -9 10 12 -12 -13 15 -15 -16 17 -18 -19 -20 -21 -22 26 25 24 -26 -27 -28 -29 29 -31
leaf_value=-0.0038322778579613953 0.0059588281045964541 0.017317036231828755 -0.0052339493876514889 -0.007473419028556123 0.0048346754753915413 -0.0078707787330807247 -0.002577838490634175 0.0037730532279061893 0.0028141505888421773 0.0016463947118095696 -0.002088619634526106 -0.00059469747010562309 0.0042754063468816708 -0.0016750381302330563 -0.0023503327924723444 0.001841941762895274 0.0088363522814362949 -0.0071581854770775104 -0.0010432154890240631 -0.0050874689636722127 0.0013473738791907612 0.00040452594282457089 0.0081263350519662006 0.0018002275726941134 -0.00021578268733747792 -0.0017209030334751625 -0.0048109276181334242 -0.0082038551929460683 0.010629547294913074 -0.002219244853428498
leaf_weight=279.16303989291191 81.438335925340652 7.5756591558456412 64.393102824687958 43.560040146112442 220.0728984773159 53.787180006504059 289.39017975330353 207.57306087017059 264.39050453901291 80.301987051963806 104.16531339287758 396.20697385072708 187.87634706497192 520.44778400659561 75.756591558456421 57.57500958442688 60.605273246765137 34.848032116889954 1319.6798249483109 76.135374516248703 1176.4998669028282 137.87699663639069 78.786855220794678 176.89164128899574 2054.5187630653381 29.166287750005722 168.17963325977325 15.151318311691282 56.438660711050034 16.666450142860413
leaf_count=185 56 5 44 88 146 37 191 140 179 53 80 263 124 348 50 38 40 23 871 135 787 91 130 380 3471 77 111 10 128 44
internal_value=1.22505e-05 0.000762484 0.000572611 -0.000275419 0.000515502 -0.000424988 0.00149931 0.000651235 -0.000333657 -5.47845e-05 0.00142848 -0.00193295 0.000273011 -0.000518354 0.00226011 0.00235409 0.00473885 -0.00155155 -6.616e-05 0.000253801 0.000356655 -6.30356e-05 0.000234002 -4.99129e-06 0.000135255 0.00546585 -0.00246139 0.0028553 0.00352555 0.00770029
internal_weight=8335.12 2310.2 2228.76 6024.92 2221.18 1135.59 1085.59 865.519 657.946 1081.8 368.556 675.37 1017.41 737.112 216.664 280.299 140.907 92.423 5349.55 4029.87 3953.74 2777.24 2471.18 2363.23 2319.67 107.953 306.057 265.148 249.997 73.1051
internal_count=8325 1554 1498 6771 1493 757 736 590 450 720 259 448 676 491 143 185 93 61 6323 5452 5317 4530 4328 4121 4033 207 202 562 552 172
is_linear=0
shrinkage=0.03


Tree=160
num_leaves=31
num_cat=0
split_feature=90 16 7 17 99 49 105 17 12 28 58 63 63 90 57 75 63 76 52 27 89 94 91 79 75 62 63 89 32 87
split_gain=1.77781 2.27301 2.08538 2.56555 2.57042 2.41426 2.50161 2.23879 3.02304 2.80043 2.38862 2.46186 3.06864 2.32051 2.72368 2.84694 2.95335 2.20661 2.14975 2.10798 3.14867 2.34253 2.32457 4.69245 3.36929 3.05792 2.793 3.62837 2.39332 2.79037
threshold=2.7350000000000008 -0.85227513186527171 9.5150000000000023 -0.032282979058982857 2.3802534419637489 2.1160526315789481 24.500000000000004 0.71337275916904386 247.65000000000001 3.9250000000000003 2.3927016508016092 0.7350000000000001 1.0150000000000003 0.18000000000000008 11.105000000000002 0.30500000000000005 0.54500000000000015 2.1450000000000005 3.0550000000000002 1.5850000000000002 1.1650000000000003 1.3530720315967908 0.012896020443059656 0.048205294335431317 2.3350000000000004 0.30859290199543238 2.3750000000000004 2.2050000000000005 12.904285714285715 0.26500000000000007
decision_type=2 2 2 2 2 2 2 2 10 2 8 2 2 2 8 2 2 2 2 2 2 8 2 2 2 2 2 2 10 2
left_child=2 -2 3 4 5 6 -1 8 9 13 11 -10 -13 -5 -15 -16 -17 -4 -18 21 -21 -9 23 -22 26 -26 27 28 29 -24
right_child=1 -3 17 7 -6 -7 -8 19 10 -11 -12 12 -14 14 15 16 18 -19 -20 20 22 -23 24 -25 25 -27 -28 -29 -30 -31
leaf_value=-0.0026205856080193397 0.0036844625494466534 -0.0039745803171747631 0.0077911937146703768 0.00047325539376384044 -0.00989173288411372 -0.0034672530710698909 0.00065897638256960363 0.0085591853541553947 0.0079355084115314521 -0.0084324922469174168 -0.0072988806150594788 -0.0091041635867056461 0.00040914589603269235 -0.0025467779404178721 -0.0074891214668290256 0.016221059158518635 0.0058407322131316759 0.0013323249910293321 0.0017688990507875523 -0.0039154513903777825 6.2488784286731725e-05 0.001001409377072918 0.0054263268434105076 0.0044561314624517673 0.0069867772973608759 8.4240463662234536e-05 -0.0036904316451344997 0.00026968649451810484 0.00030105649774852389 -0.0040188432743466203
leaf_weight=297.34462186694145 42.802474230527878 188.25513002276421 56.438660711050034 326.88969257473946 29.923853665590286 278.78425693511963 707.18778219819069 38.635861694812775 30.68141958117485 21.59062859416008 48.484218597412109 36.363163948059082 189.77026185393333 57.953792542219162 17.802799016237259 19.317930847406387 301.13245144486427 304.16271510720253 190.5278277695179 204.54279720783234 1218.1659922599792 826.12563094496727 29.923853665590286 266.6632022857666 93.938173532485962 149.99805128574371 295.45070707798004 1474.9808376431465 218.17898368835449 474.99382907152176
leaf_count=359 56 212 53 386 58 286 745 27 21 30 32 24 126 42 47 39 423 260 188 135 1110 789 79 245 107 123 276 1512 144 504
internal_value=3.94438e-05 -0.00255577 0.000112518 9.9869e-06 -0.00119994 -0.000997269 -0.000311784 0.000253235 0.00140032 0.00224647 -0.00119169 -3.87042e-05 -0.00112063 0.00249883 0.00362735 0.00430403 0.00471491 0.00234322 0.00426282 -1.56758e-05 -0.00028032 0.00133908 -0.000104222 0.000851551 -0.000622643 0.00274236 -0.000951833 -0.000583729 -0.00232454 -0.00345908
internal_weight=8437.01 231.058 8205.95 7845.35 1313.24 1283.32 1004.53 6532.11 1240.51 935.215 305.299 256.815 226.133 913.624 586.735 528.781 510.978 360.601 491.66 5291.6 4426.84 864.761 4222.29 1484.83 2737.46 243.936 2493.53 2198.08 723.097 504.918
internal_count=8438 268 8170 7857 1448 1390 1104 6409 1358 1155 203 171 150 1125 739 697 650 313 611 5051 4235 816 4100 1355 2745 230 2515 2239 727 583
is_linear=0
shrinkage=0.03


Tree=161
num_leaves=31
num_cat=0
split_feature=30 41 92 85 97 85 64 101 74 13 92 106 72 77 87 33 39 91 58 63 16 91 70 85 16 37 56 63 79 77
split_gain=1.77368 1.84003 1.78595 1.80085 2.56475 2.11098 2.07856 1.77611 2.14792 1.57179 1.86181 2.44593 1.57108 1.78275 1.54097 1.52824 1.42439 1.52453 1.4195 1.35443 2.6408 2.28675 1.85693 2.53381 1.48756 1.85936 1.48091 1.4682 1.43339 1.38296
threshold=-0.090000000000000177 2.0950000000000002 16.449688581314884 2.4367931034482759 21.069283739820822 2.3047241379310353 3.0750000000000006 18.500000000000004 0.506288649113113 10.345000000000001 14.093901384083045 123.50000000000001 2.6005000000000114 1.6450000000000005 1.3650000000000004 20.945000000000004 3.2850000000000006 0.02240574685506733 0.62368719028333053 0.87500000000000011 -0.598674154253094 0.0056836324988190842 2.0944824444823502 2.1087241379310346 0.85671750581649586 1.5595000000000003 12.988229729729731 2.1050000000000004 0.052132080710847829 1.0150000000000003
decision_type=2 2 10 2 8 2 2 2 2 10 8 2 2 2 2 10 2 2 8 2 2 2 8 2 2 2 10 2 2 2
left_child=2 7 3 5 -5 19 -7 8 -2 10 11 14 13 16 -6 -9 17 -12 -11 20 21 -1 -21 24 29 -26 27 -25 -22 -24
right_child=1 -3 -4 4 9 6 -8 15 -10 18 12 -13 -14 -15 -16 -17 -18 -19 -20 22 28 -23 23 26 25 -27 -28 -29 -30 -31
leaf_value=0.0011259551968839593 0.0012689725238983424 -0.0077480483622340167 -0.0080490549016556112 0.013074340029668431 0.0045211107479569959 -0.0077362857511467063 -0.00050495373260268602 -0.00032841972664988961 0.011802969806845432 0.0045573484438772884 0.0054357170160030761 0.0092768127823044354 -0.0051564531028579653 -0.00015975651189898923 -0.0025085441790395533 -0.0083959837749139222 0.00048599174292784865 0.017321245630901917 -0.003053436827236659 0.00097267078717327559 -0.002533884884487058 0.014980202188088803 0.002910168195579431 0.0051744006007557212 0.048402439856278366 0.001194563109832282 -0.0014334665869699297 0.019714796850594886 0.0032208026533638977 -0.0033268698879173526
leaf_weight=18.181581974029541 74.620242685079575 29.923853665590286 21.211845636367798 18.560364931821823 89.392778038978577 56.059877753257751 98.862351983785629 5639.320675611496 22.726977467536926 28.78750479221344 43.560040146112442 69.696064233779907 33.332900285720825 158.33127635717392 40.908559441566467 21.211845636367798 36.741946905851364 12.499837607145308 94.316956490278244 1020.8200712502003 62.499188035726547 26.136024087667465 35.226815074682236 29.166287750005722 0.75756591558456321 85.226165503263474 22.726977467536926 7.9544421136379233 103.40774747729301 348.85910412669182
leaf_count=18 71 58 14 13 59 43 81 5600 36 19 76 46 22 193 27 14 43 24 63 679 78 36 45 56 2 108 15 21 129 648
internal_value=-3.71619e-05 -0.000328116 0.000619818 0.000692156 0.00208892 0.000235679 -0.00312167 -0.000289555 0.00372827 0.00175333 0.00252251 0.00474052 0.000963121 0.00177537 0.00231413 -0.000358651 0.00507694 0.00808587 -0.00127368 0.000531045 0.00279075 0.00929641 0.000224709 -0.00121615 -0.00195634 0.00161049 0.00459767 0.0082902 0.00105294 -0.00275483
internal_weight=8351.03 5787.8 2563.22 2542.01 626.128 1915.88 154.922 5757.88 97.3472 607.568 484.463 199.997 284.466 251.133 130.301 5660.53 92.8018 56.0599 123.104 1760.96 210.225 44.3176 1550.74 529.917 470.07 85.9837 59.8477 37.1207 165.907 384.086
internal_count=8337 5779 2558 2544 585 1959 124 5721 107 572 490 132 358 336 86 5614 143 100 82 1835 261 54 1574 895 803 110 92 77 207 693
is_linear=0
shrinkage=0.03


Tree=162
num_leaves=31
num_cat=0
split_feature=30 26 17 92 105 75 13 39 16 67 101 94 75 90 78 58 100 82 76 99 77 67 54 94 48 32 12 12 82 51
split_gain=1.95771 1.74038 2.51585 1.94256 2.8226 3.96382 3.7527 3.2789 3.5933 2.61086 3.53958 2.429 2.40084 2.33938 3.04101 2.95785 2.20488 2.12113 3.11436 2.94258 2.05641 2.02789 2.30227 1.8053 2.10123 1.64874 1.62024 1.86306 1.86907 1.65448
threshold=-0.36999999999999994 0.21329752281246472 -0.33602697599732417 11.692415224913498 91.500000000000014 0.89500000000000013 -2.3869999999999991 1.5350000000000004 -0.74565044637343025 0.080241820768136546 18.500000000000004 1.858342369619483 1.3450000000000004 0.45000000000000012 1.1850000000000003 1.4344919501783269 0.69968122091058715 2.2060778366089866 1.5450000000000002 0.94587979794728394 0.7350000000000001 0.0032823613086770871 -0.41499999999999998 2.2238388719948134 0.012000000000000456 11.040714285714289 19.870000000000005 338.09000000000009 1.1204787699034708 0.97500000000000009
decision_type=2 2 2 10 2 2 8 2 2 2 2 10 2 2 2 10 2 8 2 2 2 2 2 8 2 8 10 10 10 2
left_child=-1 3 -3 4 6 16 -2 8 -7 17 -11 -10 -13 14 21 -15 -6 19 -19 -8 -20 22 -9 24 -22 -4 -21 28 -28 -30
right_child=1 2 25 -5 5 7 9 13 11 10 -12 12 -14 15 -16 -17 -18 18 20 26 23 -23 -24 -25 -26 -27 27 -29 29 -31
leaf_value=0.0019733205553414254 0.0099070126828541966 -0.0076760097153138291 -0.0063526978766459711 -0.00079321470491030264 0.0025640273697170911 0.013883569258839228 0.0036883747932977152 0.0013903562881099815 0.00027226412454699087 0.01398854169930413 0.00078103569328149972 0.0024725502872666926 0.010598056625160397 0.0028358674247870876 0.011012574014462959 -0.0022181908697895209 0.014065967718858957 0.0091807112748691546 0.0085975257379835753 -0.004203884205824346 0.0012818052634947139 0.0005879448752835651 -0.0042269363116928822 -0.0016449296967839836 -0.010804520049384632 -0.00043213649095667393 0.0040345113542123775 -0.0039599493459076341 -0.0048190452041435086 0.00019793470507253102
leaf_weight=443.17606061697006 33.332900285720825 57.196226626634598 46.969086766242981 1871.1878114938736 27.272372961044312 28.78750479221344 180.30068790912628 88.635212123394012 159.84640818834305 18.560364931821823 1136.7276563346386 81.817118883132935 54.544745922088623 477.26652681827545 18.939147889614105 133.3316011428833 33.332900285720825 23.863326340913773 17.045233100652695 93.938173532485962 18.939147889614105 306.8141958117485 253.40579876303673 1238.6202719807625 40.908559441566467 428.78230822086334 107.19557705521584 102.27139860391617 63.635536909103394 840.89816629886627
leaf_count=474 22 79 31 1235 36 40 119 144 206 25 1258 54 36 720 14 88 34 30 30 62 23 303 327 1800 27 466 76 69 42 555
internal_value=3.25382e-05 -7.51859e-05 -0.00173134 4.32669e-05 0.00032376 0.00135885 -0.000116046 0.00107418 0.00376485 -0.000202089 0.000993222 0.00278144 0.00572275 0.000390156 -0.00083699 0.00173225 0.00889009 -0.000708366 -0.00156008 0.000113369 -0.00175492 -0.00118286 -0.00277129 -0.00189082 -0.00697973 -0.00101665 -0.000420247 -0.000101191 0.000288874 -0.000155019
internal_weight=8427.54 7984.37 532.948 7451.42 5580.23 1663.99 3916.24 1603.39 324.996 3882.9 1155.29 296.208 136.362 1278.39 667.794 610.598 60.6053 2727.62 1339.38 1388.24 1315.51 648.855 342.041 1298.47 59.8477 475.751 1207.94 1114 1011.73 904.534
internal_count=8425 7951 576 7375 6140 2002 4138 1932 336 4116 1283 296 90 1596 788 808 70 2833 1910 923 1880 774 471 1850 50 497 804 742 673 597
is_linear=0
shrinkage=0.03


Tree=163
num_leaves=31
num_cat=0
split_feature=63 63 63 7 76 9 7 14 21 101 74 1 93 58 75 59 75 13 89 89 74 64 91 49 88 40 99 90 24 33
split_gain=1.93774 4.4878 2.67778 2.53851 2.04239 1.99075 1.7137 1.97223 1.87888 1.69195 2.06309 1.93666 2.56302 2.01178 2.25724 2.09409 2.15824 3.76139 4.47303 4.31319 3.69479 2.42758 3.89877 3.12463 2.32528 5.18027 2.44256 2.288 1.96975 3.09595
threshold=0.21500000000000002 0.36500000000000005 0.46500000000000002 7.4450000000000012 3.1250000000000004 276.93500000000006 9.4850000000000012 85.850000000000009 -0.76062965362114654 18.500000000000004 0.53568376550843844 1.0000000180025095e-35 11.590000000000002 0.85777561449999695 0.43500000000000005 18.125000000000004 0.47500000000000003 15.740000000000002 2.9550000000000005 2.8150000000000008 1.0926302599298339 3.9750000000000005 0.076534085907424235 1.909736842105263 2.1450000000000005 2.4450000000000007 2.0187112264235747 0.90000000000000036 20.783915000000004 12.285000000000002
decision_type=2 2 2 2 2 2 2 8 8 2 2 2 8 10 2 10 2 8 2 2 2 2 2 2 2 2 2 2 2 10
left_child=4 3 5 -2 -1 -3 8 -8 -4 10 -10 13 -13 15 -15 16 20 -18 19 -19 24 23 -23 -20 27 26 -26 -11 -16 -30
right_child=1 2 6 -5 -6 -7 7 -9 9 11 -12 12 -14 14 28 -17 17 18 21 -21 -22 22 -24 -25 25 -27 -28 -29 29 -31
leaf_value=0.0023871525705952477 -0.0031072123034422382 -0.0039287866656983889 0.0060570465081936573 -0.014306891953538072 0.017648729979217875 0.0074967694771931681 -0.00089016684335530938 0.0035316426146435849 0.0012419963723746504 0.007696356511051921 0.010672908310121016 0.010933131094990826 0.00061225528920229853 -0.0033169116065880308 0.001045962813626589 -0.0041650081008103995 0.00070871314725452403 -0.0031924744071421896 0.0091556520805408798 -0.015076373063960062 -0.01455205524265106 0.015542041640991182 -0.0020594103207383658 -0.0029248947815654213 0.028210334560246502 0.001860752741147637 0.0088198577347697142 -0.0040435538536932568 -0.0019169038297796538 0.00022730534714407663
leaf_weight=28.029938876628876 50.756916344165802 17.045233100652695 44.317606061697006 28.408721834421158 10.984705775976179 70.453630149364471 142.42239212989807 250.37553510069847 89.013995081186295 22.348194509744644 27.272372961044312 21.969411551952362 1513.9954822957516 187.87634706497192 1246.5747140944004 204.54279720783234 507.56916344165802 608.32543021440506 24.242109298706055 28.78750479221344 10.605922818183897 25.378458172082901 20.454279720783234 93.938173532485962 12.499837607145311 46.590303808450699 10.984705775976179 45.07517197728157 841.27694925665855 2167.3960844874382
leaf_count=41 95 27 30 63 29 78 94 220 91 35 33 16 2284 124 828 135 338 1117 64 76 28 67 54 233 33 111 29 65 556 1441
internal_value=1.38152e-05 -1.7312e-05 5.0646e-05 -0.00712624 0.0066841 0.00527101 -5.10037e-06 0.00192836 -0.000102454 -0.000137646 0.00345381 -0.000192308 0.000759878 -0.00043189 -9.88684e-05 -0.00132253 -0.00092343 -0.00131188 -0.00259207 -0.00372944 0.00250904 0.00182609 0.00768685 -0.000446834 0.00382505 0.00765184 0.0191406 -0.000152235 4.32136e-05 -0.000372253
internal_weight=8399.51 8360.5 8281.33 79.1656 39.0146 87.4989 8193.83 392.798 7801.04 7756.72 116.286 7640.43 1535.96 6104.47 4443.12 1661.34 1456.8 1308.7 801.126 637.113 148.104 164.013 45.8327 118.18 137.498 70.0748 23.4845 67.4234 4255.25 3008.67
internal_count=8435 8365 8207 158 70 105 8102 314 7788 7758 124 7634 2300 5334 2949 2385 2250 1949 1611 1193 301 418 121 297 273 173 62 100 2825 1997
is_linear=0
shrinkage=0.03


Tree=164
num_leaves=31
num_cat=0
split_feature=40 33 14 72 83 92 56 105 84 96 46 15 15 56 48 23 87 24 75 13 61 70 30 85 85 62 19 96 87 88
split_gain=2.12695 2.52481 2.37866 2.25848 2.19338 2.70401 2.36173 3.40706 5.22151 2.98119 3.06725 2.53962 2.94002 2.47467 2.32141 2.24658 3.50632 2.69545 2.41029 2.37271 2.36601 2.36358 2.19627 2.17283 3.62446 2.29648 1.95088 2.85343 1.86233 2.00811
threshold=2.2650000000000001 12.285000000000002 44.355000000000011 2.8220000000000032 21.570000000000004 9.497975760524799 15.613108108108113 127.50000000000001 2.1435000000000177 4.295500000000005 1.2365921373988724 1024.6695000000002 1014.6445000000001 14.252297297297298 -1.3770000000000093 1.6196039676706444 0.17500000000000002 103.44962500000001 0.87500000000000011 -3.8984999999999994 2.1706831831831841 1.4291587568008604 0.15000000000000027 2.5153103448275864 1.893827586206897 0.26065391835093166 0.97273540093826494 -2.0504999999999991 1.7250000000000003 3.5050000000000003
decision_type=2 8 8 2 8 8 8 2 2 2 10 10 10 10 2 2 2 2 2 8 2 10 2 2 2 2 10 2 2 2
left_child=26 23 3 -3 6 -6 7 11 -9 -10 -11 12 13 -4 -7 18 20 19 -16 21 -17 -18 -20 24 -2 -25 -1 -28 29 -21
right_child=1 2 4 -5 5 14 -8 8 9 10 -12 -13 -14 -15 15 16 17 -19 22 28 -22 -23 -24 25 -26 -27 27 -29 -30 -31
leaf_value=0.00062998935906488206 -0.00096233163926109108 -0.0010716533977723321 -0.00028879582506005028 -0.0081690431556135507 -0.0058503294711719092 0.0056460791481121554 0.00423921836771903 -0.0015261694407027228 0.011132605922658334 0.0010554480028530928 0.0098396737113018093 -0.0038396223347502249 0.0015535959794007413 -0.0060118592973989965 0.0027714492382094631 0.01761193118330108 -0.0019574854747994273 -0.017049618152366428 0.00034625807983995296 -0.0021408077667433288 -0.0020219567067024879 0.0091869650169483247 -0.0031332483835148951 0.0069025392331712697 -0.0056634040494533879 -0.00091397842627864245 0.002466160893022892 -0.0036520783565703726 0.0010017016259699402 -0.0064520027891567435
leaf_weight=3687.4520941078663 348.48032116889954 115.15001916885376 212.49723932147026 62.120405077934265 87.498863250017166 54.544745922088623 163.63423776626587 153.02831494808197 63.635536909103394 125.75594198703766 49.999350428581238 169.69476509094238 526.12952837347984 99.998700857162476 247.7240543961525 13.257403522729875 39.393427610397339 11.363488733768461 597.71950739622116 241.2847441136837 9.4695739448070508 30.302636623382568 224.61829397082329 40.908559441566467 256.0572794675827 195.45200622081757 98.483569025993347 226.13342580199242 85.226165503263474 162.8766718506813
leaf_count=3747 230 76 141 41 78 36 108 101 42 83 33 112 354 69 456 35 26 27 840 514 25 20 302 27 169 129 65 150 105 241
internal_value=-6.55235e-05 -0.000522005 -0.000171611 -0.00355877 6.58094e-06 -0.000705916 0.0008288 0.000430395 0.00280208 0.00556887 0.00355441 -0.000492619 0.000184643 -0.00212018 -0.000443875 -0.000643591 -0.00212447 -0.00258485 0.000177312 -0.00229085 0.00943114 0.00288793 -0.000604155 -0.00199998 -0.00295351 0.00043888 0.00043371 -0.0017959 -0.00302838 -0.00387822
internal_weight=8399.89 4387.82 3546.92 177.27 3369.65 1805.28 1564.37 1400.74 392.419 239.391 175.755 1008.32 838.625 312.496 1717.78 1663.24 593.174 570.447 1070.06 559.084 22.727 69.6961 822.338 840.898 604.538 236.361 4012.07 324.617 489.388 404.161
internal_count=8382 4420 3865 117 3748 2705 1043 935 259 158 116 676 564 210 2627 2591 993 933 1598 906 60 46 1142 555 399 156 3962 215 860 755
is_linear=0
shrinkage=0.03


Tree=165
num_leaves=31
num_cat=0
split_feature=27 72 39 51 49 92 105 75 13 39 84 77 87 39 64 62 85 77 73 89 77 44 15 73 67 16 94 87 99 63
split_gain=1.95101 1.67881 1.59975 1.88265 1.99885 1.7854 3.10894 4.76047 3.1205 2.62623 2.7285 2.57366 2.45723 2.99196 3.96493 2.44945 4.98048 2.44482 2.36343 2.86054 2.36078 2.26248 2.25432 2.22174 2.18623 2.17898 2.06132 2.6077 3.2765 2.44128
threshold=0.96500000000000008 8.6290000000000209 4.0050000000000008 3.1650000000000005 3.5413157894736851 11.692415224913498 92.500000000000014 0.92500000000000016 -2.3869999999999991 1.5350000000000004 4.7015000000000109 1.9650000000000005 0.9850000000000001 2.2950000000000004 2.9450000000000007 0.24262546331505666 2.4890344827586213 0.67500000000000027 3.2690410958904113 3.9200000000000004 0.87500000000000022 13.063684210526318 1002.474 2.6726712328767128 0.050600995732574656 -0.63270531892586301 1.3530720315967908 0.78500000000000014 1.0875938614122649 2.0650000000000004
decision_type=2 2 2 2 2 10 2 2 8 2 2 2 2 2 2 2 2 2 2 2 2 10 8 2 2 2 8 2 2 2
left_child=-1 2 3 5 -5 6 8 -8 -2 17 12 15 22 -14 -15 16 20 -9 19 26 -7 -13 -11 -23 -12 -19 -10 29 -29 -28
right_child=1 -3 -4 4 -6 11 7 9 18 10 24 21 13 14 -16 -17 -18 25 -20 -21 -22 23 -24 -25 -26 -27 27 28 -30 -31
leaf_value=-0.0089294636533790387 0.0077667784199175549 -0.0053766639992968114 -0.0079598543176064816 0.010433911983050997 0.0016494050728542591 0.0053122718418035057 0.0088327011393705204 -0.0051257290996848904 0.0036874288297884311 -0.0055814627359962931 0.0021300309413474186 -0.0010792683647851613 -0.0020673813707679021 0.011128607151894449 0.00023126438421517968 -0.0024105711017962895 0.0055835297680818363 0.01287954977432434 0.010200510602596739 -0.0087391489951183423 -0.0025084595596939247 0.0056918360650379416 0.0027987018888669035 0.00045827615757416175 0.010374905889406063 0.0034791944301185143 0.00016572545191638678 0.0010616326287760953 -0.0038734001172945048 -0.0028249180353838135
leaf_weight=21.969411551952362 43.938823103904724 51.514482259750366 22.348194509744644 25.378458172082901 286.35991609096527 39.393427610397339 72.726327896118164 27.272372961044312 116.66515100002289 31.817768454551697 122.7256783246994 275.75399327278137 607.18908134102821 35.9843809902668 182.19460269808769 910.59423053264618 118.18028283119202 24.242109298706055 19.317930847406387 35.9843809902668 293.93557524681091 127.27107381820679 314.01107200980186 171.20989692211151 37.87829577922821 262.4965897500515 3282.911895185709 179.16433903574944 373.47999638319016 265.52685341238976
leaf_count=37 29 34 20 31 285 26 75 18 80 21 81 182 763 47 319 601 78 37 33 80 194 84 400 113 25 273 3576 167 359 305
internal_value=-1.11264e-06 2.23575e-05 5.58428e-05 7.74682e-05 0.00236455 -1.19676e-05 0.00024233 0.00132148 -0.000187265 0.000989566 0.000407664 -0.000804607 -9.51732e-05 -0.000984652 0.00202857 -0.00151475 0.000291924 0.00345756 -0.000269055 -0.000316602 -0.00158419 0.000879875 0.00202769 0.00268984 0.00407458 0.00427394 -0.000244743 -0.000356603 -0.00227349 -5.8062e-05
internal_weight=8379.44 8357.47 8305.95 8283.6 311.738 7971.87 6035.53 1718.54 4316.99 1645.81 1331.8 1936.34 1171.2 825.368 218.179 1362.1 451.509 314.011 4273.05 4253.73 333.329 574.235 345.829 298.481 160.604 286.739 4217.75 4101.08 552.644 3548.44
internal_count=8373 8336 8302 8282 316 7966 6688 2059 4629 1984 1656 1278 1550 1129 366 899 298 328 4600 4567 220 379 421 197 106 310 4487 4407 526 3881
is_linear=0
shrinkage=0.03


Tree=166
num_leaves=31
num_cat=0
split_feature=91 79 16 42 94 70 7 92 96 70 59 81 57 62 96 70 52 38 15 17 14 19 74 89 85 95 89 53 67 90
split_gain=1.56276 3.04037 2.74146 2.61865 2.47868 2.23034 2.65573 2.53424 2.43959 2.39543 2.26158 2.70009 2.20688 2.18887 2.58211 2.28256 2.13463 1.9729 1.82917 2.32708 2.201 2.08366 1.8396 2.1062 3.14528 2.4166 2.09254 2.04054 1.93411 2.42034
threshold=0.01315292867264997 0.069487226952980402 -0.94123492117109386 0.35000000000000037 3.8849548267625029 1.3870887223963917 5.6450000000000005 14.423048346789699 9.1905000000000445 4.061579267320794 16.615000000000006 15.255000000000001 13.885000000000003 0.17968482583662532 -9.301500000000031 2.4884510858226885 4.0850000000000009 0.20710168705161619 1020.0740000000002 -0.96540436478901026 76.930000000000021 -0.98129116939842753 1.0076450042353831 2.1750000000000007 2.4257586206896558 16.880000000000003 2.3850000000000007 0.86000000000000032 1.0000000180025095e-35 1.0850000000000006
decision_type=2 2 2 2 8 8 2 10 2 10 10 10 10 2 2 10 2 2 8 2 10 10 2 2 2 8 2 2 2 2
left_child=1 5 16 13 -3 7 9 12 -8 10 11 -7 17 14 -4 18 -2 -1 21 -20 22 -15 23 24 27 -25 -27 -21 -28 -30
right_child=2 4 3 -5 -6 6 8 -9 -10 -11 -12 -13 -14 15 -16 -17 -18 -19 19 20 -22 -23 -24 25 -26 26 28 -29 29 -31
leaf_value=-0.00045697367978358582 0.0080432810874255349 0.008660380650705438 0.0072561981617481307 -0.0018907333973033937 0.0011358393799455507 0.0027015818967219564 0.00011068025312936966 -0.0062226340585100799 0.0049407793214588406 0.012270367969324061 -0.001350232227353078 0.011120538968419828 0.0023011397845650282 -0.0040965034734022033 -0.0021987276502734138 -0.0024079886943498799 -0.0058162710129444194 -0.0045720257140138632 0.007472221489172399 -0.0015407672293865245 0.0044895440191448878 0.0016626122852691722 -0.0043083481886974015 0.0048286091508972749 0.010302562091473249 0.0054221875423690891 -0.0014149869531144179 -0.0069998518419834913 0.0079385864957731665 0.00047001995408433076
leaf_weight=845.82234475016594 57.196226626634598 72.726327896118164 27.272372961044312 857.56461644172668 85.983731418848038 264.39050453901291 1598.8428648412228 69.696064233779907 99.998700857162476 23.863326340913773 103.02896451950073 39.393427610397339 230.30003833770752 59.46892437338829 555.29581612348557 269.69346594810486 12.121054649353026 119.69541466236115 35.605598032474518 381.81322145462036 83.332250714302063 1148.0911450684071 107.19557705521584 103.02896451950073 18.181581974029541 60.605273246765137 586.3560186624527 73.483893811702728 43.938823103904724 351.13180187344551
leaf_count=559 94 48 18 899 116 359 1911 46 66 18 68 26 152 55 527 178 23 79 79 516 55 766 169 68 48 85 762 116 65 435
internal_value=4.78465e-05 0.000525382 -0.000303407 -0.000389625 0.00458384 0.000335658 0.000928416 -0.000661794 0.000394994 0.00303255 0.00249067 0.00379332 -0.000337691 -5.99291e-05 -0.0017561 0.00023753 0.00561975 -0.000967117 0.000471287 -0.000122916 -0.000272401 0.00137899 -0.000502346 -0.000250275 -0.00193323 0.000445622 1.22627e-05 -0.00242185 -0.000321812 0.00130066
internal_weight=8385.12 3553.74 4831.38 4762.06 158.71 3395.03 2129.52 1265.51 1698.84 430.676 406.813 303.784 1195.82 3904.49 582.568 3321.93 69.3173 965.518 3052.23 1844.67 1809.07 1207.56 1725.74 1618.54 473.479 1145.06 1042.03 455.297 981.427 395.071
internal_count=8406 3448 4958 4841 164 3284 2448 836 1977 471 453 385 790 3942 545 3397 117 638 3219 2398 2319 821 2264 2095 680 1415 1347 632 1262 500
is_linear=0
shrinkage=0.03


Tree=167
num_leaves=31
num_cat=0
split_feature=31 40 40 52 60 14 82 86 91 16 9 12 67 7 62 16 86 27 89 82 97 42 93 57 94 44 57 27 71 78
split_gain=1.60091 1.48041 1.74838 1.39338 1.38676 1.36444 2.87935 2.28597 1.63875 2.55975 2.32237 1.5499 1.59683 1.90342 1.80513 1.59509 1.45264 1.5023 1.37995 1.54685 1.37931 1.51755 1.3522 2.16569 2.97863 1.7115 1.93678 1.5758 2.3911 1.97256
threshold=-0.27899999999999997 2.2650000000000001 2.2350000000000008 2.2450000000000006 4.0600000000000032 56.585000000000008 1.2498911871312213 1.1508657552412276 0.039509152102031188 -0.94123492117109386 334.27500000000003 346.88000000000005 0.17631578947368431 9.4850000000000012 1.0547965640652173 -0.62707976250810538 0.45026443083029877 3.4850000000000008 2.8250000000000006 4.5929870952683558 28.831304887735797 0.35000000000000037 19.150000000000002 16.260000000000002 2.544680030962819 12.498421052631581 15.605000000000002 1.5850000000000002 10.340000000000002 1.0050000000000006
decision_type=2 2 2 2 2 8 10 2 2 2 2 10 2 2 2 2 2 2 2 10 8 2 10 10 10 10 10 2 8 2
left_child=4 2 22 -4 -1 6 -3 16 10 -10 11 12 13 -7 15 -14 -8 -18 -11 -20 -12 -22 23 25 -25 26 27 29 -29 -2
right_child=1 5 3 -5 -6 8 7 -9 9 18 20 -13 14 -15 -16 -17 17 -19 19 -21 21 -23 -24 24 -26 -27 -28 28 -30 -31
leaf_value=0.001399930318277672 0.00032578422565132697 0.0037636154947020355 0.0086473273139179938 0.0018139283733777172 -0.0056696998656698668 -0.0014970082328579627 -0.0046230424241022238 0.0048253416983208555 0.0097533860120043395 -0.0035941541643144748 0.0083118073618048266 0.0057636397737518006 0.011343461056034447 0.0028438889977839164 -0.0037073433687115557 0.0017456698872106863 -0.0013712462315698978 -0.0070627751364206303 -0.00049385461920338513 -0.0076092437461554108 0.0027176577742366666 -0.00084099359640230228 0.001979399481058226 -0.011397687163346654 -0.0015305826675312149 0.001949942967846496 -0.0061850176011291691 0.011208055641818506 -0.00076631727762869833 0.0040281415264491263
leaf_weight=818.92875474691391 1031.8047770261765 87.877646207809448 34.469249159097672 121.58932945132256 25.757241129875183 843.54964700341225 178.78555607795715 43.938823103904724 18.560364931821823 214.01237115263939 29.166287750005722 34.848032116889954 27.272372961044312 101.89261564612389 24.620892256498337 36.363163948059082 833.70129010081291 43.938823103904724 613.62839162349701 28.78750479221344 343.55614271759987 157.19492748379707 310.60202538967133 31.817768454551697 204.54279720783234 401.13115230202675 46.969086766242981 15.151318311691282 1591.2672056853771 148.1041364967823
leaf_count=842 1119 58 31 129 17 1018 118 29 40 244 20 23 36 92 32 54 551 29 726 19 403 187 205 21 135 267 31 10 1711 214
internal_value=-5.46404e-05 -0.000192361 0.000211436 0.00332325 0.00118435 -0.000626568 -0.00146209 -0.00187943 -0.000225185 -0.00126889 0.000346131 -0.000459142 -0.000668925 -0.00102918 0.00319028 0.00585901 -0.00215829 -0.00165619 -0.00150776 -0.000812705 0.00196992 0.00160053 8.30109e-05 -8.66976e-05 -0.00285885 0.000115881 -0.000143781 -4.19436e-05 -0.000653378 0.00079051
internal_weight=8443.83 7599.14 3937.45 156.059 844.686 3661.69 1188.24 1100.36 2473.45 874.989 1598.46 1068.55 1033.7 945.442 88.2564 63.6355 1056.43 877.64 856.428 642.416 529.917 500.751 3781.39 3470.79 236.361 3234.43 2833.3 2786.33 1606.42 1179.91
internal_count=8411 7552 3873 160 859 3679 785 727 2894 1029 1865 1255 1232 1110 122 90 698 580 989 745 610 590 3713 3508 156 3352 3085 3054 1721 1333
is_linear=0
shrinkage=0.03


Tree=168
num_leaves=31
num_cat=0
split_feature=30 92 79 45 96 12 96 9 50 9 32 95 13 51 82 83 15 67 91 89 92 41 105 17 44 55 18 51 39 99
split_gain=1.66062 1.9378 2.5169 3.37304 2.87847 2.47736 2.32273 2.04378 2.5017 2.1463 1.98 1.78723 2.05236 1.84928 1.79439 1.77858 1.64349 1.73142 1.63537 1.51709 1.7885 1.48897 1.72115 1.54226 1.4488 1.44657 1.38761 1.38628 1.50116 1.29804
threshold=0.14499999999999993 11.692415224913498 0.011325897815623825 15.155000000000003 0.30899999999996913 320.47500000000008 8.4304999999999968 298.35500000000008 0.33818530008617548 308.50000000000006 8.4096428571428579 13.280000000000003 5.7635000000000014 1.0150000000000003 2.81675283403233 10.390000000000002 1024.5340000000003 -0.031354907539118057 0.0022426783183750513 1.1650000000000003 7.3655017301038086 0.83500000000000019 16.500000000000004 0.96247891677187758 15.17526315789474 0.16757894736842113 0.99611788175125759 0.74500000000000011 1.0550000000000004 0.94900853773711835
decision_type=2 10 2 10 2 10 2 2 2 2 8 8 8 2 8 8 8 2 2 2 10 2 2 2 10 2 10 2 2 2
left_child=15 2 3 7 18 10 24 25 9 -9 -4 -12 -13 14 -14 -1 -11 -18 -5 20 -17 22 -15 -23 -3 -2 29 -16 -29 -21
right_child=1 6 5 4 -6 -7 -8 8 -10 16 11 12 13 21 27 19 17 -19 -20 26 -22 23 -24 -25 -26 -27 -28 28 -30 -31
leaf_value=0.011076973821950806 -0.0006746660360981622 -0.0041083719325335404 -0.0054562496046544088 -0.0035754571821996618 0.012342633207375128 -0.0041594788535047325 0.0029135818454414956 0.013929669422849856 0.010925486885280014 0.0032371954350031342 0.0044307341517538599 0.0022358236232700671 -0.0054632860196573048 -0.0066955385350950187 -0.00010858215526763473 0.0039885533217629849 -0.0077845158495351407 0.0010973181783934213 0.0065931491901796407 0.00091561899699411226 -0.0023819862127780578 -0.0087059183880516516 -0.00083598941700883261 0.0042666377876599869 -0.00049937582727360686 -0.0084054260954405779 0.0052902109107466752 0.015249701568525382 0.0038311454397432104 -3.3113073827779454e-05
leaf_weight=13.636186480522154 249.99675214290619 328.78360736370087 65.150668740272522 25.757241129875183 42.423691272735596 189.01269593834877 68.180932402610779 11.363488733768461 28.029938876628876 90.907909870147705 73.86267676949501 196.96713805198669 27.272372961044312 51.514482259750366 65.150668740272522 45.07517197728157 34.090466201305389 46.969086766242981 31.817768454551697 2025.3524753153324 330.29873919487 50.756916344165802 363.25285652279854 9.8483569025993329 143.9375239610672 23.863326340913773 50.756916344165802 12.87862056493759 53.029614090919495 3613.5894173383713
leaf_count=9 306 217 43 20 28 127 45 15 41 60 54 130 18 79 133 86 69 82 21 1996 218 83 509 20 95 30 35 34 92 3666
internal_value=-4.61215e-06 -0.000694124 -0.000207553 0.00139612 0.00641314 -0.00101752 -0.00226287 0.000362172 0.00257843 0.00130223 -0.00040508 -4.12599e-05 -0.000438906 -0.00127026 0.00153784 0.000254556 0.000467815 -0.00263803 0.00204404 0.000230224 -0.00161701 -0.00220555 -0.00156375 -0.00659788 -0.00300948 -0.0013483 0.000352094 0.00299472 0.00606236 0.000307645
internal_weight=8363.53 2284.82 1743.92 585.22 99.9987 1158.7 540.902 485.221 211.361 183.331 969.684 904.534 830.671 633.704 158.331 6078.71 171.967 81.0596 57.575 6065.07 375.374 475.373 414.767 60.6053 472.721 273.86 5689.7 131.059 65.9082 5638.94
internal_count=8361 2351 1994 672 69 1322 357 603 267 226 1195 1152 1098 968 277 6010 211 151 41 6001 304 691 588 103 312 336 5697 259 126 5662
is_linear=0
shrinkage=0.03


Tree=169
num_leaves=31
num_cat=0
split_feature=30 26 72 91 90 41 16 27 90 48 106 20 92 2 63 73 70 23 72 70 13 85 85 32 38 83 65 71 90 98
split_gain=1.66975 1.40565 1.71393 2.89672 1.74295 1.31335 1.74627 1.3706 1.3085 1.30257 1.56459 1.87856 1.56203 1.27166 1.3179 1.58215 1.31184 1.26526 1.26238 1.21548 1.18091 1.12284 1.75461 1.69257 1.63269 1.27725 1.69715 1.55567 2.59601 1.39934
threshold=-0.090000000000000177 0.16214705259938181 -0.27949999999998448 0.017197626358053844 0.050000000000000162 1.0950000000000004 0.36755640253781224 1.155 0.90000000000000036 -0.90699999999998215 1.5000000000000002 -0.2534202889911582 5.6895657439446383 1.0000000180025095e-35 0.95500000000000007 1.2628082191780825 1.8207986121752928 1.6384568374626598 8.6290000000000209 0.92387936825683192 1.0230000000000004 2.4257586206896558 2.3047241379310353 5.3701428571428584 0.070221868821244551 18.735000000000003 1.3050000000000004 19.750000000000004 -0.53499999999999992 56.32378287773431
decision_type=2 2 2 2 2 2 2 2 2 2 2 10 8 2 2 2 10 2 2 10 10 2 2 8 2 8 2 8 2 10
left_child=18 9 -3 4 -4 7 17 -6 -9 10 11 -2 -11 16 15 -15 -5 -7 21 -12 -21 22 25 -23 -25 26 29 -27 -29 -1
right_child=1 2 3 13 5 6 -8 8 -10 12 19 -13 -14 14 -16 -17 -18 -19 -20 20 -22 23 -24 24 -26 27 -28 28 -30 -31
leaf_value=-0.0044751368488367936 0.0019571693312462972 -0.0034937284475547391 -0.0020843034315900922 -0.00015976345192578195 0.011541377479969285 0.0056664250904417367 -0.0066013350476277922 0.0030943625951593556 -0.0023443686517706282 0.0053611162458189875 0.0056430404759931592 -0.0067242606158596932 -0.00030061079328823348 -0.0045095147453897214 -0.0029844385689231164 -0.018654177877038266 -0.0047562069674133836 0.016127932171872906 -0.0061449080029739927 0.0067363421846657282 0.00088889929637772376 0.015933669303808299 -0.0029284153658854332 0.019579255360036983 0.0015323404569391283 -0.0019918889025480912 0.0045851965415329154 -0.0085557103116934794 0.001010080748796587 0.0012679752425900843
leaf_weight=40.908559441566467 43.938823103904724 241.66352707147598 92.423041701316833 201.89131650328636 10.984705775976179 54.165962964296341 8.7120080292224866 86.36251437664032 73.86267676949501 44.317606061697006 65.150668740272522 45.832737892866135 4214.3391883969307 15.90888422727585 57.953792542219162 12.87862056493759 77.271723389625549 12.87862056493759 24.242109298706055 33.332900285720825 460.60007667541504 7.5756591558456412 134.84673297405243 4.5453954935073844 608.70421317219734 276.89034214615822 136.36186480522156 26.514807045459747 689.76376613974571 573.09861513972282
leaf_count=27 29 161 97 218 20 68 23 96 90 30 43 31 4400 33 93 28 51 22 16 22 304 5 107 3 575 185 90 49 1086 379
internal_value=2.29442e-05 -0.000255112 -0.00131335 -0.000566257 0.00143003 0.00274522 0.00603409 0.00128996 0.000587146 -5.09144e-05 0.00120123 -0.00247512 -0.000241692 -0.00241789 -0.00559066 -0.0108374 -0.00143205 0.00767598 0.000668042 0.00179153 0.00128351 0.000734127 0.000368557 0.0018402 0.0016661 0.000623547 0.0015577 -8.22324e-05 0.00065598 0.000885337
internal_weight=8377.92 5854.47 946.957 705.294 339.39 246.966 75.7566 171.21 160.225 4907.51 648.855 89.7716 4258.66 365.904 86.7413 28.7875 279.163 67.0446 2523.45 559.084 493.933 2499.21 1878.38 620.825 613.25 1743.54 750.369 993.169 716.279 614.007
internal_count=8381 5859 1000 839 416 319 113 206 186 4859 429 60 4430 423 154 61 269 90 2522 369 326 2506 1923 583 578 1816 496 1320 1135 406
is_linear=0
shrinkage=0.03


Tree=170
num_leaves=31
num_cat=0
split_feature=39 38 48 35 75 61 81 84 92 77 39 94 86 59 74 94 59 65 81 56 90 58 93 96 68 12 74 85 76 84
split_gain=1.72746 1.64773 1.50578 1.36506 2.23773 1.72709 3.28888 3.25921 2.26935 2.18756 2.06962 2.02398 3.12537 2.29287 2.62069 1.98036 2.80673 3.43845 2.88969 2.50762 2.15057 2.29714 2.13036 2.22938 1.96556 1.94737 1.83628 2.30187 1.79722 2.73548
threshold=4.0050000000000008 0.83620196692895099 4.100499999999955 19.090000000000003 0.52500000000000013 2.8731081081081089 20.105000000000004 3.4220000000000259 12.855609949614523 1.5950000000000004 3.2750000000000004 4.3459461676016735 0.6514464086556927 20.360000000000003 0.88894533734945158 3.1387543276221077 18.635000000000002 1.5150000000000003 18.960000000000004 14.831756756756759 -1.0749999999999995 3.0389769213499958 13.105000000000002 11.243999999999973 13.974794520547947 19.870000000000005 0.45668843440485424 1.7965172413793107 1.925 -3.0210000000000714
decision_type=2 2 2 10 2 2 8 2 10 2 2 10 2 10 2 10 10 2 10 10 2 10 10 2 8 8 2 2 2 2
left_child=1 2 3 5 -5 11 7 8 -7 10 -8 15 -13 14 -14 20 22 18 -18 -19 -1 25 -17 24 -24 -22 -11 -28 29 -27
right_child=-2 -3 -4 4 -6 6 9 -9 -10 26 -12 12 13 -15 -16 16 17 19 -20 -21 21 -23 23 -25 -26 28 27 -29 -30 -31
leaf_value=-0.0026649706945731976 -0.0072320287410777874 -0.0066919582697549853 -0.0071345436956687762 -0.0038418409450838836 0.001638346856186808 0.0028322355647902963 0.0092567143269372439 -0.0048988482748502432 -0.003479303321405823 -0.0057498494213285966 -0.00030055316040984064 -0.0053255666434740261 -9.6726500062230457e-05 -0.0075052675394547009 0.0094942723005042272 0.0086575364165439542 -0.0063973097105223167 0.0088838108436710521 0.0027551857500942205 -0.00074337641597232973 -0.0026407097592231294 0.0061732639809389204 0.0010853971642704888 0.0078837274975224435 0.0073433511789809062 -0.0057958058967689128 -0.0047721743153350555 0.0023699047900689217 0.00049570853539298557 -0.00039769831403267789
leaf_weight=260.98145791888237 29.166287750005722 32.196551412343979 25.757241129875183 72.726327896118164 860.59488010406494 115.15001916885376 47.726652681827545 290.90531158447266 92.423041701316833 47.347869724035263 35.605598032474518 149.99805128574371 212.11845636367798 31.817768454551697 29.166287750005722 39.393427610397339 128.78620564937592 37.87829577922821 40.908559441566467 68.180932402610779 227.26977467536926 56.059877753257751 1180.287696480751 48.484218597412109 46.969086766242981 99.998700857162476 52.650831133127213 177.64920720458031 3325.3355864584446 544.68989330530167
leaf_count=323 23 64 17 48 568 76 84 192 61 110 79 108 140 21 23 26 85 25 27 45 150 37 779 32 31 66 127 250 4126 697
internal_value=5.63452e-05 8.1715e-05 0.000107843 0.000130261 0.00121132 -6.31193e-06 -0.00127049 -0.00284975 2.19883e-05 0.0009103 0.00517315 0.000160118 -0.00184644 6.44239e-05 0.00106263 0.000299176 0.00120934 -0.00154252 -0.0041909 0.0026949 -2.15729e-05 0.000140623 0.00178634 0.00157417 0.0013249 6.00502e-05 -0.000369138 0.000737094 0.000214659 -0.00123501
internal_weight=8408.22 8379.06 8346.86 8321.1 933.321 7387.78 859.459 498.478 207.573 360.98 83.3323 6528.32 423.101 273.103 241.285 6105.22 1590.89 275.754 169.695 106.059 4514.34 4253.35 1315.13 1275.74 1227.26 4197.29 277.648 230.3 3970.02 644.689
internal_count=8440 8417 8353 8336 616 7720 979 329 137 650 163 6741 292 184 163 6449 1050 182 112 70 5399 5076 868 842 810 5039 487 377 4889 763
is_linear=0
shrinkage=0.03


Tree=171
num_leaves=31
num_cat=0
split_feature=72 23 63 63 63 9 13 20 90 7 87 7 17 40 9 87 90 21 68 65 14 42 72 41 89 60 82 17 82 89
split_gain=1.47697 1.36905 1.34905 3.91337 2.88448 2.98323 2.4802 2.05174 2.03991 1.93609 1.83021 1.74259 1.54693 2.19117 1.96112 2.0481 2.2256 2.13304 1.94232 1.79917 1.71399 2.234 2.3679 2.14047 2.65082 1.83647 2.16847 1.92723 2.33638 3.195
threshold=8.0270000000000454 1.5612681704635059 0.21500000000000002 0.36500000000000005 0.46500000000000002 276.93500000000006 6.7600000000000007 -0.74576675552434313 1.8250000000000004 7.4450000000000012 0.37500000000000006 9.5150000000000023 -0.032282979058982857 2.9250000000000003 197.03000000000003 0.16500000000000004 0.93500000000000005 0.54534876140992905 11.319589041095892 1.4350000000000005 56.585000000000008 0.77000000000000024 -2.0865000000000005 1.1600000000000006 1.8150000000000004 2.0699999999999936 4.9174284128399526 0.71337275916904386 2.3433282744581283 3.9200000000000004
decision_type=2 2 2 2 2 2 10 8 2 2 2 2 2 2 2 2 2 8 10 2 8 2 2 2 2 2 10 2 10 2
left_child=1 -1 8 6 5 -5 9 -7 -3 -4 -9 12 13 14 15 -6 17 -17 19 -16 21 22 -14 25 -25 26 27 -22 29 -29
right_child=-2 2 3 4 11 7 -8 10 -10 -11 -12 -13 20 -15 18 16 -18 -19 -20 -21 23 -23 -24 24 -26 -27 -28 28 -30 -31
leaf_value=-0.0051063726698367456 -0.0043426900980734597 0.0013426532751202437 -0.0056923895084736477 -0.0050558143477880428 0.011251575223100215 0.0047290855998102397 0.0010641704780815482 0.0066056945982898964 0.015781751511987123 -0.017119107695118062 0.023549305645028256 0.0020045631559335981 0.005035930080064103 -0.0057083988869670822 -0.0033069357563237441 0.0057357438616511061 -0.0022084778920772332 0.00015444235584054173 0.0075291847369733621 -0.013975986860301711 0.0014521036282708216 -0.0049657728678289912 -0.00046292477285048925 0.023362888007922009 0.0035157110949239493 0.0019250623534984093 -0.0066401673150922247 -0.00052532741390688557 0.001663986790341088 -0.0089295994102500352
leaf_weight=46.211520850658417 69.696064233779907 32.196551412343979 35.9843809902668 18.560364931821823 14.014969438314436 43.938823103904724 27.272372961044312 10.605922818183901 12.121054649353026 21.211845636367798 12.499837607145308 391.28279539942741 72.726327896118164 82.953467756509781 169.3159821331501 68.938498318195343 354.54084849357605 581.05305725336075 13.636186480522154 15.530101269483565 834.83763897418976 95.832088321447372 2281.0309718251228 6.4393102824687949 101.89261564612389 610.21934500336647 42.044908314943314 1776.1132890880108 465.52425512671471 41.666125357151031
leaf_count=35 46 43 86 28 28 29 18 25 29 56 24 304 48 72 324 47 339 553 9 41 1055 64 1507 11 128 408 30 2622 308 71
internal_value=6.23786e-06 4.28437e-05 7.17426e-05 4.34947e-05 0.000110441 0.00558817 -0.00638039 0.0085348 0.00529181 -0.00993011 0.0157719 5.19696e-05 -4.81858e-05 -0.000990767 -0.00066921 -0.0001376 -0.000296499 0.000746399 -0.00339726 -0.00420331 0.000145442 -0.000475827 -0.000293021 0.0005378 0.00469544 0.000418342 0.0001274 0.000218654 -0.000232329 -0.000717965
internal_weight=8349.89 8280.2 8233.98 8189.67 8105.2 85.6049 84.4686 67.0446 44.3176 57.1962 23.1058 8019.59 7628.31 1299.98 1217.03 1018.55 1004.53 649.992 198.482 184.846 6328.33 2449.59 2353.76 3878.74 108.332 3770.41 3160.19 3118.14 2283.3 1817.78
internal_count=8388 8342 8307 8235 8075 106 160 78 72 142 49 7969 7665 1413 1341 967 939 600 374 365 6252 1619 1555 4633 139 4494 4086 4056 3001 2693
is_linear=0
shrinkage=0.03


Tree=172
num_leaves=31
num_cat=0
split_feature=86 70 105 82 94 77 18 70 16 54 96 26 28 70 97 41 90 105 80 94 90 46 34 71 92 105 13 88 76 13
split_gain=1.56318 1.76361 1.69112 1.57928 1.86539 2.42061 2.21854 2.16515 1.80313 1.88112 1.78491 1.73668 1.6075 2.03877 1.8729 2.16993 2.14936 1.6623 1.57723 1.93277 1.56312 1.55988 1.53076 1.48862 1.42199 4.10736 3.71339 4.61035 3.60781 3.31305
threshold=0.25018235672469197 0.52908604493526468 124.50000000000001 1.3124159958976624 3.4233689812979469 1.1750000000000005 0.58361207456856479 1.3809173377405053 0.93969256353656083 0.67000000000000037 8.4304999999999968 0.12396235987858036 1.5150000000000003 1.99799301461227 34.458017639045913 0.68000000000000005 0.73500000000000021 1.5000000000000002 8.993382758620692 1.4312387961701474 -0.050000000000000148 1.191684023580714 0.4978570306461359 13.510000000000002 11.692415224913498 92.500000000000014 11.405000000000003 2.8850000000000002 2.4450000000000007 -2.3869999999999991
decision_type=2 8 2 8 10 2 10 8 2 2 2 2 2 8 8 2 2 2 8 8 2 10 10 10 10 2 8 2 2 8
left_child=2 -2 18 4 6 -6 7 22 9 23 12 -12 13 -5 15 16 20 -16 -1 -20 -14 -22 -3 -8 25 29 27 28 -27 -19
right_child=1 3 -4 10 5 -7 8 -9 -10 -11 11 -13 14 -15 17 -17 -18 24 19 -21 21 -23 -24 -25 -26 26 -28 -29 -30 -31
leaf_value=-0.0035977369365693102 0.0090865584254279375 -0.0032854355046678871 -0.0067578262673151177 -0.00029060221923349523 0.010174558569811561 0.0016955890768166554 0.010641522970796074 0.0059663426639522225 -0.0019763457166624126 -0.0021531038073485742 0.00038395756853610723 0.0041965947377090324 -0.0014578797160367592 0.010769584252191104 0.0095120960561724931 -0.0055173095420207666 -0.0026078673109505165 0.0079727910574649893 0.0044206784535840591 -0.0018303178939852284 0.00088849308307242716 0.0080552785531662965 0.00028910013893746882 0.0040314185467111409 -0.00089327167381839654 0.0023787452641542417 0.00028361503990992056 0.0019455624020266152 0.01258875587847889 -0.00046518484427832374
leaf_weight=127.27107381820679 19.696713805198669 168.55841621756554 54.544745922088623 33.332900285720825 45.453954935073853 90.907909870147705 42.423691272735596 43.938823103904724 49.241784512996674 31.817768454551697 303.02636623382568 166.66450142860413 95.45330536365509 27.272372961044312 16.28766718506813 114.77123621106148 292.0416604578495 42.423691272735596 75.756591558456421 107.9531429708004 68.559715360403061 45.453954935073853 299.23853665590286 110.60462367534637 1472.7081398963928 51.514482259750366 674.23366487026215 351.51058483123779 78.786855220794678 3260.1849177181721
leaf_count=84 13 112 42 22 30 60 28 29 37 21 200 110 63 48 19 87 201 28 50 132 46 30 199 73 972 34 1417 232 52 3870
internal_value=3.30309e-05 0.000120731 -0.00188546 9.85909e-05 0.00129566 0.00452191 0.000705792 -0.000400839 0.00312498 0.00448394 -5.02679e-05 0.00173683 -0.000176976 0.00468648 -0.000221881 -0.00179616 -0.000944562 -5.87585e-05 -0.00103087 0.000747413 0.00137444 0.00374568 -0.00099889 0.00586392 -8.50403e-05 0.000181921 0.00172093 0.00373227 0.00855224 -0.000356795
internal_weight=8361.63 7996.11 365.526 7976.41 882.186 136.362 745.824 511.736 234.088 184.846 7094.23 469.691 6624.54 60.6053 6563.93 616.28 501.509 5947.65 310.981 183.71 209.467 114.014 467.797 153.028 5931.36 4458.65 1156.05 481.812 130.301 3302.61
internal_count=8341 8033 308 8020 589 90 499 340 159 122 7431 310 7121 70 7051 427 340 6624 266 182 139 76 311 101 6605 5633 1735 318 86 3898
is_linear=0
shrinkage=0.03


Tree=173
num_leaves=31
num_cat=0
split_feature=98 21 23 81 38 91 94 18 68 94 81 9 58 7 53 28 13 96 84 75 103 25 35 95 103 27 101 84 78 76
split_gain=1.61041 2.78644 2.05253 1.67097 1.56332 1.56249 2.05059 1.63778 1.67224 1.57908 1.46189 1.41858 1.38051 1.35529 2.66588 2.42906 2.02239 1.96205 2.25989 2.10239 1.58286 1.53344 1.90929 1.74974 2.32445 2.04751 1.99866 1.74156 1.66913 1.63357
threshold=71.288170689370006 -0.61634844993250826 1.6027965564433091 17.385000000000002 0.15020171620902148 0.036890883325460554 1.3530720315967908 0.96704557069016828 6.6760479452054806 3.4595413130691095 11.990000000000002 150.54000000000005 1.5667895937669356 8.1550000000000029 2.7300000000000004 3.8350000000000004 -0.21349999999999997 10.977999999999954 5.6190000000000859 1.2950000000000002 104.00000000000001 1.5462500000000003 18.335000000000004 13.280000000000003 141.50000000000003 1.3450000000000004 18.500000000000004 1.0230000000000248 1.2750000000000006 1.9150000000000003
decision_type=8 8 2 8 2 2 10 10 10 10 10 2 10 2 2 2 8 2 2 2 2 2 10 8 2 2 2 2 2 2
left_child=2 3 4 -2 -1 6 -4 8 -8 10 -10 -6 -7 15 17 20 -17 18 19 -15 -3 22 -22 27 -25 -26 28 -23 -27 -28
right_child=1 13 5 -5 11 12 7 -9 9 -11 -12 -13 -14 14 -16 16 -18 -19 -20 -21 21 23 -24 24 25 26 29 -29 -30 -31
leaf_value=0.0066460330548388158 0.0068101547358269017 0.0035530824955017442 -0.0076216480072573761 -0.00043981981156467135 0.0020441351075994423 -0.0030214491693475237 -0.0049481844897433236 -0.0066332058914635233 0.0036294549915135057 0.005539630949154873 -0.0011819168667003205 -0.0055737017833987299 -0.009467833680452644 0.0035938445500888821 -0.0088640575886344206 0.0015964202977484471 -0.0086033634430748851 0.0079027888870829843 -0.0018062298379987738 0.0005160189011502688 0.0010030227701001259 -0.00063817406410130232 0.0098847053784361042 -0.0045937980477137553 -0.010014465276223253 0.00053614481532451397 -0.0020524838827221449 0.0084357480344931235 0.012190935924330532 -0.00012677436652160421
leaf_weight=43.938823103904724 87.877646207809448 106.05922818183899 39.393427610397339 42.423691272735596 80.301987051963806 168.17963325977325 53.029614090919495 35.9843809902668 74.241459727287292 53.029614090919495 242.42109298706055 30.302636623382568 36.363163948059082 314.76863792538643 24.242109298706055 25.757241129875183 54.544745922088623 37.87829577922821 213.63358819484711 546.58380809426308 524.61439654231071 35.605598032474518 22.726977467536926 114.01367029547691 19.317930847406387 23.105760425329208 431.43378892540932 40.908559441566467 21.211845636367798 4890.4667680561543
leaf_count=29 58 70 26 40 53 111 35 26 49 35 160 20 24 423 58 17 60 25 141 612 596 31 15 106 27 37 464 27 32 5036
internal_value=-3.88822e-05 0.000100545 -0.00127136 0.0044497 0.00185882 -0.00195983 -0.00105328 -0.000489187 3.38252e-05 0.000748458 -5.38919e-05 -4.29435e-05 -0.00416747 2.44459e-05 0.000977803 -0.000147362 -0.00533173 0.00119219 0.000955739 0.00164077 -8.05322e-05 -0.000143467 0.00137181 -0.000292206 -0.000354889 -0.00026515 -0.000230053 0.00421323 0.00611451 -0.000282887
internal_weight=8434.36 7577.17 857.186 130.301 154.543 702.642 498.1 458.706 422.722 369.692 316.663 110.605 204.543 7446.87 1137.11 6309.77 80.302 1112.86 1074.99 861.352 6229.46 6123.41 547.341 5576.06 5499.55 5385.54 5366.22 76.5142 44.3176 5321.9
internal_count=8443 7875 568 98 102 466 331 305 279 244 209 73 135 7777 1259 6518 77 1201 1176 1035 6441 6371 611 5760 5702 5596 5569 58 69 5500
is_linear=0
shrinkage=0.03


Tree=174
num_leaves=31
num_cat=0
split_feature=30 82 92 99 35 75 7 75 74 56 20 7 70 7 92 45 87 60 48 92 17 51 91 87 106 16 71 15 58 46
split_gain=1.94297 1.80375 1.80768 2.16632 2.89191 2.67552 3.28525 2.75505 2.12893 1.90983 1.79402 1.74877 1.98939 1.82453 1.98097 1.72812 1.83661 1.77298 1.54508 1.5203 1.46106 3.57203 2.6922 2.46352 2.34869 1.44911 1.64045 1.44691 1.4024 1.38882
threshold=-0.079999999999999946 4.9174284128399526 11.692415224913498 0.94587979794728394 15.280000000000001 0.43500000000000005 5.7750000000000012 0.26500000000000007 0.19901010522286491 13.020135135135137 -0.16771515734534745 9.3950000000000014 0.52908604493526468 8.2150000000000016 11.541463667820071 10.980000000000002 1.3250000000000004 -2.3090000000000255 0.70249999999998647 5.5032871972318347 0.96806016754351842 1.2550000000000001 0.0054034600850259478 0.28500000000000009 113.50000000000001 -0.40346544798598749 21.510000000000002 1012.8325000000001 2.3347849346875891 1.2489561568137764
decision_type=2 10 8 2 10 2 2 2 2 10 10 2 10 2 10 8 2 2 2 10 2 2 2 2 2 2 8 10 10 8
left_child=-1 2 3 15 11 7 9 -6 -4 -7 25 12 -5 14 19 -2 17 -17 -3 -14 -10 22 -22 -24 -23 28 27 -27 -8 -21
right_child=1 18 8 4 5 6 10 -9 20 -11 -12 -13 13 -15 -16 16 -18 -19 -20 29 21 24 23 -25 -26 26 -28 -29 -30 -31
leaf_value=0.00066504228780363067 -0.00026822776691776628 -0.0075808125264559649 0.004681082975811054 0.0082725456935953488 0.0044251055217757532 0.007420408020955057 0.0056870516781154521 -0.0051267463470754072 -0.0014444107008641568 -0.00017444932742442199 -0.0011254577604231904 0.002014273282807177 0.0056067083616348802 -0.0060639326468671425 0.0062639709372004802 0.011526430509502427 -0.0014840291599340792 0.0036170803176276412 -0.00095530343204685815 -0.0010316135433710756 -0.0020619309014756498 -0.001865115443414823 0.0047159719087840586 0.025137903736419876 0.00276611125101139 -0.0020704537813279736 -0.0051909567022128591 0.0026198618596669078 -0.0013525483008792879 -0.0038468099917414794
leaf_weight=2752.9945372343063 180.30068790912628 55.681094795465469 60.226490288972855 19.696713805198669 36.363163948059082 122.34689536690712 127.64985677599907 107.57436001300812 1706.4172248542309 39.393427610397339 266.6632022857666 169.3159821331501 28.408721834421158 69.696064233779907 32.196551412343979 28.78750479221344 56.059877753257751 223.86072805523872 73.483893811702728 1189.7572704255581 10.984705775976179 285.98113313317299 9.4695739448070544 12.121054649353026 150.376834243536 77.271723389625549 36.363163948059082 253.02701580524445 31.817768454551697 181.81581974029541
leaf_count=2762 119 39 105 16 24 83 88 71 2603 26 176 117 21 46 22 19 37 153 50 786 23 431 25 32 154 51 24 167 21 120
internal_value=1.16539e-05 -0.000307102 -0.000225012 0.000223545 -9.93496e-05 0.00109911 0.00167405 -0.00271365 -0.000882799 0.00557061 0.000879103 -0.000877921 -0.00119976 -0.00132398 -0.00109332 0.00206537 0.0034283 0.0045183 -0.00381146 -0.00126252 -0.00103684 0.000446285 0.0100293 0.0161809 -0.000269111 0.00189509 0.00085678 0.00152259 0.00428248 -0.0014048
internal_weight=8396.1 5643.11 5513.94 3278.37 2789.36 1098.47 954.533 143.938 2235.58 161.74 792.793 1690.89 1521.57 1501.87 1432.18 489.009 308.708 252.648 129.165 1399.98 2175.35 468.933 32.5753 21.5906 436.358 526.13 366.662 330.299 159.468 1371.57
internal_count=8411 5649 5560 2187 1859 731 636 95 3373 109 527 1128 1011 995 949 328 209 172 89 927 3268 665 80 57 585 351 242 218 109 906
is_linear=0
shrinkage=0.03


Tree=175
num_leaves=31
num_cat=0
split_feature=63 51 42 89 36 61 93 64 64 82 64 74 98 90 14 51 63 63 81 57 89 58 67 88 106 85 62 77 106 87
split_gain=1.5521 1.6839 1.34521 1.67531 1.96958 1.5622 2.19396 2.15508 2.88471 2.87138 2.61666 2.52747 2.22908 2.07507 2.43221 2.03074 2.08442 2.15682 1.99731 2.49492 1.99487 1.93284 2.50813 2.21564 2.04798 1.85723 2.54202 3.31509 1.66615 2.2435
threshold=3.5050000000000003 3.9050000000000007 -0.35499999999999993 1.8650000000000004 -0.68999999999999762 1.7847110904007459 19.150000000000002 2.0250000000000004 2.2650000000000001 1.0591898150374852 2.1950000000000007 0.16294631951691749 107.66377461695232 0.87500000000000022 71.095000000000013 1.3250000000000004 0.36500000000000005 0.21500000000000002 16.345000000000002 17.345000000000002 2.3550000000000009 1.5903823217240596 0.24274182076813658 2.3050000000000002 5.5000000000000009 2.0761379310344834 0.20473556502468804 1.7750000000000006 71.500000000000014 1.3650000000000004
decision_type=2 2 2 2 2 2 10 2 2 8 2 2 10 2 8 2 2 2 10 10 2 8 2 2 2 2 2 2 2 2
left_child=1 2 3 -1 -5 6 7 -4 9 -9 11 -11 -13 -10 -15 16 17 -16 -14 -20 -8 23 25 24 -7 -23 27 -27 29 -25
right_child=-2 -3 5 4 -6 21 20 8 13 10 -12 12 18 14 15 -17 -18 -19 19 -21 -22 22 -24 28 -26 26 -28 -29 -30 -31
leaf_value=0.0031449310368096613 -0.0065203785998391179 0.0085209944184207829 -0.00049685837409786779 0.005815686786808205 0.00011118383458391571 0.0033317612675500307 0.0085575421671578739 0.0099427169251598002 -0.0040580536559728115 0.025340758212903741 0.0054180997516019283 -0.0015401750538544853 0.0039716547067898556 -0.0021309460325882068 0.0092943395804216278 -0.0010245330657049606 0.0090424884096866401 -0.0070430512034667702 -0.0048672146224867027 0.0055068739661489011 0.0013004554042437898 -0.0025252837207912705 0.0061664913373569606 0.00067117027055553133 -0.0047573205011120856 0.0068268963030313603 -0.0011171151921712367 -0.010333609448674183 -0.0005841061271436535 0.0062601619250822471
leaf_weight=250.37553510069847 32.196551412343979 21.211845636367798 1536.7224597632885 57.57500958442688 1010.9717143476009 34.848032116889954 54.544745922088623 42.423691272735596 121.21054649353027 3.7878295779228202 148.86170241236687 222.72437918186188 216.66385185718536 151.51318311691284 12.121054649353029 61.741622120141983 64.014319866895676 18.181581974029541 60.605273246765137 31.817768454551697 90.907909870147705 799.61082389950752 38.635861694812775 1244.680799305439 146.96778762340546 73.86267676949501 505.67524865269661 11.742271691560743 1203.014673948288 68.180932402610779
leaf_count=232 28 14 1594 38 1043 23 36 28 143 10 153 309 143 100 32 109 130 48 40 21 60 1328 51 826 97 108 744 28 794 45
internal_value=5.37234e-05 7.92091e-05 5.75931e-05 0.00093611 0.000418552 -0.000108765 0.000433063 0.000239183 0.00121792 0.00236909 0.00189967 0.000921778 0.000747854 -0.000733588 0.000576546 0.00320518 0.00597403 -0.000508095 0.00239658 -0.00129581 0.00402186 -0.000481322 -0.00137317 -8.72574e-06 -0.00320691 -0.0015826 -0.000307781 0.00447302 0.000222399 0.000961424
internal_weight=8337.39 8305.2 8283.98 1318.92 1068.55 6965.06 2837.84 2692.39 1155.67 726.884 684.461 535.599 531.811 428.782 307.572 156.059 94.317 30.3026 309.087 92.423 145.453 4127.22 1429.53 2697.69 181.816 1390.89 591.28 85.6049 2515.88 1312.86
internal_count=8355 8327 8313 1313 1081 7000 2956 2860 1266 704 676 523 513 562 419 319 210 80 204 61 96 4044 2259 1785 120 2208 880 136 1665 871
is_linear=0
shrinkage=0.03


Tree=176
num_leaves=31
num_cat=0
split_feature=72 43 92 12 85 98 42 89 21 81 59 94 51 74 75 75 85 88 62 89 17 29 8 75 51 86 79 7 87 13
split_gain=1.57664 1.63574 1.61191 1.51815 1.65446 1.57761 2.12167 2.04452 1.86663 1.79721 2.85582 1.73464 2.1457 2.0247 2.90075 2.99563 2.28251 4.02886 2.35109 2.37876 1.99661 2.81259 2.44423 2.40355 3.97991 2.17494 2.03528 2.39043 1.86213 2.02951
threshold=8.0270000000000454 -0.19899999999999965 16.052595155709344 19.870000000000005 2.467034482758621 105.01057459689044 0.74500000000000033 3.9650000000000003 -0.17622579762351925 11.715000000000002 12.655000000000003 3.3500885642537459 1.2150000000000001 0.22935585701825204 1.2650000000000003 1.3650000000000004 2.0962413793103449 4.0850000000000009 0.88114139164416139 3.2750000000000008 0.23912663701502992 0.53000000000000003 2.8150000000000004 0.56500000000000006 0.91500000000000015 0.73409311519043963 0.04779387263976307 6.1150000000000011 0.095000000000000015 14.535000000000002
decision_type=2 2 10 8 2 10 2 2 10 8 8 8 2 2 2 2 2 2 2 2 2 2 2 2 2 2 2 2 2 10
left_child=1 -1 3 4 -3 7 -7 9 -8 10 -5 -11 20 14 -14 -16 18 -18 28 -20 21 25 -22 26 -25 -13 -24 -28 -15 -30
right_child=-2 2 -4 5 -6 6 8 -9 -10 11 -12 12 13 16 15 -17 17 -19 19 -21 22 -23 23 24 -26 -27 27 -29 29 -31
leaf_value=0.0016790986441401327 -0.0042548519688843716 -0.002286278762347025 -0.0042087946910588214 0.00099586056908715446 0.0048255452930370778 0.00077237196008895235 -0.0091993884356507821 -0.0055561017688583398 -0.0011278557222828517 -0.0011734468102487477 0.010684317042231113 7.5596857924722731e-05 -0.0029649773138650513 0.0069631510562243584 0.021636452974893697 0.0046379423998963651 0.003837286288277749 -0.0022155271381401635 0.015103845628535484 -0.0027896170712609298 -0.00054102217146214228 -0.010447802702949989 -0.00078357736785710007 0.030107810440204354 0.007222474194501137 0.014413268904389081 0.018972368215198699 0.0043807986413910201 -0.0022061036514824505 0.0021066755979076211
leaf_weight=520.06900104880333 77.271723389625549 393.93427610397339 83.332250714302063 284.08721834421158 31.817768454551697 3173.0648374259472 28.78750479221344 66.287017613649368 247.34527143836021 1570.0553600490093 30.302636623382568 93.180607616901398 31.438985496759415 22.726977467536926 12.121054649353026 40.529776483774185 241.2847441136837 167.80085030198097 15.530101269483568 11.742271691560743 60.984056204557419 21.211845636367798 40.529776483774185 9.4695739448070508 24.620892256498337 10.605922818183897 13.636186480522154 39.014644652605057 875.74619841575623 110.60462367534637
leaf_count=536 51 260 55 195 21 2101 19 127 167 1043 20 237 56 30 32 74 472 341 29 28 158 53 101 25 56 22 33 91 1865 76
internal_value=1.05315e-05 5.03767e-05 -5.88945e-05 -1.37981e-05 -0.00175479 8.85436e-05 0.000552879 -0.000333647 -0.00196933 -0.000240768 0.00192969 -0.00044071 0.000183585 -0.00027969 0.00424565 0.00855127 -0.000542956 0.00135451 -0.00129196 0.00739972 0.00244562 -0.000493662 0.00439726 0.00676351 0.0135795 0.00154076 0.00426986 0.00815991 -0.00152687 -0.00172249
internal_weight=8349.13 8271.86 7751.79 7668.46 425.752 7242.71 3449.2 3793.51 276.133 3727.22 314.39 3412.83 1842.78 1529.53 84.0898 52.6508 1445.44 409.086 1036.35 27.2724 313.254 124.998 188.255 127.271 34.0905 103.787 93.1806 52.6508 1009.08 986.351
internal_count=8374 8323 7787 7732 281 7451 2287 5164 186 5037 215 4822 3779 3003 162 106 2841 813 2028 57 776 312 464 306 81 259 225 124 1971 1941
is_linear=0
shrinkage=0.03


Tree=177
num_leaves=31
num_cat=0
split_feature=82 86 80 89 2 23 17 37 83 3 87 7 10 78 85 80 96 77 73 10 70 93 85 7 16 64 62 74 77 99
split_gain=1.68772 1.48889 1.80916 1.98565 1.72531 3.23788 3.753 3.64916 2.63872 2.62696 2.85419 3.6296 2.69297 2.75818 3.34106 2.64218 2.1572 3.75233 2.12018 2.10631 2.0103 2.73941 2.53997 2.6999 2.54598 2.93842 2.19225 2.0057 1.98537 2.20422
threshold=5.0721250288802517 0.25018235672469197 10.217551724137932 0.90500000000000014 1.0000000180025095e-35 1.6352728194859305 -0.95909189535710848 3.0865000000000005 14.625000000000002 2.9250000000000003 0.49500000000000005 5.8650000000000011 11.645000000000001 -0.59999999999999987 1.7713103448275864 8.9594379310344845 9.5755000000000354 1.6250000000000007 2.5574657534246579 17.935000000000006 1.2550217055803718 18.555000000000003 2.5550344827586211 8.7650000000000023 -0.37258290072541284 3.3350000000000004 0.42681717039613776 0.54546589989211758 1.9350000000000003 0.8696945269981875
decision_type=10 2 10 2 2 2 2 2 8 2 2 2 8 2 2 8 2 2 2 10 10 10 2 2 2 2 2 2 2 2
left_child=1 2 3 -1 16 6 -6 28 -7 10 11 -10 13 -12 -15 -14 18 -18 -3 20 22 -22 24 -24 25 -20 -23 -19 29 -8
right_child=-2 4 -4 -5 5 8 7 -9 9 -11 12 -13 15 14 -16 -17 17 27 19 -21 21 26 23 -25 -26 -27 -28 -29 -30 -31
leaf_value=0.0037445806712188084 -0.0030357176819575454 0.0005451487069766019 -0.0055840882337237661 -0.0021757562341871151 0.0053666783206282086 -0.0080204311739206363 0.00064134297701232677 0.0012026264340145277 0.0072642243884559754 -0.012410824587245406 -0.0033326435807402772 -8.4562553046026558e-05 0.017442960564356121 0.0004140812706548108 0.011300348935964946 -0.0026234463722525003 -0.00098689342239775628 0.0095241001133260748 0.017340065218852698 -0.0080669502679052534 -0.0038947104425288595 0.00055245165043615017 -0.0037305716837249059 0.0027292118041780554 0.0015671140805055691 0.0029761896897994872 -0.0035515282137596289 0.0031224489857244334 -0.0018948642004453604 -0.0063613056151286375
leaf_weight=69.317281275987625 162.11910593509674 4555.2438504099846 87.877646207809448 192.80052551627159 58.332575500011444 29.166287750005722 47.726652681827545 183.33095157146454 136.36186480522156 12.499837607145308 42.423691272735596 108.71070888638496 6.0605273246765128 51.514482259750366 49.999350428581238 231.05760425329208 140.90726029872894 69.696064233779907 23.105760425329208 34.848032116889954 274.23886144161224 534.84153640270233 135.22551593184471 102.27139860391617 136.74064776301384 28.78750479221344 149.99805128574371 119.69541466236115 305.29906398057938 265.52685341238976
leaf_count=51 107 4076 58 185 151 20 90 283 261 33 28 209 4 34 33 361 93 46 28 23 181 353 207 114 214 37 99 79 485 416
internal_value=-4.65431e-06 5.53917e-05 -0.00185899 -0.000610118 0.000140924 -0.000763504 -0.00198027 -0.00251472 0.000803863 0.00120687 0.00147873 0.00400441 -0.000145636 0.00309133 0.00577597 -0.00211057 0.00036009 0.00272019 0.00022963 -0.000782485 -0.000599228 -0.00136102 0.00111532 -0.000948847 0.00371418 0.00937178 -0.000346429 0.00547826 -0.00361649 -0.0052944
internal_weight=8345.72 8183.61 349.995 262.118 7833.61 1528.01 860.216 801.884 667.794 638.628 626.128 245.073 381.056 143.938 101.514 237.118 6305.6 330.299 5975.3 1420.06 1385.21 959.078 426.131 237.497 188.634 51.8933 684.84 189.391 618.553 313.254
internal_count=8359 8252 294 236 7958 2408 1425 1274 983 963 930 470 460 95 67 365 5550 218 5332 1256 1233 633 600 321 279 65 452 125 991 506
is_linear=0
shrinkage=0.03


Tree=178
num_leaves=31
num_cat=0
split_feature=86 28 71 21 1 77 81 60 82 33 71 7 89 15 84 73 58 8 78 74 105 105 16 87 87 105 7 75 90 9
split_gain=1.62253 1.34848 2.21812 1.33745 1.25536 2.33867 2.01487 1.8352 1.5937 1.67256 2.7715 2.42624 2.76364 2.04853 2.45166 2.30115 4.50845 1.95238 2.31937 2.6951 2.3325 3.32287 2.48889 2.30931 2.39607 2.01085 2.34541 2.48005 7.89835 2.76512
threshold=0.25018235672469197 1.5150000000000003 18.335000000000004 -0.76062965362114654 1.0000000180025095e-35 1.0350000000000004 11.585000000000003 -3.0409999999999964 5.0721250288802517 11.965000000000002 17.450000000000006 7.6350000000000007 1.2450000000000003 1027.5675000000003 5.4769999999999763 2.1552054794520554 0.89483263624943643 3.3550000000000004 1.5250000000000006 1.1587784773831877 87.500000000000014 58.500000000000007 0.43027450889908786 0.19500000000000003 0.15500000000000003 89.500000000000014 8.1550000000000029 0.47500000000000003 0.73500000000000021 331.96500000000009
decision_type=2 2 8 8 2 2 8 2 10 10 10 2 2 10 2 2 10 2 2 2 2 2 2 2 2 2 2 2 2 2
left_child=-1 2 -2 -3 8 -6 -7 -8 9 17 -11 12 -12 14 15 16 -13 25 -19 20 21 23 -23 24 -20 26 27 28 -5 -30
right_child=1 3 -4 4 5 6 7 -9 -10 10 11 13 -14 -15 -16 -17 -18 18 19 -21 -22 22 -24 -25 -26 -27 -28 -29 29 -31
leaf_value=-0.0019938198675290399 0.00058931613012789944 0.0044368105152517009 0.013168403456254453 0.016830639514258321 0.0048973451660587952 0.01224019715487018 -0.010064712197164923 0.00043199818274046079 -0.0034242933755303491 0.0015644784442002022 0.0084767360561722998 -0.0087813063367324553 -0.0011619558160685026 0.0054799182575178155 -0.0028332288374702209 0.00053845693166837589 0.0082550575697385043 -0.002820713911980403 0.00041805574944577488 -0.01366629061087629 0.014091886980203413 -0.0092865716120540225 0.0042663669783903121 0.0012658461666248278 0.022089160032768292 0.0010900293863950283 0.0040763705926772495 -0.0018195823028175908 -0.0041472613164043699 0.008331059529025452
leaf_weight=362.49529060721397 39.393427610397339 61.362839162349701 18.560364931821823 27.651155918836594 113.63488733768463 12.87862056493759 15.151318311691282 1413.6179984807968 134.84673297405243 1093.1676161885262 27.272372961044312 16.666450142860413 1460.5870852470398 84.847382545471191 151.51318311691284 442.4184947013855 86.741297334432602 631.43119063973427 8.3332250714302081 11.742271691560743 11.742271691560743 45.453954935073853 16.666450142860413 187.49756410717964 10.227139860391615 749.99025642871857 78.786855220794678 925.36676588654518 73.105110853910446 20.454279720783234
leaf_count=300 26 54 37 55 195 10 10 2106 89 723 18 11 970 56 100 292 64 764 22 31 25 75 14 348 27 660 91 1018 115 33
internal_value=-3.08702e-05 5.83972e-05 0.00461791 2.50046e-05 -9.47432e-06 0.000753775 0.000427166 0.000320686 -0.000198002 -0.000127396 0.000323467 -0.000274156 -0.000985279 0.00107853 0.000542997 0.00148019 0.00550927 -0.000669249 -0.00179869 0.000413927 0.00100457 0.000431539 -0.00565042 0.00226507 0.0123593 -0.000113311 -0.000915268 -0.00129104 0.00274404 -0.00141921
internal_weight=8333.6 7971.11 57.9538 7913.15 7851.79 1555.28 1441.65 1428.77 6296.51 6161.66 3363.21 2270.05 1487.86 782.187 697.339 545.826 103.408 2798.45 923.094 291.663 279.921 268.178 62.1204 206.058 18.5604 1875.35 1125.36 1046.58 121.211 93.5594
internal_count=8339 8039 63 7976 7922 2321 2126 2116 5601 5512 2234 1511 988 523 467 367 75 3278 1306 542 511 486 89 397 49 1972 1312 1221 203 148
is_linear=0
shrinkage=0.03


Tree=179
num_leaves=31
num_cat=0
split_feature=30 51 32 44 96 16 51 60 69 36 17 19 66 97 104 49 72 43 14 9 73 48 12 83 18 88 41 60 17 96
split_gain=1.42136 1.62526 2.63928 1.603 1.55247 1.88455 1.84383 1.51728 1.78421 1.444 1.36417 1.26411 1.3352 1.39783 2.03564 1.25859 1.18483 1.21283 1.67475 1.69737 1.88016 1.63867 2.25589 1.17504 1.13974 1.1286 1.01047 1.37054 1.18619 1.08323
threshold=0.14499999999999993 1.1050000000000002 10.512857142857145 14.707368421052635 8.4304999999999968 -0.94123492117109386 1.3050000000000004 2.4039999999999968 15.215000000000002 -0.40449999999998448 0.99752737392011881 -0.96569922858414659 0.26499999999999996 121.68376010320102 0.50346020761245691 1.1184210526315792 8.0270000000000454 -0.19327272727272668 63.895000000000003 322.09000000000009 2.5430821917808224 0.70249999999998647 210.45000000000002 10.390000000000002 -0.5887731333852485 3.1950000000000007 0.90000000000000036 0.47850000000005372 0.96806016754351842 6.9555000000000868
decision_type=2 2 8 10 2 2 2 2 10 2 2 8 2 10 2 2 2 2 10 2 2 2 8 8 10 2 2 2 2 2
left_child=15 2 -2 9 5 6 -3 26 -9 -4 11 -11 -13 14 -14 -1 17 18 21 -20 -21 22 -17 -19 -5 -10 29 28 -28 -7
right_child=1 4 3 24 -6 7 -8 8 25 10 -12 12 13 -15 -16 16 -18 23 19 20 -22 -23 -24 -25 -26 -27 27 -29 -30 -31
leaf_value=-0.0061700014930383129 -0.0033838383195060845 0.015660407689211359 0.0097734520329001602 0.0023042393822679374 0.0020542917654059996 -0.001407072192504458 0.00012745879794242792 0.0054300961603692853 -0.0036225673476142032 0.0081188091185322685 0.011088107603014116 -0.0074871597982257383 0.0032945684988785707 -0.0054503569555164593 -0.005399603211871374 0.012197298116123521 -0.0042857287139146626 0.010126780479031056 0.0010762546109699639 0.012260735435648063 0.0035449676195184522 -0.0034126487977025727 0.00080026745767816578 0.00013160873090762635 -0.0057058601278159506 0.0013192345454200516 -0.0093580114693748856 -0.0014367977868467549 0.0016324039815691933 -0.0057895417785404609
leaf_weight=27.651155918836594 107.19557705521584 11.363488733768465 24.242109298706055 27.272372961044312 130.30133748054504 1186.3482238054276 17.424016058444977 56.059877753257751 71.211196064949036 25.757241129875183 14.772535353899 15.151318311691282 217.80020073056221 22.726977467536926 27.272372961044312 16.666450142860413 51.514482259750366 10.605922818183897 97.347220152616501 34.848032116889954 61.741622120141983 78.786855220794678 251.51188397407532 5525.6857882738113 38.635861694812775 99.998700857162476 53.029614090919495 69.696064233779907 10.605922818183897 53.029614090919495
leaf_count=31 73 24 16 18 86 1272 37 37 47 17 21 25 341 15 51 11 34 7 65 23 43 52 343 5468 27 66 74 46 19 35
internal_value=-2.09592e-05 -0.000660846 0.000811196 0.00189837 -0.00109669 -0.00134877 0.00625889 -0.00148565 0.000784816 0.00271145 0.00218222 0.00175604 0.00117684 0.00166702 0.00232706 0.000216011 0.000244823 0.000283227 0.00163911 0.0038719 0.00668948 0.000391078 0.00150856 0.000150757 -0.00239134 -0.000736205 -0.00186155 -0.00434314 -0.00752628 -0.00159459
internal_weight=8436.25 2279.89 520.827 413.631 1759.07 1628.77 28.7875 1599.98 227.27 347.723 323.481 308.708 282.951 267.8 245.073 6156.36 6128.71 6077.19 540.902 193.937 96.5897 346.965 268.178 5536.29 65.9082 171.21 1372.71 133.332 63.6355 1239.38
internal_count=8424 2347 604 531 1743 1657 61 1596 150 486 470 449 432 407 392 6077 6046 6012 537 131 66 406 354 5475 45 113 1446 139 93 1307
is_linear=0
shrinkage=0.03


Tree=180
num_leaves=31
num_cat=0
split_feature=42 64 64 39 57 32 93 38 91 75 7 33 87 67 9 7 58 76 65 69 52 80 55 38 91 17 89 65 63 57
split_gain=1.38593 1.48075 3.24786 1.79637 1.66929 1.64163 2.31376 2.11732 1.70823 2.07256 2.03659 1.86824 1.91742 3.01683 1.90222 2.18241 2.45385 2.58212 1.69848 1.57622 1.99859 2.01806 1.87026 1.97293 1.56706 1.5174 1.93909 1.42714 2.27195 1.42601
threshold=-0.34999999999999992 2.2650000000000001 2.2350000000000008 1.5750000000000004 9.2050000000000018 12.662857142857144 14.245000000000003 0.27596296047758945 0.0032009329239489864 0.38500000000000006 11.465000000000002 10.955000000000002 0.14500000000000005 0.099516358463726945 343.51500000000004 6.5250000000000012 0.92621426675262741 1.9150000000000003 0.40500000000000008 12.275 2.0750000000000006 8.7282068965517254 0.17064086687306532 0.24781825501901145 0.025105998866104127 0.028357792954432571 1.2750000000000001 2.6450000000000005 0.94500000000000006 12.495000000000003
decision_type=2 2 2 2 8 10 10 2 2 2 2 10 2 2 2 2 10 2 2 10 2 8 2 2 2 2 2 2 2 10
left_child=27 2 5 -4 -3 6 8 -7 9 -2 11 12 13 -10 19 16 17 -16 -11 20 21 -14 23 -23 -8 -13 -27 28 -1 -20
right_child=1 4 3 -5 -6 7 24 -9 10 18 -12 25 14 -15 15 -17 -18 -19 29 -21 -22 22 -24 -25 -26 26 -28 -29 -30 -31
leaf_value=0.0072068980024726738 0.010644789649104225 -0.0061002080373951549 0.0075629802504054581 0.0018008726807801447 -0.00041360891669689638 0.0022838980461151628 -0.00091250156670702649 -0.0038495361104169865 0.019849994032186218 -0.0060963421059385178 0.010860312513550154 -0.0016886349494649548 0.00085407066847873055 -0.0052111336437483278 0.001605260917479966 -0.0028567060282863061 -0.00059036084430122361 0.020329124479197394 0.0028652218643824075 -0.0064802110522082209 0.0031548376133966106 -0.0042322809678710209 -0.016495272866201977 0.0090263054667666966 -0.0043715375254520265 -1.6200632609759645e-05 0.0071100461552673858 -0.005655925017290178 0.00080557237734234894 -0.0014384427641152278
leaf_weight=51.893265217542648 23.48454338312149 46.969086766242981 79.923204094171524 124.61959311366081 4278.3535082638264 467.03938695788383 595.44680964946747 56.817443668842316 9.4695739448070544 24.999675214290619 14.393752396106718 69.696064233779907 103.02896451950073 7.9544421136379233 11.363488733768465 42.044908314943314 24.242109298706055 15.908884227275847 327.64725849032402 74.241459727287292 63.635536909103394 212.11845636367798 10.605922818183897 10.605922818183897 146.96778762340546 65.150668740272522 72.726327896118164 29.166287750005722 1299.2255452275276 87.877646207809448
leaf_count=62 50 31 73 119 4350 309 393 39 22 24 11 46 68 21 21 57 16 33 433 49 108 470 28 28 97 43 48 50 1255 58
internal_value=4.02048e-05 -0.000129612 0.00041578 0.00405236 -0.00047536 0.000122639 -0.000266565 0.00161867 0.000510593 0.00196107 -0.000323212 -0.000526257 -0.00139359 0.00840904 -0.0016944 0.00221499 0.0063544 0.0125275 0.00149814 -0.00246566 -0.00172054 -0.00264291 -0.00418703 -0.00360092 -0.00159725 0.00191904 0.0037427 0.000909701 0.00105143 0.00195506
internal_weight=8447.62 7067.33 2742.01 204.543 4325.32 2537.47 2013.61 523.857 1271.2 464.009 807.186 792.793 585.22 17.424 567.796 93.5594 51.5145 27.2724 440.525 474.236 399.995 336.359 233.33 222.724 742.415 207.573 137.877 1380.29 1351.12 415.525
internal_count=8412 7045 2664 192 4381 2472 2124 348 1634 565 1069 1058 921 43 878 127 70 54 515 751 702 594 526 498 490 137 91 1367 1317 491
is_linear=0
shrinkage=0.03


Tree=181
num_leaves=31
num_cat=0
split_feature=22 19 14 83 30 98 15 42 21 105 82 12 16 36 63 29 23 15 7 94 58 92 50 96 7 19 19 40 105 90
split_gain=1.55563 1.81976 2.00768 1.43305 1.4084 1.46483 1.35847 2.03256 1.2854 4.33434 1.59598 1.86048 1.67198 1.60386 1.32612 2.28052 2.09949 1.27328 2.01618 1.37032 1.2683 1.26053 1.15558 1.16066 1.10246 1.14817 1.10035 1.09617 1.5684 1.17954
threshold=2.3870500000000008 -1.0000000180025095e-35 73.585000000000022 13.660000000000002 -0.039999999999999696 104.15765233121196 1020.4830000000001 0.3900000000000004 0.16521970239405545 120.50000000000001 1.8164410576787073 228.45000000000002 -0.92980860373494434 0.80949999999995736 0.21500000000000002 0.80999999999999983 1.6346632309556781 1015.5170000000002 9.4450000000000021 3.1234540569744458 0.77903707789960397 16.449688581314884 0.090129860594403602 3.27249999999998 5.4250000000000007 0.95297932700251364 0.46846957256944827 1.5750000000000004 3.5000000000000004 1.1050000000000006
decision_type=2 8 10 10 2 8 10 2 8 2 8 10 2 2 2 2 2 10 2 10 8 10 2 2 2 8 10 2 2 2
left_child=1 -1 20 -4 21 6 17 -8 9 10 11 -7 -12 22 16 27 -10 18 19 26 -3 -2 -14 -24 25 -22 -6 -16 29 -29
right_child=4 2 3 -5 5 8 7 -9 14 -11 12 -13 13 -15 15 -17 -18 -19 -20 -21 24 -23 23 -25 -26 -27 -28 28 -30 -31
leaf_value=-0.0010048310327929392 0.0004594100458129275 0.0068733505899008854 0.0023321855493470926 0.010874071243043525 -0.0047403468387628312 0.0098057201198343824 -0.0013391892475717215 -0.0054644894155469739 0.00049197578792156184 -0.0033477108338770358 0.018953622639686678 0.0022551472409612235 0.010991392072815668 0.0072209169964523858 -0.0050612934253727636 -0.0069519264702269561 0.018403281073260003 0.00090096176316828229 0.0019273724177900566 0.00028932283579896948 0.00061766467388662074 -0.0051582406455822202 -0.0012163918224553452 0.0033179740616555895 -0.0002300006406804768 0.010186987747302615 -0.00080884864211183607 0.0077846343001306178 -0.000306883676962589 -0.0026399975161904557
leaf_weight=157.57371044158936 3155.2620384097099 36.363163948059082 30.302636623382568 42.423691272735596 201.51253354549408 54.544745922088623 469.69086766242981 139.39212846755981 18.181581974029545 137.87699663639069 4.9241784512996665 63.635536909103394 9.0907909870147687 36.363163948059082 42.423691272735596 46.969086766242981 8.7120080292224866 370.82851567864418 127.27107381820679 121.96811240911484 24.620892256498337 36.363163948059082 174.99772650003433 71.589979022741318 178.40677312016487 20.833062678575516 93.938173532485962 37.120729863643646 2417.3928366303444 13.257403522729872
leaf_count=104 3140 24 20 28 136 36 310 92 27 91 4 42 6 24 49 82 23 247 84 82 17 24 132 48 255 49 62 47 3073 23
internal_value=1.22439e-05 0.00165128 0.00290832 0.00731495 -9.01315e-05 -0.000422556 -0.00118539 -0.00228329 -5.1824e-05 0.00126085 0.00279143 0.00574003 0.00161801 0.00132571 -0.000332754 -0.00040245 0.00629423 -0.000454968 -0.00137809 -0.00238593 0.00167677 0.000395406 0.000487285 0.000100037 0.00083266 0.0050036 -0.00349033 -0.000279901 -0.000197703 0.00504131
internal_weight=8343.83 490.524 332.95 72.7263 7853.31 4661.68 1524.6 609.083 3137.08 553.023 415.146 118.18 296.966 292.042 2584.06 2557.16 26.8936 915.518 544.69 417.419 260.224 3191.63 255.678 246.588 223.861 45.454 295.451 2510.19 2467.77 50.3781
internal_count=8381 497 393 48 7884 4720 1013 402 3707 383 292 78 214 210 3324 3274 50 611 364 280 345 3164 186 180 321 66 198 3192 3143 70
is_linear=0
shrinkage=0.03


Tree=182
num_leaves=31
num_cat=0
split_feature=14 42 60 63 65 64 13 75 106 94 88 63 63 55 91 63 91 72 23 19 95 94 94 18 69 80 18 63 51 91
split_gain=1.75834 3.0883 2.15471 1.97471 2.20263 1.93548 1.9255 2.08778 1.83266 2.14013 1.83574 1.82949 3.23584 2.65098 1.72808 1.92845 1.71288 1.68202 1.63018 1.62403 1.61898 1.61536 1.58694 2.26562 1.96715 2.94657 1.99563 1.90765 2.32811 3.22385
threshold=56.585000000000008 0.93000000000000005 2.0699999999999936 2.2250000000000005 0.74500000000000022 3.9850000000000008 -2.3869999999999991 0.53500000000000014 118.50000000000001 1.3530720315967908 3.3700000000000006 0.19500000000000003 0.36500000000000005 0.27402631578947401 0.019913556920170068 3.2550000000000003 0.067497781730272946 -2.0865000000000005 1.631949353427101 0.18926682135278608 14.550000000000002 2.5036524169352128 4.4767458816740247 -0.3362734140866685 19.150000000000002 13.682827586206898 -0.48725011830408854 2.3650000000000007 2.2950000000000004 0.025840535514015221
decision_type=8 2 2 2 2 2 10 2 2 8 2 2 2 2 2 2 2 2 2 10 10 10 10 10 10 10 10 2 2 2
left_child=1 5 8 4 -4 16 -6 -8 11 -10 -11 -2 -13 22 15 -12 17 19 -9 -1 -19 -16 24 -24 25 27 -27 28 -14 -30
right_child=2 -3 3 -5 6 -7 7 18 9 10 14 12 13 -15 21 -17 -18 20 -20 -21 -22 -23 23 -25 -26 26 -28 -29 29 -31
leaf_value=0.0076445510547107675 0.010974631963929789 -0.0067501633534428557 -0.0012708951910475397 -0.001013662031659019 -0.0044176085007979768 -0.0033340758345154699 -0.00029019434195198492 0.0034342898806387174 -0.0037820034112224267 0.011895535434752327 0.0014931541437313187 -0.0066895698000469161 -1.9773681320894378e-05 0.0055797347466398015 0.0068186715064055383 -0.007760146745192713 0.0063645826733620481 0.0045799359421225191 0.0075906544825903848 -0.0013215120503614244 -0.00061868253658822119 -0.0020773726514961197 -0.00023203565630785258 -0.0056254807109401075 0.002985470376269013 -0.0012166272134713982 -0.0072474562455304425 -0.0028231579976680447 0.0094619189578185655 0.0011540550242948174
leaf_weight=45.453954935073853 13.257403522729872 72.726327896118164 113.63488733768463 184.84608340263367 27.272372961044312 196.96713805198669 92.423041701316833 275.75399327278137 57.57500958442688 17.424016058444977 331.43508806824684 67.802149444818497 3123.8230529129505 73.105110853910446 95.832088321447372 21.59062859416008 34.848032116889954 55.302311837673187 122.7256783246994 30.302636623382568 2148.8357195556164 22.726977467536926 182.95216861367226 113.63488733768463 186.3612152338028 121.21054649353027 83.332250714302063 199.23983579874039 54.544745922088623 183.33095157146454
leaf_count=30 35 48 75 122 18 130 61 188 38 34 398 161 3996 124 136 27 23 38 81 20 1419 15 126 75 123 80 55 316 81 289
internal_value=-5.44418e-06 -0.000655679 0.000286013 0.00171369 0.00251163 -0.000479214 0.00334113 0.00377217 5.04331e-05 0.00168884 0.00233296 -0.000152976 -0.000186585 -8.45573e-05 0.00197965 0.000927233 -0.000236287 -0.000337181 0.00471439 0.00405813 -0.000488248 0.00511336 -0.000182026 -0.00229849 -2.31846e-05 -0.000172089 -0.00367363 2.9042e-05 0.000198085 0.00305904
internal_weight=8350.27 2584.44 5765.83 816.656 631.81 2511.71 518.175 490.903 4949.18 546.584 489.009 4402.59 4389.34 4321.53 471.585 353.026 2314.74 2279.89 398.48 75.7566 2204.14 118.559 4248.43 296.587 3951.84 3765.48 204.543 3560.94 3361.7 237.876
internal_count=8362 1708 6654 545 423 1660 348 330 6109 648 610 5461 5426 5265 576 425 1530 1507 269 50 1457 151 5141 201 4940 4817 135 4682 4366 370
is_linear=0
shrinkage=0.03


Tree=183
num_leaves=31
num_cat=0
split_feature=39 30 67 86 72 92 70 90 85 97 106 14 20 74 58 9 17 33 73 73 27 27 11 19 76 44 91 62 87 105
split_gain=1.35717 1.36132 1.69997 1.44256 1.84083 2.21225 1.70984 1.41735 1.37161 1.98322 1.44695 1.39967 1.7474 1.3579 1.33973 1.33825 1.30642 1.28332 1.7424 1.53989 1.187 1.50201 1.54813 1.55875 1.83013 2.19178 1.67128 1.48753 1.31677 2.42878
threshold=4.0050000000000008 -0.079999999999999946 0.070711237553342812 0.61995091567981886 3.1520000000000441 7.7835070293028776 2.0203240948936867 0.73500000000000021 2.4257586206896558 18.156418286121305 106.50000000000001 51.315000000000005 -0.15798571900135752 0.58024610261927789 1.9551230716582382 85.75500000000001 0.95316427378335644 11.835000000000003 2.6222602739726031 2.3678082191780825 0.96500000000000008 1.5150000000000003 17.845000000000002 -0.056692765976365626 2.1550000000000007 7.8472105263157905 0.013404349136293773 0.15013482416280041 0.48500000000000004 16.500000000000004
decision_type=2 2 2 2 2 10 10 2 2 8 2 8 10 2 10 2 2 8 2 2 2 2 10 8 2 8 2 2 2 2
left_child=1 2 8 4 15 -6 7 -5 10 -10 14 -11 13 17 -1 -4 -9 -13 19 -19 -3 22 23 24 -22 -26 27 -25 29 -29
right_child=-2 20 3 6 5 -7 -8 16 9 11 -12 12 -14 -15 -16 -17 -18 18 -20 -21 21 -23 -24 26 25 -27 -28 28 -30 -31
leaf_value=7.1346262520745611e-05 -0.0063854698883935111 -0.0074643363073497318 0.0074782111500461997 -0.0064990496394252417 0.0013761061861744875 0.012070717353759473 -0.0039160115601546194 0.0006080337116861034 0.014199372401122195 -0.0018837048110954835 -0.0054950369609278607 -0.00041500145063230737 -0.0021451474557186477 -0.0015427710356911144 -0.0035573650995343337 0.0013045743459151869 0.0054781162287307322 0.0025298014069362633 0.0032532120922485505 0.014367946576625462 -0.0027771464334283721 -0.00043765418991155918 0.0092194914403768979 0.0076495208863872014 -0.0024805225426024228 0.0071690346581073216 -0.00069882171598501788 0.0032350556277260575 0.00092194305486004581 0.017825245606431086
leaf_weight=1304.5285066366196 29.923853665590286 20.454279720783234 36.363163948059082 18.181581974029541 30.302636623382568 40.908559441566467 65.150668740272522 150.75561720132828 10.605922818183897 113.63488733768463 47.726652681827545 65.150668740272522 82.953467756509781 59.46892437338829 98.483569025993347 241.2847441136837 73.86267676949501 15.908884227275847 232.95151904225349 26.136024087667465 191.28539368510246 4729.8627939522266 19.696713805198669 47.726652681827545 40.908559441566467 43.938823103904724 196.20957213640213 81.817118883132935 262.87537270784378 11.742271691560743
leaf_count=1338 25 33 36 27 20 27 43 191 7 75 39 43 57 58 65 268 84 21 267 42 127 4624 13 57 27 29 272 123 289 25
internal_value=-7.92544e-06 1.49e-05 0.000567018 0.00189583 0.00321677 0.00751982 0.000399412 0.00155737 0.000142835 0.00134048 -0.000358113 0.00111174 0.0018171 0.00263959 -0.000183369 0.00211313 0.00220949 0.00337081 0.00426772 0.00988865 -0.000250511 -0.000224284 0.000901817 0.000714903 -0.00115055 0.00251657 0.00157289 0.00267575 0.00200976 0.00506621
internal_weight=8390.8 8360.88 2714.36 656.81 348.859 71.2112 307.951 242.8 2057.55 606.81 1450.74 596.204 482.569 399.616 1403.01 277.648 224.618 340.147 274.996 42.0449 5646.52 5626.06 896.2 876.504 276.133 84.8474 600.371 404.161 356.435 93.5594
internal_count=8352 8327 2708 696 351 47 345 302 2012 570 1442 563 488 431 1403 304 275 373 330 63 5619 5586 962 949 183 56 766 494 437 148
is_linear=0
shrinkage=0.03


Tree=184
num_leaves=31
num_cat=0
split_feature=42 70 89 39 32 95 15 3 55 74 43 90 20 89 16 74 45 91 79 49 32 13 75 75 71 32 96 76 76 86
split_gain=1.55388 2.34464 2.01047 1.71139 1.60768 2.31747 4.42989 1.83971 1.72 1.66976 1.64756 1.75628 1.84613 1.74325 1.82099 1.70058 1.63217 1.6309 2.6221 2.54606 2.15786 2.15323 1.79978 1.97567 1.93589 3.12705 1.91985 2.55682 2.04875 2.49705
threshold=0.45000000000000012 2.5125929255315627 3.6950000000000007 0.89500000000000013 15.112142857142858 21.710000000000004 1014.0595000000002 1.5550000000000004 0.19442105263157899 1.1992498391957234 0.084545454545454854 -1.1349999999999996 0.015969083800001796 1.2150000000000005 0.80618651693153531 0.31115529551214072 17.865000000000006 0.012896020443059656 0.069487226952980402 2.5397368421052637 6.1028571428571441 -3.6214999999999997 2.3350000000000004 2.2200000000000002 17.570000000000004 9.0485714285714298 4.7355000000000027 3.3550000000000004 3.4950000000000006 0.74709550613260622
decision_type=2 8 2 2 10 10 10 2 2 2 2 2 10 2 2 2 10 2 2 2 8 8 2 2 8 10 2 2 2 2
left_child=4 3 -3 -2 7 6 -6 -1 9 10 11 12 15 14 -13 -9 -7 18 20 -20 -15 -19 23 24 25 -23 27 -26 -29 -30
right_child=1 2 -4 -5 5 16 -8 8 -10 -11 -12 13 -14 17 -16 -17 -18 21 19 -21 -22 22 -24 -25 26 -27 -28 28 29 -31
leaf_value=0.001813534237386066 -0.0089461099962001907 0.00078051194814810377 -0.009339143561779303 -0.0016716616786978972 -0.0034678387508674515 -0.0028951772491508996 0.0054273316401395669 0.0031768403442169269 0.0041702790603353971 -0.0079192437012087502 -0.0013027227707174719 -0.0028179632085349204 -0.0091234759187671013 0.0083766899614790193 0.0040927369487364796 -0.0030237458272169755 0.0012677680877159613 0.0066034306219303132 0.0032024924963561662 0.017222477633235696 0.00080894022087761369 -0.0018175182627650879 0.0025834431331543837 -0.0046122908161665161 -0.0013179306986662121 0.0018410587038536963 -0.0035961927236094161 0.0052085782951515058 0.0073261321312990358 -0.00085235393543512262
leaf_weight=514.3872566819191 30.302636623382568 626.5070121884346 18.181581974029541 737.49041882157326 63.635536909103394 115.15001916885376 242.04231002926826 54.544745922088623 85.226165503263474 24.620892256498337 853.77678686380386 266.28441932797432 31.817768454551697 34.848032116889954 39.393427610397339 147.34657058119774 321.20794820785522 43.938823103904724 35.226815074682236 17.424016058444977 1260.2109005749226 290.14774566888809 209.84575861692429 92.423041701316833 875.74619841575623 763.62644290924072 198.48226988315582 104.16531339287758 39.014644652605057 242.04231002926826
leaf_count=524 20 955 39 489 42 76 162 54 123 47 886 208 21 23 41 182 212 29 42 19 1194 196 236 79 1247 504 131 146 55 387
internal_value=6.85428e-05 -0.000838757 0.000495116 -0.00195876 0.000252499 0.00157244 0.00357555 9.51475e-05 -5.96497e-05 -0.00012374 -8.94678e-05 0.000128765 -0.00240704 0.000260089 -0.00192736 -0.00134854 0.000169213 0.000419023 0.00127939 0.0078422 0.00101258 1.3514e-05 -8.93287e-05 -0.00030458 -0.000146166 0.000833701 -0.000853663 -0.000421976 0.00161484 0.000282935
internal_weight=8379.06 1412.48 644.689 767.793 6966.58 742.036 305.678 6224.54 5710.15 5624.93 5600.31 4746.53 233.709 4512.82 305.678 201.891 436.358 4207.14 1347.71 52.6508 1295.06 2859.43 2815.49 2605.65 2513.22 1053.77 1459.45 1260.97 385.222 281.057
internal_count=8369 1503 994 509 6866 492 204 6374 5850 5727 5680 4794 257 4537 249 236 288 4288 1278 61 1217 3010 2981 2745 2666 700 1966 1835 588 442
is_linear=0
shrinkage=0.03


Tree=185
num_leaves=31
num_cat=0
split_feature=14 43 30 67 66 101 58 106 103 34 79 65 99 65 83 91 93 16 87 106 62 55 82 2 51 65 72 87 77 65
split_gain=1.84964 1.8158 1.79972 1.38457 1.8923 1.98529 2.219 1.98721 1.72169 1.56539 1.42004 2.77991 2.35054 2.21328 2.1178 2.09447 2.20544 2.2458 2.19252 2.18766 2.11999 1.8817 1.8185 2.08755 2.04965 1.76913 2.62297 2.01145 1.97246 1.71733
threshold=51.145000000000003 0.087818181818182017 -0.38499999999999995 0.11454125177809384 1.2150000000000005 18.500000000000004 0.88739589325250934 67.500000000000014 142.50000000000003 0.50240136283238424 0.0069061501479556623 1.2850000000000004 1.6782140161016168 2.2350000000000008 13.945000000000002 0.013404349136293773 14.925000000000002 -0.91333186482673046 0.44500000000000006 55.500000000000007 0.1404008090667446 -0.042105263157894639 3.4185501394030076 1.0000000180025095e-35 1.0550000000000004 1.2850000000000004 1.6300000000000525 0.095000000000000015 1.0250000000000006 0.87500000000000022
decision_type=8 2 2 2 2 2 8 2 2 10 2 2 2 2 8 2 8 2 2 2 2 2 8 2 2 2 2 2 2 2
left_child=1 -1 -2 10 -5 -6 9 8 -8 -7 11 12 14 25 -4 19 18 -18 -17 22 -21 -13 24 29 -16 26 27 -12 -28 -24
right_child=2 -3 3 4 5 6 7 -9 -10 -11 13 21 -14 -15 15 16 17 -19 -20 20 -22 -23 23 -25 -26 -27 28 -29 -30 -31
leaf_value=-0.000193735927650084 0.0025597188465729609 -0.0024203641864620298 -0.0019702286975869406 0.0044508909923473665 0.010110536168855348 -0.0099099862271158721 -0.0041271676443147953 -0.0069364442777943482 0.0019195433436452226 -0.00038258676664445048 0.0069701197732296126 0.00017989956387432263 0.011643068016967472 -0.0090236763612159474 -0.00260781508989644 0.011532624621603482 0.019042564764379707 -0.00056090096790824794 0.0009852722868505864 0.0062657585314525735 0.00054737084671873065 -0.0033129244856173329 0.0078541967699117237 0.002279268251839767 0.0043668987869998994 0.00089714732574442226 0.0021927285335912516 -0.00033943080782470171 -0.0032688315115540446 0.02108620268333352
leaf_weight=1063.6225454807281 294.69314116239548 477.64530977606773 190.90661072731018 144.69508987665176 19.317930847406387 30.302636623382568 46.590303808450699 27.272372961044312 468.93330174684525 31.817768454551697 34.469249159097672 335.60170060396194 18.939147889614105 26.514807045459747 45.453954935073853 28.78750479221344 5.3029614090919486 642.41589641571045 46.211520850658417 65.908234655857086 508.70551231503487 236.73934862017632 20.454279720783234 24.999675214290619 228.78490650653839 812.8682274222374 68.180932402610779 1988.9893113672733 468.17573583126068 15.530101269483565
leaf_count=702 334 316 126 145 24 20 45 27 623 21 46 319 23 55 30 19 14 754 32 66 572 235 48 57 151 940 45 2257 309 35
internal_value=5.55517e-05 -0.000883777 0.000266056 0.000163377 0.00135974 0.000643222 0.000340885 0.000955568 0.00137307 -0.0050301 5.15021e-06 0.000561425 0.00112876 -0.000390019 0.00101955 0.00136917 0.000163517 -0.000400405 0.00503375 0.00232686 0.00120327 -0.00126485 0.00425284 0.00893846 0.00321087 -0.000322145 -0.00070933 -0.000214914 -0.00257457 0.0135649
internal_weight=8418.83 1541.27 6877.56 6582.87 768.929 624.234 604.916 542.796 515.524 62.1204 5813.94 2414.74 1842.4 3399.2 1823.46 1632.55 722.718 647.719 74.999 909.837 574.614 572.341 335.223 60.9841 274.239 3372.68 2559.82 2023.46 536.357 35.9844
internal_count=8390 1018 7372 7038 905 760 736 695 668 41 6133 2481 1927 3652 1904 1778 819 768 51 959 638 554 321 140 181 3597 2657 2303 354 83
is_linear=0
shrinkage=0.03


Tree=186
num_leaves=31
num_cat=0
split_feature=63 63 48 23 63 17 7 14 13 20 106 106 57 54 21 68 47 57 20 72 62 92 105 13 62 15 93 39 36 92
split_gain=1.45502 2.28569 2.47485 2.27119 1.67432 1.31183 1.24071 1.19093 1.82646 2.99955 3.71347 2.69091 2.29553 2.14991 1.86919 1.80188 1.72151 2.064 1.9594 1.92155 1.73463 1.61536 2.44449 2.63449 2.05584 1.61277 1.55426 1.54903 1.54763 1.54607
threshold=0.21500000000000002 0.36500000000000005 0.70249999999998647 1.6345237047048355 0.46500000000000002 -0.65262743302777271 7.745000000000001 72.385000000000005 11.495000000000003 -0.23004973368424661 64.500000000000014 104.50000000000001 16.075000000000003 -0.11999999999999998 0.69031437835262677 12.737712328767126 13.335000000000003 11.835000000000003 -0.38469811104941415 -2.0865000000000005 0.78935699097402878 14.261352664840446 132.50000000000003 1.8060000000000003 0.29366496913730161 1019.4735000000002 16.365000000000006 1.0250000000000001 -0.38549999999997903 8.8149896193771635
decision_type=2 2 2 2 2 2 2 10 10 10 2 2 10 2 10 10 8 8 10 2 2 10 2 10 2 10 10 2 2 10
left_child=3 2 6 -1 5 -3 -2 16 9 11 13 15 -10 -11 -14 25 -6 -18 19 -19 -21 22 27 -24 -25 26 -9 -20 -29 -15
right_child=1 4 -4 -5 7 -7 -8 8 12 10 -12 -13 14 29 -16 -17 17 18 21 20 -22 -23 23 24 -26 -27 -28 28 -30 -31
leaf_value=0.00074731446126873231 -0.0047578242258556232 -0.0074819813281387258 0.0043723722543479631 0.015850530105431526 -0.0014036153875584818 0.0056525341656094765 -0.01349205664255549 0.0059824716250246168 0.00035811676681351927 0.011825999618709971 0.00022534971287911648 0.0040315814492739516 0.00084666183415859199 0.0010028707640751275 -0.005076197091454817 -0.0029015974495734185 0.004495502327035431 0.0053532910044413705 -0.0074825928196819332 9.9738301216485429e-05 0.0048481088081621217 -0.0041098187164120333 0.010050518865473458 -0.0023927454277256313 0.0068757903162883971 -0.0023256017168664851 -0.00025273124407681206 0.0026185759590267458 -0.0012511902762123415 0.0064628728676411618
leaf_weight=27.651155918836594 42.423691272735596 7.5756591558456412 19.696713805198669 13.257403522729872 973.47220152616501 70.832413107156754 22.348194509744644 71.211196064949036 1138.2427881658077 43.938823103904724 189.39147889614105 122.7256783246994 73.105110853910446 72.726327896118164 139.39212846755981 222.72437918186188 89.392778038978577 66.66580057144165 33.332900285720825 3081.0205786824226 70.832413107156754 136.36186480522156 36.363163948059082 66.66580057144165 31.817768454551697 87.877646207809448 72.726327896118164 101.5138326883316 1110.5916322469711 130.30133748054504
leaf_count=40 94 11 13 32 644 85 50 47 782 29 125 81 49 48 92 147 59 44 22 4567 130 90 24 44 21 58 48 67 733 86
internal_value=-2.08516e-06 -2.98183e-05 -0.00493966 0.00564188 2.05078e-05 0.0043835 -0.00777139 -2.14032e-05 0.000546061 0.0015086 0.00338565 8.97203e-05 -0.000176246 0.0058092 -0.00303856 -0.000974582 -0.000252808 -2.06042e-05 -0.000105861 0.000313057 0.00020645 -0.00099486 -0.000687126 0.0031497 0.000601705 0.000876864 0.00283205 -0.00110255 -0.000927097 0.00450705
internal_weight=8366.18 8325.27 84.4686 40.9086 8240.8 78.4081 64.7719 8162.39 2364.36 1013.62 436.358 577.265 1350.74 246.966 212.497 454.54 5798.03 4824.56 4735.17 3218.52 3151.85 1516.65 1380.29 134.847 98.4836 231.815 143.938 1245.44 1212.11 203.028
internal_count=8362 8290 157 72 8133 96 144 8037 1592 669 288 381 923 163 141 300 6445 5801 5742 4741 4697 1001 911 89 65 153 95 822 800 134
is_linear=0
shrinkage=0.03


Tree=187
num_leaves=31
num_cat=0
split_feature=42 14 92 105 75 61 83 87 62 96 51 19 87 82 93 45 63 89 42 63 82 90 69 23 92 61 76 88 55 86
split_gain=1.52984 1.45244 1.18318 1.96998 2.93049 2.75888 2.03877 1.8865 3.21659 2.00046 1.8763 1.82162 3.34126 2.95907 2.67476 2.5937 2.76156 2.39224 2.10129 1.86425 1.81719 1.72835 2.49529 1.73134 1.688 1.6154 1.58387 1.89369 2.0861 1.6707
threshold=-0.3299999999999999 45.07500000000001 11.692415224913498 92.500000000000014 0.92500000000000016 1.5036486486486489 13.775 1.5850000000000002 0.24262546331505666 11.45750000000004 1.9950000000000003 0.88437738808668509 0.8650000000000001 1.0928399849227073 14.635000000000003 18.355000000000004 0.54500000000000015 3.9650000000000003 0.45999999999999991 1.4850000000000001 1.2412544153694938 0.11 12.390000000000002 1.6415609390454156 5.5032871972318347 1.401756756756757 2.6850000000000005 2.7950000000000004 0.079657894736842191 0.9315288970650818
decision_type=2 8 10 2 2 2 8 2 2 2 2 8 2 8 10 10 2 2 2 2 10 2 8 2 10 2 2 2 2 2
left_child=1 -1 3 11 10 -6 -7 20 -9 -10 -5 13 17 -2 25 16 -15 19 24 -13 -4 22 -8 -23 -18 -14 -26 -28 29 -29
right_child=2 -3 7 4 5 6 21 8 9 -11 -12 12 14 15 -16 -17 18 -19 -20 -21 -22 23 -24 -25 26 -27 27 28 -30 -31
leaf_value=-0.0025164629043778939 0.0043185536293795321 0.0011095279131112729 0.0024765504353926062 0.0030855998628464996 0.0066766256708352791 -0.0032406612815943361 0.0028660126958964111 0.0057604453455375243 -0.0013043174963903944 0.0061043778361483591 0.012964063447551074 0.00011421777971227961 0.011528500897932392 0.0035241601178186139 -0.011040441825573602 0.0041518931060695553 0.018071567265915946 -0.010927171586756055 -0.0025708410245693153 -0.0024824202954063608 -0.0019814141762023868 0.00099630917324547278 -0.0021175927992182742 0.0051564613529849713 -0.00084154760425126144 -0.0036347319719364558 0.0086783778698681837 0.0032054259782740551 -0.0028328474947881552 -0.0015720368063925688
leaf_weight=107.57436001300812 141.66482621431351 1312.1041657924652 89.392778038978577 47.347869724035263 64.014319866895676 131.81646931171417 124.24081015586853 89.392778038978577 334.84413468837738 36.363163948059082 27.272372961044312 924.23041701316833 6.818093240261077 151.51318311691284 51.514482259750366 119.69541466236115 4.5453954935073844 20.454279720783234 417.79760244488716 340.52587905526161 1036.3501725196838 634.46145430207253 332.19265398383141 104.92287930846214 1141.273051828146 87.120080292224884 28.78750479221344 244.69379073381424 110.60462367534637 90.150343954563141
leaf_count=71 98 1352 59 44 67 87 82 59 221 24 30 1726 15 100 34 79 3 54 284 572 684 886 475 85 754 104 19 163 79 70
internal_value=-6.24546e-05 0.000834773 -0.000246154 -3.27163e-05 0.000904106 0.000593544 0.000300237 -0.000965667 0.000651701 -0.000578568 0.006696 -0.000386619 -0.00123724 0.000109948 -0.00554681 -0.000148257 -0.000383352 -0.000749505 -0.000673873 -0.000584907 -0.00162742 0.000690555 -0.00076106 0.00158666 -0.000184662 -0.00253417 -0.000236027 0.00122119 0.000739259 0.00191919
internal_weight=8353.68 1419.68 6934 5347.66 1466.27 1391.65 1327.63 1586.34 460.6 371.207 74.6202 3881.39 1430.66 2450.73 145.453 2309.06 2189.37 1285.21 2037.85 1264.76 1125.74 1195.82 456.433 739.384 1620.05 93.9382 1615.51 474.236 445.449 334.844
internal_count=8380 1423 6957 5910 1756 1682 1615 1047 304 245 74 4154 2505 1649 153 1551 1472 2352 1372 2298 743 1528 557 971 1088 119 1085 331 312 233
is_linear=0
shrinkage=0.03


Tree=188
num_leaves=31
num_cat=0
split_feature=42 34 98 87 91 79 98 51 35 59 65 86 105 88 15 90 97 17 79 80 89 74 83 93 91 84 85 90 91 39
split_gain=1.34667 1.48957 1.63848 1.35272 1.31595 2.0675 3.04213 2.30884 1.71063 1.70036 1.6956 2.08958 1.98728 1.96638 1.69573 1.58647 1.53648 1.50591 1.91614 1.65156 1.83448 1.67824 1.98931 1.48077 1.72069 2.11879 2.05841 1.63487 1.73418 1.6354
threshold=0.21999999999999989 1.7053961969232361 95.905219178085204 1.1050000000000002 0.012896020443059656 0.045037948907811882 84.79224622317291 2.1750000000000003 7.0070000000000006 19.895000000000003 1.0950000000000006 0.25580626546216989 124.50000000000001 1.5750000000000004 1024.9275000000002 -0.34999999999999992 49.742004198709743 -0.93596721710253894 -0.014102647167715761 9.3424758620689676 1.7350000000000005 0.3307856404447484 18.995000000000001 19.355000000000004 0.0025561525743977198 4.6554999999999618 1.9018275862068965 0.33500000000000002 0.0065449338686820934 1.7150000000000001
decision_type=2 10 8 2 2 2 8 2 8 10 2 2 2 2 10 2 10 2 2 8 2 2 10 8 2 2 2 2 2 2
left_child=4 2 -2 -3 5 8 -7 15 -1 -9 11 12 -10 -13 23 -8 17 18 -6 -19 -21 22 -22 24 25 -15 -26 -25 29 -29
right_child=1 3 -4 -5 16 6 7 9 10 -11 -12 13 -14 14 -16 -17 -18 19 -20 20 21 -23 -24 27 26 -27 -28 28 -30 -31
leaf_value=0.0099792096551380421 -0.0017892560783591511 -0.0019288011663352162 -2.9315092328514164e-05 -0.0091648227674377206 -0.0046948793630469422 0.012589027863264862 -0.0032514206012920341 0.012918238451278005 -0.00012817958471837763 0.0028175997032614001 -0.00095362482444244826 0.025689136344442223 -0.0070356838627598358 -0.0024840439771880649 0.0040116486145226303 0.0022674381117750398 0.0004349647411768195 0.0019962162092793554 0.0047798734053010128 -0.0042419816784918275 0.0037245611916413872 -0.0015144993456091039 -0.0023888300648007158 0.0014173096202032447 0.0048249446971447571 0.0035921108135258204 -0.0029134636321200675 0.017741719687892388 0.00036792593935114836 0.0052117543763061675
leaf_weight=16.666450142860413 618.93135303258896 86.36251437664032 2062.8519881367683 31.817768454551697 24.999675214290619 27.272372961044312 63.635536909103394 27.272372961044312 160.98275706171989 33.332900285720825 617.03743824362755 3.0302636623382559 48.863001555204391 274.23886144161224 192.42174255847931 178.02799016237259 1904.5207117795944 141.28604325652122 82.953467756509781 178.78555607795715 130.30133748054504 932.94242504239082 75.756591558456421 245.4513566493988 104.54409635066986 63.635536909103394 43.938823103904724 17.045233100652695 22.726977467536926 20.833062678575516
leaf_count=11 413 57 2383 21 30 18 75 30 125 22 561 2 36 181 127 176 1260 97 141 262 227 1458 50 387 69 42 29 45 51 28
internal_value=-4.30398e-05 -0.00058075 -0.000435494 -0.00387696 0.000224261 0.000805465 0.00299302 0.00212722 0.00041184 0.00736289 0.000323975 0.000982169 -0.00173661 0.0015597 0.00148546 0.000814196 -0.000137526 -0.000833315 0.00258572 -0.00108628 -0.00141677 -0.000973305 0.00147699 0.00087202 -0.000156737 -0.00133966 0.00253501 0.00250683 0.00691937 0.0108502
internal_weight=8432.47 2799.96 2681.78 118.18 5632.5 2160.96 329.541 302.269 1831.42 60.6053 1814.75 1197.71 209.846 987.866 984.836 241.664 3471.55 1567.03 107.953 1459.07 1317.79 1139 206.058 792.414 486.357 337.874 148.483 306.057 60.6053 37.8783
internal_count=8414 2874 2796 78 5540 2015 321 303 1694 52 1683 1122 161 961 959 251 3525 2265 171 2094 1997 1735 277 832 321 223 98 511 124 73
is_linear=0
shrinkage=0.03


Tree=189
num_leaves=31
num_cat=0
split_feature=55 96 90 16 70 68 47 75 105 70 78 58 57 62 88 81 15 71 106 23 44 94 67 94 50 82 76 21 47 82
split_gain=1.34086 1.39434 2.06487 1.99046 2.03991 1.40239 1.68621 2.52617 4.58162 1.85776 2.52391 1.74415 1.92196 3.23729 2.1151 2.57425 2.01776 2.00656 1.49829 1.46679 1.46142 1.95612 2.7983 2.16943 1.70869 1.65145 1.55305 1.51184 1.47711 1.42164
threshold=-0.049421052631578873 -9.8265000000000082 2.7650000000000006 -0.82658973653750667 0.83084198938702281 17.308835616438362 19.125000000000004 0.64500000000000013 104.50000000000001 1.8422071526352573 0.019999999999999688 3.8563401965407063 16.095000000000002 0.4892323305609122 3.1050000000000004 17.385000000000002 1014.0595000000002 19.910000000000004 3.5000000000000004 1.6327897069128234 12.751315789473686 2.089345290637143 0.063573968705547615 2.2652865600976817 0.32416649421367016 0.79278614586520069 4.4750000000000005 0.98580620572301914 18.025000000000002 3.9117463238625549
decision_type=2 2 2 2 10 10 10 2 2 10 2 10 10 2 2 10 10 10 2 2 10 8 2 8 2 8 2 10 10 10
left_child=-1 3 5 -2 -5 6 11 29 19 10 -10 12 20 14 17 -16 -15 18 -14 -9 21 22 25 -23 -24 -3 -25 -22 -29 -8
right_child=1 2 -4 4 -6 -7 7 8 9 -11 -12 -13 13 16 15 -17 -18 -19 -20 -21 27 23 24 26 -26 -27 -28 28 -30 -31
leaf_value=0.00070961222140258624 0.0072556247637354694 -0.0079770234123876082 -0.0037750421264439852 0.0079052219855596986 -0.00049229451306010222 -0.0052516426284785816 0.0019875575232279176 0.0038444017892940901 -0.0041513725190627133 -0.0032652683864411152 0.0034377190256104583 0.0085780937100005394 -0.00077744340134896736 -0.0067530960379364327 0.0034868099813455079 -0.003049671659319388 0.0043452346079925061 0.0022079594860583292 -0.0072691161165359614 0.010495598961532095 0.002454699630942728 -0.0040328016691741353 0.0060823330086166704 -0.0004599215204134824 -0.00062087091407133179 0.00029143214078354964 -0.0069756361407859319 -0.0021807085457619182 0.0050936453481974699 -0.0041998054057652192
leaf_weight=2108.6847260296345 51.514482259750366 22.348194509744644 146.58900466561317 30.302636623382568 184.84608340263367 48.484218597412109 48.484218597412109 284.84478425979614 54.544745922088623 131.81646931171417 142.42239212989807 19.696713805198669 39.393427610397339 17.424016058444977 77.271723389625549 181.81581974029541 95.832088321447372 30.302636623382568 170.45233100652695 33.332900285720825 355.29841440916061 170.07354804873466 126.13472494482994 2679.8894263803959 46.969086766242981 798.85325798392296 33.332900285720825 146.96778762340546 30.302636623382568 107.57436001300812
leaf_count=2108 34 17 198 20 122 32 32 188 36 87 94 13 26 13 51 120 70 20 114 22 236 113 84 3766 31 534 40 97 20 71
internal_value=5.47133e-05 -0.000164242 -0.000257963 0.00195873 0.000690454 -0.000170488 -0.000128343 0.00114846 0.00197487 -0.000508674 0.00133612 -0.00033168 -0.00036662 -0.00194134 -0.00298016 -0.00110019 0.0026378 -0.00500839 -0.00605046 0.00454119 -0.00014792 -0.000350309 0.00079711 -0.000745997 0.00426352 6.64142e-05 -0.000539969 0.00132566 -0.000937229 -0.00227752
internal_weight=8415.8 6307.12 6040.45 266.663 215.149 5893.86 5845.38 803.02 646.961 328.784 196.967 5042.36 5022.66 612.492 499.236 259.088 113.256 240.148 209.846 318.178 4410.17 3877.6 994.305 2883.3 173.104 821.201 2713.22 532.569 177.27 156.059
internal_count=8409 6301 6125 176 142 5927 5895 530 427 217 130 5365 5352 414 331 171 83 160 140 210 4938 4585 666 3919 115 551 3806 353 117 103
is_linear=0
shrinkage=0.03


Tree=190
num_leaves=31
num_cat=0
split_feature=39 43 14 14 86 10 21 89 69 21 85 16 75 96 16 7 93 93 16 68 79 56 75 95 80 72 14 60 93 39
split_gain=1.27044 1.38867 1.80391 1.59579 1.25324 1.20452 1.16851 1.17059 1.11972 1.1279 1.38444 2.01235 1.79369 1.37571 1.96277 1.26129 1.25136 2.04365 1.84706 2.13762 3.00899 1.64782 1.51988 1.51298 1.46283 1.44458 1.37214 1.89802 1.9432 1.8018
threshold=4.0050000000000008 -0.16418181818181804 63.895000000000003 90.050000000000011 0.38980204787942119 10.885000000000003 0.23030446396483381 3.1050000000000009 23.240000000000006 0.98686978142343651 1.0699655172413796 0.83369309621683529 1.7750000000000001 5.3504999999998981 -0.22979495079922821 5.2750000000000012 14.620000000000003 15.215000000000002 -0.24420742646569968 9.868493150684932 0.029423361717882231 12.106216216216218 0.39500000000000007 16.880000000000003 9.4233827586206917 0.84549999999995873 56.780000000000008 1.9670000000000416 16.345000000000002 1.3450000000000004
decision_type=2 2 10 10 2 10 10 2 10 10 2 2 2 2 2 2 8 8 2 8 2 10 2 8 10 2 10 2 10 2
left_child=1 2 4 6 -1 -5 -4 -8 9 16 11 -11 13 15 -15 -12 18 21 19 25 -21 -18 -20 -19 -22 -3 29 -28 -29 -25
right_child=-2 8 3 5 -6 -7 7 -9 -10 10 12 -13 -14 14 -16 -17 17 23 22 20 24 -23 -24 26 -26 -27 27 28 -30 -31
leaf_value=0.0049630581811038778 -0.0063206349578070415 -0.0028113220260221334 -0.00032093731151732689 0.0035026365265418487 -0.00025871659269688043 -0.0041992241642747246 0.0074186781207847639 0.0020360765624119368 -0.0056202140561433167 -0.0017623305179775949 0.0033923068813458955 -0.0092187833369492388 -0.0034551738701700807 0.0042694550506754509 -0.0019531571760855971 -0.0009927777436648977 -0.0049506447518071345 0.0032306395501808015 -0.0061024684703409214 0.011909866464305809 0.0068603004893567953 0.00061993282203628216 0.00055505292588829127 0.0016010912582992984 -0.0021522737772536075 0.0037700451862245072 -3.9181396354772797e-05 0.0069570917747647327 0.0013846259292038953 -0.00081081926094102004
leaf_weight=45.07517197728157 28.78750479221344 59.46892437338829 36.363163948059082 34.090466201305389 502.64498499035835 39.393427610397339 109.08949184417725 54.544745922088623 33.332900285720825 197.34592100977898 65.150668740272522 39.014644652605057 153.02831494808197 137.87699663639069 68.180932402610779 628.77970993518829 139.39212846755981 124.61959311366081 31.817768454551697 48.484218597412109 30.302636623382568 72.726327896118164 1027.6381644904613 314.01107200980186 34.848032116889954 60.605273246765137 1415.1331303119659 65.529451698064804 400.75236934423447 2482.9222883284092
leaf_count=47 22 40 24 27 571 26 72 36 22 131 43 31 101 91 45 415 92 83 21 32 20 48 697 652 23 40 937 44 269 3744
internal_value=-2.9069e-05 -7.64035e-06 0.00116456 0.00315441 0.000171015 -0.000626196 0.00454349 0.00562448 -0.000133786 -0.000109716 -0.00091822 -0.00299312 -0.000452486 5.8072e-05 0.0022105 -0.000581078 5.55388e-05 -0.000159019 0.000887627 0.00330163 0.00625093 -0.00304073 0.000355113 -3.17512e-05 0.00203962 0.000510504 -0.000118653 0.000507777 0.00216776 -0.000540035
internal_weight=8480.95 8452.16 821.201 273.481 547.72 73.4839 199.997 163.634 7630.96 7597.63 1289.38 236.361 1053.02 899.988 206.058 693.93 6308.25 5015.09 1293.17 233.709 113.635 212.118 1059.46 4802.97 65.1507 120.074 4678.35 1881.41 466.282 2796.93
internal_count=8446 8424 803 185 618 53 132 108 7621 7599 857 162 695 594 136 458 6742 5869 873 155 75 140 718 5729 43 80 5646 1250 313 4396
is_linear=0
shrinkage=0.03


Tree=191
num_leaves=31
num_cat=0
split_feature=63 1 63 7 63 9 20 85 75 51 79 46 63 13 83 58 56 7 82 51 64 83 93 12 79 13 59 101 81 44
split_gain=1.83658 2.07077 2.01793 1.97011 1.96804 2.07315 1.54094 1.62998 1.46807 1.67954 2.11627 1.63627 1.61363 2.59158 2.67763 2.1735 2.11985 1.8391 1.61795 2.00362 2.93965 2.60964 2.50985 2.46213 1.49304 1.47894 1.46041 1.39221 1.39217 1.56843
threshold=0.21500000000000002 1.0000000180025095e-35 0.36500000000000005 7.6550000000000011 0.46500000000000002 276.93500000000006 -0.74576675552434313 0.83131441570881237 2.8050000000000002 3.3300000000000005 -0.030225842280636826 1.7234748443687582 2.2050000000000005 5.2955000000000005 20.730000000000004 0.86661476885337718 15.178378378378381 8.7450000000000028 5.0721250288802517 2.2850000000000006 2.9350000000000005 20.360000000000003 17.105000000000004 334.82000000000005 0.085790910773787477 -4.4614999999999991 24.565000000000001 15.500000000000002 18.680000000000003 15.778421052631579
decision_type=2 2 2 2 2 2 8 2 2 2 2 8 2 10 8 8 10 2 10 2 2 8 10 8 2 8 10 2 8 10
left_child=1 -1 3 -2 5 -4 -7 -8 12 10 -10 -11 17 14 -14 -15 -17 18 19 25 23 22 -22 -21 -20 -6 28 -27 29 -16
right_child=2 -3 4 -5 8 6 7 -9 9 11 -12 -13 13 15 26 16 -18 -19 24 20 21 -23 -24 -25 -26 27 -28 -29 -30 -31
leaf_value=0.015703171600951436 -0.0017456379938084086 0.0017010981229750443 -0.0042955955340547173 -0.012418335894897083 0.00734953703641453 0.0037843965568498494 0.0064392322493402841 0.022652331092562143 0.00043630729970638529 0.0016643219599866508 0.0084043086688961061 -0.0071911337130389982 0.0072219067591369548 0.0015845854473110494 -0.0050947123689805236 -0.0045263053186974959 0.0022674035860801981 0.0022162323520172494 0.00040341318909831023 0.0036998641660047618 -0.0018484486440415058 -0.00086126330321604984 0.0071518796080202339 0.018678655257058134 -0.0064886120189257173 0.0063375935320562861 -0.0070222188595752142 -0.0001096464759433238 0.00046111929168210584 0.0022773249127969438
leaf_weight=14.014969438314436 53.408397048711777 29.545070707798004 18.181581974029541 21.969411551952362 24.242109298706055 42.423691272735596 12.878620564937593 9.8483569025993329 54.544745922088623 83.332250714302063 66.66580057144165 24.242109298706055 43.938823103904724 84.847382545471191 90.907909870147705 344.69249159097672 46.969086766242981 365.52555426955223 49.999350428581238 24.242109298706055 39.393427610397339 203.02766537666321 95.45330536365509 16.666450142860413 65.150668740272522 30.302636623382568 28.78750479221344 5753.3343459069729 609.84056204557419 36.363163948059082
leaf_count=37 96 36 30 46 16 28 22 23 48 55 74 37 29 56 60 238 31 329 33 16 26 257 66 29 43 20 19 5793 770 24
internal_value=6.21234e-05 0.00620611 3.00377e-05 -0.00485627 7.45971e-05 0.00466163 0.00716132 0.0134649 2.78817e-05 0.00239719 0.00481871 -0.000331274 -4.02707e-05 -0.0010131 1.98068e-05 -0.00276855 -0.00371159 0.00014742 2.74218e-05 9.30024e-05 0.00220705 0.00128744 0.00452257 0.00980233 -0.00349602 -4.48733e-05 -0.00039337 -7.5867e-05 -0.000134484 -0.00298842
internal_weight=8384.74 43.56 8341.18 75.3778 8265.8 83.3323 65.1507 22.727 8182.47 228.785 121.211 107.574 7953.68 1286.35 809.838 476.509 391.662 6667.34 6301.81 6186.66 378.783 337.874 134.847 40.9086 115.15 5807.88 765.899 5783.64 737.112 127.271
internal_count=8387 73 8314 142 8172 103 73 45 8069 214 122 92 7855 1227 902 325 269 6628 6299 6223 394 349 92 45 76 5829 873 5813 854 84
is_linear=0
shrinkage=0.03


Tree=192
num_leaves=31
num_cat=0
split_feature=100 42 98 2 91 23 96 15 17 12 90 64 39 12 77 103 101 96 91 76 88 91 17 64 12 81 37 98 15 13
split_gain=1.91694 1.36704 1.24901 1.34469 2.15267 2.4061 2.30582 3.39206 1.83396 1.69897 1.63964 1.97053 1.56431 1.54125 1.75916 1.52033 1.49014 1.9439 1.40683 1.50536 2.34302 1.76181 1.58484 1.52627 1.32711 1.62011 1.8249 1.64815 1.61975 1.49751
threshold=0.9999997569863347 -0.62499999999999989 37.950465513911134 1.0000000180025095e-35 -0.0069403637222484717 1.6468323165863834 -0.58049999999997215 1018.8285000000001 -0.95909189535710848 304.31500000000005 0.12500000000000003 2.4850000000000008 1.7250000000000003 323.72500000000008 1.5650000000000004 141.50000000000003 18.500000000000004 -0.15050000000002225 0.076534085907424235 2.0350000000000006 2.2750000000000004 0.019383378426598333 -0.18558086482922079 2.2450000000000006 19.870000000000005 11.715000000000002 1.7615000000000005 93.517412667537172 1003.9505000000001 23.665000000000003
decision_type=2 2 8 2 2 2 2 8 2 8 2 2 2 10 2 2 2 2 2 2 2 2 2 2 8 8 2 8 10 10
left_child=1 -1 -3 24 6 8 -5 -8 12 -10 -9 -12 -6 14 -7 -11 -17 -18 19 21 23 -19 -22 -21 -4 26 29 28 -27 -26
right_child=-2 2 3 4 5 13 7 10 9 15 11 -13 -14 -15 -16 16 17 18 -20 20 22 -23 -24 -25 25 27 -28 -29 -30 -31
leaf_value=0.0017107239754477375 -0.0084238509633146053 -0.0032069003108523499 -0.0015607333538065914 -0.0089736022884822735 0.00078837923048982381 -0.0026595830660933232 0.0098347151366737565 -0.0047141182957126928 0.0035731193169827231 -0.011313249994188279 0.0065962651751452512 -0.0056162813551957442 0.011179689527608718 0.0099424068387402968 0.011205347708054382 0.0053013653235965668 -0.0051605549078555871 -0.0022780487019273999 -0.0089158884532107262 0.0028759573022630446 -0.005740047688786728 -0.013037938156664408 -0.00029215561125602182 0.01438883624543238 -0.0013863027704314247 0.0030828382118099347 0.0055188542369659661 0.00046392217170968138 -0.00099587368341988816 0.00484712411148191
leaf_weight=411.35829216241837 24.242109298706055 112.1197555065155 374.23756229877472 51.514482259750366 34.848032116889954 29.923853665590286 20.075496762990952 145.83143875002861 71.211196064949036 13.257403522729872 29.166287750005722 20.075496762990952 20.833062678575516 31.817768454551697 11.363488733768461 31.817768454551697 104.54409635066986 69.696064233779907 18.939147889614105 43.18125718832016 51.893265217542648 17.045233100652695 650.37033852934837 13.636186480522154 113.25610437989235 93.938173532485962 110.22584071755409 4293.5048265755177 1304.5285066366196 49.999350428581238
leaf_count=411 25 74 247 34 92 61 14 250 47 35 65 35 55 21 27 54 69 151 50 72 137 39 976 36 77 62 75 4186 861 33
internal_value=-8.04155e-09 2.44654e-05 -6.29756e-05 -1.79036e-05 -0.000831781 -0.000295823 -0.00327252 -0.00190748 -0.000633795 -0.000906155 -0.0031159 0.0016173 0.00467628 0.00498039 0.00115645 -0.00122061 -0.00108695 -0.00129665 -0.000829533 -0.000648468 -0.000220639 -0.00439244 -0.000694724 0.00563905 0.00017223 0.000280946 0.00253643 0.000172577 -0.000721897 0.000522775
internal_weight=8368.45 8344.21 7932.85 7820.73 1481.04 1214.38 266.663 215.149 1141.27 1085.59 195.073 49.2418 55.6811 73.1051 41.2873 1014.38 1001.12 969.306 864.761 845.822 759.081 86.7413 702.264 56.8174 6339.69 5965.45 273.481 5691.97 1398.47 163.255
internal_count=8371 8346 7935 7861 2320 1922 398 364 1813 1666 350 100 147 109 88 1619 1584 1530 1461 1411 1221 190 1113 108 5541 5294 185 5109 923 110
is_linear=0
shrinkage=0.03


Tree=193
num_leaves=31
num_cat=0
split_feature=24 46 84 53 106 61 42 1 93 43 89 87 25 86 59 87 7 51 51 96 59 89 89 12 83 95 83 78 57 85
split_gain=1.1933 1.16004 1.73091 1.34245 1.54608 1.62821 1.32825 1.12102 3.02213 1.91925 1.78003 1.69163 2.51254 2.83154 1.96858 3.09957 2.36572 3.09128 2.74713 2.62273 2.17866 2.09736 2.12974 2.07906 2.06231 2.8548 3.31694 2.20661 2.10847 2.81748
threshold=186.10469700000004 2.0256107571419597 -7.3514999999999864 1.2200000000000006 96.500000000000014 1.5109459459459462 -0.86999999999999988 1.0000000180025095e-35 11.590000000000002 0.30781818181818238 2.0950000000000011 0.17500000000000002 2.108750000000001 1.0010401654357126 17.450000000000006 0.20500000000000004 7.6950000000000012 1.1850000000000003 1.1650000000000003 -11.766000000000018 16.475000000000005 2.1250000000000004 2.5650000000000008 195.85000000000005 23.765000000000004 21.510000000000002 19.845000000000002 0.53500000000000014 15.805000000000001 1.2774827586206898
decision_type=2 10 2 2 2 2 2 2 8 2 2 2 2 2 8 2 2 2 2 2 10 2 2 10 10 10 10 2 8 2
left_child=1 6 -3 4 5 -4 -1 11 -9 -10 -11 12 -8 -14 20 -16 17 18 19 -17 -13 -18 -23 -21 25 26 28 -28 -19 -30
right_child=-2 2 3 -5 -6 -7 7 8 9 10 -12 14 13 -15 15 16 21 24 -20 23 -22 22 -24 -25 -26 -27 27 -29 29 -31
leaf_value=0.0030172069686814048 -0.0052056039986217058 -0.0045265820903768886 0.0078130096641923583 -0.0032134144392560911 0.0080377734519899834 0.00075081626527104327 -0.0035104749572457024 0.010901749911630792 0.00016920882612318563 0.011885491840499732 0.0015534162301623527 -0.00022729139610583429 0.020610268704773078 0.00045850788236893213 -0.013894762201439955 0.012698677599701337 0.0052443903962656096 0.00075848060598438427 0.012431301853305278 0.0021024503930151556 0.0018594754296319454 -0.0036702063290235945 0.00078061485352143713 -0.0030865111983430296 0.0016332632179045206 -0.0049965302159039647 -0.00369845680141006 0.0028359441153772928 -0.0004042597665345874 -0.0043388752188424865
leaf_weight=120.07419762015343 40.529776483774185 34.848032116889954 36.363163948059082 31.817768454551697 49.999350428581238 153.02831494808197 16.28766718506813 24.999675214290619 1487.8594582080841 24.242109298706055 39.393427610397339 3110.1868664324284 14.01496943831444 11.363488733768461 16.666450142860413 15.151318311691282 76.135374516248703 148.48291945457458 18.560364931821823 162.8766718506813 526.50831133127213 117.80149987339973 541.65962964296341 121.21054649353027 128.78620564937592 289.39017975330353 60.605273246765137 199.99740171432495 235.22421678900719 539.38693189620972
leaf_count=125 35 23 24 21 33 101 43 18 2236 43 53 2058 37 30 44 10 102 98 31 352 349 104 536 83 85 191 40 132 426 905
internal_value=-7.04019e-05 -4.54851e-05 0.00176732 0.00257603 0.00334551 0.00210676 -0.000114434 -0.000161871 0.000554155 0.000387422 0.00548945 -0.000339629 0.00568532 0.0115871 -0.000379421 -0.000997681 -0.00091673 -0.00147104 0.00123177 0.00053711 7.48236e-05 0.000529849 -1.44486e-05 -0.000111507 -0.00200726 -0.00232553 -0.00167253 0.00131632 -0.00251632 -0.00314406
internal_weight=8393.45 8352.92 306.057 271.209 239.391 189.391 8046.87 7926.79 1576.49 1551.49 63.6355 6350.3 41.6661 25.3785 6308.63 2671.93 2655.27 1919.67 317.799 299.239 3636.7 735.597 659.461 284.087 1601.87 1473.09 1183.7 260.603 923.094 774.611
internal_count=8368 8333 202 179 158 125 8131 8006 2350 2332 96 5656 110 67 5546 3139 3095 2353 476 445 2407 742 640 435 1877 1792 1601 172 1429 1331
is_linear=0
shrinkage=0.03


Tree=194
num_leaves=31
num_cat=0
split_feature=42 90 60 77 50 82 12 45 3 57 84 71 89 54 86 68 85 87 69 84 72 9 89 9 47 62 82 105 76 69
split_gain=1.27817 1.1681 1.55091 1.9946 1.80184 1.61912 1.36891 2.10986 1.93173 1.71185 1.61531 2.98299 1.76313 1.63061 1.3383 1.29564 1.24511 1.18898 1.44967 1.13046 1.12823 1.10346 1.04796 1.57011 1.27214 1.7929 1.68854 2.74124 1.55211 1.53992
threshold=-0.28999999999999987 2.7350000000000008 2.0194999999999941 2.8650000000000007 0.55829837490134093 4.5929870952683558 318.24500000000006 17.865000000000006 2.8150000000000004 16.800000000000001 1.1115000000000352 16.775000000000002 2.5250000000000008 0.2299999999999999 0.87891290348799389 13.089585338763422 0.48215277777777782 0.095000000000000015 12.555000000000001 -1.4844999999999684 8.0270000000000454 28.360000000000003 1.8450000000000004 83.540000000000006 21.310000000000002 0.39666571857088012 2.4228139308061638 119.50000000000001 3.9650000000000003 14.025
decision_type=2 2 2 2 2 10 10 10 2 10 2 10 2 2 2 10 2 2 10 2 2 2 2 2 10 2 10 2 2 8
left_child=20 2 5 4 6 17 7 9 -9 -4 -8 13 -13 -12 -5 -11 -3 18 -2 -7 21 -1 23 -23 26 -26 29 -28 -29 -24
right_child=1 16 3 14 -6 19 10 8 -10 15 11 12 -14 -15 -16 -17 -18 -19 -20 -21 -22 22 24 -25 25 -27 27 28 -30 -31
leaf_value=-0.0021016738657004879 0.010926624077849563 0.05191428661572401 -9.7102239781553479e-05 0.0097758596762044687 -0.0057751212441467196 0.00027821237338409736 0.0067815527242835356 0.010086390915051927 0.000573288098092123 -0.010279690297761025 0.001367883064629498 -0.0025086284244661928 0.0030889231310671952 0.0087491700781537722 0.0017396588674513547 -0.0021061137852099537 -0.0025286455246521229 -0.00027965992724691768 0.0012667773820732445 -0.0062717048834180162 -0.0063836315002435478 0.010454152357917208 0.0028722907855482545 0.0020092103872940037 0.006901379980211772 -0.00094025861182383728 0.00052422116539626933 0.010072133364810047 0.0018744403154156942 -0.00088947261085904757
leaf_weight=107.57436001300812 17.802799016237259 0.37878295779228111 368.55581793189049 36.741946905851364 38.257078737020493 36.363163948059082 59.090141415596008 31.817768454551697 48.484218597412109 27.272372961044312 48.484218597412109 146.96778762340546 77.271723389625549 60.605273246765137 37.87829577922821 48.484218597412109 199.23983579874039 5314.3248978257179 65.150668740272522 68.180932402610779 19.696713805198669 21.211845636367798 113.63488733768463 300.75366848707199 65.150668740272522 43.938823103904724 237.87569749355316 51.514482259750366 34.848032116889954 709.0816969871521
leaf_count=122 38 1 244 25 26 24 39 21 32 21 32 97 51 40 25 32 238 5636 43 48 13 35 75 272 43 29 160 34 23 906
internal_value=2.11222e-05 -0.000164735 -9.56475e-05 0.000972801 0.000603815 -0.000295655 0.000869933 -0.000132536 0.00434263 -0.000941348 0.00221011 0.00139971 -0.000579742 0.0054686 0.00569657 -0.0050486 -0.00242534 -0.000224029 0.0033399 -0.00399347 0.000754765 0.00083818 0.00103859 0.00256558 0.000647175 0.00374294 0.000352729 0.0021863 0.00676429 -0.000369892
internal_weight=8436.63 6731.35 6531.73 1029.91 955.291 5501.82 917.034 524.614 80.302 444.312 392.419 333.329 224.24 109.089 74.6202 75.7566 199.619 5397.28 82.9535 104.544 1705.28 1685.58 1578.01 321.966 1256.04 109.089 1146.95 324.238 86.3625 822.717
internal_count=8425 6713 6474 685 635 5789 609 350 53 297 259 220 148 72 50 53 239 5717 81 72 1712 1699 1577 307 1270 72 1198 217 57 981
is_linear=0
shrinkage=0.03


Tree=195
num_leaves=31
num_cat=0
split_feature=55 90 61 85 63 80 36 92 55 82 88 85 86 65 75 65 93 70 16 33 19 74 86 89 39 100 93 72 93 96
split_gain=1.15382 1.6593 1.54594 2.19842 1.52213 1.48047 1.25774 1.68552 2.48928 1.74799 1.7267 2.22757 4.90903 2.40006 2.20528 1.93634 1.9747 1.92705 1.74029 1.64093 1.58366 1.83392 1.70161 2.10796 1.52597 1.62449 1.4814 2.09767 1.62628 2.49792
threshold=-0.062289473684210554 -1.2049999999999998 1.8890540540540544 2.5242413793103453 3.4650000000000003 10.354048275862072 0.38249999999999323 14.048062283737027 0.033394736842105262 1.8048905317790858 4.0750000000000011 2.4135862068965523 0.64566940863256617 1.0250000000000001 1.7050000000000003 1.3050000000000004 14.505000000000001 1.2949627913913921 -0.99214638768961005 6.3695000000000013 0.92603527266084573 0.90212365540542849 1.0441869256016607 3.4850000000000008 2.8750000000000004 0.62593040800749222 18.235000000000003 2.5374999999999095 11.610000000000001 1.2564999999999602
decision_type=2 2 2 2 2 8 2 10 2 10 2 2 2 2 2 2 8 8 2 8 10 2 2 2 2 2 10 2 8 2
left_child=1 -1 -3 -4 6 -5 7 10 9 -9 11 14 15 -14 18 16 -13 -16 -2 -20 21 26 23 -23 25 -12 28 -28 29 -21
right_child=4 2 3 5 -6 -7 -8 8 -10 -11 24 12 13 -15 17 -17 -18 -19 19 20 -22 22 -24 -25 -26 -27 27 -29 -30 -31
leaf_value=-0.0030403008642212502 0.0079111265092146194 0.0034266129624829344 -0.00020061079603544201 0.010711069682821515 -0.008834212742405834 0.0019629554561476294 0.00054806780110013876 -0.0049984298749538728 -0.0065181925227264913 0.0025806154231749119 -0.0024671094877515144 -0.0059225338698597465 0.018899296173370647 0.0055576638183330671 0.0012924245674115382 -0.005153840082871247 0.0029793562449060168 -0.0043105833917759838 -0.0054562502250522348 0.00061832463468627355 -0.0018394413912523569 0.0035182328708998614 -0.0050280400981522685 0.016770971998681907 -0.00024459360918525647 -0.0086500606391201138 0.0033376254591769169 -0.0020574239516363384 -0.00043394987730497963 0.010057903294468793
leaf_weight=106.05922818183899 23.863326340913773 183.70973452925682 1093.5463991463184 18.181581974029541 18.560364931821823 410.6007262468338 1449.6023794710636 42.423691272735596 99.998700857162476 77.271723389625549 139.7709114253521 25.757241129875183 20.075496762990952 30.68141958117485 74.241459727287292 43.560040146112442 173.4825946688652 215.9062859416008 53.029614090919495 103.7865304350853 437.87309920787811 99.241134941577911 17.802799016237259 12.121054649353026 167.80085030198097 52.650831133127213 236.36056566238403 89.392778038978577 2772.3124680817127 33.332900285720825
leaf_count=112 39 176 1153 12 22 355 962 28 66 51 186 17 32 36 49 40 191 219 35 73 292 154 35 32 233 85 156 59 3404 22
internal_value=-6.8911e-05 0.000600634 0.00082698 0.000513265 -0.000255257 0.0023339 -0.000230732 -0.000454608 -0.00302445 -0.000105628 -0.000337549 -0.000176281 0.00234962 0.0108346 -0.000354128 0.000575852 0.00182854 -0.00287692 -0.000165431 -0.000215423 -0.000142329 7.85514e-05 0.00358396 0.00496071 -0.00233552 -0.0041589 -6.14022e-05 0.00185712 -0.000276209 0.00291303
internal_weight=8323 1812.1 1706.04 1522.33 6510.9 428.782 6492.34 5042.74 219.694 119.695 4823.04 4462.82 293.557 50.7569 4169.26 242.8 199.24 290.148 3879.12 3855.25 3802.22 3364.35 129.165 111.362 360.223 192.422 3235.19 325.753 2909.43 137.119
internal_count=8326 1808 1696 1520 6518 367 6496 5534 145 79 5389 4885 316 68 4569 248 208 268 4301 4262 4227 3935 221 186 504 271 3714 215 3499 95
is_linear=0
shrinkage=0.03


Tree=196
num_leaves=31
num_cat=0
split_feature=76 82 79 64 68 49 63 12 17 62 9 51 97 16 50 62 62 67 17 87 38 89 88 39 98 76 88 12 95 64
split_gain=1.37218 2.89532 2.89124 1.63043 1.45727 1.20143 1.5562 2.26148 1.78756 1.75123 1.71985 1.70465 1.53988 1.67906 1.48027 1.43142 1.42322 1.22653 1.19087 1.24614 1.3843 1.15223 1.22482 1.1204 1.11566 2.53664 2.09772 1.73716 1.81666 2.55609
threshold=1.925 3.103069235207276 0.016211125509070713 1.905 12.075979452054794 1.165526315789474 0.80500000000000016 325.18000000000006 -0.51016725091371151 1.0547965640652173 324.10000000000008 0.48500000000000004 145.35203583109202 -0.72163940434194906 0.41497099651945563 0.62417253454493926 0.50315118036124529 0.056169985775248905 -0.85846797212079695 0.49500000000000005 0.29404458980629533 0.90500000000000014 3.1850000000000005 1.5050000000000001 87.122330144822286 1.9350000000000003 1.9750000000000003 23.270000000000003 18.355 2.0150000000000001
decision_type=2 10 2 2 10 2 2 10 2 2 2 2 8 2 2 2 2 2 2 2 2 2 2 2 10 2 2 10 10 2
left_child=1 4 -3 -2 21 17 7 8 18 24 11 -10 -13 15 -12 -14 -16 -5 19 20 -7 -1 -23 -15 25 -8 -27 -26 29 -29
right_child=3 2 -4 5 -6 6 9 -9 10 -11 14 12 13 23 16 -17 -18 -19 -20 -21 -22 22 -24 -25 27 26 -28 28 -30 -31
leaf_value=0.0039967883189756873 0.0030740294473196855 0.009906432470117809 0.00017964033748219655 -0.012686999136237775 -0.0067466631272551543 0.014166506422827416 0.011576908323009965 -0.0022798467270542201 -0.0047850983219611797 -0.0072167007412146664 -0.00056766907209733768 0.0043620692849188304 0.010873783953857453 0.012721945441783983 0.012941570051036928 0.026655742385125771 0.0027623658226004805 -0.00088410442361185049 -0.0080643862893364209 -0.004153645934190456 -0.001898071637880456 -0.0019620098049505049 0.0047535726447342037 0.00067617850815651507 -0.0023007260177434451 -0.01284456822586599 -0.00052213617420467659 -0.0021457979803393337 8.2310671514637776e-05 0.0022014000284663543
leaf_weight=33.332900285720825 167.80085030198097 38.635861694812775 95.45330536365509 13.257403522729872 49.999350428581238 9.8483569025993365 15.530101269483565 109.08949184417725 13.636186480522154 30.302636623382568 130.68012043833733 117.42271691560745 13.636186480522158 12.121054649353029 14.772535353899 8.3332250714302045 75.756591558456421 19.696713805198669 20.833062678575516 21.969411551952362 9.4695739448070508 662.87017613649368 25.378458172082901 16.28766718506813 218.17898368835449 12.499837607145308 2346.5604235231876 142.42239212989807 3001.0973745882511 837.86790263652802
leaf_count=25 164 27 63 23 33 26 20 72 30 26 150 79 33 29 21 22 122 37 34 28 22 763 34 43 144 30 3543 94 1989 553
internal_value=1.542e-05 -0.00108664 0.00298228 0.000150681 -0.00179375 8.26566e-05 0.000108893 0.0016074 0.00251981 -2.13111e-05 0.0032506 0.00541553 0.00624447 0.010632 0.00147491 0.01686 0.00442341 -0.0056324 -0.00221692 0.000733632 0.00629171 -0.00145056 -0.00171438 0.00581571 1.1855e-05 -0.000507872 -0.000587428 0.000305728 0.000448561 0.00156981
internal_weight=8284.74 905.67 134.089 7379.07 771.581 7211.27 7178.32 573.856 464.767 6604.46 402.646 181.437 167.801 50.3781 221.209 21.9694 90.5291 32.9541 62.1204 41.2873 19.3179 721.582 688.249 28.4087 6574.16 2374.59 2359.06 4199.57 3981.39 980.29
internal_count=8279 945 90 7334 855 7170 7110 711 639 6399 529 236 206 127 293 55 143 60 110 76 48 822 797 72 6373 3593 3573 2780 2636 647
is_linear=0
shrinkage=0.03


Tree=197
num_leaves=31
num_cat=0
split_feature=55 7 16 7 92 90 65 32 89 75 75 19 71 57 72 81 74 78 94 12 91 89 42 21 72 76 74 86 89 75
split_gain=1.70662 1.36601 1.3062 1.54823 1.29775 2.05623 1.43909 1.39871 1.65498 1.51173 2.15546 1.53086 1.43021 2.12029 1.78059 2.07996 1.51944 1.55916 2.17996 1.36605 1.29709 1.61718 1.31877 1.77351 1.45593 1.41743 1.29461 1.30113 1.59605 1.61125
threshold=-0.062289473684210554 14.200000000000001 -0.54960617940095735 7.3050000000000006 14.093901384083045 -0.30999999999999989 1.0550000000000004 12.811428571428573 3.9650000000000003 0.47500000000000003 0.20500000000000004 -0.98755107367302453 16.675000000000004 15.070000000000002 0.64300000000002921 18.905000000000005 0.29229576642245797 -0.66999999999999971 4.0142998087184347 239.15000000000001 0.039509152102031188 2.8150000000000008 -0.13999999999999976 -0.23098380779199548 -6.4909999999999846 2.9150000000000005 0.92018637263353742 1.0367419374686511 3.4950000000000006 0.31500000000000006
decision_type=2 2 2 2 10 2 2 10 2 2 2 10 10 10 2 10 2 2 10 10 2 2 2 10 2 2 2 2 2 2
left_child=2 4 3 -1 7 6 -6 8 12 10 -9 -11 13 26 16 -16 -14 -18 -19 -12 22 -22 -13 25 -25 -24 -2 28 29 -28
right_child=1 -3 -4 -5 5 -7 -8 9 -10 11 19 20 14 -15 15 -17 17 18 -20 -21 21 -23 23 24 -26 -27 27 -29 -30 -31
leaf_value=-0.0025588165767797167 -0.00022222047258883712 0.0071563396284638594 0.0012311540640785284 0.0016962136990781285 0.0065090658566932056 -0.0036098476008405139 -0.0012150536299897091 0.0040707498798716853 -0.0074389389590929769 -0.0044473134698317617 0.00093613578674382443 0.0039673533463747291 -0.0026899202310940516 0.010147789384777802 -0.0032926675386677614 0.0011800911262769484 -0.0027432213726564726 0.0043736777589936937 -0.0031751438123676589 -0.0049260952402490742 -0.0035378446121710786 0.00073334211550890843 0.0012513517723944671 0.0089980916076330426 0.0013103731186969499 -0.0069142743475716674 -0.0051471233401575939 -0.0034908037031653257 0.013178769030272184 0.0061534422355454949
leaf_weight=194.694440305233 3281.3967633545399 22.726977467536926 1483.692845672369 127.27107381820679 34.848032116889954 227.26977467536926 57.57500958442688 45.453954935073853 29.923853665590286 46.969086766242981 49.999350428581238 173.4825946688652 112.1197555065155 18.181581974029541 472.72113132476807 116.66515100002289 60.605273246765137 159.08884227275848 43.938823103904724 125.75594198703766 109.08949184417725 296.96583890914917 34.848032116889954 22.726977467536926 906.42761799693108 42.423691272735596 16.28766718506813 19.317930847406387 17.424016058444977 37.499512821435928
leaf_count=220 4169 27 1463 129 23 150 38 30 76 31 33 116 74 12 312 77 40 105 29 83 72 196 23 15 608 28 43 51 37 84
internal_value=3.8269e-05 -0.000185873 0.000855281 -0.000876828 -0.000211314 -0.00207555 0.00169732 -0.000115794 -0.00040787 0.000574985 -0.0017524 0.00089027 -0.000359561 -6.94911e-05 -0.00137845 -0.00240731 0.000235379 0.00147947 0.00273998 -0.00325839 0.00104835 -0.000414141 0.00155165 0.00113524 0.00149841 -0.00323174 -0.000124583 0.00341446 0.0052877 0.00273144
internal_weight=8387.39 6581.73 1805.66 321.966 6559.01 319.693 92.423 6239.31 4385.17 1854.14 221.209 1632.93 4355.25 3390.11 965.139 589.386 375.753 263.633 203.028 175.755 1585.96 406.055 1179.91 1006.43 929.155 77.2717 3371.93 90.5291 71.2112 53.7872
internal_count=8394 6582 1812 349 6555 211 61 6344 5109 1235 146 1089 5033 4396 637 389 248 174 134 116 1058 268 790 674 623 51 4384 215 164 127
is_linear=0
shrinkage=0.03


Tree=198
num_leaves=31
num_cat=0
split_feature=42 39 103 90 97 62 39 26 17 21 14 17 31 15 103 105 37 67 40 92 88 16 9 32 21 19 15 11 86 86
split_gain=1.53579 1.60147 1.79828 1.51665 1.4156 1.40567 2.20142 1.5318 1.58554 1.35156 1.24843 2.96373 2.31112 2.51437 2.20024 2.12581 1.8702 1.65206 1.7393 1.39094 2.01224 1.33765 1.25297 1.23799 1.23741 1.39687 1.18315 1.17347 1.45464 1.17285
threshold=0.069999999999999965 1.5850000000000002 136.00000000000003 -1.2049999999999998 16.270874430149401 0.78935699097402878 1.6250000000000002 0.17415269063234098 0.99729526553465875 0.99620229627861545 74.320000000000007 -0.032282979058982857 0.32700000000000035 1018.8285000000001 143.50000000000003 18.500000000000004 1.8250000000000004 0.061141536273115207 1.7750000000000001 8.601565433413187 2.5250000000000004 -0.82658973653750667 52.225000000000001 4.4364285714285723 0.093673908162418204 0.86273430385156735 1025.7335 12.720000000000002 0.37040554926670527 0.25580626546216989
decision_type=2 2 2 2 8 2 2 2 2 10 8 2 2 8 2 2 2 2 2 8 2 2 2 8 10 10 10 10 2 2
left_child=3 2 -2 26 -4 7 -7 8 -3 -8 -6 15 13 22 -14 21 -15 18 -17 -16 -21 -12 -13 -5 -9 -26 27 28 -1 -25
right_child=1 5 4 23 10 6 9 24 -10 -11 11 12 14 16 19 17 -18 -19 -20 20 -22 -23 -24 29 25 -27 -28 -29 -30 -31
leaf_value=0.01980067038347736 -0.0071688141584237792 -0.00048615748889069185 -0.0042214663884428882 0.0083261334803415594 -0.00022960969261177788 -0.029988218426232824 0.0040099984590913577 -0.0049273754672007923 -0.0044488682148245322 -0.0040492070104556528 -0.019374791236489886 0.011563936321207809 -0.0048333178980039162 -0.0011182201585522213 0.0021059476230362449 0.0029585543749408509 0.0087653674574594189 0.006353467786096724 -0.0035257522654207193 0.015960557487479904 0.0043107852830743965 -0.0021918266910983218 0.0039236134867761466 -0.0019877417415440852 -0.00042904452088613062 -0.0051908261305467765 0.0027017696033668601 -0.009063003521993615 -0.0026669555490728882 0.00058378586276019388
leaf_weight=2.6514807045459738 28.408721834421158 1756.0377923250198 56.438660711050034 18.181581974029541 780.67167600989342 1.8939147889614094 106.43801113963127 144.69508987665176 95.832088321447372 22.726977467536926 4.1666125357151023 25.757241129875183 10.984705775976179 159.46762523055077 17.424016058444977 88.25642916560173 19.317930847406387 53.408397048711777 64.393102824687958 37.120729863643646 20.833062678575516 190.5278277695179 77.271723389625549 166.28571847081184 233.33030200004578 72.726327896118164 34.848032116889954 27.272372961044312 118.5590657889843 3985.1754989326
leaf_count=4 24 1675 38 12 519 5 146 220 85 15 11 17 17 352 13 113 48 75 86 86 46 227 54 124 154 48 23 18 154 3990
internal_value=5.91627e-06 -0.000413165 0.000313157 0.000397574 0.000445503 -0.000900959 0.00212114 -0.00107297 -0.000691223 0.00259196 0.00061548 0.00147348 0.00341663 0.00210084 0.00771024 -0.000311727 -5.02901e-05 0.00181214 0.000223239 0.0095382 0.0117727 -0.00255956 0.00583369 0.000514993 -0.00264133 -0.00156056 -0.00227299 -0.00344053 -0.00217548 0.000480784
internal_weight=8421.1 4068.13 1634.45 4352.97 1606.04 2433.68 131.059 2302.62 1851.87 129.165 1549.6 768.929 368.177 281.815 86.3625 400.752 178.786 206.058 152.65 75.3778 57.9538 194.694 103.029 4169.64 450.752 306.057 183.331 148.483 121.211 4151.46
internal_count=8399 4074 1726 4325 1702 2348 166 2182 1760 161 1664 1145 633 471 162 512 400 274 199 145 132 238 71 4126 422 202 199 176 158 4114
is_linear=0
shrinkage=0.03


Tree=199
num_leaves=31
num_cat=0
split_feature=69 39 93 42 90 41 91 94 9 91 15 75 51 17 72 36 78 56 96 51 45 58 58 58 64 57 65 19 53 20
split_gain=1.21282 1.11902 1.06658 1.1496 1.34186 1.81607 1.77107 1.6495 1.70449 1.60714 2.27993 1.4542 1.98166 1.35699 1.57117 1.46898 1.65819 1.31013 1.30033 1.28944 1.25967 1.84305 1.82012 2.7515 1.7435 1.4921 2.08088 1.40485 1.58623 1.46959
threshold=23.240000000000006 4.0050000000000008 25.835000000000004 0.3349999999999998 0.23000000000000012 1.0100000000000007 0.0065449338686820934 4.2482780799397917 230.53000000000003 -0.023335557392536597 1018.8285000000001 0.30500000000000005 1.5650000000000002 -0.40330570825308248 1.4134999999999993 0.44850000000002416 1.4450000000000005 17.212297297297301 2.1489999999999445 1.3750000000000002 17.055000000000003 3.4286753503554119 0.95334690601707439 1.5793498370256565 4.4350000000000014 16.825000000000003 0.93500000000000005 -0.29570759965504506 0.85000000000000031 -0.092457480114811919
decision_type=10 2 10 2 2 2 2 8 2 2 8 2 2 2 2 2 2 10 2 2 10 10 10 10 2 10 2 10 2 10
left_child=1 2 3 20 5 9 7 -6 -9 10 -5 -10 -13 19 17 -16 -17 -15 -12 -8 21 24 -22 -24 25 -1 -27 -28 -29 -30
right_child=-2 -3 -4 4 6 -7 13 8 11 -11 18 12 -14 14 15 16 -18 -19 -20 -21 22 -23 23 -25 -26 26 27 28 29 -31
leaf_value=0.00021754932374558314 -0.0054547511968291692 -0.0054811993273865692 0.0055401215634645886 0.0046779755289097892 0.00029831985136947358 -0.0092317623986018314 -0.0064097918185410116 -0.00070415087997900596 -0.001794658460064787 -0.0031164855877766832 -0.0060188800229454926 0.01104629796691438 -0.003552557121731012 0.0009804564483230447 -0.0034692486423357292 0.003867524612869635 -0.0020768165600463934 -0.0054346892866744875 0.0017960261106104295 -0.00090436187124500161 -0.001714624068138419 0.0074611615923661397 0.0042597090146915227 0.00011419151920359536 -0.0060994929619279598 -0.0062044402653902916 0.0028767826260157111 -0.0052816472048352603 -0.0019683779285352078 0.0051191314571882732
leaf_weight=5160.5390169620514 36.363163948059082 32.954117327928543 31.817768454551697 72.726327896118164 309.0868935585022 29.923853665590286 70.832413107156754 38.635861694812775 14.014969438314436 234.08786791563034 45.07517197728157 55.681094795465469 9.8483569025993329 525.75074541568756 221.20924735069275 68.180932402610779 110.98340663313866 30.302636623382568 33.332900285720825 83.332250714302063 134.84673297405243 30.302636623382568 284.08721834421158 292.42044341564178 41.287342399358749 75.756591558456421 76.135374516248703 77.271723389625549 86.36251437664032 37.87829577922821
leaf_count=5425 24 27 21 51 204 31 109 93 37 216 65 120 20 737 146 45 74 20 22 73 89 20 189 193 79 50 54 51 57 25
internal_value=1.21453e-05 3.60541e-05 5.8008e-05 3.68649e-05 -0.000599024 -0.00211252 -0.000190454 0.00145092 0.00446543 -0.0015595 0.000852067 0.00697637 0.00885225 -0.000821926 -0.000400909 -0.00183386 0.000185301 0.000630857 -0.0026966 -0.00343388 0.000234088 8.26633e-05 0.00142307 0.00215699 4.24151e-05 8.84045e-05 -0.00179741 -0.000594952 -0.00190664 0.000192448
internal_weight=8351.03 8314.66 8281.71 8249.89 1953 415.146 1537.86 427.267 118.18 385.222 151.134 79.5444 65.5295 1110.59 956.427 400.374 179.164 556.053 78.4081 154.165 6296.89 5585.53 711.354 576.508 5555.23 5513.94 353.404 277.648 201.513 124.241
internal_count=8367 8343 8316 8295 2063 385 1678 474 270 354 138 177 140 1204 1022 265 119 757 87 182 6232 5761 471 382 5741 5662 237 187 133 82
is_linear=0
shrinkage=0.03


end of trees

feature_importances:
wind_forcing_ratio=180
sin_wvdir=173
hs_min_12h=169
hs_diff_3h=166
latest_relh=152
wspd_mean_48h=143
cos_wind_wave_diff=138
hs_range_48h=130
wspd_std_48h=129
caph_diff_48h=121
hs_min_24h=119
hs_diff_48h=119
latest_airt=111
hs_min_48h=108
gust_forcing_ratio=106
latest_tp=102
latest_caph=100
caph_diff_24h=99
hs_slope_48h=95
gust_max_48h=94
caph_diff_12h=88
gust_max_24h=82
hs_slope_3h=80
wspd_std_24h=79
high_wave_count_1_5m=79
hs_std_48h=77
cos_wdir=76
hs_max_24h=76
wspd_max_24h=75
wspd_mean_12h=74
hs_slope_12h=73
wspd_std_12h=73
wspd_max_48h=70
sin_wind_wave_diff=64
hs_min_6h=64
hs_mean_48h=64
hs_max_48h=64
hs_max_12h=62
gust_max_12h=62
wspd_std_6h=60
cos_wvdir=58
hs_min_3h=58
hs_range_24h=58
hs_slope_24h=56
hs_std_12h=55
wspd_max_3h=53
wspd_mean_24h=53
wspd_max_12h=52
high_wave_count_2_0m=52
wspd_max_1h=51
latest_wdir=50
wspd_mean_1h=50
latest_wvdir=49
sin_wdir=48
hs_diff_1h=47
hs_steepness_proxy=44
hs_diff_24h=44
hs_mean_12h=43
latest_hs=42
wspd_std_3h=42
hs_range_6h=42
hs_over_max_48h=42
wspd_mean_6h=41
wspd_max_6h=41
hs_mean_24h=41
hs_std_24h=41
hs_power_proxy=40
hs_range_12h=40
hs_range_3h=37
hs_over_mean_24h=36
gust_max_1h=33
is_S_ORS=31
caph_diff_3h=31
caph_diff_6h=31
hs_slope_1h=30
hs_min_1h=29
hs_slope_6h=29
wave_obs_count_48h=29
hs_diff_6h=28
gust_max_3h=26
gust_max_6h=24
wspd_std_1h=23
hs_std_1h=21
wspd_mean_3h=21
hs_std_3h=19
hs_mean_6h=17
latest_wspd=16
hs_max_6h=15
wave_obs_count_6h=15
is_I_ORS=14
hs_max_3h=13
hs_std_6h=13
hs_mean_3h=12
latest_hmax=11
latest_gust=11
caph_diff_1h=11
hs_diff_12h=11
hs_mean_1h=8
hs_max_1h=8
hs_range_1h=8
wave_missing_ratio_48h=5
hs_energy_proxy=3
is_G_ORS=1
wave_obs_count_24h=1

parameters:
[boosting: gbdt]
[objective: regression]
[metric: l2]
[tree_learner: serial]
[device_type: cpu]
[data_sample_strategy: bagging]
[data: ]
[valid: ]
[num_iterations: 200]
[learning_rate: 0.03]
[num_leaves: 31]
[num_threads: 10]
[seed: 42]
[deterministic: 0]
[force_col_wise: 0]
[force_row_wise: 0]
[histogram_pool_size: -1]
[max_depth: -1]
[min_data_in_leaf: 20]
[min_sum_hessian_in_leaf: 0.001]
[bagging_fraction: 0.8]
[pos_bagging_fraction: 1]
[neg_bagging_fraction: 1]
[bagging_freq: 1]
[bagging_seed: 400]
[bagging_by_query: 0]
[feature_fraction: 0.8]
[feature_fraction_bynode: 1]
[feature_fraction_seed: 30056]
[extra_trees: 0]
[extra_seed: 12879]
[early_stopping_round: 0]
[early_stopping_min_delta: 0]
[first_metric_only: 0]
[max_delta_step: 0]
[lambda_l1: 0]
[lambda_l2: 0]
[linear_lambda: 0]
[min_gain_to_split: 0]
[drop_rate: 0.1]
[max_drop: 50]
[skip_drop: 0.5]
[xgboost_dart_mode: 0]
[uniform_drop: 0]
[drop_seed: 17869]
[top_rate: 0.2]
[other_rate: 0.1]
[min_data_per_group: 100]
[max_cat_threshold: 32]
[cat_l2: 10]
[cat_smooth: 10]
[max_cat_to_onehot: 4]
[top_k: 20]
[monotone_constraints: ]
[monotone_constraints_method: basic]
[monotone_penalty: 0]
[feature_contri: ]
[forcedsplits_filename: ]
[refit_decay_rate: 0.9]
[cegb_tradeoff: 1]
[cegb_penalty_split: 0]
[cegb_penalty_feature_lazy: ]
[cegb_penalty_feature_coupled: ]
[path_smooth: 0]
[interaction_constraints: ]
[verbosity: -1]
[saved_feature_importance_type: 0]
[use_quantized_grad: 0]
[num_grad_quant_bins: 4]
[quant_train_renew_leaf: 0]
[stochastic_rounding: 1]
[linear_tree: 0]
[max_bin: 255]
[max_bin_by_feature: ]
[min_data_in_bin: 3]
[bin_construct_sample_cnt: 200000]
[data_random_seed: 175]
[is_enable_sparse: 1]
[enable_bundle: 1]
[use_missing: 1]
[zero_as_missing: 0]
[feature_pre_filter: 1]
[pre_partition: 0]
[two_round: 0]
[header: 0]
[label_column: ]
[weight_column: ]
[group_column: ]
[ignore_column: ]
[categorical_feature: ]
[forcedbins_filename: ]
[precise_float_parser: 0]
[parser_config_file: ]
[objective_seed: 16083]
[num_class: 1]
[is_unbalance: 0]
[scale_pos_weight: 1]
[sigmoid: 1]
[boost_from_average: 1]
[reg_sqrt: 0]
[alpha: 0.9]
[fair_c: 1]
[poisson_max_delta_step: 0.7]
[tweedie_variance_power: 1.5]
[lambdarank_truncation_level: 30]
[lambdarank_norm: 1]
[label_gain: ]
[lambdarank_position_bias_regularization: 0]
[eval_at: ]
[multi_error_top_k: 1]
[auc_mu_weights: ]
[num_machines: 1]
[local_listen_port: 12400]
[time_out: 120]
[machine_list_filename: ]
[machines: ]
[gpu_platform_id: -1]
[gpu_device_id: -1]
[gpu_use_dp: 0]
[num_gpu: 1]

end of parameters

pandas_categorical:[]
